TimeInc,Intensity
0.5,0.20000000000000004
0.50167,0.2
0.5033399999999999,0.20000000000000007
0.5050099999999998,0.20000000000000007
0.5066799999999998,0.2
0.5083499999999997,0.20000000000000004
0.5100199999999997,0.20000000000000007
0.5116899999999996,0.20000000000000007
0.5133599999999996,0.2
0.5150299999999995,0.2
0.5166999999999995,0.20000000000000004
0.5183699999999994,0.20000000000000007
0.5200399999999994,0.20000000000000007
0.5217099999999993,0.2
0.5233799999999993,0.2
0.5250499999999992,0.20000000000000004
0.5267199999999992,0.20000000000000007
0.5283899999999991,0.2
0.5300599999999991,0.2
0.531729999999999,0.20000000000000007
0.533399999999999,0.20000000000000004
0.5350699999999989,0.2
0.5367399999999989,0.20000000000000007
0.5384099999999988,0.20000000000000007
0.5400799999999988,0.2
0.5417499999999987,0.20000000000000004
0.5434199999999987,0.20000000000000007
0.5450899999999986,0.20000000000000007
0.5467599999999986,0.2
0.5484299999999985,0.2
0.5500999999999985,0.20000000000000004
0.5517699999999984,0.20000000000000007
0.5534399999999984,0.20000000000000007
0.5551099999999983,0.2
0.5567799999999983,0.2
0.5584499999999982,0.20000000000000004
0.5601199999999982,0.20000000000000007
0.5617899999999981,0.2
0.5634599999999981,0.2
0.565129999999998,0.20000000000000007
0.566799999999998,0.20000000000000004
0.5684699999999979,0.2
0.5701399999999979,0.20000000000000007
0.5718099999999978,0.20000000000000007
0.5734799999999978,0.2
0.5751499999999977,0.20000000000000004
0.5768199999999977,0.20000000000000007
0.5784899999999976,0.20000000000000007
0.5801599999999976,0.2
0.5818299999999975,0.2
0.5834999999999975,0.20000000000000004
0.5851699999999974,0.20000000000000007
0.5868399999999974,0.20000000000000007
0.5885099999999973,0.2
0.5901799999999973,0.2
0.5918499999999972,0.20000000000000004
0.5935199999999972,0.20000000000000007
0.5951899999999971,0.2
0.5968599999999971,0.2
0.598529999999997,0.20000000000000007
0.600199999999997,0.20000000000000004
0.6018699999999969,0.2
0.6035399999999969,0.20000000000000007
0.6052099999999968,0.20000000000000007
0.6068799999999968,0.2
0.6085499999999967,0.20000000000000004
0.6102199999999967,0.20000000000000007
0.6118899999999966,0.20000000000000007
0.6135599999999966,0.2
0.6152299999999965,0.2
0.6168999999999965,0.20000000000000004
0.6185699999999964,0.20000000000000007
0.6202399999999963,0.20000000000000007
0.6219099999999963,0.2
0.6235799999999962,0.2
0.6252499999999962,0.20000000000000004
0.6269199999999961,0.20000000000000004
0.6285899999999961,0.2
0.630259999999996,0.2
0.631929999999996,0.20000000000000007
0.6335999999999959,0.20000000000000004
0.6352699999999959,0.19999999999999998
0.6369399999999958,0.20000000000000007
0.6386099999999958,0.20000000000000007
0.6402799999999957,0.2
0.6419499999999957,0.20000000000000004
0.6436199999999956,0.20000000000000004
0.6452899999999956,0.20000000000000007
0.6469599999999955,0.2
0.6486299999999955,0.2
0.6502999999999954,0.20000000000000004
0.6519699999999954,0.20000000000000004
0.6536399999999953,0.20000000000000007
0.6553099999999953,0.2
0.6569799999999952,0.2
0.6586499999999952,0.20000000000000004
0.6603199999999951,0.20000000000000004
0.6619899999999951,0.2
0.663659999999995,0.2
0.665329999999995,0.20000000000000007
0.6669999999999949,0.20000000000000004
0.6686699999999949,0.19999999999999998
0.6703399999999948,0.20000000000000007
0.6720099999999948,0.20000000000000007
0.6736799999999947,0.2
0.6753499999999947,0.20000000000000004
0.6770199999999946,0.20000000000000004
0.6786899999999946,0.20000000000000007
0.6803599999999945,0.2
0.6820299999999945,0.2
0.6836999999999944,0.20000000000000004
0.6853699999999944,0.20000000000000004
0.6870399999999943,0.20000000000000007
0.6887099999999943,0.2
0.6903799999999942,0.2
0.6920499999999942,0.20000000000000004
0.6937199999999941,0.20000000000000004
0.6953899999999941,0.2
0.697059999999994,0.2
0.698729999999994,0.20000000000000007
0.7003999999999939,0.20000000000000004
0.7020699999999939,0.19999999999999998
0.7037399999999938,0.2
0.7054099999999938,0.20000000000000007
0.7070799999999937,0.2
0.7087499999999937,0.19999999999999998
0.7104199999999936,0.20000000000000004
0.7120899999999936,0.20000000000000007
0.7137599999999935,0.2
0.7154299999999935,0.2
0.7170999999999934,0.20000000000000004
0.7187699999999934,0.20000000000000004
0.7204399999999933,0.2
0.7221099999999933,0.2
0.7237799999999932,0.2
0.7254499999999932,0.20000000000000004
0.7271199999999931,0.20000000000000004
0.728789999999993,0.2
0.730459999999993,0.2
0.732129999999993,0.2
0.7337999999999929,0.20000000000000004
0.7354699999999929,0.19999999999999998
0.7371399999999928,0.2
0.7388099999999928,0.20000000000000007
0.7404799999999927,0.2
0.7421499999999926,0.19999999999999998
0.7438199999999926,0.20000000000000004
0.7454899999999925,0.20000000000000007
0.7471599999999925,0.2
0.7488299999999924,0.2
0.7504999999999924,0.20000000000000004
0.7521699999999923,0.20000000000000004
0.7538399999999923,0.2
0.7555099999999922,0.2
0.7571799999999922,0.2
0.7588499999999921,0.20000000000000004
0.7605199999999921,0.20000000000000004
0.762189999999992,0.2
0.763859999999992,0.2
0.7655299999999919,0.2
0.7671999999999919,0.20000000000000004
0.7688699999999918,0.19999999999999998
0.7705399999999918,0.2
0.7722099999999917,0.20000000000000007
0.7738799999999917,0.2
0.7755499999999916,0.19999999999999998
0.7772199999999916,0.20000000000000004
0.7788899999999915,0.20000000000000007
0.7805599999999915,0.2
0.7822299999999914,0.2
0.7838999999999914,0.20000000000000004
0.7855699999999913,0.20000000000000004
0.7872399999999913,0.2
0.7889099999999912,0.2
0.7905799999999912,0.2
0.7922499999999911,0.20000000000000004
0.7939199999999911,0.20000000000000004
0.795589999999991,0.2
0.797259999999991,0.2
0.7989299999999909,0.2
0.8005999999999909,0.20000000000000004
0.8022699999999908,0.19999999999999998
0.8039399999999908,0.2
0.8056099999999907,0.2
0.8072799999999907,0.2
0.8089499999999906,0.19999999999999998
0.8106199999999906,0.19999999999999998
0.8122899999999905,0.20000000000000007
0.8139599999999905,0.2
0.8156299999999904,0.19999999999999996
0.8172999999999904,0.20000000000000004
0.8189699999999903,0.20000000000000007
0.8206399999999903,0.2
0.8223099999999902,0.2
0.8239799999999902,0.2
0.8256499999999901,0.20000000000000004
0.8273199999999901,0.2
0.82898999999999,0.2
0.83065999999999,0.2
0.8323299999999899,0.2
0.8339999999999899,0.20000000000000004
0.8356699999999898,0.2
0.8373399999999898,0.2
0.8390099999999897,0.2
0.8406799999999897,0.2
0.8423499999999896,0.19999999999999998
0.8440199999999896,0.2
0.8456899999999895,0.20000000000000007
0.8473599999999895,0.2
0.8490299999999894,0.19999999999999996
0.8506999999999894,0.20000000000000004
0.8523699999999893,0.20000000000000007
0.8540399999999893,0.2
0.8557099999999892,0.2
0.8573799999999892,0.2
0.8590499999999891,0.20000000000000004
0.860719999999989,0.2
0.862389999999989,0.2
0.864059999999989,0.2
0.8657299999999889,0.2
0.8673999999999888,0.20000000000000004
0.8690699999999888,0.2
0.8707399999999887,0.2
0.8724099999999887,0.2
0.8740799999999886,0.2
0.8757499999999886,0.19999999999999998
0.8774199999999885,0.19999999999999998
0.8790899999999885,0.20000000000000007
0.8807599999999884,0.2
0.8824299999999884,0.19999999999999996
0.8840999999999883,0.20000000000000004
0.8857699999999883,0.20000000000000004
0.8874399999999882,0.2
0.8891099999999882,0.2
0.8907799999999881,0.2
0.8924499999999881,0.20000000000000004
0.894119999999988,0.19999999999999998
0.895789999999988,0.2
0.8974599999999879,0.2
0.8991299999999879,0.2
0.9007999999999878,0.20000000000000004
0.9024699999999878,0.19999999999999998
0.9041399999999877,0.2
0.9058099999999877,0.2
0.9074799999999876,0.2
0.9091499999999876,0.19999999999999998
0.9108199999999875,0.19999999999999998
0.9124899999999875,0.20000000000000007
0.9141599999999874,0.2
0.9158299999999874,0.19999999999999996
0.9174999999999873,0.20000000000000004
0.9191699999999873,0.20000000000000004
0.9208399999999872,0.2
0.9225099999999872,0.2
0.9241799999999871,0.2
0.9258499999999871,0.20000000000000004
0.927519999999987,0.19999999999999998
0.929189999999987,0.2
0.9308599999999869,0.2
0.9325299999999869,0.2
0.9341999999999868,0.20000000000000004
0.9358699999999868,0.19999999999999998
0.9375399999999867,0.2
0.9392099999999867,0.2
0.9408799999999866,0.2
0.9425499999999866,0.19999999999999998
0.9442199999999865,0.19999999999999998
0.9458899999999865,0.20000000000000007
0.9475599999999864,0.2
0.9492299999999864,0.19999999999999996
0.9508999999999863,0.20000000000000004
0.9525699999999863,0.20000000000000004
0.9542399999999862,0.2
0.9559099999999862,0.2
0.9575799999999861,0.2
0.9592499999999861,0.20000000000000004
0.960919999999986,0.19999999999999998
0.962589999999986,0.2
0.9642599999999859,0.2
0.9659299999999859,0.2
0.9675999999999858,0.20000000000000004
0.9692699999999858,0.19999999999999998
0.9709399999999857,0.2
0.9726099999999857,0.2
0.9742799999999856,0.2
0.9759499999999856,0.19999999999999998
0.9776199999999855,0.19999999999999998
0.9792899999999854,0.20000000000000007
0.9809599999999854,0.2
0.9826299999999853,0.19999999999999996
0.9842999999999853,0.20000000000000004
0.9859699999999852,0.20000000000000004
0.9876399999999852,0.2
0.9893099999999851,0.2
0.9909799999999851,0.2
0.992649999999985,0.20000000000000004
0.994319999999985,0.19999999999999998
0.9959899999999849,0.2
0.9976599999999849,0.2
0.9993299999999848,0.2
1.0009999999999848,0.20000000000000004
1.0026699999999849,0.2
1.004339999999985,0.2
1.006009999999985,0.2
1.007679999999985,0.19999999999999998
1.009349999999985,0.20000000000000004
1.0110199999999852,0.2
1.0126899999999852,0.2
1.0143599999999853,0.2
1.0160299999999853,0.19999999999999998
1.0176999999999854,0.20000000000000004
1.0193699999999855,0.2
1.0210399999999855,0.2
1.0227099999999856,0.2
1.0243799999999856,0.19999999999999998
1.0260499999999857,0.20000000000000004
1.0277199999999858,0.2
1.0293899999999858,0.2
1.0310599999999859,0.2
1.032729999999986,0.19999999999999998
1.034399999999986,0.20000000000000004
1.036069999999986,0.2
1.0377399999999861,0.2
1.0394099999999862,0.2
1.0410799999999862,0.19999999999999998
1.0427499999999863,0.20000000000000004
1.0444199999999864,0.2
1.0460899999999864,0.2
1.0477599999999865,0.2
1.0494299999999865,0.19999999999999998
1.0510999999999866,0.20000000000000004
1.0527699999999867,0.2
1.0544399999999867,0.2
1.0561099999999868,0.19999999999999998
1.0577799999999868,0.19999999999999998
1.059449999999987,0.20000000000000004
1.061119999999987,0.2
1.062789999999987,0.2
1.064459999999987,0.19999999999999998
1.0661299999999871,0.19999999999999998
1.0677999999999872,0.20000000000000004
1.0694699999999873,0.2
1.0711399999999873,0.2
1.0728099999999874,0.19999999999999998
1.0744799999999874,0.19999999999999998
1.0761499999999875,0.20000000000000004
1.0778199999999876,0.2
1.0794899999999876,0.2
1.0811599999999877,0.19999999999999998
1.0828299999999877,0.19999999999999998
1.0844999999999878,0.20000000000000004
1.0861699999999879,0.2
1.087839999999988,0.2
1.089509999999988,0.19999999999999998
1.091179999999988,0.19999999999999998
1.092849999999988,0.20000000000000004
1.0945199999999882,0.2
1.0961899999999882,0.2
1.0978599999999883,0.19999999999999998
1.0995299999999884,0.19999999999999998
1.1011999999999884,0.2
1.1028699999999885,0.2
1.1045399999999885,0.2
1.1062099999999886,0.19999999999999998
1.1078799999999887,0.19999999999999998
1.1095499999999887,0.2
1.1112199999999888,0.2
1.1128899999999888,0.2
1.114559999999989,0.19999999999999998
1.116229999999989,0.19999999999999998
1.117899999999989,0.2
1.119569999999989,0.2
1.1212399999999891,0.2
1.1229099999999892,0.19999999999999998
1.1245799999999893,0.19999999999999998
1.1262499999999893,0.2
1.1279199999999894,0.2
1.1295899999999894,0.2
1.1312599999999895,0.19999999999999998
1.1329299999999896,0.19999999999999998
1.1345999999999896,0.2
1.1362699999999897,0.2
1.1379399999999897,0.2
1.1396099999999898,0.19999999999999998
1.1412799999999899,0.19999999999999998
1.14294999999999,0.2
1.14461999999999,0.2
1.14628999999999,0.2
1.14795999999999,0.19999999999999998
1.1496299999999902,0.19999999999999998
1.1512999999999902,0.2
1.1529699999999903,0.2
1.1546399999999903,0.2
1.1563099999999904,0.19999999999999998
1.1579799999999905,0.19999999999999998
1.1596499999999905,0.2
1.1613199999999906,0.2
1.1629899999999906,0.2
1.1646599999999907,0.19999999999999998
1.1663299999999908,0.19999999999999998
1.1679999999999908,0.2
1.1696699999999909,0.2
1.171339999999991,0.2
1.173009999999991,0.19999999999999998
1.174679999999991,0.19999999999999998
1.1763499999999911,0.2
1.1780199999999912,0.2
1.1796899999999912,0.2
1.1813599999999913,0.19999999999999998
1.1830299999999914,0.19999999999999998
1.1846999999999914,0.2
1.1863699999999915,0.2
1.1880399999999915,0.2
1.1897099999999916,0.19999999999999998
1.1913799999999917,0.19999999999999998
1.1930499999999917,0.2
1.1947199999999918,0.2
1.1963899999999918,0.2
1.198059999999992,0.19999999999999998
1.199729999999992,0.19999999999999998
1.201399999999992,0.2
1.203069999999992,0.2
1.2047399999999922,0.2
1.2064099999999922,0.19999999999999998
1.2080799999999923,0.19999999999999998
1.2097499999999923,0.19999999999999996
1.2114199999999924,0.2
1.2130899999999925,0.2
1.2147599999999925,0.19999999999999998
1.2164299999999926,0.19999999999999998
1.2180999999999926,0.19999999999999996
1.2197699999999927,0.2
1.2214399999999928,0.2
1.2231099999999928,0.19999999999999998
1.2247799999999929,0.19999999999999998
1.226449999999993,0.19999999999999996
1.228119999999993,0.2
1.229789999999993,0.2
1.2314599999999931,0.19999999999999998
1.2331299999999932,0.19999999999999998
1.2347999999999932,0.19999999999999996
1.2364699999999933,0.2
1.2381399999999934,0.2
1.2398099999999934,0.19999999999999998
1.2414799999999935,0.19999999999999996
1.2431499999999935,0.19999999999999996
1.2448199999999936,0.2
1.2464899999999937,0.2
1.2481599999999937,0.19999999999999998
1.2498299999999938,0.19999999999999996
1.2514999999999938,0.19999999999999996
1.253169999999994,0.2
1.254839999999994,0.2
1.256509999999994,0.2
1.258179999999994,0.19999999999999996
1.2598499999999941,0.19999999999999996
1.2615199999999942,0.2
1.2631899999999943,0.2
1.2648599999999943,0.2
1.2665299999999944,0.19999999999999996
1.2681999999999944,0.19999999999999996
1.2698699999999945,0.2
1.2715399999999946,0.2
1.2732099999999946,0.2
1.2748799999999947,0.19999999999999996
1.2765499999999947,0.19999999999999996
1.2782199999999948,0.2
1.2798899999999949,0.2
1.281559999999995,0.2
1.283229999999995,0.19999999999999996
1.284899999999995,0.19999999999999996
1.286569999999995,0.2
1.2882399999999952,0.2
1.2899099999999952,0.2
1.2915799999999953,0.19999999999999996
1.2932499999999953,0.19999999999999996
1.2949199999999954,0.2
1.2965899999999955,0.2
1.2982599999999955,0.2
1.2999299999999956,0.19999999999999996
1.3015999999999956,0.19999999999999996
1.3032699999999957,0.19999999999999996
1.3049399999999958,0.2
1.3066099999999958,0.19999999999999996
1.308279999999996,0.19999999999999996
1.309949999999996,0.19999999999999996
1.311619999999996,0.19999999999999996
1.313289999999996,0.19999999999999996
1.3149599999999961,0.2
1.3166299999999962,0.19999999999999996
1.3182999999999963,0.19999999999999996
1.3199699999999963,0.19999999999999996
1.3216399999999964,0.19999999999999996
1.3233099999999964,0.2
1.3249799999999965,0.19999999999999996
1.3266499999999966,0.19999999999999996
1.3283199999999966,0.19999999999999996
1.3299899999999967,0.19999999999999996
1.3316599999999967,0.2
1.3333299999999968,0.19999999999999996
1.3349999999999969,0.19999999999999996
1.336669999999997,0.19999999999999996
1.338339999999997,0.19999999999999996
1.340009999999997,0.2
1.341679999999997,0.19999999999999996
1.3433499999999972,0.19999999999999996
1.3450199999999972,0.19999999999999996
1.3466899999999973,0.19999999999999996
1.3483599999999973,0.2
1.3500299999999974,0.19999999999999996
1.3516999999999975,0.19999999999999996
1.3533699999999975,0.19999999999999996
1.3550399999999976,0.19999999999999996
1.3567099999999976,0.19999999999999996
1.3583799999999977,0.19999999999999996
1.3600499999999978,0.19999999999999996
1.3617199999999978,0.19999999999999996
1.3633899999999979,0.19999999999999996
1.365059999999998,0.19999999999999996
1.366729999999998,0.19999999999999996
1.368399999999998,0.19999999999999996
1.3700699999999981,0.19999999999999996
1.3717399999999982,0.19999999999999996
1.3734099999999982,0.19999999999999996
1.3750799999999983,0.19999999999999996
1.3767499999999984,0.19999999999999996
1.3784199999999984,0.19999999999999996
1.3800899999999985,0.19999999999999996
1.3817599999999985,0.19999999999999996
1.3834299999999986,0.19999999999999996
1.3850999999999987,0.19999999999999996
1.3867699999999987,0.19999999999999996
1.3884399999999988,0.19999999999999996
1.3901099999999988,0.19999999999999996
1.391779999999999,0.19999999999999996
1.393449999999999,0.19999999999999996
1.395119999999999,0.19999999999999996
1.396789999999999,0.19999999999999996
1.3984599999999991,0.19999999999999996
1.4001299999999992,0.19999999999999996
1.4017999999999993,0.19999999999999996
1.4034699999999993,0.19999999999999996
1.4051399999999994,0.19999999999999996
1.4068099999999994,0.19999999999999996
1.4084799999999995,0.19999999999999996
1.4101499999999996,0.19999999999999996
1.4118199999999996,0.19999999999999996
1.4134899999999997,0.19999999999999996
1.4151599999999998,0.19999999999999996
1.4168299999999998,0.19999999999999996
1.4184999999999999,0.19999999999999996
1.42017,0.19999999999999996
1.42184,0.19999999999999996
1.42351,0.19999999999999996
1.4251800000000001,0.19999999999999996
1.4268500000000002,0.19999999999999996
1.4285200000000002,0.19999999999999996
1.4301900000000003,0.19999999999999996
1.4318600000000004,0.19999999999999996
1.4335300000000004,0.19999999999999996
1.4352000000000005,0.19999999999999996
1.4368700000000005,0.19999999999999996
1.4385400000000006,0.19999999999999996
1.4402100000000007,0.19999999999999996
1.4418800000000007,0.19999999999999996
1.4435500000000008,0.19999999999999996
1.4452200000000008,0.19999999999999996
1.446890000000001,0.19999999999999996
1.448560000000001,0.19999999999999996
1.450230000000001,0.19999999999999996
1.451900000000001,0.19999999999999996
1.4535700000000011,0.19999999999999996
1.4552400000000012,0.19999999999999996
1.4569100000000013,0.19999999999999996
1.4585800000000013,0.19999999999999996
1.4602500000000014,0.19999999999999996
1.4619200000000014,0.19999999999999996
1.4635900000000015,0.19999999999999996
1.4652600000000016,0.19999999999999996
1.4669300000000016,0.19999999999999996
1.4686000000000017,0.19999999999999996
1.4702700000000017,0.19999999999999996
1.4719400000000018,0.19999999999999996
1.4736100000000019,0.19999999999999996
1.475280000000002,0.19999999999999996
1.476950000000002,0.19999999999999996
1.478620000000002,0.19999999999999996
1.480290000000002,0.19999999999999996
1.4819600000000022,0.19999999999999996
1.4836300000000022,0.19999999999999996
1.4853000000000023,0.19999999999999996
1.4869700000000023,0.19999999999999996
1.4886400000000024,0.19999999999999996
1.4903100000000025,0.19999999999999996
1.4919800000000025,0.19999999999999996
1.4936500000000026,0.19999999999999996
1.4953200000000026,0.19999999999999996
1.4969900000000027,0.19999999999999996
1.4986600000000028,0.19999999999999996
1.5003300000000028,0.20003300000000013
1.5020000000000029,0.2002000000000002
1.503670000000003,0.2003670000000003
1.505340000000003,0.2005340000000002
1.507010000000003,0.20070100000000018
1.5086800000000031,0.20086800000000027
1.5103500000000032,0.20103500000000035
1.5120200000000033,0.20120200000000033
1.5136900000000033,0.20136900000000024
1.5153600000000034,0.20153600000000033
1.5170300000000034,0.2017030000000004
1.5187000000000035,0.20187000000000027
1.5203700000000036,0.20203700000000024
1.5220400000000036,0.20220400000000027
1.5237100000000037,0.20237100000000036
1.5253800000000037,0.20253800000000033
1.5270500000000038,0.2027050000000003
1.5287200000000039,0.20287200000000039
1.530390000000004,0.2030390000000004
1.532060000000004,0.2032060000000004
1.533730000000004,0.20337300000000025
1.535400000000004,0.20354000000000033
1.5370700000000042,0.20370700000000042
1.5387400000000042,0.20387400000000033
1.5404100000000043,0.2040410000000003
1.5420800000000043,0.2042080000000004
1.5437500000000044,0.20437500000000047
1.5454200000000045,0.20454200000000045
1.5470900000000045,0.20470900000000036
1.5487600000000046,0.20487600000000045
1.5504300000000046,0.20504300000000053
1.5521000000000047,0.2052100000000004
1.5537700000000048,0.20537700000000036
1.5554400000000048,0.2055440000000004
1.5571100000000049,0.20571100000000048
1.558780000000005,0.20587800000000045
1.560450000000005,0.20604500000000042
1.562120000000005,0.2062120000000005
1.5637900000000051,0.20637900000000053
1.5654600000000052,0.2065460000000005
1.5671300000000052,0.20671300000000037
1.5688000000000053,0.20688000000000045
1.5704700000000054,0.20704700000000054
1.5721400000000054,0.20721400000000045
1.5738100000000055,0.20738100000000043
1.5754800000000055,0.2075480000000005
1.5771500000000056,0.2077150000000006
1.5788200000000057,0.20788200000000057
1.5804900000000057,0.20804900000000037
1.5821600000000058,0.20821600000000046
1.5838300000000058,0.20838300000000054
1.585500000000006,0.2085500000000005
1.587170000000006,0.20871700000000049
1.588840000000006,0.2088840000000005
1.590510000000006,0.2090510000000006
1.5921800000000061,0.20921800000000057
1.5938500000000062,0.20938500000000054
1.5955200000000063,0.20955200000000063
1.5971900000000063,0.20971900000000065
1.5988600000000064,0.20988600000000052
1.6005300000000064,0.2100530000000005
1.6022000000000065,0.21022000000000057
1.6038700000000066,0.21038700000000066
1.6055400000000066,0.21055400000000057
1.6072100000000067,0.21072100000000055
1.6088800000000067,0.21088800000000063
1.6105500000000068,0.21105500000000071
1.6122200000000069,0.2112220000000007
1.613890000000007,0.2113890000000005
1.615560000000007,0.21155600000000058
1.617230000000007,0.21172300000000066
1.6189000000000071,0.21189000000000063
1.6205700000000072,0.2120570000000006
1.6222400000000072,0.21222400000000063
1.6239100000000073,0.21239100000000072
1.6255800000000074,0.2125580000000007
1.6272500000000074,0.21272500000000066
1.6289200000000075,0.21289200000000075
1.6305900000000075,0.21305900000000078
1.6322600000000076,0.21322600000000064
1.6339300000000077,0.2133930000000006
1.6356000000000077,0.2135600000000007
1.6372700000000078,0.21372700000000078
1.6389400000000078,0.2138940000000007
1.640610000000008,0.21406100000000067
1.642280000000008,0.21422800000000075
1.643950000000008,0.21439500000000083
1.645620000000008,0.2145620000000008
1.6472900000000081,0.2147290000000006
1.6489600000000082,0.2148960000000007
1.6506300000000083,0.21506300000000078
1.6523000000000083,0.21523000000000075
1.6539700000000084,0.21539700000000073
1.6556400000000084,0.21556400000000076
1.6573100000000085,0.21573100000000084
1.6589800000000086,0.2158980000000008
1.6606500000000086,0.21606500000000078
1.6623200000000087,0.21623200000000087
1.6639900000000087,0.2163990000000009
1.6656600000000088,0.21656600000000076
1.6673300000000089,0.21673300000000073
1.669000000000009,0.21690000000000081
1.670670000000009,0.2170670000000009
1.672340000000009,0.21723400000000082
1.674010000000009,0.2174010000000008
1.6756800000000092,0.21756800000000087
1.6773500000000092,0.21773500000000096
1.6790200000000093,0.21790200000000082
1.6806900000000093,0.21806900000000073
1.6823600000000094,0.21823600000000082
1.6840300000000095,0.2184030000000009
1.6857000000000095,0.21857000000000087
1.6873700000000096,0.21873700000000085
1.6890400000000096,0.21890400000000088
1.6907100000000097,0.21907100000000096
1.6923800000000098,0.21923800000000093
1.6940500000000098,0.2194050000000008
1.6957200000000099,0.21957200000000088
1.69739000000001,0.2197390000000009
1.69906000000001,0.21990600000000088
1.70073000000001,0.22007300000000085
1.7024000000000101,0.22024000000000094
1.7040700000000102,0.22040700000000102
1.7057400000000102,0.220574000000001
1.7074100000000103,0.2207410000000009
1.7090800000000104,0.220908000000001
1.7107500000000104,0.22107500000000108
1.7124200000000105,0.22124200000000094
1.7140900000000105,0.2214090000000009
1.7157600000000106,0.22157600000000094
1.7174300000000107,0.22174300000000102
1.7191000000000107,0.221910000000001
1.7207700000000108,0.22207700000000097
1.7224400000000109,0.22224400000000105
1.724110000000011,0.22241100000000108
1.725780000000011,0.22257800000000105
1.727450000000011,0.22274500000000091
1.729120000000011,0.222912000000001
1.7307900000000112,0.22307900000000108
1.7324600000000112,0.223246000000001
1.7341300000000113,0.22341300000000097
1.7358000000000113,0.22358000000000106
1.7374700000000114,0.22374700000000114
1.7391400000000115,0.2239140000000011
1.7408100000000115,0.22408100000000103
1.7424800000000116,0.2242480000000011
1.7441500000000116,0.2244150000000012
1.7458200000000117,0.22458200000000106
1.7474900000000118,0.22474900000000103
1.7491600000000118,0.22491600000000106
1.7508300000000119,0.22508300000000114
1.752500000000012,0.22525000000000112
1.754170000000012,0.2254170000000011
1.755840000000012,0.22558400000000117
1.7575100000000121,0.2257510000000012
1.7591800000000122,0.22591800000000117
1.7608500000000122,0.22608500000000104
1.7625200000000123,0.22625200000000112
1.7641900000000124,0.2264190000000012
1.7658600000000124,0.22658600000000112
1.7675300000000125,0.2267530000000011
1.7692000000000125,0.22692000000000118
1.7708700000000126,0.22708700000000126
1.7725400000000127,0.22725400000000123
1.7742100000000127,0.22742100000000115
1.7758800000000128,0.22758800000000123
1.7775500000000128,0.22775500000000132
1.779220000000013,0.22792200000000118
1.780890000000013,0.22808900000000115
1.782560000000013,0.22825600000000118
1.784230000000013,0.22842300000000126
1.7859000000000131,0.22859000000000124
1.7875700000000132,0.2287570000000012
1.7892400000000133,0.2289240000000013
1.7909100000000133,0.22909100000000132
1.7925800000000134,0.2292580000000013
1.7942500000000134,0.22942500000000116
1.7959200000000135,0.22959200000000124
1.7975900000000136,0.22975900000000132
1.7992600000000136,0.2299260000000013
1.8009300000000137,0.2300930000000012
1.8026000000000137,0.2302600000000013
1.8042700000000138,0.23042700000000138
1.8059400000000139,0.23059400000000135
1.807610000000014,0.23076100000000133
1.809280000000014,0.23092800000000135
1.810950000000014,0.23109500000000144
1.812620000000014,0.2312620000000013
1.8142900000000142,0.23142900000000127
1.8159600000000142,0.23159600000000136
1.8176300000000143,0.23176300000000138
1.8193000000000144,0.23193000000000136
1.8209700000000144,0.23209700000000133
1.8226400000000145,0.2322640000000014
1.8243100000000145,0.2324310000000015
1.8259800000000146,0.23259800000000141
1.8276500000000147,0.23276500000000128
1.8293200000000147,0.23293200000000136
1.8309900000000148,0.23309900000000144
1.8326600000000148,0.23326600000000142
1.834330000000015,0.23343300000000133
1.836000000000015,0.23360000000000142
1.837670000000015,0.2337670000000015
1.839340000000015,0.23393400000000147
1.8410100000000151,0.23410100000000134
1.8426800000000152,0.23426800000000136
1.8443500000000153,0.23443500000000145
1.8460200000000153,0.23460200000000142
1.8476900000000154,0.2347690000000014
1.8493600000000154,0.23493600000000148
1.8510300000000155,0.2351030000000015
1.8527000000000156,0.23527000000000148
1.8543700000000156,0.23543700000000145
1.8560400000000157,0.23560400000000153
1.8577100000000157,0.23577100000000162
1.8593800000000158,0.23593800000000142
1.8610500000000159,0.2361050000000014
1.862720000000016,0.23627200000000148
1.864390000000016,0.23643900000000156
1.866060000000016,0.23660600000000154
1.867730000000016,0.23677300000000145
1.8694000000000162,0.23694000000000154
1.8710700000000162,0.23710700000000162
1.8727400000000163,0.2372740000000016
1.8744100000000163,0.23744100000000146
1.8760800000000164,0.23760800000000148
1.8777500000000165,0.23777500000000157
1.8794200000000165,0.23794200000000154
1.8810900000000166,0.23810900000000151
1.8827600000000166,0.2382760000000016
1.8844300000000167,0.23844300000000163
1.8861000000000168,0.2386100000000016
1.8877700000000168,0.23877700000000157
1.8894400000000169,0.23894400000000166
1.891110000000017,0.23911100000000174
1.892780000000017,0.23927800000000155
1.894450000000017,0.23944500000000152
1.8961200000000171,0.2396120000000016
1.8977900000000172,0.23977900000000169
1.8994600000000172,0.23994600000000166
1.9011300000000173,0.24011300000000158
1.9028000000000174,0.24028000000000166
1.9044700000000174,0.24044700000000174
1.9061400000000175,0.24061400000000172
1.9078100000000175,0.2407810000000017
1.9094800000000176,0.24094800000000172
1.9111500000000177,0.2411150000000018
1.9128200000000177,0.24128200000000166
1.9144900000000178,0.24144900000000163
1.9161600000000178,0.24161600000000172
1.917830000000018,0.24178300000000175
1.919500000000018,0.24195000000000172
1.921170000000018,0.2421170000000017
1.922840000000018,0.24228400000000178
1.9245100000000182,0.24245100000000186
1.9261800000000182,0.24261800000000178
1.9278500000000183,0.24278500000000164
1.9295200000000183,0.24295200000000172
1.9311900000000184,0.2431190000000018
1.9328600000000185,0.24328600000000178
1.9345300000000185,0.2434530000000017
1.9362000000000186,0.24362000000000178
1.9378700000000186,0.24378700000000186
1.9395400000000187,0.24395400000000184
1.9412100000000188,0.2441210000000018
1.9428800000000188,0.24428800000000184
1.9445500000000189,0.24445500000000192
1.946220000000019,0.24462200000000178
1.947890000000019,0.24478900000000176
1.949560000000019,0.24495600000000184
1.9512300000000191,0.24512300000000187
1.9529000000000192,0.24529000000000184
1.9545700000000192,0.2454570000000018
1.9562400000000193,0.2456240000000019
1.9579100000000194,0.24579100000000198
1.9595800000000194,0.2459580000000019
1.9612500000000195,0.24612500000000176
1.9629200000000195,0.24629200000000184
1.9645900000000196,0.24645900000000193
1.9662600000000197,0.2466260000000019
1.9679300000000197,0.24679300000000182
1.9696000000000198,0.2469600000000019
1.9712700000000198,0.24712700000000198
1.97294000000002,0.24729400000000196
1.97461000000002,0.24746100000000193
1.97628000000002,0.24762800000000196
1.97795000000002,0.24779500000000204
1.9796200000000201,0.2479620000000019
1.9812900000000202,0.24812900000000188
1.9829600000000203,0.24829600000000196
1.9846300000000203,0.248463000000002
1.9863000000000204,0.24863000000000196
1.9879700000000204,0.24879700000000193
1.9896400000000205,0.24896400000000202
1.9913100000000206,0.2491310000000021
1.9929800000000206,0.24929800000000202
1.9946500000000207,0.24946500000000188
1.9963200000000207,0.24963200000000196
1.9979900000000208,0.24979900000000205
1.9996600000000209,0.24996600000000202
2.0013300000000207,0.250133000000002
2.0030000000000205,0.250300000000002
2.0046700000000204,0.250467000000002
2.00634000000002,0.2506340000000019
2.00801000000002,0.25080100000000194
2.00968000000002,0.2509680000000019
2.0113500000000197,0.25113500000000194
2.0130200000000196,0.2513020000000019
2.0146900000000194,0.25146900000000183
2.0163600000000192,0.25163600000000186
2.018030000000019,0.25180300000000183
2.019700000000019,0.25197000000000186
2.0213700000000188,0.25213700000000183
2.0230400000000186,0.25230400000000175
2.0247100000000184,0.2524710000000018
2.0263800000000183,0.25263800000000175
2.028050000000018,0.2528050000000018
2.029720000000018,0.25297200000000175
2.031390000000018,0.25313900000000167
2.0330600000000176,0.2533060000000017
2.0347300000000175,0.25347300000000167
2.0364000000000173,0.2536400000000017
2.038070000000017,0.25380700000000167
2.039740000000017,0.2539740000000016
2.041410000000017,0.2541410000000016
2.0430800000000167,0.2543080000000016
2.0447500000000165,0.2544750000000016
2.0464200000000163,0.2546420000000016
2.048090000000016,0.2548090000000015
2.049760000000016,0.25497600000000153
2.051430000000016,0.2551430000000015
2.0531000000000157,0.25531000000000154
2.0547700000000155,0.2554770000000015
2.0564400000000154,0.2556440000000014
2.058110000000015,0.25581100000000145
2.059780000000015,0.2559780000000014
2.061450000000015,0.25614500000000145
2.0631200000000147,0.2563120000000014
2.0647900000000146,0.25647900000000134
2.0664600000000144,0.2566460000000014
2.0681300000000142,0.25681300000000135
2.069800000000014,0.2569800000000014
2.071470000000014,0.25714700000000135
2.0731400000000137,0.25731400000000126
2.0748100000000136,0.2574810000000013
2.0764800000000134,0.25764800000000126
2.0781500000000133,0.2578150000000013
2.079820000000013,0.25798200000000127
2.081490000000013,0.2581490000000012
2.083160000000013,0.2583160000000012
2.0848300000000126,0.2584830000000012
2.0865000000000125,0.2586500000000012
2.0881700000000123,0.2588170000000012
2.089840000000012,0.2589840000000011
2.091510000000012,0.25915100000000113
2.093180000000012,0.2593180000000011
2.0948500000000116,0.25948500000000113
2.0965200000000115,0.2596520000000011
2.0981900000000113,0.25981900000000113
2.099860000000011,0.25998600000000105
2.101530000000011,0.260153000000001
2.103200000000011,0.26032000000000105
2.1048700000000107,0.260487000000001
2.1065400000000105,0.26065400000000105
2.1082100000000104,0.26082100000000097
2.10988000000001,0.26098800000000094
2.11155000000001,0.26115500000000097
2.11322000000001,0.26132200000000094
2.1148900000000097,0.26148900000000097
2.1165600000000095,0.2616560000000009
2.1182300000000094,0.26182300000000086
2.119900000000009,0.2619900000000009
2.121570000000009,0.26215700000000086
2.123240000000009,0.2623240000000009
2.1249100000000087,0.2624910000000008
2.1265800000000086,0.2626580000000008
2.1282500000000084,0.2628250000000008
2.1299200000000083,0.2629920000000008
2.131590000000008,0.2631590000000008
2.133260000000008,0.2633260000000007
2.1349300000000078,0.2634930000000007
2.1366000000000076,0.2636600000000007
2.1382700000000074,0.2638270000000007
2.1399400000000073,0.26399400000000073
2.141610000000007,0.26416100000000065
2.143280000000007,0.2643280000000006
2.144950000000007,0.26449500000000065
2.1466200000000066,0.2646620000000006
2.1482900000000065,0.26482900000000065
2.1499600000000063,0.2649960000000007
2.151630000000006,0.26516300000000054
2.153300000000006,0.26533000000000057
2.154970000000006,0.26549700000000054
2.1566400000000057,0.26566400000000057
2.1583100000000055,0.2658310000000006
2.1599800000000053,0.26599800000000046
2.161650000000005,0.2661650000000005
2.163320000000005,0.26633200000000046
2.164990000000005,0.2664990000000005
2.1666600000000047,0.2666660000000005
2.1683300000000045,0.2668330000000004
2.1700000000000044,0.2670000000000004
2.171670000000004,0.2671670000000004
2.173340000000004,0.2673340000000004
2.175010000000004,0.2675010000000003
2.1766800000000037,0.2676680000000003
2.1783500000000036,0.2678350000000003
2.1800200000000034,0.2680020000000003
2.1816900000000032,0.2681690000000003
2.183360000000003,0.26833600000000024
2.185030000000003,0.2685030000000002
2.1867000000000028,0.26867000000000024
2.1883700000000026,0.2688370000000002
2.1900400000000024,0.26900400000000024
2.1917100000000023,0.26917100000000016
2.193380000000002,0.26933800000000013
2.195050000000002,0.26950500000000016
2.196720000000002,0.26967200000000013
2.1983900000000016,0.26983900000000016
2.2000600000000015,0.2700060000000001
2.2017300000000013,0.27017300000000005
2.203400000000001,0.2703400000000001
2.205070000000001,0.2705070000000001
2.206740000000001,0.2706740000000001
2.2084100000000007,0.270841
2.2100800000000005,0.27100799999999997
2.2117500000000003,0.271175
2.21342,0.271342
2.21509,0.271509
2.21676,0.2716759999999999
2.2184299999999997,0.2718429999999999
2.2200999999999995,0.2720099999999999
2.2217699999999994,0.27217699999999995
2.223439999999999,0.2723439999999998
2.225109999999999,0.27251099999999984
2.226779999999999,0.2726779999999998
2.2284499999999987,0.27284499999999984
2.2301199999999985,0.27301199999999987
2.2317899999999984,0.2731789999999997
2.2334599999999982,0.27334599999999976
2.235129999999998,0.27351299999999973
2.236799999999998,0.27367999999999976
2.2384699999999977,0.2738469999999998
2.2401399999999976,0.27401399999999965
2.2418099999999974,0.2741809999999997
2.2434799999999973,0.27434799999999965
2.245149999999997,0.2745149999999997
2.246819999999997,0.2746819999999997
2.2484899999999968,0.27484899999999957
2.2501599999999966,0.2750159999999996
2.2518299999999964,0.27518299999999957
2.2534999999999963,0.2753499999999996
2.255169999999996,0.2755169999999996
2.256839999999996,0.2756839999999995
2.258509999999996,0.2758509999999995
2.2601799999999956,0.2760179999999995
2.2618499999999955,0.2761849999999995
2.2635199999999953,0.27635199999999954
2.265189999999995,0.2765189999999994
2.266859999999995,0.27668599999999943
2.268529999999995,0.2768529999999994
2.2701999999999947,0.27701999999999943
2.2718699999999945,0.27718699999999946
2.2735399999999943,0.2773539999999993
2.275209999999994,0.27752099999999935
2.276879999999994,0.2776879999999993
2.278549999999994,0.27785499999999935
2.2802199999999937,0.2780219999999994
2.2818899999999935,0.27818899999999924
2.2835599999999934,0.27835599999999927
2.285229999999993,0.27852299999999924
2.286899999999993,0.27868999999999927
2.288569999999993,0.2788569999999993
2.2902399999999927,0.27902399999999916
2.2919099999999926,0.2791909999999992
2.2935799999999924,0.27935799999999916
2.2952499999999922,0.2795249999999992
2.296919999999992,0.2796919999999992
2.298589999999992,0.2798589999999991
2.3002599999999918,0.2800259999999991
2.3019299999999916,0.28019299999999914
2.3035999999999914,0.2803599999999991
2.3052699999999913,0.28052699999999914
2.306939999999991,0.280693999999999
2.308609999999991,0.28086099999999903
2.310279999999991,0.28102799999999906
2.3119499999999906,0.28119499999999903
2.3136199999999905,0.28136199999999906
2.3152899999999903,0.2815289999999989
2.31695999999999,0.28169599999999895
2.31862999999999,0.281862999999999
2.32029999999999,0.28202999999999895
2.3219699999999897,0.282196999999999
2.3236399999999895,0.28236399999999884
2.3253099999999893,0.28253099999999887
2.326979999999989,0.2826979999999989
2.328649999999989,0.28286499999999887
2.330319999999989,0.2830319999999989
2.3319899999999887,0.28319899999999876
2.3336599999999885,0.2833659999999988
2.3353299999999884,0.2835329999999988
2.336999999999988,0.2836999999999988
2.338669999999988,0.2838669999999988
2.340339999999988,0.2840339999999987
2.3420099999999877,0.2842009999999987
2.3436799999999876,0.28436799999999873
2.3453499999999874,0.2845349999999987
2.3470199999999872,0.28470199999999873
2.348689999999987,0.2848689999999986
2.350359999999987,0.2850359999999986
2.3520299999999867,0.28520299999999865
2.3536999999999866,0.2853699999999986
2.3553699999999864,0.28553699999999865
2.3570399999999863,0.2857039999999985
2.358709999999986,0.28587099999999854
2.360379999999986,0.28603799999999857
2.3620499999999858,0.28620499999999854
2.3637199999999856,0.28637199999999857
2.3653899999999854,0.28653899999999843
2.3670599999999853,0.28670599999999846
2.368729999999985,0.2868729999999985
2.370399999999985,0.28703999999999846
2.372069999999985,0.2872069999999985
2.3737399999999846,0.28737399999999835
2.3754099999999845,0.2875409999999984
2.3770799999999843,0.2877079999999984
2.378749999999984,0.2878749999999984
2.380419999999984,0.2880419999999984
2.382089999999984,0.28820899999999827
2.3837599999999837,0.2883759999999983
2.3854299999999835,0.28854299999999833
2.3870999999999833,0.2887099999999983
2.388769999999983,0.28887699999999833
2.390439999999983,0.2890439999999982
2.392109999999983,0.2892109999999982
2.3937799999999827,0.28937799999999825
2.3954499999999825,0.2895449999999982
2.3971199999999824,0.28971199999999814
2.398789999999982,0.2898789999999981
2.400459999999982,0.29004599999999814
2.402129999999982,0.29021299999999817
2.4037999999999817,0.29037999999999814
2.4054699999999816,0.29054699999999806
2.4071399999999814,0.29071399999999803
2.4088099999999812,0.29088099999999806
2.410479999999981,0.2910479999999981
2.412149999999981,0.29121499999999806
2.4138199999999808,0.291381999999998
2.4154899999999806,0.29154899999999795
2.4171599999999804,0.291715999999998
2.4188299999999803,0.291882999999998
2.42049999999998,0.292049999999998
2.42216999999998,0.2922169999999979
2.42383999999998,0.29238399999999787
2.4255099999999796,0.2925509999999979
2.4271799999999795,0.2927179999999979
2.4288499999999793,0.2928849999999979
2.430519999999979,0.2930519999999978
2.432189999999979,0.2932189999999978
2.433859999999979,0.2933859999999978
2.4355299999999787,0.29355299999999784
2.4371999999999785,0.2937199999999978
2.4388699999999783,0.29388699999999773
2.440539999999978,0.2940539999999977
2.442209999999978,0.29422099999999773
2.443879999999978,0.29438799999999776
2.4455499999999777,0.2945549999999976
2.4472199999999775,0.29472199999999765
2.4488899999999774,0.2948889999999976
2.450559999999977,0.29505599999999765
2.452229999999977,0.2952229999999977
2.453899999999977,0.29538999999999754
2.4555699999999767,0.29555699999999757
2.4572399999999766,0.29572399999999754
2.4589099999999764,0.2958909999999976
2.4605799999999762,0.2960579999999976
2.462249999999976,0.29622499999999746
2.463919999999976,0.2963919999999975
2.4655899999999757,0.29655899999999746
2.4672599999999756,0.2967259999999975
2.4689299999999754,0.2968929999999975
2.4705999999999753,0.2970599999999974
2.472269999999975,0.2972269999999974
2.473939999999975,0.2973939999999974
2.4756099999999748,0.2975609999999974
2.4772799999999746,0.29772799999999744
2.4789499999999745,0.2978949999999973
2.4806199999999743,0.29806199999999733
2.482289999999974,0.2982289999999973
2.483959999999974,0.29839599999999733
2.485629999999974,0.29856299999999736
2.4872999999999736,0.2987299999999972
2.4889699999999735,0.29889699999999725
2.4906399999999733,0.2990639999999972
2.492309999999973,0.29923099999999725
2.493979999999973,0.2993979999999973
2.495649999999973,0.29956499999999714
2.4973199999999727,0.29973199999999717
2.4989899999999725,0.29989899999999714
2.5006599999999723,0.30006599999999706
2.502329999999972,0.3002329999999971
2.503999999999972,0.300399999999997
2.505669999999972,0.30056699999999714
2.5073399999999717,0.30073399999999706
2.5090099999999715,0.300900999999997
2.5106799999999714,0.301067999999997
2.512349999999971,0.3012349999999969
2.514019999999971,0.30140199999999706
2.515689999999971,0.301568999999997
2.5173599999999707,0.3017359999999969
2.5190299999999706,0.3019029999999969
2.5206999999999704,0.30206999999999684
2.5223699999999702,0.302236999999997
2.52403999999997,0.3024039999999969
2.52570999999997,0.3025709999999968
2.5273799999999698,0.30273799999999684
2.5290499999999696,0.30290499999999676
2.5307199999999694,0.3030719999999969
2.5323899999999693,0.3032389999999968
2.534059999999969,0.30340599999999673
2.535729999999969,0.30357299999999676
2.537399999999969,0.3037399999999967
2.5390699999999686,0.3039069999999968
2.5407399999999685,0.30407399999999674
2.5424099999999683,0.30424099999999665
2.544079999999968,0.3044079999999967
2.545749999999968,0.3045749999999966
2.547419999999968,0.30474199999999674
2.5490899999999677,0.30490899999999665
2.5507599999999675,0.30507599999999657
2.5524299999999673,0.3052429999999966
2.554099999999967,0.3054099999999965
2.555769999999967,0.30557699999999666
2.557439999999967,0.3057439999999966
2.5591099999999667,0.3059109999999965
2.5607799999999665,0.3060779999999965
2.5624499999999664,0.30624499999999644
2.564119999999966,0.3064119999999966
2.565789999999966,0.3065789999999965
2.567459999999966,0.3067459999999964
2.5691299999999657,0.30691299999999644
2.5707999999999656,0.30707999999999636
2.5724699999999654,0.3072469999999965
2.5741399999999652,0.3074139999999964
2.575809999999965,0.30758099999999633
2.577479999999965,0.30774799999999636
2.5791499999999647,0.3079149999999964
2.5808199999999646,0.3080819999999964
2.5824899999999644,0.30824899999999633
2.5841599999999643,0.30841599999999625
2.585829999999964,0.3085829999999963
2.587499999999964,0.3087499999999963
2.589169999999964,0.30891699999999633
2.5908399999999636,0.30908399999999625
2.5925099999999635,0.30925099999999617
2.5941799999999633,0.3094179999999962
2.595849999999963,0.3095849999999962
2.597519999999963,0.30975199999999625
2.599189999999963,0.30991899999999617
2.6008599999999626,0.3100859999999961
2.6025299999999625,0.3102529999999961
2.6041999999999623,0.31041999999999614
2.605869999999962,0.31058699999999617
2.607539999999962,0.3107539999999961
2.609209999999962,0.310920999999996
2.6108799999999617,0.31108799999999603
2.6125499999999615,0.31125499999999606
2.6142199999999614,0.3114219999999961
2.615889999999961,0.311588999999996
2.617559999999961,0.3117559999999959
2.619229999999961,0.31192299999999595
2.6208999999999607,0.312089999999996
2.6225699999999605,0.312256999999996
2.6242399999999604,0.3124239999999959
2.62590999999996,0.31259099999999584
2.62757999999996,0.3127579999999959
2.62924999999996,0.3129249999999959
2.6309199999999597,0.31309199999999593
2.6325899999999596,0.31325899999999585
2.6342599999999594,0.31342599999999576
2.6359299999999593,0.3135929999999958
2.637599999999959,0.3137599999999958
2.639269999999959,0.31392699999999585
2.6409399999999588,0.31409399999999577
2.6426099999999586,0.3142609999999957
2.6442799999999584,0.3144279999999957
2.6459499999999583,0.31459499999999574
2.647619999999958,0.31476199999999577
2.649289999999958,0.3149289999999957
2.650959999999958,0.3150959999999956
2.6526299999999576,0.31526299999999563
2.6542999999999575,0.31542999999999566
2.6559699999999573,0.3155969999999957
2.657639999999957,0.3157639999999956
2.659309999999957,0.3159309999999955
2.660979999999957,0.31609799999999555
2.6626499999999567,0.3162649999999956
2.6643199999999565,0.3164319999999956
2.6659899999999563,0.3165989999999955
2.667659999999956,0.31676599999999544
2.669329999999956,0.3169329999999956
2.670999999999956,0.3170999999999955
2.6726699999999557,0.3172669999999955
2.6743399999999555,0.31743399999999544
2.6760099999999554,0.31760099999999536
2.677679999999955,0.3177679999999955
2.679349999999955,0.3179349999999954
2.681019999999955,0.31810199999999544
2.6826899999999547,0.31826899999999536
2.6843599999999546,0.3184359999999953
2.6860299999999544,0.3186029999999954
2.6876999999999542,0.31876999999999533
2.689369999999954,0.31893699999999536
2.691039999999954,0.3191039999999953
2.6927099999999538,0.3192709999999952
2.6943799999999536,0.31943799999999534
2.6960499999999534,0.31960499999999525
2.6977199999999533,0.3197719999999953
2.699389999999953,0.3199389999999952
2.701059999999953,0.3201059999999951
2.702729999999953,0.32027299999999526
2.7043999999999526,0.3204399999999952
2.7060699999999525,0.3206069999999951
2.7077399999999523,0.3207739999999951
2.709409999999952,0.32094099999999504
2.711079999999952,0.3211079999999952
2.712749999999952,0.3212749999999951
2.7144199999999516,0.321441999999995
2.7160899999999515,0.32160899999999504
2.7177599999999513,0.32177599999999495
2.719429999999951,0.3219429999999951
2.721099999999951,0.322109999999995
2.722769999999951,0.32227699999999493
2.7244399999999507,0.32244399999999496
2.7261099999999505,0.3226109999999949
2.7277799999999504,0.322777999999995
2.72944999999995,0.32294499999999493
2.73111999999995,0.32311199999999485
2.73278999999995,0.3232789999999949
2.7344599999999497,0.3234459999999948
2.7361299999999495,0.32361299999999493
2.7377999999999494,0.32377999999999485
2.7394699999999492,0.32394699999999477
2.741139999999949,0.3241139999999948
2.742809999999949,0.3242809999999947
2.7444799999999487,0.32444799999999485
2.7461499999999486,0.32461499999999477
2.7478199999999484,0.3247819999999947
2.7494899999999483,0.3249489999999947
2.751159999999948,0.32511599999999463
2.752829999999948,0.32528299999999477
2.7544999999999478,0.3254499999999947
2.7561699999999476,0.3256169999999946
2.7578399999999474,0.32578399999999463
2.7595099999999473,0.32595099999999455
2.761179999999947,0.3261179999999947
2.762849999999947,0.3262849999999946
2.764519999999947,0.3264519999999945
2.7661899999999466,0.32661899999999455
2.7678599999999465,0.32678599999999447
2.7695299999999463,0.3269529999999946
2.771199999999946,0.3271199999999945
2.772869999999946,0.32728699999999444
2.774539999999946,0.32745399999999447
2.7762099999999457,0.3276209999999944
2.7778799999999455,0.32778799999999453
2.7795499999999453,0.32795499999999445
2.781219999999945,0.32812199999999436
2.782889999999945,0.3282889999999944
2.784559999999945,0.3284559999999943
2.7862299999999447,0.32862299999999445
2.7878999999999445,0.32878999999999436
2.7895699999999444,0.3289569999999943
2.791239999999944,0.3291239999999943
2.792909999999944,0.3292909999999942
2.794579999999944,0.32945799999999437
2.7962499999999437,0.3296249999999943
2.7979199999999436,0.3297919999999942
2.7995899999999434,0.32995899999999423
2.8012599999999432,0.33012599999999415
2.802929999999943,0.3302929999999943
2.804599999999943,0.3304599999999942
2.8062699999999428,0.3306269999999941
2.8079399999999426,0.33079399999999415
2.8096099999999424,0.33096099999999407
2.8112799999999423,0.3311279999999942
2.812949999999942,0.3312949999999941
2.814619999999942,0.33146199999999404
2.816289999999942,0.33162899999999407
2.8179599999999416,0.331795999999994
2.8196299999999415,0.3319629999999941
2.8212999999999413,0.33212999999999404
2.822969999999941,0.33229699999999396
2.824639999999941,0.332463999999994
2.826309999999941,0.3326309999999939
2.8279799999999407,0.33279799999999404
2.8296499999999405,0.33296499999999396
2.8313199999999403,0.3331319999999939
2.83298999999994,0.3332989999999939
2.83465999999994,0.33346599999999393
2.83632999999994,0.33363299999999385
2.8379999999999397,0.3337999999999939
2.8396699999999395,0.3339669999999938
2.8413399999999394,0.3341339999999938
2.843009999999939,0.33430099999999385
2.844679999999939,0.33446799999999377
2.846349999999939,0.3346349999999938
2.8480199999999387,0.3348019999999937
2.8496899999999385,0.33496899999999374
2.8513599999999384,0.33513599999999377
2.8530299999999382,0.3353029999999937
2.854699999999938,0.3354699999999937
2.856369999999938,0.33563699999999363
2.8580399999999377,0.33580399999999366
2.8597099999999376,0.3359709999999937
2.8613799999999374,0.3361379999999936
2.8630499999999373,0.33630499999999364
2.864719999999937,0.33647199999999355
2.866389999999937,0.3366389999999936
2.8680599999999368,0.3368059999999936
2.8697299999999366,0.3369729999999935
2.8713999999999364,0.33713999999999356
2.8730699999999363,0.3373069999999935
2.874739999999936,0.3374739999999935
2.876409999999936,0.33764099999999353
2.878079999999936,0.33780799999999345
2.8797499999999356,0.3379749999999935
2.8814199999999355,0.3381419999999934
2.8830899999999353,0.3383089999999934
2.884759999999935,0.33847599999999345
2.886429999999935,0.33864299999999337
2.888099999999935,0.3388099999999934
2.8897699999999347,0.3389769999999933
2.8914399999999345,0.33914399999999334
2.8931099999999343,0.33931099999999337
2.894779999999934,0.3394779999999933
2.896449999999934,0.3396449999999933
2.898119999999934,0.33981199999999323
2.8997899999999337,0.33997899999999326
2.9014599999999335,0.3401459999999932
2.9031299999999334,0.3403129999999932
2.904799999999933,0.34047999999999323
2.906469999999933,0.34064699999999315
2.908139999999933,0.3408139999999932
2.9098099999999327,0.3409809999999931
2.9114799999999326,0.3411479999999931
2.9131499999999324,0.34131499999999315
2.9148199999999322,0.34148199999999307
2.916489999999932,0.3416489999999931
2.918159999999932,0.341815999999993
2.9198299999999318,0.34198299999999304
2.9214999999999316,0.34214999999999307
2.9231699999999314,0.342316999999993
2.9248399999999313,0.342483999999993
2.926509999999931,0.34265099999999293
2.928179999999931,0.34281799999999296
2.929849999999931,0.342984999999993
2.9315199999999306,0.3431519999999929
2.9331899999999305,0.34331899999999294
2.9348599999999303,0.34348599999999285
2.93652999999993,0.3436529999999929
2.93819999999993,0.3438199999999929
2.93986999999993,0.3439869999999928
2.9415399999999297,0.34415399999999285
2.9432099999999295,0.34432099999999277
2.9448799999999293,0.3444879999999928
2.946549999999929,0.34465499999999283
2.948219999999929,0.34482199999999275
2.949889999999929,0.3449889999999928
2.9515599999999287,0.3451559999999927
2.9532299999999285,0.3453229999999927
2.9548999999999284,0.34548999999999275
2.956569999999928,0.34565699999999266
2.958239999999928,0.3458239999999927
2.959909999999928,0.3459909999999926
2.9615799999999277,0.34615799999999264
2.9632499999999276,0.34632499999999267
2.9649199999999274,0.3464919999999926
2.9665899999999272,0.3466589999999926
2.968259999999927,0.34682599999999253
2.969929999999927,0.34699299999999256
2.9715999999999267,0.3471599999999926
2.9732699999999266,0.3473269999999925
2.9749399999999264,0.34749399999999253
2.9766099999999263,0.34766099999999245
2.978279999999926,0.3478279999999925
2.979949999999926,0.3479949999999925
2.9816199999999258,0.3481619999999924
2.9832899999999256,0.34832899999999245
2.9849599999999255,0.34849599999999237
2.9866299999999253,0.3486629999999924
2.988299999999925,0.3488299999999924
2.989969999999925,0.34899699999999234
2.991639999999925,0.34916399999999237
2.9933099999999246,0.3493309999999923
2.9949799999999245,0.3494979999999923
2.9966499999999243,0.34966499999999234
2.998319999999924,0.34983199999999226
2.999989999999924,0.3499989999999923
3.001659999999924,0.3501659999999922
3.0033299999999237,0.35033299999999223
3.0049999999999235,0.35049999999999215
3.0066699999999233,0.3506669999999923
3.008339999999923,0.3508339999999922
3.010009999999923,0.3510009999999921
3.011679999999923,0.35116799999999215
3.0133499999999227,0.35133499999999207
3.0150199999999225,0.3515019999999922
3.0166899999999224,0.3516689999999921
3.018359999999922,0.35183599999999204
3.020029999999922,0.35200299999999207
3.021699999999922,0.352169999999992
3.0233699999999217,0.35233699999999213
3.0250399999999216,0.35250399999999205
3.0267099999999214,0.35267099999999196
3.0283799999999212,0.352837999999992
3.030049999999921,0.3530049999999919
3.031719999999921,0.35317199999999205
3.0333899999999208,0.35333899999999197
3.0350599999999206,0.3535059999999919
3.0367299999999204,0.3536729999999919
3.0383999999999203,0.3538399999999918
3.04006999999992,0.35400699999999197
3.04173999999992,0.3541739999999919
3.04340999999992,0.3543409999999918
3.0450799999999196,0.35450799999999183
3.0467499999999195,0.35467499999999175
3.0484199999999193,0.3548419999999919
3.050089999999919,0.3550089999999918
3.051759999999919,0.3551759999999917
3.053429999999919,0.35534299999999175
3.0550999999999187,0.35550999999999167
3.0567699999999185,0.3556769999999918
3.0584399999999183,0.3558439999999917
3.060109999999918,0.35601099999999164
3.061779999999918,0.35617799999999167
3.063449999999918,0.3563449999999916
3.0651199999999177,0.3565119999999917
3.0667899999999175,0.35667899999999164
3.0684599999999174,0.35684599999999156
3.070129999999917,0.3570129999999916
3.071799999999917,0.3571799999999917
3.073469999999917,0.35734699999999164
3.0751399999999167,0.35751399999999156
3.0768099999999166,0.3576809999999915
3.0784799999999164,0.3578479999999915
3.0801499999999162,0.35801499999999165
3.081819999999916,0.35818199999999156
3.083489999999916,0.3583489999999915
3.0851599999999157,0.3585159999999914
3.0868299999999156,0.3586829999999914
3.0884999999999154,0.35884999999999156
3.0901699999999153,0.3590169999999915
3.091839999999915,0.3591839999999914
3.093509999999915,0.3593509999999913
3.0951799999999148,0.35951799999999123
3.0968499999999146,0.3596849999999915
3.0985199999999145,0.3598519999999914
3.1001899999999143,0.3600189999999913
3.101859999999914,0.36018599999999124
3.103529999999914,0.36035299999999115
3.105199999999914,0.3605199999999914
3.1068699999999136,0.3606869999999913
3.1085399999999135,0.36085399999999124
3.1102099999999133,0.36102099999999115
3.111879999999913,0.36118799999999107
3.113549999999913,0.3613549999999913
3.115219999999913,0.36152199999999124
3.1168899999999127,0.36168899999999116
3.1185599999999125,0.3618559999999911
3.1202299999999124,0.362022999999991
3.121899999999912,0.36218999999999124
3.123569999999912,0.36235699999999116
3.125239999999912,0.3625239999999911
3.1269099999999117,0.362690999999991
3.1285799999999115,0.3628579999999909
3.1302499999999114,0.36302499999999116
3.131919999999911,0.3631919999999911
3.133589999999911,0.363358999999991
3.135259999999911,0.3635259999999909
3.1369299999999107,0.36369299999999083
3.1385999999999106,0.3638599999999911
3.1402699999999104,0.364026999999991
3.1419399999999102,0.3641939999999909
3.14360999999991,0.36436099999999083
3.14527999999991,0.36452799999999075
3.1469499999999098,0.3646949999999909
3.1486199999999096,0.3648619999999909
3.1502899999999094,0.36502899999999083
3.1519599999999093,0.36519599999999075
3.153629999999909,0.36536299999999067
3.155299999999909,0.3655299999999908
3.156969999999909,0.36569699999999083
3.1586399999999086,0.36586399999999075
3.1603099999999085,0.36603099999999067
3.1619799999999083,0.3661979999999906
3.163649999999908,0.3663649999999907
3.165319999999908,0.36653199999999075
3.166989999999908,0.36669899999999067
3.1686599999999077,0.3668659999999906
3.1703299999999075,0.36703299999999073
3.1719999999999073,0.36719999999999076
3.173669999999907,0.3673669999999907
3.175339999999907,0.3675339999999906
3.177009999999907,0.3677009999999905
3.1786799999999067,0.36786799999999065
3.1803499999999065,0.3680349999999907
3.1820199999999064,0.3682019999999906
3.183689999999906,0.3683689999999905
3.185359999999906,0.3685359999999904
3.187029999999906,0.36870299999999057
3.1886999999999057,0.3688699999999906
3.1903699999999056,0.3690369999999905
3.1920399999999054,0.36920399999999043
3.1937099999999052,0.36937099999999035
3.195379999999905,0.3695379999999905
3.197049999999905,0.3697049999999905
3.1987199999999048,0.36987199999999043
3.2003899999999046,0.37003899999999035
3.2020599999999044,0.37020599999999027
3.2037299999999043,0.3703729999999904
3.205399999999904,0.37053999999999043
3.207069999999904,0.37070699999999035
3.208739999999904,0.37087399999999027
3.2104099999999036,0.3710409999999902
3.2120799999999035,0.3712079999999903
3.2137499999999033,0.37137499999999035
3.215419999999903,0.37154199999999027
3.217089999999903,0.3717089999999902
3.218759999999903,0.3718759999999901
3.2204299999999026,0.37204299999999035
3.2220999999999025,0.37220999999999027
3.2237699999999023,0.3723769999999902
3.225439999999902,0.3725439999999901
3.227109999999902,0.37271099999999
3.228779999999902,0.3728779999999903
3.2304499999999017,0.3730449999999902
3.2321199999999015,0.3732119999999901
3.2337899999999014,0.37337899999999
3.235459999999901,0.37354599999998994
3.237129999999901,0.3737129999999902
3.238799999999901,0.3738799999999901
3.2404699999999007,0.37404699999999
3.2421399999999005,0.37421399999998994
3.2438099999999004,0.37438099999998986
3.2454799999999002,0.3745479999999901
3.2471499999999,0.37471499999999003
3.2488199999999,0.37488199999998995
3.2504899999998997,0.37504899999998986
3.2521599999998996,0.3752159999999898
3.2538299999998994,0.37538299999999003
3.2554999999998993,0.37554999999998995
3.257169999999899,0.37571699999998986
3.258839999999899,0.3758839999999898
3.2605099999998988,0.3760509999999897
3.2621799999998986,0.37621799999998995
3.2638499999998984,0.37638499999998987
3.2655199999998983,0.3765519999999898
3.267189999999898,0.3767189999999897
3.268859999999898,0.3768859999999896
3.270529999999898,0.37705299999998987
3.2721999999998976,0.3772199999999898
3.2738699999998975,0.3773869999999897
3.2755399999998973,0.3775539999999896
3.277209999999897,0.37772099999998976
3.278879999999897,0.3778879999999898
3.280549999999897,0.3780549999999897
3.2822199999998967,0.3782219999999896
3.2838899999998965,0.37838899999998954
3.2855599999998963,0.3785559999999897
3.287229999999896,0.3787229999999897
3.288899999999896,0.3788899999999896
3.290569999999896,0.37905699999998954
3.2922399999998957,0.37922399999998946
3.2939099999998955,0.3793909999999896
3.2955799999998954,0.3795579999999896
3.297249999999895,0.37972499999998954
3.298919999999895,0.37989199999998946
3.300589999999895,0.3800589999999894
3.3022599999998947,0.3802259999999895
3.3039299999998946,0.38039299999998955
3.3055999999998944,0.38055999999998946
3.3072699999998942,0.3807269999999894
3.308939999999894,0.3808939999999893
3.310609999999894,0.38106099999998944
3.3122799999998938,0.38122799999998946
3.3139499999998936,0.3813949999999894
3.3156199999998934,0.3815619999999893
3.3172899999998933,0.38172899999998944
3.318959999999893,0.38189599999998936
3.320629999999893,0.3820629999999894
3.322299999999893,0.3822299999999893
3.3239699999998926,0.3823969999999892
3.3256399999998925,0.38256399999998936
3.3273099999998923,0.3827309999999893
3.328979999999892,0.3828979999999893
3.330649999999892,0.3830649999999892
3.332319999999892,0.38323199999998914
3.3339899999998917,0.3833989999999893
3.3356599999998915,0.3835659999999892
3.3373299999998913,0.3837329999999892
3.338999999999891,0.38389999999998914
3.340669999999891,0.38406699999998906
3.342339999999891,0.3842339999999892
3.3440099999998907,0.3844009999999891
3.3456799999998905,0.38456799999998914
3.3473499999998904,0.38473499999998906
3.34901999999989,0.384901999999989
3.35068999999989,0.3850689999999891
3.35235999999989,0.38523599999998903
3.3540299999998897,0.38540299999998906
3.3556999999998895,0.385569999999989
3.3573699999998894,0.3857369999999891
3.3590399999998892,0.38590399999998903
3.360709999999889,0.38607099999998895
3.362379999999889,0.386237999999989
3.3640499999998887,0.3864049999999889
3.3657199999998886,0.38657199999998904
3.3673899999998884,0.38673899999998895
3.3690599999998883,0.38690599999998887
3.370729999999888,0.3870729999999889
3.372399999999888,0.3872399999999888
3.3740699999998878,0.38740699999998895
3.3757399999998876,0.38757399999998887
3.3774099999998874,0.3877409999999888
3.3790799999998873,0.3879079999999888
3.380749999999887,0.38807499999998873
3.382419999999887,0.3882419999999889
3.384089999999887,0.3884089999999888
3.3857599999998866,0.3885759999999887
3.3874299999998865,0.38874299999998874
3.3890999999998863,0.38890999999998865
3.390769999999886,0.3890769999999888
3.392439999999886,0.3892439999999887
3.394109999999886,0.38941099999998874
3.3957799999998857,0.38957799999998866
3.3974499999998855,0.3897449999999888
3.3991199999998853,0.3899119999999887
3.400789999999885,0.39007899999998863
3.402459999999885,0.39024599999998866
3.404129999999885,0.3904129999999886
3.4057999999998847,0.3905799999999887
3.4074699999998845,0.39074699999998863
3.4091399999998844,0.39091399999998855
3.410809999999884,0.3910809999999886
3.412479999999884,0.3912479999999885
3.414149999999884,0.39141499999998863
3.4158199999998837,0.39158199999998855
3.4174899999998836,0.39174899999998847
3.4191599999998834,0.3919159999999885
3.4208299999998832,0.3920829999999884
3.422499999999883,0.39224999999998855
3.424169999999883,0.39241699999998847
3.4258399999998828,0.3925839999999884
3.4275099999998826,0.3927509999999884
3.4291799999998824,0.39291799999998833
3.4308499999998823,0.39308499999998847
3.432519999999882,0.3932519999999884
3.434189999999882,0.3934189999999883
3.435859999999882,0.39358599999998833
3.4375299999998816,0.39375299999998825
3.4391999999998815,0.3939199999999884
3.4408699999998813,0.3940869999999883
3.442539999999881,0.39425399999998834
3.444209999999881,0.39442099999998825
3.445879999999881,0.3945879999999884
3.4475499999998807,0.3947549999999883
3.4492199999998805,0.3949219999999882
3.4508899999998803,0.39508899999998826
3.45255999999988,0.3952559999999882
3.45422999999988,0.3954229999999883
3.45589999999988,0.39558999999998823
3.4575699999998797,0.39575699999998815
3.4592399999998795,0.3959239999999882
3.4609099999998794,0.3960909999999881
3.462579999999879,0.39625799999998823
3.464249999999879,0.39642499999998815
3.465919999999879,0.39659199999998807
3.4675899999998787,0.3967589999999881
3.4692599999998786,0.396925999999988
3.4709299999998784,0.39709299999998815
3.4725999999998782,0.39725999999998807
3.474269999999878,0.397426999999988
3.475939999999878,0.397593999999988
3.4776099999998777,0.39776099999998815
3.4792799999998776,0.39792799999998807
3.4809499999998774,0.398094999999988
3.4826199999998773,0.3982619999999879
3.484289999999877,0.39842899999998793
3.485959999999877,0.39859599999998807
3.4876299999998768,0.398762999999988
3.4892999999998766,0.3989299999999879
3.4909699999998764,0.3990969999999878
3.4926399999998763,0.39926399999998785
3.494309999999876,0.399430999999988
3.495979999999876,0.3995979999999879
3.497649999999876,0.3997649999999878
3.4993199999998756,0.39993199999998774
3.5009899999998755,0.4001979999999755
3.5026599999998753,0.40053199999997524
3.504329999999875,0.4008659999999753
3.505999999999875,0.40119999999997535
3.507669999999875,0.4015339999999753
3.5093399999998747,0.40186799999997536
3.5110099999998745,0.4022019999999751
3.5126799999998743,0.40253599999997514
3.514349999999874,0.4028699999999752
3.516019999999874,0.40320399999997514
3.517689999999874,0.4035379999999752
3.5193599999998737,0.4038719999999749
3.5210299999998735,0.404205999999975
3.5226999999998734,0.40453999999997503
3.524369999999873,0.404873999999975
3.526039999999873,0.40520799999997503
3.527709999999873,0.40554199999997476
3.5293799999998727,0.4058759999999748
3.5310499999998726,0.40620999999997487
3.5327199999998724,0.4065439999999748
3.5343899999998722,0.40687799999997487
3.536059999999872,0.4072119999999746
3.537729999999872,0.40754599999997465
3.5393999999998718,0.4078799999999747
3.5410699999998716,0.40821399999997465
3.5427399999998714,0.4085479999999745
3.5444099999998713,0.40888199999997443
3.546079999999871,0.4092159999999745
3.547749999999871,0.40954999999997455
3.549419999999871,0.4098839999999745
3.5510899999998706,0.4102179999999743
3.5527599999998705,0.41055199999997427
3.5544299999998703,0.4108859999999743
3.55609999999987,0.4112199999999744
3.55776999999987,0.41155399999997433
3.55943999999987,0.41188799999997416
3.5611099999998697,0.4122219999999741
3.5627799999998695,0.41255599999997417
3.5644499999998693,0.4128899999999742
3.566119999999869,0.41322399999997417
3.567789999999869,0.413557999999974
3.569459999999869,0.41389199999997395
3.5711299999998687,0.414225999999974
3.5727999999998685,0.41455999999997406
3.5744699999998684,0.414893999999974
3.576139999999868,0.41522799999997384
3.577809999999868,0.4155619999999738
3.579479999999868,0.41589599999997384
3.5811499999998677,0.4162299999999739
3.5828199999998676,0.41656399999997384
3.5844899999998674,0.4168979999999737
3.5861599999998672,0.4172319999999736
3.587829999999867,0.4175659999999737
3.589499999999867,0.41789999999997374
3.5911699999998667,0.4182339999999737
3.5928399999998666,0.4185679999999735
3.5945099999998664,0.41890199999997346
3.5961799999998663,0.4192359999999735
3.597849999999866,0.4195699999999736
3.599519999999866,0.4199039999999735
3.6011899999998658,0.42023799999997336
3.6028599999998656,0.4205719999999733
3.6045299999998655,0.42090599999997336
3.6061999999998653,0.4212399999999734
3.607869999999865,0.42157399999997314
3.609539999999865,0.4219079999999732
3.611209999999865,0.42224199999997314
3.6128799999998646,0.4225759999999732
3.6145499999998645,0.42290999999997325
3.6162199999998643,0.423243999999973
3.617889999999864,0.42357799999997303
3.619559999999864,0.423911999999973
3.621229999999864,0.42424599999997303
3.6228999999998637,0.4245799999999731
3.6245699999998635,0.4249139999999728
3.6262399999998634,0.42524799999997287
3.627909999999863,0.4255819999999728
3.629579999999863,0.42591599999997287
3.631249999999863,0.42624999999997293
3.6329199999998627,0.42658399999997265
3.6345899999998625,0.4269179999999727
3.6362599999998624,0.42725199999997265
3.637929999999862,0.4275859999999727
3.639599999999862,0.42791999999997277
3.641269999999862,0.4282539999999725
3.6429399999998617,0.42858799999997255
3.6446099999998616,0.4289219999999725
3.6462799999998614,0.42925599999997255
3.6479499999998612,0.4295899999999726
3.649619999999861,0.42992399999997233
3.651289999999861,0.4302579999999724
3.6529599999998608,0.43059199999997233
3.6546299999998606,0.4309259999999724
3.6562999999998604,0.43125999999997244
3.6579699999998603,0.43159399999997217
3.65963999999986,0.4319279999999722
3.66130999999986,0.43226199999997217
3.66297999999986,0.4325959999999722
3.6646499999998596,0.4329299999999723
3.6663199999998595,0.433263999999972
3.6679899999998593,0.43359799999997206
3.669659999999859,0.433931999999972
3.671329999999859,0.43426599999997206
3.672999999999859,0.4345999999999721
3.6746699999998587,0.43493399999997184
3.6763399999998585,0.4352679999999719
3.6780099999998583,0.43560199999997185
3.679679999999858,0.4359359999999719
3.681349999999858,0.43626999999997174
3.683019999999858,0.4366039999999717
3.6846899999998577,0.43693799999997174
3.6863599999998575,0.4372719999999717
3.6880299999998574,0.43760599999997174
3.689699999999857,0.4379399999999716
3.691369999999857,0.4382739999999715
3.693039999999857,0.4386079999999716
3.6947099999998567,0.4389419999999715
3.6963799999998566,0.4392759999999716
3.6980499999998564,0.4396099999999714
3.6997199999998562,0.43994399999997136
3.701389999999856,0.4402779999999714
3.703059999999856,0.44061199999997136
3.7047299999998557,0.4409459999999712
3.7063999999998556,0.44127999999997125
3.7080699999998554,0.4416139999999712
3.7097399999998553,0.44194799999997125
3.711409999999855,0.4422819999999713
3.713079999999855,0.44261599999997103
3.714749999999855,0.4429499999999711
3.7164199999998546,0.44328399999997103
3.7180899999998545,0.4436179999999711
3.7197599999998543,0.44395199999997115
3.721429999999854,0.44428599999997087
3.723099999999854,0.4446199999999709
3.724769999999854,0.4449539999999709
3.7264399999998536,0.44528799999997093
3.7281099999998535,0.44562199999997076
3.7297799999998533,0.4459559999999707
3.731449999999853,0.44628999999997077
3.733119999999853,0.4466239999999707
3.734789999999853,0.44695799999997077
3.7364599999998527,0.4472919999999706
3.7381299999998525,0.44762599999997055
3.7397999999998524,0.4479599999999706
3.741469999999852,0.44829399999997055
3.743139999999852,0.4486279999999706
3.744809999999852,0.44896199999997044
3.7464799999998517,0.4492959999999704
3.7481499999998515,0.44962999999997044
3.7498199999998514,0.4499639999999704
3.751489999999851,0.4502979999999702
3.753159999999851,0.4506319999999703
3.754829999999851,0.4509659999999702
3.7564999999998507,0.4512999999999703
3.7581699999998506,0.4516339999999702
3.7598399999998504,0.45196799999997006
3.7615099999998503,0.4523019999999701
3.76317999999985,0.45263599999997006
3.76484999999985,0.4529699999999701
3.7665199999998498,0.45330399999997006
3.7681899999998496,0.4536379999999699
3.7698599999998494,0.45397199999996996
3.7715299999998493,0.4543059999999699
3.773199999999849,0.45463999999996996
3.774869999999849,0.4549739999999699
3.776539999999849,0.45530799999996974
3.7782099999998486,0.4556419999999698
3.7798799999998485,0.45597599999996974
3.7815499999998483,0.4563099999999698
3.783219999999848,0.4566439999999695
3.784889999999848,0.4569779999999696
3.786559999999848,0.45731199999996963
3.7882299999998477,0.4576459999999696
3.7898999999998475,0.45797999999996963
3.7915699999998473,0.45831399999996936
3.793239999999847,0.4586479999999694
3.794909999999847,0.45898199999996947
3.796579999999847,0.4593159999999694
3.7982499999998467,0.45964999999996925
3.7999199999998465,0.4599839999999692
3.8015899999998464,0.46031799999996925
3.803259999999846,0.4606519999999693
3.804929999999846,0.46098599999996925
3.806599999999846,0.4613199999999691
3.8082699999998457,0.46165399999996903
3.8099399999998456,0.4619879999999691
3.8116099999998454,0.46232199999996915
3.8132799999998452,0.4626559999999691
3.814949999999845,0.4629899999999689
3.816619999999845,0.46332399999996887
3.8182899999998448,0.46365799999996893
3.8199599999998446,0.463991999999969
3.8216299999998444,0.4643259999999687
3.8232999999998443,0.46465999999996876
3.824969999999844,0.4649939999999687
3.826639999999844,0.46532799999996877
3.828309999999844,0.4656619999999688
3.8299799999998436,0.46599599999996855
3.8316499999998435,0.4663299999999686
3.8333199999998433,0.46666399999996855
3.834989999999843,0.4669979999999686
3.836659999999843,0.46733199999996866
3.838329999999843,0.4676659999999684
3.8399999999998427,0.46799999999996844
3.8416699999998425,0.4683339999999685
3.8433399999998423,0.46866799999996844
3.845009999999842,0.4690019999999685
3.846679999999842,0.4693359999999682
3.848349999999842,0.4696699999999683
3.8500199999998417,0.47000399999996834
3.8516899999998415,0.4703379999999683
3.8533599999998414,0.47067199999996834
3.855029999999841,0.47100599999996806
3.856699999999841,0.4713399999999681
3.858369999999841,0.4716739999999682
3.8600399999998407,0.4720079999999681
3.8617099999998405,0.4723419999999682
3.8633799999998404,0.4726759999999679
3.8650499999998402,0.47300999999996796
3.86671999999984,0.473343999999968
3.86838999999984,0.47367799999996796
3.8700599999998397,0.4740119999999678
3.8717299999998396,0.47434599999996774
3.8733999999998394,0.4746799999999678
3.8750699999998393,0.47501399999996785
3.876739999999839,0.4753479999999678
3.878409999999839,0.47568199999996763
3.8800799999998388,0.4760159999999676
3.8817499999998386,0.47634999999996763
3.8834199999998384,0.4766839999999677
3.8850899999998383,0.47701799999996763
3.886759999999838,0.47735199999996747
3.888429999999838,0.4776859999999674
3.890099999999838,0.47801999999996747
3.8917699999998376,0.4783539999999675
3.8934399999998375,0.4786879999999675
3.8951099999998373,0.4790219999999673
3.896779999999837,0.47935599999996725
3.898449999999837,0.4796899999999673
3.900119999999837,0.48002399999996737
3.9017899999998367,0.4803579999999673
3.9034599999998365,0.48069199999996715
3.9051299999998363,0.4810259999999671
3.906799999999836,0.48135999999996715
3.908469999999836,0.4816939999999672
3.910139999999836,0.48202799999996715
3.9118099999998357,0.482361999999967
3.9134799999998355,0.48269599999996693
3.9151499999998354,0.483029999999967
3.916819999999835,0.48336399999996704
3.918489999999835,0.483697999999967
3.920159999999835,0.4840319999999668
3.9218299999998347,0.48436599999996677
3.9234999999998346,0.4846999999999668
3.9251699999998344,0.4850339999999669
3.9268399999998342,0.4853679999999668
3.928509999999834,0.48570199999996666
3.930179999999834,0.4860359999999666
3.9318499999998338,0.48636999999996666
3.9335199999998336,0.4867039999999667
3.9351899999998334,0.48703799999996666
3.9368599999998333,0.4873719999999665
3.938529999999833,0.48770599999996644
3.940199999999833,0.4880399999999665
3.941869999999833,0.48837399999996656
3.9435399999998326,0.4887079999999665
3.9452099999998325,0.48904199999996634
3.9468799999998323,0.4893759999999663
3.948549999999832,0.48970999999996634
3.950219999999832,0.4900439999999664
3.951889999999832,0.49037799999996634
3.9535599999998317,0.4907119999999662
3.9552299999998315,0.4910459999999661
3.9568999999998313,0.4913799999999662
3.958569999999831,0.49171399999996623
3.960239999999831,0.4920479999999662
3.961909999999831,0.492381999999966
3.9635799999998307,0.49271599999996596
3.9652499999998305,0.493049999999966
3.9669199999998304,0.49338399999996607
3.96858999999983,0.4937179999999658
3.97025999999983,0.49405199999996585
3.97192999999983,0.4943859999999658
3.9735999999998297,0.49471999999996585
3.9752699999998296,0.4950539999999659
3.9769399999998294,0.49538799999996563
3.9786099999998292,0.4957219999999657
3.980279999999829,0.49605599999996564
3.981949999999829,0.4963899999999657
3.9836199999998287,0.49672399999996575
3.9852899999998286,0.49705799999996547
3.9869599999998284,0.49739199999996553
3.9886299999998283,0.4977259999999655
3.990299999999828,0.49805999999996553
3.991969999999828,0.4983939999999656
3.9936399999998278,0.4987279999999653
3.9953099999998276,0.49906199999996537
3.9969799999998274,0.4993959999999653
3.9986499999998273,0.49972999999996537
4.000319999999827,0.5000639999999654
4.001989999999827,0.5003979999999653
4.003659999999827,0.5007319999999651
4.005329999999827,0.5010659999999652
4.0069999999998265,0.5013999999999652
4.008669999999826,0.5017339999999653
4.010339999999826,0.5020679999999651
4.012009999999826,0.5024019999999649
4.013679999999826,0.502735999999965
4.015349999999826,0.503069999999965
4.0170199999998255,0.5034039999999649
4.018689999999825,0.5037379999999649
4.020359999999825,0.5040719999999648
4.022029999999825,0.5044059999999648
4.023699999999825,0.5047399999999649
4.025369999999825,0.5050739999999647
4.0270399999998245,0.5054079999999648
4.028709999999824,0.5057419999999646
4.030379999999824,0.5060759999999647
4.032049999999824,0.5064099999999647
4.033719999999824,0.5067439999999646
4.035389999999824,0.5070779999999646
4.037059999999824,0.5074119999999644
4.038729999999823,0.5077459999999645
4.040399999999823,0.5080799999999643
4.042069999999823,0.5084139999999644
4.043739999999823,0.5087479999999645
4.045409999999823,0.5090819999999643
4.047079999999823,0.5094159999999643
4.048749999999822,0.5097499999999642
4.050419999999822,0.5100839999999642
4.052089999999822,0.5104179999999643
4.053759999999822,0.5107519999999641
4.055429999999822,0.5110859999999642
4.057099999999822,0.511419999999964
4.0587699999998215,0.5117539999999641
4.060439999999821,0.5120879999999641
4.062109999999821,0.512421999999964
4.063779999999821,0.5127559999999638
4.065449999999821,0.5130899999999639
4.067119999999821,0.5134239999999639
4.0687899999998205,0.5137579999999637
4.07045999999982,0.5140919999999638
4.07212999999982,0.5144259999999636
4.07379999999982,0.5147599999999637
4.07546999999982,0.5150939999999637
4.07713999999982,0.5154279999999636
4.0788099999998195,0.5157619999999636
4.080479999999819,0.5160959999999635
4.082149999999819,0.5164299999999635
4.083819999999819,0.5167639999999636
4.085489999999819,0.5170979999999634
4.087159999999819,0.5174319999999633
4.0888299999998186,0.5177659999999633
4.090499999999818,0.5180999999999634
4.092169999999818,0.5184339999999634
4.093839999999818,0.5187679999999633
4.095509999999818,0.5191019999999631
4.097179999999818,0.5194359999999631
4.098849999999818,0.5197699999999632
4.100519999999817,0.5201039999999633
4.102189999999817,0.5204379999999631
4.103859999999817,0.5207719999999629
4.105529999999817,0.521105999999963
4.107199999999817,0.521439999999963
4.108869999999817,0.5217739999999631
4.1105399999998165,0.5221079999999627
4.112209999999816,0.5224419999999628
4.113879999999816,0.5227759999999628
4.115549999999816,0.5231099999999629
4.117219999999816,0.5234439999999629
4.118889999999816,0.5237779999999626
4.1205599999998155,0.5241119999999626
4.122229999999815,0.5244459999999627
4.123899999999815,0.5247799999999627
4.125569999999815,0.5251139999999628
4.127239999999815,0.5254479999999624
4.128909999999815,0.5257819999999624
4.1305799999998145,0.5261159999999625
4.132249999999814,0.5264499999999626
4.133919999999814,0.5267839999999624
4.135589999999814,0.5271179999999622
4.137259999999814,0.5274519999999623
4.138929999999814,0.5277859999999623
4.1405999999998135,0.5281199999999624
4.142269999999813,0.5284539999999622
4.143939999999813,0.5287879999999621
4.145609999999813,0.5291219999999621
4.147279999999813,0.5294559999999622
4.148949999999813,0.529789999999962
4.150619999999813,0.5301239999999621
4.152289999999812,0.5304579999999619
4.153959999999812,0.530791999999962
4.155629999999812,0.531125999999962
4.157299999999812,0.5314599999999619
4.158969999999812,0.5317939999999619
4.160639999999812,0.5321279999999617
4.162309999999811,0.5324619999999618
4.163979999999811,0.5327959999999619
4.165649999999811,0.5331299999999617
4.167319999999811,0.5334639999999617
4.168989999999811,0.5337979999999616
4.170659999999811,0.5341319999999616
4.1723299999998105,0.5344659999999617
4.17399999999981,0.5347999999999615
4.17566999999981,0.5351339999999614
4.17733999999981,0.5354679999999614
4.17900999999981,0.5358019999999615
4.18067999999981,0.5361359999999615
4.1823499999998095,0.5364699999999614
4.184019999999809,0.5368039999999612
4.185689999999809,0.5371379999999613
4.187359999999809,0.5374719999999613
4.189029999999809,0.5378059999999614
4.190699999999809,0.5381399999999612
4.1923699999998085,0.538473999999961
4.194039999999808,0.5388079999999611
4.195709999999808,0.5391419999999612
4.197379999999808,0.5394759999999612
4.199049999999808,0.539809999999961
4.200719999999808,0.5401439999999609
4.202389999999808,0.5404779999999609
4.204059999999807,0.540811999999961
4.205729999999807,0.541145999999961
4.207399999999807,0.5414799999999609
4.209069999999807,0.5418139999999607
4.210739999999807,0.5421479999999608
4.212409999999807,0.5424819999999608
4.214079999999806,0.5428159999999607
4.215749999999806,0.5431499999999607
4.217419999999806,0.5434839999999606
4.219089999999806,0.5438179999999606
4.220759999999806,0.5441519999999607
4.222429999999806,0.5444859999999605
4.2240999999998055,0.5448199999999606
4.225769999999805,0.5451539999999604
4.227439999999805,0.5454879999999604
4.229109999999805,0.5458219999999605
4.230779999999805,0.5461559999999603
4.232449999999805,0.5464899999999604
4.2341199999998045,0.5468239999999602
4.235789999999804,0.5471579999999603
4.237459999999804,0.5474919999999603
4.239129999999804,0.5478259999999602
4.240799999999804,0.5481599999999602
4.242469999999804,0.5484939999999601
4.2441399999998035,0.5488279999999601
4.245809999999803,0.5491619999999602
4.247479999999803,0.54949599999996
4.249149999999803,0.5498299999999601
4.250819999999803,0.5501639999999599
4.252489999999803,0.55049799999996
4.2541599999998025,0.55083199999996
4.255829999999802,0.5511659999999599
4.257499999999802,0.5514999999999599
4.259169999999802,0.5518339999999597
4.260839999999802,0.5521679999999598
4.262509999999802,0.5525019999999599
4.264179999999802,0.5528359999999597
4.265849999999801,0.5531699999999597
4.267519999999801,0.5535039999999596
4.269189999999801,0.5538379999999596
4.270859999999801,0.5541719999999595
4.272529999999801,0.5545059999999595
4.274199999999801,0.5548399999999594
4.2758699999998,0.5551739999999594
4.2775399999998,0.5555079999999595
4.2792099999998,0.5558419999999593
4.2808799999998,0.5561759999999594
4.2825499999998,0.5565099999999592
4.2842199999998,0.5568439999999593
4.2858899999997995,0.5571779999999593
4.287559999999799,0.5575119999999592
4.289229999999799,0.5578459999999592
4.290899999999799,0.558179999999959
4.292569999999799,0.5585139999999591
4.294239999999799,0.5588479999999592
4.2959099999997985,0.559181999999959
4.297579999999798,0.559515999999959
4.299249999999798,0.5598499999999589
4.300919999999798,0.5601839999999589
4.302589999999798,0.560517999999959
4.304259999999798,0.5608519999999588
4.3059299999997975,0.5611859999999589
4.307599999999797,0.5615199999999587
4.309269999999797,0.5618539999999588
4.310939999999797,0.5621879999999588
4.312609999999797,0.5625219999999587
4.314279999999797,0.5628559999999585
4.315949999999797,0.5631899999999586
4.317619999999796,0.5635239999999586
4.319289999999796,0.5638579999999587
4.320959999999796,0.5641919999999585
4.322629999999796,0.5645259999999583
4.324299999999796,0.5648599999999584
4.325969999999796,0.5651939999999585
4.327639999999795,0.5655279999999585
4.329309999999795,0.5658619999999583
4.330979999999795,0.5661959999999582
4.332649999999795,0.5665299999999582
4.334319999999795,0.5668639999999583
4.335989999999795,0.5671979999999583
4.3376599999997945,0.5675319999999582
4.339329999999794,0.567865999999958
4.340999999999794,0.5681999999999581
4.342669999999794,0.5685339999999581
4.344339999999794,0.5688679999999582
4.346009999999794,0.569201999999958
4.3476799999997935,0.5695359999999579
4.349349999999793,0.5698699999999579
4.351019999999793,0.570203999999958
4.352689999999793,0.570537999999958
4.354359999999793,0.5708719999999579
4.356029999999793,0.5712059999999577
4.3576999999997925,0.5715399999999577
4.359369999999792,0.5718739999999578
4.361039999999792,0.5722079999999579
4.362709999999792,0.5725419999999575
4.364379999999792,0.5728759999999575
4.366049999999792,0.5732099999999576
4.3677199999997915,0.5735439999999576
4.369389999999791,0.5738779999999577
4.371059999999791,0.5742119999999573
4.372729999999791,0.5745459999999574
4.374399999999791,0.5748799999999574
4.376069999999791,0.5752139999999575
4.377739999999791,0.5755479999999573
4.37940999999979,0.5758819999999572
4.38107999999979,0.5762159999999572
4.38274999999979,0.5765499999999573
4.38441999999979,0.5768839999999573
4.38608999999979,0.5772179999999572
4.38775999999979,0.577551999999957
4.3894299999997894,0.577885999999957
4.391099999999789,0.5782199999999571
4.392769999999789,0.5785539999999572
4.394439999999789,0.5788879999999568
4.396109999999789,0.5792219999999568
4.397779999999789,0.5795559999999569
4.3994499999997885,0.5798899999999569
4.401119999999788,0.580223999999957
4.402789999999788,0.5805579999999566
4.404459999999788,0.5808919999999567
4.406129999999788,0.5812259999999567
4.407799999999788,0.5815599999999568
4.4094699999997875,0.5818939999999568
4.411139999999787,0.5822279999999564
4.412809999999787,0.5825619999999565
4.414479999999787,0.5828959999999566
4.416149999999787,0.5832299999999566
4.417819999999787,0.5835639999999567
4.4194899999997865,0.5838979999999563
4.421159999999786,0.5842319999999563
4.422829999999786,0.5845659999999564
4.424499999999786,0.5848999999999565
4.426169999999786,0.5852339999999565
4.427839999999786,0.5855679999999561
4.429509999999786,0.5859019999999562
4.431179999999785,0.5862359999999562
4.432849999999785,0.5865699999999563
4.434519999999785,0.5869039999999563
4.436189999999785,0.587237999999956
4.437859999999785,0.587571999999956
4.439529999999785,0.5879059999999561
4.441199999999784,0.5882399999999561
4.442869999999784,0.5885739999999557
4.444539999999784,0.5889079999999558
4.446209999999784,0.5892419999999559
4.447879999999784,0.5895759999999559
4.449549999999784,0.589909999999956
4.4512199999997835,0.5902439999999556
4.452889999999783,0.5905779999999556
4.454559999999783,0.5909119999999557
4.456229999999783,0.5912459999999558
4.457899999999783,0.5915799999999558
4.459569999999783,0.5919139999999554
4.4612399999997825,0.5922479999999555
4.462909999999782,0.5925819999999555
4.464579999999782,0.5929159999999556
4.466249999999782,0.5932499999999556
4.467919999999782,0.5935839999999553
4.469589999999782,0.5939179999999553
4.4712599999997815,0.5942519999999554
4.472929999999781,0.5945859999999554
4.474599999999781,0.5949199999999553
4.476269999999781,0.5952539999999551
4.477939999999781,0.5955879999999552
4.479609999999781,0.5959219999999552
4.4812799999997806,0.5962559999999553
4.48294999999978,0.5965899999999551
4.48461999999978,0.5969239999999549
4.48628999999978,0.597257999999955
4.48795999999978,0.597591999999955
4.48962999999978,0.5979259999999551
4.49129999999978,0.5982599999999549
4.492969999999779,0.5985939999999548
4.494639999999779,0.5989279999999548
4.496309999999779,0.5992619999999549
4.497979999999779,0.5995959999999549
4.499649999999779,0.5999299999999548
4.501319999999779,0.6001325136186537
4.5029899999997784,0.6003001634241012
4.504659999999778,0.6004678132295485
4.506329999999778,0.6006354630349959
4.507999999999778,0.6008031128404436
4.509669999999778,0.6009707626458909
4.511339999999778,0.6011384124513384
4.5130099999997775,0.6013060622567858
4.514679999999777,0.6014737120622331
4.516349999999777,0.6016413618676808
4.518019999999777,0.6018090116731283
4.519689999999777,0.6019766614785755
4.521359999999777,0.602144311284023
4.5230299999997765,0.6023119610894705
4.524699999999776,0.602479610894918
4.526369999999776,0.6026472607003655
4.528039999999776,0.6028149105058129
4.529709999999776,0.6029825603112604
4.531379999999776,0.6031502101167077
4.5330499999997755,0.6033178599221554
4.534719999999775,0.6034855097276028
4.536389999999775,0.6036531595330501
4.538059999999775,0.6038208093384976
4.539729999999775,0.6039884591439451
4.541399999999775,0.6041561089493925
4.543069999999775,0.60432375875484
4.544739999999774,0.6044914085602875
4.546409999999774,0.6046590583657347
4.548079999999774,0.6048267081711824
4.549749999999774,0.6049943579766299
4.551419999999774,0.6051620077820772
4.553089999999774,0.6053296575875247
4.554759999999773,0.6054973073929721
4.556429999999773,0.6056649571984196
4.558099999999773,0.6058326070038671
4.559769999999773,0.6060002568093146
4.561439999999773,0.6061679066147618
4.563109999999773,0.6063355564202093
4.5647799999997725,0.606503206225657
4.566449999999772,0.6066708560311045
4.568119999999772,0.6068385058365517
4.569789999999772,0.6070061556419992
4.571459999999772,0.6071738054474467
4.573129999999772,0.6073414552528942
4.5747999999997715,0.6075091050583417
4.576469999999771,0.6076767548637891
4.578139999999771,0.6078444046692364
4.579809999999771,0.6080120544746839
4.581479999999771,0.6081797042801316
4.583149999999771,0.6083473540855788
4.5848199999997705,0.6085150038910263
4.58648999999977,0.6086826536964738
4.58815999999977,0.608850303501921
4.58982999999977,0.6090179533073687
4.59149999999977,0.6091856031128162
4.59316999999977,0.6093532529182635
4.5948399999997696,0.609520902723711
4.596509999999769,0.6096885525291584
4.598179999999769,0.6098562023346059
4.599849999999769,0.6100238521400534
4.601519999999769,0.6101915019455009
4.603189999999769,0.6103591517509481
4.604859999999769,0.6105268015563958
4.606529999999768,0.6106944513618433
4.608199999999768,0.6108621011672908
4.609869999999768,0.611029750972738
4.611539999999768,0.6111974007781855
4.613209999999768,0.6113650505836332
4.614879999999768,0.6115327003890805
4.6165499999997675,0.611700350194528
4.618219999999767,0.6118679999999754
4.619889999999767,0.6120356498054227
4.621559999999767,0.6122032996108704
4.623229999999767,0.6123709494163179
4.624899999999767,0.6125385992217651
4.6265699999997665,0.6127062490272126
4.628239999999766,0.6128738988326601
4.629909999999766,0.6130415486381076
4.631579999999766,0.613209198443555
4.633249999999766,0.6133768482490025
4.634919999999766,0.6135444980544498
4.6365899999997655,0.6137121478598973
4.638259999999765,0.613879797665345
4.639929999999765,0.6140474474707924
4.641599999999765,0.6142150972762397
4.643269999999765,0.6143827470816872
4.644939999999765,0.6145503968871346
4.6466099999997645,0.6147180466925821
4.648279999999764,0.6148856964980296
4.649949999999764,0.6150533463034771
4.651619999999764,0.6152209961089243
4.653289999999764,0.6153886459143718
4.654959999999764,0.6155562957198195
4.656629999999764,0.6157239455252668
4.658299999999763,0.6158915953307142
4.659969999999763,0.6160592451361617
4.661639999999763,0.616226894941609
4.663309999999763,0.6163945447470567
4.664979999999763,0.6165621945525042
4.666649999999763,0.6167298443579514
4.668319999999762,0.6168974941633989
4.669989999999762,0.6170651439688464
4.671659999999762,0.6172327937742939
4.673329999999762,0.6174004435797413
4.674999999999762,0.6175680933851888
4.676669999999762,0.6177357431906361
4.6783399999997615,0.6179033929960835
4.680009999999761,0.6180710428015312
4.681679999999761,0.6182386926069787
4.683349999999761,0.618406342412426
4.685019999999761,0.6185739922178735
4.686689999999761,0.6187416420233212
4.6883599999997605,0.6189092918287684
4.69002999999976,0.6190769416342159
4.69169999999976,0.6192445914396634
4.69336999999976,0.6194122412451106
4.69503999999976,0.6195798910505583
4.69670999999976,0.6197475408560058
4.6983799999997595,0.6199151906614531
4.700049999999759,0.6200828404669005
4.701719999999759,0.6202504902723482
4.703389999999759,0.6204181400777955
4.705059999999759,0.620585789883243
4.706729999999759,0.6207534396886905
4.708399999999759,0.6209210894941377
4.710069999999758,0.6210887392995854
4.711739999999758,0.6212563891050329
4.713409999999758,0.6214240389104801
4.715079999999758,0.6215916887159276
4.716749999999758,0.6217593385213751
4.718419999999758,0.6219269883268228
4.720089999999757,0.6220946381322701
4.721759999999757,0.6222622879377175
4.723429999999757,0.622429937743165
4.725099999999757,0.6225975875486123
4.726769999999757,0.62276523735406
4.728439999999757,0.6229328871595075
4.7301099999997565,0.6231005369649547
4.731779999999756,0.6232681867704022
4.733449999999756,0.6234358365758499
4.735119999999756,0.6236034863812971
4.736789999999756,0.6237711361867446
4.738459999999756,0.6239387859921921
4.7401299999997555,0.6241064357976394
4.741799999999755,0.6242740856030871
4.743469999999755,0.6244417354085345
4.745139999999755,0.6246093852139818
4.746809999999755,0.6247770350194293
4.748479999999755,0.624944684824877
4.7501499999997545,0.6251123346303242
4.751819999999754,0.6252799844357717
4.753489999999754,0.6254476342412192
4.755159999999754,0.6256152840466664
4.756829999999754,0.6257829338521141
4.758499999999754,0.6259505836575616
4.7601699999997535,0.6261182334630091
4.761839999999753,0.6262858832684564
4.763509999999753,0.6264535330739038
4.765179999999753,0.6266211828793515
4.766849999999753,0.6267888326847988
4.768519999999753,0.6269564824902463
4.770189999999753,0.6271241322956937
4.771859999999752,0.627291782101141
4.773529999999752,0.6274594319065887
4.775199999999752,0.6276270817120362
4.776869999999752,0.6277947315174834
4.778539999999752,0.6279623813229309
4.780209999999752,0.6281300311283786
4.781879999999751,0.6282976809338259
4.783549999999751,0.6284653307392734
4.785219999999751,0.6286329805447208
4.786889999999751,0.6288006303501683
4.788559999999751,0.6289682801556158
4.790229999999751,0.629135929961063
4.7918999999997505,0.6293035797665107
4.79356999999975,0.629471229571958
4.79523999999975,0.6296388793774055
4.79690999999975,0.6298065291828532
4.79857999999975,0.6299741789883004
4.80024999999975,0.6301418287937481
4.8019199999997495,0.6303094785991954
4.803589999999749,0.6304771284046429
4.805259999999749,0.6306447782100906
4.806929999999749,0.6308124280155378
4.808599999999749,0.6309800778209851
4.810269999999749,0.6311477276264328
4.8119399999997485,0.6313153774318803
4.813609999999748,0.6314830272373275
4.815279999999748,0.6316506770427752
4.816949999999748,0.6318183268482225
4.818619999999748,0.6319859766536697
4.820289999999748,0.6321536264591177
4.821959999999748,0.6323212762645649
4.823629999999747,0.6324889260700122
4.825299999999747,0.6326565758754599
4.826969999999747,0.6328242256809073
4.828639999999747,0.6329918754863546
4.830309999999747,0.6331595252918023
4.831979999999747,0.6333271750972496
4.833649999999746,0.6334948249026968
4.835319999999746,0.6336624747081447
4.836989999999746,0.633830124513592
4.838659999999746,0.6339977743190393
4.840329999999746,0.634165424124487
4.841999999999746,0.6343330739299342
4.8436699999997455,0.6345007237353821
4.845339999999745,0.6346683735408294
4.847009999999745,0.6348360233462766
4.848679999999745,0.6350036731517243
4.850349999999745,0.6351713229571716
4.852019999999745,0.6353389727626191
4.8536899999997445,0.6355066225680668
4.855359999999744,0.635674272373514
4.857029999999744,0.6358419221789613
4.858699999999744,0.636009571984409
4.860369999999744,0.6361772217898565
4.862039999999744,0.6363448715953037
4.8637099999997435,0.6365125214007514
4.865379999999743,0.6366801712061987
4.867049999999743,0.6368478210116459
4.868719999999743,0.6370154708170939
4.870389999999743,0.6371831206225411
4.872059999999743,0.6373507704279884
4.8737299999997425,0.6375184202334361
4.875399999999742,0.6376860700388836
4.877069999999742,0.6378537198443308
4.878739999999742,0.6380213696497785
4.880409999999742,0.6381890194552258
4.882079999999742,0.6383566692606735
4.883749999999742,0.638524319066121
4.885419999999741,0.6386919688715682
4.887089999999741,0.6388596186770159
4.888759999999741,0.6390272684824632
4.890429999999741,0.6391949182879104
4.892099999999741,0.6393625680933583
4.893769999999741,0.6395302178988056
4.89543999999974,0.6396978677042529
4.89710999999974,0.6398655175097006
4.89877999999974,0.6400331673151478
4.90044999999974,0.6402008171205953
4.90211999999974,0.640368466926043
4.90378999999974,0.6405361167314902
4.9054599999997395,0.6407037665369375
4.907129999999739,0.6408714163423852
4.908799999999739,0.6410390661478327
4.910469999999739,0.6412067159532799
4.912139999999739,0.6413743657587276
4.913809999999739,0.6415420155641749
4.9154799999997385,0.6417096653696222
4.917149999999738,0.6418773151750701
4.918819999999738,0.6420449649805173
4.920489999999738,0.6422126147859646
4.922159999999738,0.6423802645914123
4.923829999999738,0.6425479143968595
4.9254999999997375,0.642715564202307
4.927169999999737,0.6428832140077547
4.928839999999737,0.6430501747572546
4.930509999999737,0.6432155533980308
4.932179999999737,0.6433809320388075
4.933849999999737,0.6435463106795845
4.935519999999737,0.6437116893203612
4.937189999999736,0.6438770679611379
4.938859999999736,0.6440424466019146
4.940529999999736,0.6442078252426913
4.942199999999736,0.6443732038834677
4.943869999999736,0.6445385825242445
4.945539999999736,0.6447039611650212
4.947209999999735,0.6448693398057979
4.948879999999735,0.6450347184465746
4.950549999999735,0.6452000970873515
4.952219999999735,0.6453654757281282
4.953889999999735,0.6455308543689044
4.955559999999735,0.6456962330096812
4.9572299999997345,0.6458616116504579
4.958899999999734,0.6460269902912348
4.960569999999734,0.6461923689320115
4.962239999999734,0.6463577475727882
4.963909999999734,0.6465231262135649
4.965579999999734,0.6466885048543414
4.9672499999997335,0.6468538834951181
4.968919999999733,0.6470192621358948
4.970589999999733,0.6471846407766715
4.972259999999733,0.6473500194174482
4.973929999999733,0.6475153980582251
4.975599999999733,0.6476807766990018
4.9772699999997325,0.6478461553397781
4.978939999999732,0.6480115339805548
4.980609999999732,0.6481769126213315
4.982279999999732,0.6483422912621084
4.983949999999732,0.6485076699028851
4.985619999999732,0.6486730485436618
4.9872899999997315,0.6488384271844381
4.988959999999731,0.6490038058252148
4.990629999999731,0.6491691844659917
4.992299999999731,0.6493345631067684
4.993969999999731,0.6494999417475451
4.995639999999731,0.6496653203883218
4.997309999999731,0.6498306990290985
4.99897999999973,0.649996077669875
5.00064999999973,0.6501614563106517
5.00231999999973,0.6503268349514284
5.00398999999973,0.6504922135922051
5.00565999999973,0.6506575922329818
5.00732999999973,0.6508229708737587
5.0089999999997294,0.6509883495145354
5.010669999999729,0.6511537281553117
5.012339999999729,0.6513191067960884
5.014009999999729,0.6514844854368653
5.015679999999729,0.651649864077642
5.017349999999729,0.6518152427184187
5.0190199999997285,0.6519806213591954
5.020689999999728,0.6521459999999721
5.022359999999728,0.6523113786407486
5.024029999999728,0.6524767572815253
5.025699999999728,0.652642135922302
5.027369999999728,0.6528075145630787
5.0290399999997275,0.6529728932038554
5.030709999999727,0.6531382718446324
5.032379999999727,0.6533036504854091
5.034049999999727,0.6534690291261853
5.035719999999727,0.653634407766962
5.037389999999727,0.653799786407739
5.0390599999997265,0.6539651650485157
5.040729999999726,0.6541305436892924
5.042399999999726,0.6542959223300691
5.044069999999726,0.6544613009708458
5.045739999999726,0.6546266796116222
5.047409999999726,0.654792058252399
5.049079999999726,0.6549574368931756
5.050749999999725,0.6551228155339524
5.052419999999725,0.655288194174729
5.054089999999725,0.655453572815506
5.055759999999725,0.6556189514562827
5.057429999999725,0.6557843300970589
5.059099999999725,0.6559497087378356
5.060769999999724,0.6561150873786126
5.062439999999724,0.6562804660193893
5.064109999999724,0.656445844660166
5.065779999999724,0.6566112233009427
5.067449999999724,0.6567766019417189
5.069119999999724,0.6569419805824959
5.0707899999997235,0.6571073592232726
5.072459999999723,0.6572741945525005
5.074129999999723,0.6574418443579477
5.075799999999723,0.6576094941633954
5.077469999999723,0.6577771439688429
5.079139999999723,0.6579447937742902
5.0808099999997225,0.6581124435797379
5.082479999999722,0.6582800933851851
5.084149999999722,0.6584477431906326
5.085819999999722,0.6586153929960803
5.087489999999722,0.6587830428015276
5.089159999999722,0.6589506926069748
5.0908299999997215,0.6591183424124225
5.092499999999721,0.65928599221787
5.094169999999721,0.6594536420233172
5.095839999999721,0.6596212918287649
5.097509999999721,0.6597889416342122
5.099179999999721,0.6599565914396595
5.1008499999997206,0.6601242412451074
5.10251999999972,0.6602918910505546
5.10418999999972,0.6604595408560019
5.10585999999972,0.6606271906614496
5.10752999999972,0.6607948404668971
5.10919999999972,0.6609624902723448
5.11086999999972,0.661130140077792
5.112539999999719,0.6612977898832393
5.114209999999719,0.661465439688687
5.115879999999719,0.6616330894941345
5.117549999999719,0.6618007392995817
5.119219999999719,0.6619683891050294
5.120889999999719,0.6621360389104767
5.1225599999997184,0.6623036887159239
5.124229999999718,0.6624713385213719
5.125899999999718,0.6626389883268191
5.127569999999718,0.6628066381322664
5.129239999999718,0.6629742879377141
5.130909999999718,0.6631419377431613
5.1325799999997175,0.6633095875486088
5.134249999999717,0.6634772373540565
5.135919999999717,0.6636448871595038
5.137589999999717,0.663812536964951
5.139259999999717,0.6639801867703989
5.140929999999717,0.6641478365758462
5.1425999999997165,0.6643154863812935
5.144269999999716,0.6644831361867412
5.145939999999716,0.6646507859921884
5.147609999999716,0.6648184357976363
5.149279999999716,0.6649860856030836
5.150949999999716,0.6651537354085308
5.1526199999997155,0.6653213852139785
5.154289999999715,0.665489035019426
5.155959999999715,0.6656566848248733
5.157629999999715,0.665824334630321
5.159299999999715,0.6659919844357682
5.160969999999715,0.6661596342412155
5.162639999999715,0.6663272840466634
5.164309999999714,0.6664949338521107
5.165979999999714,0.6666625836575579
5.167649999999714,0.6668302334630056
5.169319999999714,0.6669978832684529
5.170989999999714,0.6671655330739004
5.172659999999714,0.6673331828793481
5.174329999999713,0.6675008326847953
5.175999999999713,0.6676684824902426
5.177669999999713,0.6678361322956903
5.179339999999713,0.6680037821011378
5.181009999999713,0.668171431906585
5.182679999999713,0.6683390817120327
5.1843499999997125,0.66850673151748
5.186019999999712,0.6686743813229272
5.187689999999712,0.6688420311283751
5.189359999999712,0.6690096809338224
5.191029999999712,0.6691773307392701
5.192699999999712,0.6693449805447174
5.1943699999997115,0.6695126303501646
5.196039999999711,0.6696802801556125
5.197709999999711,0.6698479299610598
5.199379999999711,0.670015579766507
5.201049999999711,0.6701832295719548
5.202719999999711,0.670350879377402
5.2043899999997105,0.6705185291828495
5.20605999999971,0.6706861789882972
5.20772999999971,0.6708538287937444
5.20939999999971,0.6710214785991917
5.21106999999971,0.6711891284046396
5.21273999999971,0.6713567782100869
5.2144099999997096,0.6715244280155341
5.216079999999709,0.6716920778209818
5.217749999999709,0.6718597276264291
5.219419999999709,0.6720273774318766
5.221089999999709,0.6721950272373243
5.222759999999709,0.6723626770427715
5.224429999999709,0.6725303268482188
5.226099999999708,0.6726979766536665
5.227769999999708,0.672865626459114
5.229439999999708,0.6730332762645612
5.231109999999708,0.6732009260700089
5.232779999999708,0.6733685758754562
5.234449999999708,0.6735362256809039
5.2361199999997075,0.6737038754863514
5.237789999999707,0.6738715252917986
5.239459999999707,0.6740391750972463
5.241129999999707,0.6742068249026936
5.242799999999707,0.6743744747081408
5.244469999999707,0.6745421245135887
5.2461399999997065,0.674709774319036
5.247809999999706,0.6748774241244833
5.249479999999706,0.675045073929931
5.251149999999706,0.6752127237353782
5.252819999999706,0.6753803735408257
5.254489999999706,0.6755480233462734
5.2561599999997055,0.6757156731517207
5.257829999999705,0.6758833229571679
5.259499999999705,0.6760509727626156
5.261169999999705,0.6762186225680631
5.262839999999705,0.6763862723735103
5.264509999999705,0.676553922178958
5.2661799999997045,0.6767215719844053
5.267849999999704,0.6768892217898526
5.269519999999704,0.6770568715953005
5.271189999999704,0.6772245214007477
5.272859999999704,0.677392171206195
5.274529999999704,0.6775598210116427
5.276199999999704,0.6777274708170902
5.277869999999703,0.6778951206225379
5.279539999999703,0.6780627704279851
5.281209999999703,0.6782304202334324
5.282879999999703,0.6783980700388801
5.284549999999703,0.6785657198443276
5.286219999999703,0.6787333696497748
5.287889999999702,0.6789010194552225
5.289559999999702,0.6790686692606698
5.291229999999702,0.679236319066117
5.292899999999702,0.679403968871565
5.294569999999702,0.6795716186770122
5.296239999999702,0.6797392684824595
5.2979099999997015,0.6799069182879072
5.299579999999701,0.6800745680933544
5.301249999999701,0.6802422178988019
5.302919999999701,0.6804098677042496
5.304589999999701,0.6805775175096969
5.306259999999701,0.6807451673151441
5.3079299999997005,0.6809128171205918
5.3095999999997,0.6810804669260393
5.3112699999997,0.6812481167314866
5.3129399999997,0.6814157665369343
5.3146099999997,0.6815834163423815
5.3162799999997,0.6817510661478292
5.3179499999996995,0.6819187159532767
5.319619999999699,0.682086365758724
5.321289999999699,0.6822540155641716
5.322959999999699,0.6824216653696189
5.324629999999699,0.6825893151750662
5.326299999999699,0.6827569649805141
5.327969999999699,0.6829246147859613
5.329639999999698,0.6830922645914086
5.331309999999698,0.6832599143968563
5.332979999999698,0.6834275642023036
5.334649999999698,0.683595214007751
5.336319999999698,0.6837628638131987
5.337989999999698,0.683930513618646
5.339659999999697,0.6840981634240932
5.341329999999697,0.6842658132295409
5.342999999999697,0.6844334630349884
5.344669999999697,0.6846011128404357
5.346339999999697,0.6847687626458834
5.348009999999697,0.6849364124513306
5.3496799999996965,0.6851040622567779
5.351349999999696,0.6852717120622258
5.353019999999696,0.6854393618676731
5.354689999999696,0.6856070116731203
5.356359999999696,0.685774661478568
5.358029999999696,0.6859408349514253
5.3596999999996955,0.6861062135922023
5.361369999999695,0.686271592232979
5.363039999999695,0.6864369708737557
5.364709999999695,0.6866023495145324
5.366379999999695,0.6867677281553086
5.368049999999695,0.6869331067960855
5.3697199999996945,0.6870984854368622
5.371389999999694,0.687263864077639
5.373059999999694,0.6874292427184157
5.374729999999694,0.6875946213591924
5.376399999999694,0.6877599999999693
5.378069999999694,0.6879253786407455
5.3797399999996935,0.6880907572815222
5.381409999999693,0.688256135922299
5.383079999999693,0.6884215145630759
5.384749999999693,0.6885868932038526
5.386419999999693,0.6887522718446293
5.388089999999693,0.688917650485406
5.389759999999693,0.6890830291261822
5.391429999999692,0.6892484077669592
5.393099999999692,0.6894137864077359
5.394769999999692,0.6895791650485126
5.396439999999692,0.6897445436892893
5.398109999999692,0.689909922330066
5.399779999999692,0.6900753009708425
5.401449999999691,0.6902406796116192
5.403119999999691,0.6904060582523959
5.404789999999691,0.6905714368931726
5.406459999999691,0.6907368155339493
5.408129999999691,0.6909021941747262
5.409799999999691,0.6910675728155029
5.4114699999996905,0.6912329514562792
5.41313999999969,0.6913983300970559
5.41480999999969,0.6915637087378326
5.41647999999969,0.6917290873786095
5.41814999999969,0.6918944660193862
5.41981999999969,0.6920598446601629
5.4214899999996895,0.6922252233009396
5.423159999999689,0.6923906019417159
5.424829999999689,0.6925559805824928
5.426499999999689,0.6927213592232695
5.428169999999689,0.6928867378640462
5.429839999999689,0.6930521165048229
5.4315099999996885,0.6932174951455996
5.433179999999688,0.6933828737863765
5.434849999999688,0.6935482524271528
5.436519999999688,0.6937136310679295
5.438189999999688,0.6938790097087062
5.439859999999688,0.6940443883494831
5.441529999999688,0.6942097669902598
5.443199999999687,0.6943751456310365
5.444869999999687,0.6945405242718132
5.446539999999687,0.6947059029125895
5.448209999999687,0.6948712815533664
5.449879999999687,0.6950366601941431
5.451549999999687,0.6952020388349198
5.453219999999686,0.6953674174756965
5.454889999999686,0.6955327961164732
5.456559999999686,0.6956981747572502
5.458229999999686,0.6958635533980264
5.459899999999686,0.6960289320388031
5.461569999999686,0.6961943106795798
5.4632399999996855,0.6963596893203565
5.464909999999685,0.6965250679611334
5.466579999999685,0.6966904466019102
5.468249999999685,0.6968558252426864
5.469919999999685,0.6970212038834631
5.471589999999685,0.6971865825242398
5.4732599999996845,0.6973519611650167
5.474929999999684,0.6975173398057934
5.476599999999684,0.6976827184465701
5.478269999999684,0.6978480970873469
5.479939999999684,0.6980134757281231
5.481609999999684,0.6981788543689
5.4832799999996835,0.6983442330096767
5.484949999999683,0.6985096116504534
5.486619999999683,0.6986749902912301
5.488289999999683,0.6988403689320069
5.489959999999683,0.6990057475727838
5.491629999999683,0.69917112621356
5.4932999999996825,0.6993365048543367
5.494969999999682,0.6995018834951134
5.496639999999682,0.6996672621358901
5.498309999999682,0.6998326407766671
5.499979999999682,0.6999980194174438
5.501649999999682,0.6999999999999995
5.503319999999682,0.6999999999999995
5.504989999999681,0.6999999999999997
5.506659999999681,0.6999999999999995
5.508329999999681,0.6999999999999995
5.509999999999681,0.6999999999999997
5.511669999999681,0.6999999999999995
5.513339999999681,0.6999999999999995
5.5150099999996804,0.6999999999999997
5.51667999999968,0.6999999999999995
5.51834999999968,0.6999999999999995
5.52001999999968,0.6999999999999997
5.52168999999968,0.6999999999999995
5.52335999999968,0.6999999999999995
5.5250299999996795,0.6999999999999997
5.526699999999679,0.6999999999999995
5.528369999999679,0.6999999999999993
5.530039999999679,0.6999999999999997
5.531709999999679,0.6999999999999995
5.533379999999679,0.6999999999999993
5.5350499999996785,0.6999999999999997
5.536719999999678,0.6999999999999995
5.538389999999678,0.6999999999999993
5.540059999999678,0.6999999999999997
5.541729999999678,0.6999999999999995
5.543399999999678,0.6999999999999993
5.5450699999996775,0.6999999999999997
5.546739999999677,0.6999999999999995
5.548409999999677,0.6999999999999993
5.550079999999677,0.6999999999999997
5.551749999999677,0.6999999999999995
5.553419999999677,0.6999999999999993
5.555089999999677,0.6999999999999997
5.556759999999676,0.6999999999999995
5.558429999999676,0.6999999999999993
5.560099999999676,0.6999999999999997
5.561769999999676,0.6999999999999995
5.563439999999676,0.6999999999999993
5.565109999999676,0.6999999999999997
5.566779999999675,0.6999999999999995
5.568449999999675,0.6999999999999993
5.570119999999675,0.6999999999999995
5.571789999999675,0.6999999999999995
5.573459999999675,0.6999999999999993
5.575129999999675,0.6999999999999995
5.5767999999996745,0.6999999999999995
5.578469999999674,0.6999999999999993
5.580139999999674,0.6999999999999995
5.581809999999674,0.6999999999999995
5.583479999999674,0.6999999999999993
5.585149999999674,0.6999999999999995
5.5868199999996735,0.6999999999999995
5.588489999999673,0.6999999999999993
5.590159999999673,0.6999999999999995
5.591829999999673,0.6999999999999995
5.593499999999673,0.6999999999999993
5.595169999999673,0.6999999999999995
5.5968399999996725,0.6999999999999995
5.598509999999672,0.6999999999999993
5.600179999999672,0.6999999999999995
5.601849999999672,0.6999999999999993
5.603519999999672,0.6999999999999993
5.605189999999672,0.6999999999999995
5.6068599999996716,0.6999999999999993
5.608529999999671,0.6999999999999993
5.610199999999671,0.6999999999999995
5.611869999999671,0.6999999999999993
5.613539999999671,0.6999999999999993
5.615209999999671,0.6999999999999995
5.616879999999671,0.6999999999999993
5.61854999999967,0.6999999999999993
5.62021999999967,0.6999999999999995
5.62188999999967,0.6999999999999993
5.62355999999967,0.6999999999999993
5.62522999999967,0.6999999999999995
5.62689999999967,0.6999999999999993
5.6285699999996694,0.6999999999999993
5.630239999999669,0.6999999999999995
5.631909999999669,0.6999999999999993
5.633579999999669,0.6999999999999993
5.635249999999669,0.6999999999999995
5.636919999999669,0.6999999999999993
5.6385899999996685,0.6999999999999993
5.640259999999668,0.6999999999999995
5.641929999999668,0.6999999999999993
5.643599999999668,0.6999999999999991
5.645269999999668,0.6999999999999995
5.646939999999668,0.6999999999999993
5.6486099999996675,0.6999999999999991
5.650279999999667,0.6999999999999995
5.651949999999667,0.6999999999999993
5.653619999999667,0.6999999999999991
5.655289999999667,0.6999999999999995
5.656959999999667,0.6999999999999993
5.6586299999996665,0.6999999999999991
5.660299999999666,0.6999999999999995
5.661969999999666,0.6999999999999993
5.663639999999666,0.6999999999999995
5.665309999999666,0.6999999999999995
5.666979999999666,0.6999999999999993
5.668649999999666,0.6999999999999995
5.670319999999665,0.6999999999999995
5.671989999999665,0.6999999999999993
5.673659999999665,0.6999999999999995
5.675329999999665,0.6999999999999995
5.676999999999665,0.6999999999999993
5.678669999999665,0.6999999999999995
5.680339999999664,0.6999999999999993
5.682009999999664,0.6999999999999993
5.683679999999664,0.6999999999999995
5.685349999999664,0.6999999999999993
5.687019999999664,0.6999999999999993
5.688689999999664,0.6999999999999995
5.6903599999996635,0.6999999999999993
5.692029999999663,0.6999999999999993
5.693699999999663,0.6999999999999995
5.695369999999663,0.6999999999999993
5.697039999999663,0.6999999999999993
5.698709999999663,0.6999999999999995
5.7003799999996625,0.6999999999999993
5.702049999999662,0.6999999999999993
5.703719999999662,0.6999999999999995
5.705389999999662,0.6999999999999993
5.707059999999662,0.6999999999999997
5.708729999999662,0.6999999999999995
5.7103999999996615,0.6999999999999993
5.712069999999661,0.6999999999999997
5.713739999999661,0.6999999999999995
5.715409999999661,0.6999999999999993
5.717079999999661,0.6999999999999997
5.718749999999661,0.6999999999999995
5.7204199999996606,0.6999999999999993
5.72208999999966,0.6999999999999995
5.72375999999966,0.6999999999999995
5.72542999999966,0.6999999999999993
5.72709999999966,0.6999999999999995
5.72876999999966,0.6999999999999995
5.73043999999966,0.6999999999999993
5.732109999999659,0.6999999999999995
5.733779999999659,0.6999999999999995
5.735449999999659,0.6999999999999993
5.737119999999659,0.6999999999999995
5.738789999999659,0.6999999999999995
5.740459999999659,0.6999999999999993
5.7421299999996585,0.6999999999999995
5.743799999999658,0.6999999999999995
5.745469999999658,0.6999999999999993
5.747139999999658,0.6999999999999995
5.748809999999658,0.6999999999999995
5.750479999999658,0.6999999999999997
5.7521499999996575,0.6999999999999995
5.753819999999657,0.6999999999999993
5.755489999999657,0.6999999999999997
5.757159999999657,0.6999999999999995
5.758829999999657,0.6999999999999993
5.760499999999657,0.6999999999999997
5.7621699999996565,0.6999999999999995
5.763839999999656,0.6999999999999993
5.765509999999656,0.6999999999999997
5.767179999999656,0.6999999999999995
5.768849999999656,0.6999999999999993
5.770519999999656,0.6999999999999997
5.7721899999996555,0.6999999999999995
5.773859999999655,0.6999999999999993
5.775529999999655,0.6999999999999997
5.777199999999655,0.6999999999999995
5.778869999999655,0.6999999999999993
5.780539999999655,0.6999999999999997
5.782209999999655,0.6999999999999995
5.783879999999654,0.6999999999999993
5.785549999999654,0.6999999999999997
5.787219999999654,0.6999999999999993
5.788889999999654,0.6999999999999997
5.790559999999654,0.6999999999999997
5.792229999999654,0.6999999999999993
5.793899999999653,0.6999999999999997
5.795569999999653,0.6999999999999997
5.797239999999653,0.6999999999999993
5.798909999999653,0.6999999999999997
5.800579999999653,0.6999999999999997
5.802249999999653,0.6999999999999993
5.8039199999996525,0.6999999999999997
5.805589999999652,0.6999999999999997
5.807259999999652,0.6999999999999993
5.808929999999652,0.6999999999999997
5.810599999999652,0.6999999999999997
5.812269999999652,0.6999999999999993
5.8139399999996515,0.6999999999999997
5.815609999999651,0.6999999999999997
5.817279999999651,0.6999999999999993
5.818949999999651,0.6999999999999997
5.820619999999651,0.6999999999999997
5.822289999999651,0.6999999999999993
5.8239599999996505,0.6999999999999997
5.82562999999965,0.6999999999999993
5.82729999999965,0.6999999999999993
5.82896999999965,0.6999999999999997
5.83063999999965,0.6999999999999993
5.83230999999965,0.6999999999999997
5.83397999999965,0.6999999999999997
5.835649999999649,0.6999999999999993
5.837319999999649,0.6999999999999997
5.838989999999649,0.6999999999999997
5.840659999999649,0.6999999999999993
5.842329999999649,0.6999999999999997
5.843999999999649,0.6999999999999997
5.845669999999648,0.6999999999999993
5.847339999999648,0.6999999999999997
5.849009999999648,0.6999999999999997
5.850679999999648,0.6999999999999993
5.852349999999648,0.6999999999999997
5.854019999999648,0.6999999999999997
5.8556899999996475,0.6999999999999993
5.857359999999647,0.6999999999999997
5.859029999999647,0.6999999999999997
5.860699999999647,0.6999999999999993
5.862369999999647,0.6999999999999997
5.864039999999647,0.6999999999999993
5.8657099999996465,0.6999999999999993
5.867379999999646,0.6999999999999997
5.869049999999646,0.6999999999999993
5.870719999999646,0.6999999999999993
5.872389999999646,0.6999999999999997
5.874059999999646,0.6999999999999993
5.8757299999996455,0.6999999999999997
5.877399999999645,0.6999999999999997
5.879069999999645,0.6999999999999993
5.880739999999645,0.6999999999999997
5.882409999999645,0.6999999999999997
5.884079999999645,0.6999999999999993
5.8857499999996445,0.6999999999999997
5.887419999999644,0.6999999999999997
5.889089999999644,0.6999999999999993
5.890759999999644,0.6999999999999997
5.892429999999644,0.6999999999999997
5.894099999999644,0.6999999999999993
5.895769999999644,0.6999999999999997
5.897439999999643,0.6999999999999997
5.899109999999643,0.6999999999999993
5.900779999999643,0.6999999999999997
5.902449999999643,0.6999999999999997
5.904119999999643,0.6999999999999993
5.905789999999643,0.6999999999999997
5.907459999999642,0.6999999999999993
5.909129999999642,0.6999999999999993
5.910799999999642,0.6999999999999997
5.912469999999642,0.6999999999999993
5.914139999999642,0.6999999999999993
5.915809999999642,0.6999999999999997
5.9174799999996415,0.6999999999999993
5.919149999999641,0.6999999999999997
5.920819999999641,0.6999999999999997
5.922489999999641,0.6999999999999993
5.924159999999641,0.6999999999999997
5.925829999999641,0.6999999999999997
5.9274999999996405,0.6999999999999993
5.92916999999964,0.6999999999999993
5.93083999999964,0.6999999999999993
5.93250999999964,0.6999999999999997
5.93417999999964,0.6999999999999997
5.93584999999964,0.6999999999999997
5.9375199999996395,0.6999999999999997
5.939189999999639,0.6999999999999993
5.940859999999639,0.6999999999999993
5.942529999999639,0.6999999999999993
5.944199999999639,0.6999999999999997
5.945869999999639,0.6999999999999997
5.947539999999639,0.6999999999999997
5.949209999999638,0.6999999999999997
5.950879999999638,0.6999999999999993
5.952549999999638,0.6999999999999993
5.954219999999638,0.6999999999999997
5.955889999999638,0.6999999999999997
5.957559999999638,0.6999999999999997
5.959229999999637,0.6999999999999997
5.960899999999637,0.6999999999999997
5.962569999999637,0.6999999999999993
5.964239999999637,0.6999999999999993
5.965909999999637,0.6999999999999997
5.967579999999637,0.6999999999999997
5.9692499999996365,0.6999999999999997
5.970919999999636,0.6999999999999997
5.972589999999636,0.6999999999999993
5.974259999999636,0.6999999999999993
5.975929999999636,0.6999999999999993
5.977599999999636,0.6999999999999997
5.9792699999996355,0.6999999999999997
5.980939999999635,0.6999999999999997
5.982609999999635,0.6999999999999997
5.984279999999635,0.6999999999999993
5.985949999999635,0.6999999999999993
5.987619999999635,0.6999999999999993
5.9892899999996345,0.6999999999999997
5.990959999999634,0.6999999999999997
5.992629999999634,0.6999999999999997
5.994299999999634,0.6999999999999997
5.995969999999634,0.6999999999999993
5.997639999999634,0.6999999999999993
5.9993099999996335,0.6999999999999993
6.000979999999633,0.6999999999999997
6.002649999999633,0.6999999999999997
6.004319999999633,0.6999999999999997
6.005989999999633,0.6999999999999997
6.007659999999633,0.6999999999999993
6.009329999999633,0.6999999999999993
6.010999999999632,0.6999999999999993
6.012669999999632,0.6999999999999997
6.014339999999632,0.6999999999999997
6.016009999999632,0.6999999999999997
6.017679999999632,0.6999999999999997
6.019349999999632,0.6999999999999993
6.0210199999996314,0.6999999999999993
6.022689999999631,0.6999999999999993
6.024359999999631,0.6999999999999997
6.026029999999631,0.6999999999999997
6.027699999999631,0.6999999999999997
6.029369999999631,0.6999999999999997
6.0310399999996305,0.6999999999999993
6.03270999999963,0.6999999999999993
6.03437999999963,0.6999999999999997
6.03604999999963,0.6999999999999997
6.03771999999963,0.6999999999999997
6.03938999999963,0.6999999999999997
6.0410599999996295,0.6999999999999997
6.042729999999629,0.6999999999999993
6.044399999999629,0.6999999999999993
6.046069999999629,0.6999999999999997
6.047739999999629,0.6999999999999997
6.049409999999629,0.6999999999999997
6.0510799999996285,0.6999999999999997
6.052749999999628,0.6999999999999993
6.054419999999628,0.6999999999999993
6.056089999999628,0.6999999999999993
6.057759999999628,0.6999999999999997
6.059429999999628,0.6999999999999997
6.061099999999628,0.6999999999999997
6.062769999999627,0.6999999999999997
6.064439999999627,0.6999999999999993
6.066109999999627,0.6999999999999993
6.067779999999627,0.6999999999999993
6.069449999999627,0.6999999999999997
6.071119999999627,0.6999999999999997
6.072789999999626,0.6999999999999993
6.074459999999626,0.6999999999999997
6.076129999999626,0.6999999999999997
6.077799999999626,0.6999999999999993
6.079469999999626,0.6999999999999997
6.081139999999626,0.6999999999999997
6.0828099999996255,0.6999999999999993
6.084479999999625,0.6999999999999997
6.086149999999625,0.6999999999999993
6.087819999999625,0.6999999999999993
6.089489999999625,0.6999999999999997
6.091159999999625,0.6999999999999993
6.0928299999996245,0.6999999999999997
6.094499999999624,0.6999999999999997
6.096169999999624,0.6999999999999993
6.097839999999624,0.6999999999999997
6.099509999999624,0.6999999999999997
6.101179999999624,0.6999999999999993
6.1028499999996235,0.6999999999999997
6.104519999999623,0.6999999999999997
6.106189999999623,0.6999999999999993
6.107859999999623,0.6999999999999997
6.109529999999623,0.6999999999999997
6.111199999999623,0.6999999999999993
6.1128699999996226,0.6999999999999997
6.114539999999622,0.6999999999999997
6.116209999999622,0.6999999999999993
6.117879999999622,0.6999999999999997
6.119549999999622,0.6999999999999997
6.121219999999622,0.6999999999999993
6.122889999999622,0.6999999999999997
6.124559999999621,0.6999999999999993
6.126229999999621,0.6999999999999993
6.127899999999621,0.6999999999999997
6.129569999999621,0.6999999999999993
6.131239999999621,0.6999999999999993
6.132909999999621,0.6999999999999997
6.1345799999996204,0.6999999999999993
6.13624999999962,0.6999999999999997
6.13791999999962,0.6999999999999997
6.13958999999962,0.6999999999999993
6.14125999999962,0.6999999999999997
6.14292999999962,0.6999999999999997
6.1445999999996195,0.6999999999999993
6.146269999999619,0.6999999999999997
6.147939999999619,0.6999999999999997
6.149609999999619,0.6999999999999993
6.151279999999619,0.6999999999999997
6.152949999999619,0.6999999999999997
6.1546199999996185,0.6999999999999993
6.156289999999618,0.6999999999999997
6.157959999999618,0.6999999999999997
6.159629999999618,0.6999999999999993
6.161299999999618,0.6999999999999997
6.162969999999618,0.6999999999999997
6.1646399999996175,0.6999999999999993
6.166309999999617,0.6999999999999997
6.167979999999617,0.6999999999999997
6.169649999999617,0.6999999999999993
6.171319999999617,0.6999999999999997
6.172989999999617,0.6999999999999993
6.174659999999617,0.6999999999999993
6.176329999999616,0.6999999999999997
6.177999999999616,0.6999999999999993
6.179669999999616,0.6999999999999997
6.181339999999616,0.6999999999999997
6.183009999999616,0.6999999999999993
6.184679999999616,0.6999999999999997
6.186349999999615,0.6999999999999997
6.188019999999615,0.6999999999999993
6.189689999999615,0.6999999999999997
6.191359999999615,0.6999999999999997
6.193029999999615,0.6999999999999993
6.194699999999615,0.6999999999999997
6.1963699999996145,0.6999999999999997
6.198039999999614,0.6999999999999993
6.199709999999614,0.6999999999999997
6.201379999999614,0.6999999999999997
6.203049999999614,0.6999999999999993
6.204719999999614,0.6999999999999997
6.2063899999996135,0.6999999999999997
6.208059999999613,0.6999999999999993
6.209729999999613,0.6999999999999997
6.211399999999613,0.6999999999999993
6.213069999999613,0.6999999999999993
6.214739999999613,0.6999999999999997
6.2164099999996125,0.6999999999999993
6.218079999999612,0.6999999999999993
6.219749999999612,0.6999999999999997
6.221419999999612,0.6999999999999993
6.223089999999612,0.6999999999999993
6.224759999999612,0.6999999999999997
6.2264299999996116,0.6999999999999993
6.228099999999611,0.6999999999999993
6.229769999999611,0.6999999999999997
6.231439999999611,0.6999999999999993
6.233109999999611,0.6999999999999993
6.234779999999611,0.6999999999999997
6.236449999999611,0.6999999999999993
6.23811999999961,0.6999999999999993
6.23978999999961,0.6999999999999997
6.24145999999961,0.6999999999999993
6.24312999999961,0.6999999999999993
6.24479999999961,0.6999999999999997
6.24646999999961,0.6999999999999993
6.2481399999996095,0.6999999999999997
6.249809999999609,0.6999999999999997
6.251479999999609,0.6999999999999993
6.253149999999609,0.6999999999999997
6.254819999999609,0.6999999999999993
6.256489999999609,0.6999999999999993
6.2581599999996085,0.6999999999999997
6.259829999999608,0.6999999999999993
6.261499999999608,0.6999999999999993
6.263169999999608,0.6999999999999997
6.264839999999608,0.6999999999999993
6.266509999999608,0.6999999999999993
6.2681799999996075,0.6999999999999997
6.269849999999607,0.6999999999999993
6.271519999999607,0.6999999999999993
6.273189999999607,0.6999999999999997
6.274859999999607,0.6999999999999993
6.276529999999607,0.6999999999999993
6.2781999999996065,0.6999999999999997
6.279869999999606,0.6999999999999993
6.281539999999606,0.6999999999999993
6.283209999999606,0.6999999999999997
6.284879999999606,0.6999999999999993
6.286549999999606,0.6999999999999993
6.288219999999606,0.6999999999999997
6.289889999999605,0.6999999999999993
6.291559999999605,0.6999999999999993
6.293229999999605,0.6999999999999993
6.294899999999605,0.6999999999999993
6.296569999999605,0.6999999999999993
6.298239999999605,0.6999999999999993
6.299909999999604,0.6999999999999993
6.301579999999604,0.6999999999999993
6.303249999999604,0.6999999999999993
6.304919999999604,0.6999999999999993
6.306589999999604,0.6999999999999993
6.308259999999604,0.6999999999999993
6.3099299999996035,0.6999999999999993
6.311599999999603,0.6999999999999993
6.313269999999603,0.6999999999999993
6.314939999999603,0.6999999999999993
6.316609999999603,0.6999999999999993
6.318279999999603,0.6999999999999993
6.3199499999996025,0.6999999999999993
6.321619999999602,0.6999999999999993
6.323289999999602,0.6999999999999993
6.324959999999602,0.6999999999999993
6.326629999999602,0.6999999999999993
6.328299999999602,0.6999999999999993
6.3299699999996015,0.6999999999999993
6.331639999999601,0.6999999999999993
6.333309999999601,0.6999999999999993
6.334979999999601,0.6999999999999993
6.336649999999601,0.6999999999999993
6.338319999999601,0.6999999999999993
6.339989999999601,0.6999999999999993
6.3416599999996,0.6999999999999988
6.3433299999996,0.6999999999999993
6.3449999999996,0.6999999999999993
6.3466699999996,0.6999999999999988
6.3483399999996,0.6999999999999993
6.3500099999996,0.6999999999999993
6.351679999999599,0.6999999999999988
6.353349999999599,0.6999999999999993
6.355019999999599,0.6999999999999993
6.356689999999599,0.6999999999999988
6.358359999999599,0.6999999999999993
6.360029999999599,0.6999999999999993
6.3616999999995985,0.6999999999999993
6.363369999999598,0.6999999999999988
6.365039999999598,0.6999999999999988
6.366709999999598,0.6999999999999993
6.368379999999598,0.6999999999999993
6.370049999999598,0.6999999999999993
6.3717199999995975,0.6999999999999993
6.373389999999597,0.6999999999999993
6.375059999999597,0.6999999999999988
6.376729999999597,0.6999999999999988
6.378399999999597,0.6999999999999993
6.380069999999597,0.6999999999999993
6.3817399999995965,0.6999999999999993
6.383409999999596,0.6999999999999993
6.385079999999596,0.6999999999999988
6.386749999999596,0.6999999999999988
6.388419999999596,0.6999999999999988
6.390089999999596,0.6999999999999993
6.3917599999995955,0.6999999999999993
6.393429999999595,0.6999999999999993
6.395099999999595,0.6999999999999993
6.396769999999595,0.6999999999999988
6.398439999999595,0.6999999999999988
6.400109999999595,0.6999999999999988
6.401779999999595,0.6999999999999993
6.403449999999594,0.6999999999999993
6.405119999999594,0.6999999999999993
6.406789999999594,0.6999999999999993
6.408459999999594,0.6999999999999988
6.410129999999594,0.6999999999999988
6.411799999999594,0.6999999999999988
6.413469999999593,0.6999999999999993
6.415139999999593,0.6999999999999993
6.416809999999593,0.6999999999999993
6.418479999999593,0.6999999999999993
6.420149999999593,0.6999999999999988
6.421819999999593,0.6999999999999988
6.4234899999995925,0.6999999999999988
6.425159999999592,0.6999999999999993
6.426829999999592,0.6999999999999993
6.428499999999592,0.6999999999999993
6.430169999999592,0.6999999999999993
6.431839999999592,0.6999999999999988
6.4335099999995915,0.6999999999999988
6.435179999999591,0.6999999999999993
6.436849999999591,0.6999999999999993
6.438519999999591,0.6999999999999993
6.440189999999591,0.6999999999999993
6.441859999999591,0.6999999999999993
6.4435299999995905,0.6999999999999988
6.44519999999959,0.6999999999999988
6.44686999999959,0.6999999999999993
6.44853999999959,0.6999999999999993
6.45020999999959,0.6999999999999993
6.45187999999959,0.6999999999999993
6.45354999999959,0.6999999999999988
6.455219999999589,0.6999999999999988
6.456889999999589,0.6999999999999988
6.458559999999589,0.6999999999999993
6.460229999999589,0.6999999999999993
6.461899999999589,0.6999999999999993
6.463569999999589,0.6999999999999993
6.465239999999588,0.6999999999999988
6.466909999999588,0.6999999999999988
6.468579999999588,0.6999999999999988
6.470249999999588,0.6999999999999993
6.471919999999588,0.6999999999999993
6.473589999999588,0.6999999999999993
6.4752599999995875,0.6999999999999993
6.476929999999587,0.6999999999999988
6.478599999999587,0.6999999999999988
6.480269999999587,0.6999999999999988
6.481939999999587,0.6999999999999993
6.483609999999587,0.6999999999999993
6.4852799999995865,0.6999999999999993
6.486949999999586,0.6999999999999993
6.488619999999586,0.6999999999999988
6.490289999999586,0.6999999999999988
6.491959999999586,0.6999999999999988
6.493629999999586,0.6999999999999993
6.4952999999995855,0.6999999999999993
6.496969999999585,0.6999999999999993
6.498639999999585,0.6999999999999993
6.500309999999585,0.7001872272032652
6.501979999999585,0.7011958382673829
6.503649999999585,0.7022044493315005
6.5053199999995845,0.7032130603956186
6.506989999999584,0.7042216714597358
6.508659999999584,0.7052302825238534
6.510329999999584,0.7062388935879715
6.511999999999584,0.7072475046520887
6.513669999999584,0.7082561157162064
6.515339999999584,0.7092647267803245
6.517009999999583,0.7102733378444417
6.518679999999583,0.7112819489085598
6.520349999999583,0.7122905599726774
6.522019999999583,0.7132991710367946
6.523689999999583,0.7143077821009127
6.525359999999583,0.7153163931650304
6.527029999999582,0.716325004229148
6.528699999999582,0.7173336152932657
6.530369999999582,0.7183422263573833
6.532039999999582,0.719350837421501
6.533709999999582,0.7203594484856186
6.535379999999582,0.7213680595497363
6.5370499999995815,0.7223766706138539
6.538719999999581,0.7233852816779716
6.540389999999581,0.7243938927420897
6.542059999999581,0.7254025038062069
6.543729999999581,0.7264111148703245
6.545399999999581,0.7274197259344426
6.5470699999995805,0.7284283369985598
6.54873999999958,0.7294369480626774
6.55040999999958,0.7304455591267955
6.55207999999958,0.7314541701909127
6.55374999999958,0.7324627812550308
6.55541999999958,0.7334713923191485
6.5570899999995795,0.7344800033832657
6.558759999999579,0.7354886144473838
6.560429999999579,0.7364972255115014
6.562099999999579,0.7375058365756191
6.563769999999579,0.7385144476397367
6.565439999999579,0.7395230587038544
6.567109999999579,0.740531669767972
6.568779999999578,0.7415402808320897
6.570449999999578,0.7425488918962073
6.572119999999578,0.743557502960325
6.573789999999578,0.7445661140244426
6.575459999999578,0.7455747250885607
6.577129999999578,0.746581154391575
6.578799999999577,0.747581901698041
6.580469999999577,0.7485826490045069
6.582139999999577,0.7495833963109724
6.583809999999577,0.7505841436174383
6.585479999999577,0.7515848909239042
6.587149999999577,0.7525856382303697
6.5888199999995765,0.7535863855368357
6.590489999999576,0.7545871328433016
6.592159999999576,0.7555878801497671
6.593829999999576,0.756588627456233
6.595499999999576,0.7575893747626989
6.597169999999576,0.7585901220691644
6.5988399999995755,0.7595908693756304
6.600509999999575,0.7605916166820963
6.602179999999575,0.7615923639885622
6.603849999999575,0.7625931112950282
6.605519999999575,0.7635938586014941
6.607189999999575,0.7645946059079596
6.6088599999995745,0.7655953532144255
6.610529999999574,0.7665961005208914
6.612199999999574,0.7675968478273569
6.613869999999574,0.7685975951338229
6.615539999999574,0.7695983424402888
6.617209999999574,0.7705990897467543
6.6188799999995735,0.7715998370532202
6.620549999999573,0.7726005843596861
6.622219999999573,0.7736013316661516
6.623889999999573,0.7746020789726176
6.625559999999573,0.7756028262790835
6.627229999999573,0.776603573585549
6.628899999999573,0.7776043208920149
6.630569999999572,0.7786050681984809
6.632239999999572,0.7796058155049463
6.633909999999572,0.7806065628114127
6.635579999999572,0.7816073101178787
6.637249999999572,0.7826080574243441
6.638919999999572,0.7836088047308101
6.6405899999995714,0.7846095520372756
6.642259999999571,0.7856102993437415
6.643929999999571,0.7866110466502074
6.645599999999571,0.7876117939566729
6.647269999999571,0.7886125412631388
6.648939999999571,0.7896132885696048
6.6506099999995705,0.7906140358760703
6.65227999999957,0.7916147831825362
6.65394999999957,0.7926155304890021
6.65561999999957,0.7936162777954676
6.65728999999957,0.7946170251019335
6.65895999999957,0.7956177724083995
6.6606299999995695,0.796618519714865
6.662299999999569,0.7976192670213313
6.663969999999569,0.7986200143277973
6.665639999999569,0.7996207616342628
6.667309999999569,0.8006215089407287
6.668979999999569,0.8016222562471946
6.6706499999995685,0.8026230035536601
6.672319999999568,0.803623750860126
6.673989999999568,0.804624498166592
6.675659999999568,0.8056252454730575
6.677329999999568,0.8066259927795234
6.678999999999568,0.8076267400859893
6.680669999999568,0.8086274873924548
6.682339999999567,0.8096282346989208
6.684009999999567,0.8106289820053862
6.685679999999567,0.8116297293118522
6.687349999999567,0.8126304766183181
6.689019999999567,0.8136312239247836
6.690689999999567,0.8146319712312495
6.692359999999566,0.8156327185377155
6.694029999999566,0.8166334658441814
6.695699999999566,0.8176342131506473
6.697369999999566,0.8186349604571133
6.699039999999566,0.8196357077635787
6.700709999999566,0.8206364550700447
6.7023799999995655,0.8216372023765106
6.704049999999565,0.8226379496829761
6.705719999999565,0.823638696989442
6.707389999999565,0.824639444295908
6.709059999999565,0.8256401916023735
6.710729999999565,0.8266409389088394
6.7123999999995645,0.8276416862153053
6.714069999999564,0.8286424335217708
6.715739999999564,0.8296431808282367
6.717409999999564,0.8306439281347027
6.719079999999564,0.8316446754411682
6.720749999999564,0.8326454227476341
6.7224199999995635,0.8336461700541005
6.724089999999563,0.834646917360566
6.725759999999563,0.8356476646670319
6.727429999999563,0.8366484119734974
6.729099999999563,0.8376491592799633
6.730769999999563,0.8386499065864292
6.7324399999995626,0.8396506538928947
6.734109999999562,0.8406514011993607
6.735779999999562,0.8416521485058266
6.737449999999562,0.8426528958122921
6.739119999999562,0.843653643118758
6.740789999999562,0.8446543904252239
6.742459999999562,0.8456551377316894
6.744129999999561,0.8466558850381554
6.745799999999561,0.8476566323446213
6.747469999999561,0.8486573796510868
6.749139999999561,0.8496581269575527
6.750809999999561,0.8506588742640186
6.752479999999561,0.8516596215704841
6.7541499999995604,0.8526603688769501
6.75581999999956,0.853661116183416
6.75748999999956,0.8546618634898815
6.75915999999956,0.8556626107963474
6.76082999999956,0.8566633581028134
6.76249999999956,0.8576641054092788
6.7641699999995595,0.8586648527157448
6.765839999999559,0.8596656000222103
6.767509999999559,0.8606663473286766
6.769179999999559,0.8616670946351426
6.770849999999559,0.8626678419416081
6.772519999999559,0.863668589248074
6.7741899999995585,0.8646693365545399
6.775859999999558,0.8656700838610054
6.777529999999558,0.8666708311674713
6.779199999999558,0.8676715784739373
6.780869999999558,0.8686723257804028
6.782539999999558,0.8696730730868687
6.7842099999995575,0.8706738203933346
6.785879999999557,0.8716745676998001
6.787549999999557,0.872675315006266
6.789219999999557,0.873676062312732
6.790889999999557,0.8746768096191975
6.792559999999557,0.8756775569256634
6.794229999999557,0.8766783042321293
6.795899999999556,0.8776790515385948
6.797569999999556,0.8786797988450608
6.799239999999556,0.8796805461515267
6.800909999999556,0.8806812934579922
6.802579999999556,0.8816820407644581
6.804249999999556,0.882682788070924
6.805919999999555,0.8836835353773895
6.807589999999555,0.8846842826838555
6.809259999999555,0.8856850299903214
6.810929999999555,0.8866857772967869
6.812599999999555,0.8876865246032528
6.814269999999555,0.8886872719097187
6.8159399999995545,0.8896880192161847
6.817609999999554,0.8906887665226506
6.819279999999554,0.8916895138291161
6.820949999999554,0.892690261135582
6.822619999999554,0.893691008442048
6.824289999999554,0.8946917557485135
6.8259599999995535,0.8956925030549794
6.827629999999553,0.8966932503614453
6.829299999999553,0.8976939976679108
6.830969999999553,0.8986947449743767
6.832639999999553,0.8996954922808427
6.834309999999553,0.9006962395873082
6.8359799999995525,0.9016969868937741
6.837649999999552,0.90269773420024
6.839319999999552,0.9036984815067055
6.840989999999552,0.9046992288131714
6.842659999999552,0.9056999761196374
6.844329999999552,0.9067007234261033
6.8459999999995516,0.9077014707325692
6.847669999999551,0.9087022180390352
6.849339999999551,0.9097029653455007
6.851009999999551,0.9107037126519666
6.852679999999551,0.9117044599584321
6.854349999999551,0.912705207264898
6.856019999999551,0.9137059545713639
6.85768999999955,0.9147067018778294
6.85935999999955,0.9157074491842954
6.86102999999955,0.9167081964907613
6.86269999999955,0.9177089437972268
6.86436999999955,0.9187096911036927
6.86603999999955,0.9197104384101586
6.8677099999995495,0.9207111857166241
6.869379999999549,0.9217119330230901
6.871049999999549,0.922712680329556
6.872719999999549,0.9237134276360219
6.874389999999549,0.9247141749424879
6.876059999999549,0.9257149222489538
6.8777299999995485,0.9267156695554193
6.879399999999548,0.9277164168618852
6.881069999999548,0.9287171641683512
6.882739999999548,0.9297179114748166
6.884409999999548,0.9307186587812826
6.886079999999548,0.9317194060877485
6.8877499999995475,0.932720153394214
6.889419999999547,0.9337209007006799
6.891089999999547,0.9347216480071459
6.892759999999547,0.9357223953136113
6.894429999999547,0.9367231426200773
6.896099999999547,0.9377238899265428
6.8977699999995465,0.9387246372330087
6.899439999999546,0.9397253845394746
6.901109999999546,0.9407261318459401
6.902779999999546,0.941726879152406
6.904449999999546,0.9427276264588724
6.906119999999546,0.9437283737653379
6.907789999999546,0.9447291210718038
6.909459999999545,0.9457298683782698
6.911129999999545,0.9467306156847353
6.912799999999545,0.9477313629912012
6.914469999999545,0.9487321102976671
6.916139999999545,0.9497328576041326
6.917809999999545,0.9507336049105986
6.919479999999544,0.9517343522170645
6.921149999999544,0.95273509952353
6.922819999999544,0.9537358468299959
6.924489999999544,0.9547365941364618
6.926159999999544,0.9557373414429273
6.927829999999544,0.9567380887493933
6.9294999999995435,0.9577404226978441
6.931169999999543,0.9587434411689806
6.932839999999543,0.9597464596401171
6.934509999999543,0.960749478111254
6.936179999999543,0.9617524965823905
6.937849999999543,0.962755515053527
6.9395199999995425,0.9637585335246639
6.941189999999542,0.9647615519958004
6.942859999999542,0.9657645704669369
6.944529999999542,0.9667675889380734
6.946199999999542,0.9677706074092098
6.947869999999542,0.9687736258803463
6.9495399999995415,0.9697766443514828
6.951209999999541,0.9707796628226197
6.952879999999541,0.9717826812937562
6.954549999999541,0.9727856997648927
6.956219999999541,0.9737887182360292
6.957889999999541,0.9747917367071657
6.959559999999541,0.9757947551783022
6.96122999999954,0.9767977736494386
6.96289999999954,0.9778007921205756
6.96456999999954,0.9788038105917125
6.96623999999954,0.979806829062849
6.96790999999954,0.9808098475339855
6.96957999999954,0.981812866005122
6.971249999999539,0.9828158844762585
6.972919999999539,0.9838189029473949
6.974589999999539,0.9848219214185319
6.976259999999539,0.9858249398896684
6.977929999999539,0.9868279583608048
6.979599999999539,0.9878309768319413
6.9812699999995385,0.9888339953030778
6.982939999999538,0.9898370137742143
6.984609999999538,0.9908400322453508
6.986279999999538,0.9918430507164877
6.987949999999538,0.9928460691876242
6.989619999999538,0.9938490876587607
6.9912899999995375,0.9948521061298972
6.992959999999537,0.9958551246010336
6.994629999999537,0.9968581430721706
6.996299999999537,0.9978611615433071
6.997969999999537,0.998864180014444
6.999639999999537,0.9998671984855805
7.0013099999995365,1.000870216956717
7.002979999999536,1.0018732354278534
7.004649999999536,1.00287625389899
7.006319999999536,1.0038792723701264
7.007989999999536,1.0048822908412633
7.009659999999536,1.0058853093123998
7.0113299999995355,1.0068883277835363
7.012999999999535,1.0078913462546728
7.014669999999535,1.0088943647258093
7.016339999999535,1.0098973831969458
7.018009999999535,1.0109004016680823
7.019679999999535,1.0119034201392192
7.021349999999535,1.0129064386103557
7.023019999999534,1.0139094570814922
7.024689999999534,1.014912475552629
7.026359999999534,1.0159154940237656
7.028029999999534,1.016918512494902
7.029699999999534,1.0179215309660385
7.031369999999534,1.0189245494371755
7.033039999999533,1.019927567908312
7.034709999999533,1.0209305863794484
7.036379999999533,1.021933604850585
7.038049999999533,1.0229366233217214
7.039719999999533,1.023939641792858
7.041389999999533,1.0249426602639944
7.0430599999995325,1.0259456787351313
7.044729999999532,1.0269486972062678
7.046399999999532,1.0279517156774043
7.048069999999532,1.0289547341485408
7.049739999999532,1.0299577526196773
7.051409999999532,1.0309607710908137
7.0530799999995315,1.0319637895619502
7.054749999999531,1.0329668080330872
7.056419999999531,1.0339698265042236
7.058089999999531,1.0349728449753601
7.059759999999531,1.0359758634464966
7.061429999999531,1.036978881917633
7.0630999999995305,1.0379819003887696
7.06476999999953,1.038984918859907
7.06643999999953,1.0399879373310434
7.06810999999953,1.04099095580218
7.06977999999953,1.0419939742733164
7.07144999999953,1.0429969096346352
7.07311999999953,1.0439976569411011
7.074789999999529,1.0449984042475666
7.076459999999529,1.0459991515540326
7.078129999999529,1.0469998988604985
7.079799999999529,1.048000646166964
7.081469999999529,1.04900139347343
7.083139999999529,1.0500021407798958
7.084809999999528,1.0510028880863613
7.086479999999528,1.0520036353928273
7.088149999999528,1.0530043826992932
7.089819999999528,1.0540051300057587
7.091489999999528,1.0550058773122246
7.093159999999528,1.0560066246186905
7.0948299999995275,1.057007371925156
7.096499999999527,1.058008119231622
7.098169999999527,1.059008866538088
7.099839999999527,1.0600096138445534
7.101509999999527,1.0610103611510193
7.103179999999527,1.0620111084574853
7.1048499999995265,1.0630118557639507
7.106519999999526,1.0640126030704167
7.108189999999526,1.0650133503768826
7.109859999999526,1.066014097683348
7.111529999999526,1.067014844989814
7.113199999999526,1.0680155922962795
7.1148699999995255,1.069016339602746
7.116539999999525,1.0700170869092114
7.118209999999525,1.0710178342156773
7.119879999999525,1.0720185815221428
7.121549999999525,1.0730193288286092
7.123219999999525,1.0740200761350742
7.1248899999995245,1.0750208234415406
7.126559999999524,1.076021570748006
7.128229999999524,1.077022318054472
7.129899999999524,1.0780230653609375
7.131569999999524,1.0790238126674039
7.133239999999524,1.080024559973869
7.134909999999524,1.0810253072803353
7.136579999999523,1.0820260545868008
7.138249999999523,1.0830268018932667
7.139919999999523,1.084027549199733
7.141589999999523,1.0850282965061986
7.143259999999523,1.0860290438126645
7.144929999999523,1.08702979111913
7.1465999999995224,1.0880305384255964
7.148269999999522,1.0890312857320614
7.149939999999522,1.0900320330385278
7.151609999999522,1.0910327803449933
7.153279999999522,1.0920335276514592
7.154949999999522,1.0930342749579247
7.1566199999995215,1.0940350222643906
7.158289999999521,1.0950357695708561
7.159959999999521,1.0960365168773225
7.161629999999521,1.0970372641837876
7.163299999999521,1.098038011490254
7.164969999999521,1.0990387587967194
7.1666399999995205,1.1000395061031853
7.16830999999952,1.1010402534096508
7.16997999999952,1.1020410007161172
7.17164999999952,1.1030417480225823
7.17331999999952,1.1040424953290486
7.17498999999952,1.1050432426355141
7.1766599999995195,1.10604398994198
7.178329999999519,1.1070447372484455
7.179999999999519,1.108045484554912
7.181669999999519,1.109046231861377
7.183339999999519,1.1100469791678433
7.185009999999519,1.1110477264743088
7.186679999999519,1.1120484737807748
7.188349999999518,1.1130492210872411
7.190019999999518,1.1140499683937066
7.191689999999518,1.1150507157001726
7.193359999999518,1.116051463006638
7.195029999999518,1.1170522103131044
7.196699999999518,1.1180529576195695
7.198369999999517,1.1190537049260358
7.200039999999517,1.1200544522325009
7.201709999999517,1.1210551995389673
7.203379999999517,1.1220559468454328
7.205049999999517,1.1230566941518987
7.206719999999517,1.1240574414583642
7.2083899999995165,1.1250581887648305
7.210059999999516,1.1260589360712956
7.211729999999516,1.127059683377762
7.213399999999516,1.1280604306842283
7.215069999999516,1.1290611779906934
7.216739999999516,1.1300619252971598
7.2184099999995155,1.1310626726036253
7.220079999999515,1.1320634199100912
7.221749999999515,1.1330641672165567
7.223419999999515,1.134064914523023
7.225089999999515,1.135065661829488
7.226759999999515,1.1360664091359545
7.2284299999995145,1.13706715644242
7.230099999999514,1.138067903748886
7.231769999999514,1.1390686510553514
7.233439999999514,1.1400693983618178
7.235109999999514,1.1410701456682837
7.236779999999514,1.1420708929747492
7.2384499999995136,1.1430716402812156
7.240119999999513,1.1440723875876806
7.241789999999513,1.145073134894147
7.243459999999513,1.1460738822006125
7.245129999999513,1.1470746295070784
7.246799999999513,1.1480753768135439
7.248469999999513,1.1490761241200103
7.250139999999512,1.1500768714264753
7.251809999999512,1.1510776187329417
7.253479999999512,1.1520783660394072
7.255149999999512,1.153079113345873
7.256819999999512,1.1540798606523395
7.258489999999512,1.155080607958805
7.2601599999995114,1.156081355265271
7.261829999999511,1.1570821025717364
7.263499999999511,1.1580828498782028
7.265169999999511,1.1590835971846678
7.266839999999511,1.1600843444911342
7.268509999999511,1.1610850917975997
7.2701799999995105,1.1620858391040656
7.27184999999951,1.163086586410531
7.27351999999951,1.1640873337169975
7.27518999999951,1.1650880810234625
7.27685999999951,1.1660888283299289
7.27852999999951,1.1670895756363944
7.2801999999995095,1.1680903229428603
7.281869999999509,1.1690910702493258
7.283539999999509,1.1700918175557922
7.285209999999509,1.1710925648622572
7.286879999999509,1.1720933121687236
7.288549999999509,1.17309405947519
7.2902199999995085,1.174094806781655
7.291889999999508,1.1750955540881214
7.293559999999508,1.1760963013945869
7.295229999999508,1.1770970487010528
7.296899999999508,1.1780977960075183
7.298569999999508,1.1790985433139847
7.300239999999508,1.1800992906204497
7.301909999999507,1.181100037926916
7.303579999999507,1.1821007852333816
7.305249999999507,1.1831015325398475
7.306919999999507,1.184102279846313
7.308589999999507,1.1851030271527794
7.310259999999507,1.1861037744592444
7.311929999999506,1.1871045217657108
7.313599999999506,1.1881052690721763
7.315269999999506,1.1891060163786422
7.316939999999506,1.1901067636851077
7.318609999999506,1.191107510991574
7.320279999999506,1.1921082582980391
7.3219499999995055,1.1931090056045055
7.323619999999505,1.194109752910971
7.325289999999505,1.195110500217437
7.326959999999505,1.1961112475239024
7.328629999999505,1.1971119948303688
7.330299999999505,1.1981127421368338
7.3319699999995045,1.1991134894433002
7.333639999999504,1.2001142367497657
7.335309999999504,1.2011149840562316
7.336979999999504,1.202115731362698
7.338649999999504,1.2031164786691635
7.340319999999504,1.2041172259756294
7.3419899999995035,1.205117973282095
7.343659999999503,1.2061187205885613
7.345329999999503,1.2071194678950263
7.346999999999503,1.2081202152014927
7.348669999999503,1.2091209625079582
7.350339999999503,1.2101217098144241
7.3520099999995026,1.2111224571208896
7.353679999999502,1.212123204427356
7.355349999999502,1.213123951733821
7.357019999999502,1.2141248017942439
7.358689999999502,1.21512782026538
7.360359999999502,1.2161308387365168
7.362029999999502,1.2171338572076529
7.363699999999501,1.2181368756787903
7.365369999999501,1.2191398941499263
7.367039999999501,1.2201429126210632
7.368709999999501,1.2211459310921993
7.370379999999501,1.2221489495633362
7.372049999999501,1.2231519680344722
7.3737199999995005,1.2241549865056092
7.3753899999995,1.2251580049767457
7.3770599999995,1.2261610234478826
7.3787299999995,1.2271640419190186
7.3803999999995,1.2281670603901556
7.3820699999995,1.2291700788612916
7.3837399999994995,1.2301730973324285
7.385409999999499,1.2311761158035655
7.387079999999499,1.232179134274702
7.388749999999499,1.2331821527458389
7.390419999999499,1.234185171216975
7.392089999999499,1.2351881896881118
7.3937599999994985,1.2361912081592479
7.395429999999498,1.2371942266303848
7.397099999999498,1.2381972451015208
7.398769999999498,1.2392002635726582
7.400439999999498,1.2402032820437943
7.402109999999498,1.2412063005149312
7.4037799999994975,1.2422093189860672
7.405449999999497,1.2432123374572042
7.407119999999497,1.2442153559283402
7.408789999999497,1.2452183743994771
7.410459999999497,1.2462213928706136
7.412129999999497,1.2472244113417505
7.413799999999497,1.2482274298128866
7.415469999999496,1.2492304482840235
7.417139999999496,1.2502334667551596
7.418809999999496,1.2512364852262965
7.420479999999496,1.252239503697433
7.422149999999496,1.25324252216857
7.423819999999496,1.254249140283925
7.425489999999495,1.2552600225127133
7.427159999999495,1.2562709047415015
7.428829999999495,1.2572817869702906
7.430499999999495,1.2582926691990788
7.432169999999495,1.2593035514278674
7.433839999999495,1.2603144336566556
7.4355099999994945,1.2613253158854438
7.437179999999494,1.262336198114232
7.438849999999494,1.2633470803430211
7.440519999999494,1.2643579625718093
7.442189999999494,1.2653688448005975
7.443859999999494,1.2663797270293862
7.4455299999994935,1.2673906092581744
7.447199999999493,1.2684014914869626
7.448869999999493,1.2694123737157517
7.450539999999493,1.2704232559445399
7.452209999999493,1.271434138173328
7.453879999999493,1.2724450204021163
7.4555499999994925,1.273455902630905
7.457219999999492,1.274466784859694
7.458889999999492,1.2754776670884822
7.460559999999492,1.2764885493172704
7.462229999999492,1.2774994315460586
7.463899999999492,1.2785103137748468
7.465569999999492,1.279521196003635
7.467239999999491,1.2805320782324245
7.468909999999491,1.2815429604612127
7.470579999999491,1.282553842690001
7.472249999999491,1.2835647249187891
7.473919999999491,1.2845756071475773
7.475589999999491,1.2855864893763655
7.47725999999949,1.286597371605155
7.47892999999949,1.2876082538339433
7.48059999999949,1.2886191360627315
7.48226999999949,1.2896300182915197
7.48393999999949,1.2906409005203079
7.48560999999949,1.291651782749096
7.4872799999994895,1.2926626649778852
7.488949999999489,1.2936735472066738
7.490619999999489,1.294684429435462
7.492289999999489,1.2956953116642502
7.493959999999489,1.2967061938930384
7.495629999999489,1.2977170761218266
7.4972999999994885,1.2987279583506157
7.498969999999488,1.299738840579404
7.500639999999488,1.3992292173919254
7.502309999999488,1.39721795652236
7.503979999999488,1.3952066956527949
7.505649999999488,1.3931954347832303
7.5073199999994875,1.3911841739136648
7.508989999999487,1.3891729130440997
7.510659999999487,1.3871616521745351
7.512329999999487,1.3851503913049696
7.513999999999487,1.3831391304354046
7.515669999999487,1.38112786956584
7.5173399999994865,1.379116608696274
7.519009999999486,1.3771053478267095
7.520679999999486,1.3750940869571449
7.522349999999486,1.3730828260875798
7.524019999999486,1.3710715652180143
7.525689999999486,1.3690603043484493
7.527359999999486,1.3670490434788847
7.529029999999485,1.3650377826093192
7.530699999999485,1.3630265217397541
7.532369999999485,1.3610152608701895
7.534039999999485,1.359004000000625
7.535709999999485,1.356992739131059
7.537379999999485,1.3549814782614944
7.539049999999484,1.3529702173919294
7.540719999999484,1.3509589565223639
7.542389999999484,1.3489476956527993
7.544059999999484,1.3469364347832342
7.545729999999484,1.3449251739136687
7.547399999999484,1.3429139130441041
7.5490699999994835,1.340902652174539
7.550739999999483,1.3388913913049736
7.552409999999483,1.3368801304354085
7.554079999999483,1.334868869565844
7.555749999999483,1.3328576086962793
7.557419999999483,1.3308463478267134
7.5590899999994825,1.3288350869571488
7.560759999999482,1.3268238260875838
7.562429999999482,1.3248125652180183
7.564099999999482,1.3228013043484537
7.565769999999482,1.3207900434788886
7.567439999999482,1.318778782609324
7.5691099999994815,1.3167675217397585
7.570779999999481,1.3147562608701935
7.572449999999481,1.3127450000006289
7.574119999999481,1.310733739131063
7.575789999999481,1.3087224782614983
7.577459999999481,1.306714953069219
7.579129999999481,1.3047115559573053
7.58079999999948,1.302708158845392
7.58246999999948,1.300704761733479
7.58413999999948,1.2987013646215653
7.58580999999948,1.2966979675096524
7.58747999999948,1.2946945703977395
7.58914999999948,1.2926911732858266
7.590819999999479,1.2906877761739128
7.592489999999479,1.288684379062
7.594159999999479,1.286680981950087
7.595829999999479,1.2846775848381733
7.597499999999479,1.2826741877262604
7.599169999999479,1.2806707906143475
7.6008399999994785,1.2786673935024346
7.602509999999478,1.2766639963905209
7.604179999999478,1.274660599278608
7.605849999999478,1.272657202166695
7.607519999999478,1.2706538050547813
7.609189999999478,1.2686504079428684
7.6108599999994775,1.266647010830955
7.612529999999477,1.2646436137190413
7.614199999999477,1.2626402166071284
7.615869999999477,1.2606368194952156
7.617539999999477,1.2586334223833018
7.619209999999477,1.256630025271389
7.6208799999994765,1.254626628159476
7.622549999999476,1.2526232310475631
7.624219999999476,1.2506198339356493
7.625889999999476,1.2486164368237365
7.627559999999476,1.2466130397118236
7.629229999999476,1.2446096425999098
7.6308999999994755,1.242606245487997
7.632569999999475,1.240602848376084
7.634239999999475,1.2385994512641711
7.635909999999475,1.2365960541522574
7.637579999999475,1.2345926570403445
7.639249999999475,1.2325892599284316
7.640919999999475,1.2305858628165174
7.642589999999474,1.2285824657046045
7.644259999999474,1.2265790685926916
7.645929999999474,1.2245756714807778
7.647599999999474,1.222572274368865
7.649269999999474,1.220568877256952
7.650939999999474,1.2185654801450383
7.6526099999994734,1.2165620830331254
7.654279999999473,1.2145586859212125
7.655949999999473,1.2125552888092996
7.657619999999473,1.2105518916973859
7.659289999999473,1.208548494585473
7.660959999999473,1.20654509747356
7.6626299999994725,1.2045417003616463
7.664299999999472,1.2025383032497334
7.665969999999472,1.2005349061378205
7.667639999999472,1.1985315090259077
7.669309999999472,1.1965281119139939
7.670979999999472,1.1945247148020806
7.6726499999994715,1.1925213176901677
7.674319999999471,1.190517920578254
7.675989999999471,1.188514523466341
7.677659999999471,1.1865111263544281
7.679329999999471,1.1845077292425144
7.680999999999471,1.1825043321306015
7.6826699999994705,1.1805009350186886
7.68433999999947,1.1784975379067748
7.68600999999947,1.176494140794862
7.68767999999947,1.174490743682949
7.68934999999947,1.1724873465710361
7.69101999999947,1.1704839494591224
7.69268999999947,1.1684805523472095
7.694359999999469,1.1664771552352966
7.696029999999469,1.1644737581233828
7.697699999999469,1.16247036101147
7.699369999999469,1.160466963899557
7.701039999999469,1.1584635667876437
7.702709999999469,1.15646016967573
7.704379999999468,1.154456772563817
7.706049999999468,1.1524533754519042
7.707719999999468,1.1504499783399904
7.709389999999468,1.1484465812280775
7.711059999999468,1.1464431841161646
7.712729999999468,1.1444397870042509
7.7143999999994675,1.142436389892338
7.716069999999467,1.140432992780425
7.717739999999467,1.1384295956685113
7.719409999999467,1.1364261985565984
7.721079999999467,1.1344228014446855
7.722749999999467,1.1324194043327727
7.7244199999994665,1.1304160072208589
7.726089999999466,1.128412610108946
7.727759999999466,1.1264092129970331
7.729429999999466,1.1244058158851193
7.731099999999466,1.1224024187732065
7.732769999999466,1.1203990216612931
7.7344399999994655,1.1183956245493802
7.736109999999465,1.1163922274374665
7.737779999999465,1.1143888303255536
7.739449999999465,1.1123854332136407
7.741119999999465,1.110382036101727
7.742789999999465,1.108378638989814
7.7444599999994646,1.1063752418779011
7.746129999999464,1.1043718447659874
7.747799999999464,1.1023684476540745
7.749469999999464,1.1003650505421616
7.751139999999464,1.0983616534302478
7.752809999999464,1.096358256318335
7.754479999999464,1.094354859206422
7.756149999999463,1.0923514620945092
7.757819999999463,1.0903480649825954
7.759489999999463,1.0883446678706825
7.761159999999463,1.0863412707587696
7.762829999999463,1.0843378736468559
7.764499999999463,1.082334476534943
7.7661699999994624,1.08033107942303
7.767839999999462,1.0783276823111172
7.769509999999462,1.0763242851992034
7.771179999999462,1.0743208880872905
7.772849999999462,1.0723174909753777
7.774519999999462,1.0703140938634639
7.7761899999994615,1.068310696751551
7.777859999999461,1.066307299639638
7.779529999999461,1.0643039025277243
7.781199999999461,1.062300505415811
7.782869999999461,1.0602971083038981
7.784539999999461,1.0582937111919843
7.7862099999994605,1.0562903140800715
7.78787999999946,1.0542869169681586
7.78954999999946,1.0522835198562457
7.79121999999946,1.050280122744332
7.79288999999946,1.048276725632419
7.79455999999946,1.0462733285205061
7.7962299999994595,1.0442699314085924
7.797899999999459,1.0422665342966795
7.799569999999459,1.0402631371847666
7.801239999999459,1.0382597400728537
7.802909999999459,1.03625634296094
7.804579999999459,1.034252945849027
7.806249999999459,1.0322495487371142
7.807919999999458,1.0302461516252004
7.809589999999458,1.0282427545132875
7.811259999999458,1.0262393574013746
7.812929999999458,1.0242359602894608
7.814599999999458,1.022232563177548
7.816269999999458,1.020229166065635
7.817939999999457,1.0182257689537213
7.819609999999457,1.0162223718418084
7.821279999999457,1.0142189747298955
7.822949999999457,1.0122155776179822
7.824619999999457,1.0102121805060684
7.826289999999457,1.0082087833941555
7.8279599999994565,1.0062053862822427
7.829629999999456,1.0042019891703289
7.831299999999456,1.002198592058416
7.832969999999456,1.000195194946503
7.834639999999456,0.9981917978345902
7.836309999999456,0.9961884007226764
7.8379799999994555,0.9941850036107636
7.839649999999455,0.9921816064988507
7.841319999999455,0.9901782093869369
7.842989999999455,0.988174812275024
7.844659999999455,0.9861714151631111
7.846329999999455,0.9841680180511974
7.8479999999994545,0.9821646209392845
7.849669999999454,0.9801612238273716
7.851339999999454,0.9781578267154574
7.853009999999454,0.9761544296035445
7.854679999999454,0.9741510324916316
7.856349999999454,0.9721476353797187
7.8580199999994536,0.9701442382678049
7.859689999999453,0.968140841155892
7.861359999999453,0.9661374440439792
7.863029999999453,0.9641340469320654
7.864699999999453,0.9621306498201525
7.866369999999453,0.9601272527082396
7.868039999999453,0.9581238555963267
7.869709999999452,0.956120458484413
7.871379999999452,0.9541170613725001
7.873049999999452,0.9521136642605872
7.874719999999452,0.9501102671486734
7.876389999999452,0.9481068700367605
7.878059999999452,0.9461034729248476
7.8797299999994515,0.9441000758129339
7.881399999999451,0.942096678701021
7.883069999999451,0.9400932815891077
7.884739999999451,0.9380898844771939
7.886409999999451,0.936086487365281
7.888079999999451,0.9340830902533681
7.8897499999994505,0.9320796931414552
7.89141999999945,0.9300762960295414
7.89308999999945,0.9280728989176286
7.89475999999945,0.9260695018057157
7.89642999999945,0.9240661046938019
7.89809999999945,0.922062707581889
7.8997699999994495,0.9200593104699761
7.901439999999449,0.9180559133580632
7.903109999999449,0.9160525162461495
7.904779999999449,0.9140491191342366
7.906449999999449,0.9120457220223237
7.908119999999449,0.9100423249104108
7.9097899999994485,0.908038927798497
7.911459999999448,0.9060355306865837
7.913129999999448,0.9040321335746708
7.914799999999448,0.902028736462757
7.916469999999448,0.9000253393508442
7.918139999999448,0.8980219422389313
7.919809999999448,0.8960185451270175
7.921479999999447,0.8940151480151046
7.923149999999447,0.8920117509031917
7.924819999999447,0.890008353791278
7.926489999999447,0.8880049566793651
7.928159999999447,0.8860015595674522
7.929829999999447,0.8839981624555393
7.931499999999446,0.8819947653436255
7.933169999999446,0.8799913682317126
7.934839999999446,0.8779879711197998
7.936509999999446,0.875984574007886
7.938179999999446,0.8739811768959731
7.939849999999446,0.8719777797840602
7.9415199999994455,0.8699743826721473
7.943189999999445,0.8679709855602331
7.944859999999445,0.8659675884483202
7.946529999999445,0.8639641913364073
7.948199999999445,0.8619607942244936
7.949869999999445,0.8599573971125807
7.9515399999994445,0.8579540000006678
7.953209999999444,0.855950602888754
7.954879999999444,0.8539472057768411
7.956549999999444,0.8519438086649282
7.958219999999444,0.8499404115530145
7.959889999999444,0.8479370144411016
7.9615599999994435,0.8459336173291887
7.963229999999443,0.8439302202172758
7.964899999999443,0.841926823105362
7.966569999999443,0.8399234259934492
7.968239999999443,0.8379200288815363
7.969909999999443,0.8359166317696225
7.971579999999443,0.8339132346577096
7.973249999999442,0.8319098375457963
7.974919999999442,0.8299064404338834
7.976589999999442,0.8279030433219696
7.978259999999442,0.8258996462100567
7.979929999999442,0.8238962490981439
7.981599999999442,0.8218928519862301
7.983269999999441,0.8198894548743172
7.984939999999441,0.8178860577624043
7.986609999999441,0.8158826606504905
7.988279999999441,0.8138792635385776
7.989949999999441,0.8118758664266648
7.991619999999441,0.809872469314751
7.9932899999994405,0.8078690722028381
7.99495999999944,0.8058656750909252
7.99662999999944,0.8038622779790123
7.99829999999944,0.8018588808670986
7.99996999999944,0.7998554837551857
8.00163999999944,0.7978520866432715
8.003309999999441,0.7958486895313572
8.004979999999442,0.7938452924194426
8.006649999999443,0.7918418953075284
8.008319999999443,0.7898384981956141
8.009989999999444,0.7878351010837004
8.011659999999445,0.7858317039717861
8.013329999999446,0.783828306859871
8.014999999999446,0.7818249097479573
8.016669999999447,0.779821512636043
8.018339999999448,0.7778181155241288
8.020009999999449,0.775814718412215
8.02167999999945,0.7738113213003
8.02334999999945,0.7718079241883857
8.02501999999945,0.769804527076472
8.026689999999451,0.7678011299645577
8.028359999999452,0.7657977328526435
8.030029999999453,0.7637943357407289
8.031699999999454,0.7617909386288146
8.033369999999454,0.7597875415169004
8.035039999999455,0.7577841444049866
8.036709999999456,0.7557807472930724
8.038379999999457,0.7537773501811578
8.040049999999457,0.7517739530692436
8.041719999999458,0.7497705559573293
8.043389999999459,0.7477671588454156
8.04505999999946,0.7457637617335013
8.04672999999946,0.7437603646215862
8.04839999999946,0.7417569675096725
8.050069999999462,0.7397535703977582
8.051739999999462,0.737750173285844
8.053409999999463,0.7357467761739303
8.055079999999464,0.7337433790620151
8.056749999999465,0.7317399819501014
8.058419999999465,0.7297365848381872
8.060089999999466,0.7277331877262729
8.061759999999467,0.7257297906143592
8.063429999999467,0.723726393502444
8.065099999999468,0.7217229963905298
8.066769999999469,0.7197195992786161
8.06843999999947,0.7177162021667018
8.07010999999947,0.7157128050547876
8.071779999999471,0.713709407942873
8.073449999999472,0.7117060108309587
8.075119999999472,0.709702613719045
8.076789999999473,0.7076992166071308
8.078459999999474,0.7056958194952165
8.080129999999475,0.7036924223833019
8.081799999999475,0.7016890252713877
8.083469999999476,0.6996856281594734
8.085139999999477,0.6976822310475597
8.086809999999478,0.6956788339356454
8.088479999999478,0.6936754368237308
8.090149999999479,0.6916720397118166
8.09181999999948,0.6896686425999023
8.09348999999948,0.6876652454879886
8.095159999999481,0.6856618483760744
8.096829999999482,0.6836584512641593
8.098499999999483,0.6816550541522455
8.100169999999483,0.6796516570403313
8.101839999999484,0.677648259928417
8.103509999999485,0.6756448628165033
8.105179999999486,0.6736414657045882
8.106849999999486,0.6716380685926744
8.108519999999487,0.6696346714807602
8.110189999999488,0.667631274368846
8.111859999999488,0.6656278772569322
8.11352999999949,0.6636244801450171
8.11519999999949,0.6616210830331029
8.11686999999949,0.6596176859211891
8.118539999999491,0.6576142888092749
8.120209999999492,0.6556108916973606
8.121879999999493,0.6536074945854455
8.123549999999494,0.6516040974735322
8.125219999999494,0.649600700361618
8.126889999999495,0.6475973032497038
8.128559999999496,0.6455939061377896
8.130229999999496,0.6435905090258744
8.131899999999497,0.6415871119139611
8.133569999999498,0.6395837148020469
8.135239999999499,0.6375803176901327
8.1369099999995,0.6355769205782185
8.1385799999995,0.6335735234663034
8.1402499999995,0.6315701263543891
8.141919999999502,0.6295667292424758
8.143589999999502,0.6275633321305616
8.145259999999503,0.6255599350186474
8.146929999999504,0.6235565379067323
8.148599999999504,0.621553140794818
8.150269999999505,0.6195497436829047
8.151939999999506,0.6175463465709905
8.153609999999507,0.6155429494590763
8.155279999999507,0.6135395523471612
8.156949999999508,0.611536155235247
8.158619999999509,0.6095327581233327
8.16028999999951,0.6075293610114194
8.16195999999951,0.6055259638995052
8.163629999999511,0.6035225667875901
8.165299999999512,0.6015191696756759
8.166969999999512,0.5995157725637617
8.168639999999513,0.5975123754518483
8.170309999999514,0.5955089783399341
8.171979999999515,0.593505581228019
8.173649999999515,0.5915021841161048
8.175319999999516,0.5894987870041906
8.176989999999517,0.5874953898922763
8.178659999999518,0.585491992780363
8.180329999999518,0.5834885956684479
8.181999999999519,0.5814851985565337
8.18366999999952,0.5794818014446195
8.18533999999952,0.5774784043327053
8.187009999999521,0.5754750072207919
8.188679999999522,0.5734716101088768
8.190349999999523,0.5714682129969626
8.192019999999523,0.5694648158850484
8.193689999999524,0.5674614187731342
8.195359999999525,0.56545802166122
8.197029999999526,0.5634546245493057
8.198699999999526,0.5614512274373915
8.200369999999527,0.5594478303254773
8.202039999999528,0.5574444332135631
8.203709999999528,0.5554410361016489
8.20537999999953,0.5534376389897337
8.20704999999953,0.5514342418778204
8.20871999999953,0.5494308447659062
8.210389999999531,0.547427447653992
8.212059999999532,0.5454240505420778
8.213729999999533,0.5434206534301627
8.215399999999534,0.5414172563182484
8.217069999999534,0.5394138592063351
8.218739999999535,0.5374104620944209
8.220409999999536,0.5354070649825067
8.222079999999536,0.5334036678705916
8.223749999999537,0.5314002707586774
8.225419999999538,0.5293968736467631
8.227089999999539,0.5273934765348498
8.22875999999954,0.5253900794229356
8.23042999999954,0.5233866823110205
8.23209999999954,0.5213832851991063
8.233769999999542,0.519379888087192
8.235439999999542,0.5173764909752778
8.237109999999543,0.5153730938633645
8.238779999999544,0.5133696967514494
8.240449999999544,0.5113662996395352
8.242119999999545,0.509362902527621
8.243789999999546,0.5073595054157067
8.245459999999547,0.5053561083037925
8.247129999999547,0.5033527111918774
8.248799999999548,0.5013493140799641
8.250469999999549,0.49934591696804986
8.25213999999955,0.49734251985613565
8.25380999999955,0.4953391227442214
8.255479999999551,0.4933357256323063
8.257149999999552,0.4913323285203921
8.258819999999552,0.4893289314084788
8.260489999999553,0.48732553429656456
8.262159999999554,0.48532213718465034
8.263829999999555,0.48331874007273523
8.265499999999555,0.481315342960821
8.267169999999556,0.4793119458489068
8.268839999999557,0.47730854873699347
8.270509999999557,0.47530515162507925
8.272179999999558,0.47330175451316414
8.273849999999559,0.4712983574012499
8.27551999999956,0.4692949602893357
8.27718999999956,0.4672915631774215
8.278859999999561,0.46528816606550816
8.280529999999562,0.46328476895359305
8.282199999999563,0.46128137184167883
8.283869999999563,0.4592779747297646
8.285539999999564,0.4572745776178504
8.287209999999565,0.45527118050593707
8.288879999999565,0.45326778339402196
8.290549999999566,0.45126438628210774
8.292219999999567,0.4492609891701935
8.293889999999568,0.4472575920582793
8.295559999999568,0.445254194946366
8.29722999999957,0.44325079783445087
8.29889999999957,0.44124740072253665
8.30056999999957,0.43924400361062244
8.302239999999571,0.4372406064987082
8.303909999999572,0.435237209386794
8.305579999999573,0.43323381227488067
8.307249999999573,0.43123041516296556
8.308919999999574,0.42922701805105135
8.310589999999575,0.4272236209391371
8.312259999999576,0.4252202238272229
8.313929999999576,0.4232168267153096
8.315599999999577,0.4212134296033945
8.317269999999578,0.41921003249148026
8.318939999999579,0.41720663537956604
8.32060999999958,0.4152032382676518
8.32227999999958,0.4131998411557376
8.32394999999958,0.4111964440438234
8.325619999999581,0.40919304693190917
8.327289999999582,0.40718964981999495
8.328959999999583,0.40518625270808073
8.330629999999584,0.4031828555961665
8.332299999999584,0.4011794584842523
8.333969999999585,0.3991760613723381
8.335639999999586,0.39717266426042386
8.337309999999587,0.39516926714850964
8.338979999999587,0.3931658700365954
8.340649999999588,0.3911624729246803
8.342319999999589,0.389159075812767
8.34398999999959,0.38715567870085277
8.34565999999959,0.38515228158893855
8.347329999999591,0.38314888447702433
8.348999999999592,0.3811454873651092
8.350669999999592,0.3791420902531959
8.352339999999593,0.3771386931412817
8.354009999999594,0.37513529602936746
8.355679999999595,0.37313189891745324
8.357349999999595,0.37112850180553814
8.359019999999596,0.3691251046936239
8.360689999999597,0.3671217075817106
8.362359999999597,0.36511831046979637
8.364029999999598,0.36311491335788215
8.365699999999599,0.36111151624596705
8.3673699999996,0.35910811913405283
8.3690399999996,0.3571047220221395
8.370709999999601,0.3551013249102253
8.372379999999602,0.35309792779831106
8.374049999999603,0.35109453068639596
8.375719999999603,0.34909113357448174
8.377389999999604,0.3470877364625684
8.379059999999605,0.3450843393506542
8.380729999999605,0.34308094223873997
8.382399999999606,0.34107754512682487
8.384069999999607,0.33907414801491065
8.385739999999608,0.33707075090299643
8.387409999999608,0.3350673537910831
8.389079999999609,0.3330639566791689
8.39074999999961,0.3310605595672538
8.39241999999961,0.32905716245533956
8.394089999999611,0.32705376534342534
8.395759999999612,0.325050368231512
8.397429999999613,0.3230469711195978
8.399099999999613,0.3210435740076827
8.400769999999614,0.31904017689576847
8.402439999999615,0.31703677978385425
8.404109999999616,0.31503338267194003
8.405779999999616,0.3130299855600267
8.407449999999617,0.3110265884481116
8.409119999999618,0.3090231913361974
8.410789999999619,0.30701979422428316
8.41245999999962,0.30501639711236894
8.41412999999962,0.3030130000004556
8.41579999999962,0.3010096028885405
8.417469999999621,0.2990062057766263
8.419139999999622,0.29700280866471207
8.420809999999623,0.29499941155279785
8.422479999999624,0.29299601444088363
8.424149999999624,0.290987463768567
8.425819999999625,0.2889762028990006
8.427489999999626,0.2869649420294351
8.429159999999627,0.28495368115986963
8.430829999999627,0.28294242029030325
8.432499999999628,0.2809311594207369
8.434169999999629,0.2789198985511705
8.43583999999963,0.276908637681605
8.43750999999963,0.27489737681203863
8.43917999999963,0.27288611594247314
8.440849999999632,0.2708748550729059
8.442519999999632,0.2688635942033404
8.444189999999633,0.266852333333774
8.445859999999634,0.2648410724642085
8.447529999999634,0.26282981159464214
8.449199999999635,0.26081855072507576
8.450869999999636,0.2588072898555094
8.452539999999637,0.2567960289859439
8.454209999999637,0.2547847681163775
8.455879999999638,0.252773507246812
8.457549999999639,0.25076224637724476
8.45921999999964,0.24875098550767927
8.46088999999964,0.2467397246381129
8.462559999999641,0.2447284637685474
8.464229999999642,0.24271720289898102
8.465899999999642,0.24070594202941464
8.467569999999643,0.23869468115984915
8.469239999999644,0.23668342029028278
8.470909999999645,0.23467215942071729
8.472579999999645,0.2326608985511509
8.474249999999646,0.23064963768158453
8.475919999999647,0.22863837681201815
8.477589999999648,0.22662711594245266
8.479259999999648,0.22461585507288628
8.480929999999649,0.2226045942033208
8.48259999999965,0.22059333333375353
8.48426999999965,0.21858207246418804
8.485939999999651,0.21657081159462166
8.487609999999652,0.21455955072505617
8.489279999999653,0.2125482898554898
8.490949999999653,0.2105370289859234
8.492619999999654,0.20852576811635704
8.494289999999655,0.20651450724679155
8.495959999999656,0.20450324637722517
8.497629999999656,0.20249198550765968
8.499299999999657,0.2004807246380924
8.500969999999658,0.10029099999989821
8.502639999999658,0.10079199999989807
8.50430999999966,0.10129299999989794
8.50597999999966,0.1017939999998978
8.50764999999966,0.10229499999989855
8.509319999999661,0.1027959999998993
8.510989999999662,0.10329699999989916
8.512659999999663,0.10379799999989903
8.514329999999664,0.10429899999989889
8.515999999999664,0.10479999999989964
8.517669999999665,0.10530099999990039
8.519339999999666,0.10580199999990025
8.521009999999666,0.10630299999990012
8.522679999999667,0.10680399999989998
8.524349999999668,0.10730499999990073
8.526019999999669,0.10780599999990148
8.52768999999967,0.10830699999990134
8.52935999999967,0.1088079999999012
8.53102999999967,0.10930899999990107
8.532699999999672,0.10980999999990182
8.534369999999672,0.11031099999990257
8.536039999999673,0.11081199999990243
8.537709999999674,0.1113129999999023
8.539379999999674,0.11181399999990216
8.541049999999675,0.11231499999990291
8.542719999999676,0.11281599999990366
8.544389999999677,0.11331699999990352
8.546059999999677,0.11381799999990339
8.547729999999678,0.11431899999990325
8.549399999999679,0.114819999999904
8.55106999999968,0.11532099999990475
8.55273999999968,0.11582199999990461
8.554409999999681,0.11632299999990448
8.556079999999682,0.11682399999990434
8.557749999999682,0.11732499999990509
8.559419999999683,0.11782599999990584
8.561089999999684,0.1183269999999057
8.562759999999685,0.11882799999990556
8.564429999999685,0.11932899999990543
8.566099999999686,0.11982999999990529
8.567769999999687,0.12033099999990693
8.569439999999688,0.12083199999990679
8.571109999999688,0.12133299999990665
8.572779999999689,0.12183399999990652
8.57444999999969,0.12233499999990638
8.57611999999969,0.12283599999990802
8.577789999999691,0.12333699999990788
8.579459999999692,0.12383799999990774
8.581129999999693,0.1243389999999076
8.582799999999693,0.12483999999990747
8.584469999999694,0.1253409999999091
8.586139999999695,0.12584199999990897
8.587809999999696,0.12634299999990883
8.589479999999696,0.1268439999999087
8.591149999999697,0.12734499999990856
8.592819999999698,0.1278459999999102
8.594489999999698,0.12834699999991006
8.5961599999997,0.12884799999990992
8.5978299999997,0.1293489999999098
8.5994999999997,0.12984999999990965
8.601169999999701,0.1303509999999113
8.602839999999702,0.13085199999991115
8.604509999999703,0.131352999999911
8.606179999999704,0.13185399999991088
8.607849999999704,0.13235499999991074
8.609519999999705,0.13285599999991238
8.611189999999706,0.13335699999991224
8.612859999999706,0.1338579999999121
8.614529999999707,0.13435899999991197
8.616199999999708,0.13485999999991183
8.617869999999709,0.13536099999991347
8.61953999999971,0.13586199999991333
8.62120999999971,0.1363629999999132
8.62287999999971,0.13686399999991306
8.624549999999712,0.13736499999991292
8.626219999999712,0.13786599999991456
8.627889999999713,0.13836699999991442
8.629559999999714,0.13886799999991428
8.631229999999714,0.13936899999991414
8.632899999999715,0.139869999999914
8.634569999999716,0.14037099999991565
8.636239999999717,0.1408719999999155
8.637909999999717,0.14137299999991537
8.639579999999718,0.14187399999991523
8.641249999999719,0.1423749999999151
8.64291999999972,0.14287599999991674
8.64458999999972,0.1433769999999166
8.646259999999721,0.14387799999991646
8.647929999999722,0.14437899999991632
8.649599999999722,0.1448799999999162
8.651269999999723,0.14538099999991783
8.652939999999724,0.1458819999999177
8.654609999999725,0.14638299999991755
8.656279999999725,0.14688399999991741
8.657949999999726,0.14738499999991728
8.659619999999727,0.14788599999991892
8.661289999999727,0.14838699999991878
8.662959999999728,0.14888799999991864
8.664629999999729,0.1493889999999185
8.66629999999973,0.14988999999991837
8.66796999999973,0.15039099999992
8.669639999999731,0.15089199999991987
8.671309999999732,0.15139299999991973
8.672979999999733,0.1518939999999196
8.674649999999733,0.15239499999991946
8.676319999999734,0.1528959999999211
8.677989999999735,0.15339699999992096
8.679659999999735,0.15389799999992082
8.681329999999736,0.15439899999992068
8.682999999999737,0.15489999999992055
8.684669999999738,0.15540099999992218
8.686339999999738,0.15590199999992205
8.688009999999739,0.1564029999999219
8.68967999999974,0.15690399999992177
8.69134999999974,0.15740499999992164
8.693019999999741,0.1579059999999224
8.694689999999742,0.15840699999992314
8.696359999999743,0.158907999999923
8.698029999999743,0.15940899999992286
8.699699999999744,0.15990999999992273
8.701369999999745,0.16041099999992348
8.703039999999746,0.16091199999992423
8.704709999999746,0.1614129999999241
8.706379999999747,0.16191399999992395
8.708049999999748,0.16241499999992381
8.709719999999749,0.16291599999992457
8.71138999999975,0.16341699999992532
8.71305999999975,0.16391799999992518
8.71472999999975,0.16441899999992504
8.716399999999751,0.1649199999999249
8.718069999999752,0.16542099999992566
8.719739999999753,0.1659219999999264
8.721409999999754,0.16642299999992627
8.723079999999754,0.16692399999992613
8.724749999999755,0.167424999999926
8.726419999999756,0.16792599999992674
8.728089999999757,0.1684269999999275
8.729759999999757,0.16892799999992736
8.731429999999758,0.16942899999992722
8.733099999999759,0.16992999999992708
8.73476999999976,0.17043099999992783
8.73643999999976,0.17093199999992859
8.738109999999761,0.17143299999992845
8.739779999999762,0.1719339999999283
8.741449999999762,0.17243499999992817
8.743119999999763,0.17293599999992892
8.744789999999764,0.17343699999992968
8.746459999999765,0.17393799999992954
8.748129999999765,0.1744389999999294
8.749799999999766,0.17493999999992926
8.751469999999767,0.17544099999993001
8.753139999999767,0.17594199999993076
8.754809999999768,0.17644299999993063
8.756479999999769,0.1769439999999305
8.75814999999977,0.17744499999993035
8.75981999999977,0.1779459999999311
8.761489999999771,0.17844699999993185
8.763159999999772,0.17894799999993172
8.764829999999773,0.17944899999993158
8.766499999999773,0.17994999999993144
8.768169999999774,0.1804509999999322
8.769839999999775,0.18095199999993294
8.771509999999775,0.1814529999999328
8.773179999999776,0.18195399999993267
8.774849999999777,0.18245499999993253
8.776519999999778,0.18295599999993328
8.778189999999778,0.18345699999993403
8.779859999999779,0.1839579999999339
8.78152999999978,0.18445899999993376
8.78319999999978,0.18495999999993362
8.784869999999781,0.18546099999993437
8.786539999999782,0.18596199999993512
8.788209999999783,0.186462999999935
8.789879999999783,0.18696399999993485
8.791549999999784,0.1874649999999347
8.793219999999785,0.18796599999993635
8.794889999999786,0.1884669999999362
8.796559999999786,0.18896799999993608
8.798229999999787,0.18946899999993594
8.799899999999788,0.1899699999999358
8.801569999999789,0.19047099999993744
8.80323999999979,0.1909719999999373
8.80490999999979,0.19147299999993717
8.80657999999979,0.19197399999993703
8.808249999999791,0.1924749999999369
8.809919999999792,0.19297599999993853
8.811589999999793,0.1934769999999384
8.813259999999794,0.19397799999993826
8.814929999999794,0.19447899999993812
8.816599999999795,0.19497999999993798
8.818269999999796,0.19548099999993962
8.819939999999796,0.19598199999993948
8.821609999999797,0.19648299999993935
8.823279999999798,0.1969839999999392
8.824949999999799,0.19748499999993907
8.8266199999998,0.1979859999999407
8.8282899999998,0.19848699999994057
8.8299599999998,0.19898799999994043
8.831629999999802,0.1994889999999403
8.833299999999802,0.19998999999994016
8.834969999999803,0.2004909999999418
8.836639999999804,0.20099199999994166
8.838309999999804,0.20149299999994152
8.839979999999805,0.2019939999999414
8.841649999999806,0.20249499999994125
8.843319999999807,0.2029959999999429
8.844989999999807,0.20349699999994275
8.846659999999808,0.20399799999994261
8.848329999999809,0.20449899999994248
8.84999999999981,0.20499999999994234
8.85166999999981,0.20550099999994398
8.853339999999811,0.20600199999994384
8.855009999999812,0.2065029999999437
8.856679999999812,0.20700399999994357
8.858349999999813,0.20750499999994343
8.860019999999814,0.20800599999994507
8.861689999999815,0.20850699999994493
8.863359999999815,0.2090079999999448
8.865029999999816,0.20950899999994466
8.866699999999817,0.21000999999994452
8.868369999999818,0.21051099999994616
8.870039999999818,0.21101199999994602
8.871709999999819,0.21151299999994588
8.87337999999982,0.21201399999994575
8.87504999999982,0.2125149999999456
8.876719999999821,0.21301599999994725
8.878389999999822,0.2135169999999471
8.880059999999823,0.21401799999994697
8.881729999999823,0.21451899999994684
8.883399999999824,0.2150199999999476
8.885069999999825,0.21552099999994834
8.886739999999826,0.2160219999999482
8.888409999999826,0.21652299999994806
8.890079999999827,0.21702399999994793
8.891749999999828,0.21752499999994868
8.893419999999828,0.21802599999994854
8.89508999999983,0.2185269999999493
8.89675999999983,0.21902799999994915
8.89842999999983,0.21952899999994901
8.900099999999831,0.22002999999994977
8.901769999999832,0.22053099999994963
8.903439999999833,0.22103199999995038
8.905109999999834,0.22153299999995024
8.906779999999834,0.2220339999999501
8.908449999999835,0.22253499999995086
8.910119999999836,0.22303599999995072
8.911789999999836,0.22353699999995147
8.913459999999837,0.22403799999995133
8.915129999999838,0.2245389999999512
8.916799999999839,0.22503999999995195
8.91846999999984,0.2255409999999518
8.92013999999984,0.22604199999995256
8.92180999999984,0.22654299999995242
8.923479999999842,0.22704399999995228
8.925149999999842,0.22754499999995303
8.926819999999843,0.2280459999999529
8.928489999999844,0.22854699999995365
8.930159999999844,0.2290479999999535
8.931829999999845,0.22954899999995337
8.933499999999846,0.23004999999995412
8.935169999999847,0.230550999999954
8.936839999999847,0.23105199999995474
8.938509999999848,0.2315529999999546
8.940179999999849,0.23205399999995446
8.94184999999985,0.23255499999995521
8.94351999999985,0.23305599999995508
8.945189999999851,0.23355699999995583
8.946859999999852,0.2340579999999557
8.948529999999852,0.23455899999995555
8.950199999999853,0.2350599999999563
8.951869999999854,0.23556099999995617
8.953539999999855,0.23606199999995692
8.955209999999855,0.23656299999995678
8.956879999999856,0.23706399999995753
8.958549999999857,0.2375649999999574
8.960219999999858,0.23806599999995726
8.961889999999858,0.238566999999958
8.963559999999859,0.23906799999995787
8.96522999999986,0.23956899999995862
8.96689999999986,0.24006999999995848
8.968569999999861,0.24057099999995835
8.970239999999862,0.2410719999999591
8.971909999999863,0.24157299999995896
8.973579999999863,0.2420739999999597
8.975249999999864,0.24257499999995957
8.976919999999865,0.24307599999995944
8.978589999999866,0.2435769999999602
8.980259999999866,0.24407799999996005
8.981929999999867,0.2445789999999608
8.983599999999868,0.24507999999996066
8.985269999999868,0.24558099999996053
8.98693999999987,0.24608199999996128
8.98860999999987,0.24658299999996114
8.99027999999987,0.2470839999999619
8.991949999999871,0.24758499999996175
8.993619999999872,0.24808599999996162
8.995289999999873,0.24858699999996237
8.996959999999874,0.24908799999996223
8.998629999999874,0.24958899999996298
9.000299999999875,0.25008999999996284
9.001969999999876,0.2505909999999627
9.003639999999876,0.25109199999996346
9.005309999999877,0.2515929999999633
9.006979999999878,0.25209399999996407
9.008649999999879,0.25259499999996393
9.01031999999988,0.2530959999999638
9.01198999999988,0.25359699999996455
9.01365999999988,0.2540979999999644
9.015329999999881,0.25459899999996516
9.016999999999882,0.255099999999965
9.018669999999883,0.2556009999999649
9.020339999999884,0.25610199999996563
9.022009999999884,0.2566029999999655
9.023679999999885,0.25710399999996625
9.025349999999886,0.2576049999999661
9.027019999999887,0.258105999999966
9.028689999999887,0.2586069999999667
9.030359999999888,0.2591079999999666
9.032029999999889,0.25960899999996734
9.03369999999989,0.2601099999999672
9.03536999999989,0.26061099999996706
9.037039999999891,0.2611119999999678
9.038709999999892,0.2616129999999677
9.040379999999892,0.26211399999996843
9.042049999999893,0.2626149999999683
9.043719999999894,0.26311599999996815
9.045389999999895,0.2636169999999689
9.047059999999895,0.26411799999996877
9.048729999999896,0.2646189999999695
9.050399999999897,0.2651199999999694
9.052069999999897,0.26562099999996924
9.053739999999898,0.26612199999997
9.055409999999899,0.26662299999996986
9.0570799999999,0.2671239999999706
9.0587499999999,0.26762499999997047
9.060419999999901,0.26812599999997033
9.062089999999902,0.2686269999999711
9.063759999999903,0.26912799999997095
9.065429999999903,0.2696289999999708
9.067099999999904,0.27012999999997156
9.068769999999905,0.2706309999999714
9.070439999999905,0.2711319999999722
9.072109999999906,0.27163299999997204
9.073779999999907,0.2721339999999719
9.075449999999908,0.27263499999997265
9.077119999999908,0.2731359999999725
9.078789999999909,0.27363699999997326
9.08045999999991,0.2741379999999731
9.08212999999991,0.274638999999973
9.083799999999911,0.27513999999997374
9.085469999999912,0.2756409999999736
9.087139999999913,0.27614199999997435
9.088809999999913,0.2766429999999742
9.090479999999914,0.2771439999999741
9.092149999999915,0.27764499999997483
9.093819999999916,0.2781459999999747
9.095489999999916,0.27864699999997544
9.097159999999917,0.2791479999999753
9.098829999999918,0.27964899999997517
9.100499999999919,0.2801499999999759
9.10216999999992,0.2806509999999758
9.10383999999992,0.28115199999997653
9.10550999999992,0.2816529999999764
9.107179999999921,0.28215399999997626
9.108849999999922,0.282654999999977
9.110519999999923,0.28315599999997687
9.112189999999924,0.2836569999999776
9.113859999999924,0.2841579999999775
9.115529999999925,0.28465899999997735
9.117199999999926,0.2851599999999781
9.118869999999927,0.28566099999997796
9.120539999999927,0.2861619999999787
9.122209999999928,0.2866629999999786
9.123879999999929,0.28716399999997844
9.12554999999993,0.2876649999999792
9.12721999999993,0.28816599999997905
9.128889999999931,0.2886669999999798
9.130559999999932,0.28916799999997966
9.132229999999932,0.2896689999999795
9.133899999999933,0.2901699999999803
9.135569999999934,0.29067099999998014
9.137239999999935,0.2911719999999809
9.138909999999935,0.29167299999998075
9.140579999999936,0.2921739999999806
9.142249999999937,0.29267499999998137
9.143919999999937,0.29317599999998123
9.145589999999938,0.293676999999982
9.147259999999939,0.29417799999998184
9.14892999999994,0.2946789999999817
9.15059999999994,0.29517999999998246
9.152269999999941,0.2956809999999823
9.153939999999942,0.29618199999998307
9.155609999999943,0.29668299999998293
9.157279999999943,0.2971839999999828
9.158949999999944,0.29768499999998355
9.160619999999945,0.2981859999999834
9.162289999999945,0.29868699999998416
9.163959999999946,0.299187999999984
9.165629999999947,0.2996889999999839
9.167299999999948,0.30018999999998464
9.168969999999948,0.3006909999999845
9.170639999999949,0.30119199999998525
9.17230999999995,0.3016929999999851
9.17397999999995,0.302193999999985
9.175649999999951,0.3026949999999857
9.177319999999952,0.3031959999999856
9.178989999999953,0.30369699999998634
9.180659999999953,0.3041979999999862
9.182329999999954,0.30469899999998606
9.183999999999955,0.3051999999999859
9.185669999999956,0.3057009999999867
9.187339999999956,0.30620199999998743
9.189009999999957,0.3067029999999873
9.190679999999958,0.30720399999998715
9.192349999999958,0.307704999999987
9.19401999999996,0.30820599999998777
9.19568999999996,0.3087069999999885
9.19735999999996,0.3092079999999884
9.199029999999961,0.30970899999998824
9.200699999999962,0.3102099999999881
9.202369999999963,0.31071099999998886
9.204039999999964,0.3112119999999896
9.205709999999964,0.31171299999998947
9.207379999999965,0.31221399999998933
9.209049999999966,0.3127149999999892
9.210719999999966,0.31321599999998995
9.212389999999967,0.3137169999999907
9.214059999999968,0.31421799999999056
9.215729999999969,0.3147189999999904
9.21739999999997,0.3152199999999903
9.21906999999997,0.31572099999999104
9.22073999999997,0.3162219999999918
9.222409999999972,0.31672299999999165
9.224079999999972,0.3172239999999915
9.225749999999973,0.3177249999999914
9.227419999999974,0.3182259999999921
9.229089999999974,0.3187269999999929
9.230759999999975,0.31922799999999274
9.232429999999976,0.3197289999999926
9.234099999999977,0.32022999999999247
9.235769999999977,0.3207309999999932
9.237439999999978,0.32123199999999397
9.239109999999979,0.32173299999999383
9.24077999999998,0.3222339999999937
9.24244999999998,0.32273499999999355
9.244119999999981,0.3232359999999943
9.245789999999982,0.32373699999999506
9.247459999999982,0.3242379999999949
9.249129999999983,0.3247389999999948
9.250799999999984,0.32523999999999464
9.252469999999985,0.3257409999999954
9.254139999999985,0.32624199999999615
9.255809999999986,0.326742999999996
9.257479999999987,0.32724399999999587
9.259149999999988,0.32774499999999573
9.260819999999988,0.3282459999999965
9.262489999999989,0.32874699999999724
9.26415999999999,0.3292479999999971
9.26582999999999,0.32974899999999696
9.267499999999991,0.3302499999999968
9.269169999999992,0.3307509999999976
9.270839999999993,0.3312519999999983
9.272509999999993,0.3317529999999982
9.274179999999994,0.33225399999999805
9.275849999999995,0.3327549999999979
9.277519999999996,0.33325599999999866
9.279189999999996,0.3337569999999994
9.280859999999997,0.3342579999999993
9.282529999999998,0.33475899999999914
9.284199999999998,0.335259999999999
9.28587,0.33576099999999975
9.28754,0.3362620000000005
9.28921,0.33676300000000037
9.290880000000001,0.33726400000000023
9.292550000000002,0.3377650000000001
9.294220000000003,0.33826600000000084
9.295890000000004,0.3387670000000016
9.297560000000004,0.33926800000000146
9.299230000000005,0.3397690000000013
9.300900000000006,0.3402700000000012
9.302570000000006,0.34077100000000193
9.304240000000007,0.3412720000000027
9.305910000000008,0.34177300000000255
9.307580000000009,0.3422740000000024
9.30925000000001,0.3427750000000023
9.31092000000001,0.343276000000003
9.31259000000001,0.3437770000000029
9.314260000000012,0.34427800000000364
9.315930000000012,0.3447790000000035
9.317600000000013,0.34528000000000336
9.319270000000014,0.3457810000000032
9.320940000000014,0.346282000000004
9.322610000000015,0.3467830000000047
9.324280000000016,0.3472840000000046
9.325950000000017,0.34778500000000445
9.327620000000017,0.3482860000000043
9.329290000000018,0.34878700000000507
9.330960000000019,0.3492880000000058
9.33263000000002,0.3497890000000057
9.33430000000002,0.35029000000000554
9.335970000000021,0.3507910000000054
9.337640000000022,0.35129200000000615
9.339310000000022,0.3517930000000069
9.340980000000023,0.35229400000000677
9.342650000000024,0.35279500000000663
9.344320000000025,0.3532960000000065
9.345990000000025,0.35379700000000724
9.347660000000026,0.354298000000008
9.349330000000027,0.35479900000000786
9.351000000000028,0.3553000000000077
9.352670000000028,0.3558010000000076
9.354340000000029,0.35630200000000833
9.35601000000003,0.3568030000000091
9.35768000000003,0.35730400000000895
9.359350000000031,0.3578050000000088
9.361020000000032,0.3583060000000087
9.362690000000033,0.3588070000000094
9.364360000000033,0.3593080000000102
9.366030000000034,0.35980900000001004
9.367700000000035,0.3603100000000099
9.369370000000036,0.36081100000000976
9.371040000000036,0.3613120000000105
9.372710000000037,0.36181300000001126
9.374380000000038,0.3623140000000111
9.376050000000038,0.362815000000011
9.37772000000004,0.36331600000001085
9.37939000000004,0.3638170000000116
9.38106000000004,0.36431800000001235
9.382730000000041,0.3648190000000122
9.384400000000042,0.3653200000000121
9.386070000000043,0.36582100000001194
9.387740000000043,0.3663220000000127
9.389410000000044,0.36682300000001344
9.391080000000045,0.3673240000000133
9.392750000000046,0.36782500000001317
9.394420000000046,0.36832600000001303
9.396090000000047,0.3688270000000138
9.397760000000048,0.36932800000001453
9.399430000000049,0.3698290000000144
9.40110000000005,0.37033000000001426
9.40277000000005,0.3708310000000141
9.40444000000005,0.3713320000000149
9.406110000000051,0.3718330000000156
9.407780000000052,0.3723340000000155
9.409450000000053,0.37283500000001535
9.411120000000054,0.3733360000000152
9.412790000000054,0.37383700000001596
9.414460000000055,0.3743380000000167
9.416130000000056,0.3748390000000166
9.417800000000057,0.37534000000001644
9.419470000000057,0.3758410000000163
9.421140000000058,0.37634200000001705
9.422810000000059,0.3768430000000178
9.42448000000006,0.37734400000001767
9.42615000000006,0.37784500000001753
9.427820000000061,0.3783460000000174
9.429490000000062,0.37884700000001814
9.431160000000062,0.3793480000000189
9.432830000000063,0.37984900000001875
9.434500000000064,0.3803500000000186
9.436170000000065,0.3808510000000185
9.437840000000065,0.38135200000001834
9.439510000000066,0.38185300000002
9.441180000000067,0.38235400000001984
9.442850000000067,0.3828550000000197
9.444520000000068,0.38335600000001957
9.446190000000069,0.38385700000001943
9.44786000000007,0.38435800000002107
9.44953000000007,0.38485900000002093
9.451200000000071,0.3853600000000208
9.452870000000072,0.38586100000002066
9.454540000000073,0.3863620000000205
9.456210000000073,0.38686300000002216
9.457880000000074,0.387364000000022
9.459550000000075,0.3878650000000219
9.461220000000075,0.38836600000002175
9.462890000000076,0.3888670000000216
9.464560000000077,0.38936800000002325
9.466230000000078,0.3898690000000231
9.467900000000078,0.390370000000023
9.469570000000079,0.39087100000002284
9.47124000000008,0.3913720000000227
9.47291000000008,0.39187300000002434
9.474580000000081,0.3923740000000242
9.476250000000082,0.39287500000002407
9.477920000000083,0.39337600000002393
9.479590000000083,0.3938770000000238
9.481260000000084,0.39437800000002543
9.482930000000085,0.3948790000000253
9.484600000000086,0.39538000000002516
9.486270000000086,0.395881000000025
9.487940000000087,0.3963820000000249
9.489610000000088,0.3968830000000265
9.491280000000089,0.3973840000000264
9.49295000000009,0.39788500000002625
9.49462000000009,0.3983860000000261
9.49629000000009,0.39888700000002597
9.497960000000091,0.3993880000000276
9.499630000000092,0.3998890000000275
9.501300000000093,0.3996099999999716
9.502970000000094,0.39910899999997174
9.504640000000094,0.3986079999999719
9.506310000000095,0.39810699999997023
9.507980000000096,0.39760599999997037
9.509650000000097,0.3971049999999705
9.511320000000097,0.39660399999997065
9.512990000000098,0.3961029999999708
9.514660000000099,0.39560199999996914
9.5163300000001,0.3951009999999693
9.5180000000001,0.3945999999999694
9.5196700000001,0.39409899999996956
9.521340000000102,0.3935979999999697
9.523010000000102,0.39309699999996806
9.524680000000103,0.3925959999999682
9.526350000000104,0.39209499999996833
9.528020000000105,0.39159399999996847
9.529690000000105,0.3910929999999686
9.531360000000106,0.39059199999996697
9.533030000000107,0.3900909999999671
9.534700000000107,0.38958999999996724
9.536370000000108,0.3890889999999674
9.538040000000109,0.3885879999999675
9.53971000000011,0.3880869999999659
9.54138000000011,0.387585999999966
9.543050000000111,0.38708499999996615
9.544720000000112,0.3865839999999663
9.546390000000113,0.3860829999999664
9.548060000000113,0.3855819999999648
9.549730000000114,0.3850809999999649
9.551400000000115,0.38457999999996506
9.553070000000115,0.3840789999999652
9.554740000000116,0.38357799999996534
9.556410000000117,0.3830769999999637
9.558080000000118,0.38257599999996383
9.559750000000118,0.38207499999996397
9.561420000000119,0.3815739999999641
9.56309000000012,0.38107299999996425
9.56476000000012,0.3805719999999635
9.566430000000121,0.38007099999996274
9.568100000000122,0.3795699999999629
9.569770000000123,0.379068999999963
9.571440000000123,0.37856799999996316
9.573110000000124,0.3780669999999624
9.574780000000125,0.37756599999996165
9.576450000000126,0.3770649999999618
9.578120000000126,0.37656399999996193
9.579790000000127,0.37606299999996207
9.581460000000128,0.3755619999999613
9.583130000000128,0.37506099999996056
9.58480000000013,0.3745599999999607
9.58647000000013,0.37405899999996084
9.58814000000013,0.373557999999961
9.589810000000131,0.3730569999999602
9.591480000000132,0.3725559999999595
9.593150000000133,0.3720549999999596
9.594820000000134,0.37155399999995975
9.596490000000134,0.3710529999999599
9.598160000000135,0.37055199999995914
9.599830000000136,0.3700509999999584
9.601500000000136,0.3695499999999585
9.603170000000137,0.36904899999995866
9.604840000000138,0.3685479999999588
9.606510000000139,0.36804699999995805
9.60818000000014,0.3675459999999573
9.60985000000014,0.36704499999995743
9.61152000000014,0.36654399999995757
9.613190000000142,0.3660429999999577
9.614860000000142,0.36554199999995696
9.616530000000143,0.3650409999999562
9.618200000000144,0.36453999999995634
9.619870000000144,0.3640389999999565
9.621540000000145,0.3635379999999566
9.623210000000146,0.36303699999995587
9.624880000000147,0.3625359999999551
9.626550000000147,0.36203499999995525
9.628220000000148,0.3615339999999554
9.629890000000149,0.36103299999995553
9.63156000000015,0.3605319999999548
9.63323000000015,0.360030999999954
9.634900000000151,0.35952999999995416
9.636570000000152,0.3590289999999543
9.638240000000152,0.35852799999995444
9.639910000000153,0.3580269999999537
9.641580000000154,0.35752599999995294
9.643250000000155,0.3570249999999531
9.644920000000155,0.3565239999999532
9.646590000000156,0.35602299999995335
9.648260000000157,0.3555219999999526
9.649930000000158,0.35502099999995185
9.651600000000158,0.354519999999952
9.653270000000159,0.3540189999999521
9.65494000000016,0.35351799999995226
9.65661000000016,0.3530169999999515
9.658280000000161,0.35251599999995076
9.659950000000162,0.3520149999999509
9.661620000000163,0.35151399999995103
9.663290000000163,0.35101299999995117
9.664960000000164,0.3505119999999504
9.666630000000165,0.35001099999994967
9.668300000000166,0.3495099999999498
9.669970000000166,0.34900899999994994
9.671640000000167,0.3485079999999501
9.673310000000168,0.3480069999999502
9.674980000000168,0.3475059999999486
9.67665000000017,0.3470049999999487
9.67832000000017,0.34650399999994885
9.67999000000017,0.346002999999949
9.681660000000171,0.3455019999999491
9.683330000000172,0.3450009999999475
9.685000000000173,0.3444999999999476
9.686670000000174,0.34399899999994776
9.688340000000174,0.3434979999999479
9.690010000000175,0.34299699999994804
9.691680000000176,0.3424959999999464
9.693350000000176,0.34199499999994654
9.695020000000177,0.3414939999999467
9.696690000000178,0.3409929999999468
9.698360000000179,0.34049199999994695
9.70003000000018,0.3399909999999462
9.70170000000018,0.33948999999994545
9.70337000000018,0.3389889999999456
9.705040000000182,0.3384879999999457
9.706710000000182,0.33798699999994586
9.708380000000183,0.3374859999999451
9.710050000000184,0.33698499999994436
9.711720000000184,0.3364839999999445
9.713390000000185,0.33598299999994463
9.715060000000186,0.33548199999994477
9.716730000000187,0.334980999999944
9.718400000000187,0.33447999999994327
9.720070000000188,0.3339789999999434
9.721740000000189,0.33347799999994354
9.72341000000019,0.3329769999999437
9.72508000000019,0.33247599999994293
9.726750000000191,0.3319749999999422
9.728420000000192,0.3314739999999423
9.730090000000192,0.33097299999994245
9.731760000000193,0.3304719999999426
9.733430000000194,0.32997099999994184
9.735100000000195,0.3294699999999411
9.736770000000195,0.3289689999999412
9.738440000000196,0.32846799999994136
9.740110000000197,0.3279669999999415
9.741780000000198,0.32746599999994075
9.743450000000198,0.32696499999994
9.745120000000199,0.32646399999994014
9.7467900000002,0.3259629999999403
9.7484600000002,0.3254619999999404
9.750130000000201,0.32496099999993966
9.751800000000202,0.3244599999999389
9.753470000000203,0.32395899999993905
9.755140000000203,0.3234579999999392
9.756810000000204,0.3229569999999393
9.758480000000205,0.32245599999993857
9.760150000000205,0.3219549999999378
9.761820000000206,0.32145399999993796
9.763490000000207,0.3209529999999381
9.765160000000208,0.32045199999993823
9.766830000000208,0.3199509999999375
9.76850000000021,0.31944999999993673
9.77017000000021,0.31894899999993687
9.77184000000021,0.318447999999937
9.773510000000211,0.31794699999993714
9.775180000000212,0.3174459999999364
9.776850000000213,0.31694499999993564
9.778520000000213,0.3164439999999358
9.780190000000214,0.3159429999999359
9.781860000000215,0.31544199999993605
9.783530000000216,0.3149409999999353
9.785200000000216,0.31443999999993455
9.786870000000217,0.3139389999999347
9.788540000000218,0.3134379999999348
9.790210000000219,0.31293699999993496
9.79188000000022,0.3124359999999333
9.79355000000022,0.31193499999993346
9.79522000000022,0.3114339999999336
9.796890000000221,0.31093299999993373
9.798560000000222,0.31043199999993387
9.800230000000223,0.30993099999993223
9.801900000000224,0.30942999999993237
9.803570000000224,0.3089289999999325
9.805240000000225,0.30842799999993264
9.806910000000226,0.3079269999999328
9.808580000000227,0.30742599999993114
9.810250000000227,0.3069249999999313
9.811920000000228,0.3064239999999314
9.813590000000229,0.30592299999993156
9.81526000000023,0.3054219999999317
9.81693000000023,0.30492099999993005
9.818600000000231,0.3044199999999302
9.820270000000232,0.30391899999993033
9.821940000000232,0.30341799999993047
9.823610000000233,0.3029169999999306
9.825280000000234,0.30241599999992896
9.826950000000235,0.3019149999999291
9.828620000000235,0.30141399999992924
9.830290000000236,0.3009129999999294
9.831960000000237,0.3004119999999295
9.833630000000237,0.2999109999999279
9.835300000000238,0.299409999999928
9.836970000000239,0.29890899999992815
9.83864000000024,0.2984079999999283
9.84031000000024,0.2979069999999284
9.841980000000241,0.2974059999999268
9.843650000000242,0.2969049999999269
9.845320000000243,0.29640399999992706
9.846990000000243,0.2959029999999272
9.848660000000244,0.29540199999992733
9.850330000000245,0.2949009999999257
9.852000000000245,0.29439999999992583
9.853670000000246,0.29389899999992597
9.855340000000247,0.2933979999999261
9.857010000000248,0.29289699999992624
9.858680000000248,0.2923959999999246
9.860350000000249,0.29189499999992474
9.86202000000025,0.2913939999999249
9.86369000000025,0.290892999999925
9.865360000000251,0.29039199999992515
9.867030000000252,0.2898909999999235
9.868700000000253,0.28938999999992365
9.870370000000253,0.2888889999999238
9.872040000000254,0.2883879999999239
9.873710000000255,0.28788699999992406
9.875380000000256,0.2873859999999224
9.877050000000256,0.28688499999992256
9.878720000000257,0.2863839999999227
9.880390000000258,0.28588299999992284
9.882060000000259,0.2853819999999221
9.88373000000026,0.28488099999992134
9.88540000000026,0.2843799999999215
9.88707000000026,0.2838789999999216
9.888740000000261,0.28337799999992175
9.890410000000262,0.282876999999921
9.892080000000263,0.28237599999992025
9.893750000000264,0.2818749999999204
9.895420000000264,0.2813739999999205
9.897090000000265,0.28087299999992066
9.898760000000266,0.2803719999999199
9.900430000000267,0.27987099999991916
9.902100000000267,0.2793699999999193
9.903770000000268,0.27886899999991943
9.905440000000269,0.27836799999991957
9.90711000000027,0.2778669999999188
9.90878000000027,0.27736599999991807
9.91045000000027,0.2768649999999182
9.912120000000272,0.27636399999991834
9.913790000000272,0.2758629999999185
9.915460000000273,0.27536199999991773
9.917130000000274,0.274860999999917
9.918800000000275,0.2743599999999171
9.920470000000275,0.27385899999991725
9.922140000000276,0.2733579999999174
9.923810000000277,0.27285699999991664
9.925480000000277,0.2723559999999159
9.927150000000278,0.271854999999916
9.928820000000279,0.27135399999991616
9.93049000000028,0.2708529999999163
9.93216000000028,0.27035199999991555
9.933830000000281,0.2698509999999148
9.935500000000282,0.26934999999991494
9.937170000000282,0.2688489999999151
9.938840000000283,0.2683479999999152
9.940510000000284,0.26784699999991446
9.942180000000285,0.2673459999999137
9.943850000000285,0.26684499999991385
9.945520000000286,0.266343999999914
9.947190000000287,0.2658429999999141
9.948860000000288,0.26534199999991337
9.950530000000288,0.2648409999999126
9.952200000000289,0.26433999999991276
9.95387000000029,0.2638389999999129
9.95554000000029,0.26333799999991214
9.957210000000291,0.2628369999999123
9.958880000000292,0.26233599999991153
9.960550000000293,0.26183499999991167
9.962220000000293,0.2613339999999118
9.963890000000294,0.26083299999991105
9.965560000000295,0.2603319999999112
9.967230000000296,0.25983099999991044
9.968900000000296,0.2593299999999106
9.970570000000297,0.2588289999999107
9.972240000000298,0.25832799999990996
9.973910000000298,0.2578269999999101
9.9755800000003,0.25732599999990935
9.9772500000003,0.2568249999999095
9.9789200000003,0.2563239999999096
9.980590000000301,0.2558229999999089
9.982260000000302,0.255321999999909
9.983930000000303,0.25482099999990826
9.985600000000304,0.2543199999999084
9.987270000000304,0.25381899999990853
9.988940000000305,0.2533179999999078
9.990610000000306,0.2528169999999079
9.992280000000306,0.25231599999990717
9.993950000000307,0.2518149999999073
9.995620000000308,0.25131399999990744
9.997290000000309,0.2508129999999067
9.99896000000031,0.25031199999990683
10.00063000000031,0.24981099999990697
10.00230000000031,0.24930999999990622
10.003970000000312,0.24880899999990636
10.005640000000312,0.2483079999999056
10.007310000000313,0.24780699999990574
10.008980000000314,0.24730599999990588
10.010650000000314,0.24680499999990513
10.012320000000315,0.24630399999990527
10.013990000000316,0.24580299999990451
10.015660000000317,0.24530199999990465
10.017330000000317,0.2448009999999048
10.019000000000318,0.24429999999990404
10.020670000000319,0.24379899999990418
10.02234000000032,0.24329799999990342
10.02401000000032,0.24279699999990356
10.025680000000321,0.2422959999999037
10.027350000000322,0.24179499999990295
10.029020000000322,0.24129399999990309
10.030690000000323,0.24079299999990234
10.032360000000324,0.24029199999990247
10.034030000000325,0.2397909999999026
10.035700000000325,0.23928999999990186
10.037370000000326,0.238788999999902
10.039040000000327,0.23828799999990125
10.040710000000328,0.23778699999990138
10.042380000000328,0.23728599999990152
10.044050000000329,0.23678499999990077
10.04572000000033,0.2362839999999009
10.04739000000033,0.23578299999990016
10.049060000000331,0.2352819999999003
10.050730000000332,0.23478099999990043
10.052400000000333,0.23427999999989968
10.054070000000333,0.23377899999989982
10.055740000000334,0.23327799999989907
10.057410000000335,0.2327769999998992
10.059080000000336,0.23227599999989934
10.060750000000336,0.2317749999998986
10.062420000000337,0.23127399999989873
10.064090000000338,0.23077299999989886
10.065760000000338,0.2302719999998981
10.06743000000034,0.22977099999989825
10.06910000000034,0.2292699999998975
10.07077000000034,0.22876899999989764
10.072440000000341,0.22826799999989777
10.074110000000342,0.22776699999989702
10.075780000000343,0.22726599999989716
10.077450000000344,0.2267649999998964
10.079120000000344,0.22626399999989655
10.080790000000345,0.22576299999989669
10.082460000000346,0.22526199999989593
10.084130000000346,0.22476099999989607
10.085800000000347,0.22425999999989532
10.087470000000348,0.22375899999989546
10.089140000000349,0.2232579999998956
10.09081000000035,0.22275699999989484
10.09248000000035,0.22225599999989498
10.09415000000035,0.22175499999989423
10.095820000000352,0.22125399999989437
10.097490000000352,0.2207529999998945
10.099160000000353,0.22025199999989375
10.100830000000354,0.2197509999998939
10.102500000000354,0.21924999999989314
10.104170000000355,0.21874899999989328
10.105840000000356,0.21824799999989342
10.107510000000357,0.21774699999989267
10.109180000000357,0.2172459999998928
10.110850000000358,0.21674499999989205
10.112520000000359,0.2162439999998922
10.11419000000036,0.21574299999989233
10.11586000000036,0.21524199999989158
10.117530000000361,0.2147409999998917
10.119200000000362,0.21423999999989096
10.120870000000362,0.2137389999998911
10.122540000000363,0.21323799999989124
10.124210000000364,0.21273699999989049
10.125880000000365,0.21223599999989062
10.127550000000365,0.21173499999988987
10.129220000000366,0.21123399999989
10.130890000000367,0.21073299999989015
10.132560000000367,0.2102319999998894
10.134230000000368,0.20973099999988953
10.135900000000369,0.20922999999988878
10.13757000000037,0.20872899999988892
10.13924000000037,0.20822799999988906
10.140910000000371,0.2077269999998883
10.142580000000372,0.20722599999988844
10.144250000000373,0.2067249999998877
10.145920000000373,0.20622399999988783
10.147590000000374,0.20572299999988797
10.149260000000375,0.20522199999988722
10.150930000000375,0.20472099999988735
10.152600000000376,0.2042199999998866
10.154270000000377,0.20371899999988674
10.155940000000378,0.20321799999988688
10.157610000000378,0.20271699999988613
10.15928000000038,0.20221599999988626
10.16095000000038,0.2017149999998855
10.16262000000038,0.20121399999988565
10.164290000000381,0.2007129999998858
10.165960000000382,0.20021199999988504
10.167630000000383,0.19971099999988517
10.169300000000383,0.19920999999988442
10.170970000000384,0.19870899999988456
10.172640000000385,0.1982079999998847
10.174310000000386,0.19770699999988395
10.175980000000386,0.19720599999988409
10.177650000000387,0.19670499999988333
10.179320000000388,0.19620399999988347
10.180990000000389,0.1957029999998836
10.18266000000039,0.19520199999988375
10.18433000000039,0.194700999999883
10.18600000000039,0.19419999999988224
10.187670000000391,0.19369899999988238
10.189340000000392,0.19319799999988252
10.191010000000393,0.19269699999988266
10.192680000000394,0.1921959999998819
10.194350000000394,0.19169499999988115
10.196020000000395,0.1911939999998813
10.197690000000396,0.19069299999988143
10.199360000000397,0.19019199999988157
10.201030000000397,0.18969099999988082
10.202700000000398,0.18918999999988007
10.204370000000399,0.1886889999998802
10.2060400000004,0.18818799999988034
10.2077100000004,0.18768699999988048
10.209380000000401,0.18718599999987973
10.211050000000402,0.18668499999987898
10.212720000000402,0.1861839999998791
10.214390000000403,0.18568299999987925
10.216060000000404,0.1851819999998794
10.217730000000405,0.18468099999987864
10.219400000000405,0.18417999999987789
10.221070000000406,0.18367899999987802
10.222740000000407,0.18317799999987816
10.224410000000407,0.1826769999998783
10.226080000000408,0.18217599999987755
10.227750000000409,0.1816749999998768
10.22942000000041,0.18117399999987693
10.23109000000041,0.18067299999987707
10.232760000000411,0.1801719999998772
10.234430000000412,0.17967099999987646
10.236100000000413,0.1791699999998757
10.237770000000413,0.17866899999987584
10.239440000000414,0.17816799999987598
10.241110000000415,0.17766699999987612
10.242780000000415,0.17716599999987537
10.244450000000416,0.17666499999987462
10.246120000000417,0.17616399999987475
10.247790000000418,0.1756629999998749
10.249460000000418,0.17516199999987503
10.251130000000419,0.17466099999987428
10.25280000000042,0.17415999999987353
10.25447000000042,0.17365899999987366
10.256140000000421,0.1731579999998738
10.257810000000422,0.17265699999987394
10.259480000000423,0.1721559999998732
10.261150000000423,0.17165499999987244
10.262820000000424,0.17115399999987257
10.264490000000425,0.1706529999998727
10.266160000000426,0.17015199999987285
10.267830000000426,0.1696509999998721
10.269500000000427,0.16914999999987135
10.271170000000428,0.16864899999987149
10.272840000000429,0.16814799999987162
10.27451000000043,0.16764699999987176
10.27618000000043,0.167145999999871
10.27785000000043,0.16664499999987026
10.279520000000431,0.1661439999998704
10.281190000000432,0.16564299999987053
10.282860000000433,0.16514199999987067
10.284530000000434,0.16464099999986992
10.286200000000434,0.16413999999986917
10.287870000000435,0.1636389999998693
10.289540000000436,0.16313799999986944
10.291210000000437,0.16263699999986958
10.292880000000437,0.16213599999986883
10.294550000000438,0.16163499999986808
10.296220000000439,0.16113399999986822
10.29789000000044,0.16063299999986835
10.29956000000044,0.1601319999998685
10.30123000000044,0.15963099999986774
10.302900000000442,0.159129999999867
10.304570000000442,0.15862899999986713
10.306240000000443,0.15812799999986726
10.307910000000444,0.1576269999998674
10.309580000000444,0.15712599999986665
10.311250000000445,0.1566249999998659
10.312920000000446,0.15612399999986604
10.314590000000447,0.15562299999986617
10.316260000000447,0.1551219999998663
10.317930000000448,0.15462099999986645
10.319600000000449,0.1541199999998648
10.32127000000045,0.15361899999986495
10.32294000000045,0.15311799999986508
10.324610000000451,0.15261699999986522
10.326280000000452,0.15211599999986536
10.327950000000452,0.15161499999986372
10.329620000000453,0.15111399999986386
10.331290000000454,0.150612999999864
10.332960000000455,0.15011199999986413
10.334630000000455,0.14961099999986427
10.336300000000456,0.14910999999986263
10.337970000000457,0.14860899999986277
10.339640000000458,0.1481079999998629
10.341310000000458,0.14760699999986304
10.342980000000459,0.14710599999986318
10.34465000000046,0.14660499999986154
10.34632000000046,0.14610399999986168
10.347990000000461,0.14560299999986182
10.349660000000462,0.14510199999986195
10.351330000000463,0.1446009999998621
10.353000000000463,0.14409999999986134
10.354670000000464,0.1435989999998606
10.356340000000465,0.14309799999986073
10.358010000000466,0.14259699999986086
10.359680000000466,0.142095999999861
10.361350000000467,0.14159499999986025
10.363020000000468,0.1410939999998595
10.364690000000468,0.14059299999985964
10.36636000000047,0.14009199999985977
10.36803000000047,0.1395909999998599
10.36970000000047,0.13908999999985916
10.371370000000471,0.1385889999998584
10.373040000000472,0.13808799999985855
10.374710000000473,0.13758699999985868
10.376380000000474,0.13708599999985882
10.378050000000474,0.13658499999985807
10.379720000000475,0.13608399999985732
10.381390000000476,0.13558299999985746
10.383060000000476,0.1350819999998576
10.384730000000477,0.13458099999985773
10.386400000000478,0.13407999999985698
10.388070000000479,0.13357899999985623
10.38974000000048,0.13307799999985637
10.39141000000048,0.1325769999998565
10.39308000000048,0.13207599999985664
10.394750000000482,0.1315749999998559
10.396420000000482,0.13107399999985514
10.398090000000483,0.13057299999985528
10.399760000000484,0.13007199999985541
10.401430000000484,0.12957099999985555
10.403100000000485,0.1290699999998548
10.404770000000486,0.12856899999985405
10.406440000000487,0.1280679999998542
10.408110000000487,0.12756699999985432
10.409780000000488,0.12706599999985446
10.411450000000489,0.1265649999998537
10.41312000000049,0.12606399999985296
10.41479000000049,0.1255629999998531
10.416460000000491,0.12506199999985324
10.418130000000492,0.12456099999985337
10.419800000000492,0.12405999999985262
10.421470000000493,0.12355899999985187
10.423140000000494,0.12305799999985201
10.424810000000495,0.12255699999985215
10.426480000000495,0.12205599999985228
10.428150000000496,0.12155499999985153
10.429820000000497,0.12105399999985078
10.431490000000498,0.12055299999985092
10.433160000000498,0.12005199999985106
10.434830000000499,0.11955099999985119
10.4365000000005,0.11904999999985133
10.4381700000005,0.11854899999984969
10.439840000000501,0.11804799999984983
10.441510000000502,0.11754699999984997
10.443180000000503,0.1170459999998501
10.444850000000503,0.11654499999985024
10.446520000000504,0.1160439999998486
10.448190000000505,0.11554299999984874
10.449860000000506,0.11504199999984888
10.451530000000506,0.11454099999984901
10.453200000000507,0.11403999999984915
10.454870000000508,0.11353899999984751
10.456540000000508,0.11303799999984765
10.45821000000051,0.11253699999984779
10.45988000000051,0.11203599999984792
10.46155000000051,0.11153499999984806
10.463220000000511,0.11103399999984642
10.464890000000512,0.11053299999984656
10.466560000000513,0.1100319999998467
10.468230000000514,0.10953099999984683
10.469900000000514,0.10902999999984697
10.471570000000515,0.10852899999984533
10.473240000000516,0.10802799999984547
10.474910000000516,0.10752699999984561
10.476580000000517,0.10702599999984574
10.478250000000518,0.10652499999984588
10.479920000000519,0.10602399999984424
10.48159000000052,0.10552299999984438
10.48326000000052,0.10502199999984452
10.48493000000052,0.10452099999984465
10.486600000000522,0.10401999999984479
10.488270000000522,0.10351899999984315
10.489940000000523,0.10301799999984329
10.491610000000524,0.10251699999984343
10.493280000000524,0.10201599999984357
10.494950000000525,0.1015149999998437
10.496620000000526,0.10101399999984206
10.498290000000527,0.1005129999998422
10.499960000000527,0.10001199999984234
10.501630000000528,0.10000000000000053
10.503300000000529,0.10000000000000053
10.50497000000053,0.10000000000000053
10.50664000000053,0.10000000000000053
10.508310000000531,0.10000000000000053
10.509980000000532,0.10000000000000053
10.511650000000532,0.10000000000000053
10.513320000000533,0.10000000000000053
10.514990000000534,0.10000000000000053
10.516660000000535,0.10000000000000053
10.518330000000535,0.10000000000000053
10.520000000000536,0.10000000000000053
10.521670000000537,0.10000000000000053
10.523340000000537,0.10000000000000053
10.525010000000538,0.10000000000000053
10.526680000000539,0.10000000000000053
10.52835000000054,0.10000000000000053
10.53002000000054,0.10000000000000053
10.531690000000541,0.10000000000000053
10.533360000000542,0.10000000000000053
10.535030000000543,0.10000000000000053
10.536700000000543,0.10000000000000053
10.538370000000544,0.10000000000000053
10.540040000000545,0.10000000000000053
10.541710000000545,0.10000000000000053
10.543380000000546,0.10000000000000053
10.545050000000547,0.10000000000000053
10.546720000000548,0.10000000000000053
10.548390000000548,0.10000000000000053
10.550060000000549,0.10000000000000053
10.55173000000055,0.10000000000000053
10.55340000000055,0.10000000000000053
10.555070000000551,0.10000000000000053
10.556740000000552,0.10000000000000053
10.558410000000553,0.10000000000000053
10.560080000000553,0.10000000000000053
10.561750000000554,0.10000000000000053
10.563420000000555,0.10000000000000053
10.565090000000556,0.10000000000000053
10.566760000000556,0.10000000000000053
10.568430000000557,0.10000000000000053
10.570100000000558,0.10000000000000053
10.571770000000559,0.10000000000000053
10.57344000000056,0.10000000000000053
10.57511000000056,0.10000000000000053
10.57678000000056,0.10000000000000053
10.578450000000561,0.10000000000000053
10.580120000000562,0.10000000000000053
10.581790000000563,0.10000000000000053
10.583460000000564,0.10000000000000053
10.585130000000564,0.10000000000000053
10.586800000000565,0.10000000000000053
10.588470000000566,0.10000000000000053
10.590140000000567,0.10000000000000053
10.591810000000567,0.10000000000000053
10.593480000000568,0.10000000000000053
10.595150000000569,0.10000000000000053
10.59682000000057,0.10000000000000053
10.59849000000057,0.10000000000000053
10.600160000000571,0.10000000000000053
10.601830000000572,0.10000000000000053
10.603500000000572,0.10000000000000053
10.605170000000573,0.10000000000000053
10.606840000000574,0.10000000000000053
10.608510000000575,0.10000000000000053
10.610180000000575,0.10000000000000053
10.611850000000576,0.10000000000000053
10.613520000000577,0.10000000000000053
10.615190000000577,0.10000000000000053
10.616860000000578,0.10000000000000053
10.618530000000579,0.10000000000000053
10.62020000000058,0.10000000000000053
10.62187000000058,0.10000000000000053
10.623540000000581,0.10000000000000053
10.625210000000582,0.10000000000000053
10.626880000000583,0.10000000000000053
10.628550000000583,0.10000000000000053
10.630220000000584,0.10000000000000053
10.631890000000585,0.10000000000000053
10.633560000000585,0.10000000000000053
10.635230000000586,0.10000000000000053
10.636900000000587,0.10000000000000053
10.638570000000588,0.10000000000000053
10.640240000000588,0.10000000000000053
10.641910000000589,0.10000000000000053
10.64358000000059,0.10000000000000053
10.64525000000059,0.10000000000000053
10.646920000000591,0.10000000000000053
10.648590000000592,0.10000000000000053
10.650260000000593,0.10000000000000053
10.651930000000593,0.10000000000000053
10.653600000000594,0.10000000000000053
10.655270000000595,0.10000000000000053
10.656940000000596,0.10000000000000053
10.658610000000596,0.10000000000000053
10.660280000000597,0.10000000000000053
10.661950000000598,0.10000000000000053
10.663620000000599,0.10000000000000053
10.6652900000006,0.10000000000000053
10.6669600000006,0.10000000000000053
10.6686300000006,0.10000000000000053
10.670300000000601,0.10000000000000053
10.671970000000602,0.09999999999999964
10.673640000000603,0.10000000000000053
10.675310000000604,0.10000000000000053
10.676980000000604,0.10000000000000053
10.678650000000605,0.10000000000000053
10.680320000000606,0.09999999999999964
10.681990000000606,0.10000000000000053
10.683660000000607,0.10000000000000053
10.685330000000608,0.10000000000000053
10.687000000000609,0.10000000000000053
10.68867000000061,0.09999999999999964
10.69034000000061,0.10000000000000053
10.69201000000061,0.10000000000000053
10.693680000000612,0.10000000000000053
10.695350000000612,0.10000000000000053
10.697020000000613,0.09999999999999964
10.698690000000614,0.10000000000000053
10.700360000000614,0.10000000000000053
10.702030000000615,0.10000000000000053
10.703700000000616,0.10000000000000053
10.705370000000617,0.09999999999999964
10.707040000000617,0.10000000000000053
10.708710000000618,0.10000000000000053
10.710380000000619,0.10000000000000053
10.71205000000062,0.10000000000000053
10.71372000000062,0.09999999999999964
10.715390000000621,0.10000000000000053
10.717060000000622,0.10000000000000053
10.718730000000622,0.10000000000000053
10.720400000000623,0.10000000000000053
10.722070000000624,0.09999999999999964
10.723740000000625,0.10000000000000053
10.725410000000625,0.10000000000000053
10.727080000000626,0.10000000000000053
10.728750000000627,0.10000000000000053
10.730420000000628,0.09999999999999964
10.732090000000628,0.10000000000000053
10.733760000000629,0.10000000000000053
10.73543000000063,0.10000000000000053
10.73710000000063,0.10000000000000053
10.738770000000631,0.09999999999999964
10.740440000000632,0.10000000000000053
10.742110000000633,0.10000000000000053
10.743780000000633,0.10000000000000053
10.745450000000634,0.09999999999999964
10.747120000000635,0.09999999999999964
10.748790000000636,0.10000000000000053
10.750460000000636,0.10000000000000053
10.752130000000637,0.10000000000000053
10.753800000000638,0.09999999999999964
10.755470000000638,0.09999999999999964
10.75714000000064,0.10000000000000053
10.75881000000064,0.10000000000000053
10.76048000000064,0.10000000000000053
10.762150000000641,0.09999999999999964
10.763820000000642,0.09999999999999964
10.765490000000643,0.10000000000000053
10.767160000000644,0.10000000000000053
10.768830000000644,0.10000000000000053
10.770500000000645,0.09999999999999964
10.772170000000646,0.09999999999999964
10.773840000000646,0.10000000000000053
10.775510000000647,0.10000000000000053
10.777180000000648,0.10000000000000053
10.778850000000649,0.09999999999999964
10.78052000000065,0.09999999999999964
10.78219000000065,0.10000000000000053
10.78386000000065,0.10000000000000053
10.785530000000652,0.10000000000000053
10.787200000000652,0.09999999999999964
10.788870000000653,0.09999999999999964
10.790540000000654,0.10000000000000053
10.792210000000654,0.10000000000000053
10.793880000000655,0.10000000000000053
10.795550000000656,0.09999999999999964
10.797220000000657,0.09999999999999964
10.798890000000657,0.10000000000000053
10.800560000000658,0.10000000000000053
10.802230000000659,0.10000000000000053
10.80390000000066,0.09999999999999964
10.80557000000066,0.09999999999999964
10.807240000000661,0.10000000000000053
10.808910000000662,0.10000000000000053
10.810580000000662,0.10000000000000053
10.812250000000663,0.09999999999999964
10.813920000000664,0.09999999999999964
10.815590000000665,0.10000000000000053
10.817260000000665,0.10000000000000053
10.818930000000666,0.10000000000000053
10.820600000000667,0.09999999999999964
10.822270000000668,0.09999999999999964
10.823940000000668,0.10000000000000053
10.825610000000669,0.10000000000000053
10.82728000000067,0.10000000000000053
10.82895000000067,0.09999999999999964
10.830620000000671,0.09999999999999964
10.832290000000672,0.10000000000000053
10.833960000000673,0.10000000000000053
10.835630000000673,0.10000000000000053
10.837300000000674,0.09999999999999964
10.838970000000675,0.09999999999999964
10.840640000000676,0.10000000000000053
10.842310000000676,0.10000000000000053
10.843980000000677,0.10000000000000053
10.845650000000678,0.09999999999999964
10.847320000000678,0.09999999999999964
10.84899000000068,0.10000000000000053
10.85066000000068,0.10000000000000053
10.85233000000068,0.10000000000000053
10.854000000000681,0.09999999999999964
10.855670000000682,0.09999999999999964
10.857340000000683,0.10000000000000053
10.859010000000684,0.10000000000000053
10.860680000000684,0.10000000000000053
10.862350000000685,0.09999999999999964
10.864020000000686,0.09999999999999964
10.865690000000686,0.10000000000000053
10.867360000000687,0.10000000000000053
10.869030000000688,0.10000000000000053
10.870700000000689,0.09999999999999964
10.87237000000069,0.09999999999999964
10.87404000000069,0.10000000000000053
10.87571000000069,0.10000000000000053
10.877380000000691,0.10000000000000053
10.879050000000692,0.09999999999999964
10.880720000000693,0.09999999999999964
10.882390000000694,0.10000000000000053
10.884060000000694,0.10000000000000053
10.885730000000695,0.10000000000000053
10.887400000000696,0.09999999999999964
10.889070000000697,0.09999999999999964
10.890740000000697,0.10000000000000053
10.892410000000698,0.10000000000000053
10.894080000000699,0.10000000000000053
10.8957500000007,0.09999999999999964
10.8974200000007,0.09999999999999964
10.899090000000701,0.10000000000000053
10.900760000000702,0.10000000000000053
10.902430000000702,0.10000000000000053
10.904100000000703,0.09999999999999964
10.905770000000704,0.09999999999999964
10.907440000000705,0.10000000000000053
10.909110000000705,0.10000000000000053
10.910780000000706,0.10000000000000053
10.912450000000707,0.09999999999999964
10.914120000000707,0.09999999999999964
10.915790000000708,0.10000000000000053
10.917460000000709,0.10000000000000053
10.91913000000071,0.10000000000000053
10.92080000000071,0.09999999999999964
10.922470000000711,0.09999999999999964
10.924140000000712,0.10000000000000053
10.925810000000713,0.10000000000000053
10.927480000000713,0.10000000000000053
10.929150000000714,0.09999999999999964
10.930820000000715,0.09999999999999964
10.932490000000715,0.10000000000000053
10.934160000000716,0.10000000000000053
10.935830000000717,0.10000000000000053
10.937500000000718,0.09999999999999964
10.939170000000718,0.09999999999999964
10.940840000000719,0.10000000000000053
10.94251000000072,0.10000000000000053
10.94418000000072,0.10000000000000053
10.945850000000721,0.09999999999999964
10.947520000000722,0.09999999999999964
10.949190000000723,0.10000000000000053
10.950860000000723,0.10000000000000053
10.952530000000724,0.10000000000000053
10.954200000000725,0.09999999999999964
10.955870000000726,0.09999999999999964
10.957540000000726,0.10000000000000053
10.959210000000727,0.10000000000000053
10.960880000000728,0.10000000000000053
10.962550000000729,0.09999999999999964
10.96422000000073,0.09999999999999964
10.96589000000073,0.10000000000000053
10.96756000000073,0.10000000000000053
10.969230000000731,0.10000000000000053
10.970900000000732,0.09999999999999964
10.972570000000733,0.09999999999999964
10.974240000000734,0.10000000000000053
10.975910000000734,0.10000000000000053
10.977580000000735,0.10000000000000053
10.979250000000736,0.09999999999999964
10.980920000000737,0.09999999999999964
10.982590000000737,0.10000000000000053
10.984260000000738,0.10000000000000053
10.985930000000739,0.10000000000000053
10.98760000000074,0.09999999999999964
10.98927000000074,0.09999999999999964
10.990940000000741,0.10000000000000053
10.992610000000742,0.10000000000000053
10.994280000000742,0.10000000000000053
10.995950000000743,0.09999999999999964
10.997620000000744,0.09999999999999964
10.999290000000745,0.09999999999999964
11.000960000000745,0.10000000000000053
11.002630000000746,0.10000000000000053
11.004300000000747,0.09999999999999964
11.005970000000747,0.09999999999999964
11.007640000000748,0.09999999999999964
11.009310000000749,0.10000000000000053
11.01098000000075,0.10000000000000053
11.01265000000075,0.09999999999999964
11.014320000000751,0.09999999999999964
11.015990000000752,0.09999999999999964
11.017660000000753,0.10000000000000053
11.019330000000753,0.10000000000000053
11.021000000000754,0.09999999999999964
11.022670000000755,0.09999999999999964
11.024340000000755,0.09999999999999964
11.026010000000756,0.10000000000000053
11.027680000000757,0.10000000000000053
11.029350000000758,0.09999999999999964
11.031020000000758,0.09999999999999964
11.032690000000759,0.09999999999999964
11.03436000000076,0.10000000000000053
11.03603000000076,0.10000000000000053
11.037700000000761,0.09999999999999964
11.039370000000762,0.09999999999999964
11.041040000000763,0.09999999999999964
11.042710000000763,0.10000000000000053
11.044380000000764,0.10000000000000053
11.046050000000765,0.09999999999999964
11.047720000000766,0.09999999999999964
11.049390000000766,0.09999999999999964
11.051060000000767,0.10000000000000053
11.052730000000768,0.10000000000000053
11.054400000000769,0.09999999999999964
11.05607000000077,0.09999999999999964
11.05774000000077,0.09999999999999964
11.05941000000077,0.10000000000000053
11.061080000000771,0.10000000000000053
11.062750000000772,0.09999999999999964
11.064420000000773,0.09999999999999964
11.066090000000774,0.09999999999999964
11.067760000000774,0.10000000000000053
11.069430000000775,0.10000000000000053
11.071100000000776,0.09999999999999964
11.072770000000776,0.09999999999999964
11.074440000000777,0.09999999999999964
11.076110000000778,0.10000000000000053
11.077780000000779,0.10000000000000053
11.07945000000078,0.09999999999999964
11.08112000000078,0.09999999999999964
11.08279000000078,0.09999999999999964
11.084460000000782,0.10000000000000053
11.086130000000782,0.10000000000000053
11.087800000000783,0.09999999999999964
11.089470000000784,0.09999999999999964
11.091140000000784,0.09999999999999964
11.092810000000785,0.10000000000000053
11.094480000000786,0.10000000000000053
11.096150000000787,0.09999999999999964
11.097820000000787,0.09999999999999964
11.099490000000788,0.09999999999999964
11.101160000000789,0.10000000000000053
11.10283000000079,0.10000000000000053
11.10450000000079,0.09999999999999964
11.106170000000791,0.09999999999999964
11.107840000000792,0.09999999999999964
11.109510000000792,0.10000000000000053
11.111180000000793,0.10000000000000053
11.112850000000794,0.09999999999999964
11.114520000000795,0.09999999999999964
11.116190000000795,0.09999999999999964
11.117860000000796,0.10000000000000053
11.119530000000797,0.10000000000000053
11.121200000000798,0.09999999999999964
11.122870000000798,0.09999999999999964
11.124540000000799,0.09999999999999964
11.1262100000008,0.10000000000000053
11.1278800000008,0.10000000000000053
11.129550000000801,0.09999999999999964
11.131220000000802,0.09999999999999964
11.132890000000803,0.09999999999999964
11.134560000000803,0.10000000000000053
11.136230000000804,0.10000000000000053
11.137900000000805,0.09999999999999964
11.139570000000806,0.09999999999999964
11.141240000000806,0.09999999999999964
11.142910000000807,0.10000000000000053
11.144580000000808,0.10000000000000053
11.146250000000808,0.09999999999999964
11.14792000000081,0.09999999999999964
11.14959000000081,0.09999999999999964
11.15126000000081,0.10000000000000053
11.152930000000811,0.10000000000000053
11.154600000000812,0.09999999999999964
11.156270000000813,0.09999999999999964
11.157940000000814,0.09999999999999964
11.159610000000814,0.10000000000000053
11.161280000000815,0.10000000000000053
11.162950000000816,0.09999999999999964
11.164620000000816,0.09999999999999964
11.166290000000817,0.09999999999999964
11.167960000000818,0.10000000000000053
11.169630000000819,0.10000000000000053
11.17130000000082,0.09999999999999964
11.17297000000082,0.09999999999999964
11.17464000000082,0.09999999999999964
11.176310000000822,0.10000000000000053
11.177980000000822,0.10000000000000053
11.179650000000823,0.09999999999999964
11.181320000000824,0.09999999999999964
11.182990000000824,0.09999999999999964
11.184660000000825,0.10000000000000053
11.186330000000826,0.10000000000000053
11.188000000000827,0.09999999999999964
11.189670000000827,0.09999999999999964
11.191340000000828,0.09999999999999964
11.193010000000829,0.10000000000000053
11.19468000000083,0.10000000000000053
11.19635000000083,0.09999999999999964
11.198020000000831,0.09999999999999964
11.199690000000832,0.09999999999999964
11.201360000000832,0.10000000000000053
11.203030000000833,0.10000000000000053
11.204700000000834,0.09999999999999964
11.206370000000835,0.09999999999999964
11.208040000000835,0.09999999999999964
11.209710000000836,0.10000000000000053
11.211380000000837,0.10000000000000053
11.213050000000838,0.09999999999999964
11.214720000000838,0.09999999999999964
11.216390000000839,0.09999999999999964
11.21806000000084,0.10000000000000053
11.21973000000084,0.10000000000000053
11.221400000000841,0.09999999999999964
11.223070000000842,0.09999999999999964
11.224740000000843,0.09999999999999964
11.226410000000843,0.10000000000000053
11.228080000000844,0.10000000000000053
11.229750000000845,0.09999999999999964
11.231420000000846,0.09999999999999964
11.233090000000846,0.09999999999999964
11.234760000000847,0.10000000000000053
11.236430000000848,0.10000000000000053
11.238100000000848,0.09999999999999964
11.23977000000085,0.09999999999999964
11.24144000000085,0.09999999999999964
11.24311000000085,0.10000000000000053
11.244780000000851,0.10000000000000053
11.246450000000852,0.09999999999999964
11.248120000000853,0.09999999999999964
11.249790000000853,0.09999999999999964
11.251460000000854,0.10000000000000053
11.253130000000855,0.10000000000000053
11.254800000000856,0.09999999999999964
11.256470000000856,0.09999999999999964
11.258140000000857,0.09999999999999964
11.259810000000858,0.10000000000000053
11.261480000000859,0.10000000000000053
11.26315000000086,0.09999999999999964
11.26482000000086,0.09999999999999964
11.26649000000086,0.09999999999999964
11.268160000000861,0.10000000000000053
11.269830000000862,0.09999999999999964
11.271500000000863,0.09999999999999964
11.273170000000864,0.09999999999999964
11.274840000000864,0.09999999999999964
11.276510000000865,0.10000000000000053
11.278180000000866,0.09999999999999964
11.279850000000867,0.09999999999999964
11.281520000000867,0.09999999999999964
11.283190000000868,0.09999999999999964
11.284860000000869,0.10000000000000053
11.28653000000087,0.09999999999999964
11.28820000000087,0.09999999999999964
11.289870000000871,0.09999999999999964
11.291540000000872,0.09999999999999964
11.293210000000872,0.10000000000000053
11.294880000000873,0.09999999999999964
11.296550000000874,0.09999999999999964
11.298220000000875,0.09999999999999964
11.299890000000875,0.09999999999999964
11.301560000000876,0.10000000000000053
11.303230000000877,0.09999999999999964
11.304900000000877,0.09999999999999964
11.306570000000878,0.09999999999999964
11.308240000000879,0.09999999999999964
11.30991000000088,0.10000000000000053
11.31158000000088,0.09999999999999964
11.313250000000881,0.09999999999999964
11.314920000000882,0.09999999999999964
11.316590000000883,0.09999999999999964
11.318260000000883,0.10000000000000053
11.319930000000884,0.09999999999999964
11.321600000000885,0.09999999999999964
11.323270000000885,0.09999999999999964
11.324940000000886,0.09999999999999964
11.326610000000887,0.10000000000000053
11.328280000000888,0.09999999999999964
11.329950000000888,0.09999999999999964
11.331620000000889,0.09999999999999964
11.33329000000089,0.09999999999999964
11.33496000000089,0.10000000000000053
11.336630000000891,0.09999999999999964
11.338300000000892,0.09999999999999964
11.339970000000893,0.09999999999999964
11.341640000000893,0.09999999999999964
11.343310000000894,0.10000000000000053
11.344980000000895,0.09999999999999964
11.346650000000896,0.09999999999999964
11.348320000000896,0.09999999999999964
11.349990000000897,0.09999999999999964
11.351660000000898,0.09999999999999964
11.353330000000899,0.09999999999999964
11.3550000000009,0.09999999999999964
11.3566700000009,0.09999999999999964
11.3583400000009,0.09999999999999964
11.360010000000901,0.09999999999999964
11.361680000000902,0.09999999999999964
11.363350000000903,0.09999999999999964
11.365020000000904,0.09999999999999964
11.366690000000904,0.09999999999999964
11.368360000000905,0.09999999999999964
11.370030000000906,0.09999999999999964
11.371700000000907,0.09999999999999964
11.373370000000907,0.09999999999999964
11.375040000000908,0.09999999999999964
11.376710000000909,0.09999999999999964
11.37838000000091,0.09999999999999964
11.38005000000091,0.09999999999999964
11.38172000000091,0.09999999999999964
11.383390000000912,0.09999999999999964
11.385060000000912,0.09999999999999964
11.386730000000913,0.09999999999999964
11.388400000000914,0.09999999999999964
11.390070000000915,0.09999999999999964
11.391740000000915,0.09999999999999964
11.393410000000916,0.09999999999999964
11.395080000000917,0.09999999999999964
11.396750000000917,0.09999999999999964
11.398420000000918,0.09999999999999964
11.400090000000919,0.09999999999999964
11.40176000000092,0.09999999999999964
11.40343000000092,0.09999999999999964
11.405100000000921,0.09999999999999964
11.406770000000922,0.09999999999999964
11.408440000000923,0.09999999999999964
11.410110000000923,0.09999999999999964
11.411780000000924,0.09999999999999964
11.413450000000925,0.09999999999999964
11.415120000000925,0.09999999999999964
11.416790000000926,0.09999999999999964
11.418460000000927,0.09999999999999964
11.420130000000928,0.09999999999999964
11.421800000000928,0.09999999999999964
11.423470000000929,0.09999999999999964
11.42514000000093,0.09999999999999964
11.42681000000093,0.09999999999999964
11.428480000000931,0.09999999999999964
11.430150000000932,0.09999999999999964
11.431820000000933,0.09999999999999964
11.433490000000933,0.09999999999999964
11.435160000000934,0.09999999999999964
11.436830000000935,0.09999999999999964
11.438500000000936,0.09999999999999964
11.440170000000936,0.09999999999999964
11.441840000000937,0.09999999999999964
11.443510000000938,0.09999999999999964
11.445180000000938,0.09999999999999964
11.44685000000094,0.09999999999999964
11.44852000000094,0.09999999999999964
11.45019000000094,0.09999999999999964
11.451860000000941,0.09999999999999964
11.453530000000942,0.09999999999999964
11.455200000000943,0.09999999999999964
11.456870000000944,0.09999999999999964
11.458540000000944,0.09999999999999964
11.460210000000945,0.09999999999999964
11.461880000000946,0.09999999999999964
11.463550000000946,0.09999999999999964
11.465220000000947,0.09999999999999964
11.466890000000948,0.09999999999999964
11.468560000000949,0.09999999999999964
11.47023000000095,0.09999999999999964
11.47190000000095,0.09999999999999964
11.47357000000095,0.09999999999999964
11.475240000000952,0.09999999999999964
11.476910000000952,0.09999999999999964
11.478580000000953,0.09999999999999964
11.480250000000954,0.09999999999999964
11.481920000000954,0.09999999999999964
11.483590000000955,0.09999999999999964
11.485260000000956,0.09999999999999964
11.486930000000957,0.09999999999999964
11.488600000000957,0.09999999999999964
11.490270000000958,0.09999999999999964
11.491940000000959,0.09999999999999964
11.49361000000096,0.09999999999999964
11.49528000000096,0.09999999999999964
11.496950000000961,0.09999999999999964
11.498620000000962,0.09999999999999964
11.500290000000962,0.09999999999999964
11.501960000000963,0.09999999999999964
11.503630000000964,0.09999999999999964
11.505300000000965,0.09999999999999964
11.506970000000965,0.09999999999999964
11.508640000000966,0.09999999999999964
11.510310000000967,0.09999999999999964
11.511980000000968,0.09999999999999964
11.513650000000968,0.09999999999999964
11.515320000000969,0.09999999999999964
11.51699000000097,0.09999999999999964
11.51866000000097,0.09999999999999964
11.520330000000971,0.09999999999999964
11.522000000000972,0.09999999999999964
11.523670000000973,0.09999999999999964
11.525340000000973,0.09999999999999964
11.527010000000974,0.09999999999999964
11.528680000000975,0.09999999999999964
11.530350000000976,0.09999999999999964
11.532020000000976,0.09999999999999964
11.533690000000977,0.09999999999999964
11.535360000000978,0.09999999999999964
11.537030000000978,0.09999999999999964
11.53870000000098,0.09999999999999964
11.54037000000098,0.09999999999999964
11.54204000000098,0.09999999999999964
11.543710000000981,0.09999999999999964
11.545380000000982,0.09999999999999964
11.547050000000983,0.09999999999999964
11.548720000000984,0.09999999999999964
11.550390000000984,0.09999999999999964
11.552060000000985,0.09999999999999964
11.553730000000986,0.09999999999999964
11.555400000000986,0.09999999999999964
11.557070000000987,0.09999999999999964
11.558740000000988,0.09999999999999964
11.560410000000989,0.09999999999999964
11.56208000000099,0.09999999999999964
11.56375000000099,0.09999999999999964
11.56542000000099,0.09999999999999964
11.567090000000992,0.09999999999999964
11.568760000000992,0.09999999999999964
11.570430000000993,0.09999999999999964
11.572100000000994,0.09999999999999964
11.573770000000994,0.09999999999999964
11.575440000000995,0.09999999999999964
11.577110000000996,0.09999999999999964
11.578780000000997,0.09999999999999964
11.580450000000997,0.09999999999999964
11.582120000000998,0.09999999999999964
11.583790000000999,0.09999999999999964
11.585460000001,0.09999999999999964
11.587130000001,0.09999999999999964
11.588800000001001,0.09999999999999964
11.590470000001002,0.09999999999999964
11.592140000001002,0.09999999999999964
11.593810000001003,0.09999999999999964
11.595480000001004,0.09999999999999964
11.597150000001005,0.09999999999999964
11.598820000001005,0.09999999999999964
11.600490000001006,0.09999999999999964
11.602160000001007,0.09999999999999964
11.603830000001008,0.09999999999999964
11.605500000001008,0.09999999999999964
11.607170000001009,0.09999999999999964
11.60884000000101,0.09999999999999964
11.61051000000101,0.09999999999999964
11.612180000001011,0.09999999999999964
11.613850000001012,0.09999999999999964
11.615520000001013,0.09999999999999964
11.617190000001013,0.09999999999999964
11.618860000001014,0.09999999999999964
11.620530000001015,0.09999999999999964
11.622200000001015,0.09999999999999964
11.623870000001016,0.09999999999999964
11.625540000001017,0.09999999999999964
11.627210000001018,0.09999999999999964
11.628880000001018,0.09999999999999964
11.63055000000102,0.09999999999999964
11.63222000000102,0.09999999999999964
11.63389000000102,0.09999999999999964
11.635560000001021,0.09999999999999964
11.637230000001022,0.09999999999999964
11.638900000001023,0.09999999999999964
11.640570000001023,0.09999999999999964
11.642240000001024,0.09999999999999964
11.643910000001025,0.09999999999999964
11.645580000001026,0.09999999999999964
11.647250000001026,0.09999999999999964
11.648920000001027,0.09999999999999964
11.650590000001028,0.09999999999999964
11.652260000001029,0.09999999999999964
11.65393000000103,0.09999999999999964
11.65560000000103,0.09999999999999964
11.65727000000103,0.09999999999999964
11.658940000001031,0.09999999999999964
11.660610000001032,0.09999999999999964
11.662280000001033,0.09999999999999964
11.663950000001034,0.09999999999999964
11.665620000001034,0.09999999999999964
11.667290000001035,0.09999999999999964
11.668960000001036,0.09999999999999964
11.670630000001037,0.10000000000000053
11.672300000001037,0.09999999999999964
11.673970000001038,0.09999999999999964
11.675640000001039,0.09999999999999964
11.67731000000104,0.09999999999999964
11.67898000000104,0.10000000000000053
11.680650000001041,0.09999999999999964
11.682320000001042,0.09999999999999964
11.683990000001042,0.09999999999999964
11.685660000001043,0.09999999999999964
11.687330000001044,0.10000000000000053
11.689000000001045,0.09999999999999964
11.690670000001045,0.09999999999999964
11.692340000001046,0.09999999999999964
11.694010000001047,0.09999999999999964
11.695680000001047,0.10000000000000053
11.697350000001048,0.09999999999999964
11.699020000001049,0.09999999999999964
11.70069000000105,0.09999999999999964
11.70236000000105,0.09999999999999964
11.704030000001051,0.10000000000000053
11.705700000001052,0.09999999999999964
11.707370000001053,0.09999999999999964
11.709040000001053,0.09999999999999964
11.710710000001054,0.09999999999999964
11.712380000001055,0.10000000000000053
11.714050000001055,0.09999999999999964
11.715720000001056,0.09999999999999964
11.717390000001057,0.09999999999999964
11.719060000001058,0.09999999999999964
11.720730000001058,0.10000000000000053
11.722400000001059,0.09999999999999964
11.72407000000106,0.09999999999999964
11.72574000000106,0.09999999999999964
11.727410000001061,0.09999999999999964
11.729080000001062,0.10000000000000053
11.730750000001063,0.09999999999999964
11.732420000001063,0.09999999999999964
11.734090000001064,0.09999999999999964
11.735760000001065,0.09999999999999964
11.737430000001066,0.10000000000000053
11.739100000001066,0.09999999999999964
11.740770000001067,0.09999999999999964
11.742440000001068,0.09999999999999964
11.744110000001069,0.09999999999999964
11.74578000000107,0.10000000000000053
11.74745000000107,0.09999999999999964
11.74912000000107,0.09999999999999964
11.750790000001071,0.09999999999999964
11.752460000001072,0.10000000000000053
11.754130000001073,0.10000000000000053
11.755800000001074,0.09999999999999964
11.757470000001074,0.09999999999999964
11.759140000001075,0.09999999999999964
11.760810000001076,0.10000000000000053
11.762480000001077,0.10000000000000053
11.764150000001077,0.09999999999999964
11.765820000001078,0.09999999999999964
11.767490000001079,0.09999999999999964
11.76916000000108,0.10000000000000053
11.77083000000108,0.10000000000000053
11.77250000000108,0.09999999999999964
11.774170000001082,0.09999999999999964
11.775840000001082,0.09999999999999964
11.777510000001083,0.10000000000000053
11.779180000001084,0.10000000000000053
11.780850000001085,0.09999999999999964
11.782520000001085,0.09999999999999964
11.784190000001086,0.09999999999999964
11.785860000001087,0.10000000000000053
11.787530000001087,0.10000000000000053
11.789200000001088,0.09999999999999964
11.790870000001089,0.09999999999999964
11.79254000000109,0.09999999999999964
11.79421000000109,0.10000000000000053
11.795880000001091,0.10000000000000053
11.797550000001092,0.09999999999999964
11.799220000001093,0.09999999999999964
11.800890000001093,0.09999999999999964
11.802560000001094,0.10000000000000053
11.804230000001095,0.10000000000000053
11.805900000001095,0.09999999999999964
11.807570000001096,0.09999999999999964
11.809240000001097,0.09999999999999964
11.810910000001098,0.10000000000000053
11.812580000001098,0.10000000000000053
11.814250000001099,0.09999999999999964
11.8159200000011,0.09999999999999964
11.8175900000011,0.09999999999999964
11.819260000001101,0.10000000000000053
11.820930000001102,0.10000000000000053
11.822600000001103,0.09999999999999964
11.824270000001103,0.09999999999999964
11.825940000001104,0.09999999999999964
11.827610000001105,0.10000000000000053
11.829280000001106,0.10000000000000053
11.830950000001106,0.09999999999999964
11.832620000001107,0.09999999999999964
11.834290000001108,0.09999999999999964
11.835960000001108,0.10000000000000053
11.83763000000111,0.10000000000000053
11.83930000000111,0.09999999999999964
11.84097000000111,0.09999999999999964
11.842640000001111,0.09999999999999964
11.844310000001112,0.10000000000000053
11.845980000001113,0.10000000000000053
11.847650000001114,0.09999999999999964
11.849320000001114,0.09999999999999964
11.850990000001115,0.09999999999999964
11.852660000001116,0.10000000000000053
11.854330000001116,0.10000000000000053
11.856000000001117,0.09999999999999964
11.857670000001118,0.09999999999999964
11.859340000001119,0.09999999999999964
11.86101000000112,0.10000000000000053
11.86268000000112,0.10000000000000053
11.86435000000112,0.09999999999999964
11.866020000001122,0.09999999999999964
11.867690000001122,0.09999999999999964
11.869360000001123,0.10000000000000053
11.871030000001124,0.10000000000000053
11.872700000001124,0.09999999999999964
11.874370000001125,0.09999999999999964
11.876040000001126,0.09999999999999964
11.877710000001127,0.10000000000000053
11.879380000001127,0.10000000000000053
11.881050000001128,0.09999999999999964
11.882720000001129,0.09999999999999964
11.88439000000113,0.09999999999999964
11.88606000000113,0.10000000000000053
11.887730000001131,0.10000000000000053
11.889400000001132,0.09999999999999964
11.891070000001132,0.09999999999999964
11.892740000001133,0.09999999999999964
11.894410000001134,0.10000000000000053
11.896080000001135,0.10000000000000053
11.897750000001135,0.09999999999999964
11.899420000001136,0.09999999999999964
11.901090000001137,0.09999999999999964
11.902760000001138,0.10000000000000053
11.904430000001138,0.10000000000000053
11.906100000001139,0.09999999999999964
11.90777000000114,0.09999999999999964
11.90944000000114,0.09999999999999964
11.911110000001141,0.10000000000000053
11.912780000001142,0.10000000000000053
11.914450000001143,0.09999999999999964
11.916120000001143,0.09999999999999964
11.917790000001144,0.09999999999999964
11.919460000001145,0.10000000000000053
11.921130000001146,0.10000000000000053
11.922800000001146,0.09999999999999964
11.924470000001147,0.09999999999999964
11.926140000001148,0.09999999999999964
11.927810000001148,0.10000000000000053
11.92948000000115,0.10000000000000053
11.93115000000115,0.09999999999999964
11.93282000000115,0.09999999999999964
11.934490000001151,0.09999999999999964
11.936160000001152,0.10000000000000053
11.937830000001153,0.10000000000000053
11.939500000001154,0.09999999999999964
11.941170000001154,0.09999999999999964
11.942840000001155,0.09999999999999964
11.944510000001156,0.10000000000000053
11.946180000001156,0.10000000000000053
11.947850000001157,0.09999999999999964
11.949520000001158,0.09999999999999964
11.951190000001159,0.09999999999999964
11.95286000000116,0.10000000000000053
11.95453000000116,0.10000000000000053
11.95620000000116,0.09999999999999964
11.957870000001162,0.09999999999999964
11.959540000001162,0.09999999999999964
11.961210000001163,0.10000000000000053
11.962880000001164,0.10000000000000053
11.964550000001164,0.09999999999999964
11.966220000001165,0.09999999999999964
11.967890000001166,0.09999999999999964
11.969560000001167,0.10000000000000053
11.971230000001167,0.10000000000000053
11.972900000001168,0.09999999999999964
11.974570000001169,0.09999999999999964
11.97624000000117,0.09999999999999964
11.97791000000117,0.10000000000000053
11.979580000001171,0.10000000000000053
11.981250000001172,0.09999999999999964
11.982920000001172,0.09999999999999964
11.984590000001173,0.09999999999999964
11.986260000001174,0.10000000000000053
11.987930000001175,0.10000000000000053
11.989600000001175,0.09999999999999964
11.991270000001176,0.09999999999999964
11.992940000001177,0.09999999999999964
11.994610000001177,0.10000000000000053
11.996280000001178,0.10000000000000053
11.997950000001179,0.09999999999999964
11.99962000000118,0.09999999999999964
12.00129000000118,0.09999999999999964
12.002960000001181,0.10000000000000053
12.004630000001182,0.10000000000000053
12.006300000001183,0.09999999999999964
12.007970000001183,0.09999999999999964
12.009640000001184,0.09999999999999964
12.011310000001185,0.10000000000000053
12.012980000001185,0.10000000000000053
12.014650000001186,0.10000000000000053
12.016320000001187,0.09999999999999964
12.017990000001188,0.09999999999999964
12.019660000001188,0.10000000000000053
12.02133000000119,0.10000000000000053
12.02300000000119,0.10000000000000053
12.02467000000119,0.09999999999999964
12.026340000001191,0.09999999999999964
12.028010000001192,0.10000000000000053
12.029680000001193,0.10000000000000053
12.031350000001193,0.10000000000000053
12.033020000001194,0.09999999999999964
12.034690000001195,0.09999999999999964
12.036360000001196,0.10000000000000053
12.038030000001196,0.10000000000000053
12.039700000001197,0.10000000000000053
12.041370000001198,0.09999999999999964
12.043040000001199,0.09999999999999964
12.0447100000012,0.10000000000000053
12.0463800000012,0.10000000000000053
12.0480500000012,0.10000000000000053
12.049720000001201,0.09999999999999964
12.051390000001202,0.09999999999999964
12.053060000001203,0.10000000000000053
12.054730000001204,0.10000000000000053
12.056400000001204,0.10000000000000053
12.058070000001205,0.09999999999999964
12.059740000001206,0.09999999999999964
12.061410000001207,0.10000000000000053
12.063080000001207,0.10000000000000053
12.064750000001208,0.10000000000000053
12.066420000001209,0.09999999999999964
12.06809000000121,0.09999999999999964
12.06976000000121,0.10000000000000053
12.071430000001211,0.10000000000000053
12.073100000001212,0.10000000000000053
12.074770000001212,0.09999999999999964
12.076440000001213,0.09999999999999964
12.078110000001214,0.10000000000000053
12.079780000001215,0.10000000000000053
12.081450000001215,0.10000000000000053
12.083120000001216,0.09999999999999964
12.084790000001217,0.09999999999999964
12.086460000001217,0.10000000000000053
12.088130000001218,0.10000000000000053
12.089800000001219,0.10000000000000053
12.09147000000122,0.09999999999999964
12.09314000000122,0.09999999999999964
12.094810000001221,0.10000000000000053
12.096480000001222,0.10000000000000053
12.098150000001223,0.10000000000000053
12.099820000001223,0.09999999999999964
12.101490000001224,0.09999999999999964
12.103160000001225,0.10000000000000053
12.104830000001225,0.10000000000000053
12.106500000001226,0.10000000000000053
12.108170000001227,0.09999999999999964
12.109840000001228,0.09999999999999964
12.111510000001228,0.10000000000000053
12.113180000001229,0.10000000000000053
12.11485000000123,0.10000000000000053
12.11652000000123,0.09999999999999964
12.118190000001231,0.09999999999999964
12.119860000001232,0.10000000000000053
12.121530000001233,0.10000000000000053
12.123200000001233,0.10000000000000053
12.124870000001234,0.09999999999999964
12.126540000001235,0.09999999999999964
12.128210000001236,0.10000000000000053
12.129880000001236,0.10000000000000053
12.131550000001237,0.10000000000000053
12.133220000001238,0.09999999999999964
12.134890000001239,0.09999999999999964
12.13656000000124,0.10000000000000053
12.13823000000124,0.10000000000000053
12.13990000000124,0.10000000000000053
12.141570000001241,0.09999999999999964
12.143240000001242,0.09999999999999964
12.144910000001243,0.10000000000000053
12.146580000001244,0.10000000000000053
12.148250000001244,0.10000000000000053
12.149920000001245,0.09999999999999964
12.151590000001246,0.09999999999999964
12.153260000001247,0.10000000000000053
12.154930000001247,0.10000000000000053
12.156600000001248,0.10000000000000053
12.158270000001249,0.09999999999999964
12.15994000000125,0.09999999999999964
12.16161000000125,0.10000000000000053
12.16328000000125,0.10000000000000053
12.164950000001252,0.10000000000000053
12.166620000001252,0.09999999999999964
12.168290000001253,0.09999999999999964
12.169960000001254,0.10000000000000053
12.171630000001255,0.10000000000000053
12.173300000001255,0.10000000000000053
12.174970000001256,0.09999999999999964
12.176640000001257,0.09999999999999964
12.178310000001257,0.10000000000000053
12.179980000001258,0.10000000000000053
12.181650000001259,0.10000000000000053
12.18332000000126,0.09999999999999964
12.18499000000126,0.09999999999999964
12.186660000001261,0.10000000000000053
12.188330000001262,0.10000000000000053
12.190000000001262,0.10000000000000053
12.191670000001263,0.09999999999999964
12.193340000001264,0.09999999999999964
12.195010000001265,0.10000000000000053
12.196680000001265,0.10000000000000053
12.198350000001266,0.10000000000000053
12.200020000001267,0.09999999999999964
12.201690000001268,0.09999999999999964
12.203360000001268,0.10000000000000053
12.205030000001269,0.10000000000000053
12.20670000000127,0.10000000000000053
12.20837000000127,0.09999999999999964
12.210040000001271,0.09999999999999964
12.211710000001272,0.10000000000000053
12.213380000001273,0.10000000000000053
12.215050000001273,0.10000000000000053
12.216720000001274,0.09999999999999964
12.218390000001275,0.09999999999999964
12.220060000001276,0.10000000000000053
12.221730000001276,0.10000000000000053
12.223400000001277,0.10000000000000053
12.225070000001278,0.09999999999999964
12.226740000001278,0.09999999999999964
12.22841000000128,0.10000000000000053
12.23008000000128,0.10000000000000053
12.23175000000128,0.10000000000000053
12.233420000001281,0.09999999999999964
12.235090000001282,0.09999999999999964
12.236760000001283,0.10000000000000053
12.238430000001284,0.10000000000000053
12.240100000001284,0.10000000000000053
12.241770000001285,0.09999999999999964
12.243440000001286,0.09999999999999964
12.245110000001286,0.10000000000000053
12.246780000001287,0.10000000000000053
12.248450000001288,0.10000000000000053
12.250120000001289,0.09999999999999964
12.25179000000129,0.09999999999999964
12.25346000000129,0.10000000000000053
12.25513000000129,0.10000000000000053
12.256800000001292,0.10000000000000053
12.258470000001292,0.09999999999999964
12.260140000001293,0.09999999999999964
12.261810000001294,0.10000000000000053
12.263480000001294,0.10000000000000053
12.265150000001295,0.10000000000000053
12.266820000001296,0.09999999999999964
12.268490000001297,0.09999999999999964
12.270160000001297,0.10000000000000053
12.271830000001298,0.10000000000000053
12.273500000001299,0.10000000000000053
12.2751700000013,0.09999999999999964
12.2768400000013,0.10000000000000053
12.278510000001301,0.10000000000000053
12.280180000001302,0.10000000000000053
12.281850000001302,0.10000000000000053
12.283520000001303,0.09999999999999964
12.285190000001304,0.10000000000000053
12.286860000001305,0.10000000000000053
12.288530000001305,0.10000000000000053
12.290200000001306,0.10000000000000053
12.291870000001307,0.09999999999999964
12.293540000001308,0.10000000000000053
12.295210000001308,0.10000000000000053
12.296880000001309,0.10000000000000053
12.29855000000131,0.10000000000000053
12.30022000000131,0.09999999999999964
12.301890000001311,0.10000000000000053
12.303560000001312,0.10000000000000053
12.305230000001313,0.10000000000000053
12.306900000001313,0.10000000000000053
12.308570000001314,0.09999999999999964
12.310240000001315,0.10000000000000053
12.311910000001316,0.10000000000000053
12.313580000001316,0.10000000000000053
12.315250000001317,0.10000000000000053
12.316920000001318,0.09999999999999964
12.318590000001318,0.10000000000000053
12.32026000000132,0.10000000000000053
12.32193000000132,0.10000000000000053
12.32360000000132,0.10000000000000053
12.325270000001321,0.10000000000000053
12.326940000001322,0.10000000000000053
12.328610000001323,0.10000000000000053
12.330280000001324,0.10000000000000053
12.331950000001324,0.10000000000000053
12.333620000001325,0.10000000000000053
12.335290000001326,0.10000000000000053
12.336960000001326,0.10000000000000053
12.338630000001327,0.10000000000000053
12.340300000001328,0.10000000000000053
12.341970000001329,0.10000000000000053
12.34364000000133,0.10000000000000053
12.34531000000133,0.10000000000000053
12.34698000000133,0.10000000000000053
12.348650000001332,0.10000000000000053
12.350320000001332,0.10000000000000053
12.351990000001333,0.10000000000000053
12.353660000001334,0.10000000000000053
12.355330000001334,0.10000000000000053
12.357000000001335,0.10000000000000053
12.358670000001336,0.10000000000000053
12.360340000001337,0.10000000000000053
12.362010000001337,0.10000000000000053
12.363680000001338,0.10000000000000053
12.365350000001339,0.10000000000000053
12.36702000000134,0.10000000000000053
12.36869000000134,0.10000000000000053
12.370360000001341,0.10000000000000053
12.372030000001342,0.10000000000000053
12.373700000001342,0.10000000000000053
12.375370000001343,0.10000000000000053
12.377040000001344,0.10000000000000053
12.378710000001345,0.10000000000000053
12.380380000001345,0.10000000000000053
12.382050000001346,0.10000000000000053
12.383720000001347,0.10000000000000053
12.385390000001347,0.10000000000000053
12.387060000001348,0.10000000000000053
12.388730000001349,0.10000000000000053
12.39040000000135,0.10000000000000053
12.39207000000135,0.10000000000000053
12.393740000001351,0.10000000000000053
12.395410000001352,0.10000000000000053
12.397080000001353,0.10000000000000053
12.398750000001353,0.10000000000000053
12.400420000001354,0.10000000000000053
12.402090000001355,0.10000000000000053
12.403760000001355,0.10000000000000053
12.405430000001356,0.10000000000000053
12.407100000001357,0.10000000000000053
12.408770000001358,0.10000000000000053
12.410440000001358,0.10000000000000053
12.412110000001359,0.10000000000000053
12.41378000000136,0.10000000000000053
12.41545000000136,0.10000000000000053
12.417120000001361,0.10000000000000053
12.418790000001362,0.10000000000000053
12.420460000001363,0.10000000000000053
12.422130000001363,0.10000000000000053
12.423800000001364,0.10000000000000053
12.425470000001365,0.10000000000000053
12.427140000001366,0.10000000000000053
12.428810000001366,0.10000000000000053
12.430480000001367,0.10000000000000053
12.432150000001368,0.10000000000000053
12.433820000001369,0.10000000000000053
12.43549000000137,0.10000000000000053
12.43716000000137,0.10000000000000053
12.43883000000137,0.10000000000000053
12.440500000001371,0.10000000000000053
12.442170000001372,0.10000000000000053
12.443840000001373,0.10000000000000053
12.445510000001374,0.10000000000000053
12.447180000001374,0.10000000000000053
12.448850000001375,0.10000000000000053
12.450520000001376,0.10000000000000053
12.452190000001377,0.10000000000000053
12.453860000001377,0.10000000000000053
12.455530000001378,0.10000000000000053
12.457200000001379,0.10000000000000053
12.45887000000138,0.10000000000000053
12.46054000000138,0.10000000000000053
12.462210000001381,0.10000000000000053
12.463880000001382,0.10000000000000053
12.465550000001382,0.10000000000000053
12.467220000001383,0.10000000000000053
12.468890000001384,0.10000000000000053
12.470560000001385,0.10000000000000053
12.472230000001385,0.10000000000000053
12.473900000001386,0.10000000000000053
12.475570000001387,0.10000000000000053
12.477240000001387,0.10000000000000053
12.478910000001388,0.10000000000000053
12.480580000001389,0.10000000000000053
12.48225000000139,0.10000000000000053
12.48392000000139,0.10000000000000053
12.485590000001391,0.10000000000000053
12.487260000001392,0.10000000000000053
12.488930000001393,0.10000000000000053
12.490600000001393,0.10000000000000053
12.492270000001394,0.10000000000000053
12.493940000001395,0.10000000000000053
12.495610000001395,0.10000000000000053
12.497280000001396,0.10000000000000053
12.498950000001397,0.10000000000000053
12.500620000001398,0.10000000000000053
12.502290000001398,0.10000000000000053
12.503960000001399,0.10000000000000053
12.5056300000014,0.10000000000000053
12.5073000000014,0.10000000000000053
12.508970000001401,0.10000000000000053
12.510640000001402,0.10000000000000053
12.512310000001403,0.10000000000000053
12.513980000001403,0.10000000000000053
12.515650000001404,0.10000000000000053
12.517320000001405,0.10000000000000053
12.518990000001406,0.10000000000000053
12.520660000001406,0.10000000000000053
12.522330000001407,0.10000000000000053
12.524000000001408,0.10000000000000053
12.525670000001409,0.10000000000000053
12.52734000000141,0.10000000000000053
12.52901000000141,0.10000000000000053
12.53068000000141,0.10000000000000053
12.532350000001411,0.10000000000000053
12.534020000001412,0.10000000000000053
12.535690000001413,0.10000000000000053
12.537360000001414,0.10000000000000053
12.539030000001414,0.10000000000000053
12.540700000001415,0.10000000000000053
12.542370000001416,0.10000000000000053
12.544040000001417,0.10000000000000053
12.545710000001417,0.10000000000000053
12.547380000001418,0.10000000000000053
12.549050000001419,0.10000000000000053
12.55072000000142,0.10000000000000053
12.55239000000142,0.10000000000000053
12.55406000000142,0.10000000000000053
12.555730000001422,0.10000000000000053
12.557400000001422,0.10000000000000053
12.559070000001423,0.10000000000000053
12.560740000001424,0.10000000000000053
12.562410000001424,0.10000000000000053
12.564080000001425,0.10000000000000053
12.565750000001426,0.10000000000000053
12.567420000001427,0.10000000000000053
12.569090000001427,0.10000000000000053
12.570760000001428,0.10000000000000053
12.572430000001429,0.10000000000000053
12.57410000000143,0.10000000000000053
12.57577000000143,0.10000000000000053
12.577440000001431,0.10000000000000053
12.579110000001432,0.10000000000000053
12.580780000001432,0.10000000000000053
12.582450000001433,0.10000000000000053
12.584120000001434,0.10000000000000053
12.585790000001435,0.10000000000000053
12.587460000001435,0.10000000000000053
12.589130000001436,0.10000000000000053
12.590800000001437,0.10000000000000053
12.592470000001438,0.10000000000000053
12.594140000001438,0.10000000000000053
12.595810000001439,0.10000000000000053
12.59748000000144,0.10000000000000053
12.59915000000144,0.10000000000000053
12.600820000001441,0.10000000000000053
12.602490000001442,0.10000000000000053
12.604160000001443,0.10000000000000053
12.605830000001443,0.10000000000000053
12.607500000001444,0.10000000000000053
12.609170000001445,0.10000000000000053
12.610840000001446,0.10000000000000053
12.612510000001446,0.10000000000000053
12.614180000001447,0.10000000000000053
12.615850000001448,0.10000000000000053
12.617520000001448,0.10000000000000053
12.61919000000145,0.10000000000000053
12.62086000000145,0.10000000000000053
12.62253000000145,0.10000000000000053
12.624200000001451,0.10000000000000053
12.625870000001452,0.10000000000000053
12.627540000001453,0.10000000000000053
12.629210000001454,0.10000000000000053
12.630880000001454,0.10000000000000053
12.632550000001455,0.10000000000000053
12.634220000001456,0.10000000000000053
12.635890000001456,0.10000000000000053
12.637560000001457,0.10000000000000053
12.639230000001458,0.10000000000000053
12.640900000001459,0.10000000000000053
12.64257000000146,0.10000000000000053
12.64424000000146,0.10000000000000053
12.64591000000146,0.10000000000000053
12.647580000001462,0.10000000000000053
12.649250000001462,0.10000000000000053
12.650920000001463,0.10000000000000053
12.652590000001464,0.10000000000000053
12.654260000001464,0.10000000000000053
12.655930000001465,0.10000000000000053
12.657600000001466,0.10000000000000053
12.659270000001467,0.10000000000000053
12.660940000001467,0.10000000000000053
12.662610000001468,0.10000000000000053
12.664280000001469,0.10000000000000053
12.66595000000147,0.10000000000000053
12.66762000000147,0.10000000000000053
12.669290000001471,0.09999999999999964
12.670960000001472,0.10000000000000053
12.672630000001472,0.10000000000000053
12.674300000001473,0.10000000000000053
12.675970000001474,0.10000000000000053
12.677640000001475,0.09999999999999964
12.679310000001475,0.10000000000000053
12.680980000001476,0.10000000000000053
12.682650000001477,0.10000000000000053
12.684320000001478,0.10000000000000053
12.685990000001478,0.09999999999999964
12.687660000001479,0.10000000000000053
12.68933000000148,0.10000000000000053
12.69100000000148,0.10000000000000053
12.692670000001481,0.10000000000000053
12.694340000001482,0.09999999999999964
12.696010000001483,0.10000000000000053
12.697680000001483,0.10000000000000053
12.699350000001484,0.10000000000000053
12.701020000001485,0.10000000000000053
12.702690000001486,0.09999999999999964
12.704360000001486,0.10000000000000053
12.706030000001487,0.10000000000000053
12.707700000001488,0.10000000000000053
12.709370000001488,0.10000000000000053
12.71104000000149,0.09999999999999964
12.71271000000149,0.10000000000000053
12.71438000000149,0.10000000000000053
12.716050000001491,0.10000000000000053
12.717720000001492,0.10000000000000053
12.719390000001493,0.09999999999999964
12.721060000001494,0.10000000000000053
12.722730000001494,0.10000000000000053
12.724400000001495,0.10000000000000053
12.726070000001496,0.10000000000000053
12.727740000001496,0.09999999999999964
12.729410000001497,0.10000000000000053
12.731080000001498,0.10000000000000053
12.732750000001499,0.10000000000000053
12.7344200000015,0.10000000000000053
12.7360900000015,0.09999999999999964
12.7377600000015,0.10000000000000053
12.739430000001501,0.10000000000000053
12.741100000001502,0.10000000000000053
12.742770000001503,0.10000000000000053
12.744440000001504,0.09999999999999964
12.746110000001504,0.10000000000000053
12.747780000001505,0.10000000000000053
12.749450000001506,0.10000000000000053
12.751120000001507,0.10000000000000053
12.752790000001507,0.09999999999999964
12.754460000001508,0.10000000000000053
12.756130000001509,0.10000000000000053
12.75780000000151,0.10000000000000053
12.75947000000151,0.09999999999999964
12.761140000001511,0.09999999999999964
12.762810000001512,0.10000000000000053
12.764480000001512,0.10000000000000053
12.766150000001513,0.10000000000000053
12.767820000001514,0.09999999999999964
12.769490000001515,0.09999999999999964
12.771160000001515,0.10000000000000053
12.772830000001516,0.10000000000000053
12.774500000001517,0.10000000000000053
12.776170000001517,0.09999999999999964
12.777840000001518,0.09999999999999964
12.779510000001519,0.10000000000000053
12.78118000000152,0.10000000000000053
12.78285000000152,0.10000000000000053
12.784520000001521,0.09999999999999964
12.786190000001522,0.09999999999999964
12.787860000001523,0.10000000000000053
12.789530000001523,0.10000000000000053
12.791200000001524,0.10000000000000053
12.792870000001525,0.09999999999999964
12.794540000001525,0.09999999999999964
12.796210000001526,0.10000000000000053
12.797880000001527,0.10000000000000053
12.799550000001528,0.10000000000000053
12.801220000001528,0.09999999999999964
12.802890000001529,0.09999999999999964
12.80456000000153,0.10000000000000053
12.80623000000153,0.10000000000000053
12.807900000001531,0.10000000000000053
12.809570000001532,0.09999999999999964
12.811240000001533,0.09999999999999964
12.812910000001533,0.10000000000000053
12.814580000001534,0.10000000000000053
12.816250000001535,0.10000000000000053
12.817920000001536,0.09999999999999964
12.819590000001536,0.09999999999999964
12.821260000001537,0.10000000000000053
12.822930000001538,0.10000000000000053
12.824600000001539,0.10000000000000053
12.82627000000154,0.09999999999999964
12.82794000000154,0.09999999999999964
12.82961000000154,0.10000000000000053
12.831280000001541,0.10000000000000053
12.832950000001542,0.10000000000000053
12.834620000001543,0.09999999999999964
12.836290000001544,0.09999999999999964
12.837960000001544,0.10000000000000053
12.839630000001545,0.10000000000000053
12.841300000001546,0.10000000000000053
12.842970000001547,0.09999999999999964
12.844640000001547,0.09999999999999964
12.846310000001548,0.10000000000000053
12.847980000001549,0.10000000000000053
12.84965000000155,0.10000000000000053
12.85132000000155,0.09999999999999964
12.852990000001551,0.09999999999999964
12.854660000001552,0.10000000000000053
12.856330000001552,0.10000000000000053
12.858000000001553,0.10000000000000053
12.859670000001554,0.09999999999999964
12.861340000001555,0.09999999999999964
12.863010000001555,0.10000000000000053
12.864680000001556,0.10000000000000053
12.866350000001557,0.10000000000000053
12.868020000001557,0.09999999999999964
12.869690000001558,0.09999999999999964
12.871360000001559,0.10000000000000053
12.87303000000156,0.10000000000000053
12.87470000000156,0.10000000000000053
12.876370000001561,0.09999999999999964
12.878040000001562,0.09999999999999964
12.879710000001563,0.10000000000000053
12.881380000001563,0.10000000000000053
12.883050000001564,0.10000000000000053
12.884720000001565,0.09999999999999964
12.886390000001565,0.09999999999999964
12.888060000001566,0.10000000000000053
12.889730000001567,0.10000000000000053
12.891400000001568,0.10000000000000053
12.893070000001568,0.09999999999999964
12.894740000001569,0.09999999999999964
12.89641000000157,0.10000000000000053
12.89808000000157,0.10000000000000053
12.899750000001571,0.10000000000000053
12.901420000001572,0.09999999999999964
12.903090000001573,0.09999999999999964
12.904760000001573,0.10000000000000053
12.906430000001574,0.10000000000000053
12.908100000001575,0.10000000000000053
12.909770000001576,0.09999999999999964
12.911440000001576,0.09999999999999964
12.913110000001577,0.10000000000000053
12.914780000001578,0.10000000000000053
12.916450000001579,0.10000000000000053
12.91812000000158,0.09999999999999964
12.91979000000158,0.09999999999999964
12.92146000000158,0.10000000000000053
12.923130000001581,0.10000000000000053
12.924800000001582,0.10000000000000053
12.926470000001583,0.09999999999999964
12.928140000001584,0.09999999999999964
12.929810000001584,0.10000000000000053
12.931480000001585,0.10000000000000053
12.933150000001586,0.10000000000000053
12.934820000001586,0.09999999999999964
12.936490000001587,0.09999999999999964
12.938160000001588,0.10000000000000053
12.939830000001589,0.10000000000000053
12.94150000000159,0.10000000000000053
12.94317000000159,0.09999999999999964
12.94484000000159,0.09999999999999964
12.946510000001592,0.10000000000000053
12.948180000001592,0.10000000000000053
12.949850000001593,0.10000000000000053
12.951520000001594,0.09999999999999964
12.953190000001594,0.09999999999999964
12.954860000001595,0.10000000000000053
12.956530000001596,0.10000000000000053
12.958200000001597,0.10000000000000053
12.959870000001597,0.09999999999999964
12.961540000001598,0.09999999999999964
12.963210000001599,0.10000000000000053
12.9648800000016,0.10000000000000053
12.9665500000016,0.10000000000000053
12.968220000001601,0.09999999999999964
12.969890000001602,0.09999999999999964
12.971560000001602,0.10000000000000053
12.973230000001603,0.10000000000000053
12.974900000001604,0.10000000000000053
12.976570000001605,0.09999999999999964
12.978240000001605,0.09999999999999964
12.979910000001606,0.10000000000000053
12.981580000001607,0.10000000000000053
12.983250000001608,0.10000000000000053
12.984920000001608,0.09999999999999964
12.986590000001609,0.09999999999999964
12.98826000000161,0.10000000000000053
12.98993000000161,0.10000000000000053
12.991600000001611,0.10000000000000053
12.993270000001612,0.09999999999999964
12.994940000001613,0.09999999999999964
12.996610000001613,0.10000000000000053
12.998280000001614,0.10000000000000053
12.999950000001615,0.10000000000000053
13.001620000001616,0.09999999999999964
13.003290000001616,0.09999999999999964
13.004960000001617,0.10000000000000053
13.006630000001618,0.10000000000000053
13.008300000001618,0.10000000000000053
13.00997000000162,0.09999999999999964
13.01164000000162,0.09999999999999964
13.01331000000162,0.09999999999999964
13.014980000001621,0.10000000000000053
13.016650000001622,0.10000000000000053
13.018320000001623,0.09999999999999964
13.019990000001624,0.09999999999999964
13.021660000001624,0.09999999999999964
13.023330000001625,0.10000000000000053
13.025000000001626,0.10000000000000053
13.026670000001626,0.09999999999999964
13.028340000001627,0.09999999999999964
13.030010000001628,0.09999999999999964
13.031680000001629,0.10000000000000053
13.03335000000163,0.10000000000000053
13.03502000000163,0.09999999999999964
13.03669000000163,0.09999999999999964
13.038360000001632,0.09999999999999964
13.040030000001632,0.10000000000000053
13.041700000001633,0.10000000000000053
13.043370000001634,0.09999999999999964
13.045040000001634,0.09999999999999964
13.046710000001635,0.09999999999999964
13.048380000001636,0.10000000000000053
13.050050000001637,0.10000000000000053
13.051720000001637,0.09999999999999964
13.053390000001638,0.09999999999999964
13.055060000001639,0.09999999999999964
13.05673000000164,0.10000000000000053
13.05840000000164,0.10000000000000053
13.060070000001641,0.09999999999999964
13.061740000001642,0.09999999999999964
13.063410000001642,0.09999999999999964
13.065080000001643,0.10000000000000053
13.066750000001644,0.10000000000000053
13.068420000001645,0.09999999999999964
13.070090000001645,0.09999999999999964
13.071760000001646,0.09999999999999964
13.073430000001647,0.10000000000000053
13.075100000001648,0.10000000000000053
13.076770000001648,0.09999999999999964
13.078440000001649,0.09999999999999964
13.08011000000165,0.09999999999999964
13.08178000000165,0.10000000000000053
13.083450000001651,0.10000000000000053
13.085120000001652,0.09999999999999964
13.086790000001653,0.09999999999999964
13.088460000001653,0.09999999999999964
13.090130000001654,0.10000000000000053
13.091800000001655,0.10000000000000053
13.093470000001656,0.09999999999999964
13.095140000001656,0.09999999999999964
13.096810000001657,0.09999999999999964
13.098480000001658,0.10000000000000053
13.100150000001658,0.10000000000000053
13.10182000000166,0.09999999999999964
13.10349000000166,0.09999999999999964
13.10516000000166,0.09999999999999964
13.106830000001661,0.10000000000000053
13.108500000001662,0.10000000000000053
13.110170000001663,0.09999999999999964
13.111840000001663,0.09999999999999964
13.113510000001664,0.09999999999999964
13.115180000001665,0.10000000000000053
13.116850000001666,0.10000000000000053
13.118520000001666,0.09999999999999964
13.120190000001667,0.09999999999999964
13.121860000001668,0.09999999999999964
13.123530000001669,0.10000000000000053
13.12520000000167,0.10000000000000053
13.12687000000167,0.09999999999999964
13.12854000000167,0.09999999999999964
13.130210000001671,0.09999999999999964
13.131880000001672,0.10000000000000053
13.133550000001673,0.10000000000000053
13.135220000001674,0.09999999999999964
13.136890000001674,0.09999999999999964
13.138560000001675,0.09999999999999964
13.140230000001676,0.10000000000000053
13.141900000001677,0.10000000000000053
13.143570000001677,0.09999999999999964
13.145240000001678,0.09999999999999964
13.146910000001679,0.09999999999999964
13.14858000000168,0.10000000000000053
13.15025000000168,0.10000000000000053
13.151920000001681,0.09999999999999964
13.153590000001682,0.09999999999999964
13.155260000001682,0.09999999999999964
13.156930000001683,0.10000000000000053
13.158600000001684,0.10000000000000053
13.160270000001685,0.09999999999999964
13.161940000001685,0.09999999999999964
13.163610000001686,0.09999999999999964
13.165280000001687,0.10000000000000053
13.166950000001687,0.10000000000000053
13.168620000001688,0.09999999999999964
13.170290000001689,0.09999999999999964
13.17196000000169,0.09999999999999964
13.17363000000169,0.10000000000000053
13.175300000001691,0.10000000000000053
13.176970000001692,0.09999999999999964
13.178640000001693,0.09999999999999964
13.180310000001693,0.09999999999999964
13.181980000001694,0.10000000000000053
13.183650000001695,0.10000000000000053
13.185320000001695,0.09999999999999964
13.186990000001696,0.09999999999999964
13.188660000001697,0.09999999999999964
13.190330000001698,0.10000000000000053
13.192000000001698,0.10000000000000053
13.193670000001699,0.09999999999999964
13.1953400000017,0.09999999999999964
13.1970100000017,0.09999999999999964
13.198680000001701,0.10000000000000053
13.200350000001702,0.10000000000000053
13.202020000001703,0.09999999999999964
13.203690000001703,0.09999999999999964
13.205360000001704,0.09999999999999964
13.207030000001705,0.10000000000000053
13.208700000001706,0.10000000000000053
13.210370000001706,0.09999999999999964
13.212040000001707,0.09999999999999964
13.213710000001708,0.09999999999999964
13.215380000001709,0.10000000000000053
13.21705000000171,0.10000000000000053
13.21872000000171,0.09999999999999964
13.22039000000171,0.09999999999999964
13.222060000001711,0.09999999999999964
13.223730000001712,0.10000000000000053
13.225400000001713,0.10000000000000053
13.227070000001714,0.09999999999999964
13.228740000001714,0.09999999999999964
13.230410000001715,0.09999999999999964
13.232080000001716,0.10000000000000053
13.233750000001717,0.09999999999999964
13.235420000001717,0.09999999999999964
13.237090000001718,0.09999999999999964
13.238760000001719,0.09999999999999964
13.24043000000172,0.10000000000000053
13.24210000000172,0.09999999999999964
13.24377000000172,0.09999999999999964
13.245440000001722,0.09999999999999964
13.247110000001722,0.09999999999999964
13.248780000001723,0.10000000000000053
13.250450000001724,0.09999999999999964
13.252120000001725,0.09999999999999964
13.253790000001725,0.09999999999999964
13.255460000001726,0.09999999999999964
13.257130000001727,0.10000000000000053
13.258800000001727,0.09999999999999964
13.260470000001728,0.09999999999999964
13.262140000001729,0.09999999999999964
13.26381000000173,0.09999999999999964
13.26548000000173,0.10000000000000053
13.267150000001731,0.09999999999999964
13.268820000001732,0.09999999999999964
13.270490000001733,0.09999999999999964
13.272160000001733,0.09999999999999964
13.273830000001734,0.10000000000000053
13.275500000001735,0.09999999999999964
13.277170000001735,0.09999999999999964
13.278840000001736,0.09999999999999964
13.280510000001737,0.09999999999999964
13.282180000001738,0.10000000000000053
13.283850000001738,0.09999999999999964
13.285520000001739,0.09999999999999964
13.28719000000174,0.09999999999999964
13.28886000000174,0.09999999999999964
13.290530000001741,0.10000000000000053
13.292200000001742,0.09999999999999964
13.293870000001743,0.09999999999999964
13.295540000001743,0.09999999999999964
13.297210000001744,0.09999999999999964
13.298880000001745,0.10000000000000053
13.300550000001746,0.09999999999999964
13.302220000001746,0.09999999999999964
13.303890000001747,0.09999999999999964
13.305560000001748,0.09999999999999964
13.307230000001748,0.10000000000000053
13.30890000000175,0.09999999999999964
13.31057000000175,0.09999999999999964
13.31224000000175,0.09999999999999964
13.313910000001751,0.09999999999999964
13.315580000001752,0.10000000000000053
13.317250000001753,0.09999999999999964
13.318920000001754,0.09999999999999964
13.320590000001754,0.09999999999999964
13.322260000001755,0.09999999999999964
13.323930000001756,0.09999999999999964
13.325600000001756,0.09999999999999964
13.327270000001757,0.09999999999999964
13.328940000001758,0.09999999999999964
13.330610000001759,0.09999999999999964
13.33228000000176,0.09999999999999964
13.33395000000176,0.09999999999999964
13.33562000000176,0.09999999999999964
13.337290000001762,0.09999999999999964
13.338960000001762,0.09999999999999964
13.340630000001763,0.09999999999999964
13.342300000001764,0.09999999999999964
13.343970000001764,0.09999999999999964
13.345640000001765,0.09999999999999964
13.347310000001766,0.09999999999999964
13.348980000001767,0.09999999999999964
13.350650000001767,0.09999999999999964
13.352320000001768,0.09999999999999964
13.353990000001769,0.09999999999999964
13.35566000000177,0.09999999999999964
13.35733000000177,0.09999999999999964
13.359000000001771,0.09999999999999964
13.360670000001772,0.09999999999999964
13.362340000001772,0.09999999999999964
13.364010000001773,0.09999999999999964
13.365680000001774,0.09999999999999964
13.367350000001775,0.09999999999999964
13.369020000001775,0.09999999999999964
13.370690000001776,0.09999999999999964
13.372360000001777,0.09999999999999964
13.374030000001778,0.09999999999999964
13.375700000001778,0.09999999999999964
13.377370000001779,0.09999999999999964
13.37904000000178,0.09999999999999964
13.38071000000178,0.09999999999999964
13.382380000001781,0.09999999999999964
13.384050000001782,0.09999999999999964
13.385720000001783,0.09999999999999964
13.387390000001783,0.09999999999999964
13.389060000001784,0.09999999999999964
13.390730000001785,0.09999999999999964
13.392400000001786,0.09999999999999964
13.394070000001786,0.09999999999999964
13.395740000001787,0.09999999999999964
13.397410000001788,0.09999999999999964
13.399080000001788,0.09999999999999964
13.40075000000179,0.09999999999999964
13.40242000000179,0.09999999999999964
13.40409000000179,0.09999999999999964
13.405760000001791,0.09999999999999964
13.407430000001792,0.09999999999999964
13.409100000001793,0.09999999999999964
13.410770000001794,0.09999999999999964
13.412440000001794,0.09999999999999964
13.414110000001795,0.09999999999999964
13.415780000001796,0.09999999999999964
13.417450000001796,0.09999999999999964
13.419120000001797,0.09999999999999964
13.420790000001798,0.09999999999999964
13.422460000001799,0.09999999999999964
13.4241300000018,0.09999999999999964
13.4258000000018,0.09999999999999964
13.4274700000018,0.09999999999999964
13.429140000001802,0.09999999999999964
13.430810000001802,0.09999999999999964
13.432480000001803,0.09999999999999964
13.434150000001804,0.09999999999999964
13.435820000001804,0.09999999999999964
13.437490000001805,0.09999999999999964
13.439160000001806,0.09999999999999964
13.440830000001807,0.09999999999999964
13.442500000001807,0.09999999999999964
13.444170000001808,0.09999999999999964
13.445840000001809,0.09999999999999964
13.44751000000181,0.09999999999999964
13.44918000000181,0.09999999999999964
13.450850000001811,0.09999999999999964
13.452520000001812,0.09999999999999964
13.454190000001812,0.09999999999999964
13.455860000001813,0.09999999999999964
13.457530000001814,0.09999999999999964
13.459200000001815,0.09999999999999964
13.460870000001815,0.09999999999999964
13.462540000001816,0.09999999999999964
13.464210000001817,0.09999999999999964
13.465880000001818,0.09999999999999964
13.467550000001818,0.09999999999999964
13.469220000001819,0.09999999999999964
13.47089000000182,0.09999999999999964
13.47256000000182,0.09999999999999964
13.474230000001821,0.09999999999999964
13.475900000001822,0.09999999999999964
13.477570000001823,0.09999999999999964
13.479240000001823,0.09999999999999964
13.480910000001824,0.09999999999999964
13.482580000001825,0.09999999999999964
13.484250000001825,0.09999999999999964
13.485920000001826,0.09999999999999964
13.487590000001827,0.09999999999999964
13.489260000001828,0.09999999999999964
13.490930000001828,0.09999999999999964
13.49260000000183,0.09999999999999964
13.49427000000183,0.09999999999999964
13.49594000000183,0.09999999999999964
13.497610000001831,0.09999999999999964
13.499280000001832,0.09999999999999964
13.500950000001833,0.09999999999999964
13.502620000001833,0.09999999999999964
13.504290000001834,0.09999999999999964
13.505960000001835,0.09999999999999964
13.507630000001836,0.09999999999999964
13.509300000001836,0.09999999999999964
13.510970000001837,0.09999999999999964
13.512640000001838,0.09999999999999964
13.514310000001839,0.09999999999999964
13.51598000000184,0.09999999999999964
13.51765000000184,0.09999999999999964
13.51932000000184,0.09999999999999964
13.520990000001841,0.09999999999999964
13.522660000001842,0.09999999999999964
13.524330000001843,0.09999999999999964
13.526000000001844,0.09999999999999964
13.527670000001844,0.09999999999999964
13.529340000001845,0.09999999999999964
13.531010000001846,0.09999999999999964
13.532680000001847,0.09999999999999964
13.534350000001847,0.09999999999999964
13.536020000001848,0.09999999999999964
13.537690000001849,0.09999999999999964
13.53936000000185,0.09999999999999964
13.54103000000185,0.09999999999999964
13.542700000001851,0.09999999999999964
13.544370000001852,0.09999999999999964
13.546040000001852,0.09999999999999964
13.547710000001853,0.09999999999999964
13.549380000001854,0.09999999999999964
13.551050000001855,0.09999999999999964
13.552720000001855,0.09999999999999964
13.554390000001856,0.09999999999999964
13.556060000001857,0.09999999999999964
13.557730000001857,0.09999999999999964
13.559400000001858,0.09999999999999964
13.561070000001859,0.09999999999999964
13.56274000000186,0.09999999999999964
13.56441000000186,0.09999999999999964
13.566080000001861,0.09999999999999964
13.567750000001862,0.09999999999999964
13.569420000001863,0.09999999999999964
13.571090000001863,0.09999999999999964
13.572760000001864,0.09999999999999964
13.574430000001865,0.09999999999999964
13.576100000001865,0.09999999999999964
13.577770000001866,0.09999999999999964
13.579440000001867,0.09999999999999964
13.581110000001868,0.09999999999999964
13.582780000001868,0.09999999999999964
13.584450000001869,0.09999999999999964
13.58612000000187,0.09999999999999964
13.58779000000187,0.09999999999999964
13.589460000001871,0.09999999999999964
13.591130000001872,0.09999999999999964
13.592800000001873,0.09999999999999964
13.594470000001873,0.09999999999999964
13.596140000001874,0.09999999999999964
13.597810000001875,0.09999999999999964
13.599480000001876,0.09999999999999964
13.601150000001876,0.09999999999999964
13.602820000001877,0.09999999999999964
13.604490000001878,0.09999999999999964
13.606160000001879,0.09999999999999964
13.60783000000188,0.09999999999999964
13.60950000000188,0.09999999999999964
13.61117000000188,0.09999999999999964
13.612840000001881,0.09999999999999964
13.614510000001882,0.09999999999999964
13.616180000001883,0.09999999999999964
13.617850000001884,0.09999999999999964
13.619520000001884,0.09999999999999964
13.621190000001885,0.09999999999999964
13.622860000001886,0.09999999999999964
13.624530000001887,0.09999999999999964
13.626200000001887,0.09999999999999964
13.627870000001888,0.09999999999999964
13.629540000001889,0.09999999999999964
13.63121000000189,0.09999999999999964
13.63288000000189,0.09999999999999964
13.63455000000189,0.09999999999999964
13.636220000001892,0.09999999999999964
13.637890000001892,0.09999999999999964
13.639560000001893,0.09999999999999964
13.641230000001894,0.09999999999999964
13.642900000001895,0.09999999999999964
13.644570000001895,0.09999999999999964
13.646240000001896,0.09999999999999964
13.647910000001897,0.09999999999999964
13.649580000001897,0.09999999999999964
13.651250000001898,0.09999999999999964
13.652920000001899,0.09999999999999964
13.6545900000019,0.09999999999999964
13.6562600000019,0.09999999999999964
13.657930000001901,0.09999999999999964
13.659600000001902,0.09999999999999964
13.661270000001903,0.09999999999999964
13.662940000001903,0.09999999999999964
13.664610000001904,0.09999999999999964
13.666280000001905,0.09999999999999964
13.667950000001905,0.09999999999999964
13.669620000001906,0.09999999999999964
13.671290000001907,0.09999999999999964
13.672960000001908,0.09999999999999964
13.674630000001908,0.09999999999999964
13.676300000001909,0.09999999999999964
13.67797000000191,0.09999999999999964
13.67964000000191,0.09999999999999964
13.681310000001911,0.09999999999999964
13.682980000001912,0.09999999999999964
13.684650000001913,0.09999999999999964
13.686320000001913,0.09999999999999964
13.687990000001914,0.09999999999999964
13.689660000001915,0.09999999999999964
13.691330000001916,0.09999999999999964
13.693000000001916,0.09999999999999964
13.694670000001917,0.09999999999999964
13.696340000001918,0.09999999999999964
13.698010000001918,0.09999999999999964
13.69968000000192,0.09999999999999964
13.70135000000192,0.09999999999999964
13.70302000000192,0.09999999999999964
13.704690000001921,0.09999999999999964
13.706360000001922,0.09999999999999964
13.708030000001923,0.09999999999999964
13.709700000001924,0.09999999999999964
13.711370000001924,0.09999999999999964
13.713040000001925,0.09999999999999964
13.714710000001926,0.09999999999999964
13.716380000001926,0.09999999999999964
13.718050000001927,0.09999999999999964
13.719720000001928,0.09999999999999964
13.721390000001929,0.09999999999999964
13.72306000000193,0.09999999999999964
13.72473000000193,0.09999999999999964
13.72640000000193,0.09999999999999964
13.728070000001932,0.09999999999999964
13.729740000001932,0.09999999999999964
13.731410000001933,0.09999999999999964
13.733080000001934,0.09999999999999964
13.734750000001934,0.09999999999999964
13.736420000001935,0.09999999999999964
13.738090000001936,0.09999999999999964
13.739760000001937,0.09999999999999964
13.741430000001937,0.09999999999999964
13.743100000001938,0.09999999999999964
13.744770000001939,0.09999999999999964
13.74644000000194,0.09999999999999964
13.74811000000194,0.09999999999999964
13.749780000001941,0.09999999999999964
13.751450000001942,0.09999999999999964
13.753120000001942,0.09999999999999964
13.754790000001943,0.09999999999999964
13.756460000001944,0.09999999999999964
13.758130000001945,0.09999999999999964
13.759800000001945,0.09999999999999964
13.761470000001946,0.09999999999999964
13.763140000001947,0.09999999999999964
13.764810000001948,0.09999999999999964
13.766480000001948,0.09999999999999964
13.768150000001949,0.09999999999999964
13.76982000000195,0.09999999999999964
13.77149000000195,0.09999999999999964
13.773160000001951,0.09999999999999964
13.774830000001952,0.09999999999999964
13.776500000001953,0.09999999999999964
13.778170000001953,0.09999999999999964
13.779840000001954,0.09999999999999964
13.781510000001955,0.09999999999999964
13.783180000001956,0.09999999999999964
13.784850000001956,0.09999999999999964
13.786520000001957,0.09999999999999964
13.788190000001958,0.09999999999999964
13.789860000001958,0.09999999999999964
13.79153000000196,0.09999999999999964
13.79320000000196,0.09999999999999964
13.79487000000196,0.09999999999999964
13.796540000001961,0.09999999999999964
13.798210000001962,0.09999999999999964
13.799880000001963,0.09999999999999964
13.801550000001964,0.09999999999999964
13.803220000001964,0.09999999999999964
13.804890000001965,0.09999999999999964
13.806560000001966,0.09999999999999964
13.808230000001966,0.09999999999999964
13.809900000001967,0.09999999999999964
13.811570000001968,0.09999999999999964
13.813240000001969,0.09999999999999964
13.81491000000197,0.09999999999999964
13.81658000000197,0.09999999999999964
13.81825000000197,0.09999999999999964
13.819920000001972,0.09999999999999964
13.821590000001972,0.09999999999999964
13.823260000001973,0.09999999999999964
13.824930000001974,0.09999999999999964
13.826600000001974,0.09999999999999964
13.828270000001975,0.09999999999999964
13.829940000001976,0.09999999999999964
13.831610000001977,0.09999999999999964
13.833280000001977,0.09999999999999964
13.834950000001978,0.09999999999999964
13.836620000001979,0.09999999999999964
13.83829000000198,0.09999999999999964
13.83996000000198,0.09999999999999964
13.841630000001981,0.09999999999999964
13.843300000001982,0.09999999999999964
13.844970000001982,0.09999999999999964
13.846640000001983,0.09999999999999964
13.848310000001984,0.09999999999999964
13.849980000001985,0.09999999999999964
13.851650000001985,0.09999999999999964
13.853320000001986,0.09999999999999964
13.854990000001987,0.09999999999999964
13.856660000001987,0.09999999999999964
13.858330000001988,0.09999999999999964
13.860000000001989,0.09999999999999964
13.86167000000199,0.09999999999999964
13.86334000000199,0.09999999999999964
13.865010000001991,0.09999999999999964
13.866680000001992,0.09999999999999964
13.868350000001993,0.09999999999999964
13.870020000001993,0.09999999999999964
13.871690000001994,0.09999999999999964
13.873360000001995,0.09999999999999964
13.875030000001995,0.09999999999999964
13.876700000001996,0.09999999999999964
13.878370000001997,0.09999999999999964
13.880040000001998,0.09999999999999964
13.881710000001998,0.09999999999999964
13.883380000002,0.09999999999999964
13.885050000002,0.09999999999999964
13.886720000002,0.09999999999999964
13.888390000002001,0.09999999999999964
13.890060000002002,0.09999999999999964
13.891730000002003,0.09999999999999964
13.893400000002003,0.09999999999999964
13.895070000002004,0.09999999999999964
13.896740000002005,0.09999999999999964
13.898410000002006,0.09999999999999964
13.900080000002006,0.09999999999999964
13.901750000002007,0.09999999999999964
13.903420000002008,0.09999999999999964
13.905090000002009,0.09999999999999964
13.90676000000201,0.09999999999999964
13.90843000000201,0.09999999999999964
13.91010000000201,0.09999999999999964
13.911770000002011,0.09999999999999964
13.913440000002012,0.09999999999999964
13.915110000002013,0.09999999999999964
13.916780000002014,0.09999999999999964
13.918450000002014,0.09999999999999964
13.920120000002015,0.09999999999999964
13.921790000002016,0.09999999999999964
13.923460000002017,0.09999999999999964
13.925130000002017,0.09999999999999964
13.926800000002018,0.09999999999999964
13.928470000002019,0.09999999999999964
13.93014000000202,0.09999999999999964
13.93181000000202,0.09999999999999964
13.933480000002021,0.09999999999999964
13.935150000002022,0.09999999999999964
13.936820000002022,0.09999999999999964
13.938490000002023,0.09999999999999964
13.940160000002024,0.09999999999999964
13.941830000002025,0.09999999999999964
13.943500000002025,0.09999999999999964
13.945170000002026,0.09999999999999964
13.946840000002027,0.09999999999999964
13.948510000002027,0.09999999999999964
13.950180000002028,0.09999999999999964
13.951850000002029,0.09999999999999964
13.95352000000203,0.09999999999999964
13.95519000000203,0.09999999999999964
13.956860000002031,0.09999999999999964
13.958530000002032,0.09999999999999964
13.960200000002033,0.09999999999999964
13.961870000002033,0.09999999999999964
13.963540000002034,0.09999999999999964
13.965210000002035,0.09999999999999964
13.966880000002035,0.09999999999999964
13.968550000002036,0.09999999999999964
13.970220000002037,0.09999999999999964
13.971890000002038,0.09999999999999964
13.973560000002038,0.09999999999999964
13.975230000002039,0.09999999999999964
13.97690000000204,0.09999999999999964
13.97857000000204,0.09999999999999964
13.980240000002041,0.09999999999999964
13.981910000002042,0.09999999999999964
13.983580000002043,0.09999999999999964
13.985250000002043,0.09999999999999964
13.986920000002044,0.09999999999999964
13.988590000002045,0.09999999999999964
13.990260000002046,0.09999999999999964
13.991930000002046,0.09999999999999964
13.993600000002047,0.09999999999999964
13.995270000002048,0.09999999999999964
13.996940000002049,0.09999999999999964
13.99861000000205,0.09999999999999964
14.00028000000205,0.09999999999999964
14.00195000000205,0.09999999999999964
14.003620000002051,0.09999999999999964
14.005290000002052,0.09999999999999964
14.006960000002053,0.09999999999999964
14.008630000002054,0.09999999999999964
14.010300000002054,0.09999999999999964
14.011970000002055,0.09999999999999964
14.013640000002056,0.09999999999999964
14.015310000002057,0.09999999999999964
14.016980000002057,0.09999999999999964
14.018650000002058,0.09999999999999964
14.020320000002059,0.09999999999999964
14.02199000000206,0.09999999999999964
14.02366000000206,0.09999999999999964
14.02533000000206,0.09999999999999964
14.027000000002062,0.09999999999999964
14.028670000002062,0.09999999999999964
14.030340000002063,0.09999999999999964
14.032010000002064,0.09999999999999964
14.033680000002065,0.09999999999999964
14.035350000002065,0.09999999999999964
14.037020000002066,0.09999999999999964
14.038690000002067,0.09999999999999964
14.040360000002067,0.09999999999999964
14.042030000002068,0.09999999999999964
14.043700000002069,0.09999999999999964
14.04537000000207,0.09999999999999964
14.04704000000207,0.09999999999999964
14.048710000002071,0.09999999999999964
14.050380000002072,0.09999999999999964
14.052050000002072,0.09999999999999964
14.053720000002073,0.09999999999999964
14.055390000002074,0.09999999999999964
14.057060000002075,0.09999999999999964
14.058730000002075,0.09999999999999964
14.060400000002076,0.09999999999999964
14.062070000002077,0.09999999999999964
14.063740000002078,0.09999999999999964
14.065410000002078,0.09999999999999964
14.067080000002079,0.09999999999999964
14.06875000000208,0.09999999999999964
14.07042000000208,0.09999999999999964
14.072090000002081,0.09999999999999964
14.073760000002082,0.09999999999999964
14.075430000002083,0.09999999999999964
14.077100000002083,0.09999999999999964
14.078770000002084,0.09999999999999964
14.080440000002085,0.09999999999999964
14.082110000002086,0.09999999999999964
14.083780000002086,0.09999999999999964
14.085450000002087,0.09999999999999964
14.087120000002088,0.09999999999999964
14.088790000002088,0.09999999999999964
14.09046000000209,0.09999999999999964
14.09213000000209,0.09999999999999964
14.09380000000209,0.09999999999999964
14.095470000002091,0.09999999999999964
14.097140000002092,0.09999999999999964
14.098810000002093,0.09999999999999964
14.100480000002094,0.09999999999999964
14.102150000002094,0.09999999999999964
14.103820000002095,0.09999999999999964
14.105490000002096,0.09999999999999964
14.107160000002096,0.09999999999999964
14.108830000002097,0.09999999999999964
14.110500000002098,0.09999999999999964
14.112170000002099,0.09999999999999964
14.1138400000021,0.09999999999999964
14.1155100000021,0.09999999999999964
14.1171800000021,0.09999999999999964
14.118850000002102,0.09999999999999964
14.120520000002102,0.09999999999999964
14.122190000002103,0.09999999999999964
14.123860000002104,0.09999999999999964
14.125530000002104,0.09999999999999964
14.127200000002105,0.09999999999999964
14.128870000002106,0.09999999999999964
14.130540000002107,0.09999999999999964
14.132210000002107,0.09999999999999964
14.133880000002108,0.09999999999999964
14.135550000002109,0.09999999999999964
14.13722000000211,0.09999999999999964
14.13889000000211,0.09999999999999964
14.140560000002111,0.09999999999999964
14.142230000002112,0.09999999999999964
14.143900000002112,0.09999999999999964
14.145570000002113,0.09999999999999964
14.147240000002114,0.09999999999999964
14.148910000002115,0.09999999999999964
14.150580000002115,0.09999999999999964
14.152250000002116,0.09999999999999964
14.153920000002117,0.09999999999999964
14.155590000002118,0.09999999999999964
14.157260000002118,0.09999999999999964
14.158930000002119,0.09999999999999964
14.16060000000212,0.09999999999999964
14.16227000000212,0.09999999999999964
14.163940000002121,0.09999999999999964
14.165610000002122,0.09999999999999964
14.167280000002123,0.09999999999999964
14.168950000002123,0.09999999999999964
14.170620000002124,0.09999999999999964
14.172290000002125,0.09999999999999964
14.173960000002126,0.09999999999999964
14.175630000002126,0.09999999999999964
14.177300000002127,0.09999999999999964
14.178970000002128,0.09999999999999964
14.180640000002128,0.09999999999999964
14.18231000000213,0.09999999999999964
14.18398000000213,0.09999999999999964
14.18565000000213,0.09999999999999964
14.187320000002131,0.09999999999999964
14.188990000002132,0.09999999999999964
14.190660000002133,0.09999999999999964
14.192330000002134,0.09999999999999964
14.194000000002134,0.09999999999999964
14.195670000002135,0.09999999999999964
14.197340000002136,0.09999999999999964
14.199010000002136,0.09999999999999964
14.200680000002137,0.09999999999999964
14.202350000002138,0.09999999999999964
14.204020000002139,0.09999999999999964
14.20569000000214,0.09999999999999964
14.20736000000214,0.09999999999999964
14.20903000000214,0.09999999999999964
14.210700000002142,0.09999999999999964
14.212370000002142,0.09999999999999964
14.214040000002143,0.09999999999999964
14.215710000002144,0.09999999999999964
14.217380000002144,0.09999999999999964
14.219050000002145,0.09999999999999964
14.220720000002146,0.09999999999999964
14.222390000002147,0.09999999999999964
14.224060000002147,0.09999999999999964
14.225730000002148,0.09999999999999964
14.227400000002149,0.09999999999999964
14.22907000000215,0.09999999999999964
14.23074000000215,0.09999999999999964
14.232410000002151,0.09999999999999964
14.234080000002152,0.09999999999999964
14.235750000002152,0.09999999999999964
14.237420000002153,0.09999999999999964
14.239090000002154,0.09999999999999964
14.240760000002155,0.09999999999999964
14.242430000002155,0.09999999999999964
14.244100000002156,0.09999999999999964
14.245770000002157,0.09999999999999964
14.247440000002157,0.09999999999999964
14.249110000002158,0.09999999999999964
14.250780000002159,0.09999999999999964
14.25245000000216,0.09999999999999964
14.25412000000216,0.09999999999999964
14.255790000002161,0.09999999999999964
14.257460000002162,0.09999999999999964
14.259130000002163,0.09999999999999964
14.260800000002163,0.09999999999999964
14.262470000002164,0.09999999999999964
14.264140000002165,0.09999999999999964
14.265810000002165,0.09999999999999964
14.267480000002166,0.09999999999999964
14.269150000002167,0.09999999999999964
14.270820000002168,0.09999999999999964
14.272490000002168,0.09999999999999964
14.27416000000217,0.09999999999999964
14.27583000000217,0.09999999999999964
14.27750000000217,0.09999999999999964
14.279170000002171,0.09999999999999964
14.280840000002172,0.09999999999999964
14.282510000002173,0.09999999999999964
14.284180000002173,0.09999999999999964
14.285850000002174,0.09999999999999964
14.287520000002175,0.09999999999999964
14.289190000002176,0.09999999999999964
14.290860000002176,0.09999999999999964
14.292530000002177,0.09999999999999964
14.294200000002178,0.09999999999999964
14.295870000002179,0.09999999999999964
14.29754000000218,0.09999999999999964
14.29921000000218,0.09999999999999964
14.30088000000218,0.09999999999999964
14.302550000002181,0.09999999999999964
14.304220000002182,0.09999999999999964
14.305890000002183,0.09999999999999964
14.307560000002184,0.09999999999999964
14.309230000002184,0.09999999999999964
14.310900000002185,0.09999999999999964
14.312570000002186,0.09999999999999964
14.314240000002187,0.09999999999999964
14.315910000002187,0.09999999999999964
14.317580000002188,0.09999999999999964
14.319250000002189,0.09999999999999964
14.32092000000219,0.09999999999999964
14.32259000000219,0.09999999999999964
14.324260000002191,0.09999999999999964
14.325930000002192,0.09999999999999964
14.327600000002192,0.09999999999999964
14.329270000002193,0.09999999999999964
14.330940000002194,0.09999999999999964
14.332610000002195,0.09999999999999964
14.334280000002195,0.09999999999999964
14.335950000002196,0.09999999999999964
14.337620000002197,0.09999999999999964
14.339290000002197,0.09999999999999964
14.340960000002198,0.09999999999999964
14.342630000002199,0.09999999999999964
14.3443000000022,0.09999999999999964
14.3459700000022,0.09999999999999964
14.347640000002201,0.09999999999999964
14.349310000002202,0.09999999999999964
14.350980000002203,0.09999999999999964
14.352650000002203,0.09999999999999964
14.354320000002204,0.09999999999999964
14.355990000002205,0.09999999999999964
14.357660000002205,0.09999999999999964
14.359330000002206,0.09999999999999964
14.361000000002207,0.09999999999999964
14.362670000002208,0.09999999999999964
14.364340000002208,0.09999999999999964
14.366010000002209,0.09999999999999964
14.36768000000221,0.09999999999999964
14.36935000000221,0.09999999999999964
14.371020000002211,0.09999999999999964
14.372690000002212,0.09999999999999964
14.374360000002213,0.09999999999999964
14.376030000002213,0.09999999999999964
14.377700000002214,0.09999999999999964
14.379370000002215,0.09999999999999964
14.381040000002216,0.09999999999999964
14.382710000002216,0.09999999999999964
14.384380000002217,0.09999999999999964
14.386050000002218,0.09999999999999964
14.387720000002219,0.09999999999999964
14.38939000000222,0.09999999999999964
14.39106000000222,0.09999999999999964
14.39273000000222,0.09999999999999964
14.394400000002221,0.09999999999999964
14.396070000002222,0.09999999999999964
14.397740000002223,0.09999999999999964
14.399410000002224,0.09999999999999964
14.401080000002224,0.09999999999999964
14.402750000002225,0.09999999999999964
14.404420000002226,0.09999999999999964
14.406090000002227,0.09999999999999964
14.407760000002227,0.09999999999999964
14.409430000002228,0.09999999999999964
14.411100000002229,0.09999999999999964
14.41277000000223,0.09999999999999964
14.41444000000223,0.09999999999999964
14.41611000000223,0.09999999999999964
14.417780000002232,0.09999999999999964
14.419450000002232,0.09999999999999964
14.421120000002233,0.09999999999999964
14.422790000002234,0.09999999999999964
14.424460000002234,0.09999999999999964
14.426130000002235,0.09999999999999964
14.427800000002236,0.09999999999999964
14.429470000002237,0.09999999999999964
14.431140000002237,0.09999999999999964
14.432810000002238,0.09999999999999964
14.434480000002239,0.09999999999999964
14.43615000000224,0.09999999999999964
14.43782000000224,0.09999999999999964
14.439490000002241,0.09999999999999964
14.441160000002242,0.09999999999999964
14.442830000002242,0.09999999999999964
14.444500000002243,0.09999999999999964
14.446170000002244,0.09999999999999964
14.447840000002245,0.09999999999999964
14.449510000002245,0.09999999999999964
14.451180000002246,0.09999999999999964
14.452850000002247,0.09999999999999964
14.454520000002248,0.09999999999999964
14.456190000002248,0.09999999999999964
14.457860000002249,0.09999999999999964
14.45953000000225,0.09999999999999964
14.46120000000225,0.09999999999999964
14.462870000002251,0.09999999999999964
14.464540000002252,0.09999999999999964
14.466210000002253,0.09999999999999964
14.467880000002253,0.09999999999999964
14.469550000002254,0.09999999999999964
14.471220000002255,0.09999999999999964
14.472890000002256,0.09999999999999964
14.474560000002256,0.09999999999999964
14.476230000002257,0.09999999999999964
14.477900000002258,0.09999999999999964
14.479570000002258,0.09999999999999964
14.48124000000226,0.09999999999999964
14.48291000000226,0.09999999999999964
14.48458000000226,0.09999999999999964
14.486250000002261,0.09999999999999964
14.487920000002262,0.09999999999999964
14.489590000002263,0.09999999999999964
14.491260000002264,0.09999999999999964
14.492930000002264,0.09999999999999964
14.494600000002265,0.09999999999999964
14.496270000002266,0.09999999999999964
14.497940000002266,0.09999999999999964
14.499610000002267,0.09999999999999964
14.501280000002268,0.09991466666651494
14.502950000002269,0.09980333333318203
14.50462000000227,0.09969199999984824
14.50629000000227,0.09958066666651444
14.50796000000227,0.09946933333318153
14.509630000002272,0.09935799999984862
14.511300000002272,0.09924666666651483
14.512970000002273,0.09913533333318103
14.514640000002274,0.09902399999984812
14.516310000002274,0.09891266666651521
14.517980000002275,0.09880133333318142
14.519650000002276,0.09868999999984762
14.521320000002277,0.09857866666651471
14.522990000002277,0.09846733333318092
14.524660000002278,0.09835599999984801
14.526330000002279,0.09824466666651421
14.52800000000228,0.0981333333331813
14.52967000000228,0.09802199999984751
14.531340000002281,0.09791066666651371
14.533010000002282,0.0977993333331808
14.534680000002282,0.0976879999998479
14.536350000002283,0.0975766666665141
14.538020000002284,0.0974653333331803
14.539690000002285,0.0973539999998474
14.541360000002285,0.09724266666651449
14.543030000002286,0.09713133333318069
14.544700000002287,0.0970199999998469
14.546370000002288,0.09690866666651399
14.548040000002288,0.09679733333318019
14.549710000002289,0.09668599999984728
14.55138000000229,0.09657466666651349
14.55305000000229,0.09646333333318058
14.554720000002291,0.09635199999984678
14.556390000002292,0.09624066666651299
14.558060000002293,0.09612933333318008
14.559730000002293,0.09601799999984717
14.561400000002294,0.09590666666651337
14.563070000002295,0.09579533333317958
14.564740000002296,0.09568399999984667
14.566410000002296,0.09557266666651376
14.568080000002297,0.09546133333317997
14.569750000002298,0.09534999999984617
14.571420000002298,0.09523866666651326
14.5730900000023,0.09512733333317946
14.5747600000023,0.09501599999984656
14.5764300000023,0.09490466666651276
14.578100000002301,0.09479333333317985
14.579770000002302,0.09468199999984606
14.581440000002303,0.09457066666651226
14.583110000002304,0.09445933333317935
14.584780000002304,0.09434799999984644
14.586450000002305,0.09423666666651265
14.588120000002306,0.09412533333317885
14.589790000002306,0.09401399999984594
14.591460000002307,0.09390266666651303
14.593130000002308,0.09379133333317924
14.594800000002309,0.09367999999984544
14.59647000000231,0.09356866666651253
14.59814000000231,0.09345733333317874
14.59981000000231,0.09334599999984583
14.601480000002311,0.09323466666651203
14.603150000002312,0.09312333333317913
14.604820000002313,0.09301199999984533
14.606490000002314,0.09290066666651153
14.608160000002314,0.09278933333317863
14.609830000002315,0.09267799999984572
14.611500000002316,0.09256666666651192
14.613170000002317,0.09245533333317812
14.614840000002317,0.09234399999984522
14.616510000002318,0.09223266666651231
14.618180000002319,0.09212133333317851
14.61985000000232,0.09200999999984472
14.62152000000232,0.09189866666651181
14.623190000002321,0.09178733333317801
14.624860000002322,0.0916759999998451
14.626530000002322,0.09156466666651131
14.628200000002323,0.0914533333331784
14.629870000002324,0.0913419999998446
14.631540000002325,0.0912306666665108
14.633210000002325,0.0911193333331779
14.634880000002326,0.09100799999984499
14.636550000002327,0.0908966666665112
14.638220000002327,0.0907853333331774
14.639890000002328,0.09067399999984449
14.641560000002329,0.09056266666651158
14.64323000000233,0.09045133333317779
14.64490000000233,0.09033999999984399
14.646570000002331,0.09022866666651108
14.648240000002332,0.09011733333317729
14.649910000002333,0.09000599999984438
14.651580000002333,0.08989466666651058
14.653250000002334,0.08978333333317767
14.654920000002335,0.08967199999984388
14.656590000002335,0.08956066666651008
14.658260000002336,0.08944933333317717
14.659930000002337,0.08933799999984426
14.661600000002338,0.08922666666651047
14.663270000002338,0.08911533333317667
14.664940000002339,0.08900399999984376
14.66661000000234,0.08889266666651086
14.66828000000234,0.08878133333317706
14.669950000002341,0.08866999999984326
14.671620000002342,0.08855866666651036
14.673290000002343,0.08844733333317656
14.674960000002343,0.08833599999984365
14.676630000002344,0.08822466666650985
14.678300000002345,0.08811333333317695
14.679970000002346,0.08800199999984315
14.681640000002346,0.08789066666650935
14.683310000002347,0.08777933333317733
14.684980000002348,0.08766799999984354
14.686650000002349,0.08755666666650974
14.68832000000235,0.08744533333317595
14.68999000000235,0.08733399999984304
14.69166000000235,0.08722266666651013
14.693330000002351,0.08711133333317633
14.695000000002352,0.08699999999984254
14.696670000002353,0.08688866666650963
14.698340000002354,0.08677733333317583
14.700010000002354,0.08666599999984292
14.701680000002355,0.08655466666650913
14.703350000002356,0.08644333333317622
14.705020000002357,0.08633199999984242
14.706690000002357,0.08622066666650863
14.708360000002358,0.08610933333317661
14.710030000002359,0.08599799999984281
14.71170000000236,0.08588666666650902
14.71337000000236,0.08577533333317522
14.715040000002361,0.08566399999984231
14.716710000002362,0.0855526666665094
14.718380000002362,0.0854413333331756
14.720050000002363,0.08532999999984181
14.721720000002364,0.0852186666665089
14.723390000002365,0.0851073333331751
14.725060000002365,0.0849959999998422
14.726730000002366,0.0848846666665084
14.728400000002367,0.0847733333331755
14.730070000002367,0.0846619999998417
14.731740000002368,0.0845506666665079
14.733410000002369,0.08443933333317588
14.73508000000237,0.08432799999984208
14.73675000000237,0.08421666666650829
14.738420000002371,0.08410533333317449
14.740090000002372,0.08399399999984158
14.741760000002373,0.08388266666650868
14.743430000002373,0.08377133333317488
14.745100000002374,0.08365999999984108
14.746770000002375,0.08354866666650818
14.748440000002375,0.08343733333317438
14.750110000002376,0.08332599999984147
14.751780000002377,0.08321466666650768
14.753450000002378,0.08310333333317477
14.755120000002378,0.08299199999984097
14.756790000002379,0.08288066666650806
14.75846000000238,0.08276933333317515
14.76013000000238,0.08265799999984136
14.761800000002381,0.08254666666650756
14.763470000002382,0.08243533333317377
14.765140000002383,0.08232399999984175
14.766810000002383,0.08221266666650795
14.768480000002384,0.08210133333317415
14.770150000002385,0.08198999999984036
14.771820000002386,0.08187866666650745
14.773490000002386,0.08176733333317454
14.775160000002387,0.08165599999984074
14.776830000002388,0.08154466666650695
14.778500000002389,0.08143333333317404
14.78017000000239,0.08132199999984024
14.78184000000239,0.08121066666650734
14.78351000000239,0.08109933333317443
14.785180000002391,0.08098799999984063
14.786850000002392,0.08087666666650684
14.788520000002393,0.08076533333317304
14.790190000002394,0.08065399999984102
14.791860000002394,0.08054266666650722
14.793530000002395,0.08043133333317343
14.795200000002396,0.08031999999983963
14.796870000002396,0.08020866666650672
14.798540000002397,0.08009733333317381
14.800210000002398,0.07998599999984002
14.801880000002399,0.07987466666650622
14.8035500000024,0.07976333333317331
14.8052200000024,0.07965199999983952
14.8068900000024,0.07954066666650661
14.808560000002402,0.0794293333331737
14.810230000002402,0.0793179999998399
14.811900000002403,0.07920666666650611
14.813570000002404,0.07909533333317231
14.815240000002404,0.0789839999998403
14.816910000002405,0.0788726666665065
14.818580000002406,0.0787613333331727
14.820250000002407,0.0786499999998389
14.821920000002407,0.078538666666506
14.823590000002408,0.07842733333317309
14.825260000002409,0.07831599999983929
14.82693000000241,0.0782046666665055
14.82860000000241,0.07809333333317259
14.830270000002411,0.07798199999983879
14.831940000002412,0.07787066666650588
14.833610000002412,0.07775933333317298
14.835280000002413,0.07764799999983918
14.836950000002414,0.07753666666650538
14.838620000002415,0.07742533333317159
14.840290000002415,0.07731399999983957
14.841960000002416,0.07720266666650577
14.843630000002417,0.07709133333317197
14.845300000002418,0.07697999999983818
14.846970000002418,0.07686866666650527
14.848640000002419,0.07675733333317236
14.85031000000242,0.07664599999983857
14.85198000000242,0.07653466666650477
14.853650000002421,0.07642333333317186
14.855320000002422,0.07631199999983806
14.856990000002423,0.07620066666650516
14.858660000002423,0.07608933333317225
14.860330000002424,0.07597799999983845
14.862000000002425,0.07586666666650466
14.863670000002426,0.07575533333317086
14.865340000002426,0.07564399999983884
14.867010000002427,0.07553266666650504
14.868680000002428,0.07542133333317125
14.870350000002428,0.07530999999983745
14.87202000000243,0.07519866666650454
14.87369000000243,0.07508733333317164
14.87536000000243,0.07497599999983784
14.877030000002431,0.07486466666650404
14.878700000002432,0.07475333333317113
14.880370000002433,0.07464199999983734
14.882040000002434,0.07453066666650443
14.883710000002434,0.07441933333317152
14.885380000002435,0.07430799999983773
14.887050000002436,0.07419666666650393
14.888720000002436,0.07408533333317013
14.890390000002437,0.07397399999983811
14.892060000002438,0.07386266666650432
14.893730000002439,0.07375133333317052
14.89540000000244,0.07363999999983672
14.89707000000244,0.07352866666650382
14.89874000000244,0.07341733333317091
14.900410000002442,0.07330599999983711
14.902080000002442,0.07319466666650332
14.903750000002443,0.07308333333317041
14.905420000002444,0.07297199999983661
14.907090000002444,0.0728606666665037
14.908760000002445,0.0727493333331708
14.910430000002446,0.072637999999837
14.912100000002447,0.0725266666665032
14.913770000002447,0.07241533333316941
14.915440000002448,0.07230399999983739
14.917110000002449,0.07219266666650359
14.91878000000245,0.0720813333331698
14.92045000000245,0.071969999999836
14.922120000002451,0.07185866666650309
14.923790000002452,0.07174733333317018
14.925460000002452,0.07163599999983639
14.927130000002453,0.07152466666650259
14.928800000002454,0.07141333333316968
14.930470000002455,0.07130199999983589
14.932140000002455,0.07119066666650298
14.933810000002456,0.07107933333317007
14.935480000002457,0.07096799999983627
14.937150000002458,0.07085666666650248
14.938820000002458,0.07074533333316868
14.940490000002459,0.07063399999983666
14.94216000000246,0.07052266666650286
14.94383000000246,0.07041133333316907
14.945500000002461,0.07029999999983527
14.947170000002462,0.07018866666650236
14.948840000002463,0.07007733333316946
14.950510000002463,0.06996599999983566
14.952180000002464,0.06985466666650186
14.953850000002465,0.06974333333316896
14.955520000002466,0.06963199999983516
14.957190000002466,0.06952066666650225
14.958860000002467,0.06940933333316934
14.960530000002468,0.06929799999983555
14.962200000002468,0.06918666666650175
14.96387000000247,0.06907533333316795
14.96554000000247,0.06896399999983593
14.96721000000247,0.06885266666650214
14.968880000002471,0.06874133333316834
14.970550000002472,0.06862999999983455
14.972220000002473,0.06851866666650164
14.973890000002473,0.06840733333316873
14.975560000002474,0.06829599999983493
14.977230000002475,0.06818466666650114
14.978900000002476,0.06807333333316823
14.980570000002476,0.06796199999983443
14.982240000002477,0.06785066666650152
14.983910000002478,0.06773933333316862
14.985580000002479,0.06762799999983482
14.98725000000248,0.06751666666650102
14.98892000000248,0.06740533333316723
14.99059000000248,0.06729399999983521
14.992260000002481,0.06718266666650141
14.993930000002482,0.06707133333316762
14.995600000002483,0.06695999999983382
14.997270000002484,0.06684866666650091
14.998940000002484,0.066737333333168
15.000610000002485,0.0666259999998342
15.002280000002486,0.06651466666650041
15.003950000002487,0.0664033333331675
15.005620000002487,0.0662919999998337
15.007290000002488,0.0661806666665008
15.008960000002489,0.06606933333316789
15.01063000000249,0.0659579999998341
15.01230000000249,0.0658466666665003
15.013970000002491,0.0657353333331665
15.015640000002492,0.06562399999983448
15.017310000002492,0.06551266666650069
15.018980000002493,0.06540133333316689
15.020650000002494,0.06528999999983309
15.022320000002495,0.06517866666650018
15.023990000002495,0.06506733333316728
15.025660000002496,0.06495599999983348
15.027330000002497,0.06484466666650057
15.029000000002497,0.06473333333316678
15.030670000002498,0.06462199999983298
15.032340000002499,0.06451066666650007
15.0340100000025,0.06439933333316716
15.0356800000025,0.06428799999983337
15.037350000002501,0.06417666666649957
15.039020000002502,0.06406533333316577
15.040690000002503,0.06395399999983375
15.042360000002503,0.06384266666649996
15.044030000002504,0.06373133333316616
15.045700000002505,0.06361999999983237
15.047370000002505,0.06350866666649946
15.049040000002506,0.06339733333316655
15.050710000002507,0.06328599999983275
15.052380000002508,0.06317466666649985
15.054050000002508,0.06306333333316605
15.055720000002509,0.06295199999983225
15.05739000000251,0.06284066666649935
15.05906000000251,0.06272933333316644
15.060730000002511,0.06261799999983264
15.062400000002512,0.06250666666649884
15.064070000002513,0.06239533333316505
15.065740000002513,0.06228399999983303
15.067410000002514,0.06217266666649923
15.069080000002515,0.062061333333165436
15.070750000002516,0.06194999999983164
15.072420000002516,0.06183866666649873
15.074090000002517,0.061727333333165824
15.075760000002518,0.06161599999983203
15.077430000002519,0.06150466666649912
15.07910000000252,0.06139333333316532
15.08077000000252,0.06128199999983153
15.08244000000252,0.06117066666649862
15.084110000002521,0.06105933333316571
15.085780000002522,0.060947999999831914
15.087450000002523,0.06083666666649812
15.089120000002524,0.06072533333316432
15.090790000002524,0.0606139999998323
15.092460000002525,0.060502666666498506
15.094130000002526,0.06039133333316471
15.095800000002527,0.06027999999983091
15.097470000002527,0.060168666666498005
15.099140000002528,0.0600573333331651
15.100810000002529,0.0599459999998313
15.10248000000253,0.05983466666649839
15.10415000000253,0.0597233333331646
15.105820000002531,0.0596119999998308
15.107490000002532,0.05950066666649789
15.109160000002532,0.059389333333164984
15.110830000002533,0.05927799999983119
15.112500000002534,0.05916666666649739
15.114170000002535,0.059055333333163595
15.115840000002535,0.058943999999831576
15.117510000002536,0.05883266666649778
15.119180000002537,0.05872133333316398
15.120850000002537,0.05860999999983019
15.122520000002538,0.05849866666649728
15.124190000002539,0.05838733333316437
15.12586000000254,0.058275999999830574
15.12753000000254,0.058164666666497666
15.129200000002541,0.05805333333316387
15.130870000002542,0.057941999999830074
15.132540000002543,0.057830666666497166
15.134210000002543,0.05771933333316426
15.135880000002544,0.05760799999983046
15.137550000002545,0.057496666666496665
15.139220000002545,0.05738533333316287
15.140890000002546,0.05727399999983085
15.142560000002547,0.05716266666649705
15.144230000002548,0.05705133333316326
15.145900000002548,0.05693999999982946
15.147570000002549,0.05682866666649655
15.14924000000255,0.056717333333163644
15.15091000000255,0.05660599999982985
15.152580000002551,0.05649466666649694
15.154250000002552,0.056383333333163144
15.155920000002553,0.05627199999982935
15.157590000002553,0.05616066666649644
15.159260000002554,0.05604933333316353
15.160930000002555,0.055937999999829735
15.162600000002556,0.05582666666649594
15.164270000002556,0.05571533333316214
15.165940000002557,0.05560399999983012
15.167610000002558,0.055492666666496326
15.169280000002558,0.05538133333316253
15.17095000000256,0.055269999999828734
15.17262000000256,0.055158666666495826
15.17429000000256,0.05504733333316292
15.175960000002561,0.05493599999982912
15.177630000002562,0.05482466666649621
15.179300000002563,0.05471333333316242
15.180970000002564,0.05460199999982862
15.182640000002564,0.05449066666649571
15.184310000002565,0.054379333333162805
15.185980000002566,0.05426799999982901
15.187650000002566,0.05415666666649521
15.189320000002567,0.054045333333161416
15.190990000002568,0.053933999999829396
15.192660000002569,0.0538226666664956
15.19433000000257,0.053711333333161804
15.19600000000257,0.05359999999982801
15.19767000000257,0.0534886666664951
15.199340000002572,0.05337733333316219
15.201010000002572,0.053265999999828395
15.202680000002573,0.05315466666649549
15.204350000002574,0.05304333333316169
15.206020000002574,0.052931999999827894
15.207690000002575,0.052820666666494986
15.209360000002576,0.05270933333316208
15.211030000002577,0.05259799999982828
15.212700000002577,0.052486666666494486
15.214370000002578,0.05237533333316069
15.216040000002579,0.05226399999982867
15.21771000000258,0.052152666666494873
15.21938000000258,0.05204133333316108
15.221050000002581,0.05192999999982728
15.222720000002582,0.05181866666649437
15.224390000002582,0.051707333333161465
15.226060000002583,0.05159599999982767
15.227730000002584,0.05148466666649476
15.229400000002585,0.051373333333160964
15.231070000002585,0.051261999999828056
15.232740000002586,0.05115066666649426
15.234410000002587,0.05103933333316135
15.236080000002588,0.050927999999827556
15.237750000002588,0.05081666666649376
15.239420000002589,0.05070533333316085
15.24109000000259,0.05059399999982794
15.24276000000259,0.05048266666649415
15.244430000002591,0.05037133333316035
15.246100000002592,0.050259999999826555
15.247770000002593,0.050148666666494535
15.249440000002593,0.05003733333316074
15.251110000002594,0.04992599999982694
15.252780000002595,0.049814666666494034
15.254450000002596,0.04970333333316024
15.256120000002596,0.04959199999982733
15.257790000002597,0.049480666666493534
15.259460000002598,0.049369333333160625
15.261130000002598,0.04925799999982683
15.2628000000026,0.04914666666649303
15.2644700000026,0.049035333333160125
15.2661400000026,0.04892399999982722
15.267810000002601,0.04881266666649342
15.269480000002602,0.048701333333159624
15.271150000002603,0.04858999999982583
15.272820000002604,0.04847866666649381
15.274490000002604,0.04836733333316001
15.276160000002605,0.048255999999826216
15.277830000002606,0.04814466666649331
15.279500000002606,0.04803333333315951
15.281170000002607,0.0479219999998266
15.282840000002608,0.04781066666649281
15.284510000002609,0.0476993333331599
15.28618000000261,0.0475879999998261
15.28785000000261,0.047476666666492306
15.28952000000261,0.0473653333331594
15.291190000002612,0.04725399999982649
15.292860000002612,0.047142666666492694
15.294530000002613,0.0470313333331589
15.296200000002614,0.0469199999998251
15.297870000002614,0.04680866666649308
15.299540000002615,0.046697333333159285
15.301210000002616,0.04658599999982549
15.302880000002617,0.04647466666649258
15.304550000002617,0.046363333333158785
15.306220000002618,0.04625199999982588
15.307890000002619,0.04614066666649208
15.30956000000262,0.04602933333315917
15.31123000000262,0.045917999999825376
15.312900000002621,0.04580666666649158
15.314570000002622,0.04569533333315867
15.316240000002622,0.045583999999825764
15.317910000002623,0.04547266666649197
15.319580000002624,0.04536133333315817
15.321250000002625,0.04524999999982526
15.322920000002625,0.045138666666492355
15.324590000002626,0.04502733333315856
15.326260000002627,0.04491599999982476
15.327930000002628,0.044804666666491855
15.329600000002628,0.04469333333315806
15.331270000002629,0.04458199999982515
15.33294000000263,0.044470666666491354
15.33461000000263,0.044359333333158446
15.336280000002631,0.04424799999982465
15.337950000002632,0.044136666666490854
15.339620000002633,0.044025333333157946
15.341290000002633,0.04391399999982504
15.342960000002634,0.04380266666649124
15.344630000002635,0.043691333333157445
15.346300000002635,0.04357999999982454
15.347970000002636,0.04346866666649163
15.349640000002637,0.04335733333315783
15.351310000002638,0.043245999999824036
15.352980000002638,0.04313466666649113
15.35465000000264,0.04302333333315733
15.35632000000264,0.042911999999824424
15.35799000000264,0.04280066666649063
15.359660000002641,0.04268933333315772
15.361330000002642,0.04257799999982392
15.363000000002643,0.04246666666649013
15.364670000002643,0.04235533333315722
15.366340000002644,0.04224399999982431
15.368010000002645,0.042132666666490515
15.369680000002646,0.04202133333315672
15.371350000002646,0.04190999999982381
15.373020000002647,0.0417986666664909
15.374690000002648,0.041687333333157106
15.376360000002649,0.04157599999982331
15.37803000000265,0.0414646666664904
15.37970000000265,0.041353333333156606
15.38137000000265,0.0412419999998237
15.383040000002651,0.0411306666664899
15.384710000002652,0.04101933333315699
15.386380000002653,0.0409079999998232
15.388050000002654,0.0407966666664894
15.389720000002654,0.04068533333315649
15.391390000002655,0.040573999999823585
15.393060000002656,0.04046266666648979
15.394730000002657,0.04035133333315599
15.396400000002657,0.040239999999823084
15.398070000002658,0.040128666666490176
15.399740000002659,0.04001733333315638
15.40141000000266,0.03990599999982258
15.40308000000266,0.039794666666489675
15.404750000002661,0.03968333333315588
15.406420000002662,0.03957199999982297
15.408090000002662,0.039460666666489175
15.409760000002663,0.03934933333315627
15.411430000002664,0.03923799999982247
15.413100000002665,0.039126666666488674
15.414770000002665,0.039015333333155766
15.416440000002666,0.03890399999982286
15.418110000002667,0.03879266666648906
15.419780000002667,0.038681333333155266
15.421450000002668,0.03856999999982236
15.423120000002669,0.03845866666648945
15.42479000000267,0.03834733333315565
15.42646000000267,0.03823599999982186
15.428130000002671,0.03812466666648895
15.429800000002672,0.03801333333315515
15.431470000002673,0.037901999999822245
15.433140000002673,0.03779066666648845
15.434810000002674,0.03767933333315554
15.436480000002675,0.037567999999821744
15.438150000002675,0.03745666666648795
15.439820000002676,0.03734533333315504
15.441490000002677,0.03723399999982213
15.443160000002678,0.037122666666488335
15.444830000002678,0.03701133333315454
15.446500000002679,0.03689999999982163
15.44817000000268,0.03678866666648872
15.44984000000268,0.03667733333315493
15.451510000002681,0.03656599999982113
15.453180000002682,0.03645466666648822
15.454850000002683,0.036343333333154426
15.456520000002683,0.03623199999982152
15.458190000002684,0.03612066666648772
15.459860000002685,0.036009333333154814
15.461530000002686,0.03589799999982102
15.463200000002686,0.03578666666648722
15.464870000002687,0.03567533333315431
15.466540000002688,0.035563999999821405
15.468210000002689,0.03545266666648761
15.46988000000269,0.03534133333315381
15.47155000000269,0.035229999999820905
15.47322000000269,0.035118666666487997
15.474890000002691,0.0350073333331542
15.476560000002692,0.034895999999820404
15.478230000002693,0.034784666666487496
15.479900000002694,0.0346733333331537
15.481570000002694,0.03456199999982079
15.483240000002695,0.034450666666486995
15.484910000002696,0.03433933333315409
15.486580000002697,0.03422799999982029
15.488250000002697,0.034116666666486495
15.489920000002698,0.03400533333315359
15.491590000002699,0.03389399999982068
15.4932600000027,0.03378266666648688
15.4949300000027,0.033671333333153086
15.4966000000027,0.03355999999982018
15.498270000002702,0.03344866666648727
15.499940000002702,0.033337333333153474
15.501610000002703,0.033333333333333215
15.503280000002704,0.0333333333333341
15.504950000002705,0.033333333333333215
15.506620000002705,0.033333333333333215
15.508290000002706,0.033333333333333215
15.509960000002707,0.0333333333333341
15.511630000002707,0.033333333333333215
15.513300000002708,0.033333333333333215
15.514970000002709,0.033333333333333215
15.51664000000271,0.0333333333333341
15.51831000000271,0.033333333333333215
15.519980000002711,0.033333333333333215
15.521650000002712,0.0333333333333341
15.523320000002713,0.0333333333333341
15.524990000002713,0.033333333333333215
15.526660000002714,0.033333333333333215
15.528330000002715,0.0333333333333341
15.530000000002715,0.033333333333333215
15.531670000002716,0.033333333333333215
15.533340000002717,0.033333333333333215
15.535010000002718,0.0333333333333341
15.536680000002718,0.033333333333333215
15.538350000002719,0.033333333333333215
15.54002000000272,0.033333333333333215
15.54169000000272,0.0333333333333341
15.543360000002721,0.033333333333333215
15.545030000002722,0.033333333333333215
15.546700000002723,0.0333333333333341
15.548370000002723,0.0333333333333341
15.550040000002724,0.033333333333333215
15.551710000002725,0.033333333333333215
15.553380000002726,0.0333333333333341
15.555050000002726,0.033333333333333215
15.556720000002727,0.033333333333333215
15.558390000002728,0.033333333333333215
15.560060000002728,0.0333333333333341
15.56173000000273,0.033333333333333215
15.56340000000273,0.033333333333333215
15.56507000000273,0.033333333333333215
15.566740000002731,0.0333333333333341
15.568410000002732,0.033333333333333215
15.570080000002733,0.033333333333333215
15.571750000002734,0.0333333333333341
15.573420000002734,0.0333333333333341
15.575090000002735,0.033333333333333215
15.576760000002736,0.033333333333333215
15.578430000002736,0.0333333333333341
15.580100000002737,0.033333333333333215
15.581770000002738,0.033333333333333215
15.583440000002739,0.033333333333333215
15.58511000000274,0.0333333333333341
15.58678000000274,0.033333333333333215
15.58845000000274,0.033333333333333215
15.590120000002742,0.033333333333333215
15.591790000002742,0.0333333333333341
15.593460000002743,0.033333333333333215
15.595130000002744,0.033333333333333215
15.596800000002744,0.0333333333333341
15.598470000002745,0.0333333333333341
15.600140000002746,0.033333333333333215
15.601810000002747,0.033333333333333215
15.603480000002747,0.0333333333333341
15.605150000002748,0.033333333333333215
15.606820000002749,0.033333333333333215
15.60849000000275,0.033333333333333215
15.61016000000275,0.0333333333333341
15.611830000002751,0.033333333333333215
15.613500000002752,0.033333333333333215
15.615170000002752,0.033333333333333215
15.616840000002753,0.0333333333333341
15.618510000002754,0.033333333333333215
15.620180000002755,0.033333333333333215
15.621850000002755,0.0333333333333341
15.623520000002756,0.0333333333333341
15.625190000002757,0.033333333333333215
15.626860000002758,0.033333333333333215
15.628530000002758,0.0333333333333341
15.630200000002759,0.033333333333333215
15.63187000000276,0.033333333333333215
15.63354000000276,0.033333333333333215
15.635210000002761,0.0333333333333341
15.636880000002762,0.033333333333333215
15.638550000002763,0.033333333333333215
15.640220000002763,0.033333333333333215
15.641890000002764,0.0333333333333341
15.643560000002765,0.033333333333333215
15.645230000002766,0.033333333333333215
15.646900000002766,0.0333333333333341
15.648570000002767,0.0333333333333341
15.650240000002768,0.033333333333333215
15.651910000002768,0.033333333333333215
15.65358000000277,0.0333333333333341
15.65525000000277,0.033333333333333215
15.65692000000277,0.033333333333333215
15.658590000002771,0.033333333333333215
15.660260000002772,0.0333333333333341
15.661930000002773,0.033333333333333215
15.663600000002774,0.033333333333333215
15.665270000002774,0.033333333333333215
15.666940000002775,0.0333333333333341
15.668610000002776,0.033333333333333215
15.670280000002776,0.033333333333333215
15.671950000002777,0.0333333333333341
15.673620000002778,0.033333333333333215
15.675290000002779,0.033333333333333215
15.67696000000278,0.033333333333333215
15.67863000000278,0.0333333333333341
15.68030000000278,0.033333333333333215
15.681970000002782,0.033333333333333215
15.683640000002782,0.033333333333333215
15.685310000002783,0.0333333333333341
15.686980000002784,0.033333333333333215
15.688650000002784,0.033333333333333215
15.690320000002785,0.0333333333333341
15.691990000002786,0.0333333333333341
15.693660000002787,0.033333333333333215
15.695330000002787,0.033333333333333215
15.697000000002788,0.0333333333333341
15.698670000002789,0.033333333333333215
15.70034000000279,0.033333333333333215
15.70201000000279,0.033333333333333215
15.703680000002791,0.0333333333333341
15.705350000002792,0.033333333333333215
15.707020000002792,0.033333333333333215
15.708690000002793,0.033333333333333215
15.710360000002794,0.0333333333333341
15.712030000002795,0.033333333333333215
15.713700000002795,0.033333333333333215
15.715370000002796,0.0333333333333341
15.717040000002797,0.0333333333333341
15.718710000002797,0.033333333333333215
15.720380000002798,0.033333333333333215
15.722050000002799,0.0333333333333341
15.7237200000028,0.033333333333333215
15.7253900000028,0.033333333333333215
15.727060000002801,0.033333333333333215
15.728730000002802,0.0333333333333341
15.730400000002803,0.033333333333333215
15.732070000002803,0.033333333333333215
15.733740000002804,0.033333333333333215
15.735410000002805,0.0333333333333341
15.737080000002805,0.033333333333333215
15.738750000002806,0.033333333333333215
15.740420000002807,0.0333333333333341
15.742090000002808,0.0333333333333341
15.743760000002808,0.033333333333333215
15.74543000000281,0.033333333333333215
15.74710000000281,0.0333333333333341
15.74877000000281,0.033333333333333215
15.750440000002811,0.033333333333333215
15.752110000002812,0.033333333333333215
15.753780000002813,0.0333333333333341
15.755450000002813,0.033333333333333215
15.757120000002814,0.033333333333333215
15.758790000002815,0.033333333333333215
15.760460000002816,0.0333333333333341
15.762130000002816,0.033333333333333215
15.763800000002817,0.033333333333333215
15.765470000002818,0.0333333333333341
15.767140000002819,0.0333333333333341
15.76881000000282,0.033333333333333215
15.77048000000282,0.033333333333333215
15.77215000000282,0.0333333333333341
15.773820000002821,0.033333333333333215
15.775490000002822,0.033333333333333215
15.777160000002823,0.033333333333333215
15.778830000002824,0.0333333333333341
15.780500000002824,0.033333333333333215
15.782170000002825,0.033333333333333215
15.783840000002826,0.033333333333333215
15.785510000002827,0.0333333333333341
15.787180000002827,0.033333333333333215
15.788850000002828,0.033333333333333215
15.790520000002829,0.0333333333333341
15.79219000000283,0.0333333333333341
15.79386000000283,0.033333333333333215
15.795530000002831,0.033333333333333215
15.797200000002832,0.0333333333333341
15.798870000002832,0.033333333333333215
15.800540000002833,0.033333333333333215
15.802210000002834,0.033333333333333215
15.803880000002835,0.0333333333333341
15.805550000002835,0.033333333333333215
15.807220000002836,0.033333333333333215
15.808890000002837,0.033333333333333215
15.810560000002837,0.0333333333333341
15.812230000002838,0.033333333333333215
15.813900000002839,0.033333333333333215
15.81557000000284,0.0333333333333341
15.81724000000284,0.0333333333333341
15.818910000002841,0.033333333333333215
15.820580000002842,0.033333333333333215
15.822250000002843,0.0333333333333341
15.823920000002843,0.033333333333333215
15.825590000002844,0.033333333333333215
15.827260000002845,0.033333333333333215
15.828930000002845,0.0333333333333341
15.830600000002846,0.033333333333333215
15.832270000002847,0.033333333333333215
15.833940000002848,0.033333333333333215
15.835610000002848,0.0333333333333341
15.837280000002849,0.033333333333333215
15.83895000000285,0.033333333333333215
15.84062000000285,0.0333333333333341
15.842290000002851,0.0333333333333341
15.843960000002852,0.033333333333333215
15.845630000002853,0.033333333333333215
15.847300000002853,0.0333333333333341
15.848970000002854,0.033333333333333215
15.850640000002855,0.033333333333333215
15.852310000002856,0.033333333333333215
15.853980000002856,0.0333333333333341
15.855650000002857,0.033333333333333215
15.857320000002858,0.033333333333333215
15.858990000002859,0.033333333333333215
15.86066000000286,0.0333333333333341
15.86233000000286,0.033333333333333215
15.86400000000286,0.033333333333333215
15.865670000002861,0.0333333333333341
15.867340000002862,0.0333333333333341
15.869010000002863,0.033333333333333215
15.870680000002864,0.033333333333333215
15.872350000002864,0.0333333333333341
15.874020000002865,0.033333333333333215
15.875690000002866,0.033333333333333215
15.877360000002867,0.033333333333333215
15.879030000002867,0.0333333333333341
15.880700000002868,0.033333333333333215
15.882370000002869,0.033333333333333215
15.88404000000287,0.033333333333333215
15.88571000000287,0.0333333333333341
15.88738000000287,0.033333333333333215
15.889050000002872,0.033333333333333215
15.890720000002872,0.0333333333333341
15.892390000002873,0.0333333333333341
15.894060000002874,0.033333333333333215
15.895730000002875,0.033333333333333215
15.897400000002875,0.0333333333333341
15.899070000002876,0.033333333333333215
15.900740000002877,0.033333333333333215
15.902410000002877,0.033333333333333215
15.904080000002878,0.0333333333333341
15.905750000002879,0.033333333333333215
15.90742000000288,0.033333333333333215
15.90909000000288,0.033333333333333215
15.910760000002881,0.0333333333333341
15.912430000002882,0.033333333333333215
15.914100000002882,0.033333333333333215
15.915770000002883,0.0333333333333341
15.917440000002884,0.0333333333333341
15.919110000002885,0.033333333333333215
15.920780000002885,0.033333333333333215
15.922450000002886,0.0333333333333341
15.924120000002887,0.033333333333333215
15.925790000002888,0.033333333333333215
15.927460000002888,0.033333333333333215
15.929130000002889,0.0333333333333341
15.93080000000289,0.033333333333333215
15.93247000000289,0.033333333333333215
15.934140000002891,0.033333333333333215
15.935810000002892,0.0333333333333341
15.937480000002893,0.033333333333333215
15.939150000002893,0.033333333333333215
15.940820000002894,0.0333333333333341
15.942490000002895,0.0333333333333341
15.944160000002896,0.033333333333333215
15.945830000002896,0.033333333333333215
15.947500000002897,0.0333333333333341
15.949170000002898,0.033333333333333215
15.950840000002898,0.033333333333333215
15.9525100000029,0.033333333333333215
15.9541800000029,0.0333333333333341
15.9558500000029,0.033333333333333215
15.957520000002901,0.033333333333333215
15.959190000002902,0.033333333333333215
15.960860000002903,0.0333333333333341
15.962530000002904,0.033333333333333215
15.964200000002904,0.033333333333333215
15.965870000002905,0.0333333333333341
15.967540000002906,0.0333333333333341
15.969210000002906,0.033333333333333215
15.970880000002907,0.033333333333333215
15.972550000002908,0.0333333333333341
15.974220000002909,0.033333333333333215
15.97589000000291,0.033333333333333215
15.97756000000291,0.033333333333333215
15.97923000000291,0.0333333333333341
15.980900000002912,0.033333333333333215
15.982570000002912,0.033333333333333215
15.984240000002913,0.0333333333333341
15.985910000002914,0.0333333333333341
15.987580000002914,0.033333333333333215
15.989250000002915,0.033333333333333215
15.990920000002916,0.0333333333333341
15.992590000002917,0.0333333333333341
15.994260000002917,0.033333333333333215
15.995930000002918,0.033333333333333215
15.997600000002919,0.0333333333333341
15.99927000000292,0.033333333333333215
16.00094000000292,0.033333333333333215
16.00261000000292,0.033333333333333215
16.00428000000292,0.0333333333333341
16.005950000002922,0.033333333333333215
16.007620000002923,0.033333333333333215
16.009290000002924,0.0333333333333341
16.010960000002925,0.0333333333333341
16.012630000002925,0.033333333333333215
16.014300000002926,0.033333333333333215
16.015970000002927,0.0333333333333341
16.017640000002928,0.033333333333333215
16.01931000000293,0.033333333333333215
16.02098000000293,0.033333333333333215
16.02265000000293,0.0333333333333341
16.02432000000293,0.033333333333333215
16.02599000000293,0.033333333333333215
16.027660000002932,0.033333333333333215
16.029330000002933,0.0333333333333341
16.031000000002933,0.033333333333333215
16.032670000002934,0.033333333333333215
16.034340000002935,0.0333333333333341
16.036010000002936,0.0333333333333341
16.037680000002936,0.033333333333333215
16.039350000002937,0.033333333333333215
16.041020000002938,0.0333333333333341
16.04269000000294,0.033333333333333215
16.04436000000294,0.033333333333333215
16.04603000000294,0.033333333333333215
16.04770000000294,0.0333333333333341
16.04937000000294,0.033333333333333215
16.051040000002942,0.033333333333333215
16.052710000002943,0.033333333333333215
16.054380000002944,0.0333333333333341
16.056050000002944,0.033333333333333215
16.057720000002945,0.033333333333333215
16.059390000002946,0.0333333333333341
16.061060000002946,0.0333333333333341
16.062730000002947,0.033333333333333215
16.064400000002948,0.033333333333333215
16.06607000000295,0.0333333333333341
16.06774000000295,0.033333333333333215
16.06941000000295,0.033333333333333215
16.07108000000295,0.033333333333333215
16.07275000000295,0.0333333333333341
16.074420000002952,0.033333333333333215
16.076090000002953,0.033333333333333215
16.077760000002954,0.033333333333333215
16.079430000002954,0.0333333333333341
16.081100000002955,0.033333333333333215
16.082770000002956,0.033333333333333215
16.084440000002957,0.0333333333333341
16.086110000002957,0.0333333333333341
16.087780000002958,0.033333333333333215
16.08945000000296,0.033333333333333215
16.09112000000296,0.0333333333333341
16.09279000000296,0.033333333333333215
16.09446000000296,0.033333333333333215
16.09613000000296,0.033333333333333215
16.097800000002962,0.0333333333333341
16.099470000002963,0.033333333333333215
16.101140000002964,0.033333333333333215
16.102810000002965,0.033333333333333215
16.104480000002965,0.0333333333333341
16.106150000002966,0.033333333333333215
16.107820000002967,0.033333333333333215
16.109490000002967,0.0333333333333341
16.111160000002968,0.0333333333333341
16.11283000000297,0.033333333333333215
16.11450000000297,0.033333333333333215
16.11617000000297,0.0333333333333341
16.11784000000297,0.033333333333333215
16.119510000002972,0.033333333333333215
16.121180000002973,0.033333333333333215
16.122850000002973,0.0333333333333341
16.124520000002974,0.033333333333333215
16.126190000002975,0.033333333333333215
16.127860000002975,0.033333333333333215
16.129530000002976,0.0333333333333341
16.131200000002977,0.033333333333333215
16.132870000002978,0.033333333333333215
16.13454000000298,0.0333333333333341
16.13621000000298,0.0333333333333341
16.13788000000298,0.033333333333333215
16.13955000000298,0.033333333333333215
16.14122000000298,0.0333333333333341
16.142890000002982,0.033333333333333215
16.144560000002983,0.033333333333333215
16.146230000002983,0.033333333333333215
16.147900000002984,0.0333333333333341
16.149570000002985,0.033333333333333215
16.151240000002986,0.033333333333333215
16.152910000002986,0.033333333333333215
16.154580000002987,0.0333333333333341
16.156250000002988,0.033333333333333215
16.15792000000299,0.033333333333333215
16.15959000000299,0.0333333333333341
16.16126000000299,0.0333333333333341
16.16293000000299,0.033333333333333215
16.16460000000299,0.033333333333333215
16.166270000002992,0.0333333333333341
16.167940000002993,0.033333333333333215
16.169610000002994,0.033333333333333215
16.171280000002994,0.033333333333333215
16.172950000002995,0.0333333333333341
16.174620000002996,0.033333333333333215
16.176290000002997,0.033333333333333215
16.177960000002997,0.033333333333333215
16.179630000002998,0.0333333333333341
16.181300000003,0.033333333333333215
16.182970000003,0.033333333333333215
16.184640000003,0.0333333333333341
16.186310000003,0.0333333333333341
16.187980000003,0.033333333333333215
16.189650000003002,0.033333333333333215
16.191320000003003,0.0333333333333341
16.192990000003004,0.033333333333333215
16.194660000003005,0.033333333333333215
16.196330000003005,0.033333333333333215
16.198000000003006,0.0333333333333341
16.199670000003007,0.033333333333333215
16.201340000003007,0.033333333333333215
16.203010000003008,0.033333333333333215
16.20468000000301,0.0333333333333341
16.20635000000301,0.033333333333333215
16.20802000000301,0.033333333333333215
16.20969000000301,0.0333333333333341
16.211360000003012,0.0333333333333341
16.213030000003013,0.033333333333333215
16.214700000003013,0.033333333333333215
16.216370000003014,0.0333333333333341
16.218040000003015,0.033333333333333215
16.219710000003015,0.033333333333333215
16.221380000003016,0.033333333333333215
16.223050000003017,0.0333333333333341
16.224720000003018,0.033333333333333215
16.22639000000302,0.033333333333333215
16.22806000000302,0.033333333333333215
16.22973000000302,0.0333333333333341
16.23140000000302,0.033333333333333215
16.23307000000302,0.033333333333333215
16.234740000003022,0.0333333333333341
16.236410000003023,0.0333333333333341
16.238080000003023,0.033333333333333215
16.239750000003024,0.033333333333333215
16.241420000003025,0.0333333333333341
16.243090000003026,0.033333333333333215
16.244760000003026,0.033333333333333215
16.246430000003027,0.033333333333333215
16.248100000003028,0.0333333333333341
16.24977000000303,0.033333333333333215
16.25144000000303,0.033333333333333215
16.25311000000303,0.033333333333333215
16.25478000000303,0.0333333333333341
16.25645000000303,0.033333333333333215
16.258120000003032,0.033333333333333215
16.259790000003033,0.0333333333333341
16.261460000003034,0.0333333333333341
16.263130000003034,0.033333333333333215
16.264800000003035,0.033333333333333215
16.266470000003036,0.0333333333333341
16.268140000003037,0.033333333333333215
16.269810000003037,0.033333333333333215
16.271480000003038,0.033333333333333215
16.27315000000304,0.0333333333333341
16.27482000000304,0.033333333333333215
16.27649000000304,0.033333333333333215
16.27816000000304,0.033333333333333215
16.27983000000304,0.0333333333333341
16.281500000003042,0.033333333333333215
16.283170000003043,0.033333333333333215
16.284840000003044,0.0333333333333341
16.286510000003044,0.0333333333333341
16.288180000003045,0.033333333333333215
16.289850000003046,0.033333333333333215
16.291520000003047,0.0333333333333341
16.293190000003047,0.033333333333333215
16.294860000003048,0.033333333333333215
16.29653000000305,0.033333333333333215
16.29820000000305,0.0333333333333341
16.29987000000305,0.033333333333333215
16.30154000000305,0.033333333333333215
16.30321000000305,0.033333333333333215
16.304880000003052,0.0333333333333341
16.306550000003053,0.033333333333333215
16.308220000003054,0.033333333333333215
16.309890000003055,0.0333333333333341
16.311560000003055,0.0333333333333341
16.313230000003056,0.033333333333333215
16.314900000003057,0.033333333333333215
16.316570000003058,0.0333333333333341
16.31824000000306,0.033333333333333215
16.31991000000306,0.033333333333333215
16.32158000000306,0.033333333333333215
16.32325000000306,0.0333333333333341
16.32492000000306,0.033333333333333215
16.326590000003062,0.033333333333333215
16.328260000003063,0.033333333333333215
16.329930000003063,0.0333333333333341
16.331600000003064,0.033333333333333215
16.333270000003065,0.033333333333333215
16.334940000003066,0.0333333333333341
16.336610000003066,0.033333333333333215
16.338280000003067,0.033333333333333215
16.339950000003068,0.033333333333333215
16.34162000000307,0.0333333333333341
16.34329000000307,0.033333333333333215
16.34496000000307,0.033333333333333215
16.34663000000307,0.033333333333333215
16.34830000000307,0.0333333333333341
16.349970000003072,0.033333333333333215
16.351640000003073,0.033333333333333215
16.353310000003074,0.0333333333333341
16.354980000003074,0.0333333333333341
16.356650000003075,0.033333333333333215
16.358320000003076,0.033333333333333215
16.359990000003076,0.0333333333333341
16.361660000003077,0.033333333333333215
16.363330000003078,0.033333333333333215
16.36500000000308,0.033333333333333215
16.36667000000308,0.0333333333333341
16.36834000000308,0.033333333333333215
16.37001000000308,0.033333333333333215
16.37168000000308,0.033333333333333215
16.373350000003082,0.0333333333333341
16.375020000003083,0.033333333333333215
16.376690000003084,0.033333333333333215
16.378360000003084,0.0333333333333341
16.380030000003085,0.0333333333333341
16.381700000003086,0.033333333333333215
16.383370000003087,0.033333333333333215
16.385040000003087,0.0333333333333341
16.386710000003088,0.033333333333333215
16.38838000000309,0.033333333333333215
16.39005000000309,0.033333333333333215
16.39172000000309,0.0333333333333341
16.39339000000309,0.033333333333333215
16.39506000000309,0.033333333333333215
16.396730000003092,0.033333333333333215
16.398400000003093,0.0333333333333341
16.400070000003094,0.033333333333333215
16.401740000003095,0.033333333333333215
16.403410000003095,0.0333333333333341
16.405080000003096,0.0333333333333341
16.406750000003097,0.033333333333333215
16.408420000003098,0.033333333333333215
16.4100900000031,0.0333333333333341
16.4117600000031,0.033333333333333215
16.4134300000031,0.033333333333333215
16.4151000000031,0.033333333333333215
16.4167700000031,0.0333333333333341
16.418440000003102,0.033333333333333215
16.420110000003103,0.033333333333333215
16.421780000003103,0.033333333333333215
16.423450000003104,0.0333333333333341
16.425120000003105,0.033333333333333215
16.426790000003106,0.033333333333333215
16.428460000003106,0.0333333333333341
16.430130000003107,0.0333333333333341
16.431800000003108,0.033333333333333215
16.43347000000311,0.033333333333333215
16.43514000000311,0.0333333333333341
16.43681000000311,0.033333333333333215
16.43848000000311,0.033333333333333215
16.44015000000311,0.033333333333333215
16.441820000003112,0.0333333333333341
16.443490000003113,0.033333333333333215
16.445160000003114,0.033333333333333215
16.446830000003114,0.033333333333333215
16.448500000003115,0.0333333333333341
16.450170000003116,0.033333333333333215
16.451840000003116,0.033333333333333215
16.453510000003117,0.0333333333333341
16.455180000003118,0.0333333333333341
16.45685000000312,0.033333333333333215
16.45852000000312,0.033333333333333215
16.46019000000312,0.0333333333333341
16.46186000000312,0.033333333333333215
16.46353000000312,0.033333333333333215
16.465200000003122,0.033333333333333215
16.466870000003123,0.0333333333333341
16.468540000003124,0.033333333333333215
16.470210000003124,0.033333333333333215
16.471880000003125,0.033333333333333215
16.473550000003126,0.0333333333333341
16.475220000003127,0.033333333333333215
16.476890000003127,0.033333333333333215
16.478560000003128,0.0333333333333341
16.48023000000313,0.0333333333333341
16.48190000000313,0.033333333333333215
16.48357000000313,0.033333333333333215
16.48524000000313,0.0333333333333341
16.48691000000313,0.033333333333333215
16.488580000003132,0.033333333333333215
16.490250000003133,0.033333333333333215
16.491920000003134,0.0333333333333341
16.493590000003135,0.033333333333333215
16.495260000003135,0.033333333333333215
16.496930000003136,0.033333333333333215
16.498600000003137,0.0333333333333341
16.500270000003137,0.033333333333333215
16.501940000003138,0.033333333333333215
16.50361000000314,0.0333333333333341
16.50528000000314,0.0333333333333341
16.50695000000314,0.033333333333333215
16.50862000000314,0.033333333333333215
16.510290000003142,0.0333333333333341
16.511960000003143,0.033333333333333215
16.513630000003143,0.033333333333333215
16.515300000003144,0.033333333333333215
16.516970000003145,0.0333333333333341
16.518640000003145,0.033333333333333215
16.520310000003146,0.033333333333333215
16.521980000003147,0.033333333333333215
16.523650000003148,0.0333333333333341
16.52532000000315,0.033333333333333215
16.52699000000315,0.033333333333333215
16.52866000000315,0.0333333333333341
16.53033000000315,0.0333333333333341
16.53200000000315,0.033333333333333215
16.533670000003152,0.033333333333333215
16.535340000003153,0.0333333333333341
16.537010000003153,0.033333333333333215
16.538680000003154,0.033333333333333215
16.540350000003155,0.033333333333333215
16.542020000003156,0.0333333333333341
16.543690000003156,0.033333333333333215
16.545360000003157,0.033333333333333215
16.547030000003158,0.033333333333333215
16.54870000000316,0.0333333333333341
16.55037000000316,0.033333333333333215
16.55204000000316,0.033333333333333215
16.55371000000316,0.0333333333333341
16.55538000000316,0.0333333333333341
16.557050000003162,0.033333333333333215
16.558720000003163,0.033333333333333215
16.560390000003164,0.0333333333333341
16.562060000003164,0.033333333333333215
16.563730000003165,0.033333333333333215
16.565400000003166,0.033333333333333215
16.567070000003167,0.0333333333333341
16.568740000003167,0.033333333333333215
16.570410000003168,0.033333333333333215
16.57208000000317,0.033333333333333215
16.57375000000317,0.0333333333333341
16.57542000000317,0.033333333333333215
16.57709000000317,0.033333333333333215
16.57876000000317,0.0333333333333341
16.580430000003172,0.0333333333333341
16.582100000003173,0.033333333333333215
16.583770000003174,0.033333333333333215
16.585440000003175,0.0333333333333341
16.587110000003175,0.033333333333333215
16.588780000003176,0.033333333333333215
16.590450000003177,0.033333333333333215
16.592120000003177,0.0333333333333341
16.593790000003178,0.033333333333333215
16.59546000000318,0.033333333333333215
16.59713000000318,0.033333333333333215
16.59880000000318,0.0333333333333341
16.60047000000318,0.033333333333333215
16.602140000003182,0.033333333333333215
16.603810000003183,0.0333333333333341
16.605480000003183,0.0333333333333341
16.607150000003184,0.033333333333333215
16.608820000003185,0.033333333333333215
16.610490000003185,0.0333333333333341
16.612160000003186,0.033333333333333215
16.613830000003187,0.033333333333333215
16.615500000003188,0.033333333333333215
16.61717000000319,0.0333333333333341
16.61884000000319,0.033333333333333215
16.62051000000319,0.033333333333333215
16.62218000000319,0.0333333333333341
16.62385000000319,0.0333333333333341
16.625520000003192,0.033333333333333215
16.627190000003193,0.033333333333333215
16.628860000003193,0.0333333333333341
16.630530000003194,0.0333333333333341
16.632200000003195,0.033333333333333215
16.633870000003196,0.033333333333333215
16.635540000003196,0.0333333333333341
16.637210000003197,0.033333333333333215
16.638880000003198,0.033333333333333215
16.6405500000032,0.033333333333333215
16.6422200000032,0.0333333333333341
16.6438900000032,0.033333333333333215
16.6455600000032,0.033333333333333215
16.6472300000032,0.0333333333333341
16.648900000003202,0.0333333333333341
16.650570000003203,0.033333333333333215
16.652240000003204,0.033333333333333215
16.653910000003204,0.0333333333333341
16.655580000003205,0.0333333333333341
16.657250000003206,0.033333333333333215
16.658920000003206,0.033333333333333215
16.660590000003207,0.0333333333333341
16.662260000003208,0.033333333333333215
16.66393000000321,0.033333333333333215
16.66560000000321,0.033333333333333215
16.66727000000321,0.0333333333333341
16.66894000000321,0.033333333333333215
16.67061000000321,0.033333333333333215
16.672280000003212,0.0333333333333341
16.673950000003213,0.0333333333333341
16.675620000003214,0.033333333333333215
16.677290000003214,0.033333333333333215
16.678960000003215,0.0333333333333341
16.680630000003216,0.033333333333333215
16.682300000003217,0.033333333333333215
16.683970000003217,0.033333333333333215
16.685640000003218,0.0333333333333341
16.68731000000322,0.033333333333333215
16.68898000000322,0.033333333333333215
16.69065000000322,0.033333333333333215
16.69232000000322,0.0333333333333341
16.69399000000322,0.033333333333333215
16.695660000003222,0.033333333333333215
16.697330000003223,0.0333333333333341
16.699000000003224,0.0333333333333341
16.700670000003225,0.033333333333333215
16.702340000003225,0.033333333333333215
16.704010000003226,0.0333333333333341
16.705680000003227,0.033333333333333215
16.707350000003228,0.033333333333333215
16.70902000000323,0.033333333333333215
16.71069000000323,0.0333333333333341
16.71236000000323,0.033333333333333215
16.71403000000323,0.033333333333333215
16.71570000000323,0.033333333333333215
16.717370000003232,0.0333333333333341
16.719040000003233,0.033333333333333215
16.720710000003233,0.033333333333333215
16.722380000003234,0.0333333333333341
16.724050000003235,0.0333333333333341
16.725720000003236,0.033333333333333215
16.727390000003236,0.033333333333333215
16.729060000003237,0.0333333333333341
16.730730000003238,0.033333333333333215
16.73240000000324,0.033333333333333215
16.73407000000324,0.033333333333333215
16.73574000000324,0.0333333333333341
16.73741000000324,0.033333333333333215
16.73908000000324,0.033333333333333215
16.740750000003242,0.033333333333333215
16.742420000003243,0.0333333333333341
16.744090000003244,0.033333333333333215
16.745760000003244,0.033333333333333215
16.747430000003245,0.0333333333333341
16.749100000003246,0.0333333333333341
16.750770000003246,0.033333333333333215
16.752440000003247,0.033333333333333215
16.754110000003248,0.0333333333333341
16.75578000000325,0.033333333333333215
16.75745000000325,0.033333333333333215
16.75912000000325,0.033333333333333215
16.76079000000325,0.0333333333333341
16.76246000000325,0.033333333333333215
16.764130000003252,0.033333333333333215
16.765800000003253,0.033333333333333215
16.767470000003254,0.0333333333333341
16.769140000003254,0.033333333333333215
16.770810000003255,0.033333333333333215
16.772480000003256,0.0333333333333341
16.774150000003257,0.0333333333333341
16.775820000003257,0.033333333333333215
16.777490000003258,0.033333333333333215
16.77916000000326,0.0333333333333341
16.78083000000326,0.033333333333333215
16.78250000000326,0.033333333333333215
16.78417000000326,0.033333333333333215
16.78584000000326,0.0333333333333341
16.787510000003262,0.033333333333333215
16.789180000003263,0.033333333333333215
16.790850000003264,0.033333333333333215
16.792520000003265,0.0333333333333341
16.794190000003265,0.033333333333333215
16.795860000003266,0.033333333333333215
16.797530000003267,0.0333333333333341
16.799200000003268,0.0333333333333341
16.80087000000327,0.033333333333333215
16.80254000000327,0.033333333333333215
16.80421000000327,0.0333333333333341
16.80588000000327,0.033333333333333215
16.80755000000327,0.033333333333333215
16.809220000003272,0.033333333333333215
16.810890000003273,0.0333333333333341
16.812560000003273,0.033333333333333215
16.814230000003274,0.033333333333333215
16.815900000003275,0.033333333333333215
16.817570000003276,0.0333333333333341
16.819240000003276,0.033333333333333215
16.820910000003277,0.033333333333333215
16.822580000003278,0.0333333333333341
16.82425000000328,0.0333333333333341
16.82592000000328,0.033333333333333215
16.82759000000328,0.033333333333333215
16.82926000000328,0.0333333333333341
16.83093000000328,0.033333333333333215
16.832600000003282,0.033333333333333215
16.834270000003283,0.033333333333333215
16.835940000003284,0.0333333333333341
16.837610000003284,0.033333333333333215
16.839280000003285,0.033333333333333215
16.840950000003286,0.033333333333333215
16.842620000003286,0.0333333333333341
16.844290000003287,0.033333333333333215
16.845960000003288,0.033333333333333215
16.84763000000329,0.0333333333333341
16.84930000000329,0.0333333333333341
16.85097000000329,0.033333333333333215
16.85264000000329,0.033333333333333215
16.85431000000329,0.0333333333333341
16.855980000003292,0.033333333333333215
16.857650000003293,0.033333333333333215
16.859320000003294,0.033333333333333215
16.860990000003294,0.0333333333333341
16.862660000003295,0.033333333333333215
16.864330000003296,0.033333333333333215
16.866000000003297,0.033333333333333215
16.867670000003297,0.0333333333333341
16.869340000003298,0.033333333333333215
16.8710100000033,0.033333333333333215
16.8726800000033,0.0333333333333341
16.8743500000033,0.0333333333333341
16.8760200000033,0.033333333333333215
16.8776900000033,0.033333333333333215
16.879360000003302,0.0333333333333341
16.881030000003303,0.033333333333333215
16.882700000003304,0.033333333333333215
16.884370000003305,0.033333333333333215
16.886040000003305,0.0333333333333341
16.887710000003306,0.033333333333333215
16.889380000003307,0.033333333333333215
16.891050000003307,0.033333333333333215
16.892720000003308,0.0333333333333341
16.89439000000331,0.033333333333333215
16.89606000000331,0.033333333333333215
16.89773000000331,0.0333333333333341
16.89940000000331,0.0333333333333341
16.901070000003312,0.033333333333333215
16.902740000003313,0.033333333333333215
16.904410000003313,0.0333333333333341
16.906080000003314,0.033333333333333215
16.907750000003315,0.033333333333333215
16.909420000003315,0.033333333333333215
16.911090000003316,0.0333333333333341
16.912760000003317,0.033333333333333215
16.914430000003318,0.033333333333333215
16.91610000000332,0.033333333333333215
16.91777000000332,0.0333333333333341
16.91944000000332,0.033333333333333215
16.92111000000332,0.033333333333333215
16.92278000000332,0.0333333333333341
16.924450000003322,0.0333333333333341
16.926120000003323,0.033333333333333215
16.927790000003323,0.033333333333333215
16.929460000003324,0.0333333333333341
16.931130000003325,0.033333333333333215
16.932800000003326,0.033333333333333215
16.934470000003326,0.033333333333333215
16.936140000003327,0.0333333333333341
16.937810000003328,0.033333333333333215
16.93948000000333,0.033333333333333215
16.94115000000333,0.033333333333333215
16.94282000000333,0.0333333333333341
16.94449000000333,0.033333333333333215
16.94616000000333,0.033333333333333215
16.947830000003332,0.0333333333333341
16.949500000003333,0.0333333333333341
16.951170000003334,0.033333333333333215
16.952840000003334,0.033333333333333215
16.954510000003335,0.0333333333333341
16.956180000003336,0.033333333333333215
16.957850000003337,0.033333333333333215
16.959520000003337,0.033333333333333215
16.961190000003338,0.0333333333333341
16.96286000000334,0.033333333333333215
16.96453000000334,0.033333333333333215
16.96620000000334,0.033333333333333215
16.96787000000334,0.0333333333333341
16.96954000000334,0.033333333333333215
16.971210000003342,0.033333333333333215
16.972880000003343,0.0333333333333341
16.974550000003344,0.033333333333333215
16.976220000003345,0.033333333333333215
16.977890000003345,0.033333333333333215
16.979560000003346,0.0333333333333341
16.981230000003347,0.033333333333333215
16.982900000003347,0.033333333333333215
16.984570000003348,0.033333333333333215
16.98624000000335,0.0333333333333341
16.98791000000335,0.033333333333333215
16.98958000000335,0.033333333333333215
16.99125000000335,0.033333333333333215
16.992920000003352,0.0333333333333341
16.994590000003353,0.033333333333333215
16.996260000003353,0.033333333333333215
16.997930000003354,0.0333333333333341
16.999600000003355,0.033333333333333215
17.001270000003355,0.033333333333333215
17.002940000003356,0.033333333333333215
17.004610000003357,0.0333333333333341
17.006280000003358,0.033333333333333215
17.00795000000336,0.033333333333333215
17.00962000000336,0.033333333333333215
17.01129000000336,0.0333333333333341
17.01296000000336,0.033333333333333215
17.01463000000336,0.033333333333333215
17.016300000003362,0.0333333333333341
17.017970000003363,0.0333333333333341
17.019640000003363,0.033333333333333215
17.021310000003364,0.033333333333333215
17.022980000003365,0.0333333333333341
17.024650000003366,0.033333333333333215
17.026320000003366,0.033333333333333215
17.027990000003367,0.033333333333333215
17.029660000003368,0.0333333333333341
17.03133000000337,0.033333333333333215
17.03300000000337,0.033333333333333215
17.03467000000337,0.033333333333333215
17.03634000000337,0.0333333333333341
17.03801000000337,0.033333333333333215
17.039680000003372,0.033333333333333215
17.041350000003373,0.0333333333333341
17.043020000003374,0.0333333333333341
17.044690000003374,0.033333333333333215
17.046360000003375,0.033333333333333215
17.048030000003376,0.0333333333333341
17.049700000003376,0.033333333333333215
17.051370000003377,0.033333333333333215
17.053040000003378,0.033333333333333215
17.05471000000338,0.0333333333333341
17.05638000000338,0.033333333333333215
17.05805000000338,0.033333333333333215
17.05972000000338,0.033333333333333215
17.06139000000338,0.0333333333333341
17.063060000003382,0.033333333333333215
17.064730000003383,0.033333333333333215
17.066400000003384,0.0333333333333341
17.068070000003384,0.0333333333333341
17.069740000003385,0.033333333333333215
17.071410000003386,0.033333333333333215
17.073080000003387,0.0333333333333341
17.074750000003387,0.033333333333333215
17.076420000003388,0.033333333333333215
17.07809000000339,0.033333333333333215
17.07976000000339,0.0333333333333341
17.08143000000339,0.033333333333333215
17.08310000000339,0.033333333333333215
17.08477000000339,0.033333333333333215
17.086440000003392,0.0333333333333341
17.088110000003393,0.033333333333333215
17.089780000003394,0.033333333333333215
17.091450000003395,0.0333333333333341
17.093120000003395,0.0333333333333341
17.094790000003396,0.033333333333333215
17.096460000003397,0.033333333333333215
17.098130000003398,0.0333333333333341
17.0998000000034,0.033333333333333215
17.1014700000034,0.033333333333333215
17.1031400000034,0.033333333333333215
17.1048100000034,0.0333333333333341
17.1064800000034,0.033333333333333215
17.108150000003402,0.033333333333333215
17.109820000003403,0.033333333333333215
17.111490000003403,0.0333333333333341
17.113160000003404,0.033333333333333215
17.114830000003405,0.033333333333333215
17.116500000003406,0.0333333333333341
17.118170000003406,0.0333333333333341
17.119840000003407,0.033333333333333215
17.121510000003408,0.033333333333333215
17.12318000000341,0.0333333333333341
17.12485000000341,0.033333333333333215
17.12652000000341,0.033333333333333215
17.12819000000341,0.033333333333333215
17.12986000000341,0.0333333333333341
17.131530000003412,0.033333333333333215
17.133200000003413,0.033333333333333215
17.134870000003414,0.033333333333333215
17.136540000003414,0.0333333333333341
17.138210000003415,0.033333333333333215
17.139880000003416,0.033333333333333215
17.141550000003416,0.0333333333333341
17.143220000003417,0.0333333333333341
17.144890000003418,0.033333333333333215
17.14656000000342,0.033333333333333215
17.14823000000342,0.0333333333333341
17.14990000000342,0.033333333333333215
17.15157000000342,0.033333333333333215
17.15324000000342,0.033333333333333215
17.154910000003422,0.0333333333333341
17.156580000003423,0.033333333333333215
17.158250000003424,0.033333333333333215
17.159920000003424,0.033333333333333215
17.161590000003425,0.0333333333333341
17.163260000003426,0.033333333333333215
17.164930000003427,0.033333333333333215
17.166600000003427,0.0333333333333341
17.168270000003428,0.0333333333333341
17.16994000000343,0.033333333333333215
17.17161000000343,0.033333333333333215
17.17328000000343,0.0333333333333341
17.17495000000343,0.033333333333333215
17.17662000000343,0.033333333333333215
17.178290000003432,0.033333333333333215
17.179960000003433,0.0333333333333341
17.181630000003434,0.033333333333333215
17.183300000003435,0.033333333333333215
17.184970000003435,0.033333333333333215
17.186640000003436,0.0333333333333341
17.188310000003437,0.033333333333333215
17.189980000003438,0.033333333333333215
17.19165000000344,0.0333333333333341
17.19332000000344,0.0333333333333341
17.19499000000344,0.033333333333333215
17.19666000000344,0.033333333333333215
17.19833000000344,0.0333333333333341
17.200000000003442,0.033333333333333215
17.201670000003443,0.033333333333333215
17.203340000003443,0.033333333333333215
17.205010000003444,0.0333333333333341
17.206680000003445,0.033333333333333215
17.208350000003446,0.033333333333333215
17.210020000003446,0.033333333333333215
17.211690000003447,0.0333333333333341
17.213360000003448,0.033333333333333215
17.21503000000345,0.033333333333333215
17.21670000000345,0.0333333333333341
17.21837000000345,0.0333333333333341
17.22004000000345,0.033333333333333215
17.22171000000345,0.033333333333333215
17.223380000003452,0.0333333333333341
17.225050000003453,0.033333333333333215
17.226720000003453,0.033333333333333215
17.228390000003454,0.033333333333333215
17.230060000003455,0.0333333333333341
17.231730000003456,0.033333333333333215
17.233400000003456,0.033333333333333215
17.235070000003457,0.033333333333333215
17.236740000003458,0.0333333333333341
17.23841000000346,0.033333333333333215
17.24008000000346,0.033333333333333215
17.24175000000346,0.0333333333333341
17.24342000000346,0.0333333333333341
17.24509000000346,0.033333333333333215
17.246760000003462,0.033333333333333215
17.248430000003463,0.0333333333333341
17.250100000003464,0.033333333333333215
17.251770000003464,0.033333333333333215
17.253440000003465,0.033333333333333215
17.255110000003466,0.0333333333333341
17.256780000003467,0.033333333333333215
17.258450000003467,0.033333333333333215
17.260120000003468,0.0333333333333341
17.26179000000347,0.0333333333333341
17.26346000000347,0.033333333333333215
17.26513000000347,0.033333333333333215
17.26680000000347,0.0333333333333341
17.26847000000347,0.0333333333333341
17.270140000003472,0.033333333333333215
17.271810000003473,0.033333333333333215
17.273480000003474,0.0333333333333341
17.275150000003475,0.033333333333333215
17.276820000003475,0.033333333333333215
17.278490000003476,0.033333333333333215
17.280160000003477,0.0333333333333341
17.281830000003477,0.033333333333333215
17.283500000003478,0.033333333333333215
17.28517000000348,0.0333333333333341
17.28684000000348,0.0333333333333341
17.28851000000348,0.033333333333333215
17.29018000000348,0.033333333333333215
17.291850000003482,0.0333333333333341
17.293520000003483,0.0333333333333341
17.295190000003483,0.033333333333333215
17.296860000003484,0.033333333333333215
17.298530000003485,0.0333333333333341
17.300200000003485,0.033333333333333215
17.301870000003486,0.033333333333333215
17.303540000003487,0.033333333333333215
17.305210000003488,0.0333333333333341
17.30688000000349,0.033333333333333215
17.30855000000349,0.033333333333333215
17.31022000000349,0.0333333333333341
17.31189000000349,0.0333333333333341
17.31356000000349,0.033333333333333215
17.315230000003492,0.033333333333333215
17.316900000003493,0.0333333333333341
17.318570000003493,0.0333333333333341
17.320240000003494,0.033333333333333215
17.321910000003495,0.033333333333333215
17.323580000003496,0.0333333333333341
17.325250000003496,0.033333333333333215
17.326920000003497,0.033333333333333215
17.328590000003498,0.033333333333333215
17.3302600000035,0.0333333333333341
17.3319300000035,0.033333333333333215
17.3336000000035,0.033333333333333215
17.3352700000035,0.0333333333333341
17.3369400000035,0.0333333333333341
17.338610000003502,0.033333333333333215
17.340280000003503,0.033333333333333215
17.341950000003504,0.0333333333333341
17.343620000003504,0.033333333333333215
17.345290000003505,0.033333333333333215
17.346960000003506,0.033333333333333215
17.348630000003507,0.0333333333333341
17.350300000003507,0.033333333333333215
17.351970000003508,0.033333333333333215
17.35364000000351,0.033333333333333215
17.35531000000351,0.0333333333333341
17.35698000000351,0.033333333333333215
17.35865000000351,0.033333333333333215
17.36032000000351,0.0333333333333341
17.361990000003512,0.0333333333333341
17.363660000003513,0.033333333333333215
17.365330000003514,0.033333333333333215
17.367000000003515,0.0333333333333341
17.368670000003515,0.033333333333333215
17.370340000003516,0.033333333333333215
17.372010000003517,0.033333333333333215
17.373680000003517,0.0333333333333341
17.375350000003518,0.033333333333333215
17.37702000000352,0.033333333333333215
17.37869000000352,0.033333333333333215
17.38036000000352,0.0333333333333341
17.38203000000352,0.033333333333333215
17.383700000003522,0.033333333333333215
17.385370000003523,0.0333333333333341
17.387040000003523,0.0333333333333341
17.388710000003524,0.033333333333333215
17.390380000003525,0.033333333333333215
17.392050000003525,0.0333333333333341
17.393720000003526,0.033333333333333215
17.395390000003527,0.033333333333333215
17.397060000003528,0.033333333333333215
17.39873000000353,0.0333333333333341
17.40040000000353,0.033333333333333215
17.40207000000353,0.033333333333333215
17.40374000000353,0.033333333333333215
17.40541000000353,0.0333333333333341
17.407080000003532,0.033333333333333215
17.408750000003533,0.033333333333333215
17.410420000003533,0.0333333333333341
17.412090000003534,0.0333333333333341
17.413760000003535,0.033333333333333215
17.415430000003536,0.033333333333333215
17.417100000003536,0.0333333333333341
17.418770000003537,0.033333333333333215
17.420440000003538,0.033333333333333215
17.42211000000354,0.033333333333333215
17.42378000000354,0.0333333333333341
17.42545000000354,0.033333333333333215
17.42712000000354,0.033333333333333215
17.42879000000354,0.033333333333333215
17.430460000003542,0.0333333333333341
17.432130000003543,0.033333333333333215
17.433800000003544,0.033333333333333215
17.435470000003544,0.0333333333333341
17.437140000003545,0.0333333333333341
17.438810000003546,0.033333333333333215
17.440480000003546,0.033333333333333215
17.442150000003547,0.0333333333333341
17.443820000003548,0.033333333333333215
17.44549000000355,0.033333333333333215
17.44716000000355,0.033333333333333215
17.44883000000355,0.0333333333333341
17.45050000000355,0.033333333333333215
17.45217000000355,0.033333333333333215
17.453840000003552,0.033333333333333215
17.455510000003553,0.0333333333333341
17.457180000003554,0.033333333333333215
17.458850000003554,0.033333333333333215
17.460520000003555,0.0333333333333341
17.462190000003556,0.0333333333333341
17.463860000003557,0.033333333333333215
17.465530000003557,0.033333333333333215
17.467200000003558,0.0333333333333341
17.46887000000356,0.033333333333333215
17.47054000000356,0.033333333333333215
17.47221000000356,0.033333333333333215
17.47388000000356,0.0333333333333341
17.47555000000356,0.033333333333333215
17.477220000003562,0.033333333333333215
17.478890000003563,0.033333333333333215
17.480560000003564,0.0333333333333341
17.482230000003565,0.033333333333333215
17.483900000003565,0.033333333333333215
17.485570000003566,0.0333333333333341
17.487240000003567,0.0333333333333341
17.488910000003568,0.033333333333333215
17.49058000000357,0.033333333333333215
17.49225000000357,0.0333333333333341
17.49392000000357,0.033333333333333215
17.49559000000357,0.033333333333333215
17.49726000000357,0.033333333333333215
17.498930000003572,0.0333333333333341
