TimeInc,Intensity
0.5,0.20000000000000004
0.50167,0.200334
0.5033399999999999,0.200668
0.5050099999999998,0.20100200000000007
0.5066799999999998,0.20133599999999996
0.5083499999999997,0.20166999999999993
0.5100199999999997,0.20200400000000002
0.5116899999999996,0.20233800000000002
0.5133599999999996,0.20267199999999996
0.5150299999999995,0.2030059999999999
0.5166999999999995,0.20333999999999994
0.5183699999999994,0.20367399999999997
0.5200399999999994,0.2040079999999999
0.5217099999999993,0.20434199999999986
0.5233799999999993,0.20467599999999986
0.5250499999999992,0.20500999999999994
0.5267199999999992,0.20534399999999992
0.5283899999999991,0.2056779999999998
0.5300599999999991,0.20601199999999986
0.531729999999999,0.20634599999999986
0.533399999999999,0.20667999999999984
0.5350699999999989,0.2070139999999998
0.5367399999999989,0.2073479999999998
0.5384099999999988,0.20768199999999987
0.5400799999999988,0.20801599999999976
0.5417499999999987,0.20834999999999973
0.5434199999999987,0.20868399999999981
0.5450899999999986,0.20901799999999982
0.5467599999999986,0.20935199999999976
0.5484299999999985,0.2096859999999997
0.5500999999999985,0.21001999999999973
0.5517699999999984,0.21035399999999976
0.5534399999999984,0.2106879999999997
0.5551099999999983,0.21102199999999965
0.5567799999999983,0.21135599999999966
0.5584499999999982,0.21168999999999974
0.5601199999999982,0.2120239999999997
0.5617899999999981,0.2123579999999996
0.5634599999999981,0.21269199999999966
0.565129999999998,0.21302599999999966
0.566799999999998,0.21335999999999963
0.5684699999999979,0.2136939999999996
0.5701399999999979,0.2140279999999996
0.5718099999999978,0.21436199999999966
0.5734799999999978,0.21469599999999955
0.5751499999999977,0.21502999999999953
0.5768199999999977,0.2153639999999996
0.5784899999999976,0.2156979999999996
0.5801599999999976,0.21603199999999956
0.5818299999999975,0.2163659999999995
0.5834999999999975,0.21669999999999953
0.5851699999999974,0.21703399999999956
0.5868399999999974,0.2173679999999995
0.5885099999999973,0.21770199999999945
0.5901799999999973,0.21803599999999945
0.5918499999999972,0.21836999999999954
0.5935199999999972,0.2187039999999995
0.5951899999999971,0.2190379999999994
0.5968599999999971,0.21937199999999946
0.598529999999997,0.21970599999999946
0.600199999999997,0.22003999999999943
0.6018699999999969,0.2203739999999994
0.6035399999999969,0.2207079999999994
0.6052099999999968,0.2210419999999994
0.6068799999999968,0.22137599999999935
0.6085499999999967,0.22170999999999932
0.6102199999999967,0.22204399999999935
0.6118899999999966,0.2223779999999994
0.6135599999999966,0.22271199999999935
0.6152299999999965,0.22304599999999924
0.6168999999999965,0.22337999999999933
0.6185699999999964,0.22371399999999936
0.6202399999999963,0.2240479999999993
0.6219099999999963,0.22438199999999925
0.6235799999999962,0.22471599999999925
0.6252499999999962,0.22504999999999933
0.6269199999999961,0.22538399999999922
0.6285899999999961,0.2257179999999992
0.630259999999996,0.22605199999999925
0.631929999999996,0.22638599999999925
0.6335999999999959,0.22671999999999923
0.6352699999999959,0.22705399999999917
0.6369399999999958,0.2273879999999992
0.6386099999999958,0.2277219999999992
0.6402799999999957,0.22805599999999915
0.6419499999999957,0.22838999999999912
0.6436199999999956,0.22872399999999912
0.6452899999999956,0.2290579999999992
0.6469599999999955,0.22939199999999915
0.6486299999999955,0.22972599999999904
0.6502999999999954,0.23005999999999913
0.6519699999999954,0.23039399999999913
0.6536399999999953,0.2307279999999991
0.6553099999999953,0.23106199999999905
0.6569799999999952,0.23139599999999905
0.6586499999999952,0.23172999999999908
0.6603199999999951,0.23206399999999902
0.6619899999999951,0.232397999999999
0.663659999999995,0.232731999999999
0.665329999999995,0.23306599999999905
0.6669999999999949,0.23339999999999902
0.6686699999999949,0.23373399999999891
0.6703399999999948,0.234067999999999
0.6720099999999948,0.234401999999999
0.6736799999999947,0.23473599999999895
0.6753499999999947,0.23506999999999892
0.6770199999999946,0.23540399999999892
0.6786899999999946,0.235737999999999
0.6803599999999945,0.2360719999999989
0.6820299999999945,0.23640599999999884
0.6836999999999944,0.23673999999999892
0.6853699999999944,0.23707399999999892
0.6870399999999943,0.2374079999999989
0.6887099999999943,0.23774199999999884
0.6903799999999942,0.23807599999999884
0.6920499999999942,0.23840999999999887
0.6937199999999941,0.23874399999999882
0.6953899999999941,0.2390779999999988
0.697059999999994,0.2394119999999988
0.698729999999994,0.23974599999999885
0.7003999999999939,0.24007999999999882
0.7020699999999939,0.2404139999999987
0.7037399999999938,0.2407479999999988
0.7054099999999938,0.2410819999999988
0.7070799999999937,0.24141599999999874
0.7087499999999937,0.24174999999999872
0.7104199999999936,0.24208399999999872
0.7120899999999936,0.2424179999999988
0.7137599999999935,0.2427519999999987
0.7154299999999935,0.24308599999999864
0.7170999999999934,0.24341999999999872
0.7187699999999934,0.24375399999999872
0.7204399999999933,0.2440879999999987
0.7221099999999933,0.24442199999999864
0.7237799999999932,0.24475599999999864
0.7254499999999932,0.24508999999999867
0.7271199999999931,0.24542399999999862
0.728789999999993,0.2457579999999986
0.730459999999993,0.2460919999999986
0.732129999999993,0.24642599999999865
0.7337999999999929,0.24675999999999862
0.7354699999999929,0.2470939999999985
0.7371399999999928,0.2474279999999986
0.7388099999999928,0.2477619999999986
0.7404799999999927,0.24809599999999854
0.7421499999999926,0.2484299999999985
0.7438199999999926,0.24876399999999851
0.7454899999999925,0.2490979999999986
0.7471599999999925,0.2494319999999985
0.7488299999999924,0.24976599999999843
0.7504999999999924,0.25009999999999855
0.7521699999999923,0.2504339999999985
0.7538399999999923,0.2507679999999985
0.7555099999999922,0.25110199999999844
0.7571799999999922,0.25143599999999844
0.7588499999999921,0.2517699999999985
0.7605199999999921,0.25210399999999844
0.762189999999992,0.2524379999999984
0.763859999999992,0.2527719999999984
0.7655299999999919,0.25310599999999844
0.7671999999999919,0.25343999999999844
0.7688699999999918,0.2537739999999983
0.7705399999999918,0.2541079999999984
0.7722099999999917,0.2544419999999984
0.7738799999999917,0.25477599999999834
0.7755499999999916,0.2551099999999983
0.7772199999999916,0.25544399999999834
0.7788899999999915,0.2557779999999984
0.7805599999999915,0.2561119999999983
0.7822299999999914,0.25644599999999823
0.7838999999999914,0.25677999999999834
0.7855699999999913,0.2571139999999983
0.7872399999999913,0.2574479999999983
0.7889099999999912,0.25778199999999823
0.7905799999999912,0.25811599999999824
0.7922499999999911,0.2584499999999983
0.7939199999999911,0.25878399999999824
0.795589999999991,0.2591179999999982
0.797259999999991,0.2594519999999982
0.7989299999999909,0.25978599999999824
0.8005999999999909,0.26011999999999824
0.8022699999999908,0.2604539999999981
0.8039399999999908,0.2607879999999982
0.8056099999999907,0.2611219999999982
0.8072799999999907,0.26145599999999813
0.8089499999999906,0.2617899999999981
0.8106199999999906,0.26212399999999814
0.8122899999999905,0.2624579999999982
0.8139599999999905,0.2627919999999981
0.8156299999999904,0.26312599999999803
0.8172999999999904,0.26345999999999814
0.8189699999999903,0.26379399999999814
0.8206399999999903,0.2641279999999981
0.8223099999999902,0.26446199999999803
0.8239799999999902,0.26479599999999803
0.8256499999999901,0.2651299999999981
0.8273199999999901,0.26546399999999803
0.82898999999999,0.265797999999998
0.83065999999999,0.266131999999998
0.8323299999999899,0.26646599999999804
0.8339999999999899,0.26679999999999804
0.8356699999999898,0.26713399999999793
0.8373399999999898,0.267467999999998
0.8390099999999897,0.267801999999998
0.8406799999999897,0.26813599999999793
0.8423499999999896,0.2684699999999979
0.8440199999999896,0.26880399999999793
0.8456899999999895,0.269137999999998
0.8473599999999895,0.2694719999999979
0.8490299999999894,0.2698059999999978
0.8506999999999894,0.27013999999999794
0.8523699999999893,0.27047399999999794
0.8540399999999893,0.2708079999999979
0.8557099999999892,0.2711419999999978
0.8573799999999892,0.27147599999999783
0.8590499999999891,0.2718099999999979
0.860719999999989,0.27214399999999783
0.862389999999989,0.2724779999999978
0.864059999999989,0.2728119999999978
0.8657299999999889,0.27314599999999783
0.8673999999999888,0.2734799999999977
0.8690699999999888,0.2738139999999977
0.8707399999999887,0.2741479999999978
0.8724099999999887,0.2744819999999978
0.8740799999999886,0.27481599999999773
0.8757499999999886,0.2751499999999977
0.8774199999999885,0.27548399999999773
0.8790899999999885,0.27581799999999773
0.8807599999999884,0.2761519999999977
0.8824299999999884,0.2764859999999976
0.8840999999999883,0.2768199999999976
0.8857699999999883,0.2771539999999977
0.8874399999999882,0.2774879999999977
0.8891099999999882,0.27782199999999757
0.8907799999999881,0.2781559999999976
0.8924499999999881,0.2784899999999977
0.894119999999988,0.27882399999999763
0.895789999999988,0.2791579999999976
0.8974599999999879,0.2794919999999976
0.8991299999999879,0.2798259999999976
0.9007999999999878,0.2801599999999975
0.9024699999999878,0.28049399999999747
0.9041399999999877,0.2808279999999975
0.9058099999999877,0.2811619999999976
0.9074799999999876,0.2814959999999975
0.9091499999999876,0.28182999999999747
0.9108199999999875,0.28216399999999753
0.9124899999999875,0.28249799999999753
0.9141599999999874,0.2828319999999975
0.9158299999999874,0.2831659999999974
0.9174999999999873,0.2834999999999974
0.9191699999999873,0.2838339999999975
0.9208399999999872,0.2841679999999974
0.9225099999999872,0.28450199999999737
0.9241799999999871,0.2848359999999974
0.9258499999999871,0.2851699999999975
0.927519999999987,0.2855039999999974
0.929189999999987,0.28583799999999737
0.9308599999999869,0.2861719999999974
0.9325299999999869,0.2865059999999974
0.9341999999999868,0.2868399999999973
0.9358699999999868,0.28717399999999726
0.9375399999999867,0.2875079999999973
0.9392099999999867,0.2878419999999974
0.9408799999999866,0.2881759999999973
0.9425499999999866,0.28850999999999727
0.9442199999999865,0.2888439999999973
0.9458899999999865,0.2891779999999973
0.9475599999999864,0.28951199999999727
0.9492299999999864,0.2898459999999972
0.9508999999999863,0.2901799999999972
0.9525699999999863,0.2905139999999973
0.9542399999999862,0.2908479999999972
0.9559099999999862,0.29118199999999717
0.9575799999999861,0.2915159999999972
0.9592499999999861,0.2918499999999973
0.960919999999986,0.2921839999999972
0.962589999999986,0.29251799999999717
0.9642599999999859,0.29285199999999717
0.9659299999999859,0.29318599999999717
0.9675999999999858,0.2935199999999971
0.9692699999999858,0.29385399999999706
0.9709399999999857,0.2941879999999971
0.9726099999999857,0.2945219999999972
0.9742799999999856,0.2948559999999971
0.9759499999999856,0.29518999999999707
0.9776199999999855,0.2955239999999971
0.9792899999999854,0.2958579999999971
0.9809599999999854,0.29619199999999707
0.9826299999999853,0.296525999999997
0.9842999999999853,0.296859999999997
0.9859699999999852,0.29719399999999707
0.9876399999999852,0.297527999999997
0.9893099999999851,0.29786199999999696
0.9909799999999851,0.298195999999997
0.992649999999985,0.2985299999999971
0.994319999999985,0.298863999999997
0.9959899999999849,0.29919799999999697
0.9976599999999849,0.29953199999999697
0.9993299999999848,0.29986599999999697
1.0009999999999848,0.300199999999997
1.0026699999999849,0.30053399999999697
1.004339999999985,0.30086799999999697
1.006009999999985,0.30120199999999697
1.007679999999985,0.3015359999999969
1.009349999999985,0.3018699999999971
1.0110199999999852,0.30220399999999703
1.0126899999999852,0.30253799999999703
1.0143599999999853,0.30287199999999703
1.0160299999999853,0.303205999999997
1.0176999999999854,0.30353999999999715
1.0193699999999855,0.3038739999999971
1.0210399999999855,0.3042079999999971
1.0227099999999856,0.3045419999999971
1.0243799999999856,0.30487599999999704
1.0260499999999857,0.3052099999999972
1.0277199999999858,0.30554399999999715
1.0293899999999858,0.30587799999999715
1.0310599999999859,0.30621199999999715
1.032729999999986,0.3065459999999971
1.034399999999986,0.30687999999999727
1.036069999999986,0.3072139999999972
1.0377399999999861,0.3075479999999972
1.0394099999999862,0.3078819999999972
1.0410799999999862,0.30821599999999716
1.0427499999999863,0.3085499999999973
1.0444199999999864,0.30888399999999727
1.0460899999999864,0.3092179999999973
1.0477599999999865,0.3095519999999973
1.0494299999999865,0.3098859999999972
1.0510999999999866,0.3102199999999974
1.0527699999999867,0.31055399999999733
1.0544399999999867,0.31088799999999733
1.0561099999999868,0.31122199999999733
1.0577799999999868,0.3115559999999973
1.059449999999987,0.31188999999999745
1.061119999999987,0.3122239999999974
1.062789999999987,0.3125579999999974
1.064459999999987,0.3128919999999974
1.0661299999999871,0.31322599999999734
1.0677999999999872,0.3135599999999975
1.0694699999999873,0.31389399999999745
1.0711399999999873,0.31422799999999745
1.0728099999999874,0.31456199999999745
1.0744799999999874,0.3148959999999974
1.0761499999999875,0.31522999999999757
1.0778199999999876,0.3155639999999975
1.0794899999999876,0.3158979999999975
1.0811599999999877,0.3162319999999975
1.0828299999999877,0.31656599999999746
1.0844999999999878,0.31689999999999763
1.0861699999999879,0.3172339999999976
1.087839999999988,0.3175679999999976
1.089509999999988,0.3179019999999976
1.091179999999988,0.3182359999999975
1.092849999999988,0.3185699999999977
1.0945199999999882,0.31890399999999763
1.0961899999999882,0.31923799999999763
1.0978599999999883,0.31957199999999764
1.0995299999999884,0.3199059999999976
1.1011999999999884,0.3202399999999977
1.1028699999999885,0.3205739999999977
1.1045399999999885,0.3209079999999977
1.1062099999999886,0.3212419999999977
1.1078799999999887,0.32157599999999764
1.1095499999999887,0.32190999999999775
1.1112199999999888,0.32224399999999775
1.1128899999999888,0.32257799999999776
1.114559999999989,0.32291199999999776
1.116229999999989,0.3232459999999977
1.117899999999989,0.3235799999999978
1.119569999999989,0.3239139999999978
1.1212399999999891,0.3242479999999978
1.1229099999999892,0.3245819999999978
1.1245799999999893,0.32491599999999776
1.1262499999999893,0.3252499999999979
1.1279199999999894,0.3255839999999979
1.1295899999999894,0.3259179999999979
1.1312599999999895,0.3262519999999979
1.1329299999999896,0.3265859999999978
1.1345999999999896,0.32691999999999793
1.1362699999999897,0.32725399999999794
1.1379399999999897,0.32758799999999794
1.1396099999999898,0.32792199999999794
1.1412799999999899,0.3282559999999979
1.14294999999999,0.328589999999998
1.14461999999999,0.328923999999998
1.14628999999999,0.329257999999998
1.14795999999999,0.329591999999998
1.1496299999999902,0.32992599999999794
1.1512999999999902,0.33025999999999806
1.1529699999999903,0.33059399999999806
1.1546399999999903,0.33092799999999806
1.1563099999999904,0.33126199999999806
1.1579799999999905,0.331595999999998
1.1596499999999905,0.3319299999999981
1.1613199999999906,0.3322639999999981
1.1629899999999906,0.3325979999999981
1.1646599999999907,0.3329319999999981
1.1663299999999908,0.33326599999999806
1.1679999999999908,0.3335999999999982
1.1696699999999909,0.3339339999999982
1.171339999999991,0.3342679999999982
1.173009999999991,0.3346019999999982
1.174679999999991,0.3349359999999981
1.1763499999999911,0.33526999999999824
1.1780199999999912,0.33560399999999824
1.1796899999999912,0.33593799999999824
1.1813599999999913,0.33627199999999824
1.1830299999999914,0.3366059999999982
1.1846999999999914,0.3369399999999983
1.1863699999999915,0.3372739999999983
1.1880399999999915,0.3376079999999983
1.1897099999999916,0.3379419999999983
1.1913799999999917,0.33827599999999824
1.1930499999999917,0.33860999999999836
1.1947199999999918,0.33894399999999836
1.1963899999999918,0.33927799999999836
1.198059999999992,0.33961199999999836
1.199729999999992,0.3399459999999983
1.201399999999992,0.3402799999999984
1.203069999999992,0.3406139999999984
1.2047399999999922,0.3409479999999984
1.2064099999999922,0.3412819999999984
1.2080799999999923,0.34161599999999837
1.2097499999999923,0.34194999999999837
1.2114199999999924,0.3422839999999985
1.2130899999999925,0.3426179999999985
1.2147599999999925,0.3429519999999985
1.2164299999999926,0.3432859999999984
1.2180999999999926,0.3436199999999984
1.2197699999999927,0.34395399999999854
1.2214399999999928,0.34428799999999854
1.2231099999999928,0.34462199999999854
1.2247799999999929,0.3449559999999985
1.226449999999993,0.3452899999999985
1.228119999999993,0.3456239999999986
1.229789999999993,0.3459579999999986
1.2314599999999931,0.3462919999999986
1.2331299999999932,0.34662599999999855
1.2347999999999932,0.34695999999999855
1.2364699999999933,0.34729399999999866
1.2381399999999934,0.34762799999999866
1.2398099999999934,0.34796199999999866
1.2414799999999935,0.3482959999999986
1.2431499999999935,0.3486299999999986
1.2448199999999936,0.3489639999999987
1.2464899999999937,0.3492979999999987
1.2481599999999937,0.3496319999999987
1.2498299999999938,0.34996599999999867
1.2514999999999938,0.35029999999999867
1.253169999999994,0.3506339999999988
1.254839999999994,0.3509679999999988
1.256509999999994,0.3513019999999988
1.258179999999994,0.3516359999999987
1.2598499999999941,0.35196999999999873
1.2615199999999942,0.35230399999999884
1.2631899999999943,0.35263799999999884
1.2648599999999943,0.35297199999999884
1.2665299999999944,0.3533059999999988
1.2681999999999944,0.3536399999999988
1.2698699999999945,0.3539739999999989
1.2715399999999946,0.3543079999999989
1.2732099999999946,0.3546419999999989
1.2748799999999947,0.35497599999999885
1.2765499999999947,0.35530999999999885
1.2782199999999948,0.35564399999999896
1.2798899999999949,0.35597799999999896
1.281559999999995,0.35631199999999896
1.283229999999995,0.3566459999999989
1.284899999999995,0.356979999999999
1.286569999999995,0.357313999999999
1.2882399999999952,0.357647999999999
1.2899099999999952,0.357981999999999
1.2915799999999953,0.35831599999999897
1.2932499999999953,0.3586499999999991
1.2949199999999954,0.3589839999999991
1.2965899999999955,0.3593179999999991
1.2982599999999955,0.3596519999999991
1.2999299999999956,0.35998599999999903
1.3015999999999956,0.36031999999999914
1.3032699999999957,0.36065399999999914
1.3049399999999958,0.36098799999999914
1.3066099999999958,0.3613219999999991
1.308279999999996,0.3616559999999991
1.309949999999996,0.3619899999999992
1.311619999999996,0.3623239999999992
1.313289999999996,0.36265799999999915
1.3149599999999961,0.3629919999999992
1.3166299999999962,0.36332599999999915
1.3182999999999963,0.36365999999999926
1.3199699999999963,0.36399399999999926
1.3216399999999964,0.3643279999999992
1.3233099999999964,0.36466199999999926
1.3249799999999965,0.3649959999999992
1.3266499999999966,0.3653299999999993
1.3283199999999966,0.3656639999999993
1.3299899999999967,0.36599799999999927
1.3316599999999967,0.3663319999999993
1.3333299999999968,0.36666599999999927
1.3349999999999969,0.3669999999999994
1.336669999999997,0.3673339999999994
1.338339999999997,0.36766799999999933
1.340009999999997,0.3680019999999994
1.341679999999997,0.36833599999999933
1.3433499999999972,0.36866999999999944
1.3450199999999972,0.36900399999999944
1.3466899999999973,0.3693379999999994
1.3483599999999973,0.36967199999999945
1.3500299999999974,0.3700059999999994
1.3516999999999975,0.3703399999999995
1.3533699999999975,0.3706739999999995
1.3550399999999976,0.37100799999999945
1.3567099999999976,0.37134199999999945
1.3583799999999977,0.37167599999999956
1.3600499999999978,0.37200999999999956
1.3617199999999978,0.37234399999999956
1.3633899999999979,0.3726779999999995
1.365059999999998,0.3730119999999995
1.366729999999998,0.3733459999999996
1.368399999999998,0.3736799999999996
1.3700699999999981,0.3740139999999996
1.3717399999999982,0.37434799999999957
1.3734099999999982,0.37468199999999957
1.3750799999999983,0.3750159999999997
1.3767499999999984,0.3753499999999997
1.3784199999999984,0.3756839999999997
1.3800899999999985,0.37601799999999963
1.3817599999999985,0.37635199999999963
1.3834299999999986,0.37668599999999974
1.3850999999999987,0.37701999999999974
1.3867699999999987,0.37735399999999975
1.3884399999999988,0.3776879999999997
1.3901099999999988,0.3780219999999997
1.391779999999999,0.3783559999999998
1.393449999999999,0.3786899999999998
1.395119999999999,0.3790239999999998
1.396789999999999,0.37935799999999975
1.3984599999999991,0.37969199999999986
1.4001299999999992,0.38002599999999986
1.4017999999999993,0.38035999999999986
1.4034699999999993,0.38069399999999987
1.4051399999999994,0.3810279999999998
1.4068099999999994,0.3813619999999999
1.4084799999999995,0.3816959999999999
1.4101499999999996,0.3820299999999999
1.4118199999999996,0.3823639999999999
1.4134899999999997,0.38269799999999987
1.4151599999999998,0.383032
1.4168299999999998,0.383366
1.4184999999999999,0.3837
1.42017,0.384034
1.42184,0.38436799999999993
1.42351,0.38470200000000004
1.4251800000000001,0.38503600000000004
1.4268500000000002,0.38537000000000005
1.4285200000000002,0.38570400000000005
1.4301900000000003,0.386038
1.4318600000000004,0.3863720000000001
1.4335300000000004,0.3867060000000001
1.4352000000000005,0.3870400000000001
1.4368700000000005,0.3873740000000001
1.4385400000000006,0.38770800000000005
1.4402100000000007,0.38804200000000016
1.4418800000000007,0.38837600000000017
1.4435500000000008,0.38871000000000017
1.4452200000000008,0.38904400000000017
1.446890000000001,0.3893780000000001
1.448560000000001,0.3897120000000002
1.450230000000001,0.3900460000000002
1.451900000000001,0.3903800000000002
1.4535700000000011,0.39071400000000023
1.4552400000000012,0.3910480000000002
1.4569100000000013,0.3913820000000003
1.4585800000000013,0.3917160000000003
1.4602500000000014,0.3920500000000003
1.4619200000000014,0.3923840000000003
1.4635900000000015,0.39271800000000023
1.4652600000000016,0.39305200000000035
1.4669300000000016,0.39338600000000035
1.4686000000000017,0.39372000000000035
1.4702700000000017,0.39405400000000035
1.4719400000000018,0.3943880000000003
1.4736100000000019,0.3947220000000004
1.475280000000002,0.3950560000000004
1.476950000000002,0.3953900000000004
1.478620000000002,0.3957240000000004
1.480290000000002,0.39605800000000035
1.4819600000000022,0.39639200000000047
1.4836300000000022,0.39672600000000047
1.4853000000000023,0.39706000000000047
1.4869700000000023,0.39739400000000047
1.4886400000000024,0.3977280000000005
1.4903100000000025,0.3980620000000005
1.4919800000000025,0.3983960000000005
1.4936500000000026,0.39873000000000053
1.4953200000000026,0.39906400000000053
1.4969900000000027,0.3993980000000006
1.4986600000000028,0.3997320000000006
1.5003300000000028,0.4000330000000002
1.5020000000000029,0.40020000000000033
1.503670000000003,0.4003670000000004
1.505340000000003,0.40053400000000033
1.507010000000003,0.4007010000000002
1.5086800000000031,0.40086800000000034
1.5103500000000032,0.4010350000000005
1.5120200000000033,0.40120200000000034
1.5136900000000033,0.40136900000000025
1.5153600000000034,0.40153600000000034
1.5170300000000034,0.4017030000000005
1.5187000000000035,0.4018700000000004
1.5203700000000036,0.40203700000000026
1.5220400000000036,0.4022040000000004
1.5237100000000037,0.4023710000000005
1.5253800000000037,0.4025380000000004
1.5270500000000038,0.4027050000000003
1.5287200000000039,0.4028720000000004
1.530390000000004,0.40303900000000054
1.532060000000004,0.4032060000000004
1.533730000000004,0.4033730000000003
1.535400000000004,0.40354000000000045
1.5370700000000042,0.40370700000000054
1.5387400000000042,0.40387400000000045
1.5404100000000043,0.4040410000000003
1.5420800000000043,0.40420800000000046
1.5437500000000044,0.4043750000000006
1.5454200000000045,0.40454200000000046
1.5470900000000045,0.4047090000000004
1.5487600000000046,0.40487600000000046
1.5504300000000046,0.4050430000000006
1.5521000000000047,0.4052100000000005
1.5537700000000048,0.4053770000000004
1.5554400000000048,0.4055440000000005
1.5571100000000049,0.4057110000000006
1.558780000000005,0.4058780000000005
1.560450000000005,0.40604500000000043
1.562120000000005,0.4062120000000005
1.5637900000000051,0.40637900000000066
1.5654600000000052,0.4065460000000005
1.5671300000000052,0.40671300000000044
1.5688000000000053,0.4068800000000006
1.5704700000000054,0.40704700000000066
1.5721400000000054,0.4072140000000006
1.5738100000000055,0.40738100000000044
1.5754800000000055,0.4075480000000006
1.5771500000000056,0.4077150000000007
1.5788200000000057,0.4078820000000006
1.5804900000000057,0.4080490000000005
1.5821600000000058,0.4082160000000006
1.5838300000000058,0.4083830000000007
1.585500000000006,0.40855000000000063
1.587170000000006,0.4087170000000005
1.588840000000006,0.40888400000000064
1.590510000000006,0.4090510000000007
1.5921800000000061,0.40921800000000064
1.5938500000000062,0.40938500000000044
1.5955200000000063,0.4095520000000005
1.5971900000000063,0.40971900000000067
1.5988600000000064,0.4098860000000005
1.6005300000000064,0.41005300000000044
1.6022000000000065,0.4102200000000006
1.6038700000000066,0.41038700000000067
1.6055400000000066,0.4105540000000006
1.6072100000000067,0.4107210000000005
1.6088800000000067,0.4108880000000006
1.6105500000000068,0.4110550000000007
1.6122200000000069,0.4112220000000006
1.613890000000007,0.4113890000000005
1.615560000000007,0.41155600000000064
1.617230000000007,0.4117230000000007
1.6189000000000071,0.41189000000000064
1.6205700000000072,0.4120570000000005
1.6222400000000072,0.41222400000000065
1.6239100000000073,0.4123910000000008
1.6255800000000074,0.41255800000000065
1.6272500000000074,0.41272500000000056
1.6289200000000075,0.41289200000000065
1.6305900000000075,0.4130590000000008
1.6322600000000076,0.4132260000000007
1.6339300000000077,0.41339300000000057
1.6356000000000077,0.4135600000000007
1.6372700000000078,0.4137270000000008
1.6389400000000078,0.4138940000000007
1.640610000000008,0.4140610000000006
1.642280000000008,0.4142280000000007
1.643950000000008,0.41439500000000085
1.645620000000008,0.4145620000000007
1.6472900000000081,0.4147290000000006
1.6489600000000082,0.41489600000000076
1.6506300000000083,0.41506300000000085
1.6523000000000083,0.41523000000000077
1.6539700000000084,0.4153970000000007
1.6556400000000084,0.41556400000000077
1.6573100000000085,0.4157310000000009
1.6589800000000086,0.41589800000000077
1.6606500000000086,0.4160650000000007
1.6623200000000087,0.4162320000000008
1.6639900000000087,0.4163990000000009
1.6656600000000088,0.4165660000000008
1.6673300000000089,0.4167330000000007
1.669000000000009,0.4169000000000008
1.670670000000009,0.41706700000000096
1.672340000000009,0.4172340000000008
1.674010000000009,0.41740100000000074
1.6756800000000092,0.4175680000000008
1.6773500000000092,0.41773500000000097
1.6790200000000093,0.4179020000000009
1.6806900000000093,0.41806900000000075
1.6823600000000094,0.4182360000000009
1.6840300000000095,0.41840300000000097
1.6857000000000095,0.4185700000000009
1.6873700000000096,0.4187370000000008
1.6890400000000096,0.4189040000000009
1.6907100000000097,0.419071000000001
1.6923800000000098,0.4192380000000009
1.6940500000000098,0.4194050000000008
1.6957200000000099,0.41957200000000094
1.69739000000001,0.41973900000000103
1.69906000000001,0.41990600000000095
1.70073000000001,0.4200730000000008
1.7024000000000101,0.42024000000000095
1.7040700000000102,0.4204070000000011
1.7057400000000102,0.42057400000000095
1.7074100000000103,0.42074100000000086
1.7090800000000104,0.42090800000000095
1.7107500000000104,0.4210750000000011
1.7124200000000105,0.421242000000001
1.7140900000000105,0.42140900000000087
1.7157600000000106,0.421576000000001
1.7174300000000107,0.4217430000000011
1.7191000000000107,0.421910000000001
1.7207700000000108,0.4220770000000009
1.7224400000000109,0.422244000000001
1.724110000000011,0.42241100000000115
1.725780000000011,0.422578000000001
1.727450000000011,0.4227450000000009
1.729120000000011,0.42291200000000106
1.7307900000000112,0.42307900000000115
1.7324600000000112,0.42324600000000107
1.7341300000000113,0.4234130000000009
1.7358000000000113,0.42358000000000107
1.7374700000000114,0.4237470000000012
1.7391400000000115,0.42391400000000107
1.7408100000000115,0.424081000000001
1.7424800000000116,0.42424800000000107
1.7441500000000116,0.4244150000000012
1.7458200000000117,0.4245820000000011
1.7474900000000118,0.424749000000001
1.7491600000000118,0.4249160000000011
1.7508300000000119,0.4250830000000012
1.752500000000012,0.4252500000000011
1.754170000000012,0.42541700000000104
1.755840000000012,0.42558400000000113
1.7575100000000121,0.42575100000000127
1.7591800000000122,0.42591800000000113
1.7608500000000122,0.42608500000000105
1.7625200000000123,0.4262520000000012
1.7641900000000124,0.42641900000000127
1.7658600000000124,0.4265860000000012
1.7675300000000125,0.42675300000000105
1.7692000000000125,0.4269200000000012
1.7708700000000126,0.4270870000000013
1.7725400000000127,0.4272540000000012
1.7742100000000127,0.4274210000000011
1.7758800000000128,0.4275880000000012
1.7775500000000128,0.42775500000000133
1.779220000000013,0.42792200000000125
1.780890000000013,0.4280890000000011
1.782560000000013,0.42825600000000125
1.784230000000013,0.42842300000000133
1.7859000000000131,0.42859000000000125
1.7875700000000132,0.42875700000000116
1.7892400000000133,0.42892400000000125
1.7909100000000133,0.4290910000000014
1.7925800000000134,0.42925800000000125
1.7942500000000134,0.42942500000000117
1.7959200000000135,0.4295920000000013
1.7975900000000136,0.4297590000000014
1.7992600000000136,0.4299260000000013
1.8009300000000137,0.43009300000000117
1.8026000000000137,0.4302600000000013
1.8042700000000138,0.43042700000000145
1.8059400000000139,0.4305940000000013
1.807610000000014,0.4307610000000011
1.809280000000014,0.4309280000000012
1.810950000000014,0.43109500000000134
1.812620000000014,0.43126200000000126
1.8142900000000142,0.4314290000000011
1.8159600000000142,0.43159600000000126
1.8176300000000143,0.43176300000000134
1.8193000000000144,0.43193000000000126
1.8209700000000144,0.4320970000000012
1.8226400000000145,0.43226400000000126
1.8243100000000145,0.4324310000000014
1.8259800000000146,0.43259800000000126
1.8276500000000147,0.4327650000000012
1.8293200000000147,0.4329320000000013
1.8309900000000148,0.4330990000000014
1.8326600000000148,0.4332660000000013
1.834330000000015,0.4334330000000012
1.836000000000015,0.4336000000000013
1.837670000000015,0.43376700000000146
1.839340000000015,0.4339340000000013
1.8410100000000151,0.43410100000000124
1.8426800000000152,0.4342680000000013
1.8443500000000153,0.43443500000000146
1.8460200000000153,0.4346020000000014
1.8476900000000154,0.43476900000000124
1.8493600000000154,0.4349360000000014
1.8510300000000155,0.43510300000000146
1.8527000000000156,0.4352700000000014
1.8543700000000156,0.4354370000000013
1.8560400000000157,0.4356040000000014
1.8577100000000157,0.4357710000000015
1.8593800000000158,0.43593800000000144
1.8610500000000159,0.4361050000000013
1.862720000000016,0.43627200000000144
1.864390000000016,0.4364390000000015
1.866060000000016,0.43660600000000144
1.867730000000016,0.43677300000000135
1.8694000000000162,0.43694000000000144
1.8710700000000162,0.4371070000000016
1.8727400000000163,0.43727400000000144
1.8744100000000163,0.43744100000000136
1.8760800000000164,0.4376080000000015
1.8777500000000165,0.4377750000000016
1.8794200000000165,0.4379420000000015
1.8810900000000166,0.43810900000000136
1.8827600000000166,0.4382760000000015
1.8844300000000167,0.43844300000000164
1.8861000000000168,0.4386100000000015
1.8877700000000168,0.4387770000000014
1.8894400000000169,0.4389440000000015
1.891110000000017,0.43911100000000164
1.892780000000017,0.43927800000000156
1.894450000000017,0.4394450000000014
1.8961200000000171,0.43961200000000156
1.8977900000000172,0.43977900000000164
1.8994600000000172,0.43994600000000156
1.9011300000000173,0.4401130000000015
1.9028000000000174,0.44028000000000156
1.9044700000000174,0.4404470000000017
1.9061400000000175,0.4406140000000016
1.9078100000000175,0.4407810000000015
1.9094800000000176,0.4409480000000016
1.9111500000000177,0.4411150000000017
1.9128200000000177,0.4412820000000016
1.9144900000000178,0.44144900000000153
1.9161600000000178,0.4416160000000016
1.917830000000018,0.44178300000000176
1.919500000000018,0.4419500000000016
1.921170000000018,0.44211700000000154
1.922840000000018,0.4422840000000017
1.9245100000000182,0.44245100000000176
1.9261800000000182,0.4426180000000017
1.9278500000000183,0.44278500000000154
1.9295200000000183,0.4429520000000017
1.9311900000000184,0.4431190000000018
1.9328600000000185,0.4432860000000017
1.9345300000000185,0.4434530000000016
1.9362000000000186,0.4436200000000017
1.9378700000000186,0.4437870000000018
1.9395400000000187,0.44395400000000174
1.9412100000000188,0.4441210000000016
1.9428800000000188,0.44428800000000174
1.9445500000000189,0.4444550000000018
1.946220000000019,0.44462200000000174
1.947890000000019,0.44478900000000166
1.949560000000019,0.44495600000000174
1.9512300000000191,0.4451230000000019
1.9529000000000192,0.44529000000000174
1.9545700000000192,0.44545700000000166
1.9562400000000193,0.4456240000000018
1.9579100000000194,0.4457910000000019
1.9595800000000194,0.4459580000000018
1.9612500000000195,0.44612500000000166
1.9629200000000195,0.4462920000000018
1.9645900000000196,0.44645900000000194
1.9662600000000197,0.4466260000000018
1.9679300000000197,0.4467930000000017
1.9696000000000198,0.4469600000000018
1.9712700000000198,0.44712700000000194
1.97294000000002,0.44729400000000186
1.97461000000002,0.4474610000000017
1.97628000000002,0.44762800000000186
1.97795000000002,0.44779500000000194
1.9796200000000201,0.44796200000000186
1.9812900000000202,0.4481290000000018
1.9829600000000203,0.44829600000000186
1.9846300000000203,0.448463000000002
1.9863000000000204,0.44863000000000186
1.9879700000000204,0.4487970000000018
1.9896400000000205,0.4489640000000019
1.9913100000000206,0.449131000000002
1.9929800000000206,0.4492980000000019
1.9946500000000207,0.44946500000000167
1.9963200000000207,0.4496320000000018
1.9979900000000208,0.44979900000000195
1.9996600000000209,0.4499660000000018
2.0013300000000207,0.4501330000000018
2.0030000000000205,0.4503000000000018
2.0046700000000204,0.4504670000000017
2.00634000000002,0.45063400000000176
2.00801000000002,0.4508010000000018
2.00968000000002,0.4509680000000017
2.0113500000000197,0.45113500000000173
2.0130200000000196,0.45130200000000165
2.0146900000000194,0.4514690000000017
2.0163600000000192,0.4516360000000017
2.018030000000019,0.4518030000000016
2.019700000000019,0.45197000000000165
2.0213700000000188,0.45213700000000157
2.0230400000000186,0.4523040000000016
2.0247100000000184,0.4524710000000016
2.0263800000000183,0.45263800000000154
2.028050000000018,0.45280500000000157
2.029720000000018,0.4529720000000015
2.031390000000018,0.4531390000000015
2.0330600000000176,0.45330600000000154
2.0347300000000175,0.45347300000000146
2.0364000000000173,0.4536400000000015
2.038070000000017,0.4538070000000014
2.039740000000017,0.45397400000000143
2.041410000000017,0.45414100000000146
2.0430800000000167,0.4543080000000014
2.0447500000000165,0.4544750000000014
2.0464200000000163,0.4546420000000013
2.048090000000016,0.45480900000000135
2.049760000000016,0.4549760000000014
2.051430000000016,0.4551430000000013
2.0531000000000157,0.4553100000000013
2.0547700000000155,0.45547700000000124
2.0564400000000154,0.45564400000000127
2.058110000000015,0.4558110000000013
2.059780000000015,0.4559780000000012
2.061450000000015,0.45614500000000124
2.0631200000000147,0.45631200000000116
2.0647900000000146,0.4564790000000012
2.0664600000000144,0.4566460000000012
2.0681300000000142,0.45681300000000113
2.069800000000014,0.45698000000000116
2.071470000000014,0.4571470000000011
2.0731400000000137,0.4573140000000011
2.0748100000000136,0.45748100000000114
2.0764800000000134,0.45764800000000105
2.0781500000000133,0.4578150000000011
2.079820000000013,0.457982000000001
2.081490000000013,0.458149000000001
2.083160000000013,0.45831600000000106
2.0848300000000126,0.458483000000001
2.0865000000000125,0.458650000000001
2.0881700000000123,0.4588170000000009
2.089840000000012,0.45898400000000095
2.091510000000012,0.459151000000001
2.093180000000012,0.4593180000000009
2.0948500000000116,0.4594850000000009
2.0965200000000115,0.45965200000000084
2.0981900000000113,0.45981900000000087
2.099860000000011,0.4599860000000009
2.101530000000011,0.4601530000000008
2.103200000000011,0.46032000000000084
2.1048700000000107,0.46048700000000076
2.1065400000000105,0.4606540000000008
2.1082100000000104,0.4608210000000008
2.10988000000001,0.46098800000000073
2.11155000000001,0.46115500000000076
2.11322000000001,0.4613220000000007
2.1148900000000097,0.4614890000000007
2.1165600000000095,0.46165600000000073
2.1182300000000094,0.46182300000000065
2.119900000000009,0.4619900000000007
2.121570000000009,0.4621570000000006
2.123240000000009,0.4623240000000006
2.1249100000000087,0.46249100000000065
2.1265800000000086,0.46265800000000057
2.1282500000000084,0.4628250000000006
2.1299200000000083,0.4629920000000005
2.131590000000008,0.46315900000000054
2.133260000000008,0.46332600000000057
2.1349300000000078,0.4634930000000005
2.1366000000000076,0.4636600000000005
2.1382700000000074,0.46382700000000043
2.1399400000000073,0.46399400000000046
2.141610000000007,0.4641610000000005
2.143280000000007,0.4643280000000004
2.144950000000007,0.46449500000000044
2.1466200000000066,0.46466200000000035
2.1482900000000065,0.4648290000000004
2.1499600000000063,0.4649960000000004
2.151630000000006,0.4651630000000003
2.153300000000006,0.46533000000000035
2.154970000000006,0.46549700000000027
2.1566400000000057,0.4656640000000003
2.1583100000000055,0.46583100000000033
2.1599800000000053,0.46599800000000025
2.161650000000005,0.4661650000000003
2.163320000000005,0.4663320000000002
2.164990000000005,0.4664990000000002
2.1666600000000047,0.46666600000000025
2.1683300000000045,0.46683300000000016
2.1700000000000044,0.4670000000000002
2.171670000000004,0.4671670000000001
2.173340000000004,0.46733400000000014
2.175010000000004,0.46750100000000017
2.1766800000000037,0.4676680000000001
2.1783500000000036,0.4678350000000001
2.1800200000000034,0.46800200000000003
2.1816900000000032,0.46816900000000006
2.183360000000003,0.4683360000000001
2.185030000000003,0.468503
2.1867000000000028,0.46867000000000003
2.1883700000000026,0.46883699999999995
2.1900400000000024,0.469004
2.1917100000000023,0.469171
2.193380000000002,0.4693379999999999
2.195050000000002,0.46950499999999995
2.196720000000002,0.46967199999999987
2.1983900000000016,0.4698389999999999
2.2000600000000015,0.4700059999999999
2.2017300000000013,0.47017299999999984
2.203400000000001,0.47033999999999987
2.205070000000001,0.4705069999999999
2.206740000000001,0.4706739999999998
2.2084100000000007,0.47084099999999984
2.2100800000000005,0.47100799999999976
2.2117500000000003,0.4711749999999998
2.21342,0.4713419999999998
2.21509,0.47150899999999973
2.21676,0.47167599999999976
2.2184299999999997,0.4718429999999997
2.2200999999999995,0.4720099999999997
2.2217699999999994,0.47217699999999974
2.223439999999999,0.47234399999999965
2.225109999999999,0.4725109999999997
2.226779999999999,0.4726779999999996
2.2284499999999987,0.4728449999999996
2.2301199999999985,0.47301199999999965
2.2317899999999984,0.47317899999999957
2.2334599999999982,0.4733459999999996
2.235129999999998,0.4735129999999995
2.236799999999998,0.47367999999999955
2.2384699999999977,0.4738469999999996
2.2401399999999976,0.4740139999999995
2.2418099999999974,0.4741809999999995
2.2434799999999973,0.47434799999999944
2.245149999999997,0.47451499999999946
2.246819999999997,0.4746819999999995
2.2484899999999968,0.4748489999999994
2.2501599999999966,0.47501599999999944
2.2518299999999964,0.47518299999999936
2.2534999999999963,0.4753499999999994
2.255169999999996,0.4755169999999994
2.256839999999996,0.47568399999999933
2.258509999999996,0.47585099999999936
2.2601799999999956,0.4760179999999993
2.2618499999999955,0.4761849999999993
2.2635199999999953,0.47635199999999933
2.265189999999995,0.47651899999999925
2.266859999999995,0.4766859999999993
2.268529999999995,0.4768529999999992
2.2701999999999947,0.4770199999999992
2.2718699999999945,0.47718699999999925
2.2735399999999943,0.47735399999999917
2.275209999999994,0.4775209999999992
2.276879999999994,0.4776879999999991
2.278549999999994,0.47785499999999914
2.2802199999999937,0.47802199999999906
2.2818899999999935,0.4781889999999991
2.2835599999999934,0.4783559999999991
2.285229999999993,0.47852299999999903
2.286899999999993,0.47868999999999906
2.288569999999993,0.478856999999999
2.2902399999999927,0.479023999999999
2.2919099999999926,0.47919099999999903
2.2935799999999924,0.47935799999999895
2.2952499999999922,0.479524999999999
2.296919999999992,0.4796919999999989
2.298589999999992,0.4798589999999989
2.3002599999999918,0.48002599999999895
2.3019299999999916,0.48019299999999887
2.3035999999999914,0.4803599999999989
2.3052699999999913,0.4805269999999988
2.306939999999991,0.48069399999999884
2.308609999999991,0.4808609999999989
2.310279999999991,0.4810279999999988
2.3119499999999906,0.4811949999999988
2.3136199999999905,0.48136199999999874
2.3152899999999903,0.48152899999999876
2.31695999999999,0.4816959999999988
2.31862999999999,0.4818629999999987
2.32029999999999,0.48202999999999874
2.3219699999999897,0.48219699999999865
2.3236399999999895,0.4823639999999987
2.3253099999999893,0.4825309999999987
2.326979999999989,0.48269799999999863
2.328649999999989,0.48286499999999866
2.330319999999989,0.4830319999999986
2.3319899999999887,0.4831989999999986
2.3336599999999885,0.48336599999999863
2.3353299999999884,0.48353299999999855
2.336999999999988,0.4836999999999986
2.338669999999988,0.4838669999999985
2.340339999999988,0.4840339999999985
2.3420099999999877,0.48420099999999855
2.3436799999999876,0.48436799999999847
2.3453499999999874,0.4845349999999985
2.3470199999999872,0.4847019999999984
2.348689999999987,0.48486899999999844
2.350359999999987,0.48503599999999847
2.3520299999999867,0.4852029999999984
2.3536999999999866,0.4853699999999984
2.3553699999999864,0.48553699999999833
2.3570399999999863,0.48570399999999836
2.358709999999986,0.4858709999999983
2.360379999999986,0.4860379999999983
2.3620499999999858,0.48620499999999833
2.3637199999999856,0.48637199999999825
2.3653899999999854,0.4865389999999983
2.3670599999999853,0.4867059999999982
2.368729999999985,0.4868729999999982
2.370399999999985,0.48703999999999825
2.372069999999985,0.48720699999999817
2.3737399999999846,0.4873739999999982
2.3754099999999845,0.4875409999999981
2.3770799999999843,0.48770799999999814
2.378749999999984,0.48787499999999817
2.380419999999984,0.4880419999999981
2.382089999999984,0.4882089999999981
2.3837599999999837,0.48837599999999803
2.3854299999999835,0.48854299999999806
2.3870999999999833,0.4887099999999981
2.388769999999983,0.488876999999998
2.390439999999983,0.48904399999999804
2.392109999999983,0.48921099999999795
2.3937799999999827,0.489377999999998
2.3954499999999825,0.489544999999998
2.3971199999999824,0.4897119999999979
2.398789999999982,0.48987899999999795
2.400459999999982,0.49004599999999787
2.402129999999982,0.4902129999999979
2.4037999999999817,0.4903799999999978
2.4054699999999816,0.49054699999999785
2.4071399999999814,0.4907139999999979
2.4088099999999812,0.4908809999999978
2.410479999999981,0.4910479999999978
2.412149999999981,0.49121499999999774
2.4138199999999808,0.49138199999999777
2.4154899999999806,0.4915489999999978
2.4171599999999804,0.4917159999999977
2.4188299999999803,0.49188299999999774
2.42049999999998,0.49204999999999766
2.42216999999998,0.4922169999999977
2.42383999999998,0.4923839999999977
2.4255099999999796,0.49255099999999763
2.4271799999999795,0.49271799999999766
2.4288499999999793,0.4928849999999976
2.430519999999979,0.4930519999999976
2.432189999999979,0.49321899999999763
2.433859999999979,0.49338599999999755
2.4355299999999787,0.4935529999999976
2.4371999999999785,0.4937199999999975
2.4388699999999783,0.4938869999999975
2.440539999999978,0.49405399999999755
2.442209999999978,0.49422099999999747
2.443879999999978,0.4943879999999975
2.4455499999999777,0.4945549999999974
2.4472199999999775,0.49472199999999744
2.4488899999999774,0.49488899999999747
2.450559999999977,0.4950559999999974
2.452229999999977,0.4952229999999974
2.453899999999977,0.49538999999999733
2.4555699999999767,0.49555699999999736
2.4572399999999766,0.4957239999999974
2.4589099999999764,0.4958909999999973
2.4605799999999762,0.49605799999999733
2.462249999999976,0.49622499999999725
2.463919999999976,0.4963919999999973
2.4655899999999757,0.4965589999999973
2.4672599999999756,0.4967259999999972
2.4689299999999754,0.49689299999999725
2.4705999999999753,0.49705999999999717
2.472269999999975,0.4972269999999972
2.473939999999975,0.4973939999999972
2.4756099999999748,0.49756099999999714
2.4772799999999746,0.4977279999999972
2.4789499999999745,0.4978949999999971
2.4806199999999743,0.4980619999999971
2.482289999999974,0.49822899999999715
2.483959999999974,0.49839599999999706
2.485629999999974,0.4985629999999971
2.4872999999999736,0.498729999999997
2.4889699999999735,0.49889699999999704
2.4906399999999733,0.49906399999999695
2.492309999999973,0.499230999999997
2.493979999999973,0.499397999999997
2.495649999999973,0.49956499999999693
2.4973199999999727,0.49973199999999696
2.4989899999999725,0.4998989999999969
2.5006599999999723,0.49999999999999967
2.502329999999972,0.49999999999999967
2.503999999999972,0.49999999999999967
2.505669999999972,0.49999999999999967
2.5073399999999717,0.49999999999999967
2.5090099999999715,0.49999999999999967
2.5106799999999714,0.49999999999999967
2.512349999999971,0.49999999999999967
2.514019999999971,0.49999999999999967
2.515689999999971,0.49999999999999967
2.5173599999999707,0.49999999999999967
2.5190299999999706,0.49999999999999967
2.5206999999999704,0.49999999999999967
2.5223699999999702,0.49999999999999967
2.52403999999997,0.49999999999999967
2.52570999999997,0.49999999999999967
2.5273799999999698,0.49999999999999967
2.5290499999999696,0.49999999999999967
2.5307199999999694,0.49999999999999967
2.5323899999999693,0.49999999999999967
2.534059999999969,0.49999999999999967
2.535729999999969,0.49999999999999967
2.537399999999969,0.49999999999999967
2.5390699999999686,0.49999999999999967
2.5407399999999685,0.49999999999999967
2.5424099999999683,0.49999999999999967
2.544079999999968,0.49999999999999967
2.545749999999968,0.49999999999999967
2.547419999999968,0.49999999999999967
2.5490899999999677,0.49999999999999967
2.5507599999999675,0.49999999999999967
2.5524299999999673,0.49999999999999967
2.554099999999967,0.49999999999999967
2.555769999999967,0.49999999999999967
2.557439999999967,0.49999999999999967
2.5591099999999667,0.49999999999999967
2.5607799999999665,0.49999999999999967
2.5624499999999664,0.49999999999999967
2.564119999999966,0.49999999999999967
2.565789999999966,0.49999999999999967
2.567459999999966,0.49999999999999967
2.5691299999999657,0.49999999999999967
2.5707999999999656,0.49999999999999967
2.5724699999999654,0.49999999999999967
2.5741399999999652,0.49999999999999967
2.575809999999965,0.49999999999999967
2.577479999999965,0.49999999999999967
2.5791499999999647,0.49999999999999967
2.5808199999999646,0.49999999999999967
2.5824899999999644,0.49999999999999967
2.5841599999999643,0.49999999999999967
2.585829999999964,0.49999999999999967
2.587499999999964,0.49999999999999967
2.589169999999964,0.49999999999999967
2.5908399999999636,0.49999999999999967
2.5925099999999635,0.49999999999999967
2.5941799999999633,0.4999999999999998
2.595849999999963,0.4999999999999998
2.597519999999963,0.4999999999999998
2.599189999999963,0.4999999999999998
2.6008599999999626,0.4999999999999998
2.6025299999999625,0.4999999999999998
2.6041999999999623,0.4999999999999998
2.605869999999962,0.4999999999999998
2.607539999999962,0.4999999999999998
2.609209999999962,0.4999999999999998
2.6108799999999617,0.4999999999999998
2.6125499999999615,0.4999999999999998
2.6142199999999614,0.4999999999999998
2.615889999999961,0.4999999999999998
2.617559999999961,0.4999999999999998
2.619229999999961,0.4999999999999998
2.6208999999999607,0.4999999999999998
2.6225699999999605,0.4999999999999998
2.6242399999999604,0.4999999999999998
2.62590999999996,0.4999999999999998
2.62757999999996,0.4999999999999998
2.62924999999996,0.4999999999999998
2.6309199999999597,0.4999999999999998
2.6325899999999596,0.4999999999999998
2.6342599999999594,0.4999999999999998
2.6359299999999593,0.4999999999999998
2.637599999999959,0.4999999999999998
2.639269999999959,0.4999999999999998
2.6409399999999588,0.4999999999999998
2.6426099999999586,0.4999999999999998
2.6442799999999584,0.4999999999999998
2.6459499999999583,0.4999999999999998
2.647619999999958,0.4999999999999998
2.649289999999958,0.4999999999999998
2.650959999999958,0.4999999999999998
2.6526299999999576,0.4999999999999998
2.6542999999999575,0.4999999999999998
2.6559699999999573,0.4999999999999998
2.657639999999957,0.4999999999999998
2.659309999999957,0.4999999999999998
2.660979999999957,0.4999999999999998
2.6626499999999567,0.4999999999999998
2.6643199999999565,0.4999999999999998
2.6659899999999563,0.4999999999999998
2.667659999999956,0.4999999999999998
2.669329999999956,0.4999999999999998
2.670999999999956,0.4999999999999998
2.6726699999999557,0.4999999999999998
2.6743399999999555,0.4999999999999998
2.6760099999999554,0.4999999999999998
2.677679999999955,0.4999999999999998
2.679349999999955,0.4999999999999998
2.681019999999955,0.4999999999999998
2.6826899999999547,0.4999999999999998
2.6843599999999546,0.4999999999999998
2.6860299999999544,0.4999999999999998
2.6876999999999542,0.4999999999999998
2.689369999999954,0.4999999999999998
2.691039999999954,0.4999999999999998
2.6927099999999538,0.4999999999999998
2.6943799999999536,0.4999999999999998
2.6960499999999534,0.4999999999999998
2.6977199999999533,0.4999999999999998
2.699389999999953,0.4999999999999998
2.701059999999953,0.4999999999999998
2.702729999999953,0.4999999999999998
2.7043999999999526,0.4999999999999998
2.7060699999999525,0.4999999999999998
2.7077399999999523,0.4999999999999998
2.709409999999952,0.4999999999999998
2.711079999999952,0.4999999999999998
2.712749999999952,0.4999999999999998
2.7144199999999516,0.4999999999999998
2.7160899999999515,0.4999999999999998
2.7177599999999513,0.4999999999999998
2.719429999999951,0.4999999999999998
2.721099999999951,0.4999999999999998
2.722769999999951,0.4999999999999998
2.7244399999999507,0.4999999999999998
2.7261099999999505,0.4999999999999998
2.7277799999999504,0.4999999999999998
2.72944999999995,0.4999999999999998
2.73111999999995,0.4999999999999998
2.73278999999995,0.4999999999999998
2.7344599999999497,0.4999999999999998
2.7361299999999495,0.4999999999999998
2.7377999999999494,0.4999999999999998
2.7394699999999492,0.4999999999999998
2.741139999999949,0.4999999999999998
2.742809999999949,0.4999999999999998
2.7444799999999487,0.4999999999999998
2.7461499999999486,0.4999999999999998
2.7478199999999484,0.4999999999999998
2.7494899999999483,0.4999999999999998
2.751159999999948,0.4999999999999998
2.752829999999948,0.4999999999999998
2.7544999999999478,0.4999999999999998
2.7561699999999476,0.4999999999999998
2.7578399999999474,0.4999999999999998
2.7595099999999473,0.4999999999999998
2.761179999999947,0.4999999999999998
2.762849999999947,0.4999999999999998
2.764519999999947,0.4999999999999998
2.7661899999999466,0.4999999999999998
2.7678599999999465,0.4999999999999998
2.7695299999999463,0.4999999999999998
2.771199999999946,0.4999999999999998
2.772869999999946,0.4999999999999998
2.774539999999946,0.4999999999999998
2.7762099999999457,0.4999999999999998
2.7778799999999455,0.4999999999999998
2.7795499999999453,0.4999999999999998
2.781219999999945,0.4999999999999998
2.782889999999945,0.4999999999999998
2.784559999999945,0.4999999999999998
2.7862299999999447,0.4999999999999998
2.7878999999999445,0.4999999999999998
2.7895699999999444,0.4999999999999998
2.791239999999944,0.4999999999999998
2.792909999999944,0.4999999999999998
2.794579999999944,0.4999999999999998
2.7962499999999437,0.4999999999999998
2.7979199999999436,0.4999999999999998
2.7995899999999434,0.4999999999999998
2.8012599999999432,0.4999999999999998
2.802929999999943,0.4999999999999998
2.804599999999943,0.49999999999999956
2.8062699999999428,0.49999999999999967
2.8079399999999426,0.49999999999999967
2.8096099999999424,0.49999999999999967
2.8112799999999423,0.49999999999999967
2.812949999999942,0.49999999999999967
2.814619999999942,0.49999999999999967
2.816289999999942,0.49999999999999967
2.8179599999999416,0.49999999999999967
2.8196299999999415,0.49999999999999967
2.8212999999999413,0.49999999999999967
2.822969999999941,0.49999999999999967
2.824639999999941,0.49999999999999967
2.826309999999941,0.49999999999999967
2.8279799999999407,0.49999999999999967
2.8296499999999405,0.49999999999999967
2.8313199999999403,0.49999999999999967
2.83298999999994,0.49999999999999967
2.83465999999994,0.49999999999999967
2.83632999999994,0.49999999999999967
2.8379999999999397,0.49999999999999967
2.8396699999999395,0.49999999999999967
2.8413399999999394,0.49999999999999967
2.843009999999939,0.49999999999999967
2.844679999999939,0.49999999999999967
2.846349999999939,0.49999999999999967
2.8480199999999387,0.49999999999999967
2.8496899999999385,0.49999999999999967
2.8513599999999384,0.49999999999999967
2.8530299999999382,0.49999999999999967
2.854699999999938,0.49999999999999967
2.856369999999938,0.49999999999999967
2.8580399999999377,0.49999999999999967
2.8597099999999376,0.49999999999999967
2.8613799999999374,0.49999999999999967
2.8630499999999373,0.49999999999999967
2.864719999999937,0.49999999999999967
2.866389999999937,0.49999999999999967
2.8680599999999368,0.49999999999999967
2.8697299999999366,0.49999999999999967
2.8713999999999364,0.49999999999999967
2.8730699999999363,0.49999999999999967
2.874739999999936,0.49999999999999967
2.876409999999936,0.49999999999999967
2.878079999999936,0.49999999999999967
2.8797499999999356,0.49999999999999967
2.8814199999999355,0.49999999999999967
2.8830899999999353,0.49999999999999967
2.884759999999935,0.49999999999999967
2.886429999999935,0.49999999999999967
2.888099999999935,0.49999999999999967
2.8897699999999347,0.49999999999999967
2.8914399999999345,0.49999999999999967
2.8931099999999343,0.49999999999999967
2.894779999999934,0.49999999999999967
2.896449999999934,0.49999999999999967
2.898119999999934,0.49999999999999967
2.8997899999999337,0.49999999999999967
2.9014599999999335,0.49999999999999967
2.9031299999999334,0.49999999999999967
2.904799999999933,0.49999999999999967
2.906469999999933,0.49999999999999967
2.908139999999933,0.49999999999999967
2.9098099999999327,0.49999999999999967
2.9114799999999326,0.49999999999999967
2.9131499999999324,0.49999999999999967
2.9148199999999322,0.49999999999999967
2.916489999999932,0.49999999999999967
2.918159999999932,0.49999999999999967
2.9198299999999318,0.49999999999999967
2.9214999999999316,0.49999999999999967
2.9231699999999314,0.49999999999999967
2.9248399999999313,0.49999999999999967
2.926509999999931,0.49999999999999967
2.928179999999931,0.49999999999999967
2.929849999999931,0.49999999999999967
2.9315199999999306,0.49999999999999967
2.9331899999999305,0.49999999999999967
2.9348599999999303,0.49999999999999967
2.93652999999993,0.49999999999999967
2.93819999999993,0.49999999999999967
2.93986999999993,0.49999999999999967
2.9415399999999297,0.49999999999999967
2.9432099999999295,0.49999999999999967
2.9448799999999293,0.49999999999999967
2.946549999999929,0.49999999999999967
2.948219999999929,0.49999999999999967
2.949889999999929,0.49999999999999967
2.9515599999999287,0.49999999999999967
2.9532299999999285,0.49999999999999967
2.9548999999999284,0.49999999999999967
2.956569999999928,0.49999999999999967
2.958239999999928,0.49999999999999967
2.959909999999928,0.49999999999999967
2.9615799999999277,0.49999999999999967
2.9632499999999276,0.49999999999999967
2.9649199999999274,0.49999999999999967
2.9665899999999272,0.49999999999999967
2.968259999999927,0.49999999999999967
2.969929999999927,0.49999999999999967
2.9715999999999267,0.49999999999999967
2.9732699999999266,0.49999999999999967
2.9749399999999264,0.49999999999999967
2.9766099999999263,0.49999999999999967
2.978279999999926,0.49999999999999967
2.979949999999926,0.49999999999999967
2.9816199999999258,0.49999999999999967
2.9832899999999256,0.49999999999999967
2.9849599999999255,0.49999999999999967
2.9866299999999253,0.49999999999999967
2.988299999999925,0.49999999999999967
2.989969999999925,0.49999999999999967
2.991639999999925,0.49999999999999967
2.9933099999999246,0.49999999999999967
2.9949799999999245,0.4999999999999998
2.9966499999999243,0.4999999999999998
2.998319999999924,0.4999999999999998
2.999989999999924,0.4999999999999998
3.001659999999924,0.4999999999999998
3.0033299999999237,0.4999999999999998
3.0049999999999235,0.4999999999999998
3.0066699999999233,0.4999999999999998
3.008339999999923,0.4999999999999998
3.010009999999923,0.4999999999999998
3.011679999999923,0.4999999999999998
3.0133499999999227,0.4999999999999998
3.0150199999999225,0.4999999999999998
3.0166899999999224,0.4999999999999998
3.018359999999922,0.4999999999999998
3.020029999999922,0.4999999999999998
3.021699999999922,0.4999999999999998
3.0233699999999217,0.4999999999999998
3.0250399999999216,0.4999999999999998
3.0267099999999214,0.4999999999999998
3.0283799999999212,0.4999999999999998
3.030049999999921,0.4999999999999998
3.031719999999921,0.4999999999999998
3.0333899999999208,0.4999999999999998
3.0350599999999206,0.4999999999999998
3.0367299999999204,0.4999999999999998
3.0383999999999203,0.4999999999999998
3.04006999999992,0.4999999999999998
3.04173999999992,0.4999999999999998
3.04340999999992,0.4999999999999998
3.0450799999999196,0.4999999999999998
3.0467499999999195,0.4999999999999998
3.0484199999999193,0.4999999999999998
3.050089999999919,0.4999999999999998
3.051759999999919,0.4999999999999998
3.053429999999919,0.4999999999999998
3.0550999999999187,0.4999999999999998
3.0567699999999185,0.4999999999999998
3.0584399999999183,0.4999999999999998
3.060109999999918,0.4999999999999998
3.061779999999918,0.4999999999999998
3.063449999999918,0.4999999999999998
3.0651199999999177,0.4999999999999998
3.0667899999999175,0.4999999999999998
3.0684599999999174,0.4999999999999998
3.070129999999917,0.4999999999999998
3.071799999999917,0.4999999999999998
3.073469999999917,0.4999999999999998
3.0751399999999167,0.4999999999999998
3.0768099999999166,0.4999999999999998
3.0784799999999164,0.4999999999999998
3.0801499999999162,0.4999999999999998
3.081819999999916,0.4999999999999998
3.083489999999916,0.4999999999999998
3.0851599999999157,0.4999999999999998
3.0868299999999156,0.4999999999999998
3.0884999999999154,0.4999999999999998
3.0901699999999153,0.4999999999999998
3.091839999999915,0.4999999999999998
3.093509999999915,0.4999999999999998
3.0951799999999148,0.4999999999999998
3.0968499999999146,0.4999999999999998
3.0985199999999145,0.4999999999999998
3.1001899999999143,0.4999999999999998
3.101859999999914,0.4999999999999998
3.103529999999914,0.4999999999999998
3.105199999999914,0.4999999999999998
3.1068699999999136,0.4999999999999998
3.1085399999999135,0.4999999999999998
3.1102099999999133,0.4999999999999998
3.111879999999913,0.4999999999999998
3.113549999999913,0.4999999999999998
3.115219999999913,0.4999999999999998
3.1168899999999127,0.4999999999999998
3.1185599999999125,0.4999999999999998
3.1202299999999124,0.4999999999999998
3.121899999999912,0.4999999999999998
3.123569999999912,0.4999999999999998
3.125239999999912,0.4999999999999998
3.1269099999999117,0.4999999999999998
3.1285799999999115,0.4999999999999998
3.1302499999999114,0.4999999999999998
3.131919999999911,0.4999999999999998
3.133589999999911,0.4999999999999998
3.135259999999911,0.4999999999999998
3.1369299999999107,0.4999999999999998
3.1385999999999106,0.4999999999999998
3.1402699999999104,0.4999999999999998
3.1419399999999102,0.4999999999999998
3.14360999999991,0.4999999999999998
3.14527999999991,0.4999999999999998
3.1469499999999098,0.4999999999999998
3.1486199999999096,0.4999999999999998
3.1502899999999094,0.4999999999999998
3.1519599999999093,0.4999999999999998
3.153629999999909,0.4999999999999998
3.155299999999909,0.4999999999999998
3.156969999999909,0.4999999999999998
3.1586399999999086,0.4999999999999998
3.1603099999999085,0.4999999999999998
3.1619799999999083,0.4999999999999998
3.163649999999908,0.4999999999999998
3.165319999999908,0.4999999999999998
3.166989999999908,0.4999999999999998
3.1686599999999077,0.4999999999999998
3.1703299999999075,0.4999999999999998
3.1719999999999073,0.4999999999999998
3.173669999999907,0.4999999999999998
3.175339999999907,0.4999999999999998
3.177009999999907,0.4999999999999998
3.1786799999999067,0.4999999999999998
3.1803499999999065,0.4999999999999998
3.1820199999999064,0.4999999999999998
3.183689999999906,0.4999999999999998
3.185359999999906,0.4999999999999998
3.187029999999906,0.4999999999999998
3.1886999999999057,0.4999999999999998
3.1903699999999056,0.4999999999999998
3.1920399999999054,0.4999999999999998
3.1937099999999052,0.4999999999999998
3.195379999999905,0.4999999999999998
3.197049999999905,0.49999999999999956
3.1987199999999048,0.49999999999999956
3.2003899999999046,0.49999999999999956
3.2020599999999044,0.49999999999999956
3.2037299999999043,0.49999999999999956
3.205399999999904,0.49999999999999956
3.207069999999904,0.49999999999999956
3.208739999999904,0.49999999999999956
3.2104099999999036,0.49999999999999956
3.2120799999999035,0.49999999999999956
3.2137499999999033,0.49999999999999956
3.215419999999903,0.49999999999999956
3.217089999999903,0.49999999999999956
3.218759999999903,0.49999999999999956
3.2204299999999026,0.49999999999999956
3.2220999999999025,0.49999999999999956
3.2237699999999023,0.49999999999999956
3.225439999999902,0.49999999999999956
3.227109999999902,0.49999999999999956
3.228779999999902,0.49999999999999956
3.2304499999999017,0.49999999999999956
3.2321199999999015,0.49999999999999956
3.2337899999999014,0.49999999999999956
3.235459999999901,0.49999999999999956
3.237129999999901,0.49999999999999956
3.238799999999901,0.49999999999999956
3.2404699999999007,0.49999999999999956
3.2421399999999005,0.49999999999999956
3.2438099999999004,0.49999999999999956
3.2454799999999002,0.49999999999999956
3.2471499999999,0.49999999999999956
3.2488199999999,0.49999999999999956
3.2504899999998997,0.49999999999999956
3.2521599999998996,0.49999999999999956
3.2538299999998994,0.49999999999999956
3.2554999999998993,0.49999999999999956
3.257169999999899,0.49999999999999956
3.258839999999899,0.49999999999999956
3.2605099999998988,0.49999999999999956
3.2621799999998986,0.49999999999999956
3.2638499999998984,0.49999999999999956
3.2655199999998983,0.49999999999999956
3.267189999999898,0.49999999999999956
3.268859999999898,0.49999999999999956
3.270529999999898,0.49999999999999956
3.2721999999998976,0.49999999999999956
3.2738699999998975,0.49999999999999956
3.2755399999998973,0.49999999999999956
3.277209999999897,0.49999999999999956
3.278879999999897,0.49999999999999956
3.280549999999897,0.49999999999999956
3.2822199999998967,0.49999999999999956
3.2838899999998965,0.49999999999999956
3.2855599999998963,0.49999999999999956
3.287229999999896,0.49999999999999956
3.288899999999896,0.49999999999999956
3.290569999999896,0.49999999999999956
3.2922399999998957,0.49999999999999956
3.2939099999998955,0.49999999999999956
3.2955799999998954,0.49999999999999956
3.297249999999895,0.49999999999999956
3.298919999999895,0.49999999999999956
3.300589999999895,0.49999999999999956
3.3022599999998947,0.49999999999999956
3.3039299999998946,0.49999999999999956
3.3055999999998944,0.49999999999999956
3.3072699999998942,0.49999999999999956
3.308939999999894,0.49999999999999956
3.310609999999894,0.49999999999999956
3.3122799999998938,0.49999999999999956
3.3139499999998936,0.49999999999999956
3.3156199999998934,0.49999999999999956
3.3172899999998933,0.49999999999999956
3.318959999999893,0.49999999999999956
3.320629999999893,0.49999999999999956
3.322299999999893,0.49999999999999956
3.3239699999998926,0.49999999999999956
3.3256399999998925,0.49999999999999956
3.3273099999998923,0.49999999999999956
3.328979999999892,0.49999999999999956
3.330649999999892,0.49999999999999956
3.332319999999892,0.49999999999999956
3.3339899999998917,0.49999999999999956
3.3356599999998915,0.49999999999999956
3.3373299999998913,0.49999999999999956
3.338999999999891,0.49999999999999956
3.340669999999891,0.49999999999999956
3.342339999999891,0.49999999999999956
3.3440099999998907,0.49999999999999956
3.3456799999998905,0.49999999999999956
3.3473499999998904,0.49999999999999956
3.34901999999989,0.49999999999999956
3.35068999999989,0.49999999999999956
3.35235999999989,0.49999999999999956
3.3540299999998897,0.49999999999999956
3.3556999999998895,0.49999999999999956
3.3573699999998894,0.49999999999999956
3.3590399999998892,0.49999999999999956
3.360709999999889,0.49999999999999956
3.362379999999889,0.49999999999999956
3.3640499999998887,0.49999999999999956
3.3657199999998886,0.49999999999999956
3.3673899999998884,0.49999999999999956
3.3690599999998883,0.49999999999999956
3.370729999999888,0.49999999999999956
3.372399999999888,0.49999999999999956
3.3740699999998878,0.49999999999999956
3.3757399999998876,0.49999999999999956
3.3774099999998874,0.49999999999999956
3.3790799999998873,0.49999999999999956
3.380749999999887,0.49999999999999956
3.382419999999887,0.49999999999999956
3.384089999999887,0.49999999999999956
3.3857599999998866,0.49999999999999956
3.3874299999998865,0.49999999999999956
3.3890999999998863,0.49999999999999956
3.390769999999886,0.49999999999999956
3.392439999999886,0.49999999999999956
3.394109999999886,0.49999999999999956
3.3957799999998857,0.49999999999999956
3.3974499999998855,0.49999999999999956
3.3991199999998853,0.49999999999999956
3.400789999999885,0.49999999999999956
3.402459999999885,0.49999999999999956
3.404129999999885,0.49999999999999956
3.4057999999998847,0.49999999999999956
3.4074699999998845,0.49999999999999956
3.4091399999998844,0.49999999999999956
3.410809999999884,0.49999999999999956
3.412479999999884,0.49999999999999956
3.414149999999884,0.49999999999999956
3.4158199999998837,0.49999999999999956
3.4174899999998836,0.49999999999999956
3.4191599999998834,0.49999999999999956
3.4208299999998832,0.49999999999999956
3.422499999999883,0.49999999999999956
3.424169999999883,0.49999999999999956
3.4258399999998828,0.49999999999999956
3.4275099999998826,0.49999999999999956
3.4291799999998824,0.49999999999999956
3.4308499999998823,0.49999999999999956
3.432519999999882,0.49999999999999956
3.434189999999882,0.49999999999999956
3.435859999999882,0.49999999999999956
3.4375299999998816,0.49999999999999956
3.4391999999998815,0.49999999999999956
3.4408699999998813,0.49999999999999956
3.442539999999881,0.49999999999999956
3.444209999999881,0.49999999999999956
3.445879999999881,0.49999999999999956
3.4475499999998807,0.49999999999999956
3.4492199999998805,0.49999999999999956
3.4508899999998803,0.49999999999999956
3.45255999999988,0.49999999999999956
3.45422999999988,0.49999999999999956
3.45589999999988,0.49999999999999956
3.4575699999998797,0.49999999999999956
3.4592399999998795,0.49999999999999956
3.4609099999998794,0.49999999999999956
3.462579999999879,0.49999999999999956
3.464249999999879,0.49999999999999956
3.465919999999879,0.49999999999999956
3.4675899999998787,0.49999999999999956
3.4692599999998786,0.49999999999999956
3.4709299999998784,0.49999999999999956
3.4725999999998782,0.49999999999999956
3.474269999999878,0.49999999999999956
3.475939999999878,0.49999999999999956
3.4776099999998777,0.49999999999999956
3.4792799999998776,0.49999999999999956
3.4809499999998774,0.49999999999999956
3.4826199999998773,0.49999999999999956
3.484289999999877,0.49999999999999956
3.485959999999877,0.49999999999999956
3.4876299999998768,0.49999999999999956
3.4892999999998766,0.49999999999999956
3.4909699999998764,0.49999999999999956
3.4926399999998763,0.49999999999999956
3.494309999999876,0.49999999999999956
3.495979999999876,0.49999999999999956
3.497649999999876,0.49999999999999956
3.4993199999998756,0.49999999999999956
3.5009899999998755,0.49999999999999956
3.5026599999998753,0.49999999999999956
3.504329999999875,0.49999999999999956
3.505999999999875,0.49999999999999956
3.507669999999875,0.49999999999999956
3.5093399999998747,0.49999999999999956
3.5110099999998745,0.49999999999999956
3.5126799999998743,0.49999999999999956
3.514349999999874,0.49999999999999956
3.516019999999874,0.49999999999999956
3.517689999999874,0.49999999999999956
3.5193599999998737,0.49999999999999956
3.5210299999998735,0.49999999999999956
3.5226999999998734,0.49999999999999956
3.524369999999873,0.49999999999999956
3.526039999999873,0.49999999999999956
3.527709999999873,0.49999999999999956
3.5293799999998727,0.49999999999999956
3.5310499999998726,0.49999999999999956
3.5327199999998724,0.49999999999999956
3.5343899999998722,0.49999999999999956
3.536059999999872,0.49999999999999956
3.537729999999872,0.49999999999999956
3.5393999999998718,0.49999999999999956
3.5410699999998716,0.49999999999999956
3.5427399999998714,0.49999999999999956
3.5444099999998713,0.49999999999999956
3.546079999999871,0.49999999999999956
3.547749999999871,0.49999999999999956
3.549419999999871,0.49999999999999956
3.5510899999998706,0.49999999999999956
3.5527599999998705,0.49999999999999956
3.5544299999998703,0.49999999999999956
3.55609999999987,0.49999999999999956
3.55776999999987,0.49999999999999956
3.55943999999987,0.49999999999999956
3.5611099999998697,0.49999999999999956
3.5627799999998695,0.49999999999999956
3.5644499999998693,0.49999999999999956
3.566119999999869,0.49999999999999956
3.567789999999869,0.49999999999999956
3.569459999999869,0.49999999999999956
3.5711299999998687,0.49999999999999956
3.5727999999998685,0.49999999999999956
3.5744699999998684,0.49999999999999956
3.576139999999868,0.49999999999999956
3.577809999999868,0.49999999999999956
3.579479999999868,0.49999999999999956
3.5811499999998677,0.49999999999999956
3.5828199999998676,0.49999999999999956
3.5844899999998674,0.49999999999999956
3.5861599999998672,0.49999999999999956
3.587829999999867,0.49999999999999956
3.589499999999867,0.49999999999999956
3.5911699999998667,0.49999999999999956
3.5928399999998666,0.49999999999999956
3.5945099999998664,0.49999999999999956
3.5961799999998663,0.49999999999999956
3.597849999999866,0.49999999999999956
3.599519999999866,0.49999999999999956
3.6011899999998658,0.49999999999999956
3.6028599999998656,0.49999999999999956
3.6045299999998655,0.49999999999999956
3.6061999999998653,0.49999999999999956
3.607869999999865,0.49999999999999956
3.609539999999865,0.49999999999999956
3.611209999999865,0.49999999999999956
3.6128799999998646,0.49999999999999956
3.6145499999998645,0.49999999999999956
3.6162199999998643,0.49999999999999956
3.617889999999864,0.49999999999999956
3.619559999999864,0.49999999999999956
3.621229999999864,0.49999999999999956
3.6228999999998637,0.49999999999999956
3.6245699999998635,0.49999999999999956
3.6262399999998634,0.49999999999999956
3.627909999999863,0.49999999999999956
3.629579999999863,0.49999999999999956
3.631249999999863,0.49999999999999956
3.6329199999998627,0.49999999999999956
3.6345899999998625,0.49999999999999956
3.6362599999998624,0.49999999999999956
3.637929999999862,0.49999999999999956
3.639599999999862,0.49999999999999956
3.641269999999862,0.49999999999999956
3.6429399999998617,0.49999999999999956
3.6446099999998616,0.49999999999999956
3.6462799999998614,0.49999999999999956
3.6479499999998612,0.49999999999999956
3.649619999999861,0.49999999999999956
3.651289999999861,0.49999999999999956
3.6529599999998608,0.49999999999999956
3.6546299999998606,0.49999999999999956
3.6562999999998604,0.49999999999999956
3.6579699999998603,0.49999999999999956
3.65963999999986,0.49999999999999956
3.66130999999986,0.49999999999999956
3.66297999999986,0.49999999999999956
3.6646499999998596,0.49999999999999956
3.6663199999998595,0.49999999999999956
3.6679899999998593,0.49999999999999956
3.669659999999859,0.49999999999999956
3.671329999999859,0.49999999999999956
3.672999999999859,0.49999999999999956
3.6746699999998587,0.49999999999999956
3.6763399999998585,0.49999999999999956
3.6780099999998583,0.49999999999999956
3.679679999999858,0.49999999999999956
3.681349999999858,0.49999999999999956
3.683019999999858,0.49999999999999956
3.6846899999998577,0.49999999999999956
3.6863599999998575,0.49999999999999956
3.6880299999998574,0.49999999999999956
3.689699999999857,0.49999999999999956
3.691369999999857,0.49999999999999956
3.693039999999857,0.49999999999999956
3.6947099999998567,0.49999999999999956
3.6963799999998566,0.49999999999999956
3.6980499999998564,0.49999999999999956
3.6997199999998562,0.49999999999999956
3.701389999999856,0.49999999999999956
3.703059999999856,0.49999999999999956
3.7047299999998557,0.49999999999999956
3.7063999999998556,0.49999999999999956
3.7080699999998554,0.49999999999999956
3.7097399999998553,0.49999999999999956
3.711409999999855,0.49999999999999956
3.713079999999855,0.49999999999999956
3.714749999999855,0.49999999999999956
3.7164199999998546,0.49999999999999956
3.7180899999998545,0.49999999999999956
3.7197599999998543,0.49999999999999956
3.721429999999854,0.49999999999999956
3.723099999999854,0.49999999999999956
3.724769999999854,0.49999999999999956
3.7264399999998536,0.49999999999999956
3.7281099999998535,0.49999999999999956
3.7297799999998533,0.49999999999999956
3.731449999999853,0.49999999999999956
3.733119999999853,0.49999999999999956
3.734789999999853,0.49999999999999956
3.7364599999998527,0.49999999999999956
3.7381299999998525,0.49999999999999956
3.7397999999998524,0.49999999999999956
3.741469999999852,0.49999999999999956
3.743139999999852,0.49999999999999956
3.744809999999852,0.49999999999999956
3.7464799999998517,0.49999999999999956
3.7481499999998515,0.49999999999999956
3.7498199999998514,0.49999999999999956
3.751489999999851,0.49999999999999956
3.753159999999851,0.49999999999999956
3.754829999999851,0.49999999999999956
3.7564999999998507,0.49999999999999956
3.7581699999998506,0.49999999999999956
3.7598399999998504,0.49999999999999956
3.7615099999998503,0.49999999999999956
3.76317999999985,0.49999999999999956
3.76484999999985,0.49999999999999956
3.7665199999998498,0.49999999999999956
3.7681899999998496,0.49999999999999956
3.7698599999998494,0.49999999999999956
3.7715299999998493,0.49999999999999956
3.773199999999849,0.49999999999999956
3.774869999999849,0.49999999999999956
3.776539999999849,0.49999999999999956
3.7782099999998486,0.49999999999999956
3.7798799999998485,0.49999999999999956
3.7815499999998483,0.49999999999999956
3.783219999999848,0.49999999999999956
3.784889999999848,0.49999999999999956
3.786559999999848,0.49999999999999956
3.7882299999998477,0.49999999999999956
3.7898999999998475,0.49999999999999956
3.7915699999998473,0.49999999999999956
3.793239999999847,0.49999999999999956
3.794909999999847,0.49999999999999956
3.796579999999847,0.49999999999999956
3.7982499999998467,0.49999999999999956
3.7999199999998465,0.49999999999999956
3.8015899999998464,0.49999999999999956
3.803259999999846,0.49999999999999956
3.804929999999846,0.49999999999999956
3.806599999999846,0.49999999999999956
3.8082699999998457,0.49999999999999956
3.8099399999998456,0.49999999999999956
3.8116099999998454,0.49999999999999956
3.8132799999998452,0.49999999999999956
3.814949999999845,0.49999999999999956
3.816619999999845,0.49999999999999956
3.8182899999998448,0.49999999999999956
3.8199599999998446,0.49999999999999956
3.8216299999998444,0.49999999999999956
3.8232999999998443,0.49999999999999956
3.824969999999844,0.49999999999999956
3.826639999999844,0.49999999999999956
3.828309999999844,0.49999999999999956
3.8299799999998436,0.49999999999999956
3.8316499999998435,0.49999999999999956
3.8333199999998433,0.49999999999999956
3.834989999999843,0.49999999999999956
3.836659999999843,0.49999999999999956
3.838329999999843,0.49999999999999956
3.8399999999998427,0.49999999999999956
3.8416699999998425,0.49999999999999956
3.8433399999998423,0.49999999999999956
3.845009999999842,0.49999999999999956
3.846679999999842,0.49999999999999956
3.848349999999842,0.49999999999999956
3.8500199999998417,0.49999999999999956
3.8516899999998415,0.49999999999999956
3.8533599999998414,0.49999999999999956
3.855029999999841,0.49999999999999956
3.856699999999841,0.49999999999999956
3.858369999999841,0.49999999999999956
3.8600399999998407,0.49999999999999956
3.8617099999998405,0.49999999999999956
3.8633799999998404,0.49999999999999956
3.8650499999998402,0.49999999999999956
3.86671999999984,0.49999999999999956
3.86838999999984,0.49999999999999956
3.8700599999998397,0.49999999999999956
3.8717299999998396,0.49999999999999956
3.8733999999998394,0.49999999999999956
3.8750699999998393,0.49999999999999956
3.876739999999839,0.49999999999999956
3.878409999999839,0.49999999999999956
3.8800799999998388,0.49999999999999956
3.8817499999998386,0.49999999999999956
3.8834199999998384,0.49999999999999956
3.8850899999998383,0.49999999999999956
3.886759999999838,0.49999999999999956
3.888429999999838,0.49999999999999956
3.890099999999838,0.49999999999999956
3.8917699999998376,0.49999999999999956
3.8934399999998375,0.49999999999999956
3.8951099999998373,0.49999999999999956
3.896779999999837,0.49999999999999956
3.898449999999837,0.49999999999999956
3.900119999999837,0.49999999999999956
3.9017899999998367,0.49999999999999956
3.9034599999998365,0.49999999999999956
3.9051299999998363,0.49999999999999956
3.906799999999836,0.49999999999999956
3.908469999999836,0.49999999999999956
3.910139999999836,0.49999999999999956
3.9118099999998357,0.49999999999999956
3.9134799999998355,0.49999999999999956
3.9151499999998354,0.49999999999999956
3.916819999999835,0.49999999999999956
3.918489999999835,0.49999999999999956
3.920159999999835,0.49999999999999956
3.9218299999998347,0.49999999999999956
3.9234999999998346,0.49999999999999956
3.9251699999998344,0.49999999999999956
3.9268399999998342,0.49999999999999956
3.928509999999834,0.49999999999999956
3.930179999999834,0.49999999999999956
3.9318499999998338,0.49999999999999956
3.9335199999998336,0.49999999999999956
3.9351899999998334,0.49999999999999956
3.9368599999998333,0.49999999999999956
3.938529999999833,0.49999999999999956
3.940199999999833,0.49999999999999956
3.941869999999833,0.49999999999999956
3.9435399999998326,0.49999999999999956
3.9452099999998325,0.49999999999999956
3.9468799999998323,0.49999999999999956
3.948549999999832,0.49999999999999956
3.950219999999832,0.49999999999999956
3.951889999999832,0.49999999999999956
3.9535599999998317,0.49999999999999956
3.9552299999998315,0.49999999999999956
3.9568999999998313,0.49999999999999956
3.958569999999831,0.49999999999999956
3.960239999999831,0.49999999999999956
3.961909999999831,0.49999999999999956
3.9635799999998307,0.49999999999999956
3.9652499999998305,0.49999999999999956
3.9669199999998304,0.49999999999999956
3.96858999999983,0.49999999999999956
3.97025999999983,0.49999999999999956
3.97192999999983,0.49999999999999956
3.9735999999998297,0.49999999999999956
3.9752699999998296,0.49999999999999956
3.9769399999998294,0.49999999999999956
3.9786099999998292,0.49999999999999956
3.980279999999829,0.49999999999999956
3.981949999999829,0.49999999999999956
3.9836199999998287,0.49999999999999956
3.9852899999998286,0.49999999999999956
3.9869599999998284,0.49999999999999956
3.9886299999998283,0.49999999999999956
3.990299999999828,0.49999999999999956
3.991969999999828,0.49999999999999956
3.9936399999998278,0.49999999999999956
3.9953099999998276,0.49999999999999956
3.9969799999998274,0.49999999999999933
3.9986499999998273,0.49999999999999933
4.000319999999827,0.49999999999999933
4.001989999999827,0.49999999999999933
4.003659999999827,0.49999999999999933
4.005329999999827,0.49999999999999933
4.0069999999998265,0.49999999999999933
4.008669999999826,0.49999999999999933
4.010339999999826,0.49999999999999933
4.012009999999826,0.49999999999999933
4.013679999999826,0.49999999999999933
4.015349999999826,0.49999999999999933
4.0170199999998255,0.49999999999999933
4.018689999999825,0.49999999999999933
4.020359999999825,0.49999999999999933
4.022029999999825,0.49999999999999933
4.023699999999825,0.49999999999999933
4.025369999999825,0.49999999999999933
4.0270399999998245,0.49999999999999933
4.028709999999824,0.49999999999999933
4.030379999999824,0.49999999999999933
4.032049999999824,0.49999999999999933
4.033719999999824,0.49999999999999933
4.035389999999824,0.49999999999999933
4.037059999999824,0.49999999999999933
4.038729999999823,0.49999999999999933
4.040399999999823,0.49999999999999933
4.042069999999823,0.49999999999999933
4.043739999999823,0.49999999999999933
4.045409999999823,0.49999999999999933
4.047079999999823,0.49999999999999933
4.048749999999822,0.49999999999999933
4.050419999999822,0.49999999999999933
4.052089999999822,0.49999999999999933
4.053759999999822,0.49999999999999933
4.055429999999822,0.49999999999999933
4.057099999999822,0.49999999999999933
4.0587699999998215,0.49999999999999933
4.060439999999821,0.49999999999999933
4.062109999999821,0.49999999999999933
4.063779999999821,0.49999999999999933
4.065449999999821,0.49999999999999933
4.067119999999821,0.49999999999999933
4.0687899999998205,0.49999999999999933
4.07045999999982,0.49999999999999933
4.07212999999982,0.49999999999999933
4.07379999999982,0.49999999999999933
4.07546999999982,0.49999999999999933
4.07713999999982,0.49999999999999933
4.0788099999998195,0.49999999999999933
4.080479999999819,0.49999999999999933
4.082149999999819,0.49999999999999933
4.083819999999819,0.49999999999999933
4.085489999999819,0.49999999999999933
4.087159999999819,0.49999999999999933
4.0888299999998186,0.49999999999999933
4.090499999999818,0.49999999999999933
4.092169999999818,0.49999999999999933
4.093839999999818,0.49999999999999933
4.095509999999818,0.49999999999999933
4.097179999999818,0.49999999999999933
4.098849999999818,0.49999999999999933
4.100519999999817,0.49999999999999933
4.102189999999817,0.49999999999999933
4.103859999999817,0.49999999999999933
4.105529999999817,0.49999999999999933
4.107199999999817,0.49999999999999933
4.108869999999817,0.49999999999999933
4.1105399999998165,0.49999999999999933
4.112209999999816,0.49999999999999933
4.113879999999816,0.49999999999999933
4.115549999999816,0.49999999999999933
4.117219999999816,0.49999999999999933
4.118889999999816,0.49999999999999933
4.1205599999998155,0.49999999999999933
4.122229999999815,0.49999999999999933
4.123899999999815,0.49999999999999933
4.125569999999815,0.49999999999999933
4.127239999999815,0.49999999999999933
4.128909999999815,0.49999999999999933
4.1305799999998145,0.49999999999999933
4.132249999999814,0.49999999999999933
4.133919999999814,0.49999999999999933
4.135589999999814,0.49999999999999933
4.137259999999814,0.49999999999999933
4.138929999999814,0.49999999999999933
4.1405999999998135,0.49999999999999933
4.142269999999813,0.49999999999999933
4.143939999999813,0.49999999999999933
4.145609999999813,0.49999999999999933
4.147279999999813,0.49999999999999933
4.148949999999813,0.49999999999999933
4.150619999999813,0.49999999999999933
4.152289999999812,0.49999999999999933
4.153959999999812,0.49999999999999933
4.155629999999812,0.49999999999999933
4.157299999999812,0.49999999999999933
4.158969999999812,0.49999999999999933
4.160639999999812,0.49999999999999933
4.162309999999811,0.49999999999999933
4.163979999999811,0.49999999999999933
4.165649999999811,0.49999999999999933
4.167319999999811,0.49999999999999933
4.168989999999811,0.49999999999999933
4.170659999999811,0.49999999999999933
4.1723299999998105,0.49999999999999933
4.17399999999981,0.49999999999999933
4.17566999999981,0.49999999999999933
4.17733999999981,0.49999999999999933
4.17900999999981,0.49999999999999933
4.18067999999981,0.49999999999999933
4.1823499999998095,0.49999999999999933
4.184019999999809,0.49999999999999933
4.185689999999809,0.49999999999999933
4.187359999999809,0.49999999999999933
4.189029999999809,0.49999999999999933
4.190699999999809,0.49999999999999933
4.1923699999998085,0.49999999999999933
4.194039999999808,0.49999999999999933
4.195709999999808,0.49999999999999933
4.197379999999808,0.49999999999999956
4.199049999999808,0.49999999999999956
4.200719999999808,0.49999999999999956
4.202389999999808,0.49999999999999956
4.204059999999807,0.49999999999999956
4.205729999999807,0.49999999999999956
4.207399999999807,0.49999999999999956
4.209069999999807,0.49999999999999956
4.210739999999807,0.49999999999999956
4.212409999999807,0.49999999999999956
4.214079999999806,0.49999999999999956
4.215749999999806,0.49999999999999956
4.217419999999806,0.49999999999999956
4.219089999999806,0.49999999999999956
4.220759999999806,0.49999999999999956
4.222429999999806,0.49999999999999956
4.2240999999998055,0.49999999999999956
4.225769999999805,0.49999999999999956
4.227439999999805,0.49999999999999956
4.229109999999805,0.49999999999999956
4.230779999999805,0.49999999999999956
4.232449999999805,0.49999999999999956
4.2341199999998045,0.49999999999999956
4.235789999999804,0.49999999999999956
4.237459999999804,0.49999999999999956
4.239129999999804,0.49999999999999956
4.240799999999804,0.49999999999999956
4.242469999999804,0.49999999999999956
4.2441399999998035,0.49999999999999956
4.245809999999803,0.49999999999999956
4.247479999999803,0.49999999999999956
4.249149999999803,0.49999999999999956
4.250819999999803,0.49999999999999956
4.252489999999803,0.49999999999999956
4.2541599999998025,0.49999999999999956
4.255829999999802,0.49999999999999956
4.257499999999802,0.49999999999999956
4.259169999999802,0.49999999999999956
4.260839999999802,0.49999999999999956
4.262509999999802,0.49999999999999956
4.264179999999802,0.49999999999999956
4.265849999999801,0.49999999999999956
4.267519999999801,0.49999999999999956
4.269189999999801,0.49999999999999956
4.270859999999801,0.49999999999999956
4.272529999999801,0.49999999999999956
4.274199999999801,0.49999999999999956
4.2758699999998,0.49999999999999956
4.2775399999998,0.49999999999999956
4.2792099999998,0.49999999999999956
4.2808799999998,0.49999999999999956
4.2825499999998,0.49999999999999956
4.2842199999998,0.49999999999999956
4.2858899999997995,0.49999999999999956
4.287559999999799,0.49999999999999956
4.289229999999799,0.49999999999999956
4.290899999999799,0.49999999999999956
4.292569999999799,0.49999999999999956
4.294239999999799,0.49999999999999956
4.2959099999997985,0.49999999999999956
4.297579999999798,0.49999999999999956
4.299249999999798,0.49999999999999956
4.300919999999798,0.49999999999999956
4.302589999999798,0.49999999999999956
4.304259999999798,0.49999999999999956
4.3059299999997975,0.49999999999999956
4.307599999999797,0.49999999999999956
4.309269999999797,0.49999999999999956
4.310939999999797,0.49999999999999956
4.312609999999797,0.49999999999999956
4.314279999999797,0.49999999999999956
4.315949999999797,0.49999999999999956
4.317619999999796,0.49999999999999956
4.319289999999796,0.49999999999999956
4.320959999999796,0.49999999999999956
4.322629999999796,0.49999999999999956
4.324299999999796,0.49999999999999956
4.325969999999796,0.49999999999999956
4.327639999999795,0.49999999999999956
4.329309999999795,0.49999999999999956
4.330979999999795,0.49999999999999956
4.332649999999795,0.49999999999999956
4.334319999999795,0.49999999999999956
4.335989999999795,0.49999999999999956
4.3376599999997945,0.49999999999999956
4.339329999999794,0.49999999999999956
4.340999999999794,0.49999999999999956
4.342669999999794,0.49999999999999956
4.344339999999794,0.49999999999999956
4.346009999999794,0.49999999999999956
4.3476799999997935,0.49999999999999956
4.349349999999793,0.49999999999999956
4.351019999999793,0.49999999999999956
4.352689999999793,0.49999999999999956
4.354359999999793,0.49999999999999956
4.356029999999793,0.49999999999999956
4.3576999999997925,0.49999999999999956
4.359369999999792,0.49999999999999956
4.361039999999792,0.49999999999999956
4.362709999999792,0.49999999999999956
4.364379999999792,0.49999999999999956
4.366049999999792,0.49999999999999956
4.3677199999997915,0.49999999999999956
4.369389999999791,0.49999999999999956
4.371059999999791,0.49999999999999956
4.372729999999791,0.49999999999999956
4.374399999999791,0.49999999999999956
4.376069999999791,0.49999999999999956
4.377739999999791,0.49999999999999956
4.37940999999979,0.49999999999999956
4.38107999999979,0.49999999999999956
4.38274999999979,0.49999999999999956
4.38441999999979,0.49999999999999956
4.38608999999979,0.49999999999999956
4.38775999999979,0.49999999999999956
4.3894299999997894,0.49999999999999956
4.391099999999789,0.49999999999999956
4.392769999999789,0.49999999999999956
4.394439999999789,0.49999999999999956
4.396109999999789,0.49999999999999956
4.397779999999789,0.49999999999999956
4.3994499999997885,0.49999999999999956
4.401119999999788,0.49999999999999956
4.402789999999788,0.49999999999999956
4.404459999999788,0.49999999999999956
4.406129999999788,0.49999999999999956
4.407799999999788,0.49999999999999956
4.4094699999997875,0.49999999999999956
4.411139999999787,0.49999999999999956
4.412809999999787,0.49999999999999956
4.414479999999787,0.49999999999999956
4.416149999999787,0.49999999999999956
4.417819999999787,0.49999999999999956
4.4194899999997865,0.49999999999999956
4.421159999999786,0.49999999999999956
4.422829999999786,0.49999999999999956
4.424499999999786,0.49999999999999956
4.426169999999786,0.49999999999999956
4.427839999999786,0.49999999999999956
4.429509999999786,0.49999999999999956
4.431179999999785,0.49999999999999956
4.432849999999785,0.49999999999999956
4.434519999999785,0.49999999999999956
4.436189999999785,0.49999999999999956
4.437859999999785,0.49999999999999956
4.439529999999785,0.49999999999999956
4.441199999999784,0.49999999999999956
4.442869999999784,0.49999999999999956
4.444539999999784,0.49999999999999956
4.446209999999784,0.49999999999999956
4.447879999999784,0.49999999999999956
4.449549999999784,0.49999999999999956
4.4512199999997835,0.49999999999999956
4.452889999999783,0.49999999999999956
4.454559999999783,0.49999999999999956
4.456229999999783,0.49999999999999956
4.457899999999783,0.49999999999999956
4.459569999999783,0.49999999999999956
4.4612399999997825,0.49999999999999956
4.462909999999782,0.49999999999999956
4.464579999999782,0.49999999999999956
4.466249999999782,0.49999999999999956
4.467919999999782,0.49999999999999956
4.469589999999782,0.49999999999999956
4.4712599999997815,0.49999999999999956
4.472929999999781,0.49999999999999956
4.474599999999781,0.49999999999999956
4.476269999999781,0.49999999999999956
4.477939999999781,0.49999999999999956
4.479609999999781,0.49999999999999956
4.4812799999997806,0.49999999999999956
4.48294999999978,0.49999999999999956
4.48461999999978,0.49999999999999956
4.48628999999978,0.49999999999999956
4.48795999999978,0.49999999999999956
4.48962999999978,0.49999999999999956
4.49129999999978,0.49999999999999956
4.492969999999779,0.49999999999999956
4.494639999999779,0.49999999999999956
4.496309999999779,0.49999999999999956
4.497979999999779,0.49999999999999956
4.499649999999779,0.49999999999999956
4.501319999999779,0.5002645136186317
4.5029899999997784,0.500599163424079
4.504659999999778,0.5009338132295267
4.506329999999778,0.501268463034974
4.507999999999778,0.5016031128404213
4.509669999999778,0.501937762645869
4.511339999999778,0.5022724124513163
4.5130099999997775,0.5026070622567635
4.514679999999777,0.5029417120622113
4.516349999999777,0.5032763618676586
4.518019999999777,0.5036110116731063
4.519689999999777,0.5039456614785536
4.521359999999777,0.5042803112840009
4.5230299999997765,0.5046149610894486
4.524699999999776,0.5049496108948959
4.526369999999776,0.5052842607003432
4.528039999999776,0.5056189105057909
4.529709999999776,0.5059535603112382
4.531379999999776,0.5062882101166855
4.5330499999997755,0.5066228599221332
4.534719999999775,0.5069575097275805
4.536389999999775,0.5072921595330278
4.538059999999775,0.5076268093384755
4.539729999999775,0.5079614591439228
4.541399999999775,0.50829610894937
4.543069999999775,0.5086307587548178
4.544739999999774,0.5089654085602651
4.546409999999774,0.5093000583657123
4.548079999999774,0.5096347081711601
4.549749999999774,0.5099693579766074
4.551419999999774,0.5103040077820546
4.553089999999774,0.5106386575875024
4.554759999999773,0.5109733073929497
4.556429999999773,0.5113079571983974
4.558099999999773,0.5116426070038447
4.559769999999773,0.511977256809292
4.561439999999773,0.5123119066147397
4.563109999999773,0.512646556420187
4.5647799999997725,0.5129812062256343
4.566449999999772,0.513315856031082
4.568119999999772,0.5136505058365293
4.569789999999772,0.5139851556419766
4.571459999999772,0.5143198054474243
4.573129999999772,0.5146544552528716
4.5747999999997715,0.5149891050583189
4.576469999999771,0.5153237548637666
4.578139999999771,0.5156584046692139
4.579809999999771,0.5159930544746612
4.581479999999771,0.5163277042801089
4.583149999999771,0.5166623540855562
4.5848199999997705,0.5169970038910034
4.58648999999977,0.5173316536964512
4.58815999999977,0.5176663035018985
4.58982999999977,0.5180009533073457
4.59149999999977,0.5183356031127935
4.59316999999977,0.5186702529182408
4.5948399999997696,0.519004902723688
4.596509999999769,0.5193395525291358
4.598179999999769,0.5196742023345831
4.599849999999769,0.5200088521400308
4.601519999999769,0.5203435019454781
4.603189999999769,0.5206781517509254
4.604859999999769,0.5210128015563731
4.606529999999768,0.5213474513618204
4.608199999999768,0.5216821011672677
4.609869999999768,0.5220167509727154
4.611539999999768,0.5223514007781627
4.613209999999768,0.52268605058361
4.614879999999768,0.5230207003890577
4.6165499999997675,0.523355350194505
4.618219999999767,0.5236899999999522
4.619889999999767,0.5240246498054
4.621559999999767,0.5243592996108473
4.623229999999767,0.5246939494162945
4.624899999999767,0.5250285992217423
4.6265699999997665,0.5253632490271896
4.628239999999766,0.5256978988326368
4.629909999999766,0.5260325486380846
4.631579999999766,0.5263671984435319
4.633249999999766,0.5267018482489791
4.634919999999766,0.5270364980544269
4.6365899999997655,0.5273711478598742
4.638259999999765,0.5277057976653219
4.639929999999765,0.5280404474707692
4.641599999999765,0.5283750972762165
4.643269999999765,0.5287097470816642
4.644939999999765,0.5290443968871115
4.6466099999997645,0.5293790466925588
4.648279999999764,0.5297136964980065
4.649949999999764,0.5300483463034538
4.651619999999764,0.530382996108901
4.653289999999764,0.5307176459143488
4.654959999999764,0.5310522957197961
4.656629999999764,0.5313869455252433
4.658299999999763,0.5317215953306911
4.659969999999763,0.5320562451361384
4.661639999999763,0.5323908949415856
4.663309999999763,0.5327255447470334
4.664979999999763,0.5330601945524807
4.666649999999763,0.5333948443579279
4.668319999999762,0.5337294941633757
4.669989999999762,0.534064143968823
4.671659999999762,0.5343987937742702
4.673329999999762,0.534733443579718
4.674999999999762,0.5350680933851653
4.676669999999762,0.5354027431906125
4.6783399999997615,0.5357373929960603
4.680009999999761,0.5360720428015076
4.681679999999761,0.5364066926069548
4.683349999999761,0.5367413424124026
4.685019999999761,0.5370759922178499
4.686689999999761,0.5374106420232976
4.6883599999997605,0.5377452918287449
4.69002999999976,0.5380799416341921
4.69169999999976,0.5384145914396399
4.69336999999976,0.5387492412450872
4.69503999999976,0.5390838910505344
4.69670999999976,0.5394185408559822
4.6983799999997595,0.5397531906614295
4.700049999999759,0.5400878404668767
4.701719999999759,0.5404224902723245
4.703389999999759,0.5407571400777718
4.705059999999759,0.541091789883219
4.706729999999759,0.5414264396886668
4.708399999999759,0.5417610894941141
4.710069999999758,0.5420957392995613
4.711739999999758,0.5424303891050091
4.713409999999758,0.5427650389104564
4.715079999999758,0.5430996887159036
4.716749999999758,0.5434343385213514
4.718419999999758,0.5437689883267987
4.720089999999757,0.5441036381322459
4.721759999999757,0.5444382879376937
4.723429999999757,0.544772937743141
4.725099999999757,0.5451075875485887
4.726769999999757,0.545442237354036
4.728439999999757,0.5457768871594832
4.7301099999997565,0.546111536964931
4.731779999999756,0.5464461867703783
4.733449999999756,0.5467808365758255
4.735119999999756,0.5471154863812733
4.736789999999756,0.5474501361867206
4.738459999999756,0.5477847859921678
4.7401299999997555,0.5481194357976156
4.741799999999755,0.5484540856030629
4.743469999999755,0.5487887354085101
4.745139999999755,0.5491233852139579
4.746809999999755,0.5494580350194052
4.748479999999755,0.5497926848248524
4.7501499999997545,0.5501273346303002
4.751819999999754,0.5504619844357475
4.753489999999754,0.5507966342411947
4.755159999999754,0.5511312840466425
4.756829999999754,0.5514659338520898
4.758499999999754,0.551800583657537
4.7601699999997535,0.5521352334629848
4.761839999999753,0.552469883268432
4.763509999999753,0.5528045330738793
4.765179999999753,0.5531391828793271
4.766849999999753,0.5534738326847743
4.768519999999753,0.5538084824902221
4.770189999999753,0.5541431322956694
4.771859999999752,0.5544777821011166
4.773529999999752,0.5548124319065644
4.775199999999752,0.5551470817120117
4.776869999999752,0.5554817315174589
4.778539999999752,0.5558163813229067
4.780209999999752,0.556151031128354
4.781879999999751,0.5564856809338012
4.783549999999751,0.556820330739249
4.785219999999751,0.5571549805446963
4.786889999999751,0.5574896303501435
4.788559999999751,0.5578242801555913
4.790229999999751,0.5581589299610386
4.7918999999997505,0.5584935797664858
4.79356999999975,0.5588282295719336
4.79523999999975,0.5591628793773809
4.79690999999975,0.5594975291828281
4.79857999999975,0.5598321789882759
4.80024999999975,0.5601668287937231
4.8019199999997495,0.5605014785991704
4.803589999999749,0.5608361284046184
4.805259999999749,0.5611707782100657
4.806929999999749,0.561505428015513
4.808599999999749,0.5618400778209607
4.810269999999749,0.562174727626408
4.8119399999997485,0.5625093774318557
4.813609999999748,0.562844027237303
4.815279999999748,0.5631786770427503
4.816949999999748,0.563513326848198
4.818619999999748,0.5638479766536453
4.820289999999748,0.5641826264590926
4.821959999999748,0.5645172762645403
4.823629999999747,0.5648519260699876
4.825299999999747,0.5651865758754349
4.826969999999747,0.5655212256808826
4.828639999999747,0.5658558754863299
4.830309999999747,0.5661905252917772
4.831979999999747,0.5665251750972249
4.833649999999746,0.5668598249026722
4.835319999999746,0.5671944747081195
4.836989999999746,0.5675291245135672
4.838659999999746,0.5678637743190145
4.840329999999746,0.5681984241244618
4.841999999999746,0.5685330739299095
4.8436699999997455,0.5688677237353568
4.845339999999745,0.569202373540804
4.847009999999745,0.5695370233462518
4.848679999999745,0.5698716731516991
4.850349999999745,0.5702063229571463
4.852019999999745,0.5705409727625941
4.8536899999997445,0.5708756225680414
4.855359999999744,0.5712102723734891
4.857029999999744,0.5715449221789364
4.858699999999744,0.5718795719843837
4.860369999999744,0.5722142217898314
4.862039999999744,0.5725488715952787
4.8637099999997435,0.572883521400726
4.865379999999743,0.5732181712061737
4.867049999999743,0.573552821011621
4.868719999999743,0.5738874708170683
4.870389999999743,0.574222120622516
4.872059999999743,0.5745567704279633
4.8737299999997425,0.5748914202334106
4.875399999999742,0.5752260700388583
4.877069999999742,0.5755607198443056
4.878739999999742,0.5758953696497529
4.880409999999742,0.5762300194552006
4.882079999999742,0.5765646692606479
4.883749999999742,0.5768993190660952
4.885419999999741,0.5772339688715429
4.887089999999741,0.5775686186769902
4.888759999999741,0.5779032684824374
4.890429999999741,0.5782379182878852
4.892099999999741,0.5785725680933325
4.893769999999741,0.5789072178987802
4.89543999999974,0.5792418677042275
4.89710999999974,0.5795765175096748
4.89877999999974,0.5799111673151225
4.90044999999974,0.5802458171205698
4.90211999999974,0.5805804669260171
4.90378999999974,0.5809151167314648
4.9054599999997395,0.5812497665369121
4.907129999999739,0.5815844163423594
4.908799999999739,0.5819190661478071
4.910469999999739,0.5822537159532544
4.912139999999739,0.5825883657587017
4.913809999999739,0.5829230155641494
4.9154799999997385,0.5832576653695967
4.917149999999738,0.583592315175044
4.918819999999738,0.5839269649804917
4.920489999999738,0.584261614785939
4.922159999999738,0.5845962645913862
4.923829999999738,0.584930914396834
4.9254999999997375,0.5852655642022813
4.927169999999737,0.5856002140077285
4.928839999999737,0.5859341747572284
4.930509999999737,0.5862665533980052
4.932179999999737,0.5865989320387819
4.933849999999737,0.5869313106795586
4.935519999999737,0.5872636893203353
4.937189999999736,0.5875960679611116
4.938859999999736,0.5879284466018884
4.940529999999736,0.5882608252426651
4.942199999999736,0.5885932038834418
4.943869999999736,0.5889255825242186
4.945539999999736,0.5892579611649953
4.947209999999735,0.5895903398057716
4.948879999999735,0.5899227184465483
4.950549999999735,0.590255097087325
4.952219999999735,0.5905874757281018
4.953889999999735,0.5909198543688785
4.955559999999735,0.5912522330096552
4.9572299999997345,0.591584611650432
4.958899999999734,0.5919169902912083
4.960569999999734,0.592249368931985
4.962239999999734,0.5925817475727617
4.963909999999734,0.5929141262135385
4.965579999999734,0.5932465048543152
4.9672499999997335,0.5935788834950919
4.968919999999733,0.5939112621358682
4.970589999999733,0.5942436407766449
4.972259999999733,0.5945760194174217
4.973929999999733,0.5949083980581984
4.975599999999733,0.5952407766989751
4.9772699999997325,0.5955731553397519
4.978939999999732,0.5959055339805281
4.980609999999732,0.5962379126213049
4.982279999999732,0.5965702912620816
4.983949999999732,0.5969026699028583
4.985619999999732,0.5972350485436351
4.9872899999997315,0.5975674271844118
4.988959999999731,0.5978998058251885
4.990629999999731,0.5982321844659648
4.992299999999731,0.5985645631067416
4.993969999999731,0.5988969417475183
4.995639999999731,0.599229320388295
4.997309999999731,0.599561699029072
4.99897999999973,0.5998940776698487
5.00064999999973,0.600226456310625
5.00231999999973,0.6005588349514017
5.00398999999973,0.6008912135921785
5.00565999999973,0.6012235922329552
5.00732999999973,0.6015559708737319
5.0089999999997294,0.6018883495145086
5.010669999999729,0.6022207281552849
5.012339999999729,0.6025531067960617
5.014009999999729,0.6028854854368384
5.015679999999729,0.6032178640776151
5.017349999999729,0.6035502427183919
5.0190199999997285,0.6038826213591686
5.020689999999728,0.6042149999999453
5.022359999999728,0.6045473786407216
5.024029999999728,0.6048797572814983
5.025699999999728,0.6052121359222751
5.027369999999728,0.6055445145630518
5.0290399999997275,0.6058768932038285
5.030709999999727,0.6062092718446053
5.032379999999727,0.6065416504853816
5.034049999999727,0.6068740291261583
5.035719999999727,0.607206407766935
5.037389999999727,0.6075387864077118
5.0390599999997265,0.6078711650484885
5.040729999999726,0.6082035436892652
5.042399999999726,0.6085359223300415
5.044069999999726,0.6088683009708182
5.045739999999726,0.609200679611595
5.047409999999726,0.6095330582523717
5.049079999999726,0.6098654368931484
5.050749999999725,0.6101978155339252
5.052419999999725,0.6105301941747019
5.054089999999725,0.6108625728154782
5.055759999999725,0.6111949514562549
5.057429999999725,0.6115273300970316
5.059099999999725,0.6118597087378084
5.060769999999724,0.6121920873785851
5.062439999999724,0.6125244660193618
5.064109999999724,0.6128568446601381
5.065779999999724,0.6131892233009149
5.067449999999724,0.6135216019416916
5.069119999999724,0.6138539805824683
5.0707899999997235,0.614186359223245
5.072459999999723,0.614520194552473
5.074129999999723,0.6148548443579203
5.075799999999723,0.6151894941633675
5.077469999999723,0.6155241439688153
5.079139999999723,0.6158587937742626
5.0808099999997225,0.6161934435797098
5.082479999999722,0.6165280933851576
5.084149999999722,0.6168627431906049
5.085819999999722,0.6171973929960521
5.087489999999722,0.6175320428014999
5.089159999999722,0.6178666926069472
5.0908299999997215,0.6182013424123944
5.092499999999721,0.6185359922178422
5.094169999999721,0.6188706420232895
5.095839999999721,0.6192052918287367
5.097509999999721,0.6195399416341845
5.099179999999721,0.6198745914396318
5.1008499999997206,0.620209241245079
5.10251999999972,0.6205438910505268
5.10418999999972,0.620878540855974
5.10585999999972,0.6212131906614213
5.10752999999972,0.6215478404668691
5.10919999999972,0.6218824902723163
5.11086999999972,0.6222171400777636
5.112539999999719,0.6225517898832114
5.114209999999719,0.6228864396886586
5.115879999999719,0.6232210894941064
5.117549999999719,0.6235557392995537
5.119219999999719,0.6238903891050009
5.120889999999719,0.6242250389104487
5.1225599999997184,0.624559688715896
5.124229999999718,0.6248943385213432
5.125899999999718,0.625228988326791
5.127569999999718,0.6255636381322383
5.129239999999718,0.6258982879376855
5.130909999999718,0.6262329377431333
5.1325799999997175,0.6265675875485806
5.134249999999717,0.6269022373540278
5.135919999999717,0.6272368871594756
5.137589999999717,0.6275715369649228
5.139259999999717,0.6279061867703701
5.140929999999717,0.6282408365758179
5.1425999999997165,0.6285754863812651
5.144269999999716,0.6289101361867124
5.145939999999716,0.6292447859921602
5.147609999999716,0.6295794357976074
5.149279999999716,0.6299140856030547
5.150949999999716,0.6302487354085025
5.1526199999997155,0.6305833852139497
5.154289999999715,0.630918035019397
5.155959999999715,0.6312526848248448
5.157629999999715,0.631587334630292
5.159299999999715,0.6319219844357398
5.160969999999715,0.632256634241187
5.162639999999715,0.6325912840466343
5.164309999999714,0.6329259338520821
5.165979999999714,0.6332605836575294
5.167649999999714,0.6335952334629766
5.169319999999714,0.6339298832684244
5.170989999999714,0.6342645330738717
5.172659999999714,0.6345991828793189
5.174329999999713,0.6349338326847667
5.175999999999713,0.635268482490214
5.177669999999713,0.6356031322956612
5.179339999999713,0.635937782101109
5.181009999999713,0.6362724319065562
5.182679999999713,0.6366070817120035
5.1843499999997125,0.6369417315174513
5.186019999999712,0.6372763813228985
5.187689999999712,0.6376110311283458
5.189359999999712,0.6379456809337936
5.191029999999712,0.6382803307392408
5.192699999999712,0.6386149805446881
5.1943699999997115,0.6389496303501359
5.196039999999711,0.6392842801555831
5.197709999999711,0.6396189299610309
5.199379999999711,0.6399535797664782
5.201049999999711,0.6402882295719254
5.202719999999711,0.6406228793773732
5.2043899999997105,0.6409575291828205
5.20605999999971,0.6412921789882677
5.20772999999971,0.6416268287937155
5.20939999999971,0.6419614785991627
5.21106999999971,0.64229612840461
5.21273999999971,0.6426307782100578
5.2144099999997096,0.642965428015505
5.216079999999709,0.6433000778209523
5.217749999999709,0.6436347276264001
5.219419999999709,0.6439693774318473
5.221089999999709,0.6443040272372946
5.222759999999709,0.6446386770427424
5.224429999999709,0.6449733268481896
5.226099999999708,0.6453079766536369
5.227769999999708,0.6456426264590847
5.229439999999708,0.6459772762645319
5.231109999999708,0.6463119260699792
5.232779999999708,0.646646575875427
5.234449999999708,0.6469812256808742
5.2361199999997075,0.6473158754863215
5.237789999999707,0.6476505252917693
5.239459999999707,0.6479851750972165
5.241129999999707,0.6483198249026643
5.242799999999707,0.6486544747081116
5.244469999999707,0.6489891245135588
5.2461399999997065,0.6493237743190066
5.247809999999706,0.6496584241244538
5.249479999999706,0.6499930739299011
5.251149999999706,0.6503277237353489
5.252819999999706,0.6506623735407961
5.254489999999706,0.6509970233462434
5.2561599999997055,0.6513316731516912
5.257829999999705,0.6516663229571384
5.259499999999705,0.6520009727625857
5.261169999999705,0.6523356225680335
5.262839999999705,0.6526702723734807
5.264509999999705,0.653004922178928
5.2661799999997045,0.6533395719843758
5.267849999999704,0.653674221789823
5.269519999999704,0.6540088715952703
5.271189999999704,0.654343521400718
5.272859999999704,0.6546781712061653
5.274529999999704,0.6550128210116126
5.276199999999704,0.6553474708170604
5.277869999999703,0.6556821206225076
5.279539999999703,0.6560167704279549
5.281209999999703,0.6563514202334026
5.282879999999703,0.6566860700388499
5.284549999999703,0.6570207198442977
5.286219999999703,0.657355369649745
5.287889999999702,0.6576900194551922
5.289559999999702,0.65802466926064
5.291229999999702,0.6583593190660872
5.292899999999702,0.6586939688715345
5.294569999999702,0.6590286186769823
5.296239999999702,0.6593632684824295
5.2979099999997015,0.6596979182878768
5.299579999999701,0.6600325680933246
5.301249999999701,0.6603672178987718
5.302919999999701,0.6607018677042191
5.304589999999701,0.6610365175096669
5.306259999999701,0.6613711673151141
5.3079299999997005,0.6617058171205614
5.3095999999997,0.6620404669260092
5.3112699999997,0.6623751167314564
5.3129399999997,0.6627097665369037
5.3146099999997,0.6630444163423515
5.3162799999997,0.6633790661477987
5.3179499999996995,0.663713715953246
5.319619999999699,0.6640483657586937
5.321289999999699,0.664383015564141
5.322959999999699,0.6647176653695883
5.324629999999699,0.665052315175036
5.326299999999699,0.6653869649804833
5.327969999999699,0.6657216147859311
5.329639999999698,0.6660562645913783
5.331309999999698,0.6663909143968256
5.332979999999698,0.6667255642022734
5.334649999999698,0.6670602140077206
5.336319999999698,0.6673948638131679
5.337989999999698,0.6677295136186157
5.339659999999697,0.6680641634240629
5.341329999999697,0.6683988132295102
5.342999999999697,0.668733463034958
5.344669999999697,0.6690681128404052
5.346339999999697,0.6694027626458525
5.348009999999697,0.6697374124513003
5.3496799999996965,0.6700720622567475
5.351349999999696,0.6704067120621948
5.353019999999696,0.6707413618676425
5.354689999999696,0.6710760116730898
5.356359999999696,0.6714106614785371
5.358029999999696,0.6717438349513949
5.3596999999996955,0.6720762135921716
5.361369999999695,0.6724085922329479
5.363039999999695,0.6727409708737246
5.364709999999695,0.6730733495145014
5.366379999999695,0.6734057281552781
5.368049999999695,0.6737381067960548
5.3697199999996945,0.6740704854368316
5.371389999999694,0.6744028640776083
5.373059999999694,0.6747352427183846
5.374729999999694,0.6750676213591613
5.376399999999694,0.675399999999938
5.378069999999694,0.6757323786407148
5.3797399999996935,0.6760647572814915
5.381409999999693,0.6763971359222682
5.383079999999693,0.676729514563045
5.384749999999693,0.6770618932038213
5.386419999999693,0.677394271844598
5.388089999999693,0.6777266504853747
5.389759999999693,0.6780590291261515
5.391429999999692,0.6783914077669282
5.393099999999692,0.6787237864077049
5.394769999999692,0.6790561650484817
5.396439999999692,0.6793885436892579
5.398109999999692,0.6797209223300347
5.399779999999692,0.6800533009708114
5.401449999999691,0.6803856796115881
5.403119999999691,0.6807180582523649
5.404789999999691,0.6810504368931416
5.406459999999691,0.6813828155339183
5.408129999999691,0.6817151941746946
5.409799999999691,0.6820475728154713
5.4114699999996905,0.6823799514562481
5.41313999999969,0.6827123300970248
5.41480999999969,0.6830447087378015
5.41647999999969,0.6833770873785783
5.41814999999969,0.6837094660193546
5.41981999999969,0.6840418446601313
5.4214899999996895,0.684374223300908
5.423159999999689,0.6847066019416848
5.424829999999689,0.6850389805824615
5.426499999999689,0.6853713592232382
5.428169999999689,0.685703737864015
5.429839999999689,0.6860361165047912
5.4315099999996885,0.686368495145568
5.433179999999688,0.6867008737863447
5.434849999999688,0.6870332524271214
5.436519999999688,0.6873656310678982
5.438189999999688,0.6876980097086749
5.439859999999688,0.6880303883494516
5.441529999999688,0.6883627669902279
5.443199999999687,0.6886951456310046
5.444869999999687,0.6890275242717814
5.446539999999687,0.6893599029125581
5.448209999999687,0.6896922815533348
5.449879999999687,0.6900246601941116
5.451549999999687,0.6903570388348883
5.453219999999686,0.6906894174756646
5.454889999999686,0.6910217961164413
5.456559999999686,0.691354174757218
5.458229999999686,0.6916865533979948
5.459899999999686,0.6920189320387715
5.461569999999686,0.6923513106795482
5.4632399999996855,0.692683689320325
5.464909999999685,0.6930160679611013
5.466579999999685,0.693348446601878
5.468249999999685,0.6936808252426547
5.469919999999685,0.6940132038834315
5.471589999999685,0.6943455825242082
5.4732599999996845,0.6946779611649849
5.474929999999684,0.6950103398057617
5.476599999999684,0.6953427184465379
5.478269999999684,0.6956750970873147
5.479939999999684,0.6960074757280914
5.481609999999684,0.6963398543688681
5.4832799999996835,0.6966722330096449
5.484949999999683,0.6970046116504216
5.486619999999683,0.6973369902911983
5.488289999999683,0.6976693689319746
5.489959999999683,0.6980017475727514
5.491629999999683,0.6983341262135281
5.4932999999996825,0.6986665048543048
5.494969999999682,0.6989988834950815
5.496639999999682,0.6993312621358583
5.498309999999682,0.6996636407766346
5.499979999999682,0.6999960194174113
5.501649999999682,0.7004943579765568
5.503319999999682,0.7009947081711094
5.504989999999681,0.7014950583656616
5.506659999999681,0.7019954085602143
5.508329999999681,0.7024957587547669
5.509999999999681,0.7029961089493191
5.511669999999681,0.7034964591438717
5.513339999999681,0.7039968093384243
5.5150099999996804,0.7044971595329765
5.51667999999968,0.7049975097275292
5.51834999999968,0.7054978599220818
5.52001999999968,0.705998210116634
5.52168999999968,0.7064985603111866
5.52335999999968,0.7069989105057393
5.5250299999996795,0.7074992607002915
5.526699999999679,0.7079996108948441
5.528369999999679,0.7084999610893967
5.530039999999679,0.7090003112839489
5.531709999999679,0.7095006614785015
5.533379999999679,0.7100010116730542
5.5350499999996785,0.7105013618676064
5.536719999999678,0.711001712062159
5.538389999999678,0.7115020622567112
5.540059999999678,0.7120024124512638
5.541729999999678,0.7125027626458165
5.543399999999678,0.7130031128403687
5.5450699999996775,0.7135034630349213
5.546739999999677,0.7140038132294739
5.548409999999677,0.7145041634240261
5.550079999999677,0.7150045136185788
5.551749999999677,0.7155048638131318
5.553419999999677,0.716005214007684
5.555089999999677,0.7165055642022367
5.556759999999676,0.7170059143967893
5.558429999999676,0.7175062645913415
5.560099999999676,0.7180066147858941
5.561769999999676,0.7185069649804467
5.563439999999676,0.7190073151749989
5.565109999999676,0.7195076653695516
5.566779999999675,0.7200080155641042
5.568449999999675,0.7205083657586564
5.570119999999675,0.721008715953209
5.571789999999675,0.7215090661477617
5.573459999999675,0.7220094163423139
5.575129999999675,0.7225097665368665
5.5767999999996745,0.7230101167314191
5.578469999999674,0.7235104669259713
5.580139999999674,0.724010817120524
5.581809999999674,0.7245111673150761
5.583479999999674,0.7250115175096288
5.585149999999674,0.7255118677041814
5.5868199999996735,0.7260122178987336
5.588489999999673,0.7265125680932862
5.590159999999673,0.7270129182878389
5.591829999999673,0.7275132684823911
5.593499999999673,0.7280136186769437
5.595169999999673,0.7285139688714963
5.5968399999996725,0.7290143190660485
5.598509999999672,0.7295146692606012
5.600179999999672,0.7300150194551538
5.601849999999672,0.730515369649706
5.603519999999672,0.7310157198442586
5.605189999999672,0.7315160700388113
5.6068599999996716,0.7320164202333634
5.608529999999671,0.7325167704279161
5.610199999999671,0.7330171206224687
5.611869999999671,0.7335174708170209
5.613539999999671,0.7340178210115735
5.615209999999671,0.7345181712061262
5.616879999999671,0.7350185214006784
5.61854999999967,0.735518871595231
5.62021999999967,0.7360192217897832
5.62188999999967,0.7365195719843358
5.62355999999967,0.7370199221788885
5.62522999999967,0.7375202723734406
5.62689999999967,0.7380206225679933
5.6285699999996694,0.7385209727625459
5.630239999999669,0.7390213229570981
5.631909999999669,0.7395216731516507
5.633579999999669,0.7400220233462034
5.635249999999669,0.7405223735407556
5.636919999999669,0.7410227237353082
5.6385899999996685,0.7415230739298608
5.640259999999668,0.742023424124413
5.641929999999668,0.7425237743189657
5.643599999999668,0.7430241245135183
5.645269999999668,0.7435244747080705
5.646939999999668,0.7440248249026231
5.6486099999996675,0.7445251750971758
5.650279999999667,0.7450255252917279
5.651949999999667,0.7455258754862806
5.653619999999667,0.7460262256808332
5.655289999999667,0.7465265758753854
5.656959999999667,0.747026926069938
5.6586299999996665,0.7475272762644907
5.660299999999666,0.7480276264590429
5.661969999999666,0.7485279766535955
5.663639999999666,0.7490283268481477
5.665309999999666,0.7495286770427003
5.666979999999666,0.750029027237253
5.668649999999666,0.7505293774318051
5.670319999999665,0.7510297276263578
5.671989999999665,0.7515300778209104
5.673659999999665,0.7520304280154626
5.675329999999665,0.7525307782100152
5.676999999999665,0.7530311284045679
5.678669999999665,0.7535314785991201
5.680339999999664,0.7540318287936727
5.682009999999664,0.7545321789882253
5.683679999999664,0.7550325291827775
5.685349999999664,0.7555328793773302
5.687019999999664,0.7560332295718828
5.688689999999664,0.756533579766435
5.6903599999996635,0.7570339299609876
5.692029999999663,0.7575342801555403
5.693699999999663,0.7580346303500924
5.695369999999663,0.7585349805446451
5.697039999999663,0.7590353307391977
5.698709999999663,0.7595356809337499
5.7003799999996625,0.7600360311283025
5.702049999999662,0.7605363813228552
5.703719999999662,0.7610367315174074
5.705389999999662,0.76153708171196
5.707059999999662,0.7620374319065122
5.708729999999662,0.7625377821010648
5.7103999999996615,0.7630381322956175
5.712069999999661,0.7635384824901696
5.713739999999661,0.7640388326847223
5.715409999999661,0.7645391828792749
5.717079999999661,0.7650395330738271
5.718749999999661,0.7655398832683797
5.7204199999996606,0.7660402334629324
5.72208999999966,0.7665405836574846
5.72375999999966,0.7670409338520372
5.72542999999966,0.7675412840465898
5.72709999999966,0.768041634241142
5.72876999999966,0.7685419844356947
5.73043999999966,0.7690423346302473
5.732109999999659,0.7695426848247995
5.733779999999659,0.7700430350193521
5.735449999999659,0.7705433852139048
5.737119999999659,0.7710437354084569
5.738789999999659,0.7715440856030096
5.740459999999659,0.7720444357975622
5.7421299999996585,0.7725447859921144
5.743799999999658,0.773045136186667
5.745469999999658,0.7735454863812197
5.747139999999658,0.7740458365757719
5.748809999999658,0.7745461867703245
5.750479999999658,0.7750465369648771
5.7521499999996575,0.7755468871594298
5.753819999999657,0.7760472373539824
5.755489999999657,0.7765475875485346
5.757159999999657,0.7770479377430872
5.758829999999657,0.7775482879376399
5.760499999999657,0.778048638132192
5.7621699999996565,0.7785489883267447
5.763839999999656,0.7790493385212973
5.765509999999656,0.7795496887158495
5.767179999999656,0.7800500389104021
5.768849999999656,0.7805503891049548
5.770519999999656,0.781050739299507
5.7721899999996555,0.7815510894940596
5.773859999999655,0.7820514396886122
5.775529999999655,0.7825517898831644
5.777199999999655,0.7830521400777171
5.778869999999655,0.7835524902722697
5.780539999999655,0.7840528404668219
5.782209999999655,0.7845531906613745
5.783879999999654,0.7850535408559272
5.785549999999654,0.7855538910504793
5.787219999999654,0.786054241245032
5.788889999999654,0.7865545914395842
5.790559999999654,0.7870549416341368
5.792229999999654,0.7875552918286894
5.793899999999653,0.7880556420232416
5.795569999999653,0.7885559922177943
5.797239999999653,0.7890563424123469
5.798909999999653,0.7895566926068991
5.800579999999653,0.7900570428014517
5.802249999999653,0.7905573929960044
5.8039199999996525,0.7910577431905566
5.805589999999652,0.7915580933851092
5.807259999999652,0.7920584435796618
5.808929999999652,0.792558793774214
5.810599999999652,0.7930591439687666
5.812269999999652,0.7935594941633193
5.8139399999996515,0.7940598443578715
5.815609999999651,0.7945601945524241
5.817279999999651,0.7950605447469767
5.818949999999651,0.7955608949415289
5.820619999999651,0.7960612451360816
5.822289999999651,0.7965615953306342
5.8239599999996505,0.7970619455251864
5.82562999999965,0.797562295719739
5.82729999999965,0.7980626459142917
5.82896999999965,0.7985629961088438
5.83063999999965,0.7990633463033965
5.83230999999965,0.7995636964979487
5.83397999999965,0.8000640466925013
5.835649999999649,0.8005643968870539
5.837319999999649,0.8010647470816061
5.838989999999649,0.8015650972761588
5.840659999999649,0.8020654474707114
5.842329999999649,0.8025657976652636
5.843999999999649,0.8030661478598162
5.845669999999648,0.8035664980543689
5.847339999999648,0.804066848248921
5.849009999999648,0.8045671984434737
5.850679999999648,0.8050675486380263
5.852349999999648,0.805567898832579
5.854019999999648,0.8060682490271316
5.8556899999996475,0.8065685992216842
5.857359999999647,0.8070689494162364
5.859029999999647,0.807569299610789
5.860699999999647,0.8080696498053417
5.862369999999647,0.8085699999998939
5.864039999999647,0.8090703501944465
5.8657099999996465,0.8095707003889991
5.867379999999646,0.8100710505835513
5.869049999999646,0.810571400778104
5.870719999999646,0.8110717509726566
5.872389999999646,0.8115721011672088
5.874059999999646,0.8120724513617614
5.8757299999996455,0.8125728015563136
5.877399999999645,0.8130731517508663
5.879069999999645,0.8135735019454189
5.880739999999645,0.8140738521399711
5.882409999999645,0.8145742023345237
5.884079999999645,0.8150745525290763
5.8857499999996445,0.8155749027236285
5.887419999999644,0.8160752529181812
5.889089999999644,0.8165756031127338
5.890759999999644,0.817075953307286
5.892429999999644,0.8175763035018386
5.894099999999644,0.8180766536963913
5.895769999999644,0.8185770038909435
5.897439999999643,0.8190773540854961
5.899109999999643,0.8195777042800487
5.900779999999643,0.8200780544746009
5.902449999999643,0.8205784046691535
5.904119999999643,0.8210787548637062
5.905789999999643,0.8215791050582584
5.907459999999642,0.822079455252811
5.909129999999642,0.8225798054473636
5.910799999999642,0.8230801556419158
5.912469999999642,0.8235805058364685
5.914139999999642,0.8240808560310211
5.915809999999642,0.8245812062255733
5.9174799999996415,0.8250815564201259
5.919149999999641,0.8255819066146781
5.920819999999641,0.8260822568092308
5.922489999999641,0.8265826070037834
5.924159999999641,0.8270829571983356
5.925829999999641,0.8275833073928882
5.9274999999996405,0.8280836575874408
5.92916999999964,0.8285851456309596
5.93083999999964,0.8290877669901828
5.93250999999964,0.829590388349406
5.93417999999964,0.8300930097086292
5.93584999999964,0.8305956310678524
5.9375199999996395,0.8310982524270756
5.939189999999639,0.8316008737862992
5.940859999999639,0.8321034951455224
5.942529999999639,0.8326061165047456
5.944199999999639,0.8331087378639688
5.945869999999639,0.833611359223192
5.947539999999639,0.8341139805824151
5.949209999999638,0.8346166019416388
5.950879999999638,0.8351192233008624
5.952549999999638,0.8356218446600856
5.954219999999638,0.8361244660193088
5.955889999999638,0.836627087378532
5.957559999999638,0.8371297087377552
5.959229999999637,0.8376323300969788
5.960899999999637,0.838134951456202
5.962569999999637,0.8386375728154252
5.964239999999637,0.8391401941746484
5.965909999999637,0.8396428155338715
5.967579999999637,0.8401454368930947
5.9692499999996365,0.8406480582523184
5.970919999999636,0.8411506796115416
5.972589999999636,0.8416533009707647
5.974259999999636,0.8421559223299879
5.975929999999636,0.8426585436892111
5.977599999999636,0.8431611650484343
5.9792699999996355,0.8436637864076575
5.980939999999635,0.8441664077668811
5.982609999999635,0.8446690291261043
5.984279999999635,0.8451716504853275
5.985949999999635,0.8456742718445507
5.987619999999635,0.8461768932037739
5.9892899999996345,0.8466795145629971
5.990959999999634,0.8471821359222207
5.992629999999634,0.8476847572814439
5.994299999999634,0.8481873786406671
5.995969999999634,0.8486899999998903
5.997639999999634,0.8491926213591134
5.9993099999996335,0.8496952427183366
6.000979999999633,0.8501978640775603
6.002649999999633,0.8507004854367834
6.004319999999633,0.8512031067960066
6.005989999999633,0.8517057281552298
6.007659999999633,0.852208349514453
6.009329999999633,0.8527109708736762
6.010999999999632,0.8532135922328994
6.012669999999632,0.853716213592123
6.014339999999632,0.8542188349513462
6.016009999999632,0.8547214563105694
6.017679999999632,0.8552240776697926
6.019349999999632,0.8557266990290158
6.0210199999996314,0.856229320388239
6.022689999999631,0.8567319417474626
6.024359999999631,0.8572345631066858
6.026029999999631,0.857737184465909
6.027699999999631,0.8582398058251322
6.029369999999631,0.8587424271843553
6.0310399999996305,0.8592450485435785
6.03270999999963,0.8597476699028022
6.03437999999963,0.8602502912620253
6.03604999999963,0.8607529126212485
6.03771999999963,0.8612555339804717
6.03938999999963,0.8617581553396949
6.0410599999996295,0.8622607766989181
6.042729999999629,0.8627633980581413
6.044399999999629,0.8632660194173649
6.046069999999629,0.8637686407765881
6.047739999999629,0.8642712621358113
6.049409999999629,0.8647738834950345
6.0510799999996285,0.8652765048542581
6.052749999999628,0.8657791262134813
6.054419999999628,0.8662817475727049
6.056089999999628,0.8667843689319281
6.057759999999628,0.8672869902911513
6.059429999999628,0.8677896116503745
6.061099999999628,0.8682922330095977
6.062769999999627,0.8687948543688209
6.064439999999627,0.8692974757280445
6.066109999999627,0.8698000970872677
6.067779999999627,0.8703027184464909
6.069449999999627,0.8708053398057141
6.071119999999627,0.8713079611649373
6.072789999999626,0.8718086770426909
6.074459999999626,0.8723090272372431
6.076129999999626,0.8728093774317958
6.077799999999626,0.8733097276263484
6.079469999999626,0.8738100778209006
6.081139999999626,0.8743104280154532
6.0828099999996255,0.8748107782100059
6.084479999999625,0.875311128404558
6.086149999999625,0.8758114785991107
6.087819999999625,0.8763118287936633
6.089489999999625,0.8768121789882155
6.091159999999625,0.8773125291827681
6.0928299999996245,0.8778128793773203
6.094499999999624,0.878313229571873
6.096169999999624,0.8788135797664256
6.097839999999624,0.8793139299609778
6.099509999999624,0.8798142801555304
6.101179999999624,0.8803146303500831
6.1028499999996235,0.8808149805446353
6.104519999999623,0.8813153307391879
6.106189999999623,0.8818156809337405
6.107859999999623,0.8823160311282927
6.109529999999623,0.8828163813228453
6.111199999999623,0.883316731517398
6.1128699999996226,0.8838170817119502
6.114539999999622,0.8843174319065028
6.116209999999622,0.8848177821010554
6.117879999999622,0.8853181322956076
6.119549999999622,0.8858184824901603
6.121219999999622,0.8863188326847129
6.122889999999622,0.8868191828792651
6.124559999999621,0.8873195330738177
6.126229999999621,0.8878198832683704
6.127899999999621,0.8883202334629225
6.129569999999621,0.8888205836574752
6.131239999999621,0.8893209338520278
6.132909999999621,0.88982128404658
6.1345799999996204,0.8903216342411326
6.13624999999962,0.8908219844356848
6.13791999999962,0.8913223346302375
6.13958999999962,0.8918226848247901
6.14125999999962,0.8923230350193423
6.14292999999962,0.8928233852138949
6.1445999999996195,0.8933237354084476
6.146269999999619,0.8938240856029998
6.147939999999619,0.8943244357975524
6.149609999999619,0.894824785992105
6.151279999999619,0.8953251361866572
6.152949999999619,0.8958254863812098
6.1546199999996185,0.8963258365757625
6.156289999999618,0.8968261867703147
6.157959999999618,0.8973265369648673
6.159629999999618,0.8978268871594199
6.161299999999618,0.8983272373539721
6.162969999999618,0.8988275875485248
6.1646399999996175,0.8993279377430774
6.166309999999617,0.8998282879376296
6.167979999999617,0.9003286381321822
6.169649999999617,0.9008289883267349
6.171319999999617,0.901329338521287
6.172989999999617,0.9018296887158397
6.174659999999617,0.9023300389103919
6.176329999999616,0.9028303891049445
6.177999999999616,0.9033307392994971
6.179669999999616,0.9038310894940493
6.181339999999616,0.904331439688602
6.183009999999616,0.9048317898831546
6.184679999999616,0.9053321400777068
6.186349999999615,0.9058324902722594
6.188019999999615,0.9063328404668121
6.189689999999615,0.9068331906613643
6.191359999999615,0.9073335408559169
6.193029999999615,0.9078338910504695
6.194699999999615,0.9083342412450217
6.1963699999996145,0.9088345914395743
6.198039999999614,0.909334941634127
6.199709999999614,0.9098352918286792
6.201379999999614,0.9103356420232318
6.203049999999614,0.9108359922177844
6.204719999999614,0.9113363424123366
6.2063899999996135,0.9118366926068893
6.208059999999613,0.9123370428014419
6.209729999999613,0.9128373929959941
6.211399999999613,0.9133377431905467
6.213069999999613,0.9138380933850994
6.214739999999613,0.9143384435796515
6.2164099999996125,0.9148387937742042
6.218079999999612,0.9153391439687568
6.219749999999612,0.915839494163309
6.221419999999612,0.9163398443578616
6.223089999999612,0.9168401945524138
6.224759999999612,0.9173405447469665
6.2264299999996116,0.9178408949415191
6.228099999999611,0.9183412451360713
6.229769999999611,0.9188415953306239
6.231439999999611,0.9193419455251766
6.233109999999611,0.9198422957197288
6.234779999999611,0.9203426459142814
6.236449999999611,0.920842996108834
6.23811999999961,0.9213433463033862
6.23978999999961,0.9218436964979388
6.24145999999961,0.9223440466924915
6.24312999999961,0.9228443968870437
6.24479999999961,0.9233447470815963
6.24646999999961,0.9238450972761489
6.2481399999996095,0.9243454474707011
6.249809999999609,0.9248457976652542
6.251479999999609,0.9253461478598068
6.253149999999609,0.925846498054359
6.254819999999609,0.9263468482489117
6.256489999999609,0.9268471984434643
6.2581599999996085,0.9273475486380165
6.259829999999608,0.9278478988325691
6.261499999999608,0.9283482490271213
6.263169999999608,0.928848599221674
6.264839999999608,0.9293489494162266
6.266509999999608,0.9298492996107788
6.2681799999996075,0.9303496498053314
6.269849999999607,0.930849999999884
6.271519999999607,0.9313503501944362
6.273189999999607,0.9318507003889889
6.274859999999607,0.9323510505835415
6.276529999999607,0.9328514007780937
6.2781999999996065,0.9333517509726463
6.279869999999606,0.933852101167199
6.281539999999606,0.9343524513617512
6.283209999999606,0.9348528015563038
6.284879999999606,0.9353531517508564
6.286549999999606,0.9358535019454086
6.288219999999606,0.9363538521399613
6.289889999999605,0.9368542023345139
6.291559999999605,0.9373545525290661
6.293229999999605,0.9378549027236187
6.294899999999605,0.9383552529181713
6.296569999999605,0.9388556031127235
6.298239999999605,0.9393559533072762
6.299909999999604,0.9398563035018288
6.301579999999604,0.940356653696381
6.303249999999604,0.9408570038909336
6.304919999999604,0.9413573540854858
6.306589999999604,0.9418577042800385
6.308259999999604,0.9423580544745911
6.3099299999996035,0.9428584046691433
6.311599999999603,0.9433587548636959
6.313269999999603,0.9438591050582485
6.314939999999603,0.9443594552528007
6.316609999999603,0.9448598054473534
6.318279999999603,0.945360155641906
6.3199499999996025,0.9458605058364582
6.321619999999602,0.9463608560310108
6.323289999999602,0.9468612062255635
6.324959999999602,0.9473615564201157
6.326629999999602,0.9478619066146683
6.328299999999602,0.9483622568092209
6.3299699999996015,0.9488626070037731
6.331639999999601,0.9493629571983258
6.333309999999601,0.9498633073928784
6.334979999999601,0.9503636575874306
6.336649999999601,0.9508640077819832
6.338319999999601,0.9513643579765358
6.339989999999601,0.951864708171088
6.3416599999996,0.9523650583656407
6.3433299999996,0.9528654085601929
6.3449999999996,0.9533657587547455
6.3466699999996,0.9538661089492981
6.3483399999996,0.9543664591438503
6.3500099999996,0.954866809338403
6.351679999999599,0.955367159532956
6.353349999999599,0.9558675097275082
6.355019999999599,0.9563678599220609
6.356689999999599,0.9568682101166135
6.358359999999599,0.9573704854367744
6.360029999999599,0.9578731067959976
6.3616999999995985,0.9583757281552208
6.363369999999598,0.9588783495144444
6.365039999999598,0.9593809708736676
6.366709999999598,0.9598835922328908
6.368379999999598,0.960386213592114
6.370049999999598,0.9608888349513371
6.3717199999995975,0.9613914563105603
6.373389999999597,0.9618940776697835
6.375059999999597,0.9623966990290072
6.376729999999597,0.9628993203882303
6.378399999999597,0.9634019417474535
6.380069999999597,0.9639045631066767
6.3817399999995965,0.9644071844658999
6.383409999999596,0.9649098058251231
6.385079999999596,0.9654124271843467
6.386749999999596,0.9659150485435699
6.388419999999596,0.9664176699027931
6.390089999999596,0.9669202912620163
6.3917599999995955,0.9674229126212395
6.393429999999595,0.9679255339804627
6.395099999999595,0.9684281553396858
6.396769999999595,0.9689307766989095
6.398439999999595,0.9694333980581327
6.400109999999595,0.9699360194173559
6.401779999999595,0.970438640776579
6.403449999999594,0.9709412621358022
6.405119999999594,0.9714438834950254
6.406789999999594,0.9719465048542486
6.408459999999594,0.9724491262134722
6.410129999999594,0.9729517475726954
6.411799999999594,0.9734543689319186
6.413469999999593,0.9739569902911418
6.415139999999593,0.974459611650365
6.416809999999593,0.9749622330095882
6.418479999999593,0.9754648543688114
6.420149999999593,0.975967475728035
6.421819999999593,0.9764700970872582
6.4234899999995925,0.9769727184464814
6.425159999999592,0.9774753398057046
6.426829999999592,0.9779779611649277
6.428499999999592,0.9784805825241509
6.430169999999592,0.9789832038833741
6.431839999999592,0.9794858252425978
6.4335099999995915,0.9799884466018209
6.435179999999591,0.9804910679610441
6.436849999999591,0.9809936893202673
6.438519999999591,0.9814963106794905
6.440189999999591,0.9819989320387137
6.441859999999591,0.9825015533979369
6.4435299999995905,0.9830041747571605
6.44519999999959,0.9835067961163837
6.44686999999959,0.9840094174756069
6.44853999999959,0.9845120388348301
6.45020999999959,0.9850146601940537
6.45187999999959,0.9855172815532769
6.45354999999959,0.9860199029125005
6.455219999999589,0.9865225242717237
6.456889999999589,0.9870251456309469
6.458559999999589,0.9875277669901701
6.460229999999589,0.9880303883493933
6.461899999999589,0.9885330097086165
6.463569999999589,0.9890356310678396
6.465239999999588,0.9895382524270633
6.466909999999588,0.9900408737862865
6.468579999999588,0.9905434951455097
6.470249999999588,0.9910461165047328
6.471919999999588,0.991548737863956
6.473589999999588,0.9920513592231792
6.4752599999995875,0.9925539805824024
6.476929999999587,0.993056601941626
6.478599999999587,0.9935592233008492
6.480269999999587,0.9940618446600724
6.481939999999587,0.9945644660192956
6.483609999999587,0.9950670873785188
6.4852799999995865,0.995569708737742
6.486949999999586,0.9960723300969652
6.488619999999586,0.9965749514561888
6.490289999999586,0.997077572815412
6.491959999999586,0.9975801941746352
6.493629999999586,0.9980828155338584
6.4952999999995855,0.9985854368930815
6.496969999999585,0.9990880582523047
6.498639999999585,0.9995906796115279
6.500309999999585,1.0000943478259643
6.501979999999585,1.0006026086955293
6.503649999999585,1.0011108695650948
6.5053199999995845,1.0016191304346598
6.506989999999584,1.0021273913042248
6.508659999999584,1.0026356521737902
6.510329999999584,1.0031439130433553
6.511999999999584,1.0036521739129203
6.513669999999584,1.0041604347824857
6.515339999999584,1.0046686956520507
6.517009999999583,1.0051769565216158
6.518679999999583,1.0056852173911812
6.520349999999583,1.0061934782607462
6.522019999999583,1.0067017391303112
6.523689999999583,1.0072099999998767
6.525359999999583,1.0077182608694417
6.527029999999582,1.0082265217390072
6.528699999999582,1.0087347826085722
6.530369999999582,1.0092430434781372
6.532039999999582,1.0097513043477027
6.533709999999582,1.0102595652172677
6.535379999999582,1.0107678260868327
6.5370499999995815,1.0112760869563981
6.538719999999581,1.0117843478259632
6.540389999999581,1.0122926086955282
6.542059999999581,1.0128008695650936
6.543729999999581,1.0133091304346586
6.545399999999581,1.013817391304224
6.5470699999995805,1.0143256521737891
6.54873999999958,1.0148339130433541
6.55040999999958,1.0153421739129196
6.55207999999958,1.0158504347824842
6.55374999999958,1.0163586956520492
6.55541999999958,1.0168669565216146
6.5570899999995795,1.0173752173911796
6.558759999999579,1.0178834782607447
6.560429999999579,1.0183917391303101
6.562099999999579,1.0188999999998751
6.563769999999579,1.0194082608694406
6.565439999999579,1.0199165217390056
6.567109999999579,1.0204247826085706
6.568779999999578,1.020933043478136
6.570449999999578,1.021441304347701
6.572119999999578,1.021949565217266
6.573789999999578,1.0224578260868316
6.575459999999578,1.0229660869563966
6.577129999999578,1.0234721660648591
6.578799999999577,1.023972563176772
6.580469999999577,1.0244729602886857
6.582139999999577,1.0249733574005986
6.583809999999577,1.0254737545125123
6.585479999999577,1.0259741516244252
6.587149999999577,1.026474548736339
6.5888199999995765,1.0269749458482518
6.590489999999576,1.0274753429601655
6.592159999999576,1.0279757400720784
6.593829999999576,1.0284761371839921
6.595499999999576,1.028976534295905
6.597169999999576,1.0294769314078187
6.5988399999995755,1.0299773285197316
6.600509999999575,1.0304777256316453
6.602179999999575,1.0309781227435582
6.603849999999575,1.031478519855472
6.605519999999575,1.0319789169673848
6.607189999999575,1.0324793140792985
6.6088599999995745,1.0329797111912113
6.610529999999574,1.033480108303125
6.612199999999574,1.033980505415038
6.613869999999574,1.0344809025269517
6.615539999999574,1.0349812996388645
6.617209999999574,1.0354816967507783
6.6188799999995735,1.0359820938626911
6.620549999999573,1.0364824909746049
6.622219999999573,1.0369828880865177
6.623889999999573,1.0374832851984315
6.625559999999573,1.0379836823103452
6.627229999999573,1.038484079422258
6.628899999999573,1.0389844765341718
6.630569999999572,1.0394848736460847
6.632239999999572,1.0399852707579984
6.633909999999572,1.0404856678699113
6.635579999999572,1.040986064981825
6.637249999999572,1.0414864620937379
6.638919999999572,1.0419868592056516
6.6405899999995714,1.0424872563175644
6.642259999999571,1.0429876534294782
6.643929999999571,1.043488050541391
6.645599999999571,1.0439884476533048
6.647269999999571,1.0444888447652176
6.648939999999571,1.0449892418771314
6.6506099999995705,1.0454896389890442
6.65227999999957,1.045990036100958
6.65394999999957,1.0464904332128708
6.65561999999957,1.0469908303247846
6.65728999999957,1.0474912274366974
6.65895999999957,1.0479916245486112
6.6606299999995695,1.048492021660524
6.662299999999569,1.0489924187724378
6.663969999999569,1.0494928158843515
6.665639999999569,1.0499932129962644
6.667309999999569,1.050493610108178
6.668979999999569,1.050994007220091
6.6706499999995685,1.0514944043320047
6.672319999999568,1.0519948014439175
6.673989999999568,1.0524951985558313
6.675659999999568,1.0529955956677441
6.677329999999568,1.0534959927796579
6.678999999999568,1.0539963898915707
6.680669999999568,1.0544967870034845
6.682339999999567,1.0549971841153973
6.684009999999567,1.055497581227311
6.685679999999567,1.0559979783392248
6.687349999999567,1.0564983754511377
6.689019999999567,1.0569987725630514
6.690689999999567,1.0574991696749643
6.692359999999566,1.057999566786878
6.694029999999566,1.0584999638987909
6.695699999999566,1.0590003610107046
6.697369999999566,1.0595007581226175
6.699039999999566,1.0600011552345312
6.700709999999566,1.060501552346444
6.7023799999995655,1.0610019494583578
6.704049999999565,1.0615023465702706
6.705719999999565,1.0620027436821844
6.707389999999565,1.0625031407940981
6.709059999999565,1.063003537906011
6.710729999999565,1.0635039350179247
6.7123999999995645,1.0640043321298376
6.714069999999564,1.0645047292417513
6.715739999999564,1.0650051263536642
6.717409999999564,1.065505523465578
6.719079999999564,1.0660059205774908
6.720749999999564,1.0665063176894045
6.7224199999995635,1.0670067148013174
6.724089999999563,1.067507111913231
6.725759999999563,1.068007509025144
6.727429999999563,1.0685079061370577
6.729099999999563,1.0690083032489714
6.730769999999563,1.0695087003608843
6.7324399999995626,1.070009097472798
6.734109999999562,1.070509494584711
6.735779999999562,1.0710098916966246
6.737449999999562,1.0715102888085375
6.739119999999562,1.0720106859204512
6.740789999999562,1.072511083032364
6.742459999999562,1.0730114801442778
6.744129999999561,1.0735118772561907
6.745799999999561,1.0740122743681044
6.747469999999561,1.0745126714800173
6.749139999999561,1.075013068591931
6.750809999999561,1.0755134657038434
6.752479999999561,1.0760138628157572
6.7541499999995604,1.07651425992767
6.75581999999956,1.0770146570395838
6.75748999999956,1.0775150541514966
6.75915999999956,1.0780154512634104
6.76082999999956,1.0785158483753232
6.76249999999956,1.079016245487237
6.7641699999995595,1.0795166425991498
6.765839999999559,1.0800170397110636
6.767509999999559,1.0805174368229764
6.769179999999559,1.0810178339348901
6.770849999999559,1.081518231046803
6.772519999999559,1.0820186281587167
6.7741899999995585,1.0825190252706305
6.775859999999558,1.0830194223825433
6.777529999999558,1.083519819494457
6.779199999999558,1.08402021660637
6.780869999999558,1.0845206137182837
6.782539999999558,1.0850210108301965
6.7842099999995575,1.0855214079421103
6.785879999999557,1.0860218050540231
6.787549999999557,1.0865222021659369
6.789219999999557,1.0870225992778497
6.790889999999557,1.0875229963897635
6.792559999999557,1.0880233935016763
6.794229999999557,1.08852379061359
6.795899999999556,1.089024187725503
6.797569999999556,1.0895245848374167
6.799239999999556,1.0900249819493295
6.800909999999556,1.0905253790612432
6.802579999999556,1.091025776173156
6.804249999999556,1.0915261732850698
6.805919999999555,1.0920265703969827
6.807589999999555,1.0925269675088964
6.809259999999555,1.0930273646208093
6.810929999999555,1.093527761732723
6.812599999999555,1.094028158844636
6.814269999999555,1.0945285559565496
6.8159399999995545,1.0950289530684625
6.817609999999554,1.0955293501803762
6.819279999999554,1.096029747292289
6.820949999999554,1.0965301444042028
6.822619999999554,1.0970305415161166
6.824289999999554,1.0975309386280294
6.8259599999995535,1.0980313357399432
6.827629999999553,1.098531732851856
6.829299999999553,1.0990321299637698
6.830969999999553,1.0995325270756826
6.832639999999553,1.1000329241875964
6.834309999999553,1.1005333212995092
6.8359799999995525,1.101033718411423
6.837649999999552,1.1015341155233358
6.839319999999552,1.1020345126352495
6.840989999999552,1.1025349097471624
6.842659999999552,1.1030353068590761
6.844329999999552,1.103535703970989
6.8459999999995516,1.1040361010829027
6.847669999999551,1.1045364981948156
6.849339999999551,1.1050368953067293
6.851009999999551,1.1055372924186417
6.852679999999551,1.1060376895305555
6.854349999999551,1.1065380866424683
6.856019999999551,1.107038483754382
6.85768999999955,1.107538880866295
6.85935999999955,1.1080392779782087
6.86102999999955,1.1085396750901215
6.86269999999955,1.1090400722020353
6.86436999999955,1.1095404693139481
6.86603999999955,1.1100408664258619
6.8677099999995495,1.1105412635377747
6.869379999999549,1.1110416606496885
6.871049999999549,1.1115420577616022
6.872719999999549,1.112042454873515
6.874389999999549,1.1125428519854288
6.876059999999549,1.1130432490973416
6.8777299999995485,1.1135436462092554
6.879399999999548,1.1140440433211682
6.881069999999548,1.114544440433082
6.882739999999548,1.1150448375449948
6.884409999999548,1.1155452346569086
6.886079999999548,1.1160456317688214
6.8877499999995475,1.1165460288807352
6.889419999999547,1.117046425992648
6.891089999999547,1.1175468231045618
6.892759999999547,1.1180472202164746
6.894429999999547,1.1185476173283884
6.896099999999547,1.1190480144403012
6.8977699999995465,1.119548411552215
6.899439999999546,1.1200488086641278
6.901109999999546,1.1205492057760416
6.902779999999546,1.1210496028879553
6.904449999999546,1.1215499999998682
6.906119999999546,1.122050397111782
6.907789999999546,1.1225507942236947
6.909459999999545,1.1230511913356085
6.911129999999545,1.1235515884475213
6.912799999999545,1.124051985559435
6.914469999999545,1.124552382671348
6.916139999999545,1.1250527797832617
6.917809999999545,1.1255531768951745
6.919479999999544,1.1260535740070883
6.921149999999544,1.1265539711190011
6.922819999999544,1.1270543682309149
6.924489999999544,1.1275547653428286
6.926159999999544,1.1280551624547415
6.927829999999544,1.1285555595666552
6.9294999999995435,1.129055956678568
6.931169999999543,1.1295563537904818
6.932839999999543,1.1300567509023947
6.934509999999543,1.1305571480143084
6.936179999999543,1.1310575451262213
6.937849999999543,1.131557942238135
6.9395199999995425,1.1320583393500478
6.941189999999542,1.1325587364619616
6.942859999999542,1.1330591335738744
6.944529999999542,1.1335595306857882
6.946199999999542,1.134059927797702
6.947869999999542,1.1345603249096148
6.9495399999995415,1.135060722021528
6.951209999999541,1.135561119133441
6.952879999999541,1.1360615162453547
6.954549999999541,1.1365619133572675
6.956219999999541,1.1370623104691813
6.957889999999541,1.1375627075810941
6.959559999999541,1.1380631046930079
6.96122999999954,1.1385635018049207
6.96289999999954,1.1390638989168345
6.96456999999954,1.1395642960287473
6.96623999999954,1.140064693140661
6.96790999999954,1.140565090252574
6.96957999999954,1.1410654873644877
6.971249999999539,1.1415658844764014
6.972919999999539,1.1420662815883142
6.974589999999539,1.142566678700228
6.976259999999539,1.1430670758121408
6.977929999999539,1.1435674729240546
6.979599999999539,1.1440678700359674
6.9812699999995385,1.1445682671478812
6.982939999999538,1.145068664259794
6.984609999999538,1.1455690613717078
6.986279999999538,1.1460694584836206
6.987949999999538,1.1465698555955344
6.989619999999538,1.1470702527074472
6.9912899999995375,1.147570649819361
6.992959999999537,1.1480710469312738
6.994629999999537,1.1485714440431876
6.996299999999537,1.1490718411551004
6.997969999999537,1.1495722382670142
6.999639999999537,1.150072635378927
7.0013099999995365,1.1505730324908408
7.002979999999536,1.1510734296027536
7.004649999999536,1.1515738267146673
7.006319999999536,1.1520742238265802
7.007989999999536,1.152574620938494
7.009659999999536,1.1530750180504068
7.0113299999995355,1.1535754151623205
7.012999999999535,1.1540758122742334
7.014669999999535,1.1545762093861471
7.016339999999535,1.15507660649806
7.018009999999535,1.1555770036099737
7.019679999999535,1.1560774007218866
7.021349999999535,1.1565777978338003
7.023019999999534,1.157078194945714
7.024689999999534,1.157578592057627
7.026359999999534,1.1580789891695407
7.028029999999534,1.1585793862814535
7.029699999999534,1.1590797833933673
7.031369999999534,1.1595801805052801
7.033039999999533,1.1600805776171939
7.034709999999533,1.1605809747291067
7.036379999999533,1.1610813718410204
7.038049999999533,1.1615817689529333
7.039719999999533,1.162082166064847
7.041389999999533,1.16258256317676
7.0430599999995325,1.1630829602886736
7.044729999999532,1.1635833574005865
7.046399999999532,1.1640837545125002
7.048069999999532,1.164584151624413
7.049739999999532,1.1650845487363268
7.051409999999532,1.1655849458482392
7.0530799999995315,1.166085342960153
7.054749999999531,1.1665857400720667
7.056419999999531,1.1670861371839796
7.058089999999531,1.1675865342958933
7.059759999999531,1.1680869314078062
7.061429999999531,1.16858732851972
7.0630999999995305,1.1690877256316328
7.06476999999953,1.1695881227435465
7.06643999999953,1.1700885198554594
7.06810999999953,1.170588916967373
7.06977999999953,1.171089314079286
7.07144999999953,1.1715897111911997
7.07311999999953,1.1720901083031126
7.074789999999529,1.1725905054150263
7.076459999999529,1.17309090252694
7.078129999999529,1.173591299638853
7.079799999999529,1.1740916967507666
7.081469999999529,1.1745920938626795
7.083139999999529,1.1750924909745932
7.084809999999528,1.175592888086506
7.086479999999528,1.1760932851984198
7.088149999999528,1.1765936823103327
7.089819999999528,1.1770940794222464
7.091489999999528,1.1775944765341593
7.093159999999528,1.178094873646073
7.0948299999995275,1.1785952707579859
7.096499999999527,1.1790956678698996
7.098169999999527,1.1795960649818134
7.099839999999527,1.1800964620937262
7.101509999999527,1.18059685920564
7.103179999999527,1.1810972563175528
7.1048499999995265,1.1815976534294665
7.106519999999526,1.1820980505413794
7.108189999999526,1.1825984476532931
7.109859999999526,1.183098844765206
7.111529999999526,1.1835992418771197
7.113199999999526,1.1840996389890326
7.1148699999995255,1.1846000361009463
7.116539999999525,1.1851004332128592
7.118209999999525,1.185600830324773
7.119879999999525,1.1861012274366867
7.121549999999525,1.1866016245485995
7.123219999999525,1.1871020216605133
7.1248899999995245,1.1876024187724261
7.126559999999524,1.1881028158843399
7.128229999999524,1.1886032129962527
7.129899999999524,1.1891036101081665
7.131569999999524,1.1896040072200793
7.133239999999524,1.190104404331993
7.134909999999524,1.190604801443906
7.136579999999523,1.1911051985558196
7.138249999999523,1.1916055956677325
7.139919999999523,1.1921059927796462
7.141589999999523,1.192606389891559
7.143259999999523,1.1931067870034728
7.144929999999523,1.1936071841153857
7.1465999999995224,1.1941075812272994
7.148269999999522,1.1946079783392123
7.149939999999522,1.195108375451126
7.151609999999522,1.1956087725630389
7.153279999999522,1.1961091696749526
7.154949999999522,1.1966095667868655
7.1566199999995215,1.1971099638987792
7.158289999999521,1.197610361010692
7.159959999999521,1.1981107581226058
7.161629999999521,1.1986111552345187
7.163299999999521,1.1991115523464324
7.164969999999521,1.1996119494583453
7.1666399999995205,1.200112346570259
7.16830999999952,1.2006127436821727
7.16997999999952,1.2011131407940856
7.17164999999952,1.2016135379059993
7.17331999999952,1.2021139350179122
7.17498999999952,1.202614332129826
7.1766599999995195,1.2031147292417388
7.178329999999519,1.2036151263536525
7.179999999999519,1.2041155234655654
7.181669999999519,1.2046159205774791
7.183339999999519,1.205116317689392
7.185009999999519,1.2056167148013057
7.186679999999519,1.2061171119132186
7.188349999999518,1.2066175090251323
7.190019999999518,1.2071179061370452
7.191689999999518,1.207618303248959
7.193359999999518,1.2081187003608718
7.195029999999518,1.2086190974727855
7.196699999999518,1.2091194945846984
7.198369999999517,1.209619891696612
7.200039999999517,1.210120288808525
7.201709999999517,1.2106206859204387
7.203379999999517,1.2111210830323524
7.205049999999517,1.2116214801442653
7.206719999999517,1.212121877256179
7.2083899999995165,1.212622274368092
7.210059999999516,1.2131226714800056
7.211729999999516,1.2136230685919185
7.213399999999516,1.2141234657038322
7.215069999999516,1.214623862815745
7.216739999999516,1.2151242599276588
7.2184099999995155,1.2156246570395717
7.220079999999515,1.2161250541514854
7.221749999999515,1.2166254512633983
7.223419999999515,1.217125848375312
7.225089999999515,1.2176262454872258
7.226759999999515,1.2181266425991386
7.2284299999995145,1.2186270397110524
7.230099999999514,1.2191274368229652
7.231769999999514,1.219627833934879
7.233439999999514,1.2201282310467918
7.235109999999514,1.2206286281587055
7.236779999999514,1.2211290252706184
7.2384499999995136,1.2216294223825321
7.240119999999513,1.222129819494445
7.241789999999513,1.2226302166063587
7.243459999999513,1.2231306137182716
7.245129999999513,1.2236310108301853
7.246799999999513,1.2241314079420982
7.248469999999513,1.224631805054012
7.250139999999512,1.2251322021659252
7.251809999999512,1.225632599277838
7.253479999999512,1.2261329963897518
7.255149999999512,1.2266333935016647
7.256819999999512,1.2271337906135784
7.258489999999512,1.2276341877254913
7.2601599999995114,1.228134584837405
7.261829999999511,1.2286349819493179
7.263499999999511,1.2291353790612316
7.265169999999511,1.2296357761731445
7.266839999999511,1.2301361732850582
7.268509999999511,1.230636570396972
7.2701799999995105,1.2311369675088848
7.27184999999951,1.2316373646207985
7.27351999999951,1.2321377617327114
7.27518999999951,1.2326381588446251
7.27685999999951,1.233138555956538
7.27852999999951,1.2336389530684517
7.2801999999995095,1.2341393501803646
7.281869999999509,1.2346397472922783
7.283539999999509,1.2351401444041912
7.285209999999509,1.235640541516105
7.286879999999509,1.2361409386280178
7.288549999999509,1.2366413357399315
7.2902199999995085,1.2371417328518444
7.291889999999508,1.237642129963758
7.293559999999508,1.238142527075671
7.295229999999508,1.2386429241875847
7.296899999999508,1.2391433212994976
7.298569999999508,1.2396437184114113
7.300239999999508,1.2401441155233242
7.301909999999507,1.240644512635238
7.303579999999507,1.2411449097471507
7.305249999999507,1.2416453068590645
7.306919999999507,1.2421457039709773
7.308589999999507,1.242646101082891
7.310259999999507,1.243146498194804
7.311929999999506,1.2436468953067177
7.313599999999506,1.2441472924186305
7.315269999999506,1.2446476895305443
7.316939999999506,1.245148086642458
7.318609999999506,1.2456484837543709
7.320279999999506,1.2461488808662846
7.3219499999995055,1.2466492779781975
7.323619999999505,1.2471496750901112
7.325289999999505,1.247650072202024
7.326959999999505,1.2481504693139378
7.328629999999505,1.2486508664258507
7.330299999999505,1.2491512635377644
7.3319699999995045,1.2496516606496773
7.333639999999504,1.250152057761591
7.335309999999504,1.2506524548735038
7.336979999999504,1.2511528519854176
7.338649999999504,1.2516532490973304
7.340319999999504,1.2521536462092442
7.3419899999995035,1.252654043321157
7.343659999999503,1.2531544404330708
7.345329999999503,1.2536548375449836
7.346999999999503,1.2541552346568974
7.348669999999503,1.2546556317688102
7.350339999999503,1.255156028880724
7.3520099999995026,1.2556564259926364
7.353679999999502,1.2561568231045501
7.355349999999502,1.256657220216463
7.357019999999502,1.2571576173283767
7.358689999999502,1.2576580144402896
7.360359999999502,1.2581584115522033
7.362029999999502,1.2586588086641162
7.363699999999501,1.25915920577603
7.365369999999501,1.2596596028879428
7.367039999999501,1.2601599999998565
7.368709999999501,1.2606603971117702
7.370379999999501,1.261160794223683
7.372049999999501,1.2616611913355968
7.3737199999995005,1.2621615884475097
7.3753899999995,1.2626619855594234
7.3770599999995,1.2631623826713363
7.3787299999995,1.26366277978325
7.3803999999995,1.2641631768951629
7.3820699999995,1.2646635740070766
7.3837399999994995,1.2651639711189895
7.385409999999499,1.2656643682309032
7.387079999999499,1.266164765342816
7.388749999999499,1.2666651624547298
7.390419999999499,1.2671655595666427
7.392089999999499,1.2676659566785564
7.3937599999994985,1.2681663537904693
7.395429999999498,1.268666750902383
7.397099999999498,1.2691671480142959
7.398769999999498,1.2696675451262096
7.400439999999498,1.2701679422381225
7.402109999999498,1.2706683393500362
7.4037799999994975,1.271168736461949
7.405449999999497,1.2716691335738628
7.407119999999497,1.2721695306857757
7.408789999999497,1.2726699277976894
7.410459999999497,1.2731703249096022
7.412129999999497,1.273670722021516
7.413799999999497,1.2741711191334288
7.415469999999496,1.2746715162453426
7.417139999999496,1.2751719133572563
7.418809999999496,1.2756723104691692
7.420479999999496,1.276172707581083
7.422149999999496,1.2766731046929958
7.423819999999496,1.2771771014491278
7.425489999999495,1.2776853623186928
7.427159999999495,1.2781936231882587
7.428829999999495,1.2787018840578237
7.430499999999495,1.2792101449273887
7.432169999999495,1.2797184057969537
7.433839999999495,1.2802266666665187
7.4355099999994945,1.2807349275360838
7.437179999999494,1.2812431884056497
7.438849999999494,1.2817514492752147
7.440519999999494,1.2822597101447797
7.442189999999494,1.2827679710143447
7.443859999999494,1.2832762318839097
7.4455299999994935,1.2837844927534756
7.447199999999493,1.2842927536230406
7.448869999999493,1.2848010144926056
7.450539999999493,1.2853092753621702
7.452209999999493,1.2858175362317352
7.453879999999493,1.2863257971013002
7.4555499999994925,1.2868340579708661
7.457219999999492,1.2873423188404312
7.458889999999492,1.2878505797099962
7.460559999999492,1.2883588405795612
7.462229999999492,1.2888671014491262
7.463899999999492,1.2893753623186912
7.465569999999492,1.2898836231882571
7.467239999999491,1.2903918840578221
7.468909999999491,1.2909001449273871
7.470579999999491,1.2914084057969522
7.472249999999491,1.2919166666665172
7.473919999999491,1.2924249275360822
7.475589999999491,1.292933188405648
7.47725999999949,1.293441449275213
7.47892999999949,1.293949710144778
7.48059999999949,1.2944579710143431
7.48226999999949,1.2949662318839081
7.48393999999949,1.2954744927534732
7.48560999999949,1.295982753623039
7.4872799999994895,1.296491014492604
7.488949999999489,1.296999275362169
7.490619999999489,1.297507536231734
7.492289999999489,1.298015797101299
7.493959999999489,1.298524057970865
7.495629999999489,1.29903231884043
7.4972999999994885,1.299540579709995
7.498969999999488,1.30004884057956
7.500639999999488,1.3998698045473774
7.502309999999488,1.3995300757879026
7.503979999999488,1.3991903470284281
7.505649999999488,1.3988506182689555
7.5073199999994875,1.3985108895094833
7.508989999999487,1.398171160750009
7.510659999999487,1.3978314319905345
7.512329999999487,1.3974917032310623
7.513999999999487,1.3971519744715897
7.515669999999487,1.3968122457121153
7.5173399999994865,1.3964725169526404
7.519009999999486,1.3961327881931687
7.520679999999486,1.3957930594336956
7.522349999999486,1.3954533306742212
7.524019999999486,1.3951136019147468
7.525689999999486,1.3947738731552746
7.527359999999486,1.394434144395802
7.529029999999485,1.3940944156363275
7.530699999999485,1.3937546868768536
7.532369999999485,1.393414958117381
7.534039999999485,1.3930752293579083
7.535709999999485,1.3927355005984334
7.537379999999485,1.39239577183896
7.539049999999484,1.3920560430794868
7.540719999999484,1.3917163143200142
7.542389999999484,1.3913765855605407
7.544059999999484,1.3910368568010658
7.545729999999484,1.3906971280415932
7.547399999999484,1.3903573992821214
7.5490699999994835,1.3900176705226466
7.550739999999483,1.3896779417631722
7.552409999999483,1.3893382130036995
7.554079999999483,1.3889984842442273
7.555749999999483,1.388658755484753
7.557419999999483,1.3883190267252785
7.5590899999994825,1.3879792979658054
7.560759999999482,1.3876395692063337
7.562429999999482,1.3872998404468588
7.564099999999482,1.3869601116873844
7.565769999999482,1.3866203829279118
7.567439999999482,1.3862806541684396
7.5691099999994815,1.3859409254089652
7.570779999999481,1.3856011966494908
7.572449999999481,1.3852614678900186
7.574119999999481,1.384921739130546
7.575789999999481,1.3845820103710715
7.577459999999481,1.3842460172888824
7.579129999999481,1.383914152287062
7.58079999999948,1.3835822872852415
7.58246999999948,1.3832504222834183
7.58413999999948,1.382918557281596
7.58580999999948,1.3825866922797756
7.58747999999948,1.3822548272779551
7.58914999999948,1.381922962276132
7.590819999999479,1.3815910972743097
7.592489999999479,1.3812592322724893
7.594159999999479,1.380927367270668
7.595829999999479,1.3805955022688456
7.597499999999479,1.3802636372670225
7.599169999999479,1.379931772265203
7.6008399999994785,1.3795999072633816
7.602509999999478,1.3792680422615593
7.604179999999478,1.3789361772597362
7.605849999999478,1.3786043122579166
7.607519999999478,1.3782724472560952
7.609189999999478,1.377940582254273
7.6108599999994775,1.3776087172524498
7.612529999999477,1.3772768522506302
7.614199999999477,1.3769449872488089
7.615869999999477,1.3766131222469866
7.617539999999477,1.3762812572451635
7.619209999999477,1.375949392243344
7.6208799999994765,1.3756175272415225
7.622549999999476,1.3752856622397003
7.624219999999476,1.3749537972378771
7.625889999999476,1.3746219322360576
7.627559999999476,1.3742900672342362
7.629229999999476,1.373958202232414
7.6308999999994755,1.3736263372305908
7.632569999999475,1.3732944722287712
7.634239999999475,1.3729626072269498
7.635909999999475,1.3726307422251276
7.637579999999475,1.3722988772233045
7.639249999999475,1.371967012221484
7.640919999999475,1.3716351472196635
7.642589999999474,1.3713032822178404
7.644259999999474,1.3709714172160181
7.645929999999474,1.3706395522141976
7.647599999999474,1.3703076872123772
7.649269999999474,1.369975822210554
7.650939999999474,1.3696439572087318
7.6526099999994734,1.3693120922069104
7.654279999999473,1.3689802272050908
7.655949999999473,1.3686483622032677
7.657619999999473,1.3683164972014454
7.659289999999473,1.367984632199624
7.660959999999473,1.3676527671978045
7.6626299999994725,1.3673209021959813
7.664299999999472,1.366989037194159
7.665969999999472,1.3666571721923377
7.667639999999472,1.3663253071905181
7.669309999999472,1.365993442188695
7.670979999999472,1.3656615771868719
7.6726499999994715,1.3653297121850514
7.674319999999471,1.364997847183231
7.675989999999471,1.3646659821814087
7.677659999999471,1.3643341171795855
7.679329999999471,1.364002252177765
7.680999999999471,1.3636703871759446
7.6826699999994705,1.3633385221741223
7.68433999999947,1.3630066571722992
7.68600999999947,1.3626747921704787
7.68767999999947,1.3623429271686582
7.68934999999947,1.362011062166836
7.69101999999947,1.3616791971650128
7.69268999999947,1.3613473321631915
7.694359999999469,1.361015467161372
7.696029999999469,1.3606836021595488
7.697699999999469,1.3603517371577265
7.699369999999469,1.3600198721559051
7.701039999999469,1.3596880071540856
7.702709999999469,1.3593561421522624
7.704379999999468,1.3590242771504402
7.706049999999468,1.3586924121486188
7.707719999999468,1.3583605471467983
7.709389999999468,1.358028682144976
7.711059999999468,1.357696817143153
7.712729999999468,1.3573649521413325
7.7143999999994675,1.357033087139511
7.716069999999467,1.3567012221376897
7.717739999999467,1.3563693571358666
7.719409999999467,1.3560374921340461
7.721079999999467,1.3557056271322248
7.722749999999467,1.3553737621304025
7.7244199999994665,1.3550418971285803
7.726089999999466,1.3547100321267598
7.727759999999466,1.3543781671249384
7.729429999999466,1.3540463021231162
7.731099999999466,1.353714437121294
7.732769999999466,1.3533825721194734
7.7344399999994655,1.353050707117652
7.736109999999465,1.3527188421158298
7.737779999999465,1.3523869771140076
7.739449999999465,1.3520551121121862
7.741119999999465,1.3517232471103657
7.742789999999465,1.3513913821085426
7.7444599999994646,1.3510595171067212
7.746129999999464,1.3507276521048999
7.747799999999464,1.3503957871030794
7.749469999999464,1.3500639221012563
7.751139999999464,1.349732057099434
7.752809999999464,1.3494001920976135
7.754479999999464,1.349068327095793
7.756149999999463,1.34873646209397
7.757819999999463,1.3484045970921477
7.759489999999463,1.3480727320903272
7.761159999999463,1.3477408670885067
7.762829999999463,1.3474090020866836
7.764499999999463,1.3470771370848613
7.7661699999994624,1.3467452720830408
7.767839999999462,1.3464134070812204
7.769509999999462,1.3460815420793972
7.771179999999462,1.345749677077575
7.772849999999462,1.3454166373163021
7.774519999999462,1.3450791670336582
7.7761899999994615,1.3447416967510124
7.777859999999461,1.3444042264683667
7.779529999999461,1.3440667561857218
7.781199999999461,1.3437292859030787
7.782869999999461,1.343391815620432
7.784539999999461,1.3430543453377863
7.7862099999994605,1.3427168750551415
7.78787999999946,1.3423794047724975
7.78954999999946,1.3420419344898518
7.79121999999946,1.3417044642072051
7.79288999999946,1.341366993924562
7.79455999999946,1.3410295236419172
7.7962299999994595,1.3406920533592714
7.797899999999459,1.3403545830766257
7.799569999999459,1.3400171127939817
7.801239999999459,1.3396796425113378
7.802909999999459,1.339342172228692
7.804579999999459,1.3390047019460454
7.806249999999459,1.3386672316634014
7.807919999999458,1.3383297613807574
7.809589999999458,1.3379922910981117
7.811259999999458,1.337654820815465
7.812929999999458,1.337317350532822
7.814599999999458,1.336979880250177
7.816269999999458,1.3366424099675314
7.817939999999457,1.3363049396848856
7.819609999999457,1.3359674694022416
7.821279999999457,1.3356299991195968
7.822949999999457,1.335292528836952
7.824619999999457,1.3349550585543053
7.826289999999457,1.3346175882716613
7.8279599999994565,1.3342801179890174
7.829629999999456,1.3339426477063716
7.831299999999456,1.333605177423725
7.832969999999456,1.333267707141082
7.834639999999456,1.332930236858437
7.836309999999456,1.3325927665757904
7.8379799999994555,1.3322552962931455
7.839649999999455,1.3319178260105007
7.841319999999455,1.3315803557278567
7.842989999999455,1.331242885445211
7.844659999999455,1.3309054151625652
7.846329999999455,1.3305679448799204
7.8479999999994545,1.3302304745972773
7.849669999999454,1.3298930043146306
7.851339999999454,1.329555534031985
7.853009999999454,1.329218063749341
7.854679999999454,1.328880593466697
7.856349999999454,1.3285431231840503
7.8580199999994536,1.3282056529014046
7.859689999999453,1.3278681826187606
7.861359999999453,1.3275307123361166
7.863029999999453,1.327193242053471
7.864699999999453,1.3268594265780136
7.866369999999453,1.3265275615761922
7.868039999999453,1.3261956965743718
7.869709999999452,1.3258638315725495
7.871379999999452,1.3255319665707272
7.873049999999452,1.3252001015689059
7.874719999999452,1.3248682365670854
7.876389999999452,1.3245363715652632
7.878059999999452,1.324204506563441
7.8797299999994515,1.3238726415616195
7.881399999999451,1.323540776559799
7.883069999999451,1.323208911557976
7.884739999999451,1.3228770465561537
7.886409999999451,1.3225451815543332
7.888079999999451,1.3222133165525118
7.8897499999994505,1.3218814515506896
7.89141999999945,1.3215495865488673
7.89308999999945,1.3212177215470469
7.89475999999945,1.3208858565452255
7.89642999999945,1.3205539915434032
7.89809999999945,1.320222126541581
7.8997699999994495,1.3198902615397605
7.901439999999449,1.3195583965379392
7.903109999999449,1.319226531536117
7.904779999999449,1.3188946665342938
7.906449999999449,1.3185628015324733
7.908119999999449,1.3182309365306528
7.9097899999994485,1.3178990715288297
7.911459999999448,1.3175672065270074
7.913129999999448,1.317235341525187
7.914799999999448,1.3169034765233665
7.916469999999448,1.3165716115215433
7.918139999999448,1.316239746519721
7.919809999999448,1.3159078815179006
7.921479999999447,1.3155760165160801
7.923149999999447,1.315244151514257
7.924819999999447,1.3149122865124347
7.926489999999447,1.3145804215106143
7.928159999999447,1.314248556508793
7.929829999999447,1.3139166915069707
7.931499999999446,1.3135848265051475
7.933169999999446,1.313252961503328
7.934839999999446,1.3129210965015066
7.936509999999446,1.3125892314996843
7.938179999999446,1.3122573664978612
7.939849999999446,1.3119255014960416
7.9415199999994455,1.3115936364942202
7.943189999999445,1.311261771492398
7.944859999999445,1.3109299064905748
7.946529999999445,1.3105980414887552
7.948199999999445,1.3102661764869339
7.949869999999445,1.3099343114851107
7.9515399999994445,1.3096024464832885
7.953209999999444,1.3092705814814671
7.954879999999444,1.3089387164796475
7.956549999999444,1.3086068514778244
7.958219999999444,1.3082749864760022
7.959889999999444,1.3079431214741817
7.9615599999994435,1.3076112564723612
7.963229999999443,1.307279391470538
7.964899999999443,1.3069475264687158
7.966569999999443,1.3066156614668953
7.968239999999443,1.3062837964650749
7.969909999999443,1.3059519314632517
7.971579999999443,1.3056200664614295
7.973249999999442,1.305288201459609
7.974919999999442,1.3049563364577885
7.976589999999442,1.3046244714559654
7.978259999999442,1.3042926064541431
7.979929999999442,1.3039607414523227
7.981599999999442,1.3036288764505022
7.983269999999441,1.303297011448679
7.984939999999441,1.302965146446856
7.986609999999441,1.3026332814450363
7.988279999999441,1.302301416443215
7.989949999999441,1.3019695514413927
7.991619999999441,1.3016376864395696
7.9932899999994405,1.30130582143775
7.99495999999944,1.3009739564359286
7.99662999999944,1.3006420914341064
7.99829999999944,1.3003102264322832
7.99996999999944,1.2999783614304636
8.00163999999944,1.2996464964286414
8.003309999999441,1.2993146314268191
8.004979999999442,1.2989827664249978
8.006649999999443,1.2986509014231764
8.008319999999443,1.2983190364213542
8.009989999999444,1.2979871714195328
8.011659999999445,1.2976553064177105
8.013329999999446,1.2973234414158892
8.014999999999446,1.296991576414067
8.016669999999447,1.2966597114122456
8.018339999999448,1.2963278464104242
8.020009999999449,1.295995981408602
8.02167999999945,1.2956641164067797
8.02334999999945,1.2953322514049583
8.02501999999945,1.295000386403137
8.026689999999451,1.2946685214013147
8.028359999999452,1.2943366563994934
8.030029999999453,1.294004791397671
8.031699999999454,1.2936729263958489
8.033369999999454,1.2933410613940284
8.035039999999455,1.2930091963922061
8.036709999999456,1.2926773313903848
8.038379999999457,1.2923454663885625
8.040049999999457,1.2920136013867403
8.041719999999458,1.291681736384919
8.043389999999459,1.2913498713830975
8.04505999999946,1.2910180063812753
8.04672999999946,1.290686141379454
8.04839999999946,1.2903542763776317
8.050069999999462,1.2900224113758094
8.051739999999462,1.289690546373988
8.053409999999463,1.2893586813721667
8.055079999999464,1.2890268163703444
8.056749999999465,1.288694951368523
8.058419999999465,1.2883630863667008
8.060089999999466,1.2880312213648786
8.061759999999467,1.2876993563630572
8.063429999999467,1.287367491361235
8.065099999999468,1.2870356263594136
8.066769999999469,1.2867037613575922
8.06843999999947,1.28637189635577
8.07010999999947,1.2860400313539477
8.071779999999471,1.2857081663521264
8.073449999999472,1.2853763013503041
8.075119999999472,1.2850444363484828
8.076789999999473,1.2847125713466614
8.078459999999474,1.2843807063448391
8.080129999999475,1.284048841343017
8.081799999999475,1.2837169763411955
8.083469999999476,1.2833851113393733
8.085139999999477,1.283053246337552
8.086809999999478,1.2827213813357305
8.088479999999478,1.2823895163339083
8.090149999999479,1.282057651332087
8.09181999999948,1.2817257863302647
8.09348999999948,1.2813939213284424
8.095159999999481,1.281062056326622
8.096829999999482,1.2807301913247997
8.098499999999483,1.2803983263229775
8.100169999999483,1.280066461321156
8.101839999999484,1.2797345963193338
8.103509999999485,1.2794027313175116
8.105179999999486,1.2790708663156911
8.106849999999486,1.2787390013138689
8.108519999999487,1.2784071363120466
8.110189999999488,1.2780752713102252
8.111859999999488,1.277743406308403
8.11352999999949,1.2774115413065807
8.11519999999949,1.2770796763047603
8.11686999999949,1.276747811302938
8.118539999999491,1.2764159463011158
8.120209999999492,1.2760840812992944
8.121879999999493,1.2757522162974722
8.123549999999494,1.27542035129565
8.125219999999494,1.2750884862938294
8.126889999999495,1.2747566212920072
8.128559999999496,1.274424756290185
8.130229999999496,1.2740928912883636
8.131899999999497,1.2737610262865413
8.133569999999498,1.27342916128472
8.135239999999499,1.2730972962828986
8.1369099999995,1.2727627498460068
8.1385799999995,1.272425279563361
8.1402499999995,1.2720878092807162
8.141919999999502,1.2717503389980704
8.143589999999502,1.2714128687154265
8.145259999999503,1.2710753984327807
8.146929999999504,1.270737928150135
8.148599999999504,1.2704004578674901
8.150269999999505,1.2700629875848444
8.151939999999506,1.2697255173022004
8.153609999999507,1.2693880470195547
8.155279999999507,1.269050576736909
8.156949999999508,1.268713106454264
8.158619999999509,1.2683756361716183
8.16028999999951,1.2680381658889734
8.16195999999951,1.2677006956063286
8.163629999999511,1.2673632253236837
8.165299999999512,1.267025755041038
8.166969999999512,1.2666882847583922
8.168639999999513,1.2663508144757474
8.170309999999514,1.2660133441931025
8.171979999999515,1.2656758739104577
8.173649999999515,1.265338403627812
8.175319999999516,1.2650009333451662
8.176989999999517,1.2646634630625213
8.178659999999518,1.2643259927798756
8.180329999999518,1.2639885224972316
8.181999999999519,1.2636510522145858
8.18366999999952,1.26331358193194
8.18533999999952,1.2629761116492952
8.187009999999521,1.2626386413666495
8.188679999999522,1.2623011710840055
8.190349999999523,1.2619637008013598
8.192019999999523,1.261626230518714
8.193689999999524,1.2612887602360692
8.195359999999525,1.2609512899534234
8.197029999999526,1.2606138196707786
8.198699999999526,1.2602763493881337
8.200369999999527,1.259938879105488
8.202039999999528,1.259601408822843
8.203709999999528,1.2592639385401974
8.20537999999953,1.2589264682575525
8.20704999999953,1.2585889979749068
8.20871999999953,1.2582515276922628
8.210389999999531,1.257914057409617
8.212059999999532,1.2575765871269713
8.213729999999533,1.2572391168443264
8.215399999999534,1.2569016465616807
8.217069999999534,1.2565641762790358
8.218739999999535,1.256226705996391
8.220409999999536,1.2558892357137452
8.222079999999536,1.2555517654311004
8.223749999999537,1.2552142951484546
8.225419999999538,1.2548768248658098
8.227089999999539,1.254539354583164
8.22875999999954,1.2542070457833256
8.23042999999954,1.2538751807815034
8.23209999999954,1.2535433157796811
8.233769999999542,1.2532114507778598
8.235439999999542,1.2528795857760375
8.237109999999543,1.2525477207742162
8.238779999999544,1.252215855772394
8.240449999999544,1.2518839907705726
8.242119999999545,1.2515521257687512
8.243789999999546,1.251220260766929
8.245459999999547,1.2508883957651067
8.247129999999547,1.2505565307632853
8.248799999999548,1.250224665761463
8.250469999999549,1.2498928007596417
8.25213999999955,1.2495609357578203
8.25380999999955,1.249229070755998
8.255479999999551,1.2488972057541758
8.257149999999552,1.2485653407523545
8.258819999999552,1.2482334757505322
8.260489999999553,1.2479016107487118
8.262159999999554,1.2475697457468895
8.263829999999555,1.2472378807450673
8.265499999999555,1.2469060157432459
8.267169999999556,1.2465741507414236
8.268839999999557,1.2462422857396014
8.270509999999557,1.245910420737781
8.272179999999558,1.2455785557359587
8.273849999999559,1.2452466907341364
8.27551999999956,1.244914825732315
8.27718999999956,1.2445829607304928
8.278859999999561,1.2442510957286714
8.280529999999562,1.24391923072685
8.282199999999563,1.2435873657250278
8.283869999999563,1.2432555007232065
8.285539999999564,1.2429236357213842
8.287209999999565,1.242591770719562
8.288879999999565,1.2422599057177415
8.290549999999566,1.2419280407159192
8.292219999999567,1.241596175714097
8.293889999999568,1.2412643107122756
8.295559999999568,1.2409324457104534
8.29722999999957,1.240600580708631
8.29889999999957,1.2402687157068106
8.30056999999957,1.2399368507049884
8.302239999999571,1.239604985703167
8.303909999999572,1.2392731207013448
8.305579999999573,1.2389412556995225
8.307249999999573,1.238609390697702
8.308919999999574,1.2382775256958798
8.310589999999575,1.2379456606940575
8.312259999999576,1.2376137956922362
8.313929999999576,1.237281930690414
8.315599999999577,1.2369500656885926
8.317269999999578,1.2366182006867712
8.318939999999579,1.236286335684949
8.32060999999958,1.2359544706831267
8.32227999999958,1.2356226056813053
8.32394999999958,1.235290740679483
8.325619999999581,1.2349588756776617
8.327289999999582,1.2346270106758404
8.328959999999583,1.234295145674018
8.330629999999584,1.2339632806721959
8.332299999999584,1.2336314156703745
8.333969999999585,1.2332995506685531
8.335639999999586,1.2329676856667309
8.337309999999587,1.2326358206649095
8.338979999999587,1.2323039556630873
8.340649999999588,1.231972090661265
8.342319999999589,1.2316402256594436
8.34398999999959,1.2313083606576223
8.34565999999959,1.230976495655801
8.347329999999591,1.2306446306539787
8.348999999999592,1.2303127656521564
8.350669999999592,1.229980900650335
8.352339999999593,1.2296490356485137
8.354009999999594,1.2293171706466914
8.355679999999595,1.22898530564487
8.357349999999595,1.2286534406430478
8.359019999999596,1.2283215756412256
8.360689999999597,1.2279897106394042
8.362359999999597,1.2276578456375828
8.364029999999598,1.2273259806357606
8.365699999999599,1.2269941156339392
8.3673699999996,1.226662250632117
8.3690399999996,1.2263303856302947
8.370709999999601,1.2259985206284743
8.372379999999602,1.225666655626652
8.374049999999603,1.2253347906248298
8.375719999999603,1.2250029256230084
8.377389999999604,1.2246710606211861
8.379059999999605,1.2243391956193639
8.380729999999605,1.2240073306175434
8.382399999999606,1.2236754656157212
8.384069999999607,1.223343600613899
8.385739999999608,1.2230117356120775
8.387409999999608,1.2226798706102553
8.389079999999609,1.222348005608434
8.39074999999961,1.2220161406066126
8.39241999999961,1.2216842756047903
8.394089999999611,1.221352410602968
8.395759999999612,1.2210205456011467
8.397429999999613,1.2206886805993253
8.399099999999613,1.220356815597503
8.400769999999614,1.2200249505956817
8.402439999999615,1.2196930855938595
8.404109999999616,1.2193612205920372
8.405779999999616,1.2190293555902159
8.407449999999617,1.2186974905883945
8.409119999999618,1.218364849872395
8.410789999999619,1.2180273795897492
8.41245999999962,1.2176899093071043
8.41412999999962,1.2173524390244586
8.41579999999962,1.2170149687418146
8.417469999999621,1.2166774984591688
8.419139999999622,1.216340028176523
8.420809999999623,1.2160025578938782
8.422479999999624,1.2156650876112325
8.424149999999624,1.215322463768186
8.425819999999625,1.2149771297278882
8.427489999999626,1.214631795687592
8.429159999999627,1.2142864616472941
8.430829999999627,1.2139411276069971
8.432499999999628,1.2135957935667
8.434169999999629,1.213250459526403
8.43583999999963,1.212905125486106
8.43750999999963,1.212559791445809
8.43917999999963,1.2122144574055111
8.440849999999632,1.211869123365215
8.442519999999632,1.211523789324917
8.444189999999633,1.211178455284621
8.445859999999634,1.210833121244324
8.447529999999634,1.210487787204027
8.449199999999635,1.21014245316373
8.450869999999636,1.209797119123432
8.452539999999637,1.2094517850831359
8.454209999999637,1.209106451042838
8.455879999999638,1.2087611170025419
8.457549999999639,1.208415782962244
8.45921999999964,1.2080704489219478
8.46088999999964,1.20772511488165
8.462559999999641,1.207379780841353
8.464229999999642,1.2070344468010559
8.465899999999642,1.2066891127607589
8.467569999999643,1.2063437787204618
8.469239999999644,1.2059984446801648
8.470909999999645,1.2056531106398678
8.472579999999645,1.2053077765995708
8.474249999999646,1.2049624425592729
8.475919999999647,1.2046171085189767
8.477589999999648,1.2042717744786788
8.479259999999648,1.2039264404383827
8.480929999999649,1.2035811063980857
8.48259999999965,1.2032357723577887
8.48426999999965,1.2028904383174917
8.485939999999651,1.2025451042771937
8.487609999999652,1.2021997702368976
8.489279999999653,1.2018544361965997
8.490949999999653,1.2015091021563036
8.492619999999654,1.2011637681160057
8.494289999999655,1.2008184340757087
8.495959999999656,1.2004731000354116
8.497629999999656,1.2001277659951146
8.499299999999657,1.1997824319548176
8.500969999999658,1.0997081100918402
8.502639999999658,1.0992055779817482
8.50430999999966,1.0987030458716562
8.50597999999966,1.0982005137615642
8.50764999999966,1.0976979816514731
8.509319999999661,1.0971954495413803
8.510989999999662,1.0966929174312883
8.512659999999663,1.0961903853211963
8.514329999999664,1.0956878532111043
8.515999999999664,1.0951853211010132
8.517669999999665,1.0946827889909203
8.519339999999666,1.0941802568808283
8.521009999999666,1.0936777247707372
8.522679999999667,1.0931751926606443
8.524349999999668,1.0926726605505532
8.526019999999669,1.0921701284404604
8.52768999999967,1.0916675963303684
8.52935999999967,1.0911650642202773
8.53102999999967,1.0906625321101844
8.532699999999672,1.0901600000000924
8.534369999999672,1.0896574678900013
8.536039999999673,1.0891549357799084
8.537709999999674,1.0886524036698173
8.539379999999674,1.0881498715597244
8.541049999999675,1.0876473394496324
8.542719999999676,1.0871448073395413
8.544389999999677,1.0866422752294485
8.546059999999677,1.0861397431193573
8.547729999999678,1.0856372110092654
8.549399999999679,1.0851346788991725
8.55106999999968,1.0846321467890814
8.55273999999968,1.0841296146789885
8.554409999999681,1.0836270825688974
8.556079999999682,1.0831245504588054
8.557749999999682,1.0826220183487125
8.559419999999683,1.0821194862386214
8.561089999999684,1.0816169541285294
8.562759999999685,1.0811144220184374
8.564429999999685,1.0806118899083454
8.566099999999686,1.0801093577982526
8.567769999999687,1.0796068256881615
8.569439999999688,1.0791042935780695
8.571109999999688,1.0786017614679775
8.572779999999689,1.0780992293578855
8.57444999999969,1.0775966972477926
8.57611999999969,1.0770941651377015
8.577789999999691,1.0765916330276095
8.579459999999692,1.0760891009175175
8.581129999999693,1.0755865688074255
8.582799999999693,1.0750840366973335
8.584469999999694,1.0745815045872416
8.586139999999695,1.0740789724771496
8.587809999999696,1.0735764403670576
8.589479999999696,1.0730739082569656
8.591149999999697,1.0725713761468736
8.592819999999698,1.0720688440367816
8.594489999999698,1.0715663119266896
8.5961599999997,1.0710637798165976
8.5978299999997,1.0705612477065056
8.5994999999997,1.0700587155964136
8.601169999999701,1.0695561834863225
8.602839999999702,1.0690536513762297
8.604509999999703,1.0685511192661377
8.606179999999704,1.0680485871560466
8.607849999999704,1.0675460550459537
8.609519999999705,1.0670435229358626
8.611189999999706,1.0665409908257706
8.612859999999706,1.0660384587156777
8.614529999999707,1.0655359266055866
8.616199999999708,1.0650333944954946
8.617869999999709,1.0645308623854026
8.61953999999971,1.0640283302753106
8.62120999999971,1.0635257981652186
8.62287999999971,1.0630232660551266
8.624549999999712,1.0625207339450347
8.626219999999712,1.0620182018349436
8.627889999999713,1.0615156697248507
8.629559999999714,1.0610131376147587
8.631229999999714,1.0605106055046676
8.632899999999715,1.0600080733945747
8.634569999999716,1.0595055412844836
8.636239999999717,1.0590030091743916
8.637909999999717,1.0585004770642987
8.639579999999718,1.0579979449542076
8.641249999999719,1.0574954128441156
8.64291999999972,1.0569928807340236
8.64458999999972,1.0564903486239317
8.646259999999721,1.0559878165138397
8.647929999999722,1.0554852844037477
8.649599999999722,1.0549827522936557
8.651269999999723,1.0544802201835637
8.652939999999724,1.0539776880734717
8.654609999999725,1.0534751559633797
8.656279999999725,1.0529726238532877
8.657949999999726,1.0524700917431957
8.659619999999727,1.0519675596331037
8.661289999999727,1.0514650275230117
8.662959999999728,1.0509624954129198
8.664629999999729,1.0504599633028286
8.66629999999973,1.0499574311927358
8.66796999999973,1.0494548990826438
8.669639999999731,1.0489523669725527
8.671309999999732,1.0484498348624598
8.672979999999733,1.0479473027523687
8.674649999999733,1.0474447706422767
8.676319999999734,1.0469422385321838
8.677989999999735,1.0464397064220927
8.679659999999735,1.0459371743120007
8.681329999999736,1.0454346422019087
8.682999999999737,1.0449321100918167
8.684669999999738,1.0444295779817248
8.686339999999738,1.0439270458716328
8.688009999999739,1.0434245137615408
8.68967999999974,1.0429219816514497
8.69134999999974,1.0424194495413568
8.693019999999741,1.0419169174312648
8.694689999999742,1.0414143853211737
8.696359999999743,1.0409118532110808
8.698029999999743,1.0404093211009897
8.699699999999744,1.0399067889908977
8.701369999999745,1.0394042568808048
8.703039999999746,1.0389017247707137
8.704709999999746,1.0383991926606218
8.706379999999747,1.0378966605505298
8.708049999999748,1.0373941284404378
8.709719999999749,1.0368915963303458
8.71138999999975,1.0363890642202538
8.71305999999975,1.0358865321101618
8.71472999999975,1.0353840000000707
8.716399999999751,1.0348814678899778
8.718069999999752,1.0343789357798858
8.719739999999753,1.0338764036697947
8.721409999999754,1.0333738715597018
8.723079999999754,1.0328713394496098
8.724749999999755,1.0323688073395187
8.726419999999756,1.0318662752294259
8.728089999999757,1.0313637431193348
8.729759999999757,1.0308612110092428
8.731429999999758,1.03035867889915
8.733099999999759,1.0298561467890588
8.73476999999976,1.0293536146789668
8.73643999999976,1.0288510825688748
8.738109999999761,1.0283485504587828
8.739779999999762,1.02784601834869
8.741449999999762,1.0273434862385988
8.743119999999763,1.0268409541285068
8.744789999999764,1.0263384220184149
8.746459999999765,1.0258358899083229
8.748129999999765,1.0253333577982309
8.749799999999766,1.0248308256881389
8.751469999999767,1.0243282935780469
8.753139999999767,1.0238257614679558
8.754809999999768,1.023323229357863
8.756479999999769,1.022820697247771
8.75814999999977,1.0223181651376798
8.75981999999977,1.021815633027587
8.761489999999771,1.0213131009174958
8.763159999999772,1.0208105688074038
8.764829999999773,1.020308036697311
8.766499999999773,1.0198055045872199
8.768169999999774,1.0193029724771279
8.769839999999775,1.0188004403670359
8.771509999999775,1.0182979082569439
8.773179999999776,1.0177976585366482
8.774849999999777,1.0173007317073797
8.776519999999778,1.0168038048781103
8.778189999999778,1.0163068780488427
8.779859999999779,1.0158099512195733
8.78152999999978,1.0153130243903057
8.78319999999978,1.0148160975610363
8.784869999999781,1.0143191707317678
8.786539999999782,1.0138222439025002
8.788209999999783,1.0133253170732308
8.789879999999783,1.0128283902439632
8.791549999999784,1.0123314634146938
8.793219999999785,1.0118345365854253
8.794889999999786,1.0113376097561568
8.796559999999786,1.0108406829268883
8.798229999999787,1.0103437560976207
8.799899999999788,1.0098468292683513
8.801569999999789,1.0093499024390828
8.80323999999979,1.0088529756098144
8.80490999999979,1.0083560487805459
8.80657999999979,1.0078591219512774
8.808249999999791,1.0073621951220089
8.809919999999792,1.0068652682927404
8.811589999999793,1.0063683414634719
8.813259999999794,1.0058714146342034
8.814929999999794,1.0053744878049349
8.816599999999795,1.0048775609756664
8.818269999999796,1.0043806341463979
8.819939999999796,1.0038837073171294
8.821609999999797,1.003386780487861
8.823279999999798,1.0028898536585924
8.824949999999799,1.002392926829324
8.8266199999998,1.0018960000000554
8.8282899999998,1.001399073170787
8.8299599999998,1.0009021463415184
8.831629999999802,1.00040521951225
8.833299999999802,0.9999082926829814
8.834969999999803,0.9994113658537129
8.836639999999804,0.9989144390244444
8.838309999999804,0.998417512195175
8.839979999999805,0.9979205853659074
8.841649999999806,0.997423658536639
8.843319999999807,0.9969267317073705
8.844989999999807,0.996429804878102
8.846659999999808,0.9959328780488326
8.848329999999809,0.995435951219565
8.84999999999981,0.9949390243902956
8.85166999999981,0.994442097561028
8.853339999999811,0.9939451707317595
8.855009999999812,0.9934482439024901
8.856679999999812,0.9929513170732225
8.858349999999813,0.9924543902439531
8.860019999999814,0.9919574634146855
8.861689999999815,0.9914605365854161
8.863359999999815,0.9909636097561485
8.865029999999816,0.9904619204893477
8.866699999999817,0.9899593883792557
8.868369999999818,0.9894568562691637
8.870039999999818,0.9889543241590717
8.871709999999819,0.9884517920489806
8.87337999999982,0.9879492599388877
8.87504999999982,0.9874467278287957
8.876719999999821,0.9869441957187046
8.878389999999822,0.9864416636086117
8.880059999999823,0.9859391314985206
8.881729999999823,0.9854365993884286
8.883399999999824,0.9849340672783358
8.885069999999825,0.9844315351682447
8.886739999999826,0.9839290030581527
8.888409999999826,0.9834264709480607
8.890079999999827,0.9829239388379687
8.891749999999828,0.9824214067278767
8.893419999999828,0.9819188746177847
8.89508999999983,0.9814163425076927
8.89675999999983,0.9809138103976016
8.89842999999983,0.9804112782875087
8.900099999999831,0.9799087461774167
8.901769999999832,0.9794062140673248
8.903439999999833,0.9789036819572328
8.905109999999834,0.9784011498471417
8.906779999999834,0.9778986177370488
8.908449999999835,0.9773960856269568
8.910119999999836,0.9768935535168657
8.911789999999836,0.9763910214067728
8.913459999999837,0.9758884892966808
8.915129999999838,0.9753859571865897
8.916799999999839,0.9748834250764968
8.91846999999984,0.9743808929664057
8.92013999999984,0.9738783608563137
8.92180999999984,0.9733758287462209
8.923479999999842,0.9728732966361298
8.925149999999842,0.9723707645260378
8.926819999999843,0.9718682324159458
8.928489999999844,0.9713657003058538
8.930159999999844,0.9708631681957618
8.931829999999845,0.9703606360856698
8.933499999999846,0.9698581039755778
8.935169999999847,0.9693555718654867
8.936839999999847,0.9688530397553938
8.938509999999848,0.9683505076453018
8.940179999999849,0.9678479755352107
8.94184999999985,0.9673454434251179
8.94351999999985,0.9668429113150268
8.945189999999851,0.9663403792049348
8.946859999999852,0.9658378470948419
8.948529999999852,0.9653353149847508
8.950199999999853,0.9648327828746588
8.951869999999854,0.9643302507645668
8.953539999999855,0.9638277186544748
8.955209999999855,0.9633251865443828
8.956879999999856,0.9628226544342908
8.958549999999857,0.9623201223241988
8.960219999999858,0.9618175902141077
8.961889999999858,0.9613150581040149
8.963559999999859,0.9608125259939229
8.96522999999986,0.9603099938838309
8.96689999999986,0.9598074617737389
8.968569999999861,0.9593049296636478
8.970239999999862,0.9588023975535549
8.971909999999863,0.9582998654434629
8.973579999999863,0.9577973333333718
8.975249999999864,0.9572948012232789
8.976919999999865,0.9567922691131869
8.978589999999866,0.9562897370030958
8.980259999999866,0.955787204893003
8.981929999999867,0.9552846727829118
8.983599999999868,0.9547821406728199
8.985269999999868,0.954279608562727
8.98693999999987,0.9537770764526359
8.98860999999987,0.953274544342543
8.99027999999987,0.9527720122324519
8.991949999999871,0.9522694801223599
8.993619999999872,0.951766948012267
8.995289999999873,0.9512644159021759
8.996959999999874,0.9507618837920839
8.998629999999874,0.9502593516819919
9.000299999999875,0.9497568195719
9.001969999999876,0.949254287461808
9.003639999999876,0.948751755351716
9.005309999999877,0.948249223241624
9.006979999999878,0.9477466911315329
9.008649999999879,0.94724415902144
9.01031999999988,0.946741626911348
9.01198999999988,0.946239094801256
9.01365999999988,0.945736562691164
9.015329999999881,0.9452340305810729
9.016999999999882,0.94473149847098
9.018669999999883,0.944228966360888
9.020339999999884,0.9437264342507969
9.022009999999884,0.9432239021407041
9.023679999999885,0.942721370030613
9.025349999999886,0.942218837920521
9.027019999999887,0.941716305810429
9.028689999999887,0.941213773700337
9.030359999999888,0.940711241590245
9.032029999999889,0.940208709480153
9.03369999999989,0.939706177370061
9.03536999999989,0.939203645259969
9.037039999999891,0.938701113149877
9.038709999999892,0.938198581039785
9.040379999999892,0.937696048929693
9.042049999999893,0.9371935168196011
9.043719999999894,0.93669098470951
9.045389999999895,0.9361884525994171
9.047059999999895,0.9356859204893251
9.048729999999896,0.935183388379234
9.050399999999897,0.9346808562691411
9.052069999999897,0.93417832415905
9.053739999999898,0.933675792048958
9.055409999999899,0.9331732599388651
9.0570799999999,0.932670727828774
9.0587499999999,0.932168195718682
9.060419999999901,0.93166566360859
9.062089999999902,0.931163131498498
9.063759999999903,0.930660599388407
9.065429999999903,0.9301580672783141
9.067099999999904,0.9296555351682221
9.068769999999905,0.929153003058131
9.070439999999905,0.9286504709480381
9.072109999999906,0.928147938837947
9.073779999999907,0.927645406727855
9.075449999999908,0.9271428746177621
9.077119999999908,0.926640342507671
9.078789999999909,0.9261378103975781
9.08045999999991,0.925635278287487
9.08212999999991,0.925132746177395
9.083799999999911,0.9246302140673022
9.085469999999912,0.9241276819572111
9.087139999999913,0.9236251498471191
9.088809999999913,0.9231226177370271
9.090479999999914,0.9226200856269351
9.092149999999915,0.9221175535168431
9.093819999999916,0.9216150214067511
9.095489999999916,0.9211124892966591
9.097159999999917,0.920609957186568
9.098829999999918,0.9201074250764751
9.100499999999919,0.9196048929663831
9.10216999999992,0.919102360856292
9.10383999999992,0.9185998287461992
9.10550999999992,0.9180972966361081
9.107179999999921,0.9175947645260161
9.108849999999922,0.9170922324159241
9.110519999999923,0.9165897003058321
9.112189999999924,0.9160871681957401
9.113859999999924,0.9155846360856481
9.115529999999925,0.9150821039755561
9.117199999999926,0.914579571865465
9.118869999999927,0.9140770397553721
9.120539999999927,0.9135745076452801
9.122209999999928,0.913071975535189
9.123879999999929,0.9125694434250962
9.12554999999993,0.9120669113150051
9.12721999999993,0.9115643792049131
9.128889999999931,0.9110618470948202
9.130559999999932,0.9105593149847291
9.132229999999932,0.9100567828746371
9.133899999999933,0.9095542507645451
9.135569999999934,0.9090517186544531
9.137239999999935,0.9085529756097745
9.138909999999935,0.908056048780506
9.140579999999936,0.9075591219512376
9.142249999999937,0.9070621951219691
9.143919999999937,0.9065652682927006
9.145589999999938,0.9060683414634312
9.147259999999939,0.9055714146341636
9.14892999999994,0.9050744878048951
9.15059999999994,0.9045775609756266
9.152269999999941,0.9040806341463581
9.153939999999942,0.9035837073170887
9.155609999999943,0.9030867804878211
9.157279999999943,0.9025898536585526
9.158949999999944,0.9020929268292832
9.160619999999945,0.9015960000000156
9.162289999999945,0.9010990731707462
9.163959999999946,0.9006021463414786
9.165629999999947,0.9001052195122101
9.167299999999948,0.8996082926829407
9.168969999999948,0.8991113658536731
9.170639999999949,0.8986144390244037
9.17230999999995,0.8981175121951361
9.17397999999995,0.8976205853658676
9.175649999999951,0.8971236585365983
9.177319999999952,0.8966267317073306
9.178989999999953,0.8961298048780613
9.180659999999953,0.8956328780487937
9.182329999999954,0.8951359512195252
9.183999999999955,0.8946390243902558
9.185669999999956,0.8941420975609882
9.187339999999956,0.8936451707317188
9.189009999999957,0.8931482439024512
9.190679999999958,0.8926513170731827
9.192349999999958,0.8921543902439133
9.19401999999996,0.8916574634146457
9.19568999999996,0.8911605365853763
9.19735999999996,0.8906636097561087
9.199029999999961,0.8901666829268393
9.200699999999962,0.8896697560975708
9.202369999999963,0.8891728292683032
9.204039999999964,0.8886759024390338
9.205709999999964,0.8881789756097662
9.207379999999965,0.8876820487804968
9.209049999999966,0.8871851219512283
9.210719999999966,0.8866881951219607
9.212389999999967,0.8861912682926913
9.214059999999968,0.8856943414634237
9.215729999999969,0.8851974146341544
9.21739999999997,0.8847004878048859
9.21906999999997,0.8842035609756183
9.22073999999997,0.8837066341463489
9.222409999999972,0.8832097073170804
9.224079999999972,0.8827127804878119
9.225749999999973,0.8822158536585434
9.227419999999974,0.8817182629969489
9.229089999999974,0.8812157308868569
9.230759999999975,0.880713198776764
9.232429999999976,0.8802106666666729
9.234099999999977,0.8797081345565809
9.235769999999977,0.8792056024464889
9.237439999999978,0.8787030703363969
9.239109999999979,0.878200538226305
9.24077999999998,0.877698006116213
9.24244999999998,0.877195474006121
9.244119999999981,0.8766929418960299
9.245789999999982,0.876190409785937
9.247459999999982,0.875687877675845
9.249129999999983,0.8751853455657539
9.250799999999984,0.874682813455661
9.252469999999985,0.8741802813455699
9.254139999999985,0.873677749235477
9.255809999999986,0.873175217125385
9.257479999999987,0.8726726850152939
9.259149999999988,0.8721701529052011
9.260819999999988,0.87166762079511
9.262489999999989,0.871165088685018
9.26415999999999,0.8706625565749251
9.26582999999999,0.870160024464834
9.267499999999991,0.869657492354742
9.269169999999992,0.86915496024465
9.270839999999993,0.868652428134558
9.272509999999993,0.868149896024466
9.274179999999994,0.867647363914374
9.275849999999995,0.867144831804282
9.277519999999996,0.86664229969419
9.279189999999996,0.866139767584098
9.280859999999997,0.8656372354740061
9.282529999999998,0.8651347033639141
9.284199999999998,0.8646321712538221
9.28587,0.8641296391437301
9.28754,0.8636271070336381
9.28921,0.8631245749235461
9.290880000000001,0.862622042813455
9.292550000000002,0.8621195107033621
9.294220000000003,0.8616169785932701
9.295890000000004,0.861114446483179
9.297560000000004,0.8606119143730862
9.299230000000005,0.860109382262995
9.300900000000006,0.8596068501529022
9.302570000000006,0.8591043180428102
9.304240000000007,0.8586017859327191
9.305910000000008,0.8580992538226262
9.307580000000009,0.8575967217125351
9.30925000000001,0.8570941896024431
9.31092000000001,0.8565916574923502
9.31259000000001,0.8560891253822591
9.314260000000012,0.8555865932721671
9.315930000000012,0.8550840611620751
9.317600000000013,0.8545815290519831
9.319270000000014,0.8540789969418912
9.320940000000014,0.8535764648317992
9.322610000000015,0.8530739327217072
9.324280000000016,0.8525714006116161
9.325950000000017,0.8520688685015232
9.327620000000017,0.8515663363914312
9.329290000000018,0.8510638042813392
9.330960000000019,0.8505612721712472
9.33263000000002,0.8500587400611561
9.33430000000002,0.8495562079510632
9.335970000000021,0.8490536758409712
9.337640000000022,0.8485511437308801
9.339310000000022,0.8480486116207873
9.340980000000023,0.8475460795106962
9.342650000000024,0.8470435474006042
9.344320000000025,0.8465410152905113
9.345990000000025,0.8460384831804202
9.347660000000026,0.8455359510703282
9.349330000000027,0.8450334189602353
9.351000000000028,0.8445308868501442
9.352670000000028,0.8440283547400522
9.354340000000029,0.8435258226299602
9.35601000000003,0.8430232905198682
9.35768000000003,0.8425207584097762
9.359350000000031,0.8420182262996843
9.361020000000032,0.8415156941895923
9.362690000000033,0.8410131620795012
9.364360000000033,0.8405106299694083
9.366030000000034,0.8400080978593163
9.367700000000035,0.8395055657492252
9.369370000000036,0.8390030336391323
9.371040000000036,0.8385005015290412
9.372710000000037,0.8379979694189492
9.374380000000038,0.8374954373088563
9.376050000000038,0.8369929051987652
9.37772000000004,0.8364903730886732
9.37939000000004,0.8359878409785813
9.38106000000004,0.8354853088684893
9.382730000000041,0.8349827767583973
9.384400000000042,0.8344802446483053
9.386070000000043,0.8339777125382133
9.387740000000043,0.8334751804281222
9.389410000000044,0.8329726483180293
9.391080000000045,0.8324701162079373
9.392750000000046,0.8319675840978462
9.394420000000046,0.8314650519877533
9.396090000000047,0.8309625198776622
9.397760000000048,0.8304599877675702
9.399430000000049,0.8299574556574782
9.40110000000005,0.8294549235473863
9.40277000000005,0.8289523914372943
9.40444000000005,0.8284498593272023
9.406110000000051,0.8279473272171103
9.407780000000052,0.8274447951070192
9.409450000000053,0.8269441463414484
9.411120000000054,0.826447219512179
9.412790000000054,0.8259502926829114
9.414460000000055,0.825453365853642
9.416130000000056,0.8249564390243744
9.417800000000057,0.8244595121951059
9.419470000000057,0.8239625853658366
9.421140000000058,0.823465658536569
9.422810000000059,0.8229687317072996
9.42448000000006,0.822471804878032
9.42615000000006,0.8219748780487626
9.427820000000061,0.8214779512194941
9.429490000000062,0.8209810243902265
9.431160000000062,0.8204840975609571
9.432830000000063,0.8199871707316895
9.434500000000064,0.8194902439024201
9.436170000000065,0.8189933170731516
9.437840000000065,0.8184963902438831
9.439510000000066,0.8179994634146146
9.441180000000067,0.817502536585347
9.442850000000067,0.8170056097560776
9.444520000000068,0.81650868292681
9.446190000000069,0.8160117560975406
9.44786000000007,0.8155148292682721
9.44953000000007,0.8150179024390045
9.451200000000071,0.8145209756097351
9.452870000000072,0.8140240487804675
9.454540000000073,0.8135271219511981
9.456210000000073,0.8130301951219296
9.457880000000074,0.8125332682926611
9.459550000000075,0.8120363414633927
9.461220000000075,0.811539414634125
9.462890000000076,0.8110424878048557
9.464560000000077,0.8105455609755872
9.466230000000078,0.8100486341463187
9.467900000000078,0.8095517073170502
9.469570000000079,0.8090547804877817
9.47124000000008,0.8085578536585132
9.47291000000008,0.8080609268292447
9.474580000000081,0.8075639999999762
9.476250000000082,0.8070670731707077
9.477920000000083,0.8065701463414392
9.479590000000083,0.8060732195121707
9.481260000000084,0.8055762926829022
9.482930000000085,0.8050793658536337
9.484600000000086,0.8045824390243652
9.486270000000086,0.8040855121950967
9.487940000000087,0.8035885853658282
9.489610000000088,0.8030916585365597
9.491280000000089,0.8025947317072912
9.49295000000009,0.8020978048780218
9.49462000000009,0.8016008780487542
9.49629000000009,0.8011039512194857
9.497960000000091,0.8006070243902172
9.499630000000092,0.8001100975609488
9.501300000000093,0.7999999999999998
9.502970000000094,0.7999999999999998
9.504640000000094,0.7999999999999998
9.506310000000095,0.7999999999999998
9.507980000000096,0.7999999999999998
9.509650000000097,0.7999999999999998
9.511320000000097,0.7999999999999998
9.512990000000098,0.7999999999999998
9.514660000000099,0.7999999999999998
9.5163300000001,0.7999999999999998
9.5180000000001,0.7999999999999998
9.5196700000001,0.7999999999999998
9.521340000000102,0.7999999999999998
9.523010000000102,0.7999999999999998
9.524680000000103,0.7999999999999998
9.526350000000104,0.7999999999999998
9.528020000000105,0.7999999999999998
9.529690000000105,0.7999999999999998
9.531360000000106,0.7999999999999989
9.533030000000107,0.7999999999999998
9.534700000000107,0.7999999999999998
9.536370000000108,0.7999999999999998
9.538040000000109,0.7999999999999998
9.53971000000011,0.7999999999999998
9.54138000000011,0.7999999999999998
9.543050000000111,0.7999999999999998
9.544720000000112,0.7999999999999998
9.546390000000113,0.7999999999999998
9.548060000000113,0.7999999999999998
9.549730000000114,0.7999999999999998
9.551400000000115,0.7999999999999998
9.553070000000115,0.7999999999999998
9.554740000000116,0.7999999999999998
9.556410000000117,0.7999999999999998
9.558080000000118,0.7999999999999998
9.559750000000118,0.7999999999999998
9.561420000000119,0.7999999999999998
9.56309000000012,0.7999999999999998
9.56476000000012,0.7999999999999998
9.566430000000121,0.7999999999999998
9.568100000000122,0.7999999999999998
9.569770000000123,0.7999999999999998
9.571440000000123,0.7999999999999998
9.573110000000124,0.7999999999999998
9.574780000000125,0.7999999999999998
9.576450000000126,0.7999999999999998
9.578120000000126,0.7999999999999998
9.579790000000127,0.7999999999999998
9.581460000000128,0.7999999999999998
9.583130000000128,0.7999999999999998
9.58480000000013,0.7999999999999998
9.58647000000013,0.7999999999999998
9.58814000000013,0.7999999999999998
9.589810000000131,0.7999999999999998
9.591480000000132,0.7999999999999998
9.593150000000133,0.7999999999999998
9.594820000000134,0.8000000000000007
9.596490000000134,0.7999999999999998
9.598160000000135,0.7999999999999998
9.599830000000136,0.7999999999999998
9.601500000000136,0.7999999999999998
9.603170000000137,0.7999999999999998
9.604840000000138,0.7999999999999998
9.606510000000139,0.7999999999999998
9.60818000000014,0.7999999999999998
9.60985000000014,0.7999999999999998
9.61152000000014,0.7999999999999998
9.613190000000142,0.7999999999999998
9.614860000000142,0.7999999999999998
9.616530000000143,0.7999999999999998
9.618200000000144,0.7999999999999998
9.619870000000144,0.7999999999999998
9.621540000000145,0.7999999999999998
9.623210000000146,0.7999999999999998
9.624880000000147,0.7999999999999998
9.626550000000147,0.7999999999999998
9.628220000000148,0.7999999999999998
9.629890000000149,0.7999999999999998
9.63156000000015,0.7999999999999998
9.63323000000015,0.7999999999999998
9.634900000000151,0.7999999999999998
9.636570000000152,0.7999999999999998
9.638240000000152,0.7999999999999998
9.639910000000153,0.7999999999999998
9.641580000000154,0.7999999999999998
9.643250000000155,0.7999999999999998
9.644920000000155,0.7999999999999998
9.646590000000156,0.7999999999999998
9.648260000000157,0.7999999999999998
9.649930000000158,0.7999999999999998
9.651600000000158,0.7999999999999998
9.653270000000159,0.8000000000000007
9.65494000000016,0.7999999999999998
9.65661000000016,0.7999999999999998
9.658280000000161,0.8000000000000007
9.659950000000162,0.7999999999999998
9.661620000000163,0.8000000000000007
9.663290000000163,0.7999999999999998
9.664960000000164,0.7999999999999998
9.666630000000165,0.8000000000000007
9.668300000000166,0.7999999999999998
9.669970000000166,0.8000000000000007
9.671640000000167,0.7999999999999998
9.673310000000168,0.7999999999999998
9.674980000000168,0.8000000000000007
9.67665000000017,0.7999999999999998
9.67832000000017,0.8000000000000007
9.67999000000017,0.7999999999999998
9.681660000000171,0.7999999999999998
9.683330000000172,0.8000000000000007
9.685000000000173,0.7999999999999998
9.686670000000174,0.8000000000000007
9.688340000000174,0.7999999999999998
9.690010000000175,0.8000000000000007
9.691680000000176,0.8000000000000007
9.693350000000176,0.7999999999999998
9.695020000000177,0.8000000000000007
9.696690000000178,0.7999999999999998
9.698360000000179,0.8000000000000007
9.70003000000018,0.8000000000000007
9.70170000000018,0.7999999999999998
9.70337000000018,0.8000000000000007
9.705040000000182,0.7999999999999998
9.706710000000182,0.8000000000000007
9.708380000000183,0.8000000000000007
9.710050000000184,0.7999999999999998
9.711720000000184,0.8000000000000007
9.713390000000185,0.7999999999999998
9.715060000000186,0.8000000000000007
9.716730000000187,0.8000000000000007
9.718400000000187,0.7999999999999998
9.720070000000188,0.8000000000000007
9.721740000000189,0.8000000000000007
9.72341000000019,0.8000000000000007
9.72508000000019,0.8000000000000007
9.726750000000191,0.7999999999999998
9.728420000000192,0.8000000000000007
9.730090000000192,0.8000000000000007
9.731760000000193,0.8000000000000007
9.733430000000194,0.8000000000000007
9.735100000000195,0.8000000000000007
9.736770000000195,0.8000000000000007
9.738440000000196,0.8000000000000007
9.740110000000197,0.8000000000000007
9.741780000000198,0.8000000000000007
9.743450000000198,0.8000000000000007
9.745120000000199,0.8000000000000007
9.7467900000002,0.8000000000000007
9.7484600000002,0.8000000000000007
9.750130000000201,0.8000000000000007
9.751800000000202,0.8000000000000007
9.753470000000203,0.8000000000000007
9.755140000000203,0.8000000000000007
9.756810000000204,0.8000000000000007
9.758480000000205,0.8000000000000007
9.760150000000205,0.8000000000000007
9.761820000000206,0.8000000000000007
9.763490000000207,0.8000000000000007
9.765160000000208,0.8000000000000007
9.766830000000208,0.8000000000000007
9.76850000000021,0.8000000000000007
9.77017000000021,0.8000000000000007
9.77184000000021,0.7999999999999998
9.773510000000211,0.8000000000000007
9.775180000000212,0.8000000000000007
9.776850000000213,0.8000000000000007
9.778520000000213,0.8000000000000007
9.780190000000214,0.7999999999999998
9.781860000000215,0.8000000000000007
9.783530000000216,0.8000000000000007
9.785200000000216,0.7999999999999998
9.786870000000217,0.8000000000000007
9.788540000000218,0.7999999999999998
9.790210000000219,0.8000000000000007
9.79188000000022,0.8000000000000007
9.79355000000022,0.7999999999999998
9.79522000000022,0.8000000000000007
9.796890000000221,0.7999999999999998
9.798560000000222,0.8000000000000007
9.800230000000223,0.8000000000000007
9.801900000000224,0.7999999999999998
9.803570000000224,0.8000000000000007
9.805240000000225,0.7999999999999998
9.806910000000226,0.8000000000000007
9.808580000000227,0.8000000000000007
9.810250000000227,0.7999999999999998
9.811920000000228,0.8000000000000007
9.813590000000229,0.7999999999999998
9.81526000000023,0.8000000000000007
9.81693000000023,0.7999999999999998
9.818600000000231,0.7999999999999998
9.820270000000232,0.8000000000000007
9.821940000000232,0.7999999999999998
9.823610000000233,0.8000000000000007
9.825280000000234,0.7999999999999998
9.826950000000235,0.7999999999999998
9.828620000000235,0.8000000000000007
9.830290000000236,0.7999999999999998
9.831960000000237,0.8000000000000007
9.833630000000237,0.7999999999999998
9.835300000000238,0.7999999999999998
9.836970000000239,0.8000000000000007
9.83864000000024,0.7999999999999998
9.84031000000024,0.8000000000000007
9.841980000000241,0.7999999999999998
9.843650000000242,0.7999999999999998
9.845320000000243,0.8000000000000007
9.846990000000243,0.7999999999999998
9.848660000000244,0.7999999999999998
9.850330000000245,0.7999999999999998
9.852000000000245,0.7999999999999998
9.853670000000246,0.8000000000000007
9.855340000000247,0.7999999999999998
9.857010000000248,0.7999999999999998
9.858680000000248,0.7999999999999998
9.860350000000249,0.7999999999999998
9.86202000000025,0.7999999999999998
9.86369000000025,0.7999999999999998
9.865360000000251,0.7999999999999998
9.867030000000252,0.7999999999999998
9.868700000000253,0.7999999999999998
9.870370000000253,0.7999999999999998
9.872040000000254,0.7999999999999998
9.873710000000255,0.7999999999999998
9.875380000000256,0.7999999999999998
9.877050000000256,0.7999999999999998
9.878720000000257,0.7999999999999998
9.880390000000258,0.7999999999999998
9.882060000000259,0.7999999999999998
9.88373000000026,0.7999999999999998
9.88540000000026,0.7999999999999998
9.88707000000026,0.7999999999999998
9.888740000000261,0.7999999999999998
9.890410000000262,0.7999999999999998
9.892080000000263,0.7999999999999998
9.893750000000264,0.7999999999999998
9.895420000000264,0.7999999999999998
9.897090000000265,0.7999999999999998
9.898760000000266,0.7999999999999998
9.900430000000267,0.7999999999999998
9.902100000000267,0.7999999999999998
9.903770000000268,0.7999999999999998
9.905440000000269,0.7999999999999998
9.90711000000027,0.7999999999999998
9.90878000000027,0.7999999999999998
9.91045000000027,0.7999999999999998
9.912120000000272,0.7999999999999998
9.913790000000272,0.7999999999999998
9.915460000000273,0.7999999999999998
9.917130000000274,0.7999999999999998
9.918800000000275,0.7999999999999998
9.920470000000275,0.7999999999999998
9.922140000000276,0.7999999999999998
9.923810000000277,0.7999999999999998
9.925480000000277,0.7999999999999998
9.927150000000278,0.7999999999999998
9.928820000000279,0.7999999999999998
9.93049000000028,0.7999999999999998
9.93216000000028,0.7999999999999998
9.933830000000281,0.7999999999999998
9.935500000000282,0.7999999999999998
9.937170000000282,0.7999999999999998
9.938840000000283,0.7999999999999998
9.940510000000284,0.7999999999999998
9.942180000000285,0.7999999999999998
9.943850000000285,0.7999999999999998
9.945520000000286,0.7999999999999998
9.947190000000287,0.7999999999999998
9.948860000000288,0.7999999999999998
9.950530000000288,0.7999999999999998
9.952200000000289,0.7999999999999998
9.95387000000029,0.7999999999999998
9.95554000000029,0.7999999999999998
9.957210000000291,0.7999999999999998
9.958880000000292,0.7999999999999998
9.960550000000293,0.7999999999999998
9.962220000000293,0.7999999999999998
9.963890000000294,0.7999999999999998
9.965560000000295,0.7999999999999998
9.967230000000296,0.7999999999999989
9.968900000000296,0.7999999999999998
9.970570000000297,0.7999999999999998
9.972240000000298,0.7999999999999998
9.973910000000298,0.7999999999999998
9.9755800000003,0.7999999999999998
9.9772500000003,0.7999999999999998
9.9789200000003,0.7999999999999998
9.980590000000301,0.7999999999999998
9.982260000000302,0.7999999999999998
9.983930000000303,0.7999999999999998
9.985600000000304,0.7999999999999998
9.987270000000304,0.7999999999999998
9.988940000000305,0.7999999999999998
9.990610000000306,0.7999999999999998
9.992280000000306,0.7999999999999998
9.993950000000307,0.7999999999999998
9.995620000000308,0.7999999999999998
9.997290000000309,0.7999999999999998
9.99896000000031,0.7999999999999998
10.00063000000031,0.7999999999999998
10.00230000000031,0.7999999999999998
10.003970000000312,0.7999999999999998
10.005640000000312,0.7999999999999998
10.007310000000313,0.7999999999999998
10.008980000000314,0.7999999999999998
10.010650000000314,0.7999999999999998
10.012320000000315,0.7999999999999998
10.013990000000316,0.7999999999999998
10.015660000000317,0.7999999999999998
10.017330000000317,0.7999999999999998
10.019000000000318,0.7999999999999998
10.020670000000319,0.7999999999999998
10.02234000000032,0.7999999999999998
10.02401000000032,0.7999999999999998
10.025680000000321,0.7999999999999998
10.027350000000322,0.7999999999999998
10.029020000000322,0.7999999999999998
10.030690000000323,0.7999999999999998
10.032360000000324,0.7999999999999998
10.034030000000325,0.7999999999999998
10.035700000000325,0.7999999999999998
10.037370000000326,0.7999999999999998
10.039040000000327,0.7999999999999998
10.040710000000328,0.7999999999999998
10.042380000000328,0.7999999999999998
10.044050000000329,0.7999999999999998
10.04572000000033,0.7999999999999998
10.04739000000033,0.7999999999999998
10.049060000000331,0.7999999999999998
10.050730000000332,0.7999999999999998
10.052400000000333,0.7999999999999998
10.054070000000333,0.7999999999999998
10.055740000000334,0.7999999999999998
10.057410000000335,0.7999999999999998
10.059080000000336,0.7999999999999998
10.060750000000336,0.7999999999999998
10.062420000000337,0.8000000000000007
10.064090000000338,0.7999999999999998
10.065760000000338,0.7999999999999998
10.06743000000034,0.7999999999999998
10.06910000000034,0.7999999999999998
10.07077000000034,0.7999999999999998
10.072440000000341,0.7999999999999998
10.074110000000342,0.7999999999999998
10.075780000000343,0.7999999999999998
10.077450000000344,0.7999999999999998
10.079120000000344,0.7999999999999998
10.080790000000345,0.7999999999999998
10.082460000000346,0.7999999999999998
10.084130000000346,0.7999999999999998
10.085800000000347,0.7999999999999998
10.087470000000348,0.7999999999999998
10.089140000000349,0.7999999999999998
10.09081000000035,0.7999999999999998
10.09248000000035,0.7999999999999998
10.09415000000035,0.7999999999999998
10.095820000000352,0.7999999999999998
10.097490000000352,0.7999999999999998
10.099160000000353,0.7999999999999998
10.100830000000354,0.7999999999999998
10.102500000000354,0.7999999999999998
10.104170000000355,0.7999999999999998
10.105840000000356,0.7999999999999998
10.107510000000357,0.7999999999999998
10.109180000000357,0.7999999999999998
10.110850000000358,0.7999999999999998
10.112520000000359,0.7999999999999998
10.11419000000036,0.7999999999999998
10.11586000000036,0.7999999999999998
10.117530000000361,0.7999999999999998
10.119200000000362,0.7999999999999998
10.120870000000362,0.7999999999999998
10.122540000000363,0.7999999999999998
10.124210000000364,0.7999999999999998
10.125880000000365,0.7999999999999998
10.127550000000365,0.7999999999999998
10.129220000000366,0.7999999999999998
10.130890000000367,0.7999999999999998
10.132560000000367,0.7999999999999998
10.134230000000368,0.7999999999999998
10.135900000000369,0.7999999999999998
10.13757000000037,0.7999999999999998
10.13924000000037,0.7999999999999998
10.140910000000371,0.7999999999999998
10.142580000000372,0.7999999999999998
10.144250000000373,0.7999999999999998
10.145920000000373,0.7999999999999998
10.147590000000374,0.7999999999999998
10.149260000000375,0.7999999999999998
10.150930000000375,0.7999999999999998
10.152600000000376,0.7999999999999998
10.154270000000377,0.7999999999999998
10.155940000000378,0.7999999999999998
10.157610000000378,0.7999999999999998
10.15928000000038,0.7999999999999998
10.16095000000038,0.7999999999999998
10.16262000000038,0.7999999999999998
10.164290000000381,0.7999999999999998
10.165960000000382,0.7999999999999998
10.167630000000383,0.7999999999999998
10.169300000000383,0.7999999999999998
10.170970000000384,0.7999999999999998
10.172640000000385,0.7999999999999998
10.174310000000386,0.7999999999999998
10.175980000000386,0.7999999999999998
10.177650000000387,0.7999999999999998
10.179320000000388,0.7999999999999998
10.180990000000389,0.7999999999999998
10.18266000000039,0.7999999999999998
10.18433000000039,0.7999999999999998
10.18600000000039,0.7999999999999998
10.187670000000391,0.7999999999999998
10.189340000000392,0.7999999999999998
10.191010000000393,0.7999999999999998
10.192680000000394,0.7999999999999998
10.194350000000394,0.7999999999999998
10.196020000000395,0.7999999999999998
10.197690000000396,0.7999999999999998
10.199360000000397,0.7999999999999998
10.201030000000397,0.7999999999999998
10.202700000000398,0.7999999999999998
10.204370000000399,0.7999999999999998
10.2060400000004,0.7999999999999998
10.2077100000004,0.7999999999999998
10.209380000000401,0.7999999999999998
10.211050000000402,0.7999999999999998
10.212720000000402,0.7999999999999998
10.214390000000403,0.7999999999999998
10.216060000000404,0.7999999999999998
10.217730000000405,0.7999999999999998
10.219400000000405,0.7999999999999998
10.221070000000406,0.8000000000000007
10.222740000000407,0.7999999999999998
10.224410000000407,0.7999999999999998
10.226080000000408,0.7999999999999998
10.227750000000409,0.7999999999999998
10.22942000000041,0.7999999999999998
10.23109000000041,0.7999999999999998
10.232760000000411,0.7999999999999998
10.234430000000412,0.7999999999999998
10.236100000000413,0.7999999999999998
10.237770000000413,0.7999999999999998
10.239440000000414,0.7999999999999998
10.241110000000415,0.7999999999999998
10.242780000000415,0.7999999999999998
10.244450000000416,0.7999999999999998
10.246120000000417,0.7999999999999998
10.247790000000418,0.7999999999999998
10.249460000000418,0.7999999999999998
10.251130000000419,0.7999999999999998
10.25280000000042,0.7999999999999998
10.25447000000042,0.7999999999999998
10.256140000000421,0.7999999999999998
10.257810000000422,0.7999999999999998
10.259480000000423,0.7999999999999998
10.261150000000423,0.7999999999999998
10.262820000000424,0.7999999999999998
10.264490000000425,0.7999999999999998
10.266160000000426,0.7999999999999998
10.267830000000426,0.7999999999999998
10.269500000000427,0.7999999999999998
10.271170000000428,0.8000000000000007
10.272840000000429,0.7999999999999998
10.27451000000043,0.7999999999999998
10.27618000000043,0.7999999999999998
10.27785000000043,0.7999999999999998
10.279520000000431,0.8000000000000007
10.281190000000432,0.7999999999999998
10.282860000000433,0.7999999999999998
10.284530000000434,0.8000000000000007
10.286200000000434,0.7999999999999998
10.287870000000435,0.8000000000000007
10.289540000000436,0.7999999999999998
10.291210000000437,0.7999999999999998
10.292880000000437,0.8000000000000007
10.294550000000438,0.7999999999999998
10.296220000000439,0.8000000000000007
10.29789000000044,0.7999999999999998
10.29956000000044,0.7999999999999998
10.30123000000044,0.8000000000000007
10.302900000000442,0.7999999999999998
10.304570000000442,0.8000000000000007
10.306240000000443,0.7999999999999998
10.307910000000444,0.7999999999999998
10.309580000000444,0.8000000000000007
10.311250000000445,0.7999999999999998
10.312920000000446,0.8000000000000007
10.314590000000447,0.7999999999999998
10.316260000000447,0.8000000000000007
10.317930000000448,0.8000000000000007
10.319600000000449,0.7999999999999998
10.32127000000045,0.8000000000000007
10.32294000000045,0.7999999999999998
10.324610000000451,0.8000000000000007
10.326280000000452,0.8000000000000007
10.327950000000452,0.7999999999999998
10.329620000000453,0.8000000000000007
10.331290000000454,0.7999999999999998
10.332960000000455,0.8000000000000007
10.334630000000455,0.8000000000000007
10.336300000000456,0.7999999999999998
10.337970000000457,0.8000000000000007
10.339640000000458,0.7999999999999998
10.341310000000458,0.8000000000000007
10.342980000000459,0.8000000000000007
10.34465000000046,0.7999999999999998
10.34632000000046,0.8000000000000007
10.347990000000461,0.8000000000000007
10.349660000000462,0.8000000000000007
10.351330000000463,0.8000000000000007
10.353000000000463,0.8000000000000007
10.354670000000464,0.8000000000000007
10.356340000000465,0.8000000000000007
10.358010000000466,0.8000000000000007
10.359680000000466,0.8000000000000007
10.361350000000467,0.8000000000000007
10.363020000000468,0.8000000000000007
10.364690000000468,0.8000000000000007
10.36636000000047,0.8000000000000007
10.36803000000047,0.8000000000000007
10.36970000000047,0.8000000000000007
10.371370000000471,0.8000000000000007
10.373040000000472,0.8000000000000007
10.374710000000473,0.8000000000000007
10.376380000000474,0.8000000000000007
10.378050000000474,0.8000000000000007
10.379720000000475,0.8000000000000007
10.381390000000476,0.8000000000000007
10.383060000000476,0.8000000000000007
10.384730000000477,0.8000000000000007
10.386400000000478,0.8000000000000007
10.388070000000479,0.8000000000000007
10.38974000000048,0.8000000000000007
10.39141000000048,0.8000000000000007
10.39308000000048,0.8000000000000007
10.394750000000482,0.8000000000000007
10.396420000000482,0.8000000000000007
10.398090000000483,0.7999999999999998
10.399760000000484,0.8000000000000007
10.401430000000484,0.8000000000000007
10.403100000000485,0.8000000000000007
10.404770000000486,0.8000000000000007
10.406440000000487,0.7999999999999998
10.408110000000487,0.8000000000000007
10.409780000000488,0.8000000000000007
10.411450000000489,0.7999999999999998
10.41312000000049,0.8000000000000007
10.41479000000049,0.7999999999999998
10.416460000000491,0.8000000000000007
10.418130000000492,0.8000000000000007
10.419800000000492,0.7999999999999998
10.421470000000493,0.8000000000000007
10.423140000000494,0.7999999999999998
10.424810000000495,0.8000000000000007
10.426480000000495,0.8000000000000007
10.428150000000496,0.7999999999999998
10.429820000000497,0.8000000000000007
10.431490000000498,0.7999999999999998
10.433160000000498,0.8000000000000007
10.434830000000499,0.8000000000000007
10.4365000000005,0.7999999999999998
10.4381700000005,0.8000000000000007
10.439840000000501,0.7999999999999998
10.441510000000502,0.8000000000000007
10.443180000000503,0.7999999999999998
10.444850000000503,0.7999999999999998
10.446520000000504,0.8000000000000007
10.448190000000505,0.7999999999999998
10.449860000000506,0.8000000000000007
10.451530000000506,0.7999999999999998
10.453200000000507,0.7999999999999998
10.454870000000508,0.8000000000000007
10.456540000000508,0.7999999999999998
10.45821000000051,0.8000000000000007
10.45988000000051,0.7999999999999998
10.46155000000051,0.7999999999999998
10.463220000000511,0.8000000000000007
10.464890000000512,0.7999999999999998
10.466560000000513,0.7999999999999998
10.468230000000514,0.7999999999999998
10.469900000000514,0.7999999999999998
10.471570000000515,0.8000000000000007
10.473240000000516,0.7999999999999998
10.474910000000516,0.7999999999999998
10.476580000000517,0.7999999999999998
10.478250000000518,0.7999999999999998
10.479920000000519,0.8000000000000007
10.48159000000052,0.7999999999999998
10.48326000000052,0.7999999999999998
10.48493000000052,0.7999999999999998
10.486600000000522,0.7999999999999998
10.488270000000522,0.7999999999999998
10.489940000000523,0.7999999999999998
10.491610000000524,0.7999999999999998
10.493280000000524,0.7999999999999998
10.494950000000525,0.7999999999999998
10.496620000000526,0.7999999999999998
10.498290000000527,0.7999999999999998
10.499960000000527,0.7999999999999998
10.501630000000528,0.7999999999999989
10.503300000000529,0.8000000000000007
10.50497000000053,0.7999999999999998
10.50664000000053,0.7999999999999998
10.508310000000531,0.7999999999999998
10.509980000000532,0.7999999999999989
10.511650000000532,0.8000000000000007
10.513320000000533,0.7999999999999998
10.514990000000534,0.7999999999999998
10.516660000000535,0.7999999999999998
10.518330000000535,0.7999999999999989
10.520000000000536,0.8000000000000007
10.521670000000537,0.7999999999999998
10.523340000000537,0.7999999999999998
10.525010000000538,0.7999999999999998
10.526680000000539,0.7999999999999989
10.52835000000054,0.8000000000000007
10.53002000000054,0.7999999999999998
10.531690000000541,0.7999999999999998
10.533360000000542,0.7999999999999998
10.535030000000543,0.7999999999999989
10.536700000000543,0.8000000000000007
10.538370000000544,0.8000000000000007
10.540040000000545,0.7999999999999998
10.541710000000545,0.7999999999999998
10.543380000000546,0.7999999999999989
10.545050000000547,0.8000000000000007
10.546720000000548,0.8000000000000007
10.548390000000548,0.7999999999999998
10.550060000000549,0.7999999999999998
10.55173000000055,0.7999999999999989
10.55340000000055,0.8000000000000007
10.555070000000551,0.8000000000000007
10.556740000000552,0.7999999999999998
10.558410000000553,0.7999999999999998
10.560080000000553,0.7999999999999989
10.561750000000554,0.8000000000000007
10.563420000000555,0.8000000000000007
10.565090000000556,0.7999999999999998
10.566760000000556,0.7999999999999998
10.568430000000557,0.7999999999999989
10.570100000000558,0.7999999999999989
10.571770000000559,0.8000000000000007
10.57344000000056,0.7999999999999998
10.57511000000056,0.7999999999999998
10.57678000000056,0.7999999999999989
10.578450000000561,0.7999999999999989
10.580120000000562,0.8000000000000007
10.581790000000563,0.7999999999999998
10.583460000000564,0.7999999999999998
10.585130000000564,0.7999999999999989
10.586800000000565,0.7999999999999989
10.588470000000566,0.8000000000000007
10.590140000000567,0.7999999999999998
10.591810000000567,0.7999999999999998
10.593480000000568,0.7999999999999989
10.595150000000569,0.7999999999999989
10.59682000000057,0.8000000000000007
10.59849000000057,0.7999999999999998
10.600160000000571,0.7999999999999998
10.601830000000572,0.7999999999999998
10.603500000000572,0.7999999999999989
10.605170000000573,0.8000000000000007
10.606840000000574,0.7999999999999998
10.608510000000575,0.7999999999999998
10.610180000000575,0.7999999999999998
10.611850000000576,0.7999999999999989
10.613520000000577,0.8000000000000007
10.615190000000577,0.7999999999999998
10.616860000000578,0.7999999999999998
10.618530000000579,0.7999999999999998
10.62020000000058,0.7999999999999989
10.62187000000058,0.8000000000000007
10.623540000000581,0.7999999999999998
10.625210000000582,0.7999999999999998
10.626880000000583,0.7999999999999998
10.628550000000583,0.7999999999999989
10.630220000000584,0.8000000000000007
10.631890000000585,0.7999999999999998
10.633560000000585,0.7999999999999998
10.635230000000586,0.7999999999999998
10.636900000000587,0.7999999999999989
10.638570000000588,0.8000000000000007
10.640240000000588,0.7999999999999998
10.641910000000589,0.7999999999999998
10.64358000000059,0.7999999999999998
10.64525000000059,0.7999999999999989
10.646920000000591,0.8000000000000007
10.648590000000592,0.7999999999999998
10.650260000000593,0.7999999999999998
10.651930000000593,0.7999999999999989
10.653600000000594,0.7999999999999989
10.655270000000595,0.8000000000000007
10.656940000000596,0.7999999999999998
10.658610000000596,0.7999999999999998
10.660280000000597,0.7999999999999989
10.661950000000598,0.7999999999999989
10.663620000000599,0.8000000000000007
10.6652900000006,0.7999999999999998
10.6669600000006,0.7999999999999998
10.6686300000006,0.7999999999999989
10.670300000000601,0.7999999999999989
10.671970000000602,0.8000000000000007
10.673640000000603,0.7999999999999998
10.675310000000604,0.7999999999999998
10.676980000000604,0.7999999999999989
10.678650000000605,0.7999999999999989
10.680320000000606,0.8000000000000007
10.681990000000606,0.7999999999999998
10.683660000000607,0.7999999999999998
10.685330000000608,0.7999999999999989
10.687000000000609,0.7999999999999989
10.68867000000061,0.799999999999998
10.69034000000061,0.7999999999999998
10.69201000000061,0.7999999999999998
10.693680000000612,0.7999999999999989
10.695350000000612,0.7999999999999989
10.697020000000613,0.799999999999998
10.698690000000614,0.7999999999999998
10.700360000000614,0.7999999999999998
10.702030000000615,0.7999999999999989
10.703700000000616,0.7999999999999989
10.705370000000617,0.799999999999998
10.707040000000617,0.7999999999999998
10.708710000000618,0.7999999999999998
10.710380000000619,0.7999999999999989
10.71205000000062,0.7999999999999989
10.71372000000062,0.799999999999998
10.715390000000621,0.7999999999999998
10.717060000000622,0.7999999999999998
10.718730000000622,0.7999999999999989
10.720400000000623,0.7999999999999989
10.722070000000624,0.799999999999998
10.723740000000625,0.7999999999999998
10.725410000000625,0.7999999999999998
10.727080000000626,0.7999999999999989
10.728750000000627,0.7999999999999989
10.730420000000628,0.799999999999998
10.732090000000628,0.7999999999999998
10.733760000000629,0.7999999999999989
10.73543000000063,0.7999999999999989
10.73710000000063,0.7999999999999989
10.738770000000631,0.799999999999998
10.740440000000632,0.7999999999999998
10.742110000000633,0.7999999999999989
10.743780000000633,0.7999999999999989
10.745450000000634,0.7999999999999989
10.747120000000635,0.799999999999998
10.748790000000636,0.7999999999999998
10.750460000000636,0.7999999999999989
10.752130000000637,0.7999999999999989
10.753800000000638,0.7999999999999989
10.755470000000638,0.799999999999998
10.75714000000064,0.7999999999999998
10.75881000000064,0.7999999999999989
10.76048000000064,0.7999999999999989
10.762150000000641,0.7999999999999989
10.763820000000642,0.799999999999998
10.765490000000643,0.7999999999999998
10.767160000000644,0.7999999999999989
10.768830000000644,0.7999999999999989
10.770500000000645,0.7999999999999989
10.772170000000646,0.7999999999999998
10.773840000000646,0.7999999999999998
10.775510000000647,0.7999999999999989
10.777180000000648,0.7999999999999989
10.778850000000649,0.7999999999999989
10.78052000000065,0.7999999999999998
10.78219000000065,0.7999999999999998
10.78386000000065,0.7999999999999998
10.785530000000652,0.7999999999999989
10.787200000000652,0.7999999999999989
10.788870000000653,0.7999999999999998
10.790540000000654,0.7999999999999998
10.792210000000654,0.7999999999999998
10.793880000000655,0.7999999999999989
10.795550000000656,0.7999999999999989
10.797220000000657,0.7999999999999998
10.798890000000657,0.7999999999999998
10.800560000000658,0.7999999999999998
10.802230000000659,0.7999999999999989
10.80390000000066,0.8000000000000007
10.80557000000066,0.7999999999999998
10.807240000000661,0.7999999999999998
10.808910000000662,0.7999999999999998
10.810580000000662,0.7999999999999989
10.812250000000663,0.8000000000000007
10.813920000000664,0.7999999999999998
10.815590000000665,0.7999999999999998
10.817260000000665,0.7999999999999998
10.818930000000666,0.7999999999999989
10.820600000000667,0.8000000000000007
10.822270000000668,0.7999999999999998
10.823940000000668,0.7999999999999998
10.825610000000669,0.7999999999999998
10.82728000000067,0.7999999999999989
10.82895000000067,0.8000000000000007
10.830620000000671,0.7999999999999998
10.832290000000672,0.7999999999999998
10.833960000000673,0.7999999999999998
10.835630000000673,0.8000000000000007
10.837300000000674,0.8000000000000007
10.838970000000675,0.7999999999999998
10.840640000000676,0.7999999999999998
10.842310000000676,0.7999999999999998
10.843980000000677,0.8000000000000007
10.845650000000678,0.8000000000000007
10.847320000000678,0.8000000000000007
10.84899000000068,0.7999999999999998
10.85066000000068,0.7999999999999998
10.85233000000068,0.8000000000000007
10.854000000000681,0.8000000000000007
10.855670000000682,0.8000000000000007
10.857340000000683,0.7999999999999998
10.859010000000684,0.8000000000000016
10.860680000000684,0.8000000000000007
10.862350000000685,0.8000000000000007
10.864020000000686,0.8000000000000007
10.865690000000686,0.7999999999999998
10.867360000000687,0.8000000000000016
10.869030000000688,0.8000000000000007
10.870700000000689,0.8000000000000007
10.87237000000069,0.8000000000000007
10.87404000000069,0.7999999999999998
10.87571000000069,0.8000000000000016
10.877380000000691,0.8000000000000007
10.879050000000692,0.8000000000000007
10.880720000000693,0.8000000000000007
10.882390000000694,0.7999999999999998
10.884060000000694,0.8000000000000016
10.885730000000695,0.8000000000000007
10.887400000000696,0.8000000000000007
10.889070000000697,0.8000000000000007
10.890740000000697,0.7999999999999998
10.892410000000698,0.8000000000000016
10.894080000000699,0.8000000000000007
10.8957500000007,0.8000000000000007
10.8974200000007,0.8000000000000007
10.899090000000701,0.7999999999999998
10.900760000000702,0.8000000000000016
10.902430000000702,0.8000000000000007
10.904100000000703,0.8000000000000007
10.905770000000704,0.8000000000000007
10.907440000000705,0.7999999999999998
10.909110000000705,0.8000000000000016
10.910780000000706,0.8000000000000016
10.912450000000707,0.8000000000000007
10.914120000000707,0.8000000000000007
10.915790000000708,0.7999999999999998
10.917460000000709,0.8000000000000016
10.91913000000071,0.8000000000000016
10.92080000000071,0.8000000000000007
10.922470000000711,0.8000000000000007
10.924140000000712,0.7999999999999998
10.925810000000713,0.8000000000000016
10.927480000000713,0.8000000000000016
10.929150000000714,0.8000000000000007
10.930820000000715,0.8000000000000007
10.932490000000715,0.7999999999999998
10.934160000000716,0.8000000000000016
10.935830000000717,0.8000000000000016
10.937500000000718,0.8000000000000007
10.939170000000718,0.8000000000000007
10.940840000000719,0.7999999999999998
10.94251000000072,0.7999999999999998
10.94418000000072,0.8000000000000016
10.945850000000721,0.8000000000000007
10.947520000000722,0.8000000000000007
10.949190000000723,0.7999999999999998
10.950860000000723,0.7999999999999998
10.952530000000724,0.8000000000000016
10.954200000000725,0.8000000000000007
10.955870000000726,0.8000000000000007
10.957540000000726,0.7999999999999998
10.959210000000727,0.7999999999999998
10.960880000000728,0.8000000000000016
10.962550000000729,0.8000000000000007
10.96422000000073,0.8000000000000007
10.96589000000073,0.7999999999999998
10.96756000000073,0.7999999999999998
10.969230000000731,0.8000000000000016
10.970900000000732,0.8000000000000007
10.972570000000733,0.8000000000000007
10.974240000000734,0.8000000000000007
10.975910000000734,0.7999999999999998
10.977580000000735,0.8000000000000016
10.979250000000736,0.8000000000000007
10.980920000000737,0.8000000000000007
10.982590000000737,0.8000000000000007
10.984260000000738,0.7999999999999998
10.985930000000739,0.8000000000000016
10.98760000000074,0.8000000000000007
10.98927000000074,0.8000000000000007
10.990940000000741,0.8000000000000007
10.992610000000742,0.7999999999999998
10.994280000000742,0.8000000000000016
10.995950000000743,0.8000000000000007
10.997620000000744,0.8000000000000007
10.999290000000745,0.8000000000000007
11.000960000000745,0.7999999999999998
11.002630000000746,0.8000000000000016
11.004300000000747,0.8000000000000007
11.005970000000747,0.8000000000000007
11.007640000000748,0.8000000000000007
11.009310000000749,0.7999999999999998
11.01098000000075,0.8000000000000016
11.01265000000075,0.8000000000000007
11.014320000000751,0.8000000000000007
11.015990000000752,0.8000000000000007
11.017660000000753,0.7999999999999998
11.019330000000753,0.8000000000000016
11.021000000000754,0.8000000000000007
11.022670000000755,0.8000000000000007
11.024340000000755,0.7999999999999998
11.026010000000756,0.7999999999999998
11.027680000000757,0.8000000000000016
11.029350000000758,0.8000000000000007
11.031020000000758,0.8000000000000007
11.032690000000759,0.7999999999999998
11.03436000000076,0.7999999999999998
11.03603000000076,0.8000000000000016
11.037700000000761,0.8000000000000007
11.039370000000762,0.8000000000000007
11.041040000000763,0.7999999999999998
11.042710000000763,0.7999999999999998
11.044380000000764,0.8000000000000016
11.046050000000765,0.8000000000000007
11.047720000000766,0.8000000000000007
11.049390000000766,0.7999999999999998
11.051060000000767,0.7999999999999998
11.052730000000768,0.8000000000000016
11.054400000000769,0.8000000000000007
11.05607000000077,0.8000000000000007
11.05774000000077,0.7999999999999998
11.05941000000077,0.7999999999999998
11.061080000000771,0.8000000000000016
11.062750000000772,0.8000000000000007
11.064420000000773,0.8000000000000007
11.066090000000774,0.7999999999999998
11.067760000000774,0.7999999999999998
11.069430000000775,0.7999999999999989
11.071100000000776,0.8000000000000007
11.072770000000776,0.8000000000000007
11.074440000000777,0.7999999999999998
11.076110000000778,0.7999999999999998
11.077780000000779,0.7999999999999989
11.07945000000078,0.8000000000000007
11.08112000000078,0.8000000000000007
11.08279000000078,0.7999999999999998
11.084460000000782,0.7999999999999998
11.086130000000782,0.7999999999999989
11.087800000000783,0.8000000000000007
11.089470000000784,0.8000000000000007
11.091140000000784,0.7999999999999998
11.092810000000785,0.7999999999999998
11.094480000000786,0.7999999999999989
11.096150000000787,0.8000000000000007
11.097820000000787,0.8000000000000007
11.099490000000788,0.7999999999999998
11.101160000000789,0.7999999999999998
11.10283000000079,0.7999999999999989
11.10450000000079,0.8000000000000007
11.106170000000791,0.7999999999999998
11.107840000000792,0.7999999999999998
11.109510000000792,0.7999999999999998
11.111180000000793,0.7999999999999989
11.112850000000794,0.8000000000000007
11.114520000000795,0.7999999999999998
11.116190000000795,0.7999999999999998
11.117860000000796,0.7999999999999998
11.119530000000797,0.7999999999999989
11.121200000000798,0.8000000000000007
11.122870000000798,0.7999999999999998
11.124540000000799,0.7999999999999998
11.1262100000008,0.7999999999999998
11.1278800000008,0.7999999999999989
11.129550000000801,0.8000000000000007
11.131220000000802,0.7999999999999998
11.132890000000803,0.7999999999999998
11.134560000000803,0.7999999999999998
11.136230000000804,0.7999999999999989
11.137900000000805,0.8000000000000007
11.139570000000806,0.7999999999999998
11.141240000000806,0.7999999999999998
11.142910000000807,0.7999999999999998
11.144580000000808,0.7999999999999989
11.146250000000808,0.8000000000000007
11.14792000000081,0.7999999999999998
11.14959000000081,0.7999999999999998
11.15126000000081,0.7999999999999998
11.152930000000811,0.7999999999999989
11.154600000000812,0.8000000000000007
11.156270000000813,0.8000000000000007
11.157940000000814,0.7999999999999998
11.159610000000814,0.7999999999999998
11.161280000000815,0.7999999999999989
11.162950000000816,0.8000000000000007
11.164620000000816,0.8000000000000007
11.166290000000817,0.7999999999999998
11.167960000000818,0.7999999999999998
11.169630000000819,0.7999999999999989
11.17130000000082,0.8000000000000007
11.17297000000082,0.8000000000000007
11.17464000000082,0.7999999999999998
11.176310000000822,0.7999999999999998
11.177980000000822,0.7999999999999989
11.179650000000823,0.8000000000000007
11.181320000000824,0.8000000000000007
11.182990000000824,0.7999999999999998
11.184660000000825,0.7999999999999998
11.186330000000826,0.7999999999999989
11.188000000000827,0.8000000000000007
11.189670000000827,0.8000000000000007
11.191340000000828,0.7999999999999998
11.193010000000829,0.7999999999999998
11.19468000000083,0.7999999999999989
11.19635000000083,0.7999999999999989
11.198020000000831,0.8000000000000007
11.199690000000832,0.7999999999999998
11.201360000000832,0.7999999999999998
11.203030000000833,0.7999999999999989
11.204700000000834,0.7999999999999989
11.206370000000835,0.8000000000000007
11.208040000000835,0.7999999999999998
11.209710000000836,0.7999999999999998
11.211380000000837,0.7999999999999989
11.213050000000838,0.7999999999999989
11.214720000000838,0.8000000000000007
11.216390000000839,0.7999999999999998
11.21806000000084,0.7999999999999998
11.21973000000084,0.7999999999999989
11.221400000000841,0.7999999999999989
11.223070000000842,0.8000000000000007
11.224740000000843,0.7999999999999998
11.226410000000843,0.7999999999999998
11.228080000000844,0.7999999999999998
11.229750000000845,0.7999999999999989
11.231420000000846,0.8000000000000007
11.233090000000846,0.7999999999999998
11.234760000000847,0.7999999999999998
11.236430000000848,0.7999999999999998
11.238100000000848,0.7999999999999989
11.23977000000085,0.8000000000000007
11.24144000000085,0.7999999999999998
11.24311000000085,0.7999999999999998
11.244780000000851,0.7999999999999998
11.246450000000852,0.7999999999999989
11.248120000000853,0.8000000000000007
11.249790000000853,0.7999999999999998
11.251460000000854,0.7999999999999998
11.253130000000855,0.7999999999999998
11.254800000000856,0.7999999999999989
11.256470000000856,0.8000000000000007
11.258140000000857,0.7999999999999998
11.259810000000858,0.7999999999999998
11.261480000000859,0.7999999999999998
11.26315000000086,0.7999999999999989
11.26482000000086,0.8000000000000007
11.26649000000086,0.7999999999999998
11.268160000000861,0.7999999999999998
11.269830000000862,0.7999999999999998
11.271500000000863,0.7999999999999989
11.273170000000864,0.8000000000000007
11.274840000000864,0.7999999999999998
11.276510000000865,0.7999999999999998
11.278180000000866,0.7999999999999989
11.279850000000867,0.7999999999999989
11.281520000000867,0.8000000000000007
11.283190000000868,0.7999999999999998
11.284860000000869,0.7999999999999998
11.28653000000087,0.7999999999999989
11.28820000000087,0.7999999999999989
11.289870000000871,0.8000000000000007
11.291540000000872,0.7999999999999998
11.293210000000872,0.7999999999999998
11.294880000000873,0.7999999999999989
11.296550000000874,0.7999999999999989
11.298220000000875,0.8000000000000007
11.299890000000875,0.7999999999999998
11.301560000000876,0.7999999999999998
11.303230000000877,0.7999999999999989
11.304900000000877,0.7999999999999989
11.306570000000878,0.8000000000000007
11.308240000000879,0.7999999999999998
11.30991000000088,0.7999999999999998
11.31158000000088,0.7999999999999989
11.313250000000881,0.7999999999999989
11.314920000000882,0.799999999999998
11.316590000000883,0.7999999999999998
11.318260000000883,0.7999999999999998
11.319930000000884,0.7999999999999989
11.321600000000885,0.7999999999999989
11.323270000000885,0.799999999999998
11.324940000000886,0.7999999999999998
11.326610000000887,0.7999999999999998
11.328280000000888,0.7999999999999989
11.329950000000888,0.7999999999999989
11.331620000000889,0.799999999999998
11.33329000000089,0.7999999999999998
11.33496000000089,0.7999999999999998
11.336630000000891,0.7999999999999989
11.338300000000892,0.7999999999999989
11.339970000000893,0.799999999999998
11.341640000000893,0.7999999999999998
11.343310000000894,0.7999999999999998
11.344980000000895,0.7999999999999989
11.346650000000896,0.7999999999999989
11.348320000000896,0.799999999999998
11.349990000000897,0.7999999999999998
11.351660000000898,0.7999999999999998
11.353330000000899,0.7999999999999989
11.3550000000009,0.7999999999999989
11.3566700000009,0.799999999999998
11.3583400000009,0.7999999999999998
11.360010000000901,0.7999999999999989
11.361680000000902,0.7999999999999989
11.363350000000903,0.7999999999999989
11.365020000000904,0.799999999999998
11.366690000000904,0.7999999999999998
11.368360000000905,0.7999999999999989
11.370030000000906,0.7999999999999989
11.371700000000907,0.7999999999999989
11.373370000000907,0.799999999999998
11.375040000000908,0.7999999999999998
11.376710000000909,0.7999999999999989
11.37838000000091,0.7999999999999989
11.38005000000091,0.7999999999999989
11.38172000000091,0.799999999999998
11.383390000000912,0.7999999999999998
11.385060000000912,0.7999999999999989
11.386730000000913,0.7999999999999989
11.388400000000914,0.7999999999999989
11.390070000000915,0.799999999999998
11.391740000000915,0.7999999999999998
11.393410000000916,0.7999999999999989
11.395080000000917,0.7999999999999989
11.396750000000917,0.7999999999999989
11.398420000000918,0.7999999999999998
11.400090000000919,0.7999999999999998
11.40176000000092,0.7999999999999989
11.40343000000092,0.7999999999999989
11.405100000000921,0.7999999999999989
11.406770000000922,0.7999999999999998
11.408440000000923,0.7999999999999998
11.410110000000923,0.7999999999999998
11.411780000000924,0.7999999999999989
11.413450000000925,0.7999999999999989
11.415120000000925,0.7999999999999998
11.416790000000926,0.7999999999999998
11.418460000000927,0.7999999999999998
11.420130000000928,0.7999999999999989
11.421800000000928,0.8000000000000007
11.423470000000929,0.7999999999999998
11.42514000000093,0.7999999999999998
11.42681000000093,0.7999999999999998
11.428480000000931,0.7999999999999989
11.430150000000932,0.8000000000000007
11.431820000000933,0.7999999999999998
11.433490000000933,0.7999999999999998
11.435160000000934,0.7999999999999998
11.436830000000935,0.7999999999999989
11.438500000000936,0.8000000000000007
11.440170000000936,0.7999999999999998
11.441840000000937,0.7999999999999998
11.443510000000938,0.7999999999999998
11.445180000000938,0.7999999999999989
11.44685000000094,0.8000000000000007
11.44852000000094,0.7999999999999998
11.45019000000094,0.7999999999999998
11.451860000000941,0.7999999999999998
11.453530000000942,0.7999999999999989
11.455200000000943,0.8000000000000007
11.456870000000944,0.7999999999999998
11.458540000000944,0.7999999999999998
11.460210000000945,0.7999999999999998
11.461880000000946,0.8000000000000007
11.463550000000946,0.8000000000000007
11.465220000000947,0.7999999999999998
11.466890000000948,0.7999999999999998
11.468560000000949,0.7999999999999998
11.47023000000095,0.8000000000000007
11.47190000000095,0.8000000000000007
11.47357000000095,0.8000000000000007
11.475240000000952,0.7999999999999998
11.476910000000952,0.7999999999999998
11.478580000000953,0.8000000000000007
11.480250000000954,0.8000000000000007
11.481920000000954,0.8000000000000007
11.483590000000955,0.7999999999999998
11.485260000000956,0.8000000000000016
11.486930000000957,0.8000000000000007
11.488600000000957,0.8000000000000007
11.490270000000958,0.8000000000000007
11.491940000000959,0.7999999999999998
11.49361000000096,0.8000000000000016
11.49528000000096,0.8000000000000007
11.496950000000961,0.8000000000000007
11.498620000000962,0.8000000000000007
11.500290000000962,0.7998549999995213
11.501960000000963,0.7990199999995191
11.503630000000964,0.7981849999995188
11.505300000000965,0.7973499999995184
11.506970000000965,0.7965149999995198
11.508640000000966,0.7956799999995194
11.510310000000967,0.7948449999995173
11.511980000000968,0.7940099999995169
11.513650000000968,0.7931749999995166
11.515320000000969,0.792339999999518
11.51699000000097,0.7915049999995176
11.51866000000097,0.7906699999995155
11.520330000000971,0.7898349999995151
11.522000000000972,0.7889999999995148
11.523670000000973,0.7881649999995162
11.525340000000973,0.7873299999995158
11.527010000000974,0.7864949999995137
11.528680000000975,0.7856599999995133
11.530350000000976,0.7848249999995129
11.532020000000976,0.7839899999995144
11.533690000000977,0.783154999999514
11.535360000000978,0.7823199999995119
11.537030000000978,0.7814849999995115
11.53870000000098,0.7806499999995111
11.54037000000098,0.7798149999995125
11.54204000000098,0.7789799999995122
11.543710000000981,0.77814499999951
11.545380000000982,0.7773099999995097
11.547050000000983,0.7764749999995093
11.548720000000984,0.7756399999995107
11.550390000000984,0.7748049999995104
11.552060000000985,0.7739699999995082
11.553730000000986,0.7731349999995079
11.555400000000986,0.7722999999995075
11.557070000000987,0.7714649999995089
11.558740000000988,0.7706299999995085
11.560410000000989,0.7697949999995064
11.56208000000099,0.768959999999506
11.56375000000099,0.7681249999995057
11.56542000000099,0.7672899999995071
11.567090000000992,0.7664549999995067
11.568760000000992,0.7656199999995064
11.570430000000993,0.7647849999995042
11.572100000000994,0.7639499999995039
11.573770000000994,0.7631149999995053
11.575440000000995,0.7622799999995049
11.577110000000996,0.7614449999995045
11.578780000000997,0.7606099999995024
11.580450000000997,0.759774999999502
11.582120000000998,0.7589399999995035
11.583790000000999,0.7581049999995031
11.585460000001,0.7572699999995027
11.587130000001,0.7564349999995006
11.588800000001001,0.7555999999995002
11.590470000001002,0.7547649999995016
11.592140000001002,0.7539299999995013
11.593810000001003,0.7530949999995009
11.595480000001004,0.7522599999994988
11.597150000001005,0.7514249999994984
11.598820000001005,0.7505899999994998
11.600490000001006,0.7497549999994995
11.602160000001007,0.7489199999994991
11.603830000001008,0.748084999999497
11.605500000001008,0.7472499999994966
11.607170000001009,0.746414999999498
11.60884000000101,0.7455799999994976
11.61051000000101,0.7447449999994973
11.612180000001011,0.7439099999994951
11.613850000001012,0.7430749999994948
11.615520000001013,0.7422399999994962
11.617190000001013,0.7414049999994958
11.618860000001014,0.7405699999994955
11.620530000001015,0.7397349999994933
11.622200000001015,0.738899999999493
11.623870000001016,0.7380649999994944
11.625540000001017,0.737229999999494
11.627210000001018,0.7363949999994936
11.628880000001018,0.7355599999994915
11.63055000000102,0.7347249999994911
11.63222000000102,0.7338899999994926
11.63389000000102,0.7330549999994922
11.635560000001021,0.7322199999994918
11.637230000001022,0.7313849999994897
11.638900000001023,0.7305499999994893
11.640570000001023,0.7297149999994907
11.642240000001024,0.7288799999994904
11.643910000001025,0.72804499999949
11.645580000001026,0.7272099999994879
11.647250000001026,0.7263749999994875
11.648920000001027,0.7255399999994889
11.650590000001028,0.7247049999994886
11.652260000001029,0.7238699999994882
11.65393000000103,0.7230349999994861
11.65560000000103,0.7221999999994857
11.65727000000103,0.7213649999994871
11.658940000001031,0.7205299999994867
11.660610000001032,0.7196949999994864
11.662280000001033,0.7188599999994842
11.663950000001034,0.7180249999994839
11.665620000001034,0.7171899999994853
11.667290000001035,0.7163549999994849
11.668960000001036,0.7155199999994846
11.670630000001037,0.7146849999994824
11.672300000001037,0.7138499999994821
11.673970000001038,0.7130149999994835
11.675640000001039,0.7121799999994831
11.67731000000104,0.7113449999994828
11.67898000000104,0.7105099999994806
11.680650000001041,0.7096749999994802
11.682320000001042,0.7088399999994817
11.683990000001042,0.7080049999994813
11.685660000001043,0.7071699999994809
11.687330000001044,0.7063349999994806
11.689000000001045,0.7054999999994784
11.690670000001045,0.7046649999994798
11.692340000001046,0.7038299999994795
11.694010000001047,0.7029949999994791
11.695680000001047,0.7021599999994788
11.697350000001048,0.7013249999994766
11.699020000001049,0.700489999999478
11.70069000000105,0.6996549999994777
11.70236000000105,0.6988199999994773
11.704030000001051,0.6979849999994769
11.705700000001052,0.6971499999994748
11.707370000001053,0.6963149999994762
11.709040000001053,0.6954799999994759
11.710710000001054,0.6946449999994755
11.712380000001055,0.6938099999994751
11.714050000001055,0.692974999999473
11.715720000001056,0.6921399999994744
11.717390000001057,0.691304999999474
11.719060000001058,0.6904699999994737
11.720730000001058,0.6896349999994733
11.722400000001059,0.6887999999994712
11.72407000000106,0.6879649999994708
11.72574000000106,0.6871299999994722
11.727410000001061,0.6862949999994719
11.729080000001062,0.6854599999994715
11.730750000001063,0.6846249999994694
11.732420000001063,0.683789999999469
11.734090000001064,0.6829549999994704
11.735760000001065,0.68211999999947
11.737430000001066,0.6812849999994697
11.739100000001066,0.6804499999994675
11.740770000001067,0.6796149999994672
11.742440000001068,0.6787799999994686
11.744110000001069,0.6779449999994682
11.74578000000107,0.6771099999994679
11.74745000000107,0.6762749999994657
11.74912000000107,0.6754399999994654
11.750790000001071,0.6746049999994668
11.752460000001072,0.6737699999994664
11.754130000001073,0.672934999999466
11.755800000001074,0.6720999999994639
11.757470000001074,0.6712649999994635
11.759140000001075,0.670429999999465
11.760810000001076,0.6695949999994646
11.762480000001077,0.6687599999994642
11.764150000001077,0.6679249999994621
11.765820000001078,0.6670899999994617
11.767490000001079,0.6662549999994631
11.76916000000108,0.6654199999994628
11.77083000000108,0.6645849999994606
11.77250000000108,0.6637499999994603
11.774170000001082,0.6629149999994599
11.775840000001082,0.6620799999994613
11.777510000001083,0.661244999999461
11.779180000001084,0.6604099999994588
11.780850000001085,0.6595749999994585
11.782520000001085,0.6587399999994581
11.784190000001086,0.6579049999994595
11.785860000001087,0.6570699999994591
11.787530000001087,0.656234999999457
11.789200000001088,0.6553999999994566
11.790870000001089,0.6545649999994563
11.79254000000109,0.6537299999994577
11.79421000000109,0.6528949999994573
11.795880000001091,0.6520599999994552
11.797550000001092,0.6512249999994548
11.799220000001093,0.6503899999994545
11.800890000001093,0.6495549999994559
11.802560000001094,0.6487199999994537
11.804230000001095,0.6478849999994534
11.805900000001095,0.647049999999453
11.807570000001096,0.6462149999994526
11.809240000001097,0.6453799999994541
11.810910000001098,0.6445449999994519
11.812580000001098,0.6437099999994516
11.814250000001099,0.6428749999994512
11.8159200000011,0.6420399999994508
11.8175900000011,0.6412049999994522
11.819260000001101,0.6403699999994501
11.820930000001102,0.6395349999994497
11.822600000001103,0.6386999999994494
11.824270000001103,0.637864999999449
11.825940000001104,0.6370299999994504
11.827610000001105,0.6361949999994483
11.829280000001106,0.6353599999994479
11.830950000001106,0.6345249999994476
11.832620000001107,0.6336899999994472
11.834290000001108,0.6328549999994468
11.835960000001108,0.6320199999994465
11.83763000000111,0.6311849999994461
11.83930000000111,0.6303499999994457
11.84097000000111,0.6295149999994454
11.842640000001111,0.628679999999445
11.844310000001112,0.6278449999994447
11.845980000001113,0.6270099999994443
11.847650000001114,0.6261749999994439
11.849320000001114,0.6253399999994436
11.850990000001115,0.6245049999994432
11.852660000001116,0.6236699999994428
11.854330000001116,0.6228349999994425
11.856000000001117,0.6219999999994421
11.857670000001118,0.6211649999994417
11.859340000001119,0.6203299999994414
11.86101000000112,0.619494999999441
11.86268000000112,0.6186599999994407
11.86435000000112,0.6178249999994403
11.866020000001122,0.6169899999994382
11.867690000001122,0.6161549999994396
11.869360000001123,0.6153199999994392
11.871030000001124,0.6144849999994388
11.872700000001124,0.6136499999994385
11.874370000001125,0.6128149999994363
11.876040000001126,0.6119799999994378
11.877710000001127,0.6111449999994374
11.879380000001127,0.610309999999437
11.881050000001128,0.6094749999994367
11.882720000001129,0.6086399999994345
11.88439000000113,0.6078049999994359
11.88606000000113,0.6069699999994356
11.887730000001131,0.6061349999994352
11.889400000001132,0.6052999999994348
11.891070000001132,0.6044649999994327
11.892740000001133,0.6036299999994341
11.894410000001134,0.6027949999994338
11.896080000001135,0.6019599999994334
11.897750000001135,0.601124999999433
11.899420000001136,0.6002899999994309
11.901090000001137,0.5994549999994323
11.902760000001138,0.5986199999994319
11.904430000001138,0.5977849999994316
11.906100000001139,0.5969499999994312
11.90777000000114,0.5961149999994291
11.90944000000114,0.5952799999994305
11.911110000001141,0.5944449999994301
11.912780000001142,0.5936099999994298
11.914450000001143,0.5927749999994294
11.916120000001143,0.5919399999994273
11.917790000001144,0.5911049999994287
11.919460000001145,0.5902699999994283
11.921130000001146,0.5894349999994279
11.922800000001146,0.5885999999994276
11.924470000001147,0.5877649999994254
11.926140000001148,0.5869299999994269
11.927810000001148,0.5860949999994265
11.92948000000115,0.5852599999994261
11.93115000000115,0.5844249999994258
11.93282000000115,0.5835899999994236
11.934490000001151,0.582754999999425
11.936160000001152,0.5819199999994247
11.937830000001153,0.5810849999994243
11.939500000001154,0.580249999999424
11.941170000001154,0.5794149999994236
11.942840000001155,0.5785799999994214
11.944510000001156,0.5777449999994229
11.946180000001156,0.5769099999994225
11.947850000001157,0.5760749999994221
11.949520000001158,0.5752399999994218
11.951190000001159,0.5744049999994196
11.95286000000116,0.573569999999421
11.95453000000116,0.5727349999994207
11.95620000000116,0.5718999999994203
11.957870000001162,0.57106499999942
11.959540000001162,0.5702299999994178
11.961210000001163,0.5693949999994192
11.962880000001164,0.5685599999994189
11.964550000001164,0.5677249999994185
11.966220000001165,0.5668899999994181
11.967890000001166,0.566054999999416
11.969560000001167,0.5652199999994174
11.971230000001167,0.564384999999417
11.972900000001168,0.5635499999994167
11.974570000001169,0.5627149999994163
11.97624000000117,0.5618799999994142
11.97791000000117,0.5610449999994156
11.979580000001171,0.5602099999994152
11.981250000001172,0.5593749999994149
11.982920000001172,0.5585399999994145
11.984590000001173,0.5577049999994124
11.986260000001174,0.5568699999994138
11.987930000001175,0.5560349999994134
11.989600000001175,0.555199999999413
11.991270000001176,0.5543649999994127
11.992940000001177,0.5535299999994105
11.994610000001177,0.552694999999412
11.996280000001178,0.5518599999994116
11.997950000001179,0.5510249999994112
11.99962000000118,0.5501899999994109
12.00129000000118,0.5493549999994087
12.002960000001181,0.5485199999994101
12.004630000001182,0.5476849999994098
12.006300000001183,0.5468499999994094
12.007970000001183,0.5460149999994091
12.009640000001184,0.5451799999994069
12.011310000001185,0.5443449999994083
12.012980000001185,0.543509999999408
12.014650000001186,0.5426749999994076
12.016320000001187,0.5418399999994072
12.017990000001188,0.5410049999994051
12.019660000001188,0.5401699999994065
12.02133000000119,0.5393349999994062
12.02300000000119,0.5384999999994058
12.02467000000119,0.5376649999994054
12.026340000001191,0.5368299999994033
12.028010000001192,0.5359949999994047
12.029680000001193,0.5351599999994043
12.031350000001193,0.534324999999404
12.033020000001194,0.5334899999994036
12.034690000001195,0.5326549999994015
12.036360000001196,0.5318199999994029
12.038030000001196,0.5309849999994025
12.039700000001197,0.5301499999994022
12.041370000001198,0.5293149999994018
12.043040000001199,0.5284799999993997
12.0447100000012,0.5276449999994011
12.0463800000012,0.5268099999994007
12.0480500000012,0.5259749999994003
12.049720000001201,0.5251399999994
12.051390000001202,0.5243049999993978
12.053060000001203,0.5234699999993992
12.054730000001204,0.5226349999993989
12.056400000001204,0.5217999999993985
12.058070000001205,0.5209649999993982
12.059740000001206,0.520129999999396
12.061410000001207,0.5192949999993974
12.063080000001207,0.5184599999993971
12.064750000001208,0.5176249999993967
12.066420000001209,0.5167899999993963
12.06809000000121,0.515954999999396
12.06976000000121,0.5151199999993956
12.071430000001211,0.5142849999993953
12.073100000001212,0.5134499999993949
12.074770000001212,0.5126149999993945
12.076440000001213,0.5117799999993942
12.078110000001214,0.5109449999993938
12.079780000001215,0.5101099999993934
12.081450000001215,0.5092749999993931
12.083120000001216,0.5084399999993927
12.084790000001217,0.5076049999993923
12.086460000001217,0.506769999999392
12.088130000001218,0.5059349999993916
12.089800000001219,0.5050999999993913
12.09147000000122,0.5042649999993909
12.09314000000122,0.5034299999993905
12.094810000001221,0.5025949999993902
12.096480000001222,0.5017599999993898
12.098150000001223,0.5009249999993894
12.099820000001223,0.5000899999993891
12.101490000001224,0.4992549999993887
12.103160000001225,0.49841999999938835
12.104830000001225,0.497584999999388
12.106500000001226,0.4967499999993876
12.108170000001227,0.49591499999938726
12.109840000001228,0.4950799999993869
12.111510000001228,0.49424499999938654
12.113180000001229,0.4934099999993862
12.11485000000123,0.4925749999993858
12.11652000000123,0.49173999999938545
12.118190000001231,0.4909049999993851
12.119860000001232,0.4900699999993847
12.121530000001233,0.48923499999938436
12.123200000001233,0.488399999999384
12.124870000001234,0.48756499999938363
12.126540000001235,0.48672999999938327
12.128210000001236,0.4858949999993829
12.129880000001236,0.48505999999938254
12.131550000001237,0.4842249999993822
12.133220000001238,0.4833899999993818
12.134890000001239,0.48255499999938145
12.13656000000124,0.4817199999993811
12.13823000000124,0.4808849999993807
12.13990000000124,0.48004999999938036
12.141570000001241,0.47921499999938
12.143240000001242,0.47837999999937963
12.144910000001243,0.47754499999937927
12.146580000001244,0.4767099999993789
12.148250000001244,0.47587499999937855
12.149920000001245,0.4750399999993782
12.151590000001246,0.4742049999993778
12.153260000001247,0.47336999999937746
12.154930000001247,0.4725349999993771
12.156600000001248,0.47169999999937673
12.158270000001249,0.47086499999937637
12.15994000000125,0.470029999999376
12.16161000000125,0.46919499999937386
12.16328000000125,0.4683599999993753
12.164950000001252,0.4675249999993749
12.166620000001252,0.46668999999937455
12.168290000001253,0.4658549999993742
12.169960000001254,0.46501999999937205
12.171630000001255,0.46418499999937346
12.173300000001255,0.4633499999993731
12.174970000001256,0.46251499999937273
12.176640000001257,0.46167999999937237
12.178310000001257,0.46084499999937023
12.179980000001258,0.46000999999937164
12.181650000001259,0.4591749999993713
12.18332000000126,0.4583399999993709
12.18499000000126,0.45750499999937055
12.186660000001261,0.4566699999993684
12.188330000001262,0.4558349999993698
12.190000000001262,0.45499999999936946
12.191670000001263,0.4541649999993691
12.193340000001264,0.45332999999936874
12.195010000001265,0.4524949999993684
12.196680000001265,0.451659999999368
12.198350000001266,0.45082499999936765
12.200020000001267,0.4499899999993673
12.201690000001268,0.4491549999993669
12.203360000001268,0.44831999999936656
12.205030000001269,0.4474849999993662
12.20670000000127,0.44664999999936583
12.20837000000127,0.44581499999936547
12.210040000001271,0.4449799999993651
12.211710000001272,0.44414499999936474
12.213380000001273,0.4433099999993644
12.215050000001273,0.442474999999364
12.216720000001274,0.44163999999936365
12.218390000001275,0.4408049999993633
12.220060000001276,0.4399699999993629
12.221730000001276,0.43913499999936256
12.223400000001277,0.4382999999993622
12.225070000001278,0.43746499999936184
12.226740000001278,0.4366299999993615
12.22841000000128,0.4357949999993611
12.23008000000128,0.43495999999936075
12.23175000000128,0.4341249999993604
12.233420000001281,0.43328999999936
12.235090000001282,0.43245499999935966
12.236760000001283,0.4316199999993593
12.238430000001284,0.43078499999935893
12.240100000001284,0.42994999999935857
12.241770000001285,0.4291149999993582
12.243440000001286,0.42827999999935784
12.245110000001286,0.4274449999993575
12.246780000001287,0.4266099999993571
12.248450000001288,0.42577499999935675
12.250120000001289,0.4249399999993564
12.25179000000129,0.424104999999356
12.25346000000129,0.42326999999935566
12.25513000000129,0.4224349999993553
12.256800000001292,0.42159999999935494
12.258470000001292,0.42076499999935457
12.260140000001293,0.4199299999993542
12.261810000001294,0.41909499999935385
12.263480000001294,0.4182599999993535
12.265150000001295,0.4174249999993531
12.266820000001296,0.41658999999935276
12.268490000001297,0.4157549999993524
12.270160000001297,0.41491999999935203
12.271830000001298,0.41408499999935167
12.273500000001299,0.4132499999993513
12.2751700000013,0.41241499999935094
12.2768400000013,0.4115799999993506
12.278510000001301,0.4107449999993502
12.280180000001302,0.40990999999934985
12.281850000001302,0.4090749999993495
12.283520000001303,0.4082399999993491
12.285190000001304,0.40740499999934876
12.286860000001305,0.4065699999993484
12.288530000001305,0.40573499999934803
12.290200000001306,0.40489999999934767
12.291870000001307,0.4040649999993473
12.293540000001308,0.40322999999934694
12.295210000001308,0.4023949999993466
12.296880000001309,0.4015599999993462
12.29855000000131,0.40072499999934585
12.30022000000131,0.3998899999993455
12.301890000001311,0.39905499999934513
12.303560000001312,0.39821999999934476
12.305230000001313,0.3973849999993444
12.306900000001313,0.39654999999934404
12.308570000001314,0.3957149999993437
12.310240000001315,0.3948799999993433
12.311910000001316,0.39404499999934295
12.313580000001316,0.39320999999934436
12.315250000001317,0.3923749999993422
12.316920000001318,0.39153999999934186
12.318590000001318,0.3907049999993415
12.32026000000132,0.38986999999934113
12.32193000000132,0.38903499999934255
12.32360000000132,0.3881999999993404
12.325270000001321,0.38736499999934004
12.326940000001322,0.3865299999993397
12.328610000001323,0.3856949999993393
12.330280000001324,0.38485999999934073
12.331950000001324,0.3840249999993386
12.333620000001325,0.3831899999993382
12.335290000001326,0.38235499999933786
12.336960000001326,0.3815199999993375
12.338630000001327,0.3806849999993389
12.340300000001328,0.3798499999993368
12.341970000001329,0.3790149999993364
12.34364000000133,0.37817999999933605
12.34531000000133,0.3773449999993357
12.34698000000133,0.3765099999993371
12.348650000001332,0.37567499999933496
12.350320000001332,0.3748399999993346
12.351990000001333,0.37400499999933423
12.353660000001334,0.37316999999933387
12.355330000001334,0.3723349999993353
12.357000000001335,0.37149999999933314
12.358670000001336,0.3706649999993328
12.360340000001337,0.3698299999993324
12.362010000001337,0.36899499999933205
12.363680000001338,0.36815999999933346
12.365350000001339,0.3673249999993313
12.36702000000134,0.36648999999933096
12.36869000000134,0.3656549999993306
12.370360000001341,0.36481999999933024
12.372030000001342,0.36398499999933165
12.373700000001342,0.3631499999993295
12.375370000001343,0.36231499999932915
12.377040000001344,0.3614799999993288
12.378710000001345,0.3606449999993284
12.380380000001345,0.35980999999932983
12.382050000001346,0.3589749999993277
12.383720000001347,0.35813999999932733
12.385390000001347,0.35730499999932697
12.387060000001348,0.3564699999993266
12.388730000001349,0.355634999999328
12.39040000000135,0.3547999999993259
12.39207000000135,0.3539649999993255
12.393740000001351,0.35312999999932515
12.395410000001352,0.3522949999993248
12.397080000001353,0.35145999999932265
12.398750000001353,0.35062499999932406
12.400420000001354,0.3497899999993237
12.402090000001355,0.34895499999932333
12.403760000001355,0.34811999999932297
12.405430000001356,0.34728499999932083
12.407100000001357,0.34644999999932224
12.408770000001358,0.3456149999993219
12.410440000001358,0.3447799999993215
12.412110000001359,0.34394499999932115
12.41378000000136,0.343109999999319
12.41545000000136,0.34227499999932043
12.417120000001361,0.34143999999932007
12.418790000001362,0.3406049999993197
12.420460000001363,0.33976999999931934
12.422130000001363,0.3389349999993172
12.423800000001364,0.3380999999993186
12.425470000001365,0.33726499999931825
12.427140000001366,0.3364299999993179
12.428810000001366,0.33559499999931575
12.430480000001367,0.3347599999993154
12.432150000001368,0.3339249999993168
12.433820000001369,0.33308999999931643
12.43549000000137,0.33225499999931607
12.43716000000137,0.33141999999931393
12.43883000000137,0.33058499999931357
12.440500000001371,0.329749999999315
12.442170000001372,0.3289149999993146
12.443840000001373,0.32807999999931425
12.445510000001374,0.3272449999993121
12.447180000001374,0.32640999999931175
12.448850000001375,0.32557499999931316
12.450520000001376,0.3247399999993128
12.452190000001377,0.32390499999931244
12.453860000001377,0.3230699999993103
12.455530000001378,0.32223499999930993
12.457200000001379,0.32139999999931135
12.45887000000138,0.320564999999311
12.46054000000138,0.31972999999930884
12.462210000001381,0.3188949999993085
12.463880000001382,0.3180599999993081
12.465550000001382,0.31722499999930953
12.467220000001383,0.31638999999930917
12.468890000001384,0.31555499999930703
12.470560000001385,0.31471999999930667
12.472230000001385,0.3138849999993063
12.473900000001386,0.3130499999993077
12.475570000001387,0.31221499999930735
12.477240000001387,0.3113799999993052
12.478910000001388,0.31054499999930485
12.480580000001389,0.3097099999993045
12.48225000000139,0.3088749999993059
12.48392000000139,0.30803999999930376
12.485590000001391,0.3072049999993034
12.487260000001392,0.30636999999930303
12.488930000001393,0.30553499999930267
12.490600000001393,0.3046999999993041
12.492270000001394,0.30386499999930194
12.493940000001395,0.3030299999993016
12.495610000001395,0.3021949999993012
12.497280000001396,0.30135999999930085
12.498950000001397,0.30052499999930227
