TimeInc,Intensity
0.5,1.9
0.50167,1.8969860476190474
0.5033399999999999,1.8939720952380954
0.5050099999999998,1.890958142857143
0.5066799999999998,1.8879441904761909
0.5083499999999997,1.8849302380952384
0.5100199999999997,1.8819162857142864
0.5116899999999996,1.878902333333334
0.5133599999999996,1.8758883809523814
0.5150299999999995,1.8728744285714294
0.5166999999999995,1.869860476190477
0.5183699999999994,1.8668465238095249
0.5200399999999994,1.8638325714285724
0.5217099999999993,1.8608186190476204
0.5233799999999993,1.8578046666666679
0.5250499999999992,1.8547907142857154
0.5267199999999992,1.8517767619047634
0.5283899999999991,1.848762809523811
0.5300599999999991,1.8457488571428589
0.531729999999999,1.8427349047619064
0.533399999999999,1.8397209523809543
0.5350699999999989,1.8367070000000019
0.5367399999999989,1.8336930476190494
0.5384099999999988,1.8306790952380974
0.5400799999999988,1.8276651428571449
0.5417499999999987,1.8246511904761928
0.5434199999999987,1.8216372380952404
0.5450899999999986,1.8186232857142883
0.5467599999999986,1.8156093333333359
0.5484299999999985,1.8125953809523834
0.5500999999999985,1.8095814285714313
0.5517699999999984,1.8065674761904789
0.5534399999999984,1.8035535238095268
0.5551099999999983,1.8005395714285743
0.5567799999999983,1.7975256190476219
0.5584499999999982,1.7945116666666698
0.5601199999999982,1.7914977142857174
0.5617899999999981,1.7884837619047653
0.5634599999999981,1.7854698095238128
0.565129999999998,1.7824558571428608
0.566799999999998,1.7794419047619083
0.5684699999999979,1.7764279523809559
0.5701399999999979,1.7734140000000038
0.5718099999999978,1.7704000476190513
0.5734799999999978,1.7673860952380993
0.5751499999999977,1.7643721428571468
0.5768199999999977,1.7613581904761948
0.5784899999999976,1.7583442380952423
0.5801599999999976,1.7553302857142898
0.5818299999999975,1.7523163333333378
0.5834999999999975,1.7493023809523853
0.5851699999999974,1.7462884285714333
0.5868399999999974,1.7432744761904808
0.5885099999999973,1.7402605238095288
0.5901799999999973,1.7372465714285763
0.5918499999999972,1.7342326190476238
0.5935199999999972,1.7312186666666718
0.5951899999999971,1.7282047142857193
0.5968599999999971,1.7251907619047673
0.598529999999997,1.7221768095238148
0.600199999999997,1.7191628571428628
0.6018699999999969,1.7161489047619103
0.6035399999999969,1.7131349523809578
0.6052099999999968,1.7101231052631638
0.6068799999999968,1.7071258947368477
0.6085499999999967,1.7041286842105323
0.6102199999999967,1.7011314736842165
0.6118899999999966,1.698134263157901
0.6135599999999966,1.6951370526315852
0.6152299999999965,1.6921398421052691
0.6168999999999965,1.6891426315789537
0.6185699999999964,1.6861454210526379
0.6202399999999963,1.6831482105263225
0.6219099999999963,1.6801510000000066
0.6235799999999962,1.6771537894736908
0.6252499999999962,1.6741565789473754
0.6269199999999961,1.6711593684210593
0.6285899999999961,1.6681621578947439
0.630259999999996,1.665164947368428
0.631929999999996,1.6621677368421126
0.6335999999999959,1.6591705263157968
0.6352699999999959,1.6561733157894807
0.6369399999999958,1.6531761052631655
0.6386099999999958,1.6501788947368494
0.6402799999999957,1.647181684210534
0.6419499999999957,1.6441844736842182
0.6436199999999956,1.6411872631579028
0.6452899999999956,1.638190052631587
0.6469599999999955,1.6351928421052708
0.6486299999999955,1.6321956315789556
0.6502999999999954,1.6291984210526396
0.6519699999999954,1.6262012105263242
0.6536399999999953,1.6232040000000083
0.6553099999999953,1.620206789473693
0.6569799999999952,1.617209578947377
0.6586499999999952,1.6142036243386328
0.6603199999999951,1.6111896719576808
0.6619899999999951,1.6081757195767283
0.663659999999995,1.6051617671957763
0.665329999999995,1.6021478148148238
0.6669999999999949,1.5991338624338718
0.6686699999999949,1.5961199100529193
0.6703399999999948,1.5931059576719668
0.6720099999999948,1.5900920052910148
0.6736799999999947,1.5870780529100623
0.6753499999999947,1.5840641005291103
0.6770199999999946,1.5810501481481578
0.6786899999999946,1.5780361957672058
0.6803599999999945,1.5750222433862533
0.6820299999999945,1.5720082910053008
0.6836999999999944,1.5689943386243488
0.6853699999999944,1.5659803862433963
0.6870399999999943,1.5629664338624443
0.6887099999999943,1.5599524814814918
0.6903799999999942,1.5569385291005393
0.6920499999999942,1.5539245767195873
0.6937199999999941,1.5509106243386348
0.6953899999999941,1.5478966719576828
0.697059999999994,1.5448827195767303
0.698729999999994,1.5418687671957783
0.7003999999999939,1.5388548148148258
0.7020699999999939,1.5358408624338733
0.7037399999999938,1.5328269100529213
0.7054099999999938,1.5298129576719688
0.7070799999999937,1.5267990052910168
0.7087499999999937,1.5237850529100643
0.7104199999999936,1.5207725263158012
0.7120899999999936,1.517775315789485
0.7137599999999935,1.5147781052631695
0.7154299999999935,1.5117808947368538
0.7170999999999934,1.508783684210538
0.7187699999999934,1.5057864736842226
0.7204399999999933,1.5027892631579067
0.7221099999999933,1.4997920526315913
0.7237799999999932,1.4967948421052752
0.7254499999999932,1.4937976315789596
0.7271199999999931,1.490800421052644
0.728789999999993,1.4878032105263281
0.730459999999993,1.4848060000000127
0.732129999999993,1.4818087894736967
0.7337999999999929,1.4788115789473815
0.7354699999999929,1.4758143684210654
0.7371399999999928,1.4728171578947495
0.7388099999999928,1.4698199473684341
0.7404799999999927,1.4668227368421183
0.7421499999999926,1.4638255263158029
0.7438199999999926,1.4608283157894868
0.7454899999999925,1.4578311052631716
0.7471599999999925,1.4548338947368555
0.7488299999999924,1.4518366842105397
0.7504999999999924,1.4488394736842243
0.7521699999999923,1.4458422631579084
0.7538399999999923,1.442845052631593
0.7555099999999922,1.439847842105277
0.7571799999999922,1.4368506315789618
0.7588499999999921,1.4338534210526457
0.7605199999999921,1.4308562105263298
0.762189999999992,1.4278590000000144
0.763859999999992,1.4248537248677393
0.7655299999999919,1.4218397724867873
0.7671999999999919,1.4188258201058348
0.7688699999999918,1.4158118677248823
0.7705399999999918,1.4127979153439303
0.7722099999999917,1.4097839629629778
0.7738799999999917,1.4067700105820258
0.7755499999999916,1.4037560582010733
0.7772199999999916,1.4007421058201213
0.7788899999999915,1.3977281534391688
0.7805599999999915,1.3947142010582163
0.7822299999999914,1.3917002486772643
0.7838999999999914,1.3886862962963118
0.7855699999999913,1.3856723439153598
0.7872399999999913,1.3826583915344073
0.7889099999999912,1.3796444391534552
0.7905799999999912,1.3766304867725028
0.7922499999999911,1.3736165343915503
0.7939199999999911,1.3706025820105983
0.795589999999991,1.3675886296296458
0.797259999999991,1.3645746772486937
0.7989299999999909,1.3615607248677413
0.8005999999999909,1.3585467724867892
0.8022699999999908,1.3555328201058368
0.8039399999999908,1.3525188677248843
0.8056099999999907,1.3495049153439322
0.8072799999999907,1.3464909629629798
0.8089499999999906,1.3434770105820277
0.8106199999999906,1.3404630582010753
0.8122899999999905,1.337449105820123
0.8139599999999905,1.3344351534391705
0.8156299999999904,1.331421947368438
0.8172999999999904,1.3284247368421225
0.8189699999999903,1.3254275263158066
0.8206399999999903,1.3224303157894912
0.8223099999999902,1.3194331052631754
0.8239799999999902,1.31643589473686
0.8256499999999901,1.3134386842105439
0.8273199999999901,1.3104414736842283
0.82898999999999,1.3074442631579126
0.83065999999999,1.3044470526315968
0.8323299999999899,1.3014498421052814
0.8339999999999899,1.2984526315789655
0.8356699999999898,1.2954554210526497
0.8373399999999898,1.292458210526334
0.8390099999999897,1.2894610000000182
0.8406799999999897,1.2864637894737028
0.8423499999999896,1.283466578947387
0.8440199999999896,1.2804693684210715
0.8456899999999895,1.2774721578947554
0.8473599999999895,1.2744749473684398
0.8490299999999894,1.2714777368421242
0.8506999999999894,1.2684805263158083
0.8523699999999893,1.265483315789493
0.8540399999999893,1.262486105263177
0.8557099999999892,1.2594888947368617
0.8573799999999892,1.2564916842105456
0.8590499999999891,1.25349447368423
0.860719999999989,1.2504972631579143
0.862389999999989,1.2475000526315985
0.864059999999989,1.244502842105283
0.8657299999999889,1.241505631578967
0.8673999999999888,1.2385084210526518
0.8690699999999888,1.2355038253968456
0.8707399999999887,1.232489873015893
0.8724099999999887,1.229475920634941
0.8740799999999886,1.2264619682539886
0.8757499999999886,1.2234480158730365
0.8774199999999885,1.220434063492084
0.8790899999999885,1.217420111111132
0.8807599999999884,1.2144061587301795
0.8824299999999884,1.211392206349227
0.8840999999999883,1.208378253968275
0.8857699999999883,1.2053643015873226
0.8874399999999882,1.2023503492063705
0.8891099999999882,1.199336396825418
0.8907799999999881,1.196322444444466
0.8924499999999881,1.1933084920635135
0.894119999999988,1.190294539682561
0.895789999999988,1.187280587301609
0.8974599999999879,1.1842666349206565
0.8991299999999879,1.1812526825397045
0.9007999999999878,1.178238730158752
0.9024699999999878,1.1752247777777995
0.9041399999999877,1.1722108253968475
0.9058099999999877,1.169196873015895
0.9074799999999876,1.166182920634943
0.9091499999999876,1.1631689682539905
0.9108199999999875,1.1601550158730385
0.9124899999999875,1.157141063492086
0.9141599999999874,1.1541271111111335
0.9158299999999874,1.1511131587301815
0.9174999999999873,1.148099206349229
0.9191699999999873,1.145085253968277
0.9208399999999872,1.1420713684210755
0.9225099999999872,1.1390741578947599
0.9241799999999871,1.1360769473684442
0.9258499999999871,1.1330797368421281
0.927519999999987,1.1300825263158127
0.929189999999987,1.1270853157894969
0.9308599999999869,1.1240881052631813
0.9325299999999869,1.1210908947368656
0.9341999999999868,1.11809368421055
0.9358699999999868,1.1150964736842341
0.9375399999999867,1.1120992631579183
0.9392099999999867,1.1091020526316029
0.9408799999999866,1.106104842105287
0.9425499999999866,1.1031076315789714
0.9442199999999865,1.1001104210526558
0.9458899999999865,1.0971132105263401
0.9475599999999864,1.0941160000000243
0.9492299999999864,1.0911187894737084
0.9508999999999863,1.0881215789473928
0.9525699999999863,1.0851243684210772
0.9542399999999862,1.0821271578947615
0.9559099999999862,1.0791299473684457
0.9575799999999861,1.0761327368421303
0.9592499999999861,1.0731355263158144
0.960919999999986,1.0701383157894986
0.962589999999986,1.067141105263183
0.9642599999999859,1.0641438947368673
0.9659299999999859,1.0611466842105517
0.9675999999999858,1.0581494736842358
0.9692699999999858,1.05515226315792
0.9709399999999857,1.0521550526316046
0.9726099999999857,1.0491578421052887
0.9742799999999856,1.0461539259259518
0.9759499999999856,1.0431399735449993
0.9776199999999855,1.0401260211640473
0.9792899999999854,1.0371120687830948
0.9809599999999854,1.0340981164021423
0.9826299999999853,1.0310841640211903
0.9842999999999853,1.0280702116402378
0.9859699999999852,1.0250562592592858
0.9876399999999852,1.0220423068783333
0.9893099999999851,1.0190283544973813
0.9909799999999851,1.0160144021164288
0.992649999999985,1.0130004497354763
0.994319999999985,1.0099864973545243
0.9959899999999849,1.0069725449735718
0.9976599999999849,1.0039585925926198
0.9993299999999848,1.0009446402116673
1.0009999999999848,0.9979306878307153
1.0026699999999849,0.9949167354497628
1.004339999999985,0.9919027830688101
1.006009999999985,0.9888888306878578
1.007679999999985,0.9858748783069051
1.009349999999985,0.9828609259259529
1.0110199999999852,0.9798469735450002
1.0126899999999852,0.9768330211640479
1.0143599999999853,0.9738190687830952
1.0160299999999853,0.970805116402143
1.0176999999999854,0.9677911640211903
1.0193699999999855,0.964777211640238
1.0210399999999855,0.9617632592592853
1.0227099999999856,0.9587493068783326
1.0243799999999856,0.9557353544973803
1.0260499999999857,0.9527214021164276
1.0277199999999858,0.9497235789473939
1.0293899999999858,0.9467263684210778
1.0310599999999859,0.9437291578947622
1.032729999999986,0.9407319473684461
1.034399999999986,0.9377347368421305
1.036069999999986,0.9347375263158144
1.0377399999999861,0.9317403157894988
1.0394099999999862,0.9287431052631827
1.0410799999999862,0.9257458947368664
1.0427499999999863,0.9227486842105508
1.0444199999999864,0.9197514736842347
1.0460899999999864,0.9167542631579191
1.0477599999999865,0.913757052631603
1.0494299999999865,0.9107598421052874
1.0510999999999866,0.9077626315789713
1.0527699999999867,0.9047654210526557
1.0544399999999867,0.9017682105263396
1.0561099999999868,0.8987710000000235
1.0577799999999868,0.8957737894737077
1.059449999999987,0.8927765789473916
1.061119999999987,0.889779368421076
1.062789999999987,0.8867821578947599
1.064459999999987,0.8837849473684443
1.0661299999999871,0.8807877368421282
1.0677999999999872,0.8777905263158126
1.0694699999999873,0.8747933157894965
1.0711399999999873,0.8717961052631809
1.0728099999999874,0.8687988947368646
1.0744799999999874,0.8658016842105485
1.0761499999999875,0.8628044736842329
1.0778199999999876,0.8598072631579168
1.0794899999999876,0.8568040264550487
1.0811599999999877,0.853790074074096
1.0828299999999877,0.8507761216931438
1.0844999999999878,0.8477621693121911
1.0861699999999879,0.8447482169312388
1.087839999999988,0.8417342645502861
1.089509999999988,0.8387203121693334
1.091179999999988,0.8357063597883814
1.092849999999988,0.8326924074074287
1.0945199999999882,0.8296784550264764
1.0961899999999882,0.8266645026455237
1.0978599999999883,0.8236505502645715
1.0995299999999884,0.8206365978836188
1.1011999999999884,0.8176226455026665
1.1028699999999885,0.8146086931217138
1.1045399999999885,0.8115947407407615
1.1062099999999886,0.8085807883598088
1.1078799999999887,0.8055668359788561
1.1095499999999887,0.8025528835979039
1.1112199999999888,0.7995389312169512
1.1128899999999888,0.7965249788359989
1.114559999999989,0.7935110264550462
1.116229999999989,0.790497074074094
1.117899999999989,0.7874831216931413
1.119569999999989,0.784469169312189
1.1212399999999891,0.7814552169312363
1.1229099999999892,0.7784412645502836
1.1245799999999893,0.7754273121693314
1.1262499999999893,0.7724133597883787
1.1279199999999894,0.7693994074074264
1.1295899999999894,0.7663854550264737
1.1312599999999895,0.7633715026455214
1.1329299999999896,0.7603730000000184
1.1345999999999896,0.7573757894737028
1.1362699999999897,0.7543785789473867
1.1379399999999897,0.7513813684210711
1.1396099999999898,0.748384157894755
1.1412799999999899,0.7453869473684389
1.14294999999999,0.7423897368421233
1.14461999999999,0.7393925263158072
1.14628999999999,0.7363953157894916
1.14795999999999,0.7333981052631755
1.1496299999999902,0.7304008947368597
1.1512999999999902,0.7274036842105436
1.1529699999999903,0.724406473684228
1.1546399999999903,0.7214092631579119
1.1563099999999904,0.7184120526315958
1.1579799999999905,0.7154148421052802
1.1596499999999905,0.7124176315789641
1.1613199999999906,0.7094204210526485
1.1629899999999906,0.7064232105263324
1.1646599999999907,0.7034260000000168
1.1663299999999908,0.7004287894737007
1.1679999999999908,0.6974315789473851
1.1696699999999909,0.694434368421069
1.171339999999991,0.6914371578947534
1.173009999999991,0.688439947368437
1.174679999999991,0.685442736842121
1.1763499999999911,0.6824455263158054
1.1780199999999912,0.6794483157894893
1.1796899999999912,0.6764511052631736
1.1813599999999913,0.6734538947368576
1.1830299999999914,0.6704566842105419
1.1846999999999914,0.6674541269841423
1.1863699999999915,0.66444017460319
1.1880399999999915,0.6614262222222373
1.1897099999999916,0.6584122698412851
1.1913799999999917,0.6553983174603326
1.1930499999999917,0.6523843650793799
1.1947199999999918,0.6493704126984277
1.1963899999999918,0.646356460317475
1.198059999999992,0.6433425079365227
1.199729999999992,0.64032855555557
1.201399999999992,0.6373146031746177
1.203069999999992,0.634300650793665
1.2047399999999922,0.6312866984127128
1.2064099999999922,0.6282727460317601
1.2080799999999923,0.6252587936508074
1.2097499999999923,0.6222448412698551
1.2114199999999924,0.6192308888889024
1.2130899999999925,0.6162169365079502
1.2147599999999925,0.6132029841269975
1.2164299999999926,0.6101890317460452
1.2180999999999926,0.6071750793650925
1.2197699999999927,0.6041611269841403
1.2214399999999928,0.6011471746031876
1.2231099999999928,0.5981332222222349
1.2247799999999929,0.5951192698412826
1.226449999999993,0.5921053174603299
1.228119999999993,0.5890913650793776
1.229789999999993,0.586077412698425
1.2314599999999931,0.5830634603174727
1.2331299999999932,0.58004950793652
1.2347999999999932,0.5770355555555677
1.2364699999999933,0.574021603174615
1.2381399999999934,0.5710224210526436
1.2398099999999934,0.5680252105263275
1.2414799999999935,0.5650280000000114
1.2431499999999935,0.5620307894736958
1.2448199999999936,0.5590335789473797
1.2464899999999937,0.5560363684210641
1.2481599999999937,0.553039157894748
1.2498299999999938,0.5500419473684324
1.2514999999999938,0.5470447368421163
1.253169999999994,0.5440475263158004
1.254839999999994,0.5410503157894844
1.256509999999994,0.5380531052631687
1.258179999999994,0.5350558947368527
1.2598499999999941,0.5320586842105366
1.2615199999999942,0.529061473684221
1.2631899999999943,0.5260642631579049
1.2648599999999943,0.5230670526315893
1.2665299999999944,0.5200698421052732
1.2681999999999944,0.5170726315789576
1.2698699999999945,0.5140754210526415
1.2715399999999946,0.5110782105263258
1.2732099999999946,0.5080810000000098
1.2748799999999947,0.5050837894736935
1.2765499999999947,0.5020865789473778
1.2782199999999948,0.4990893684210618
1.2798899999999949,0.49609215789474614
1.281559999999995,0.49309494736843007
1.283229999999995,0.49009773684211444
1.284899999999995,0.48710052631579837
1.286569999999995,0.48410331578948274
1.2882399999999952,0.48110610526316666
1.2899099999999952,0.4781042275132359
1.2915799999999953,0.47509027513228386
1.2932499999999953,0.47207632275133116
1.2949199999999954,0.4690623703703789
1.2965899999999955,0.4660484179894262
1.2982599999999955,0.46303446560847394
1.2999299999999956,0.46002051322752124
1.3015999999999956,0.457006560846569
1.3032699999999957,0.4539926084656163
1.3049399999999958,0.45097865608466403
1.3066099999999958,0.44796470370371133
1.308279999999996,0.44495075132275863
1.309949999999996,0.4419367989418064
1.311619999999996,0.4389228465608537
1.313289999999996,0.4359088941799014
1.3149599999999961,0.4328949417989487
1.3166299999999962,0.42988098941799646
1.3182999999999963,0.42686703703704376
1.3199699999999963,0.4238530846560915
1.3216399999999964,0.4208391322751388
1.3233099999999964,0.41782517989418655
1.3249799999999965,0.41481122751323385
1.3266499999999966,0.41179727513228115
1.3283199999999966,0.4087833227513289
1.3299899999999967,0.4057693703703762
1.3316599999999967,0.40275541798942394
1.3333299999999968,0.39974146560847124
1.3349999999999969,0.396727513227519
1.336669999999997,0.3937135608465663
1.338339999999997,0.390699608465614
1.340009999999997,0.3876856560846613
1.341679999999997,0.3846717037037086
1.3433499999999972,0.3816718421052683
1.3450199999999972,0.3786746315789522
1.3466899999999973,0.3756774210526366
1.3483599999999973,0.3726802105263205
1.3500299999999974,0.36968300000000487
1.3516999999999975,0.3666857894736888
1.3533699999999975,0.36368857894737294
1.3550399999999976,0.36069136842105687
1.3567099999999976,0.35769415789474124
1.3583799999999977,0.35469694736842516
1.3600499999999978,0.3516997368421091
1.3617199999999978,0.34870252631579346
1.3633899999999979,0.3457053157894774
1.365059999999998,0.34270810526316176
1.366729999999998,0.3397108947368457
1.368399999999998,0.33671368421052983
1.3700699999999981,0.33371647368421375
1.3717399999999982,0.3307192631578981
1.3734099999999982,0.32772205263158205
1.3750799999999983,0.324724842105266
1.3767499999999984,0.32172763157895035
1.3784199999999984,0.31873042105263427
1.3800899999999985,0.31573321052631864
1.3817599999999985,0.31273600000000257
1.3834299999999986,0.3097387894736867
1.3850999999999987,0.30674157894737064
1.3867699999999987,0.303744368421055
1.3884399999999988,0.30074715789473894
1.3901099999999988,0.2977499473684233
1.391779999999999,0.29475273684210723
1.393449999999999,0.29175552631579116
1.395119999999999,0.2887543280423299
1.396789999999999,0.2857403756613772
1.3984599999999991,0.28272642328042497
1.4001299999999992,0.27971247089947227
1.4017999999999993,0.27669851851852
1.4034699999999993,0.2736845661375673
1.4051399999999994,0.27067061375661505
1.4068099999999994,0.26765666137566235
1.4084799999999995,0.26464270899470965
1.4101499999999996,0.2616287566137574
1.4118199999999996,0.2586148042328047
1.4134899999999997,0.25560085185185244
1.4151599999999998,0.25258689947089974
1.4168299999999998,0.24957294708994748
1.4184999999999999,0.246558994708995
1.42017,0.24354504232804275
1.42184,0.24053108994709005
1.42351,0.2375171375661378
1.4251800000000001,0.2345031851851851
1.4268500000000002,0.2314892328042324
1.4285200000000002,0.22847528042328014
1.4301900000000003,0.22546132804232744
1.4318600000000004,0.22244737566137518
1.4335300000000004,0.21943342328042248
1.4352000000000005,0.21641947089947022
1.4368700000000005,0.21340551851851752
1.4385400000000006,0.21039156613756527
1.4402100000000007,0.20737761375661257
1.4418800000000007,0.20436366137565987
1.4435500000000008,0.2013497089947076
1.4452200000000008,0.1983357566137549
1.446890000000001,0.19532180423280288
1.448560000000001,0.192321263157893
1.450230000000001,0.18932405263157737
1.451900000000001,0.1863268421052613
1.4535700000000011,0.18332963157894566
1.4552400000000012,0.1803324210526296
1.4569100000000013,0.17733521052631374
1.4585800000000013,0.17433799999999766
1.4602500000000014,0.1713407894736816
1.4619200000000014,0.16834357894736596
1.4635900000000015,0.16534636842104988
1.4652600000000016,0.16234915789473425
1.4669300000000016,0.15935194736841818
1.4686000000000017,0.15635473684210255
1.4702700000000017,0.15335752631578647
1.4719400000000018,0.15036031578947062
1.4736100000000019,0.14736310526315455
1.475280000000002,0.14436589473683892
1.476950000000002,0.14136868421052284
1.478620000000002,0.13837147368420677
1.480290000000002,0.13537426315789114
1.4819600000000022,0.13237705263157507
1.4836300000000022,0.12937984210525943
1.4853000000000023,0.12638263157894336
1.4869700000000023,0.12338542105262773
1.4886400000000024,0.12038821052631143
1.4903100000000025,0.1173909999999958
1.4919800000000025,0.11439378947367973
1.4936500000000026,0.11139657894736366
1.4953200000000026,0.10839936842104803
1.4969900000000027,0.10540215789473195
1.4986600000000028,0.10240494736841632
1.5003300000000028,0.09997800000000012
1.5020000000000029,0.09986666666666633
1.503670000000003,0.09975533333333342
1.505340000000003,0.09964399999999962
1.507010000000003,0.09953266666666671
1.5086800000000031,0.09942133333333292
1.5103500000000032,0.09931000000000001
1.5120200000000033,0.09919866666666666
1.5136900000000033,0.0990873333333333
1.5153600000000034,0.09897599999999995
1.5170300000000034,0.0988646666666666
1.5187000000000035,0.09875333333333325
1.5203700000000036,0.0986419999999999
1.5220400000000036,0.09853066666666654
1.5237100000000037,0.09841933333333319
1.5253800000000037,0.09830799999999984
1.5270500000000038,0.09819666666666649
1.5287200000000039,0.09808533333333314
1.530390000000004,0.09797399999999978
1.532060000000004,0.09786266666666643
1.533730000000004,0.09775133333333308
1.535400000000004,0.09763999999999973
1.5370700000000042,0.09752866666666637
1.5387400000000042,0.09741733333333302
1.5404100000000043,0.09730599999999967
1.5420800000000043,0.09719466666666632
1.5437500000000044,0.09708333333333297
1.5454200000000045,0.09697200000000006
1.5470900000000045,0.09686066666666626
1.5487600000000046,0.09674933333333335
1.5504300000000046,0.09663799999999956
1.5521000000000047,0.09652666666666665
1.5537700000000048,0.09641533333333285
1.5554400000000048,0.09630399999999995
1.5571100000000049,0.09619266666666615
1.558780000000005,0.09608133333333324
1.560450000000005,0.09596999999999989
1.562120000000005,0.09585866666666654
1.5637900000000051,0.09574733333333318
1.5654600000000052,0.09563599999999983
1.5671300000000052,0.09552466666666648
1.5688000000000053,0.09541333333333313
1.5704700000000054,0.09530199999999978
1.5721400000000054,0.09519066666666642
1.5738100000000055,0.09507933333333307
1.5754800000000055,0.09496799999999972
1.5771500000000056,0.09485666666666637
1.5788200000000057,0.09474533333333301
1.5804900000000057,0.09463399999999966
1.5821600000000058,0.09452266666666631
1.5838300000000058,0.09441133333333296
1.585500000000006,0.0942999999999996
1.587170000000006,0.09418866666666625
1.588840000000006,0.0940773333333329
1.590510000000006,0.09396599999999955
1.5921800000000061,0.0938546666666662
1.5938500000000062,0.09374333333333329
1.5955200000000063,0.0936319999999995
1.5971900000000063,0.09352066666666659
1.5988600000000064,0.09340933333333279
1.6005300000000064,0.09329799999999988
1.6022000000000065,0.09318666666666608
1.6038700000000066,0.09307533333333318
1.6055400000000066,0.09296399999999938
1.6072100000000067,0.09285266666666647
1.6088800000000067,0.09274133333333268
1.6105500000000068,0.09262999999999977
1.6122200000000069,0.09251866666666642
1.613890000000007,0.09240733333333306
1.615560000000007,0.09229599999999971
1.617230000000007,0.09218466666666636
1.6189000000000071,0.09207333333333301
1.6205700000000072,0.09196199999999966
1.6222400000000072,0.0918506666666663
1.6239100000000073,0.09173933333333295
1.6255800000000074,0.0916279999999996
1.6272500000000074,0.09151666666666625
1.6289200000000075,0.0914053333333329
1.6305900000000075,0.09129399999999954
1.6322600000000076,0.09118266666666619
1.6339300000000077,0.09107133333333284
1.6356000000000077,0.09095999999999949
1.6372700000000078,0.09084866666666613
1.6389400000000078,0.09073733333333278
1.640610000000008,0.09062599999999943
1.642280000000008,0.09051466666666608
1.643950000000008,0.09040333333333272
1.645620000000008,0.09029199999999982
1.6472900000000081,0.09018066666666602
1.6489600000000082,0.09006933333333311
1.6506300000000083,0.08995799999999932
1.6523000000000083,0.08984666666666641
1.6539700000000084,0.08973533333333261
1.6556400000000084,0.0896239999999997
1.6573100000000085,0.08951266666666591
1.6589800000000086,0.089401333333333
1.6606500000000086,0.08928999999999965
1.6623200000000087,0.0891786666666663
1.6639900000000087,0.08906733333333294
1.6656600000000088,0.08895599999999959
1.6673300000000089,0.08884466666666624
1.669000000000009,0.08873333333333289
1.670670000000009,0.08862199999999953
1.672340000000009,0.08851066666666618
1.674010000000009,0.08839933333333283
1.6756800000000092,0.08828799999999948
1.6773500000000092,0.08817666666666613
1.6790200000000093,0.08806533333333277
1.6806900000000093,0.08795399999999942
1.6823600000000094,0.08784266666666607
1.6840300000000095,0.08773133333333272
1.6857000000000095,0.08761999999999937
1.6873700000000096,0.08750866666666601
1.6890400000000096,0.08739733333333266
1.6907100000000097,0.08728599999999931
1.6923800000000098,0.08717466666666596
1.6940500000000098,0.08706333333333305
1.6957200000000099,0.08695199999999925
1.69739000000001,0.08684066666666634
1.69906000000001,0.08672933333333255
1.70073000000001,0.08661799999999964
1.7024000000000101,0.08650666666666584
1.7040700000000102,0.08639533333333294
1.7057400000000102,0.08628399999999914
1.7074100000000103,0.08617266666666623
1.7090800000000104,0.08606133333333243
1.7107500000000104,0.08594999999999953
1.7124200000000105,0.08583866666666617
1.7140900000000105,0.08572733333333282
1.7157600000000106,0.08561599999999947
1.7174300000000107,0.08550466666666612
1.7191000000000107,0.08539333333333277
1.7207700000000108,0.08528199999999941
1.7224400000000109,0.08517066666666606
1.724110000000011,0.08505933333333271
1.725780000000011,0.08494799999999936
1.727450000000011,0.084836666666666
1.729120000000011,0.08472533333333265
1.7307900000000112,0.0846139999999993
1.7324600000000112,0.08450266666666595
1.7341300000000113,0.0843913333333326
1.7358000000000113,0.08427999999999924
1.7374700000000114,0.08416866666666589
1.7391400000000115,0.08405733333333254
1.7408100000000115,0.08394599999999919
1.7424800000000116,0.08383466666666584
1.7441500000000116,0.08372333333333248
1.7458200000000117,0.08361199999999958
1.7474900000000118,0.08350066666666578
1.7491600000000118,0.08338933333333287
1.7508300000000119,0.08327799999999907
1.752500000000012,0.08316666666666617
1.754170000000012,0.08305533333333237
1.755840000000012,0.08294399999999946
1.7575100000000121,0.08283266666666567
1.7591800000000122,0.08272133333333276
1.7608500000000122,0.0826099999999994
1.7625200000000123,0.08249866666666605
1.7641900000000124,0.0823873333333327
1.7658600000000124,0.08227599999999935
1.7675300000000125,0.082164666666666
1.7692000000000125,0.08205333333333265
1.7708700000000126,0.0819419999999993
1.7725400000000127,0.08183066666666594
1.7742100000000127,0.08171933333333259
1.7758800000000128,0.08160799999999924
1.7775500000000128,0.08149666666666588
1.779220000000013,0.08138533333333253
1.780890000000013,0.08127399999999918
1.782560000000013,0.08116266666666583
1.784230000000013,0.08105133333333248
1.7859000000000131,0.08093999999999912
1.7875700000000132,0.08082866666666577
1.7892400000000133,0.08071733333333242
1.7909100000000133,0.08060599999999907
1.7925800000000134,0.08049466666666572
1.7942500000000134,0.08038333333333236
1.7959200000000135,0.08027199999999901
1.7975900000000136,0.0801606666666661
1.7992600000000136,0.0800493333333323
1.8009300000000137,0.0799379999999994
1.8026000000000137,0.0798266666666656
1.8042700000000138,0.0797153333333327
1.8059400000000139,0.0796039999999989
1.807610000000014,0.07949266666666599
1.809280000000014,0.0793813333333322
1.810950000000014,0.07926999999999929
1.812620000000014,0.07915866666666593
1.8142900000000142,0.07904733333333258
1.8159600000000142,0.07893599999999923
1.8176300000000143,0.07882466666666588
1.8193000000000144,0.07871333333333252
1.8209700000000144,0.07860199999999917
1.8226400000000145,0.07849066666666582
1.8243100000000145,0.07837933333333247
1.8259800000000146,0.07826799999999912
1.8276500000000147,0.07815666666666532
1.8293200000000147,0.07804533333333241
1.8309900000000148,0.07793399999999906
1.8326600000000148,0.07782266666666571
1.834330000000015,0.07771133333333236
1.836000000000015,0.077599999999999
1.837670000000015,0.07748866666666565
1.839340000000015,0.0773773333333323
1.8410100000000151,0.07726599999999895
1.8426800000000152,0.0771546666666656
1.8443500000000153,0.07704333333333224
1.8460200000000153,0.07693199999999933
1.8476900000000154,0.07682066666666554
1.8493600000000154,0.07670933333333263
1.8510300000000155,0.07659799999999883
1.8527000000000156,0.07648666666666593
1.8543700000000156,0.07637533333333213
1.8560400000000157,0.07626399999999922
1.8577100000000157,0.07615266666666543
1.8593800000000158,0.07604133333333252
1.8610500000000159,0.07592999999999872
1.862720000000016,0.07581866666666581
1.864390000000016,0.07570733333333246
1.866060000000016,0.07559599999999911
1.867730000000016,0.07548466666666576
1.8694000000000162,0.0753733333333324
1.8710700000000162,0.07526199999999905
1.8727400000000163,0.0751506666666657
1.8744100000000163,0.07503933333333235
1.8760800000000164,0.074927999999999
1.8777500000000165,0.07481666666666564
1.8794200000000165,0.07470533333333229
1.8810900000000166,0.07459399999999894
1.8827600000000166,0.07448266666666559
1.8844300000000167,0.07437133333333223
1.8861000000000168,0.07425999999999888
1.8877700000000168,0.07414866666666553
1.8894400000000169,0.07403733333333218
1.891110000000017,0.07392599999999883
1.892780000000017,0.07381466666666547
1.894450000000017,0.07370333333333212
1.8961200000000171,0.07359199999999877
1.8977900000000172,0.07348066666666586
1.8994600000000172,0.07336933333333207
1.9011300000000173,0.07325799999999916
1.9028000000000174,0.07314666666666536
1.9044700000000174,0.07303533333333245
1.9061400000000175,0.07292399999999866
1.9078100000000175,0.07281266666666575
1.9094800000000176,0.07270133333333195
1.9111500000000177,0.07258999999999904
1.9128200000000177,0.07247866666666569
1.9144900000000178,0.07236733333333234
1.9161600000000178,0.07225599999999899
1.917830000000018,0.07214466666666564
1.919500000000018,0.07203333333333228
1.921170000000018,0.07192199999999893
1.922840000000018,0.07181066666666558
1.9245100000000182,0.07169933333333223
1.9261800000000182,0.07158799999999887
1.9278500000000183,0.07147666666666508
1.9295200000000183,0.07136533333333217
1.9311900000000184,0.07125399999999882
1.9328600000000185,0.07114266666666547
1.9345300000000185,0.07103133333333211
1.9362000000000186,0.07091999999999876
1.9378700000000186,0.07080866666666541
1.9395400000000187,0.07069733333333206
1.9412100000000188,0.0705859999999987
1.9428800000000188,0.07047466666666535
1.9445500000000189,0.070363333333332
1.946220000000019,0.07025199999999909
1.947890000000019,0.0701406666666653
1.949560000000019,0.07002933333333239
1.9512300000000191,0.06991799999999859
1.9529000000000192,0.06980666666666568
1.9545700000000192,0.06969533333333189
1.9562400000000193,0.06958399999999898
1.9579100000000194,0.06947266666666518
1.9595800000000194,0.06936133333333228
1.9612500000000195,0.06924999999999848
1.9629200000000195,0.06913866666666557
1.9645900000000196,0.06902733333333222
1.9662600000000197,0.06891599999999887
1.9679300000000197,0.06880466666666551
1.9696000000000198,0.06869333333333216
1.9712700000000198,0.06858199999999881
1.97294000000002,0.06847066666666546
1.97461000000002,0.0683593333333321
1.97628000000002,0.06824799999999875
1.97795000000002,0.0681366666666654
1.9796200000000201,0.06802533333333205
1.9812900000000202,0.0679139999999987
1.9829600000000203,0.06780266666666535
1.9846300000000203,0.067691333333332
1.9863000000000204,0.06757999999999864
1.9879700000000204,0.06746866666666529
1.9896400000000205,0.06735733333333194
1.9913100000000206,0.06724599999999858
1.9929800000000206,0.06713466666666523
1.9946500000000207,0.06702333333333188
1.9963200000000207,0.06691199999999853
1.9979900000000208,0.06680066666666562
1.9996600000000209,0.06668933333333182
2.0013300000000207,0.06657799999999892
2.0030000000000205,0.06646666666666512
2.0046700000000204,0.06635533333333221
2.00634000000002,0.06624399999999842
2.00801000000002,0.06613266666666551
2.00968000000002,0.06602133333333216
2.0113500000000197,0.0659099999999988
2.0130200000000196,0.06579866666666545
2.0146900000000194,0.0656873333333321
2.0163600000000192,0.06557599999999875
2.018030000000019,0.0654646666666654
2.019700000000019,0.06535333333333204
2.0213700000000188,0.06524199999999869
2.0230400000000186,0.06513066666666534
2.0247100000000184,0.06501933333333199
2.0263800000000183,0.06490799999999908
2.028050000000018,0.06479666666666528
2.029720000000018,0.06468533333333237
2.031390000000018,0.06457399999999902
2.0330600000000176,0.06446266666666567
2.0347300000000175,0.06435133333333232
2.0364000000000173,0.06423999999999896
2.038070000000017,0.06412866666666561
2.039740000000017,0.06401733333333226
2.041410000000017,0.06390599999999891
2.0430800000000167,0.06379466666666556
2.0447500000000165,0.0636833333333322
2.0464200000000163,0.06357199999999885
2.048090000000016,0.0634606666666655
2.049760000000016,0.06334933333333215
2.051430000000016,0.06323799999999924
2.0531000000000157,0.06312666666666544
2.0547700000000155,0.06301533333333253
2.0564400000000154,0.06290399999999874
2.058110000000015,0.06279266666666583
2.059780000000015,0.06268133333333248
2.061450000000015,0.06256999999999913
2.0631200000000147,0.062458666666665774
2.0647900000000146,0.06234733333333198
2.0664600000000144,0.06223599999999907
2.0681300000000142,0.06212466666666572
2.069800000000014,0.062013333333332366
2.071470000000014,0.06190199999999901
2.0731400000000137,0.06179066666666566
2.0748100000000136,0.06167933333333231
2.0764800000000134,0.0615679999999994
2.0781500000000133,0.061456666666665605
2.079820000000013,0.0613453333333327
2.081490000000013,0.0612339999999989
2.083160000000013,0.06112266666666599
2.0848300000000126,0.06101133333333264
2.0865000000000125,0.06089999999999929
2.0881700000000123,0.060788666666665936
2.089840000000012,0.060677333333332584
2.091510000000012,0.06056599999999923
2.093180000000012,0.06045466666666588
2.0948500000000116,0.06034333333333253
2.0965200000000115,0.060231999999999175
2.0981900000000113,0.06012066666666582
2.099860000000011,0.06000933333333247
2.101530000000011,0.05989799999999956
2.103200000000011,0.059786666666665766
2.1048700000000107,0.05967533333333286
2.1065400000000105,0.05956399999999906
2.1082100000000104,0.059452666666666154
2.10988000000001,0.0593413333333328
2.11155000000001,0.05922999999999945
2.11322000000001,0.0591186666666661
2.1148900000000097,0.059007333333332745
2.1165600000000095,0.05889599999999939
2.1182300000000094,0.05878466666666604
2.119900000000009,0.05867333333333269
2.121570000000009,0.05856199999999934
2.123240000000009,0.058450666666665985
2.1249100000000087,0.05833933333333263
2.1265800000000086,0.058227999999999724
2.1282500000000084,0.05811666666666593
2.1299200000000083,0.05800533333333302
2.131590000000008,0.057893999999999224
2.133260000000008,0.057782666666666316
2.1349300000000078,0.057671333333332964
2.1366000000000076,0.05755999999999961
2.1382700000000074,0.05744866666666626
2.1399400000000073,0.05733733333333291
2.141610000000007,0.057225999999999555
2.143280000000007,0.0571146666666662
2.144950000000007,0.05700333333333285
2.1466200000000066,0.0568919999999995
2.1482900000000065,0.056780666666666146
2.1499600000000063,0.056669333333332794
2.151630000000006,0.056557999999999886
2.153300000000006,0.05644666666666609
2.154970000000006,0.05633533333333318
2.1566400000000057,0.056223999999999386
2.1583100000000055,0.05611266666666648
2.1599800000000053,0.056001333333333125
2.161650000000005,0.05588999999999977
2.163320000000005,0.05577866666666642
2.164990000000005,0.05566733333333307
2.1666600000000047,0.05555599999999972
2.1683300000000045,0.055444666666666365
2.1700000000000044,0.05533333333333301
2.171670000000004,0.05522199999999966
2.173340000000004,0.05511066666666631
2.175010000000004,0.054999333333332956
2.1766800000000037,0.05488800000000005
2.1783500000000036,0.05477666666666625
2.1800200000000034,0.054665333333333344
2.1816900000000032,0.05455399999999955
2.183360000000003,0.05444266666666664
2.185030000000003,0.05433133333333329
2.1867000000000028,0.054219999999999935
2.1883700000000026,0.05410866666666658
2.1900400000000024,0.05399733333333323
2.1917100000000023,0.05388599999999988
2.193380000000002,0.053774666666666526
2.195050000000002,0.053663333333333174
2.196720000000002,0.05355199999999982
2.1983900000000016,0.05344066666666647
2.2000600000000015,0.05332933333333312
2.2017300000000013,0.05321800000000021
2.203400000000001,0.05310666666666641
2.205070000000001,0.052995333333333505
2.206740000000001,0.05288399999999971
2.2084100000000007,0.0527726666666668
2.2100800000000005,0.05266133333333345
2.2117500000000003,0.0525500000000001
2.21342,0.052438666666666744
2.21509,0.05232733333333339
2.21676,0.05221600000000004
2.2184299999999997,0.05210466666666669
2.2200999999999995,0.051993333333333336
2.2217699999999994,0.051881999999999984
2.223439999999999,0.05177066666666663
2.225109999999999,0.05165933333333328
2.226779999999999,0.05154800000000037
2.2284499999999987,0.051436666666666575
2.2301199999999985,0.05132533333333367
2.2317899999999984,0.05121399999999987
2.2334599999999982,0.05110266666666696
2.235129999999998,0.05099133333333361
2.236799999999998,0.05088000000000026
2.2384699999999977,0.050768666666666906
2.2401399999999976,0.050657333333333554
2.2418099999999974,0.0505460000000002
2.2434799999999973,0.05043466666666685
2.245149999999997,0.0503233333333335
2.246819999999997,0.050212000000000145
2.2484899999999968,0.05010066666666679
2.2501599999999966,0.04998933333333344
2.2518299999999964,0.04987800000000053
2.2534999999999963,0.04976666666666674
2.255169999999996,0.04965533333333383
2.256839999999996,0.04954400000000003
2.258509999999996,0.049432666666667124
2.2601799999999956,0.04932133333333377
2.2618499999999955,0.04921000000000042
2.2635199999999953,0.04909866666666707
2.265189999999995,0.048987333333333716
2.266859999999995,0.048876000000000364
2.268529999999995,0.04876466666666701
2.2701999999999947,0.04865333333333366
2.2718699999999945,0.04854200000000031
2.2735399999999943,0.048430666666666955
2.275209999999994,0.0483193333333336
2.276879999999994,0.048208000000000695
2.278549999999994,0.0480966666666669
2.2802199999999937,0.04798533333333399
2.2818899999999935,0.047874000000000194
2.2835599999999934,0.047762666666667286
2.285229999999993,0.047651333333333934
2.286899999999993,0.04754000000000058
2.288569999999993,0.04742866666666723
2.2902399999999927,0.04731733333333388
2.2919099999999926,0.047206000000000525
2.2935799999999924,0.04709466666666717
2.2952499999999922,0.04698333333333382
2.296919999999992,0.04687200000000047
2.298589999999992,0.04676066666666712
2.3002599999999918,0.046649333333333765
2.3019299999999916,0.046538000000000856
2.3035999999999914,0.04642666666666706
2.3052699999999913,0.04631533333333415
2.306939999999991,0.046204000000000356
2.308609999999991,0.04609266666666745
2.310279999999991,0.045981333333334096
2.3119499999999906,0.045870000000000744
2.3136199999999905,0.04575866666666739
2.3152899999999903,0.04564733333333404
2.31695999999999,0.04553600000000069
2.31862999999999,0.045424666666667335
2.32029999999999,0.04531333333333398
2.3219699999999897,0.04520200000000063
2.3236399999999895,0.04509066666666728
2.3253099999999893,0.044979333333333926
2.326979999999989,0.04486800000000102
2.328649999999989,0.04475666666666722
2.330319999999989,0.044645333333334314
2.3319899999999887,0.04453400000000052
2.3336599999999885,0.04442266666666761
2.3353299999999884,0.04431133333333426
2.336999999999988,0.044200000000000905
2.338669999999988,0.04408866666666755
2.340339999999988,0.0439773333333342
2.3420099999999877,0.04386600000000085
2.3436799999999876,0.0437546666666675
2.3453499999999874,0.043643333333334144
2.3470199999999872,0.04353200000000079
2.348689999999987,0.04342066666666744
2.350359999999987,0.04330933333333409
2.3520299999999867,0.04319800000000118
2.3536999999999866,0.043086666666667384
2.3553699999999864,0.042975333333334476
2.3570399999999863,0.04286400000000068
2.358709999999986,0.04275266666666777
2.360379999999986,0.04264133333333442
2.3620499999999858,0.04253000000000107
2.3637199999999856,0.042418666666667715
2.3653899999999854,0.04230733333333436
2.3670599999999853,0.04219600000000101
2.368729999999985,0.04208466666666766
2.370399999999985,0.041973333333334306
2.372069999999985,0.041862000000000954
2.3737399999999846,0.0417506666666676
2.3754099999999845,0.04163933333333425
2.3770799999999843,0.04152800000000134
2.378749999999984,0.041416666666667545
2.380419999999984,0.04130533333333464
2.382089999999984,0.04119400000000084
2.3837599999999837,0.04108266666666793
2.3854299999999835,0.04097133333333458
2.3870999999999833,0.04086000000000123
2.388769999999983,0.040748666666667877
2.390439999999983,0.040637333333334524
2.392109999999983,0.04052600000000117
2.3937799999999827,0.04041466666666782
2.3954499999999825,0.04030333333333447
2.3971199999999824,0.040192000000001116
2.398789999999982,0.040080666666667764
2.400459999999982,0.03996933333333441
2.402129999999982,0.0398580000000015
2.4037999999999817,0.03974666666666771
2.4054699999999816,0.0396353333333348
2.4071399999999814,0.039524000000001
2.4088099999999812,0.039412666666668095
2.410479999999981,0.03930133333333474
2.412149999999981,0.03919000000000139
2.4138199999999808,0.03907866666666804
2.4154899999999806,0.038967333333334686
2.4171599999999804,0.038856000000001334
2.4188299999999803,0.03874466666666798
2.42049999999998,0.03863333333333463
2.42216999999998,0.03852200000000128
2.42383999999998,0.038410666666667925
2.4255099999999796,0.03829933333333457
2.4271799999999795,0.038188000000001665
2.4288499999999793,0.03807666666666787
2.430519999999979,0.03796533333333496
2.432189999999979,0.037854000000001164
2.433859999999979,0.037742666666668256
2.4355299999999787,0.037631333333334904
2.4371999999999785,0.03752000000000155
2.4388699999999783,0.0374086666666682
2.440539999999978,0.03729733333333485
2.442209999999978,0.037186000000001496
2.443879999999978,0.037074666666668143
2.4455499999999777,0.03696333333333479
2.4472199999999775,0.03685200000000144
2.4488899999999774,0.03674066666666809
2.450559999999977,0.036629333333334735
2.452229999999977,0.03651800000000183
2.453899999999977,0.03640666666666803
2.4555699999999767,0.03629533333333512
2.4572399999999766,0.036184000000001326
2.4589099999999764,0.03607266666666842
2.4605799999999762,0.035961333333335066
2.462249999999976,0.035850000000001714
2.463919999999976,0.03573866666666836
2.4655899999999757,0.03562733333333501
2.4672599999999756,0.03551600000000166
2.4689299999999754,0.035404666666668305
2.4705999999999753,0.03529333333333495
2.472269999999975,0.0351820000000016
2.473939999999975,0.03507066666666825
2.4756099999999748,0.0349593333333349
2.4772799999999746,0.03484800000000199
2.4789499999999745,0.03473666666666819
2.4806199999999743,0.034625333333335284
2.482289999999974,0.03451400000000149
2.483959999999974,0.03440266666666858
2.485629999999974,0.03429133333333523
2.4872999999999736,0.034180000000001876
2.4889699999999735,0.03406866666666852
2.4906399999999733,0.03395733333333517
2.492309999999973,0.03384600000000182
2.493979999999973,0.03373466666666847
2.495649999999973,0.033623333333335115
2.4973199999999727,0.03351200000000176
2.4989899999999725,0.03340066666666841
2.5006599999999723,0.033333333333333215
2.502329999999972,0.03333333333333366
2.503999999999972,0.033333333333333215
2.505669999999972,0.03333333333333366
2.5073399999999717,0.033333333333333215
2.5090099999999715,0.03333333333333366
2.5106799999999714,0.033333333333333215
2.512349999999971,0.03333333333333366
2.514019999999971,0.033333333333333215
2.515689999999971,0.03333333333333366
2.5173599999999707,0.033333333333333215
2.5190299999999706,0.033333333333333215
2.5206999999999704,0.033333333333333215
2.5223699999999702,0.033333333333333215
2.52403999999997,0.033333333333333215
2.52570999999997,0.033333333333333215
2.5273799999999698,0.03333333333333366
2.5290499999999696,0.033333333333333215
2.5307199999999694,0.03333333333333366
2.5323899999999693,0.033333333333333215
2.534059999999969,0.03333333333333366
2.535729999999969,0.033333333333333215
2.537399999999969,0.03333333333333366
2.5390699999999686,0.033333333333333215
2.5407399999999685,0.03333333333333366
2.5424099999999683,0.033333333333333215
2.544079999999968,0.033333333333333215
2.545749999999968,0.033333333333333215
2.547419999999968,0.033333333333333215
2.5490899999999677,0.033333333333333215
2.5507599999999675,0.033333333333333215
2.5524299999999673,0.03333333333333366
2.554099999999967,0.033333333333333215
2.555769999999967,0.03333333333333366
2.557439999999967,0.033333333333333215
2.5591099999999667,0.03333333333333366
2.5607799999999665,0.033333333333333215
2.5624499999999664,0.03333333333333366
2.564119999999966,0.033333333333333215
2.565789999999966,0.03333333333333366
2.567459999999966,0.033333333333333215
2.5691299999999657,0.033333333333333215
2.5707999999999656,0.033333333333333215
2.5724699999999654,0.033333333333333215
2.5741399999999652,0.033333333333333215
2.575809999999965,0.033333333333333215
2.577479999999965,0.03333333333333366
2.5791499999999647,0.033333333333333215
2.5808199999999646,0.03333333333333366
2.5824899999999644,0.033333333333333215
2.5841599999999643,0.03333333333333366
2.585829999999964,0.033333333333333215
2.587499999999964,0.03333333333333366
2.589169999999964,0.033333333333333215
2.5908399999999636,0.03333333333333366
2.5925099999999635,0.033333333333333215
2.5941799999999633,0.033333333333333215
2.595849999999963,0.033333333333333215
2.597519999999963,0.033333333333333215
2.599189999999963,0.033333333333333215
2.6008599999999626,0.033333333333333215
2.6025299999999625,0.03333333333333366
2.6041999999999623,0.033333333333333215
2.605869999999962,0.03333333333333366
2.607539999999962,0.033333333333333215
2.609209999999962,0.03333333333333366
2.6108799999999617,0.033333333333333215
2.6125499999999615,0.03333333333333366
2.6142199999999614,0.033333333333333215
2.615889999999961,0.03333333333333366
2.617559999999961,0.033333333333333215
2.619229999999961,0.033333333333333215
2.6208999999999607,0.033333333333333215
2.6225699999999605,0.033333333333333215
2.6242399999999604,0.033333333333333215
2.62590999999996,0.033333333333333215
2.62757999999996,0.03333333333333366
2.62924999999996,0.033333333333333215
2.6309199999999597,0.03333333333333366
2.6325899999999596,0.033333333333333215
2.6342599999999594,0.03333333333333366
2.6359299999999593,0.033333333333333215
2.637599999999959,0.03333333333333366
2.639269999999959,0.033333333333333215
2.6409399999999588,0.03333333333333366
2.6426099999999586,0.033333333333333215
2.6442799999999584,0.033333333333333215
2.6459499999999583,0.033333333333333215
2.647619999999958,0.033333333333333215
2.649289999999958,0.033333333333333215
2.650959999999958,0.033333333333333215
2.6526299999999576,0.03333333333333366
2.6542999999999575,0.033333333333333215
2.6559699999999573,0.03333333333333366
2.657639999999957,0.033333333333333215
2.659309999999957,0.03333333333333366
2.660979999999957,0.033333333333333215
2.6626499999999567,0.03333333333333366
2.6643199999999565,0.033333333333333215
2.6659899999999563,0.03333333333333366
2.667659999999956,0.033333333333333215
2.669329999999956,0.033333333333333215
2.670999999999956,0.033333333333333215
2.6726699999999557,0.033333333333333215
2.6743399999999555,0.033333333333333215
2.6760099999999554,0.033333333333333215
2.677679999999955,0.03333333333333366
2.679349999999955,0.033333333333333215
2.681019999999955,0.03333333333333366
2.6826899999999547,0.033333333333333215
2.6843599999999546,0.03333333333333366
2.6860299999999544,0.033333333333333215
2.6876999999999542,0.03333333333333366
2.689369999999954,0.033333333333333215
2.691039999999954,0.03333333333333366
2.6927099999999538,0.033333333333333215
2.6943799999999536,0.033333333333333215
2.6960499999999534,0.033333333333333215
2.6977199999999533,0.033333333333333215
2.699389999999953,0.033333333333333215
2.701059999999953,0.033333333333333215
2.702729999999953,0.03333333333333366
2.7043999999999526,0.033333333333333215
2.7060699999999525,0.03333333333333366
2.7077399999999523,0.033333333333333215
2.709409999999952,0.03333333333333366
2.711079999999952,0.033333333333333215
2.712749999999952,0.03333333333333366
2.7144199999999516,0.033333333333333215
2.7160899999999515,0.03333333333333366
2.7177599999999513,0.033333333333333215
2.719429999999951,0.033333333333333215
2.721099999999951,0.033333333333333215
2.722769999999951,0.033333333333333215
2.7244399999999507,0.033333333333333215
2.7261099999999505,0.033333333333333215
2.7277799999999504,0.03333333333333366
2.72944999999995,0.033333333333333215
2.73111999999995,0.03333333333333366
2.73278999999995,0.033333333333333215
2.7344599999999497,0.03333333333333366
2.7361299999999495,0.033333333333333215
2.7377999999999494,0.03333333333333366
2.7394699999999492,0.033333333333333215
2.741139999999949,0.03333333333333366
2.742809999999949,0.033333333333333215
2.7444799999999487,0.033333333333333215
2.7461499999999486,0.033333333333333215
2.7478199999999484,0.033333333333333215
2.7494899999999483,0.033333333333333215
2.751159999999948,0.033333333333333215
2.752829999999948,0.03333333333333366
2.7544999999999478,0.033333333333333215
2.7561699999999476,0.03333333333333366
2.7578399999999474,0.033333333333333215
2.7595099999999473,0.03333333333333366
2.761179999999947,0.033333333333333215
2.762849999999947,0.03333333333333366
2.764519999999947,0.033333333333333215
2.7661899999999466,0.03333333333333366
2.7678599999999465,0.033333333333333215
2.7695299999999463,0.033333333333333215
2.771199999999946,0.033333333333333215
2.772869999999946,0.033333333333333215
2.774539999999946,0.033333333333333215
2.7762099999999457,0.033333333333333215
2.7778799999999455,0.03333333333333366
2.7795499999999453,0.033333333333333215
2.781219999999945,0.03333333333333366
2.782889999999945,0.033333333333333215
2.784559999999945,0.03333333333333366
2.7862299999999447,0.033333333333333215
2.7878999999999445,0.03333333333333366
2.7895699999999444,0.033333333333333215
2.791239999999944,0.03333333333333366
2.792909999999944,0.033333333333333215
2.794579999999944,0.033333333333333215
2.7962499999999437,0.033333333333333215
2.7979199999999436,0.033333333333333215
2.7995899999999434,0.033333333333333215
2.8012599999999432,0.033333333333333215
2.802929999999943,0.03333333333333366
2.804599999999943,0.033333333333333215
2.8062699999999428,0.03333333333333366
2.8079399999999426,0.033333333333333215
2.8096099999999424,0.03333333333333366
2.8112799999999423,0.033333333333333215
2.812949999999942,0.03333333333333366
2.814619999999942,0.033333333333333215
2.816289999999942,0.03333333333333366
2.8179599999999416,0.033333333333333215
2.8196299999999415,0.033333333333333215
2.8212999999999413,0.033333333333333215
2.822969999999941,0.033333333333333215
2.824639999999941,0.033333333333333215
2.826309999999941,0.033333333333333215
2.8279799999999407,0.03333333333333366
2.8296499999999405,0.033333333333333215
2.8313199999999403,0.03333333333333366
2.83298999999994,0.033333333333333215
2.83465999999994,0.03333333333333366
2.83632999999994,0.033333333333333215
2.8379999999999397,0.03333333333333366
2.8396699999999395,0.033333333333333215
2.8413399999999394,0.03333333333333366
2.843009999999939,0.033333333333333215
2.844679999999939,0.033333333333333215
2.846349999999939,0.033333333333333215
2.8480199999999387,0.033333333333333215
2.8496899999999385,0.033333333333333215
2.8513599999999384,0.033333333333333215
2.8530299999999382,0.03333333333333366
2.854699999999938,0.033333333333333215
2.856369999999938,0.03333333333333366
2.8580399999999377,0.033333333333333215
2.8597099999999376,0.03333333333333366
2.8613799999999374,0.033333333333333215
2.8630499999999373,0.03333333333333366
2.864719999999937,0.033333333333333215
2.866389999999937,0.03333333333333366
2.8680599999999368,0.033333333333333215
2.8697299999999366,0.033333333333333215
2.8713999999999364,0.033333333333333215
2.8730699999999363,0.033333333333333215
2.874739999999936,0.033333333333333215
2.876409999999936,0.033333333333333215
2.878079999999936,0.03333333333333366
2.8797499999999356,0.033333333333333215
2.8814199999999355,0.03333333333333366
2.8830899999999353,0.033333333333333215
2.884759999999935,0.03333333333333366
2.886429999999935,0.033333333333333215
2.888099999999935,0.03333333333333366
2.8897699999999347,0.033333333333333215
2.8914399999999345,0.03333333333333366
2.8931099999999343,0.033333333333333215
2.894779999999934,0.033333333333333215
2.896449999999934,0.033333333333333215
2.898119999999934,0.033333333333333215
2.8997899999999337,0.033333333333333215
2.9014599999999335,0.033333333333333215
2.9031299999999334,0.03333333333333366
2.904799999999933,0.033333333333333215
2.906469999999933,0.03333333333333366
2.908139999999933,0.033333333333333215
2.9098099999999327,0.03333333333333366
2.9114799999999326,0.033333333333333215
2.9131499999999324,0.03333333333333366
2.9148199999999322,0.033333333333333215
2.916489999999932,0.03333333333333366
2.918159999999932,0.033333333333333215
2.9198299999999318,0.033333333333333215
2.9214999999999316,0.033333333333333215
2.9231699999999314,0.033333333333333215
2.9248399999999313,0.033333333333333215
2.926509999999931,0.033333333333333215
2.928179999999931,0.03333333333333366
2.929849999999931,0.033333333333333215
2.9315199999999306,0.03333333333333366
2.9331899999999305,0.033333333333333215
2.9348599999999303,0.03333333333333366
2.93652999999993,0.033333333333333215
2.93819999999993,0.03333333333333366
2.93986999999993,0.033333333333333215
2.9415399999999297,0.03333333333333366
2.9432099999999295,0.033333333333333215
2.9448799999999293,0.033333333333333215
2.946549999999929,0.033333333333333215
2.948219999999929,0.033333333333333215
2.949889999999929,0.033333333333333215
2.9515599999999287,0.033333333333333215
2.9532299999999285,0.03333333333333366
2.9548999999999284,0.033333333333333215
2.956569999999928,0.03333333333333366
2.958239999999928,0.033333333333333215
2.959909999999928,0.03333333333333366
2.9615799999999277,0.033333333333333215
2.9632499999999276,0.03333333333333366
2.9649199999999274,0.033333333333333215
2.9665899999999272,0.03333333333333366
2.968259999999927,0.033333333333333215
2.969929999999927,0.033333333333333215
2.9715999999999267,0.033333333333333215
2.9732699999999266,0.033333333333333215
2.9749399999999264,0.033333333333333215
2.9766099999999263,0.033333333333333215
2.978279999999926,0.03333333333333366
2.979949999999926,0.033333333333333215
2.9816199999999258,0.03333333333333366
2.9832899999999256,0.033333333333333215
2.9849599999999255,0.03333333333333366
2.9866299999999253,0.033333333333333215
2.988299999999925,0.03333333333333366
2.989969999999925,0.033333333333333215
2.991639999999925,0.03333333333333366
2.9933099999999246,0.033333333333333215
2.9949799999999245,0.033333333333333215
2.9966499999999243,0.033333333333333215
2.998319999999924,0.033333333333333215
2.999989999999924,0.033333333333333215
3.001659999999924,0.033333333333333215
3.0033299999999237,0.03333333333333366
3.0049999999999235,0.033333333333333215
3.0066699999999233,0.03333333333333366
3.008339999999923,0.033333333333333215
3.010009999999923,0.03333333333333366
3.011679999999923,0.033333333333333215
3.0133499999999227,0.03333333333333366
3.0150199999999225,0.033333333333333215
3.0166899999999224,0.03333333333333366
3.018359999999922,0.033333333333333215
3.020029999999922,0.03333333333333366
3.021699999999922,0.033333333333333215
3.0233699999999217,0.033333333333333215
3.0250399999999216,0.033333333333333215
3.0267099999999214,0.033333333333333215
3.0283799999999212,0.033333333333333215
3.030049999999921,0.033333333333333215
3.031719999999921,0.03333333333333366
3.0333899999999208,0.033333333333333215
3.0350599999999206,0.03333333333333366
3.0367299999999204,0.033333333333333215
3.0383999999999203,0.03333333333333366
3.04006999999992,0.033333333333333215
3.04173999999992,0.03333333333333366
3.04340999999992,0.033333333333333215
3.0450799999999196,0.033333333333333215
3.0467499999999195,0.033333333333333215
3.0484199999999193,0.033333333333333215
3.050089999999919,0.033333333333333215
3.051759999999919,0.033333333333333215
3.053429999999919,0.03333333333333366
3.0550999999999187,0.033333333333333215
3.0567699999999185,0.03333333333333366
3.0584399999999183,0.033333333333333215
3.060109999999918,0.03333333333333366
3.061779999999918,0.033333333333333215
3.063449999999918,0.03333333333333366
3.0651199999999177,0.033333333333333215
3.0667899999999175,0.03333333333333366
3.0684599999999174,0.033333333333333215
3.070129999999917,0.03333333333333366
3.071799999999917,0.033333333333333215
3.073469999999917,0.033333333333333215
3.0751399999999167,0.033333333333333215
3.0768099999999166,0.033333333333333215
3.0784799999999164,0.033333333333333215
3.0801499999999162,0.033333333333333215
3.081819999999916,0.03333333333333366
3.083489999999916,0.033333333333333215
3.0851599999999157,0.03333333333333366
3.0868299999999156,0.033333333333333215
3.0884999999999154,0.03333333333333366
3.0901699999999153,0.033333333333333215
3.091839999999915,0.03333333333333366
3.093509999999915,0.033333333333333215
3.0951799999999148,0.033333333333333215
3.0968499999999146,0.033333333333333215
3.0985199999999145,0.033333333333333215
3.1001899999999143,0.033333333333333215
3.101859999999914,0.033333333333333215
3.103529999999914,0.03333333333333366
3.105199999999914,0.033333333333333215
3.1068699999999136,0.03333333333333366
3.1085399999999135,0.033333333333333215
3.1102099999999133,0.03333333333333366
3.111879999999913,0.033333333333333215
3.113549999999913,0.03333333333333366
3.115219999999913,0.033333333333333215
3.1168899999999127,0.03333333333333366
3.1185599999999125,0.033333333333333215
3.1202299999999124,0.03333333333333366
3.121899999999912,0.033333333333333215
3.123569999999912,0.033333333333333215
3.125239999999912,0.033333333333333215
3.1269099999999117,0.033333333333333215
3.1285799999999115,0.033333333333333215
3.1302499999999114,0.033333333333333215
3.131919999999911,0.03333333333333366
3.133589999999911,0.033333333333333215
3.135259999999911,0.03333333333333366
3.1369299999999107,0.033333333333333215
3.1385999999999106,0.03333333333333366
3.1402699999999104,0.033333333333333215
3.1419399999999102,0.03333333333333366
3.14360999999991,0.033333333333333215
3.14527999999991,0.033333333333333215
3.1469499999999098,0.033333333333333215
3.1486199999999096,0.033333333333333215
3.1502899999999094,0.033333333333333215
3.1519599999999093,0.033333333333333215
3.153629999999909,0.033333333333333215
3.155299999999909,0.033333333333333215
3.156969999999909,0.03333333333333366
3.1586399999999086,0.033333333333333215
3.1603099999999085,0.03333333333333366
3.1619799999999083,0.033333333333333215
3.163649999999908,0.03333333333333366
3.165319999999908,0.033333333333333215
3.166989999999908,0.03333333333333366
3.1686599999999077,0.033333333333333215
3.1703299999999075,0.03333333333333366
3.1719999999999073,0.033333333333333215
3.173669999999907,0.033333333333333215
3.175339999999907,0.033333333333333215
3.177009999999907,0.033333333333333215
3.1786799999999067,0.033333333333333215
3.1803499999999065,0.033333333333333215
3.1820199999999064,0.03333333333333366
3.183689999999906,0.033333333333333215
3.185359999999906,0.03333333333333366
3.187029999999906,0.033333333333333215
3.1886999999999057,0.03333333333333366
3.1903699999999056,0.033333333333333215
3.1920399999999054,0.03333333333333366
3.1937099999999052,0.033333333333333215
3.195379999999905,0.033333333333333215
3.197049999999905,0.033333333333333215
3.1987199999999048,0.033333333333333215
3.2003899999999046,0.033333333333333215
3.2020599999999044,0.033333333333333215
3.2037299999999043,0.033333333333333215
3.205399999999904,0.033333333333333215
3.207069999999904,0.03333333333333366
3.208739999999904,0.033333333333333215
3.2104099999999036,0.03333333333333366
3.2120799999999035,0.033333333333333215
3.2137499999999033,0.03333333333333366
3.215419999999903,0.033333333333333215
3.217089999999903,0.03333333333333366
3.218759999999903,0.033333333333333215
3.2204299999999026,0.03333333333333366
3.2220999999999025,0.033333333333333215
3.2237699999999023,0.033333333333333215
3.225439999999902,0.033333333333333215
3.227109999999902,0.033333333333333215
3.228779999999902,0.033333333333333215
3.2304499999999017,0.033333333333333215
3.2321199999999015,0.03333333333333366
3.2337899999999014,0.033333333333333215
3.235459999999901,0.03333333333333366
3.237129999999901,0.033333333333333215
3.238799999999901,0.03333333333333366
3.2404699999999007,0.033333333333333215
3.2421399999999005,0.03333333333333366
3.2438099999999004,0.033333333333333215
3.2454799999999002,0.033333333333333215
3.2471499999999,0.033333333333333215
3.2488199999999,0.033333333333333215
3.2504899999998997,0.033333333333333215
3.2521599999998996,0.033333333333333215
3.2538299999998994,0.033333333333333215
3.2554999999998993,0.033333333333333215
3.257169999999899,0.03333333333333366
3.258839999999899,0.033333333333333215
3.2605099999998988,0.03333333333333366
3.2621799999998986,0.033333333333333215
3.2638499999998984,0.03333333333333366
3.2655199999998983,0.033333333333333215
3.267189999999898,0.03333333333333366
3.268859999999898,0.033333333333333215
3.270529999999898,0.03333333333333366
3.2721999999998976,0.033333333333333215
3.2738699999998975,0.033333333333333215
3.2755399999998973,0.033333333333333215
3.277209999999897,0.033333333333333215
3.278879999999897,0.033333333333333215
3.280549999999897,0.033333333333333215
3.2822199999998967,0.03333333333333366
3.2838899999998965,0.033333333333333215
3.2855599999998963,0.03333333333333366
3.287229999999896,0.033333333333333215
3.288899999999896,0.03333333333333366
3.290569999999896,0.033333333333333215
3.2922399999998957,0.03333333333333366
3.2939099999998955,0.033333333333333215
3.2955799999998954,0.03333333333333366
3.297249999999895,0.033333333333333215
3.298919999999895,0.033333333333333215
3.300589999999895,0.033333333333333215
3.3022599999998947,0.033333333333333215
3.3039299999998946,0.033333333333333215
3.3055999999998944,0.033333333333333215
3.3072699999998942,0.03333333333333366
3.308939999999894,0.033333333333333215
3.310609999999894,0.03333333333333366
3.3122799999998938,0.033333333333333215
3.3139499999998936,0.03333333333333366
3.3156199999998934,0.033333333333333215
3.3172899999998933,0.03333333333333366
3.318959999999893,0.033333333333333215
3.320629999999893,0.03333333333333366
3.322299999999893,0.033333333333333215
3.3239699999998926,0.033333333333333215
3.3256399999998925,0.033333333333333215
3.3273099999998923,0.033333333333333215
3.328979999999892,0.033333333333333215
3.330649999999892,0.033333333333333215
3.332319999999892,0.03333333333333366
3.3339899999998917,0.033333333333333215
3.3356599999998915,0.03333333333333366
3.3373299999998913,0.033333333333333215
3.338999999999891,0.03333333333333366
3.340669999999891,0.033333333333333215
3.342339999999891,0.03333333333333366
3.3440099999998907,0.033333333333333215
3.3456799999998905,0.03333333333333366
3.3473499999998904,0.033333333333333215
3.34901999999989,0.033333333333333215
3.35068999999989,0.033333333333333215
3.35235999999989,0.033333333333333215
3.3540299999998897,0.033333333333333215
3.3556999999998895,0.033333333333333215
3.3573699999998894,0.03333333333333366
3.3590399999998892,0.033333333333333215
3.360709999999889,0.03333333333333366
3.362379999999889,0.033333333333333215
3.3640499999998887,0.03333333333333366
3.3657199999998886,0.033333333333333215
3.3673899999998884,0.03333333333333366
3.3690599999998883,0.033333333333333215
3.370729999999888,0.03333333333333366
3.372399999999888,0.033333333333333215
3.3740699999998878,0.033333333333333215
3.3757399999998876,0.033333333333333215
3.3774099999998874,0.033333333333333215
3.3790799999998873,0.033333333333333215
3.380749999999887,0.033333333333333215
3.382419999999887,0.03333333333333366
3.384089999999887,0.033333333333333215
3.3857599999998866,0.03333333333333366
3.3874299999998865,0.033333333333333215
3.3890999999998863,0.03333333333333366
3.390769999999886,0.033333333333333215
3.392439999999886,0.03333333333333366
3.394109999999886,0.033333333333333215
3.3957799999998857,0.03333333333333366
3.3974499999998855,0.033333333333333215
3.3991199999998853,0.033333333333333215
3.400789999999885,0.033333333333333215
3.402459999999885,0.033333333333333215
3.404129999999885,0.033333333333333215
3.4057999999998847,0.033333333333333215
3.4074699999998845,0.03333333333333366
3.4091399999998844,0.033333333333333215
3.410809999999884,0.03333333333333366
3.412479999999884,0.033333333333333215
3.414149999999884,0.03333333333333366
3.4158199999998837,0.033333333333333215
3.4174899999998836,0.03333333333333366
3.4191599999998834,0.033333333333333215
3.4208299999998832,0.03333333333333366
3.422499999999883,0.033333333333333215
3.424169999999883,0.033333333333333215
3.4258399999998828,0.033333333333333215
3.4275099999998826,0.033333333333333215
3.4291799999998824,0.033333333333333215
3.4308499999998823,0.033333333333333215
3.432519999999882,0.03333333333333366
3.434189999999882,0.033333333333333215
3.435859999999882,0.03333333333333366
3.4375299999998816,0.033333333333333215
3.4391999999998815,0.03333333333333366
3.4408699999998813,0.033333333333333215
3.442539999999881,0.03333333333333366
3.444209999999881,0.033333333333333215
3.445879999999881,0.03333333333333366
3.4475499999998807,0.033333333333333215
3.4492199999998805,0.033333333333333215
3.4508899999998803,0.033333333333333215
3.45255999999988,0.033333333333333215
3.45422999999988,0.033333333333333215
3.45589999999988,0.033333333333333215
3.4575699999998797,0.03333333333333366
3.4592399999998795,0.033333333333333215
3.4609099999998794,0.03333333333333366
3.462579999999879,0.033333333333333215
3.464249999999879,0.03333333333333366
3.465919999999879,0.033333333333333215
3.4675899999998787,0.03333333333333366
3.4692599999998786,0.033333333333333215
3.4709299999998784,0.03333333333333366
3.4725999999998782,0.033333333333333215
3.474269999999878,0.033333333333333215
3.475939999999878,0.033333333333333215
3.4776099999998777,0.033333333333333215
3.4792799999998776,0.033333333333333215
3.4809499999998774,0.033333333333333215
3.4826199999998773,0.03333333333333366
3.484289999999877,0.033333333333333215
3.485959999999877,0.03333333333333366
3.4876299999998768,0.033333333333333215
3.4892999999998766,0.03333333333333366
3.4909699999998764,0.033333333333333215
3.4926399999998763,0.03333333333333366
3.494309999999876,0.033333333333333215
3.495979999999876,0.03333333333333366
3.497649999999876,0.033333333333333215
3.4993199999998756,0.033333333333333215
3.5009899999998755,0.033333333333333215
3.5026599999998753,0.033333333333333215
3.504329999999875,0.033333333333333215
3.505999999999875,0.033333333333333215
3.507669999999875,0.03333333333333366
3.5093399999998747,0.033333333333333215
3.5110099999998745,0.03333333333333366
3.5126799999998743,0.033333333333333215
3.514349999999874,0.03333333333333366
3.516019999999874,0.033333333333333215
3.517689999999874,0.03333333333333366
3.5193599999998737,0.033333333333333215
3.5210299999998735,0.03333333333333366
3.5226999999998734,0.033333333333333215
3.524369999999873,0.033333333333333215
3.526039999999873,0.033333333333333215
3.527709999999873,0.033333333333333215
3.5293799999998727,0.033333333333333215
3.5310499999998726,0.033333333333333215
3.5327199999998724,0.03333333333333366
3.5343899999998722,0.033333333333333215
3.536059999999872,0.03333333333333366
3.537729999999872,0.033333333333333215
3.5393999999998718,0.03333333333333366
3.5410699999998716,0.033333333333333215
3.5427399999998714,0.03333333333333366
3.5444099999998713,0.033333333333333215
3.546079999999871,0.03333333333333366
3.547749999999871,0.033333333333333215
3.549419999999871,0.033333333333333215
3.5510899999998706,0.033333333333333215
3.5527599999998705,0.033333333333333215
3.5544299999998703,0.033333333333333215
3.55609999999987,0.033333333333333215
3.55776999999987,0.03333333333333366
3.55943999999987,0.033333333333333215
3.5611099999998697,0.03333333333333366
3.5627799999998695,0.033333333333333215
3.5644499999998693,0.03333333333333366
3.566119999999869,0.033333333333333215
3.567789999999869,0.03333333333333366
3.569459999999869,0.033333333333333215
3.5711299999998687,0.03333333333333366
3.5727999999998685,0.033333333333333215
3.5744699999998684,0.033333333333333215
3.576139999999868,0.033333333333333215
3.577809999999868,0.033333333333333215
3.579479999999868,0.033333333333333215
3.5811499999998677,0.033333333333333215
3.5828199999998676,0.03333333333333366
3.5844899999998674,0.033333333333333215
3.5861599999998672,0.03333333333333366
3.587829999999867,0.033333333333333215
3.589499999999867,0.03333333333333366
3.5911699999998667,0.033333333333333215
3.5928399999998666,0.03333333333333366
3.5945099999998664,0.033333333333333215
3.5961799999998663,0.03333333333333366
3.597849999999866,0.033333333333333215
3.599519999999866,0.033333333333333215
3.6011899999998658,0.033333333333333215
3.6028599999998656,0.033333333333333215
3.6045299999998655,0.033333333333333215
3.6061999999998653,0.033333333333333215
3.607869999999865,0.03333333333333366
3.609539999999865,0.033333333333333215
3.611209999999865,0.03333333333333366
3.6128799999998646,0.033333333333333215
3.6145499999998645,0.03333333333333366
3.6162199999998643,0.033333333333333215
3.617889999999864,0.03333333333333366
3.619559999999864,0.033333333333333215
3.621229999999864,0.03333333333333366
3.6228999999998637,0.033333333333333215
3.6245699999998635,0.033333333333333215
3.6262399999998634,0.033333333333333215
3.627909999999863,0.033333333333333215
3.629579999999863,0.033333333333333215
3.631249999999863,0.033333333333333215
3.6329199999998627,0.03333333333333366
3.6345899999998625,0.033333333333333215
3.6362599999998624,0.03333333333333366
3.637929999999862,0.033333333333333215
3.639599999999862,0.03333333333333366
3.641269999999862,0.033333333333333215
3.6429399999998617,0.03333333333333366
3.6446099999998616,0.033333333333333215
3.6462799999998614,0.03333333333333366
3.6479499999998612,0.033333333333333215
3.649619999999861,0.033333333333333215
3.651289999999861,0.033333333333333215
3.6529599999998608,0.033333333333333215
3.6546299999998606,0.033333333333333215
3.6562999999998604,0.033333333333333215
3.6579699999998603,0.03333333333333366
3.65963999999986,0.033333333333333215
3.66130999999986,0.03333333333333366
3.66297999999986,0.033333333333333215
3.6646499999998596,0.03333333333333366
3.6663199999998595,0.033333333333333215
3.6679899999998593,0.03333333333333366
3.669659999999859,0.033333333333333215
3.671329999999859,0.03333333333333366
3.672999999999859,0.033333333333333215
3.6746699999998587,0.033333333333333215
3.6763399999998585,0.033333333333333215
3.6780099999998583,0.033333333333333215
3.679679999999858,0.033333333333333215
3.681349999999858,0.033333333333333215
3.683019999999858,0.03333333333333366
3.6846899999998577,0.033333333333333215
3.6863599999998575,0.03333333333333366
3.6880299999998574,0.033333333333333215
3.689699999999857,0.03333333333333366
3.691369999999857,0.033333333333333215
3.693039999999857,0.03333333333333366
3.6947099999998567,0.033333333333333215
3.6963799999998566,0.03333333333333366
3.6980499999998564,0.033333333333333215
3.6997199999998562,0.033333333333333215
3.701389999999856,0.033333333333333215
3.703059999999856,0.033333333333333215
3.7047299999998557,0.033333333333333215
3.7063999999998556,0.033333333333333215
3.7080699999998554,0.03333333333333366
3.7097399999998553,0.033333333333333215
3.711409999999855,0.03333333333333366
3.713079999999855,0.033333333333333215
3.714749999999855,0.03333333333333366
3.7164199999998546,0.033333333333333215
3.7180899999998545,0.03333333333333366
3.7197599999998543,0.033333333333333215
3.721429999999854,0.03333333333333366
3.723099999999854,0.033333333333333215
3.724769999999854,0.033333333333333215
3.7264399999998536,0.033333333333333215
3.7281099999998535,0.033333333333333215
3.7297799999998533,0.033333333333333215
3.731449999999853,0.033333333333333215
3.733119999999853,0.03333333333333366
3.734789999999853,0.033333333333333215
3.7364599999998527,0.03333333333333366
3.7381299999998525,0.033333333333333215
3.7397999999998524,0.03333333333333366
3.741469999999852,0.033333333333333215
3.743139999999852,0.03333333333333366
3.744809999999852,0.033333333333333215
3.7464799999998517,0.03333333333333366
3.7481499999998515,0.033333333333333215
3.7498199999998514,0.033333333333333215
3.751489999999851,0.033333333333333215
3.753159999999851,0.033333333333333215
3.754829999999851,0.033333333333333215
3.7564999999998507,0.033333333333333215
3.7581699999998506,0.03333333333333366
3.7598399999998504,0.033333333333333215
3.7615099999998503,0.03333333333333366
3.76317999999985,0.033333333333333215
3.76484999999985,0.03333333333333366
3.7665199999998498,0.033333333333333215
3.7681899999998496,0.03333333333333366
3.7698599999998494,0.033333333333333215
3.7715299999998493,0.03333333333333366
3.773199999999849,0.033333333333333215
3.774869999999849,0.033333333333333215
3.776539999999849,0.033333333333333215
3.7782099999998486,0.033333333333333215
3.7798799999998485,0.033333333333333215
3.7815499999998483,0.033333333333333215
3.783219999999848,0.03333333333333366
3.784889999999848,0.033333333333333215
3.786559999999848,0.03333333333333366
3.7882299999998477,0.033333333333333215
3.7898999999998475,0.03333333333333366
3.7915699999998473,0.033333333333333215
3.793239999999847,0.03333333333333366
3.794909999999847,0.033333333333333215
3.796579999999847,0.03333333333333366
3.7982499999998467,0.033333333333333215
3.7999199999998465,0.033333333333333215
3.8015899999998464,0.033333333333333215
3.803259999999846,0.033333333333333215
3.804929999999846,0.033333333333333215
3.806599999999846,0.033333333333333215
3.8082699999998457,0.03333333333333366
3.8099399999998456,0.033333333333333215
3.8116099999998454,0.03333333333333366
3.8132799999998452,0.033333333333333215
3.814949999999845,0.03333333333333366
3.816619999999845,0.033333333333333215
3.8182899999998448,0.03333333333333366
3.8199599999998446,0.033333333333333215
3.8216299999998444,0.03333333333333366
3.8232999999998443,0.033333333333333215
3.824969999999844,0.033333333333333215
3.826639999999844,0.033333333333333215
3.828309999999844,0.033333333333333215
3.8299799999998436,0.033333333333333215
3.8316499999998435,0.033333333333333215
3.8333199999998433,0.03333333333333366
3.834989999999843,0.033333333333333215
3.836659999999843,0.03333333333333366
3.838329999999843,0.033333333333333215
3.8399999999998427,0.03333333333333366
3.8416699999998425,0.033333333333333215
3.8433399999998423,0.03333333333333366
3.845009999999842,0.033333333333333215
3.846679999999842,0.03333333333333366
3.848349999999842,0.033333333333333215
3.8500199999998417,0.033333333333333215
3.8516899999998415,0.033333333333333215
3.8533599999998414,0.033333333333333215
3.855029999999841,0.033333333333333215
3.856699999999841,0.033333333333333215
3.858369999999841,0.03333333333333366
3.8600399999998407,0.033333333333333215
3.8617099999998405,0.03333333333333366
3.8633799999998404,0.033333333333333215
3.8650499999998402,0.03333333333333366
3.86671999999984,0.033333333333333215
3.86838999999984,0.03333333333333366
3.8700599999998397,0.033333333333333215
3.8717299999998396,0.03333333333333366
3.8733999999998394,0.033333333333333215
3.8750699999998393,0.033333333333333215
3.876739999999839,0.033333333333333215
3.878409999999839,0.033333333333333215
3.8800799999998388,0.033333333333333215
3.8817499999998386,0.033333333333333215
3.8834199999998384,0.03333333333333366
3.8850899999998383,0.033333333333333215
3.886759999999838,0.03333333333333366
3.888429999999838,0.033333333333333215
3.890099999999838,0.03333333333333366
3.8917699999998376,0.033333333333333215
3.8934399999998375,0.03333333333333366
3.8951099999998373,0.033333333333333215
3.896779999999837,0.03333333333333366
3.898449999999837,0.033333333333333215
3.900119999999837,0.033333333333333215
3.9017899999998367,0.033333333333333215
3.9034599999998365,0.033333333333333215
3.9051299999998363,0.033333333333333215
3.906799999999836,0.033333333333333215
3.908469999999836,0.03333333333333366
3.910139999999836,0.033333333333333215
3.9118099999998357,0.03333333333333366
3.9134799999998355,0.033333333333333215
3.9151499999998354,0.03333333333333366
3.916819999999835,0.033333333333333215
3.918489999999835,0.03333333333333366
3.920159999999835,0.033333333333333215
3.9218299999998347,0.03333333333333366
3.9234999999998346,0.033333333333333215
3.9251699999998344,0.033333333333333215
3.9268399999998342,0.033333333333333215
3.928509999999834,0.033333333333333215
3.930179999999834,0.033333333333333215
3.9318499999998338,0.033333333333333215
3.9335199999998336,0.03333333333333366
3.9351899999998334,0.033333333333333215
3.9368599999998333,0.03333333333333366
3.938529999999833,0.033333333333333215
3.940199999999833,0.03333333333333366
3.941869999999833,0.033333333333333215
3.9435399999998326,0.03333333333333366
3.9452099999998325,0.033333333333333215
3.9468799999998323,0.03333333333333366
3.948549999999832,0.033333333333333215
3.950219999999832,0.033333333333333215
3.951889999999832,0.033333333333333215
3.9535599999998317,0.033333333333333215
3.9552299999998315,0.033333333333333215
3.9568999999998313,0.033333333333333215
3.958569999999831,0.03333333333333366
3.960239999999831,0.033333333333333215
3.961909999999831,0.03333333333333366
3.9635799999998307,0.033333333333333215
3.9652499999998305,0.03333333333333366
3.9669199999998304,0.033333333333333215
3.96858999999983,0.03333333333333366
3.97025999999983,0.033333333333333215
3.97192999999983,0.03333333333333366
3.9735999999998297,0.033333333333333215
3.9752699999998296,0.033333333333333215
3.9769399999998294,0.033333333333333215
3.9786099999998292,0.033333333333333215
3.980279999999829,0.033333333333333215
3.981949999999829,0.033333333333333215
3.9836199999998287,0.03333333333333366
3.9852899999998286,0.033333333333333215
3.9869599999998284,0.03333333333333366
3.9886299999998283,0.033333333333333215
3.990299999999828,0.03333333333333366
3.991969999999828,0.033333333333333215
3.9936399999998278,0.03333333333333366
3.9953099999998276,0.033333333333333215
3.9969799999998274,0.03333333333333366
3.9986499999998273,0.033333333333333215
4.000319999999827,0.03333333333333366
4.001989999999827,0.033333333333333215
4.003659999999827,0.033333333333333215
4.005329999999827,0.033333333333333215
4.0069999999998265,0.033333333333333215
4.008669999999826,0.033333333333333215
4.010339999999826,0.033333333333333215
4.012009999999826,0.03333333333333366
4.013679999999826,0.033333333333333215
4.015349999999826,0.03333333333333366
4.0170199999998255,0.033333333333333215
4.018689999999825,0.03333333333333366
4.020359999999825,0.033333333333333215
4.022029999999825,0.03333333333333366
4.023699999999825,0.033333333333333215
4.025369999999825,0.033333333333333215
4.0270399999998245,0.033333333333333215
4.028709999999824,0.033333333333333215
4.030379999999824,0.033333333333333215
4.032049999999824,0.033333333333333215
4.033719999999824,0.03333333333333366
4.035389999999824,0.033333333333333215
4.037059999999824,0.03333333333333366
4.038729999999823,0.033333333333333215
4.040399999999823,0.03333333333333366
4.042069999999823,0.033333333333333215
4.043739999999823,0.03333333333333366
4.045409999999823,0.033333333333333215
4.047079999999823,0.03333333333333366
4.048749999999822,0.033333333333333215
4.050419999999822,0.03333333333333366
4.052089999999822,0.033333333333333215
4.053759999999822,0.033333333333333215
4.055429999999822,0.033333333333333215
4.057099999999822,0.033333333333333215
4.0587699999998215,0.033333333333333215
4.060439999999821,0.033333333333333215
4.062109999999821,0.03333333333333366
4.063779999999821,0.033333333333333215
4.065449999999821,0.03333333333333366
4.067119999999821,0.033333333333333215
4.0687899999998205,0.03333333333333366
4.07045999999982,0.033333333333333215
4.07212999999982,0.03333333333333366
4.07379999999982,0.033333333333333215
4.07546999999982,0.033333333333333215
4.07713999999982,0.033333333333333215
4.0788099999998195,0.033333333333333215
4.080479999999819,0.033333333333333215
4.082149999999819,0.033333333333333215
4.083819999999819,0.03333333333333366
4.085489999999819,0.033333333333333215
4.087159999999819,0.03333333333333366
4.0888299999998186,0.033333333333333215
4.090499999999818,0.03333333333333366
4.092169999999818,0.033333333333333215
4.093839999999818,0.03333333333333366
4.095509999999818,0.033333333333333215
4.097179999999818,0.03333333333333366
4.098849999999818,0.033333333333333215
4.100519999999817,0.03333333333333366
4.102189999999817,0.033333333333333215
4.103859999999817,0.033333333333333215
4.105529999999817,0.033333333333333215
4.107199999999817,0.033333333333333215
4.108869999999817,0.033333333333333215
4.1105399999998165,0.033333333333333215
4.112209999999816,0.03333333333333366
4.113879999999816,0.033333333333333215
4.115549999999816,0.03333333333333366
4.117219999999816,0.033333333333333215
4.118889999999816,0.03333333333333366
4.1205599999998155,0.033333333333333215
4.122229999999815,0.03333333333333366
4.123899999999815,0.033333333333333215
4.125569999999815,0.033333333333333215
4.127239999999815,0.033333333333333215
4.128909999999815,0.033333333333333215
4.1305799999998145,0.033333333333333215
4.132249999999814,0.033333333333333215
4.133919999999814,0.03333333333333366
4.135589999999814,0.033333333333333215
4.137259999999814,0.03333333333333366
4.138929999999814,0.033333333333333215
4.1405999999998135,0.03333333333333366
4.142269999999813,0.033333333333333215
4.143939999999813,0.03333333333333366
4.145609999999813,0.033333333333333215
4.147279999999813,0.03333333333333366
4.148949999999813,0.033333333333333215
4.150619999999813,0.03333333333333366
4.152289999999812,0.033333333333333215
4.153959999999812,0.033333333333333215
4.155629999999812,0.033333333333333215
4.157299999999812,0.033333333333333215
4.158969999999812,0.033333333333333215
4.160639999999812,0.033333333333333215
4.162309999999811,0.03333333333333366
4.163979999999811,0.033333333333333215
4.165649999999811,0.03333333333333366
4.167319999999811,0.033333333333333215
4.168989999999811,0.03333333333333366
4.170659999999811,0.033333333333333215
4.1723299999998105,0.03333333333333366
4.17399999999981,0.033333333333333215
4.17566999999981,0.033333333333333215
4.17733999999981,0.033333333333333215
4.17900999999981,0.033333333333333215
4.18067999999981,0.033333333333333215
4.1823499999998095,0.033333333333333215
4.184019999999809,0.03333333333333366
4.185689999999809,0.033333333333333215
4.187359999999809,0.03333333333333366
4.189029999999809,0.033333333333333215
4.190699999999809,0.03333333333333366
4.1923699999998085,0.033333333333333215
4.194039999999808,0.03333333333333366
4.195709999999808,0.033333333333333215
4.197379999999808,0.03333333333333366
4.199049999999808,0.033333333333333215
4.200719999999808,0.03333333333333366
4.202389999999808,0.033333333333333215
4.204059999999807,0.033333333333333215
4.205729999999807,0.033333333333333215
4.207399999999807,0.033333333333333215
4.209069999999807,0.033333333333333215
4.210739999999807,0.033333333333333215
4.212409999999807,0.03333333333333366
4.214079999999806,0.033333333333333215
4.215749999999806,0.03333333333333366
4.217419999999806,0.033333333333333215
4.219089999999806,0.03333333333333366
4.220759999999806,0.033333333333333215
4.222429999999806,0.03333333333333366
4.2240999999998055,0.033333333333333215
4.225769999999805,0.033333333333333215
4.227439999999805,0.033333333333333215
4.229109999999805,0.033333333333333215
4.230779999999805,0.033333333333333215
4.232449999999805,0.033333333333333215
4.2341199999998045,0.03333333333333366
4.235789999999804,0.033333333333333215
4.237459999999804,0.03333333333333366
4.239129999999804,0.033333333333333215
4.240799999999804,0.03333333333333366
4.242469999999804,0.033333333333333215
4.2441399999998035,0.03333333333333366
4.245809999999803,0.033333333333333215
4.247479999999803,0.03333333333333366
4.249149999999803,0.033333333333333215
4.250819999999803,0.03333333333333366
4.252489999999803,0.033333333333333215
4.2541599999998025,0.033333333333333215
4.255829999999802,0.033333333333333215
4.257499999999802,0.033333333333333215
4.259169999999802,0.033333333333333215
4.260839999999802,0.033333333333333215
4.262509999999802,0.03333333333333366
4.264179999999802,0.033333333333333215
4.265849999999801,0.03333333333333366
4.267519999999801,0.033333333333333215
4.269189999999801,0.03333333333333366
4.270859999999801,0.033333333333333215
4.272529999999801,0.03333333333333366
4.274199999999801,0.033333333333333215
4.2758699999998,0.033333333333333215
4.2775399999998,0.033333333333333215
4.2792099999998,0.033333333333333215
4.2808799999998,0.033333333333333215
4.2825499999998,0.033333333333333215
4.2842199999998,0.033333333333333215
4.2858899999997995,0.033333333333333215
4.287559999999799,0.03333333333333366
4.289229999999799,0.033333333333333215
4.290899999999799,0.03333333333333366
4.292569999999799,0.033333333333333215
4.294239999999799,0.03333333333333366
4.2959099999997985,0.033333333333333215
4.297579999999798,0.03333333333333366
4.299249999999798,0.033333333333333215
4.300919999999798,0.03333333333333366
4.302589999999798,0.033333333333333215
4.304259999999798,0.033333333333333215
4.3059299999997975,0.033333333333333215
4.307599999999797,0.033333333333333215
4.309269999999797,0.033333333333333215
4.310939999999797,0.033333333333333215
4.312609999999797,0.03333333333333366
4.314279999999797,0.033333333333333215
4.315949999999797,0.03333333333333366
4.317619999999796,0.033333333333333215
4.319289999999796,0.03333333333333366
4.320959999999796,0.033333333333333215
4.322629999999796,0.03333333333333366
4.324299999999796,0.033333333333333215
4.325969999999796,0.033333333333333215
4.327639999999795,0.033333333333333215
4.329309999999795,0.033333333333333215
4.330979999999795,0.033333333333333215
4.332649999999795,0.033333333333333215
4.334319999999795,0.033333333333333215
4.335989999999795,0.033333333333333215
4.3376599999997945,0.03333333333333366
4.339329999999794,0.033333333333333215
4.340999999999794,0.03333333333333366
4.342669999999794,0.033333333333333215
4.344339999999794,0.03333333333333366
4.346009999999794,0.033333333333333215
4.3476799999997935,0.03333333333333366
4.349349999999793,0.033333333333333215
4.351019999999793,0.03333333333333366
4.352689999999793,0.033333333333333215
4.354359999999793,0.033333333333333215
4.356029999999793,0.033333333333333215
4.3576999999997925,0.033333333333333215
4.359369999999792,0.033333333333333215
4.361039999999792,0.033333333333333215
4.362709999999792,0.03333333333333366
4.364379999999792,0.033333333333333215
4.366049999999792,0.03333333333333366
4.3677199999997915,0.033333333333333215
4.369389999999791,0.03333333333333366
4.371059999999791,0.033333333333333215
4.372729999999791,0.03333333333333366
4.374399999999791,0.033333333333333215
4.376069999999791,0.033333333333333215
4.377739999999791,0.033333333333333215
4.37940999999979,0.033333333333333215
4.38107999999979,0.033333333333333215
4.38274999999979,0.033333333333333215
4.38441999999979,0.033333333333333215
4.38608999999979,0.033333333333333215
4.38775999999979,0.03333333333333366
4.3894299999997894,0.033333333333333215
4.391099999999789,0.03333333333333366
4.392769999999789,0.033333333333333215
4.394439999999789,0.03333333333333366
4.396109999999789,0.033333333333333215
4.397779999999789,0.03333333333333366
4.3994499999997885,0.033333333333333215
4.401119999999788,0.03333333333333366
4.402789999999788,0.033333333333333215
4.404459999999788,0.033333333333333215
4.406129999999788,0.033333333333333215
4.407799999999788,0.033333333333333215
4.4094699999997875,0.033333333333333215
4.411139999999787,0.033333333333333215
4.412809999999787,0.03333333333333366
4.414479999999787,0.033333333333333215
4.416149999999787,0.03333333333333366
4.417819999999787,0.033333333333333215
4.4194899999997865,0.03333333333333366
4.421159999999786,0.033333333333333215
4.422829999999786,0.03333333333333366
4.424499999999786,0.033333333333333215
4.426169999999786,0.033333333333333215
4.427839999999786,0.033333333333333215
4.429509999999786,0.033333333333333215
4.431179999999785,0.033333333333333215
4.432849999999785,0.033333333333333215
4.434519999999785,0.033333333333333215
4.436189999999785,0.033333333333333215
4.437859999999785,0.03333333333333366
4.439529999999785,0.033333333333333215
4.441199999999784,0.03333333333333366
4.442869999999784,0.033333333333333215
4.444539999999784,0.03333333333333366
4.446209999999784,0.033333333333333215
4.447879999999784,0.03333333333333366
4.449549999999784,0.033333333333333215
4.4512199999997835,0.03333333333333366
4.452889999999783,0.033333333333333215
4.454559999999783,0.033333333333333215
4.456229999999783,0.033333333333333215
4.457899999999783,0.033333333333333215
4.459569999999783,0.033333333333333215
4.4612399999997825,0.033333333333333215
4.462909999999782,0.03333333333333366
4.464579999999782,0.033333333333333215
4.466249999999782,0.03333333333333366
4.467919999999782,0.033333333333333215
4.469589999999782,0.03333333333333366
4.4712599999997815,0.033333333333333215
4.472929999999781,0.03333333333333366
4.474599999999781,0.033333333333333215
4.476269999999781,0.03333333333333366
4.477939999999781,0.033333333333333215
4.479609999999781,0.033333333333333215
4.4812799999997806,0.033333333333333215
4.48294999999978,0.033333333333333215
4.48461999999978,0.033333333333333215
4.48628999999978,0.033333333333333215
4.48795999999978,0.03333333333333366
4.48962999999978,0.033333333333333215
4.49129999999978,0.03333333333333366
4.492969999999779,0.033333333333333215
4.494639999999779,0.03333333333333366
4.496309999999779,0.033333333333333215
4.497979999999779,0.03333333333333366
4.499649999999779,0.033333333333333215
4.501319999999779,0.035401333332986784
4.5029899999997784,0.03801766666631945
4.504659999999778,0.04063399999965256
4.506329999999778,0.04325033333298567
4.507999999999778,0.04586666666631878
4.509669999999778,0.04848299999965189
4.511339999999778,0.051099333332985
4.5130099999997775,0.05371566666631811
4.514679999999777,0.05633199999965122
4.516349999999777,0.058948333332984326
4.518019999999777,0.061564666666317436
4.519689999999777,0.06418099999965055
4.521359999999777,0.06679733333298321
4.5230299999997765,0.06941366666631676
4.524699999999776,0.07202999999964943
4.526369999999776,0.07464633333298298
4.528039999999776,0.07726266666631565
4.529709999999776,0.07987899999964876
4.531379999999776,0.08249533333298187
4.5330499999997755,0.08511166666631498
4.534719999999775,0.08772799999964809
4.536389999999775,0.0903443333329812
4.538059999999775,0.09296066666631475
4.539729999999775,0.09557699999964742
4.541399999999775,0.09819333333298053
4.543069999999775,0.10080966666631364
4.544739999999774,0.10342599999964674
4.546409999999774,0.10604233333297985
4.548079999999774,0.10865866666631296
4.549749999999774,0.11127499999964563
4.551419999999774,0.11389133333297918
4.553089999999774,0.11650766666631185
4.554759999999773,0.1191239999996454
4.556429999999773,0.12174033333297807
4.558099999999773,0.12435666666631118
4.559769999999773,0.1269729999996443
4.561439999999773,0.1295893333329774
4.563109999999773,0.13220566666631095
4.5647799999997725,0.13482199999964362
4.566449999999772,0.13743833333297673
4.568119999999772,0.14005466666630983
4.569789999999772,0.14267099999964294
4.571459999999772,0.14528733333297605
4.573129999999772,0.14790366666630916
4.5747999999997715,0.15051999999964183
4.576469999999771,0.15313633333297538
4.578139999999771,0.15575266666630805
4.579809999999771,0.1583689999996416
4.581479999999771,0.16098533333297427
4.583149999999771,0.16360166666630738
4.5848199999997705,0.1662179999996405
4.58648999999977,0.1688343333329736
4.58815999999977,0.17145066666630715
4.58982999999977,0.17406699999963982
4.59149999999977,0.17668333333297337
4.59316999999977,0.17929966666630603
4.5948399999997696,0.18191599999963914
4.596509999999769,0.18453233333297225
4.598179999999769,0.18714866666630536
4.599849999999769,0.18976499999963847
4.601519999999769,0.19238133333297158
4.603189999999769,0.19499766666630425
4.604859999999769,0.1976139999996378
4.606529999999768,0.20023033333297047
4.608199999999768,0.20284666666630402
4.609869999999768,0.2054629999996367
4.611539999999768,0.2080793333329698
4.613209999999768,0.21069566666630335
4.614879999999768,0.21331199999963601
4.6165499999997675,0.21592833333296957
4.618219999999767,0.21854466666630223
4.619889999999767,0.22116099999963534
4.621559999999767,0.22377733333296845
4.623229999999767,0.22639366666630156
4.624899999999767,0.22900999999963467
4.6265699999997665,0.23162633333296778
4.628239999999766,0.23424266666630045
4.629909999999766,0.236858999999634
4.631579999999766,0.23947533333296667
4.633249999999766,0.24209166666630022
4.634919999999766,0.24470799999963289
4.6365899999997655,0.247324333332966
4.638259999999765,0.24994066666629955
4.639929999999765,0.2525569999996322
4.641599999999765,0.25517333333296577
4.643269999999765,0.25778966666629843
4.644939999999765,0.26040599999963154
4.6466099999997645,0.26302233333296465
4.648279999999764,0.26563866666629776
4.649949999999764,0.26825499999963087
4.651619999999764,0.270871333332964
4.653289999999764,0.27348766666629665
4.654959999999764,0.2761039999996302
4.656629999999764,0.27872033333296287
4.658299999999763,0.2813366666662964
4.659969999999763,0.2839529999996291
4.661639999999763,0.28656933333296264
4.663309999999763,0.28918566666629575
4.664979999999763,0.2918019999996284
4.666649999999763,0.29441833333296197
4.668319999999762,0.29703466666629463
4.669989999999762,0.2996509999996282
4.671659999999762,0.30226733333296085
4.673329999999762,0.30488366666629396
4.674999999999762,0.30749999999962707
4.676669999999762,0.3101163333329602
4.6783399999997615,0.3127326666662933
4.680009999999761,0.3153489999996264
4.681679999999761,0.31796533333295907
4.683349999999761,0.3205816666662926
4.685019999999761,0.3231979999996253
4.686689999999761,0.32581433333295884
4.6883599999997605,0.32843066666629195
4.69002999999976,0.3310469999996246
4.69169999999976,0.33366333333295817
4.69336999999976,0.33627966666629083
4.69503999999976,0.3388959999996244
4.69670999999976,0.34151233333295705
4.6983799999997595,0.34412866666629016
4.700049999999759,0.34674499999962327
4.701719999999759,0.3493613333329564
4.703389999999759,0.35197766666628905
4.705059999999759,0.3545939999996226
4.706729999999759,0.35721033333295527
4.708399999999759,0.3598266666662888
4.710069999999758,0.3624429999996215
4.711739999999758,0.3650593333329546
4.713409999999758,0.36767566666628815
4.715079999999758,0.3702919999996208
4.716749999999758,0.3729083333329539
4.718419999999758,0.37552466666628703
4.720089999999757,0.37814099999962014
4.721759999999757,0.38075733333295325
4.723429999999757,0.38337366666628636
4.725099999999757,0.385989999999619
4.726769999999757,0.3886063333329526
4.728439999999757,0.39122266666628525
4.7301099999997565,0.39383899999961836
4.731779999999756,0.39645533333295147
4.733449999999756,0.3990716666662846
4.735119999999756,0.4016879999996177
4.736789999999756,0.4043043333329508
4.738459999999756,0.4069206666662839
4.7401299999997555,0.409536999999617
4.741799999999755,0.4121533333329501
4.743469999999755,0.4147696666662828
4.745139999999755,0.41738599999961634
4.746809999999755,0.420002333332949
4.748479999999755,0.42261866666628256
4.7501499999997545,0.4252349999996152
4.751819999999754,0.42785133333294834
4.753489999999754,0.43046766666628145
4.755159999999754,0.43308399999961456
4.756829999999754,0.43570033333294766
4.758499999999754,0.4383166666662808
4.7601699999997535,0.44093299999961344
4.761839999999753,0.443549333332947
4.763509999999753,0.4461656666662801
4.765179999999753,0.4487819999996132
4.766849999999753,0.4513983333329463
4.768519999999753,0.454014666666279
4.770189999999753,0.45663099999961254
4.771859999999752,0.4592473333329452
4.773529999999752,0.46186366666627876
4.775199999999752,0.4644799999996114
4.776869999999752,0.46709633333294454
4.778539999999752,0.46971266666627765
4.780209999999752,0.47232899999961075
4.781879999999751,0.47494533333294386
4.783549999999751,0.477561666666277
4.785219999999751,0.4801779999996101
4.786889999999751,0.4827943333329432
4.788559999999751,0.4854106666662763
4.790229999999751,0.4880269999996094
4.7918999999997505,0.4906433333329425
4.79356999999975,0.49325966666627563
4.79523999999975,0.49587599999960874
4.79690999999975,0.4984923333329414
4.79857999999975,0.501108666666275
4.80024999999975,0.5037249999996076
4.8019199999997495,0.5063413333329412
4.803589999999749,0.5089576666662738
4.805259999999749,0.511573999999607
4.806929999999749,0.5141903333329401
4.808599999999749,0.5168066666662732
4.810269999999749,0.5194229999996063
4.8119399999997485,0.5220393333329394
4.813609999999748,0.5246556666662725
4.815279999999748,0.5272719999996056
4.816949999999748,0.5298883333329387
4.818619999999748,0.5325046666662718
4.820289999999748,0.5351209999996049
4.821959999999748,0.5377373333329376
4.823629999999747,0.5403536666662712
4.825299999999747,0.5429699999996038
4.826969999999747,0.5455863333329374
4.828639999999747,0.54820266666627
4.830309999999747,0.5508189999996032
4.831979999999747,0.5534353333329363
4.833649999999746,0.5560516666662694
4.835319999999746,0.5586679999996025
4.836989999999746,0.5612843333329356
4.838659999999746,0.5639006666662687
4.840329999999746,0.5665169999996018
4.841999999999746,0.5691333333329349
4.8436699999997455,0.571749666666268
4.845339999999745,0.5743659999996011
4.847009999999745,0.5769823333329342
4.848679999999745,0.5795986666662674
4.850349999999745,0.5822149999996
4.852019999999745,0.5848313333329336
4.8536899999997445,0.5874476666662662
4.855359999999744,0.5900639999995998
4.857029999999744,0.5926803333329325
4.858699999999744,0.5952966666662656
4.860369999999744,0.5979129999995987
4.862039999999744,0.6005293333329318
4.8637099999997435,0.6031456666662653
4.865379999999743,0.605761999999598
4.867049999999743,0.6083783333329311
4.868719999999743,0.6109946666662642
4.870389999999743,0.6136109999995973
4.872059999999743,0.6162273333329304
4.8737299999997425,0.6188436666662636
4.875399999999742,0.6214599999995962
4.877069999999742,0.6240763333329298
4.878739999999742,0.6266926666662624
4.880409999999742,0.629308999999596
4.882079999999742,0.6319253333329287
4.883749999999742,0.6345416666662618
4.885419999999741,0.6371579999995949
4.887089999999741,0.639774333332928
4.888759999999741,0.6423906666662615
4.890429999999741,0.6450069999995942
4.892099999999741,0.6476233333329273
4.893769999999741,0.6502396666662604
4.89543999999974,0.6528559999995935
4.89710999999974,0.6554723333329266
4.89877999999974,0.6580886666662598
4.90044999999974,0.6607049999995924
4.90211999999974,0.663321333332926
4.90378999999974,0.6659376666662586
4.9054599999997395,0.6685539999995922
4.907129999999739,0.6711703333329249
4.908799999999739,0.6737866666662584
4.910469999999739,0.6764029999995911
4.912139999999739,0.6790193333329242
4.913809999999739,0.6816356666662577
4.9154799999997385,0.6842519999995904
4.917149999999738,0.686868333332924
4.918819999999738,0.6894846666662566
4.920489999999738,0.6921009999995897
4.922159999999738,0.6947173333329228
4.923829999999738,0.697333666666256
4.9254999999997375,0.6999499999995891
4.927169999999737,0.7025663333329222
4.928839999999737,0.7051826666662548
4.930509999999737,0.7077989999995884
4.932179999999737,0.7104153333329211
4.933849999999737,0.7130316666662546
4.935519999999737,0.7156479999995873
4.937189999999736,0.7182643333329204
4.938859999999736,0.7208806666662539
4.940529999999736,0.7234969999995866
4.942199999999736,0.7261133333329202
4.943869999999736,0.7287296666662528
4.945539999999736,0.7313459999995859
4.947209999999735,0.733962333332919
4.948879999999735,0.7365786666662522
4.950549999999735,0.7391949999995853
4.952219999999735,0.7418113333329184
4.953889999999735,0.744427666666251
4.955559999999735,0.7470439999995846
4.9572299999997345,0.7496603333329173
4.958899999999734,0.7522766666662508
4.960569999999734,0.7548929999995835
4.962239999999734,0.7575093333329166
4.963909999999734,0.7601256666662501
4.965579999999734,0.7627419999995828
4.9672499999997335,0.7653583333329164
4.968919999999733,0.767974666666249
4.970589999999733,0.7705909999995821
4.972259999999733,0.7732073333329152
4.973929999999733,0.7758236666662484
4.975599999999733,0.7784399999995815
4.9772699999997325,0.7810563333329146
4.978939999999732,0.7836726666662477
4.980609999999732,0.7862889999995808
4.982279999999732,0.7889053333329135
4.983949999999732,0.791521666666247
4.985619999999732,0.7941379999995797
4.9872899999997315,0.7967543333329132
4.988959999999731,0.7993706666662459
4.990629999999731,0.801986999999579
4.992299999999731,0.8046033333329126
4.993969999999731,0.8072196666662452
4.995639999999731,0.8098359999995788
4.997309999999731,0.8124523333329114
4.99897999999973,0.8150686666662446
5.00064999999973,0.8176849999995777
5.00231999999973,0.8203013333329108
5.00398999999973,0.8229176666662439
5.00565999999973,0.825533999999577
5.00732999999973,0.8281503333329097
5.0089999999997294,0.8307666666662432
5.010669999999729,0.8333829999995759
5.012339999999729,0.835999333332909
5.014009999999729,0.8386156666662425
5.015679999999729,0.8412319999995752
5.017349999999729,0.8438483333329088
5.0190199999997285,0.8464646666662414
5.020689999999728,0.8490809999995745
5.022359999999728,0.8516973333329076
5.024029999999728,0.8543136666662408
5.025699999999728,0.8569299999995734
5.027369999999728,0.859546333332907
5.0290399999997275,0.8621626666662396
5.030709999999727,0.8647789999995732
5.032379999999727,0.8673953333329059
5.034049999999727,0.870011666666239
5.035719999999727,0.8726279999995721
5.037389999999727,0.8752443333329052
5.0390599999997265,0.8778606666662379
5.040729999999726,0.8804769999995714
5.042399999999726,0.8830933333329045
5.044069999999726,0.8857096666662376
5.045739999999726,0.8883259999995707
5.047409999999726,0.8909423333329034
5.049079999999726,0.893558666666237
5.050749999999725,0.8961749999995696
5.052419999999725,0.8987913333329032
5.054089999999725,0.9014076666662358
5.055759999999725,0.904023999999569
5.057429999999725,0.9066403333329021
5.059099999999725,0.9092566666662352
5.060769999999724,0.9118729999995678
5.062439999999724,0.9144893333329014
5.064109999999724,0.9171056666662345
5.065779999999724,0.9197219999995676
5.067449999999724,0.9223383333329007
5.069119999999724,0.9249546666662334
5.0707899999997235,0.9275709999995669
5.072459999999723,0.9301873333328996
5.074129999999723,0.9328036666662332
5.075799999999723,0.9354199999995658
5.077469999999723,0.9380363333328989
5.079139999999723,0.940652666666232
5.0808099999997225,0.9432689999995651
5.082479999999722,0.9458853333328983
5.084149999999722,0.9485016666662314
5.085819999999722,0.951117999999564
5.087489999999722,0.9537343333328976
5.089159999999722,0.9563506666662303
5.0908299999997215,0.9589669999995638
5.092499999999721,0.9615833333328969
5.094169999999721,0.96419966666623
5.095839999999721,0.9668159999995631
5.097509999999721,0.9694323333328958
5.099179999999721,0.9720486666662294
5.1008499999997206,0.974664999999562
5.10251999999972,0.9772813333328956
5.10418999999972,0.9798976666662282
5.10585999999972,0.9825139999995613
5.10752999999972,0.9851303333328945
5.10919999999972,0.9877466666662276
5.11086999999972,0.9903629999995607
5.112539999999719,0.9929793333328938
5.114209999999719,0.9955956666662269
5.115879999999719,0.99821199999956
5.117549999999719,1.0008283333328931
5.119219999999719,1.0034446666662262
5.120889999999719,1.0060609999995593
5.1225599999997184,1.008677333332892
5.124229999999718,1.0112936666662256
5.125899999999718,1.0139099999995582
5.127569999999718,1.0165263333328918
5.129239999999718,1.0191426666662244
5.130909999999718,1.0217589999995575
5.1325799999997175,1.0243753333328907
5.134249999999717,1.0269916666662238
5.135919999999717,1.0296079999995569
5.137589999999717,1.03222433333289
5.139259999999717,1.0348406666662227
5.140929999999717,1.0374569999995562
5.1425999999997165,1.0400733333328893
5.144269999999716,1.0426896666662224
5.145939999999716,1.0453059999995555
5.147609999999716,1.0479223333328882
5.149279999999716,1.0505386666662218
5.150949999999716,1.0531549999995544
5.1526199999997155,1.055771333332888
5.154289999999715,1.0583876666662206
5.155959999999715,1.0610039999995537
5.157629999999715,1.0636203333328869
5.159299999999715,1.06623666666622
5.160969999999715,1.068852999999553
5.162639999999715,1.0714693333328862
5.164309999999714,1.0740856666662197
5.165979999999714,1.0767019999995524
5.167649999999714,1.0793183333328855
5.169319999999714,1.0819346666662186
5.170989999999714,1.0845509999995517
5.172659999999714,1.0871673333328848
5.174329999999713,1.089783666666218
5.175999999999713,1.0923999999995506
5.177669999999713,1.0950163333328842
5.179339999999713,1.0976326666662168
5.181009999999713,1.1002489999995504
5.182679999999713,1.102865333332883
5.1843499999997125,1.1054816666662162
5.186019999999712,1.1080979999995493
5.187689999999712,1.1107143333328824
5.189359999999712,1.1133306666662155
5.191029999999712,1.1159469999995486
5.192699999999712,1.1185633333328817
5.1943699999997115,1.1211796666662148
5.196039999999711,1.123795999999548
5.197709999999711,1.126412333332881
5.199379999999711,1.1290286666662142
5.201049999999711,1.1316449999995468
5.202719999999711,1.1342613333328804
5.2043899999997105,1.136877666666213
5.20605999999971,1.1394939999995466
5.20772999999971,1.1421103333328793
5.20939999999971,1.1447266666662124
5.21106999999971,1.1473429999995455
5.21273999999971,1.1499593333328786
5.2144099999997096,1.1525756666662121
5.216079999999709,1.1551919999995448
5.217749999999709,1.1578083333328784
5.219419999999709,1.160424666666211
5.221089999999709,1.1630409999995441
5.222759999999709,1.1656573333328772
5.224429999999709,1.1682736666662104
5.226099999999708,1.1708899999995435
5.227769999999708,1.1735063333328766
5.229439999999708,1.1761226666662092
5.231109999999708,1.1787389999995428
5.232779999999708,1.1813553333328755
5.234449999999708,1.183971666666209
5.2361199999997075,1.1865879999995417
5.237789999999707,1.1892043333328748
5.239459999999707,1.191820666666208
5.241129999999707,1.194436999999541
5.242799999999707,1.1970533333328746
5.244469999999707,1.1996696666662072
5.2461399999997065,1.2022859999995403
5.247809999999706,1.2049023333328734
5.249479999999706,1.2075186666662066
5.251149999999706,1.2101349999995397
5.252819999999706,1.2127513333328728
5.254489999999706,1.2153676666662054
5.2561599999997055,1.217983999999539
5.257829999999705,1.2206003333328717
5.259499999999705,1.2232166666662052
5.261169999999705,1.2258329999995379
5.262839999999705,1.228449333332871
5.264509999999705,1.2310656666662045
5.2661799999997045,1.2336819999995372
5.267849999999704,1.2362983333328708
5.269519999999704,1.2389146666662034
5.271189999999704,1.2415309999995365
5.272859999999704,1.2441473333328696
5.274529999999704,1.2467636666662028
5.276199999999704,1.2493799999995359
5.277869999999703,1.251996333332869
5.279539999999703,1.2546126666662016
5.281209999999703,1.2572289999995352
5.282879999999703,1.2598453333328679
5.284549999999703,1.2624616666662014
5.286219999999703,1.265077999999534
5.287889999999702,1.2676943333328676
5.289559999999702,1.2703106666662003
5.291229999999702,1.2729269999995334
5.292899999999702,1.275543333332867
5.294569999999702,1.2781596666661996
5.296239999999702,1.2807759999995332
5.2979099999997015,1.2833923333328658
5.299579999999701,1.286008666666199
5.301249999999701,1.288624999999532
5.302919999999701,1.2912413333328652
5.304589999999701,1.2938576666661983
5.306259999999701,1.2964739999995314
5.3079299999997005,1.299090333332864
5.3095999999997,1.3017066666661976
5.3112699999997,1.3043229999995303
5.3129399999997,1.3069393333328638
5.3146099999997,1.309555666666197
5.3162799999997,1.3121719999995296
5.3179499999996995,1.3147883333328632
5.319619999999699,1.3174046666661958
5.321289999999699,1.320020999999529
5.322959999999699,1.322637333332862
5.324629999999699,1.3252536666661952
5.326299999999699,1.3278699999995283
5.327969999999699,1.3304863333328614
5.329639999999698,1.333102666666194
5.331309999999698,1.3357189999995276
5.332979999999698,1.3383353333328603
5.334649999999698,1.3409516666661938
5.336319999999698,1.3435679999995265
5.337989999999698,1.3461843333328596
5.339659999999697,1.3488006666661927
5.341329999999697,1.3514169999995258
5.342999999999697,1.354033333332859
5.344669999999697,1.356649666666192
5.346339999999697,1.3592659999995251
5.348009999999697,1.3618823333328582
5.3496799999996965,1.3644986666661914
5.351349999999696,1.367114999999524
5.353019999999696,1.3697313333328576
5.354689999999696,1.3723476666661902
5.356359999999696,1.3749639999995233
5.358029999999696,1.3775803333328565
5.3596999999996955,1.3801966666661896
5.361369999999695,1.3828129999995227
5.363039999999695,1.3854293333328558
5.364709999999695,1.388045666666189
5.366379999999695,1.390661999999522
5.368049999999695,1.3932783333328551
5.3697199999996945,1.3958946666661878
5.371389999999694,1.3985109999995213
5.373059999999694,1.401127333332854
5.374729999999694,1.4037436666661876
5.376399999999694,1.4063599999995202
5.378069999999694,1.4089763333328533
5.3797399999996935,1.4115926666661864
5.381409999999693,1.4142089999995195
5.383079999999693,1.4168253333328527
5.384749999999693,1.4194416666661858
5.386419999999693,1.4220579999995184
5.388089999999693,1.424674333332852
5.389759999999693,1.4272906666661846
5.391429999999692,1.4299069999995182
5.393099999999692,1.4325233333328513
5.394769999999692,1.435139666666184
5.396439999999692,1.4377559999995175
5.398109999999692,1.4403723333328502
5.399779999999692,1.4429886666661838
5.401449999999691,1.4456049999995164
5.403119999999691,1.4482213333328495
5.404789999999691,1.4508376666661826
5.406459999999691,1.4534539999995157
5.408129999999691,1.4560703333328489
5.409799999999691,1.458686666666182
5.4114699999996905,1.461302999999515
5.41313999999969,1.4639193333328482
5.41480999999969,1.4665356666661813
5.41647999999969,1.4691519999995144
5.41814999999969,1.4717683333328475
5.41981999999969,1.4743846666661806
5.4214899999996895,1.4770009999995137
5.423159999999689,1.4796173333328464
5.424829999999689,1.48223366666618
5.426499999999689,1.4848499999995126
5.428169999999689,1.4874663333328462
5.429839999999689,1.4900826666661788
5.4315099999996885,1.492698999999512
5.433179999999688,1.495315333332845
5.434849999999688,1.4979316666661782
5.436519999999688,1.5005479999995113
5.438189999999688,1.5031643333328444
5.439859999999688,1.505780666666177
5.441529999999688,1.5083969999995106
5.443199999999687,1.5110133333328437
5.444869999999687,1.5136296666661768
5.446539999999687,1.51624599999951
5.448209999999687,1.5188623333328426
5.449879999999687,1.5214786666661761
5.451549999999687,1.5240949999995088
5.453219999999686,1.5267113333328424
5.454889999999686,1.529327666666175
5.456559999999686,1.5319439999995081
5.458229999999686,1.5345603333328413
5.459899999999686,1.5371766666661744
5.461569999999686,1.5397929999995075
5.4632399999996855,1.5424093333328406
5.464909999999685,1.5450256666661737
5.466579999999685,1.5476419999995068
5.468249999999685,1.55025833333284
5.469919999999685,1.552874666666173
5.471589999999685,1.5554909999995061
5.4732599999996845,1.5581073333328392
5.474929999999684,1.5607236666661723
5.476599999999684,1.563339999999505
5.478269999999684,1.5659563333328386
5.479939999999684,1.5685726666661712
5.481609999999684,1.5711889999995048
5.4832799999996835,1.5738053333328375
5.484949999999683,1.5764216666661706
5.486619999999683,1.5790379999995037
5.488289999999683,1.5816543333328368
5.489959999999683,1.58427066666617
5.491629999999683,1.586886999999503
5.4932999999996825,1.589503333332836
5.494969999999682,1.5921196666661692
5.496639999999682,1.5947359999995023
5.498309999999682,1.5973523333328354
5.499979999999682,1.5999686666661685
5.501649999999682,1.597855000000414
5.503319999999682,1.5956840000004138
5.504989999999681,1.5935130000004145
5.506659999999681,1.5913420000004144
5.508329999999681,1.5891710000004147
5.509999999999681,1.587000000000415
5.511669999999681,1.5848290000004148
5.513339999999681,1.5826580000004156
5.5150099999996804,1.5804870000004154
5.51667999999968,1.5783160000004157
5.51834999999968,1.576145000000416
5.52001999999968,1.5739740000004159
5.52168999999968,1.5718030000004166
5.52335999999968,1.5696320000004165
5.5250299999996795,1.5674610000004168
5.526699999999679,1.565290000000417
5.528369999999679,1.563119000000417
5.530039999999679,1.5609480000004177
5.531709999999679,1.5587770000004175
5.533379999999679,1.5566060000004178
5.5350499999996785,1.5544350000004177
5.536719999999678,1.552264000000418
5.538389999999678,1.5500930000004187
5.540059999999678,1.5479220000004186
5.541729999999678,1.5457510000004189
5.543399999999678,1.5435800000004187
5.5450699999996775,1.541409000000419
5.546739999999677,1.5392380000004198
5.548409999999677,1.5370670000004196
5.550079999999677,1.53489600000042
5.551749999999677,1.5327250000004198
5.553419999999677,1.53055400000042
5.555089999999677,1.5283830000004208
5.556759999999676,1.5262120000004207
5.558429999999676,1.524041000000421
5.560099999999676,1.5218700000004208
5.561769999999676,1.5196990000004211
5.563439999999676,1.5175280000004219
5.565109999999676,1.5153570000004217
5.566779999999675,1.513186000000422
5.568449999999675,1.5110150000004219
5.570119999999675,1.5088440000004222
5.571789999999675,1.506673000000423
5.573459999999675,1.5045020000004228
5.575129999999675,1.502331000000423
5.5767999999996745,1.500160000000423
5.578469999999674,1.4979890000004237
5.580139999999674,1.495818000000424
5.581809999999674,1.4936470000004238
5.583479999999674,1.4914760000004241
5.585149999999674,1.489305000000424
5.5868199999996735,1.4871340000004247
5.588489999999673,1.484963000000425
5.590159999999673,1.4827920000004249
5.591829999999673,1.4806210000004252
5.593499999999673,1.478450000000425
5.595169999999673,1.4762790000004258
5.5968399999996725,1.4741080000004256
5.598509999999672,1.471937000000426
5.600179999999672,1.4697660000004262
5.601849999999672,1.467595000000426
5.603519999999672,1.4654240000004268
5.605189999999672,1.4632530000004267
5.6068599999996716,1.461082000000427
5.608529999999671,1.4589110000004273
5.610199999999671,1.4567400000004271
5.611869999999671,1.4545690000004279
5.613539999999671,1.4523980000004277
5.615209999999671,1.450227000000428
5.616879999999671,1.4480560000004283
5.61854999999967,1.4458850000004282
5.62021999999967,1.443714000000429
5.62188999999967,1.4415430000004288
5.62355999999967,1.439372000000429
5.62522999999967,1.4372010000004294
5.62689999999967,1.4350300000004292
5.6285699999996694,1.43285900000043
5.630239999999669,1.4306880000004298
5.631909999999669,1.4285170000004301
5.633579999999669,1.4263460000004304
5.635249999999669,1.4241750000004303
5.636919999999669,1.422004000000431
5.6385899999996685,1.419833000000431
5.640259999999668,1.4176620000004312
5.641929999999668,1.4154910000004315
5.643599999999668,1.4133200000004313
5.645269999999668,1.411149000000432
5.646939999999668,1.408978000000432
5.6486099999996675,1.4068070000004322
5.650279999999667,1.4046360000004325
5.651949999999667,1.4024650000004324
5.653619999999667,1.4002940000004331
5.655289999999667,1.398123000000433
5.656959999999667,1.3959520000004333
5.6586299999996665,1.3937810000004336
5.660299999999666,1.3916100000004334
5.661969999999666,1.3894390000004342
5.663639999999666,1.387268000000434
5.665309999999666,1.3850970000004343
5.666979999999666,1.3829260000004342
5.668649999999666,1.3807550000004345
5.670319999999665,1.3785840000004352
5.671989999999665,1.376413000000435
5.673659999999665,1.3742420000004354
5.675329999999665,1.3720710000004352
5.676999999999665,1.3699000000004355
5.678669999999665,1.3677290000004363
5.680339999999664,1.3655580000004361
5.682009999999664,1.3633870000004364
5.683679999999664,1.3612160000004363
5.685349999999664,1.3590450000004366
5.687019999999664,1.3568740000004373
5.688689999999664,1.3547030000004372
5.6903599999996635,1.3525320000004375
5.692029999999663,1.3503610000004374
5.693699999999663,1.3481900000004376
5.695369999999663,1.3460190000004384
5.697039999999663,1.3438480000004382
5.698709999999663,1.3416770000004385
5.7003799999996625,1.3395060000004388
5.702049999999662,1.3373350000004387
5.703719999999662,1.3351640000004394
5.705389999999662,1.3329930000004393
5.707059999999662,1.3308220000004396
5.708729999999662,1.32865100000044
5.7103999999996615,1.3264800000004398
5.712069999999661,1.3243090000004405
5.713739999999661,1.3221380000004408
5.715409999999661,1.3199670000004406
5.717079999999661,1.317796000000441
5.718749999999661,1.3156250000004408
5.7204199999996606,1.3134540000004415
5.72208999999966,1.3112830000004418
5.72375999999966,1.3091120000004417
5.72542999999966,1.306941000000442
5.72709999999966,1.3047700000004423
5.72876999999966,1.3025990000004426
5.73043999999966,1.300428000000443
5.732109999999659,1.2982570000004428
5.733779999999659,1.296086000000443
5.735449999999659,1.2939150000004433
5.737119999999659,1.2917440000004436
5.738789999999659,1.289573000000444
5.740459999999659,1.2874020000004438
5.7421299999996585,1.285231000000444
5.743799999999658,1.2830600000004448
5.745469999999658,1.2808890000004447
5.747139999999658,1.278718000000445
5.748809999999658,1.2765470000004453
5.750479999999658,1.2743760000004452
5.7521499999996575,1.2722050000004455
5.753819999999657,1.2700340000004458
5.755489999999657,1.267863000000446
5.757159999999657,1.2656920000004463
5.758829999999657,1.2635210000004462
5.760499999999657,1.261350000000447
5.7621699999996565,1.2591790000004468
5.763839999999656,1.257008000000447
5.765509999999656,1.2548370000004474
5.767179999999656,1.2526660000004473
5.768849999999656,1.250495000000448
5.770519999999656,1.2483240000004479
5.7721899999996555,1.2461530000004482
5.773859999999655,1.2439820000004485
5.775529999999655,1.2418110000004483
5.777199999999655,1.239640000000449
5.778869999999655,1.237469000000449
5.780539999999655,1.2352980000004492
5.782209999999655,1.233127000000449
5.783879999999654,1.2309560000004494
5.785549999999654,1.22878500000045
5.787219999999654,1.22661400000045
5.788889999999654,1.2244430000004503
5.790559999999654,1.22227200000045
5.792229999999654,1.2201010000004504
5.793899999999653,1.2179300000004512
5.795569999999653,1.215759000000451
5.797239999999653,1.2135880000004513
5.798909999999653,1.2114170000004512
5.800579999999653,1.2092460000004515
5.802249999999653,1.2070750000004522
5.8039199999996525,1.204904000000452
5.805589999999652,1.2027330000004524
5.807259999999652,1.2005620000004522
5.808929999999652,1.1983910000004525
5.810599999999652,1.1962200000004533
5.812269999999652,1.194049000000453
5.8139399999996515,1.1918780000004534
5.815609999999651,1.1897070000004533
5.817279999999651,1.1875360000004536
5.818949999999651,1.1853650000004543
5.820619999999651,1.1831940000004542
5.822289999999651,1.1810230000004545
5.8239599999996505,1.1788520000004543
5.82562999999965,1.1766810000004546
5.82729999999965,1.1745100000004554
5.82896999999965,1.1723390000004552
5.83063999999965,1.1701680000004555
5.83230999999965,1.1679970000004554
5.83397999999965,1.1658260000004557
5.835649999999649,1.1636550000004564
5.837319999999649,1.1614840000004563
5.838989999999649,1.1593130000004566
5.840659999999649,1.1571420000004564
5.842329999999649,1.1549710000004567
5.843999999999649,1.1528000000004575
5.845669999999648,1.1506290000004573
5.847339999999648,1.1484580000004576
5.849009999999648,1.1462870000004575
5.850679999999648,1.1441160000004578
5.852349999999648,1.141945000000458
5.854019999999648,1.1397740000004584
5.8556899999996475,1.1376030000004587
5.857359999999647,1.1354320000004585
5.859029999999647,1.1332610000004588
5.860699999999647,1.1310900000004591
5.862369999999647,1.1289190000004594
5.864039999999647,1.1267480000004597
5.8657099999996465,1.1245770000004596
5.867379999999646,1.1224060000004599
5.869049999999646,1.1202350000004602
5.870719999999646,1.1180640000004605
5.872389999999646,1.1158930000004608
5.874059999999646,1.1137220000004606
5.8757299999996455,1.111551000000461
5.877399999999645,1.1093800000004612
5.879069999999645,1.1072090000004615
5.880739999999645,1.1050380000004618
5.882409999999645,1.1028670000004617
5.884079999999645,1.100696000000462
5.8857499999996445,1.0985250000004623
5.887419999999644,1.0963540000004626
5.889089999999644,1.0941830000004629
5.890759999999644,1.0920120000004627
5.892429999999644,1.089841000000463
5.894099999999644,1.0876700000004629
5.895769999999644,1.0854990000004636
5.897439999999643,1.083328000000464
5.899109999999643,1.0811570000004638
5.900779999999643,1.078986000000464
5.902449999999643,1.076815000000464
5.904119999999643,1.0746440000004647
5.905789999999643,1.0724730000004645
5.907459999999642,1.0703020000004648
5.909129999999642,1.0681310000004651
5.910799999999642,1.065960000000465
5.912469999999642,1.0637890000004657
5.914139999999642,1.0616180000004656
5.915809999999642,1.0594470000004659
5.9174799999996415,1.0572760000004662
5.919149999999641,1.055105000000466
5.920819999999641,1.0529340000004668
5.922489999999641,1.0507630000004666
5.924159999999641,1.048592000000467
5.925829999999641,1.0464210000004672
5.9274999999996405,1.044250000000467
5.92916999999964,1.0420790000004678
5.93083999999964,1.0399080000004677
5.93250999999964,1.037737000000468
5.93417999999964,1.0355660000004683
5.93584999999964,1.0333950000004681
5.9375199999996395,1.0312240000004689
5.939189999999639,1.0290530000004687
5.940859999999639,1.026882000000469
5.942529999999639,1.0247110000004693
5.944199999999639,1.0225400000004692
5.945869999999639,1.02036900000047
5.947539999999639,1.0181980000004698
5.949209999999638,1.01602700000047
5.950879999999638,1.0138560000004704
5.952549999999638,1.0116850000004702
5.954219999999638,1.009514000000471
5.955889999999638,1.0073430000004708
5.957559999999638,1.0051720000004711
5.959229999999637,1.0030010000004714
5.960899999999637,1.0008300000004713
5.962569999999637,0.998659000000472
5.964239999999637,0.9964880000004719
5.965909999999637,0.9943170000004722
5.967579999999637,0.9921460000004725
5.9692499999996365,0.9899750000004723
5.970919999999636,0.9878040000004731
5.972589999999636,0.9856330000004729
5.974259999999636,0.9834620000004732
5.975929999999636,0.9812910000004731
5.977599999999636,0.9791200000004734
5.9792699999996355,0.9769490000004741
5.980939999999635,0.974778000000474
5.982609999999635,0.9726070000004743
5.984279999999635,0.9704360000004741
5.985949999999635,0.9682650000004744
5.987619999999635,0.9660940000004752
5.9892899999996345,0.963923000000475
5.990959999999634,0.9617520000004753
5.992629999999634,0.9595810000004752
5.994299999999634,0.9574100000004755
5.995969999999634,0.9552390000004762
5.997639999999634,0.9530680000004761
5.9993099999996335,0.9508970000004764
6.000979999999633,0.9487260000004762
6.002649999999633,0.9465550000004765
6.004319999999633,0.9443840000004768
6.005989999999633,0.9422130000004771
6.007659999999633,0.9400420000004774
6.009329999999633,0.9378710000004777
6.010999999999632,0.9357000000004776
6.012669999999632,0.9335290000004779
6.014339999999632,0.9313580000004782
6.016009999999632,0.9291870000004785
6.017679999999632,0.9270160000004788
6.019349999999632,0.9248450000004786
6.0210199999996314,0.9226740000004789
6.022689999999631,0.9205030000004792
6.024359999999631,0.9183320000004795
6.026029999999631,0.9161610000004798
6.027699999999631,0.9139900000004797
6.029369999999631,0.91181900000048
6.0310399999996305,0.9096480000004807
6.03270999999963,0.9074770000004806
6.03437999999963,0.9053060000004809
6.03604999999963,0.9031350000004807
6.03771999999963,0.900964000000481
6.03938999999963,0.8987930000004818
6.0410599999996295,0.8966220000004816
6.042729999999629,0.8944510000004819
6.044399999999629,0.8922800000004822
6.046069999999629,0.8901090000004821
6.047739999999629,0.8879380000004828
6.049409999999629,0.8857670000004827
6.0510799999996285,0.883596000000483
6.052749999999628,0.8814250000004833
6.054419999999628,0.8792540000004831
6.056089999999628,0.8770830000004839
6.057759999999628,0.8749120000004842
6.059429999999628,0.872741000000484
6.061099999999628,0.8705700000004843
6.062769999999627,0.8683990000004842
6.064439999999627,0.8662280000004849
6.066109999999627,0.8640570000004852
6.067779999999627,0.8618860000004851
6.069449999999627,0.8597150000004854
6.071119999999627,0.8575440000004853
6.072789999999626,0.855373000000486
6.074459999999626,0.8532020000004863
6.076129999999626,0.8510310000004861
6.077799999999626,0.8488600000004864
6.079469999999626,0.8466890000004863
6.081139999999626,0.844518000000487
6.0828099999996255,0.8423470000004873
6.084479999999625,0.8401760000004872
6.086149999999625,0.8380050000004875
6.087819999999625,0.8358340000004874
6.089489999999625,0.8336630000004881
6.091159999999625,0.8314920000004884
6.0928299999996245,0.8293210000004883
6.094499999999624,0.8271500000004886
6.096169999999624,0.8249790000004884
6.097839999999624,0.8228080000004891
6.099509999999624,0.820637000000489
6.101179999999624,0.8184660000004893
6.1028499999996235,0.8162950000004896
6.104519999999623,0.8141240000004895
6.106189999999623,0.8119530000004902
6.107859999999623,0.80978200000049
6.109529999999623,0.8076110000004904
6.111199999999623,0.8054400000004907
6.1128699999996226,0.8032690000004905
6.114539999999622,0.8010980000004913
6.116209999999622,0.7989270000004911
6.117879999999622,0.7967560000004914
6.119549999999622,0.7945850000004917
6.121219999999622,0.7924140000004916
6.122889999999622,0.7902430000004919
6.124559999999621,0.7880720000004922
6.126229999999621,0.7859010000004925
6.127899999999621,0.7837300000004928
6.129569999999621,0.7815590000004926
6.131239999999621,0.7793880000004929
6.132909999999621,0.7772170000004932
6.1345799999996204,0.7750460000004935
6.13624999999962,0.7728750000004938
6.13791999999962,0.7707040000004937
6.13958999999962,0.768533000000494
6.14125999999962,0.7663620000004943
6.14292999999962,0.7641910000004946
6.1445999999996195,0.7620200000004949
6.146269999999619,0.7598490000004947
6.147939999999619,0.757678000000495
6.149609999999619,0.7555070000004953
6.151279999999619,0.7533360000004956
6.152949999999619,0.7511650000004959
6.1546199999996185,0.7489940000004958
6.156289999999618,0.7468230000004961
6.157959999999618,0.7446520000004964
6.159629999999618,0.7424810000004967
6.161299999999618,0.7403100000004965
6.162969999999618,0.7381390000004968
6.1646399999996175,0.7359680000004971
6.166309999999617,0.7337970000004974
6.167979999999617,0.7316260000004977
6.169649999999617,0.7294550000004976
6.171319999999617,0.7272840000004979
6.172989999999617,0.7251130000004982
6.174659999999617,0.722942000000498
6.176329999999616,0.7207710000004983
6.177999999999616,0.7186000000004982
6.179669999999616,0.7164290000004994
6.181339999999616,0.7142580000004997
6.183009999999616,0.7120870000004995
6.184679999999616,0.7099160000004998
6.186349999999615,0.7077450000004997
6.188019999999615,0.7055740000005
6.189689999999615,0.7034030000005003
6.191359999999615,0.7012320000005001
6.193029999999615,0.6990610000005004
6.194699999999615,0.6968900000005003
6.1963699999996145,0.6947190000005015
6.198039999999614,0.6925480000005018
6.199709999999614,0.6903770000005016
6.201379999999614,0.6882060000005019
6.203049999999614,0.6860350000005018
6.204719999999614,0.6838640000005021
6.2063899999996135,0.6816930000005024
6.208059999999613,0.6795220000005022
6.209729999999613,0.6773510000005025
6.211399999999613,0.6751800000005024
6.213069999999613,0.6730090000005036
6.214739999999613,0.6708380000005039
6.2164099999996125,0.6686670000005037
6.218079999999612,0.666496000000504
6.219749999999612,0.6643250000005039
6.221419999999612,0.6621540000005042
6.223089999999612,0.659983000000504
6.224759999999612,0.6578120000005043
6.2264299999996116,0.6556410000005046
6.228099999999611,0.6534700000005045
6.229769999999611,0.6512990000005057
6.231439999999611,0.6491280000005055
6.233109999999611,0.6469570000005058
6.234779999999611,0.6447860000005061
6.236449999999611,0.642615000000506
6.23811999999961,0.6404440000005063
6.23978999999961,0.6382730000005061
6.24145999999961,0.6361020000005064
6.24312999999961,0.6339310000005067
6.24479999999961,0.6317600000005066
6.24646999999961,0.6295890000005078
6.2481399999996095,0.6274180000005076
6.249809999999609,0.6252470000005079
6.251479999999609,0.6230760000005082
6.253149999999609,0.6209050000005081
6.254819999999609,0.6187340000005084
6.256489999999609,0.6165630000005082
6.2581599999996085,0.6143920000005085
6.259829999999608,0.6122210000005088
6.261499999999608,0.6100500000005087
6.263169999999608,0.6078790000005099
6.264839999999608,0.6057080000005097
6.266509999999608,0.60353700000051
6.2681799999996075,0.6013660000005103
6.269849999999607,0.5991950000005102
6.271519999999607,0.5970240000005105
6.273189999999607,0.5948530000005103
6.274859999999607,0.5926820000005106
6.276529999999607,0.5905110000005109
6.2781999999996065,0.5883400000005108
6.279869999999606,0.586169000000512
6.281539999999606,0.5839980000005118
6.283209999999606,0.5818270000005121
6.284879999999606,0.579656000000512
6.286549999999606,0.5774850000005123
6.288219999999606,0.5753140000005126
6.289889999999605,0.5731430000005124
6.291559999999605,0.5709720000005127
6.293229999999605,0.5688010000005126
6.294899999999605,0.5666300000005129
6.296569999999605,0.5644590000005132
6.298239999999605,0.5622880000005139
6.299909999999604,0.5601170000005142
6.301579999999604,0.5579460000005141
6.303249999999604,0.5557750000005144
6.304919999999604,0.5536040000005147
6.306589999999604,0.5514330000005145
6.308259999999604,0.5492620000005148
6.3099299999996035,0.5470910000005147
6.311599999999603,0.544920000000515
6.313269999999603,0.5427490000005153
6.314939999999603,0.540578000000516
6.316609999999603,0.5384070000005163
6.318279999999603,0.5362360000005162
6.3199499999996025,0.5340650000005165
6.321619999999602,0.5318940000005168
6.323289999999602,0.5297230000005166
6.324959999999602,0.5275520000005169
6.326629999999602,0.5253810000005172
6.328299999999602,0.5232100000005171
6.3299699999996015,0.5210390000005174
6.331639999999601,0.5188680000005181
6.333309999999601,0.5166970000005184
6.334979999999601,0.5145260000005187
6.336649999999601,0.5123550000005186
6.338319999999601,0.5101840000005189
6.339989999999601,0.5080130000005192
6.3416599999996,0.505842000000519
6.3433299999996,0.5036710000005193
6.3449999999996,0.5015000000005192
6.3466699999996,0.4993290000005195
6.3483399999996,0.4971580000005207
6.3500099999996,0.49498700000052054
6.351679999999599,0.49281600000052084
6.353349999999599,0.49064500000052114
6.355019999999599,0.488474000000521
6.356689999999599,0.4863030000005213
6.358359999999599,0.48413200000052115
6.360029999999599,0.48196100000052144
6.3616999999995985,0.47979000000052174
6.363369999999598,0.4776190000005216
6.365039999999598,0.4754480000005228
6.366709999999598,0.47327700000052264
6.368379999999598,0.47110600000052294
6.370049999999598,0.46893500000052324
6.3717199999995975,0.4667640000005231
6.373389999999597,0.4645930000005234
6.375059999999597,0.4624220000005237
6.376729999999597,0.46025100000052355
6.378399999999597,0.45808000000052385
6.380069999999597,0.4559090000005237
6.3817399999995965,0.4537380000005249
6.383409999999596,0.4515670000005252
6.385079999999596,0.44939600000052504
6.386749999999596,0.44722500000052534
6.388419999999596,0.4450540000005252
6.390089999999596,0.4428830000005255
6.3917599999995955,0.4407120000005258
6.393429999999595,0.43854100000052565
6.395099999999595,0.43637000000052595
6.396769999999595,0.4341990000005258
6.398439999999595,0.4320280000005261
6.400109999999595,0.4298570000005273
6.401779999999595,0.42768600000052714
6.403449999999594,0.42551500000052744
6.405119999999594,0.4233440000005273
6.406789999999594,0.4211730000005276
6.408459999999594,0.41900200000052745
6.410129999999594,0.41683100000052775
6.411799999999594,0.41466000000052805
6.413469999999593,0.4124890000005279
6.415139999999593,0.4103180000005282
6.416809999999593,0.40814700000052895
6.418479999999593,0.40597600000052925
6.420149999999593,0.40380500000052955
6.421819999999593,0.4016340000005294
6.4234899999995925,0.3994630000005297
6.425159999999592,0.39729200000052955
6.426829999999592,0.39512100000052985
6.428499999999592,0.39295000000053015
6.430169999999592,0.39077900000053
6.431839999999592,0.3886080000005303
6.4335099999995915,0.38643700000053105
6.435179999999591,0.38426600000053135
6.436849999999591,0.38209500000053165
6.438519999999591,0.3799240000005315
6.440189999999591,0.3777530000005318
6.441859999999591,0.37558200000053166
6.4435299999995905,0.37341100000053196
6.44519999999959,0.37124000000053226
6.44686999999959,0.3690690000005321
6.44853999999959,0.3668980000005324
6.45020999999959,0.36472700000053315
6.45187999999959,0.36255600000053345
6.45354999999959,0.36038500000053375
6.455219999999589,0.3582140000005336
6.456889999999589,0.3560430000005339
6.458559999999589,0.35387200000053376
6.460229999999589,0.35170100000053406
6.461899999999589,0.34953000000053436
6.463569999999589,0.3473590000005342
6.465239999999588,0.3451880000005345
6.466909999999588,0.34301700000053525
6.468579999999588,0.34084600000053555
6.470249999999588,0.33867500000053585
6.471919999999588,0.3365040000005357
6.473589999999588,0.334333000000536
6.4752599999995875,0.33216200000053586
6.476929999999587,0.32999100000053616
6.478599999999587,0.327820000000536
6.480269999999587,0.3256490000005363
6.481939999999587,0.3234780000005366
6.483609999999587,0.32130700000053736
6.4852799999995865,0.31913600000053766
6.486949999999586,0.3169650000005375
6.488619999999586,0.3147940000005378
6.490289999999586,0.3126230000005381
6.491959999999586,0.31045200000053796
6.493629999999586,0.30828100000053826
6.4952999999995855,0.3061100000005381
6.496969999999585,0.3039390000005384
6.498639999999585,0.3017680000005387
