TimeInc,Intensity
0.5,2.4799999999999995
0.50167,2.4791649999999996
0.5033399999999999,2.4783299999999997
0.5050099999999998,2.477495
0.5066799999999998,2.47666
0.5083499999999997,2.4758249999999995
0.5100199999999997,2.4749899999999996
0.5116899999999996,2.474155
0.5133599999999996,2.4733199999999997
0.5150299999999995,2.472485
0.5166999999999995,2.47165
0.5183699999999994,2.470815
0.5200399999999994,2.46998
0.5217099999999993,2.4691449999999997
0.5233799999999993,2.46831
0.5250499999999992,2.4674750000000003
0.5267199999999992,2.46664
0.5283899999999991,2.465805
0.5300599999999991,2.46497
0.531729999999999,2.464135
0.533399999999999,2.4633000000000003
0.5350699999999989,2.462465
0.5367399999999989,2.46163
0.5384099999999988,2.4607950000000005
0.5400799999999988,2.45996
0.5417499999999987,2.4591250000000002
0.5434199999999987,2.4582900000000003
0.5450899999999986,2.4574550000000004
0.5467599999999986,2.4566200000000005
0.5484299999999985,2.455785
0.5500999999999985,2.45495
0.5517699999999984,2.4541150000000007
0.5534399999999984,2.4532800000000003
0.5551099999999983,2.452445
0.5567799999999983,2.4516100000000005
0.5584499999999982,2.4507750000000006
0.5601199999999982,2.4499400000000007
0.5617899999999981,2.4491050000000003
0.5634599999999981,2.4482700000000004
0.565129999999998,2.447435000000001
0.566799999999998,2.4466000000000006
0.5684699999999979,2.4457650000000006
0.5701399999999979,2.4449300000000007
0.5718099999999978,2.444095000000001
0.5734799999999978,2.443260000000001
0.5751499999999977,2.4424250000000005
0.5768199999999977,2.4415900000000006
0.5784899999999976,2.440755000000001
0.5801599999999976,2.4399200000000008
0.5818299999999975,2.4390850000000004
0.5834999999999975,2.438250000000001
0.5851699999999974,2.437415000000001
0.5868399999999974,2.436580000000001
0.5885099999999973,2.4357450000000007
0.5901799999999973,2.434910000000001
0.5918499999999972,2.4340750000000013
0.5935199999999972,2.433240000000001
0.5951899999999971,2.432405000000001
0.5968599999999971,2.431570000000001
0.598529999999997,2.430735000000001
0.600199999999997,2.4299000000000013
0.6018699999999969,2.429065000000001
0.6035399999999969,2.428230000000001
0.6052099999999968,2.4273950000000015
0.6068799999999968,2.426560000000001
0.6085499999999967,2.425725000000001
0.6102199999999967,2.4248900000000013
0.6118899999999966,2.4240550000000014
0.6135599999999966,2.4232200000000015
0.6152299999999965,2.422385000000001
0.6168999999999965,2.421550000000001
0.6185699999999964,2.4207150000000017
0.6202399999999963,2.4198800000000014
0.6219099999999963,2.4190450000000014
0.6235799999999962,2.4182100000000015
0.6252499999999962,2.4173750000000016
0.6269199999999961,2.4165400000000017
0.6285899999999961,2.4157050000000013
0.630259999999996,2.4148700000000014
0.631929999999996,2.414035000000002
0.6335999999999959,2.4132000000000016
0.6352699999999959,2.412365000000001
0.6369399999999958,2.4115300000000017
0.6386099999999958,2.410695000000002
0.6402799999999957,2.409860000000002
0.6419499999999957,2.4090250000000015
0.6436199999999956,2.4081900000000016
0.6452899999999956,2.407355000000002
0.6469599999999955,2.4065200000000018
0.6486299999999955,2.405685000000002
0.6502999999999954,2.404850000000002
0.6519699999999954,2.404015000000002
0.6536399999999953,2.403180000000002
0.6553099999999953,2.4023450000000017
0.6569799999999952,2.401510000000002
0.6586499999999952,2.4006750000000023
0.6603199999999951,2.399840000000002
0.6619899999999951,2.3990050000000016
0.663659999999995,2.398170000000002
0.665329999999995,2.397335000000002
0.6669999999999949,2.3965000000000023
0.6686699999999949,2.395665000000002
0.6703399999999948,2.3948300000000025
0.6720099999999948,2.3939950000000025
0.6736799999999947,2.393160000000002
0.6753499999999947,2.3923250000000023
0.6770199999999946,2.3914900000000023
0.6786899999999946,2.3906550000000024
0.6803599999999945,2.3898200000000025
0.6820299999999945,2.388985000000002
0.6836999999999944,2.388150000000002
0.6853699999999944,2.3873150000000027
0.6870399999999943,2.3864800000000024
0.6887099999999943,2.3856450000000025
0.6903799999999942,2.3848100000000025
0.6920499999999942,2.383975000000003
0.6937199999999941,2.3831400000000027
0.6953899999999941,2.3823050000000023
0.697059999999994,2.381470000000003
0.698729999999994,2.380635000000003
0.7003999999999939,2.3798000000000026
0.7020699999999939,2.3789650000000027
0.7037399999999938,2.3781300000000027
0.7054099999999938,2.377295000000003
0.7070799999999937,2.376460000000003
0.7087499999999937,2.3756250000000025
0.7104199999999936,2.3747900000000026
0.7120899999999936,2.373955000000003
0.7137599999999935,2.373120000000003
0.7154299999999935,2.3722850000000024
0.7170999999999934,2.371450000000003
0.7187699999999934,2.370615000000003
0.7204399999999933,2.369780000000003
0.7221099999999933,2.3689450000000027
0.7237799999999932,2.3681100000000033
0.7254499999999932,2.3672750000000033
0.7271199999999931,2.366440000000003
0.728789999999993,2.365605000000003
0.730459999999993,2.364770000000003
0.732129999999993,2.3639350000000032
0.7337999999999929,2.3631000000000033
0.7354699999999929,2.3622650000000025
0.7371399999999928,2.361430000000003
0.7388099999999928,2.360595000000003
0.7404799999999927,2.3597600000000027
0.7421499999999926,2.358925000000003
0.7438199999999926,2.358090000000003
0.7454899999999925,2.357255000000003
0.7471599999999925,2.356420000000003
0.7488299999999924,2.3555850000000027
0.7504999999999924,2.354750000000003
0.7521699999999923,2.3539150000000033
0.7538399999999923,2.353080000000003
0.7555099999999922,2.3522450000000026
0.7571799999999922,2.351410000000003
0.7588499999999921,2.350575000000003
0.7605199999999921,2.3497400000000033
0.762189999999992,2.348905000000003
0.763859999999992,2.3480700000000034
0.7655299999999919,2.3472350000000035
0.7671999999999919,2.346400000000003
0.7688699999999918,2.3455650000000032
0.7705399999999918,2.3447300000000033
0.7722099999999917,2.3438950000000034
0.7738799999999917,2.3430600000000035
0.7755499999999916,2.342225000000003
0.7772199999999916,2.341390000000003
0.7788899999999915,2.3405550000000037
0.7805599999999915,2.3397200000000034
0.7822299999999914,2.338885000000003
0.7838999999999914,2.3380500000000035
0.7855699999999913,2.3372150000000036
0.7872399999999913,2.3363800000000037
0.7889099999999912,2.3355450000000033
0.7905799999999912,2.334710000000004
0.7922499999999911,2.333875000000004
0.7939199999999911,2.3330400000000036
0.795589999999991,2.3322050000000036
0.797259999999991,2.3313700000000037
0.7989299999999909,2.330535000000004
0.8005999999999909,2.329700000000004
0.8022699999999908,2.3288650000000035
0.8039399999999908,2.3280300000000036
0.8056099999999907,2.327195000000004
0.8072799999999907,2.3263600000000038
0.8089499999999906,2.3255250000000034
0.8106199999999906,2.324690000000004
0.8122899999999905,2.323855000000004
0.8139599999999905,2.323020000000004
0.8156299999999904,2.3221850000000037
0.8172999999999904,2.3213500000000042
0.8189699999999903,2.3205150000000043
0.8206399999999903,2.319680000000004
0.8223099999999902,2.318845000000004
0.8239799999999902,2.318010000000004
0.8256499999999901,2.317175000000004
0.8273199999999901,2.3163400000000043
0.82898999999999,2.315505000000004
0.83065999999999,2.314670000000004
0.8323299999999899,2.3138350000000045
0.8339999999999899,2.313000000000004
0.8356699999999898,2.312165000000004
0.8373399999999898,2.3113300000000043
0.8390099999999897,2.3104950000000044
0.8406799999999897,2.3096600000000045
0.8423499999999896,2.308825000000004
0.8440199999999896,2.3079900000000046
0.8456899999999895,2.3071550000000047
0.8473599999999895,2.3063200000000044
0.8490299999999894,2.3054850000000044
0.8506999999999894,2.3046500000000045
0.8523699999999893,2.3038150000000046
0.8540399999999893,2.3029800000000042
0.8557099999999892,2.3021450000000043
0.8573799999999892,2.3013100000000044
0.8590499999999891,2.300475000000005
0.860719999999989,2.2996400000000046
0.862389999999989,2.298805000000004
0.864059999999989,2.2979700000000047
0.8657299999999889,2.297135000000005
0.8673999999999888,2.296300000000005
0.8690699999999888,2.2954650000000045
0.8707399999999887,2.294630000000005
0.8724099999999887,2.2937950000000047
0.8740799999999886,2.2929600000000048
0.8757499999999886,2.292125000000005
0.8774199999999885,2.2912900000000045
0.8790899999999885,2.290455000000005
0.8807599999999884,2.2896200000000047
0.8824299999999884,2.2887850000000047
0.8840999999999883,2.287950000000005
0.8857699999999883,2.2871150000000053
0.8874399999999882,2.286280000000005
0.8891099999999882,2.2854450000000046
0.8907799999999881,2.284610000000005
0.8924499999999881,2.283775000000005
0.894119999999988,2.2829400000000053
0.895789999999988,2.282105000000005
0.8974599999999879,2.281270000000005
0.8991299999999879,2.280435000000005
0.9007999999999878,2.279600000000005
0.9024699999999878,2.278765000000005
0.9041399999999877,2.277930000000005
0.9058099999999877,2.2770950000000054
0.9074799999999876,2.276260000000005
0.9091499999999876,2.2754250000000047
0.9108199999999875,2.274590000000005
0.9124899999999875,2.2737550000000057
0.9141599999999874,2.2729200000000054
0.9158299999999874,2.272085000000005
0.9174999999999873,2.2712500000000055
0.9191699999999873,2.2704150000000056
0.9208399999999872,2.2695800000000053
0.9225099999999872,2.2687450000000053
0.9241799999999871,2.2679100000000054
0.9258499999999871,2.2670750000000055
0.927519999999987,2.266240000000005
0.929189999999987,2.265405000000005
0.9308599999999869,2.2645700000000053
0.9325299999999869,2.263735000000006
0.9341999999999868,2.2629000000000055
0.9358699999999868,2.262065000000005
0.9375399999999867,2.2612300000000056
0.9392099999999867,2.2603950000000057
0.9408799999999866,2.259560000000006
0.9425499999999866,2.2587250000000054
0.9442199999999865,2.2578900000000055
0.9458899999999865,2.2570550000000056
0.9475599999999864,2.2562200000000057
0.9492299999999864,2.2553850000000057
0.9508999999999863,2.2545500000000054
0.9525699999999863,2.253715000000006
0.9542399999999862,2.2528800000000055
0.9559099999999862,2.2520450000000056
0.9575799999999861,2.2512100000000057
0.9592499999999861,2.2503750000000062
0.960919999999986,2.249540000000006
0.962589999999986,2.2487050000000055
0.9642599999999859,2.247870000000006
0.9659299999999859,2.247035000000006
0.9675999999999858,2.246200000000006
0.9692699999999858,2.245365000000006
0.9709399999999857,2.244530000000006
0.9726099999999857,2.243695000000006
0.9742799999999856,2.2428600000000056
0.9759499999999856,2.2420250000000057
0.9776199999999855,2.241190000000006
0.9792899999999854,2.2403550000000063
0.9809599999999854,2.239520000000006
0.9826299999999853,2.2386850000000056
0.9842999999999853,2.237850000000006
0.9859699999999852,2.2370150000000057
0.9876399999999852,2.2361800000000054
0.9893099999999851,2.2353450000000055
0.9909799999999851,2.2345100000000055
0.992649999999985,2.233675000000006
0.994319999999985,2.2328400000000057
0.9959899999999849,2.2320050000000053
0.9976599999999849,2.231170000000006
0.9993299999999848,2.2303350000000064
1.0009999999999848,2.229500000000006
1.0026699999999849,2.2286650000000057
1.004339999999985,2.227830000000006
1.006009999999985,2.226995000000006
1.007679999999985,2.226160000000006
1.009349999999985,2.225325000000006
1.0110199999999852,2.2244900000000056
1.0126899999999852,2.2236550000000057
1.0143599999999853,2.222820000000006
1.0160299999999853,2.2219850000000054
1.0176999999999854,2.221150000000006
1.0193699999999855,2.2203150000000056
1.0210399999999855,2.2194800000000057
1.0227099999999856,2.2186450000000058
1.0243799999999856,2.2178100000000054
1.0260499999999857,2.2169750000000055
1.0277199999999858,2.2161400000000055
1.0293899999999858,2.215305000000005
1.0310599999999859,2.2144700000000057
1.032729999999986,2.2136350000000053
1.034399999999986,2.2128000000000054
1.036069999999986,2.2119650000000055
1.0377399999999861,2.211130000000005
1.0394099999999862,2.2102950000000052
1.0410799999999862,2.2094600000000053
1.0427499999999863,2.208625000000005
1.0444199999999864,2.2077900000000055
1.0460899999999864,2.206955000000005
1.0477599999999865,2.206120000000005
1.0494299999999865,2.2052850000000053
1.0510999999999866,2.204450000000005
1.0527699999999867,2.203615000000005
1.0544399999999867,2.202780000000005
1.0561099999999868,2.2019450000000047
1.0577799999999868,2.2011100000000052
1.059449999999987,2.200275000000005
1.061119999999987,2.199440000000005
1.062789999999987,2.198605000000005
1.064459999999987,2.1977700000000047
1.0661299999999871,2.1969350000000047
1.0677999999999872,2.196100000000005
1.0694699999999873,2.1952650000000045
1.0711399999999873,2.194430000000005
1.0728099999999874,2.1935950000000046
1.0744799999999874,2.1927600000000047
1.0761499999999875,2.191925000000005
1.0778199999999876,2.1910900000000044
1.0794899999999876,2.190255000000005
1.0811599999999877,2.1894200000000046
1.0828299999999877,2.1885850000000047
1.0844999999999878,2.1877500000000047
1.0861699999999879,2.1869150000000044
1.087839999999988,2.1860800000000045
1.089509999999988,2.1852450000000045
1.091179999999988,2.1844100000000046
1.092849999999988,2.1835750000000047
1.0945199999999882,2.1827400000000043
1.0961899999999882,2.1819050000000044
1.0978599999999883,2.1810700000000045
1.0995299999999884,2.180235000000004
1.1011999999999884,2.1794000000000047
1.1028699999999885,2.1785650000000043
1.1045399999999885,2.1777300000000044
1.1062099999999886,2.1768950000000045
1.1078799999999887,2.176060000000004
1.1095499999999887,2.175225000000004
1.1112199999999888,2.1743900000000043
1.1128899999999888,2.173555000000004
1.114559999999989,2.1727200000000044
1.116229999999989,2.171885000000004
1.117899999999989,2.171050000000004
1.119569999999989,2.1702150000000042
1.1212399999999891,2.169380000000004
1.1229099999999892,2.168545000000004
1.1245799999999893,2.167710000000004
1.1262499999999893,2.1668750000000037
1.1279199999999894,2.166040000000004
1.1295899999999894,2.165205000000004
1.1312599999999895,2.164370000000004
1.1329299999999896,2.163535000000004
1.1345999999999896,2.1627000000000036
1.1362699999999897,2.1618650000000037
1.1379399999999897,2.161030000000004
1.1396099999999898,2.1601950000000034
1.1412799999999899,2.159360000000004
1.14294999999999,2.1585250000000036
1.14461999999999,2.1576900000000037
1.14628999999999,2.1568550000000037
1.14795999999999,2.1560200000000034
1.1496299999999902,2.1551850000000035
1.1512999999999902,2.1543500000000035
1.1529699999999903,2.153515000000003
1.1546399999999903,2.1526800000000037
1.1563099999999904,2.1518450000000033
1.1579799999999905,2.1510100000000034
1.1596499999999905,2.1501750000000035
1.1613199999999906,2.149340000000003
1.1629899999999906,2.148505000000003
1.1646599999999907,2.1476700000000033
1.1663299999999908,2.146835000000003
1.1679999999999908,2.1460000000000035
1.1696699999999909,2.145165000000003
1.171339999999991,2.144330000000003
1.173009999999991,2.1434950000000033
1.174679999999991,2.142660000000003
1.1763499999999911,2.141825000000003
1.1780199999999912,2.140990000000003
1.1796899999999912,2.1401550000000027
1.1813599999999913,2.139320000000003
1.1830299999999914,2.138485000000003
1.1846999999999914,2.1376500000000025
1.1863699999999915,2.136815000000002
1.1880399999999915,2.1359800000000027
1.1897099999999916,2.1351450000000023
1.1913799999999917,2.1343100000000024
1.1930499999999917,2.1334750000000025
1.1947199999999918,2.132640000000002
1.1963899999999918,2.1318050000000026
1.198059999999992,2.1309700000000023
1.199729999999992,2.1301350000000023
1.201399999999992,2.1293000000000024
1.203069999999992,2.128465000000002
1.2047399999999922,2.127630000000002
1.2064099999999922,2.126795000000002
1.2080799999999923,2.125960000000002
1.2097499999999923,2.1251250000000024
1.2114199999999924,2.124290000000002
1.2130899999999925,2.1234550000000016
1.2147599999999925,2.122620000000002
1.2164299999999926,2.121785000000002
1.2180999999999926,2.1209500000000023
1.2197699999999927,2.1201150000000015
1.2214399999999928,2.119280000000002
1.2231099999999928,2.1184450000000012
1.2247799999999929,2.1176100000000018
1.226449999999993,2.1167750000000014
1.228119999999993,2.115940000000002
1.229789999999993,2.1151050000000016
1.2314599999999931,2.114270000000002
1.2331299999999932,2.1134350000000017
1.2347999999999932,2.112600000000002
1.2364699999999933,2.1117650000000014
1.2381399999999934,2.1109300000000015
1.2398099999999934,2.110095000000001
1.2414799999999935,2.1092600000000017
1.2431499999999935,2.1084250000000013
1.2448199999999936,2.107590000000002
1.2464899999999937,2.1067550000000015
1.2481599999999937,2.1059200000000016
1.2498299999999938,2.105085000000001
1.2514999999999938,2.1042500000000017
1.253169999999994,2.103415000000001
1.254839999999994,2.1025800000000014
1.256509999999994,2.101745000000001
1.258179999999994,2.1009100000000016
1.2598499999999941,2.1000750000000012
1.2615199999999942,2.0992400000000013
1.2631899999999943,2.098405000000001
1.2648599999999943,2.0975700000000015
1.2665299999999944,2.096735000000001
1.2681999999999944,2.095900000000001
1.2698699999999945,2.095065000000001
1.2715399999999946,2.0942300000000014
1.2732099999999946,2.093395000000001
1.2748799999999947,2.092560000000001
1.2765499999999947,2.0917250000000007
1.2782199999999948,2.0908900000000012
1.2798899999999949,2.090055000000001
1.281559999999995,2.089220000000001
1.283229999999995,2.0883850000000006
1.284899999999995,2.087550000000001
1.286569999999995,2.0867150000000008
1.2882399999999952,2.085880000000001
1.2899099999999952,2.0850450000000005
1.2915799999999953,2.084210000000001
1.2932499999999953,2.0833750000000006
1.2949199999999954,2.0825400000000007
1.2965899999999955,2.0817050000000004
1.2982599999999955,2.080870000000001
1.2999299999999956,2.0800350000000005
1.3015999999999956,2.0792000000000006
1.3032699999999957,2.0783650000000002
1.3049399999999958,2.0775300000000008
1.3066099999999958,2.0766950000000004
1.308279999999996,2.0758600000000005
1.309949999999996,2.075025000000001
1.311619999999996,2.0741900000000006
1.313289999999996,2.0733550000000003
1.3149599999999961,2.0725200000000004
1.3166299999999962,2.071685
1.3182999999999963,2.0708500000000005
1.3199699999999963,2.070015
1.3216399999999964,2.0691800000000002
1.3233099999999964,2.068345
1.3249799999999965,2.0675100000000004
1.3266499999999966,2.066675
1.3283199999999966,2.06584
1.3299899999999967,2.0650049999999998
1.3316599999999967,2.0641700000000003
1.3333299999999968,2.063335
1.3349999999999969,2.0625
1.336669999999997,2.0616649999999996
1.338339999999997,2.06083
1.340009999999997,2.059995
1.341679999999997,2.05916
1.3433499999999972,2.0583249999999995
1.3450199999999972,2.05749
1.3466899999999973,2.0566549999999997
1.3483599999999973,2.0558199999999998
1.3500299999999974,2.0549849999999994
1.3516999999999975,2.05415
1.3533699999999975,2.0533149999999996
1.3550399999999976,2.0524799999999996
1.3567099999999976,2.0516449999999993
1.3583799999999977,2.05081
1.3600499999999978,2.0499749999999994
1.3617199999999978,2.0491399999999986
1.3633899999999979,2.048304999999999
1.365059999999998,2.047469999999999
1.366729999999998,2.0466349999999993
1.368399999999998,2.0457999999999985
1.3700699999999981,2.044964999999999
1.3717399999999982,2.0441299999999987
1.3734099999999982,2.043294999999999
1.3750799999999983,2.0424599999999984
1.3767499999999984,2.041624999999999
1.3784199999999984,2.0407899999999985
1.3800899999999985,2.039954999999999
1.3817599999999985,2.0391199999999983
1.3834299999999986,2.038284999999999
1.3850999999999987,2.0374499999999984
1.3867699999999987,2.036614999999999
1.3884399999999988,2.035779999999998
1.3901099999999988,2.0349449999999987
1.391779999999999,2.0341099999999983
1.393449999999999,2.033274999999999
1.395119999999999,2.032439999999998
1.396789999999999,2.0316049999999986
1.3984599999999991,2.030769999999998
1.4001299999999992,2.0299349999999987
1.4017999999999993,2.029099999999998
1.4034699999999993,2.0282649999999984
1.4051399999999994,2.027429999999998
1.4068099999999994,2.0265949999999986
1.4084799999999995,2.025759999999998
1.4101499999999996,2.0249249999999983
1.4118199999999996,2.024089999999998
1.4134899999999997,2.0232549999999985
1.4151599999999998,2.0224199999999977
1.4168299999999998,2.021584999999998
1.4184999999999999,2.020749999999998
1.42017,2.0199149999999984
1.42184,2.0190799999999975
1.42351,2.018244999999998
1.4251800000000001,2.0174099999999977
1.4268500000000002,2.0165749999999982
1.4285200000000002,2.0157399999999974
1.4301900000000003,2.014904999999998
1.4318600000000004,2.0140699999999976
1.4335300000000004,2.013234999999998
1.4352000000000005,2.0123999999999973
1.4368700000000005,2.011564999999998
1.4385400000000006,2.0107299999999975
1.4402100000000007,2.009894999999998
1.4418800000000007,2.009059999999997
1.4435500000000008,2.0082249999999977
1.4452200000000008,2.0073899999999973
1.446890000000001,2.006554999999998
1.448560000000001,2.005719999999997
1.450230000000001,2.0048849999999976
1.451900000000001,2.0040499999999972
1.4535700000000011,2.0032149999999977
1.4552400000000012,2.002379999999997
1.4569100000000013,2.0015449999999975
1.4585800000000013,2.000709999999997
1.4602500000000014,2.000382352941175
1.4619200000000014,2.0029364705882338
1.4635900000000015,2.0054905882352934
1.4652600000000016,2.008044705882352
1.4669300000000016,2.0105988235294108
1.4686000000000017,2.0131529411764695
1.4702700000000017,2.015707058823528
1.4719400000000018,2.018261176470588
1.4736100000000019,2.0208152941176465
1.475280000000002,2.023369411764705
1.476950000000002,2.025923529411764
1.478620000000002,2.0284776470588226
1.480290000000002,2.031031764705882
1.4819600000000022,2.033585882352941
1.4836300000000022,2.0361399999999996
1.4853000000000023,2.0386941176470583
1.4869700000000023,2.041248235294118
1.4886400000000024,2.0437918446601944
1.4903100000000025,2.046288737864078
1.4919800000000025,2.0487856310679615
1.4936500000000026,2.051282524271845
1.4953200000000026,2.0537794174757287
1.4969900000000027,2.0562763106796123
1.4986600000000028,2.058773203883496
1.5003300000000028,2.0612700970873785
1.5020000000000029,2.063766990291263
1.503670000000003,2.0662638834951474
1.505340000000003,2.068760776699031
1.507010000000003,2.0712576699029137
1.5086800000000031,2.073754563106798
1.5103500000000032,2.0762514563106826
1.5120200000000033,2.0787483495145653
1.5136900000000033,2.081245242718448
1.5153600000000034,2.0837421359223325
1.5170300000000034,2.086239029126217
1.5187000000000035,2.0887359223300996
1.5203700000000036,2.0912328155339823
1.5220400000000036,2.093729708737867
1.5237100000000037,2.0962266019417513
1.5253800000000037,2.098723495145634
1.5270500000000038,2.1012203883495166
1.5287200000000039,2.103717281553401
1.530390000000004,2.1062141747572856
1.532060000000004,2.1087110679611683
1.533730000000004,2.111207961165051
1.535400000000004,2.1137048543689354
1.5370700000000042,2.11620174757282
1.5387400000000042,2.1186986407767026
1.5404100000000043,2.1211955339805852
1.5420800000000043,2.1236924271844697
1.5437500000000044,2.126189320388354
1.5454200000000045,2.128686213592237
1.5470900000000045,2.1311831067961196
1.5487600000000046,2.133680000000004
1.5504300000000046,2.1361768932038885
1.5521000000000047,2.138673786407771
1.5537700000000048,2.141170679611654
1.5554400000000048,2.1436675728155383
1.5571100000000049,2.146164466019423
1.558780000000005,2.1486613592233055
1.560450000000005,2.151158252427188
1.562120000000005,2.1536551456310726
1.5637900000000051,2.156152038834957
1.5654600000000052,2.15864893203884
1.5671300000000052,2.1611458252427225
1.5688000000000053,2.163642718446607
1.5704700000000054,2.1661396116504914
1.5721400000000054,2.168636504854374
1.5738100000000055,2.1711333980582577
1.5754800000000055,2.1736302912621412
1.5771500000000056,2.1761271844660257
1.5788200000000057,2.1786240776699084
1.5804900000000057,2.181120970873792
1.5821600000000058,2.1836178640776756
1.5838300000000058,2.18611475728156
1.585500000000006,2.1886116504854427
1.587170000000006,2.1911085436893254
1.588840000000006,2.19360543689321
1.590510000000006,2.1961023300970943
1.5921800000000061,2.198599223300977
1.5938500000000062,2.2010961165048597
1.5955200000000063,2.203593009708744
1.5971900000000063,2.2060899029126286
1.5988600000000064,2.2085867961165113
1.6005300000000064,2.211083689320394
1.6022000000000065,2.2135805825242785
1.6038700000000066,2.216077475728163
1.6055400000000066,2.2185743689320456
1.6072100000000067,2.2210712621359283
1.6088800000000067,2.223568155339813
1.6105500000000068,2.2260650485436972
1.6122200000000069,2.22856194174758
1.613890000000007,2.2310588349514626
1.615560000000007,2.233555728155347
1.617230000000007,2.2360526213592316
1.6189000000000071,2.2385495145631142
1.6205700000000072,2.241046407766997
1.6222400000000072,2.2435433009708814
1.6239100000000073,2.246040194174766
1.6255800000000074,2.2485370873786485
1.6272500000000074,2.2510339805825312
1.6289200000000075,2.2535308737864157
1.6305900000000075,2.2560277669903
1.6322600000000076,2.258524660194183
1.6339300000000077,2.2610215533980655
1.6356000000000077,2.26351844660195
1.6372700000000078,2.2660153398058345
1.6389400000000078,2.268512233009717
1.640610000000008,2.2710091262136
1.642280000000008,2.2735060194174843
1.643950000000008,2.276002912621369
1.645620000000008,2.2784998058252515
1.6472900000000081,2.280996699029134
1.6489600000000082,2.2834935922330186
1.6506300000000083,2.285990485436903
1.6523000000000083,2.2884873786407858
1.6539700000000084,2.2909842718446685
1.6556400000000084,2.293481165048553
1.6573100000000085,2.2959780582524374
1.6589800000000086,2.29847495145632
1.6606500000000086,2.3009941176470683
1.6623200000000087,2.303548235294128
1.6639900000000087,2.3061023529411875
1.6656600000000088,2.3086564705882453
1.6673300000000089,2.311210588235304
1.669000000000009,2.3137647058823636
1.670670000000009,2.316318823529423
1.672340000000009,2.318872941176481
1.674010000000009,2.3214270588235397
1.6756800000000092,2.3239811764705993
1.6773500000000092,2.326535294117659
1.6790200000000093,2.3290894117647167
1.6806900000000093,2.3316435294117746
1.6823600000000094,2.334197647058834
1.6840300000000095,2.3367517647058946
1.6857000000000095,2.3393058823529524
1.6873700000000096,2.3418600000000103
1.6890400000000096,2.3443899029126327
1.6907100000000097,2.346886796116517
1.6923800000000098,2.3493836893204
1.6940500000000098,2.3518805825242826
1.6957200000000099,2.354377475728167
1.69739000000001,2.3568743689320515
1.69906000000001,2.359371262135934
1.70073000000001,2.361868155339817
1.7024000000000101,2.3643650485437013
1.7040700000000102,2.366861941747586
1.7057400000000102,2.3693588349514685
1.7074100000000103,2.371855728155351
1.7090800000000104,2.3743526213592356
1.7107500000000104,2.37684951456312
1.7124200000000105,2.379346407767003
1.7140900000000105,2.3818433009708855
1.7157600000000106,2.38434019417477
1.7174300000000107,2.3868370873786544
1.7191000000000107,2.389333980582537
1.7207700000000108,2.39183087378642
1.7224400000000109,2.3943277669903043
1.724110000000011,2.3968246601941887
1.725780000000011,2.3993215533980714
1.727450000000011,2.401818446601954
1.729120000000011,2.4043153398058386
1.7307900000000112,2.406812233009723
1.7324600000000112,2.4093091262136057
1.7341300000000113,2.4118060194174884
1.7358000000000113,2.4143029126213733
1.7374700000000114,2.4167998058252578
1.7391400000000115,2.4192966990291405
1.7408100000000115,2.421793592233023
1.7424800000000116,2.4242904854369076
1.7441500000000116,2.426787378640792
1.7458200000000117,2.4292842718446748
1.7474900000000118,2.4317811650485575
1.7491600000000118,2.434278058252442
1.7508300000000119,2.4367749514563264
1.752500000000012,2.439271844660209
1.754170000000012,2.4417687378640918
1.755840000000012,2.4442656310679762
1.7575100000000121,2.4467625242718607
1.7591800000000122,2.4492594174757434
1.7608500000000122,2.451756310679626
1.7625200000000123,2.4542532038835105
1.7641900000000124,2.456750097087395
1.7658600000000124,2.4592469902912777
1.7675300000000125,2.4617438834951604
1.7692000000000125,2.464240776699045
1.7708700000000126,2.4667376699029293
1.7725400000000127,2.469234563106812
1.7742100000000127,2.4717314563106947
1.7758800000000128,2.474228349514579
1.7775500000000128,2.4767252427184636
1.779220000000013,2.4792221359223463
1.780890000000013,2.481719029126229
1.782560000000013,2.4842159223301135
1.784230000000013,2.486712815533998
1.7859000000000131,2.4892097087378806
1.7875700000000132,2.4917066019417633
1.7892400000000133,2.4942034951456478
1.7909100000000133,2.4967003883495322
1.7925800000000134,2.499197281553415
1.7942500000000134,2.5016941747572976
1.7959200000000135,2.504191067961182
1.7975900000000136,2.5066879611650665
1.7992600000000136,2.5091848543689492
1.8009300000000137,2.511681747572832
1.8026000000000137,2.5141786407767164
1.8042700000000138,2.516675533980601
1.8059400000000139,2.5191724271844835
1.807610000000014,2.521669320388366
1.809280000000014,2.5241662135922507
1.810950000000014,2.526663106796135
1.812620000000014,2.529160000000018
1.8142900000000142,2.5316568932039005
1.8159600000000142,2.534153786407785
1.8176300000000143,2.5366506796116695
1.8193000000000144,2.539147572815552
1.8209700000000144,2.541644466019435
1.8226400000000145,2.5441413592233193
1.8243100000000145,2.5466382524272038
1.8259800000000146,2.5491351456310865
1.8276500000000147,2.551632038834969
1.8293200000000147,2.5541289320388536
1.8309900000000148,2.556625825242738
1.8326600000000148,2.5591227184466208
1.834330000000015,2.5616196116505034
1.836000000000015,2.564116504854388
1.837670000000015,2.5666133980582724
1.839340000000015,2.569110291262155
1.8410100000000151,2.5716071844660378
1.8426800000000152,2.574104077669922
1.8443500000000153,2.5766009708738067
1.8460200000000153,2.5790978640776894
1.8476900000000154,2.581594757281572
1.8493600000000154,2.5840916504854565
1.8510300000000155,2.586588543689341
1.8527000000000156,2.5890854368932237
1.8543700000000156,2.5915823300971073
1.8560400000000157,2.594079223300991
1.8577100000000157,2.5965761165048753
1.8593800000000158,2.599073009708758
1.8610500000000159,2.601605882352962
1.862720000000016,2.6041600000000216
1.864390000000016,2.606714117647081
1.866060000000016,2.609268235294139
1.867730000000016,2.611822352941197
1.8694000000000162,2.6143764705882564
1.8710700000000162,2.616930588235317
1.8727400000000163,2.6194847058823747
1.8744100000000163,2.6220388235294325
1.8760800000000164,2.624592941176492
1.8777500000000165,2.6271470588235517
1.8794200000000165,2.6297011764706104
1.8810900000000166,2.6322552941176682
1.8827600000000166,2.634809411764728
1.8844300000000167,2.6373635294117874
1.8861000000000168,2.639917647058846
1.8877700000000168,2.642471764705904
1.8894400000000169,2.6449879611650706
1.891110000000017,2.647484854368955
1.892780000000017,2.6499817475728378
1.894450000000017,2.6524786407767205
1.8961200000000171,2.654975533980605
1.8977900000000172,2.6574724271844894
1.8994600000000172,2.659969320388372
1.9011300000000173,2.6624662135922548
1.9028000000000174,2.6649631067961392
1.9044700000000174,2.667460000000023
1.9061400000000175,2.6699568932039064
1.9078100000000175,2.672453786407789
1.9094800000000176,2.6749506796116727
1.9111500000000177,2.677447572815557
1.9128200000000177,2.67994446601944
1.9144900000000178,2.6824413592233234
1.9161600000000178,2.684938252427207
1.917830000000018,2.6874351456310914
1.919500000000018,2.689932038834974
1.921170000000018,2.6924289320388577
1.922840000000018,2.694925825242742
1.9245100000000182,2.6974227184466257
1.9261800000000182,2.6999196116505093
1.9278500000000183,2.702416504854392
1.9295200000000183,2.7049133980582765
1.9311900000000184,2.707410291262161
1.9328600000000185,2.7099071844660436
1.9345300000000185,2.7124040776699263
1.9362000000000186,2.7149009708738108
1.9378700000000186,2.7173978640776952
1.9395400000000187,2.719894757281578
1.9412100000000188,2.7223916504854606
1.9428800000000188,2.724888543689345
1.9445500000000189,2.7273854368932295
1.946220000000019,2.7298823300971122
1.947890000000019,2.732379223300995
1.949560000000019,2.7348761165048794
1.9512300000000191,2.737373009708764
1.9529000000000192,2.7398699029126465
1.9545700000000192,2.7423667961165292
1.9562400000000193,2.7448636893204137
1.9579100000000194,2.747360582524298
1.9595800000000194,2.749857475728181
1.9612500000000195,2.7523543689320635
1.9629200000000195,2.754851262135948
1.9645900000000196,2.7573481553398325
1.9662600000000197,2.759845048543715
1.9679300000000197,2.762341941747598
1.9696000000000198,2.7648388349514823
1.9712700000000198,2.7673357281553668
1.97294000000002,2.7698326213592495
1.97461000000002,2.772329514563132
1.97628000000002,2.7748264077670166
1.97795000000002,2.777323300970901
1.9796200000000201,2.7798201941747838
1.9812900000000202,2.7823170873786665
1.9829600000000203,2.784813980582551
1.9846300000000203,2.787310873786436
1.9863000000000204,2.7898077669903185
1.9879700000000204,2.792304660194201
1.9896400000000205,2.7948015533980857
1.9913100000000206,2.79729844660197
1.9929800000000206,2.799795339805853
1.9946500000000207,2.8022922330097355
1.9963200000000207,2.80478912621362
1.9979900000000208,2.8072860194175044
1.9996600000000209,2.809782912621387
2.0013300000000207,2.8122798058252703
2.0030000000000205,2.8147766990291543
2.0046700000000204,2.8172735922330374
2.00634000000002,2.8197704854369205
2.00801000000002,2.8222673786408037
2.00968000000002,2.824764271844687
2.0113500000000197,2.82726116504857
2.0130200000000196,2.829758058252453
2.0146900000000194,2.832254951456336
2.0163600000000192,2.8347518446602193
2.018030000000019,2.8372487378641034
2.019700000000019,2.8397456310679865
2.0213700000000188,2.8422425242718696
2.0230400000000186,2.8447394174757528
2.0247100000000184,2.847236310679636
2.0263800000000183,2.849733203883519
2.028050000000018,2.852230097087402
2.029720000000018,2.8547269902912853
2.031390000000018,2.8572238834951684
2.0330600000000176,2.8597207766990516
2.0347300000000175,2.8622176699029356
2.0364000000000173,2.8647145631068187
2.038070000000017,2.867211456310702
2.039740000000017,2.869708349514585
2.041410000000017,2.872205242718468
2.0430800000000167,2.8747021359223512
2.0447500000000165,2.8771990291262344
2.0464200000000163,2.8796959223301175
2.048090000000016,2.8821928155340006
2.049760000000016,2.8846897087378847
2.051430000000016,2.887186601941768
2.0531000000000157,2.889683495145651
2.0547700000000155,2.892180388349534
2.0564400000000154,2.894677281553417
2.058110000000015,2.8971741747573003
2.059780000000015,2.8996710679611835
2.061450000000015,2.9022176470588428
2.0631200000000147,2.904771764705901
2.0647900000000146,2.9073258823529593
2.0664600000000144,2.9098800000000185
2.0681300000000142,2.9124341176470767
2.069800000000014,2.914988235294135
2.071470000000014,2.917542352941194
2.0731400000000137,2.9200964705882524
2.0748100000000136,2.9226505882353115
2.0764800000000134,2.92520470588237
2.0781500000000133,2.927758823529428
2.079820000000013,2.930312941176487
2.081490000000013,2.9328670588235455
2.083160000000013,2.9354211764706046
2.0848300000000126,2.937975294117663
2.0865000000000125,2.940529411764721
2.0881700000000123,2.9430835294117803
2.089840000000012,2.9455860194174908
2.091510000000012,2.948082912621374
2.093180000000012,2.950579805825257
2.0948500000000116,2.95307669902914
2.0965200000000115,2.9555735922330233
2.0981900000000113,2.9580704854369064
2.099860000000011,2.9605673786407896
2.101530000000011,2.9630642718446727
2.103200000000011,2.9655611650485567
2.1048700000000107,2.96805805825244
2.1065400000000105,2.970554951456323
2.1082100000000104,2.973051844660206
2.10988000000001,2.9755487378640892
2.11155000000001,2.9780456310679724
2.11322000000001,2.9805425242718555
2.1148900000000097,2.9830394174757386
2.1165600000000095,2.9855363106796218
2.1182300000000094,2.988033203883506
2.119900000000009,2.990530097087389
2.121570000000009,2.993026990291272
2.123240000000009,2.995523883495155
2.1249100000000087,2.9980207766990383
2.1265800000000086,3.0005176699029215
2.1282500000000084,3.0030145631068055
2.1299200000000083,3.0055114563106886
2.131590000000008,3.0080083495145717
2.133260000000008,3.010505242718455
2.1349300000000078,3.013002135922338
2.1366000000000076,3.015499029126221
2.1382700000000074,3.0179959223301043
2.1399400000000073,3.0204928155339883
2.141610000000007,3.0229897087378714
2.143280000000007,3.0254866019417546
2.144950000000007,3.0279834951456377
2.1466200000000066,3.030480388349521
2.1482900000000065,3.032977281553404
2.1499600000000063,3.035474174757287
2.151630000000006,3.037971067961171
2.153300000000006,3.0404679611650542
2.154970000000006,3.0429648543689374
2.1566400000000057,3.0454617475728205
2.1583100000000055,3.0479586407767036
2.1599800000000053,3.0504555339805868
2.161650000000005,3.05295242718447
2.163320000000005,3.055449320388353
2.164990000000005,3.057946213592236
2.1666600000000047,3.06044310679612
2.1683300000000045,3.0629400000000033
2.1700000000000044,3.0654368932038865
2.171670000000004,3.0679337864077696
2.173340000000004,3.0704306796116527
2.175010000000004,3.072927572815536
2.1766800000000037,3.075424466019419
2.1783500000000036,3.077921359223302
2.1800200000000034,3.0804182524271853
2.1816900000000032,3.0829151456310684
2.183360000000003,3.0854120388349524
2.185030000000003,3.087908932038836
2.1867000000000028,3.090405825242719
2.1883700000000026,3.0929027184466023
2.1900400000000024,3.0953996116504854
2.1917100000000023,3.0978965048543685
2.193380000000002,3.1003933980582516
2.195050000000002,3.102890291262135
2.196720000000002,3.105387184466018
2.1983900000000016,3.107884077669902
2.2000600000000015,3.110380970873785
2.2017300000000013,3.112877864077668
2.203400000000001,3.1153747572815513
2.205070000000001,3.1178716504854345
2.206740000000001,3.1203685436893176
2.2084100000000007,3.1228654368932007
2.2100800000000005,3.1253623300970848
2.2117500000000003,3.127859223300968
2.21342,3.130356116504851
2.21509,3.132853009708734
2.21676,3.1353499029126173
2.2184299999999997,3.1378467961165004
2.2200999999999995,3.1403436893203835
2.2217699999999994,3.1428405825242676
2.223439999999999,3.1453374757281507
2.225109999999999,3.147834368932034
2.226779999999999,3.150331262135917
2.2284499999999987,3.1528281553398
2.2301199999999985,3.1553250485436832
2.2317899999999984,3.1578219417475673
2.2334599999999982,3.1603188349514504
2.235129999999998,3.1628157281553335
2.236799999999998,3.1653126213592166
2.2384699999999977,3.1678095145631
2.2401399999999976,3.170306407766983
2.2418099999999974,3.172803300970866
2.2434799999999973,3.175300194174749
2.245149999999997,3.1777970873786323
2.246819999999997,3.1802939805825163
2.2484899999999968,3.1827908737863995
2.2501599999999966,3.1852877669902826
2.2518299999999964,3.1877846601941657
2.2534999999999963,3.190281553398049
2.255169999999996,3.192778446601932
2.256839999999996,3.195275339805815
2.258509999999996,3.1977722330096983
2.2601799999999956,3.2002752941176364
2.2618499999999955,3.2028294117646947
2.2635199999999953,3.205383529411754
2.265189999999995,3.207937647058812
2.266859999999995,3.2104917647058713
2.268529999999995,3.2130458823529295
2.2701999999999947,3.215599999999988
2.2718699999999945,3.218154117647047
2.2735399999999943,3.220708235294105
2.275209999999994,3.2232623529411635
2.276879999999994,3.2258164705882226
2.278549999999994,3.228370588235281
2.2802199999999937,3.23092470588234
2.2818899999999935,3.2334788235293983
2.2835599999999934,3.2360329411764566
2.285229999999993,3.2385870588235157
2.286899999999993,3.241141176470574
2.288569999999993,3.2436871844660056
2.2902399999999927,3.2461840776698887
2.2919099999999926,3.248680970873772
2.2935799999999924,3.251177864077655
2.2952499999999922,3.253674757281538
2.296919999999992,3.2561716504854212
2.298589999999992,3.2586685436893044
2.3002599999999918,3.2611654368931884
2.3019299999999916,3.2636623300970715
2.3035999999999914,3.2661592233009547
2.3052699999999913,3.268656116504838
2.306939999999991,3.271153009708721
2.308609999999991,3.273649902912604
2.310279999999991,3.276146796116487
2.3119499999999906,3.2786436893203703
2.3136199999999905,3.2811405825242534
2.3152899999999903,3.2836374757281375
2.31695999999999,3.2861343689320206
2.31862999999999,3.2886312621359037
2.32029999999999,3.291128155339787
2.3219699999999897,3.29362504854367
2.3236399999999895,3.296121941747553
2.3253099999999893,3.2986188349514363
2.326979999999989,3.3011157281553194
2.328649999999989,3.3036126213592025
2.330319999999989,3.3061095145630857
2.3319899999999887,3.3086064077669697
2.3336599999999885,3.311103300970853
2.3353299999999884,3.313600194174736
2.336999999999988,3.316097087378619
2.338669999999988,3.318593980582502
2.340339999999988,3.3210908737863853
2.3420099999999877,3.3235877669902685
2.3436799999999876,3.3260846601941516
2.3453499999999874,3.3285815533980347
2.3470199999999872,3.3310784466019188
2.348689999999987,3.333575339805802
2.350359999999987,3.336072233009685
2.3520299999999867,3.338569126213568
2.3536999999999866,3.3410660194174513
2.3553699999999864,3.3435629126213344
2.3570399999999863,3.3460598058252184
2.358709999999986,3.3485566990291016
2.360379999999986,3.3510535922329856
2.3620499999999858,3.3535504854368687
2.3637199999999856,3.356047378640752
2.3653899999999854,3.358544271844635
2.3670599999999853,3.361041165048519
2.368729999999985,3.363538058252402
2.370399999999985,3.3660349514562853
2.372069999999985,3.3685318446601684
2.3737399999999846,3.3710287378640515
2.3754099999999845,3.3735256310679347
2.3770799999999843,3.376022524271818
2.378749999999984,3.378519417475702
2.380419999999984,3.381016310679585
2.382089999999984,3.383513203883468
2.3837599999999837,3.3860100970873512
2.3854299999999835,3.3885069902912344
2.3870999999999833,3.3910038834951175
2.388769999999983,3.3935007766990006
2.390439999999983,3.3959976699028838
2.392109999999983,3.398494563106767
2.3937799999999827,3.40099145631065
2.3954499999999825,3.403488349514534
2.3971199999999824,3.405985242718417
2.398789999999982,3.4084821359223003
2.400459999999982,3.4109790291261834
2.402129999999982,3.4134759223300666
2.4037999999999817,3.4159728155339497
2.4054699999999816,3.418469708737833
2.4071399999999814,3.420966601941716
2.4088099999999812,3.4234634951456
2.410479999999981,3.425960388349483
2.412149999999981,3.4284572815533663
2.4138199999999808,3.4309541747572494
2.4154899999999806,3.4334510679611325
2.4171599999999804,3.4359479611650157
2.4188299999999803,3.4384448543688997
2.42049999999998,3.440941747572783
2.42216999999998,3.443438640776666
2.42383999999998,3.445935533980549
2.4255099999999796,3.448432427184432
2.4271799999999795,3.4509293203883153
2.4288499999999793,3.4534262135921994
2.430519999999979,3.4559231067960825
2.432189999999979,3.4584199999999656
2.433859999999979,3.4609168932038488
2.4355299999999787,3.463413786407732
2.4371999999999785,3.465910679611615
2.4388699999999783,3.468407572815498
2.440539999999978,3.4709044660193813
2.442209999999978,3.4734013592232653
2.443879999999978,3.4758982524271484
2.4455499999999777,3.4783951456310316
2.4472199999999775,3.4808920388349147
2.4488899999999774,3.483388932038798
2.450559999999977,3.485885825242681
2.452229999999977,3.488382718446564
2.453899999999977,3.4908796116504472
2.4555699999999767,3.4933765048543304
2.4572399999999766,3.4958733980582135
2.4589099999999764,3.4983702912620975
2.4605799999999762,3.500062032085557
2.462249999999976,3.5002406417112253
2.463919999999976,3.5004192513368926
2.4655899999999757,3.5005978609625616
2.4672599999999756,3.50077647058823
2.4689299999999754,3.500955080213899
2.4705999999999753,3.501133689839568
2.472269999999975,3.501312299465236
2.473939999999975,3.5014909090909034
2.4756099999999748,3.5016695187165725
2.4772799999999746,3.5018481283422407
2.4789499999999745,3.5020267379679098
2.4806199999999743,3.502205347593579
2.482289999999974,3.502383957219247
2.483959999999974,3.5025625668449143
2.485629999999974,3.5027411764705834
2.4872999999999736,3.5029197860962515
2.4889699999999735,3.503066757281549
2.4906399999999733,3.5032418640776646
2.492309999999973,3.503416970873782
2.493979999999973,3.5035920776698974
2.495649999999973,3.503767184466014
2.4973199999999727,3.503942291262131
2.4989899999999725,3.5041173980582467
2.5006599999999723,3.504292504854364
2.502329999999972,3.5044676116504796
2.503999999999972,3.504642718446596
2.505669999999972,3.5048178252427133
2.5073399999999717,3.504992932038829
2.5090099999999715,3.505168038834946
2.5106799999999714,3.505343145631061
2.512349999999971,3.505518252427178
2.514019999999971,3.5056933592232955
2.515689999999971,3.505868466019411
2.5173599999999707,3.5060435728155284
2.5190299999999706,3.5062186796116457
2.5206999999999704,3.5063937864077603
2.5223699999999702,3.5065688932038777
2.52403999999997,3.506743999999995
2.52570999999997,3.5069191067961105
2.5273799999999698,3.507094213592228
2.5290499999999696,3.5072693203883434
2.5307199999999694,3.5074444271844607
2.5323899999999693,3.507619533980578
2.534059999999969,3.5077946407766936
2.535729999999969,3.50796974757281
2.537399999999969,3.5081448543689273
2.5390699999999686,3.508319961165043
2.5407399999999685,3.50849506796116
2.5424099999999683,3.5086701747572775
2.544079999999968,3.508845281553393
2.545749999999968,3.5090203883495104
2.547419999999968,3.5091954951456277
2.5490899999999677,3.509370601941743
2.5507599999999675,3.5095457087378596
2.5524299999999673,3.509720815533975
2.554099999999967,3.5098959223300925
2.555769999999967,3.51007102912621
2.557439999999967,3.5102461359223254
2.5591099999999667,3.5104212427184427
2.5607799999999665,3.5105963495145573
2.5624499999999664,3.5107714563106747
2.564119999999966,3.510946563106792
2.565789999999966,3.5111216699029075
2.567459999999966,3.511296776699025
2.5691299999999657,3.5114718834951404
2.5707999999999656,3.511646990291257
2.5724699999999654,3.511822097087374
2.5741399999999652,3.5119972038834897
2.575809999999965,3.512172310679607
2.577479999999965,3.5123474174757225
2.5791499999999647,3.51252252427184
2.5808199999999646,3.512697631067957
2.5824899999999644,3.5128727378640727
2.5841599999999643,3.513047844660189
2.585829999999964,3.5132229514563047
2.587499999999964,3.513398058252422
2.589169999999964,3.5135731650485393
2.5908399999999636,3.513748271844655
2.5925099999999635,3.513923378640772
2.5941799999999633,3.5140984854368877
2.595849999999963,3.514273592233005
2.597519999999963,3.5144486990291224
2.599189999999963,3.514623805825237
2.6008599999999626,3.5147989126213544
2.6025299999999625,3.51497401941747
2.6041999999999623,3.515149126213587
2.605869999999962,3.5153242330097045
2.607539999999962,3.51549933980582
2.609209999999962,3.5156744466019374
2.6108799999999617,3.515849553398053
2.6125499999999615,3.5160246601941703
2.6142199999999614,3.5161997669902876
2.615889999999961,3.5163748737864022
2.617559999999961,3.5165499805825196
2.619229999999961,3.516725087378635
2.6208999999999607,3.5169001941747524
2.6225699999999605,3.5170753009708697
2.6242399999999604,3.5172504077669853
2.62590999999996,3.5174255145631026
2.62757999999996,3.517600621359218
2.62924999999996,3.5177757281553355
2.6309199999999597,3.517950834951452
2.6325899999999596,3.5181259417475674
2.6342599999999594,3.5183010485436848
2.6359299999999593,3.5184761553398003
2.637599999999959,3.5186512621359176
2.639269999999959,3.518826368932035
2.6409399999999588,3.5190014757281496
2.6426099999999586,3.519176582524267
2.6442799999999584,3.5193516893203824
2.6459499999999583,3.5195267961164998
2.647619999999958,3.519701902912617
2.649289999999958,3.5198770097087326
2.650959999999958,3.52005211650485
2.6526299999999576,3.5202272233009646
2.6542999999999575,3.520402330097082
2.6559699999999573,3.5205774368931992
2.657639999999957,3.520752543689315
2.659309999999957,3.520927650485432
2.660979999999957,3.5210691764705855
2.6626499999999567,3.521187058823526
2.6643199999999565,3.521304941176467
2.6659899999999563,3.5214228235294094
2.667659999999956,3.52154070588235
2.669329999999956,3.521658588235291
2.670999999999956,3.5217764705882333
2.6726699999999557,3.5218943529411737
2.6743399999999555,3.522012235294115
2.6760099999999554,3.522130117647057
2.677679999999955,3.5222479999999976
2.679349999999955,3.522365882352939
2.681019999999955,3.522483764705881
2.6826899999999547,3.5226016470588215
2.6843599999999546,3.522719529411763
2.6860299999999544,3.522837411764703
2.6876999999999542,3.5229552941176454
2.689369999999954,3.523108699029123
2.691039999999954,3.5232838058252387
2.6927099999999538,3.523458912621356
2.6943799999999536,3.5236340194174716
2.6960499999999534,3.523809126213588
2.6977199999999533,3.5239842330097053
2.699389999999953,3.524159339805821
2.701059999999953,3.524334446601938
2.702729999999953,3.5245095533980537
2.7043999999999526,3.524684660194171
2.7060699999999525,3.5248597669902875
2.7077399999999523,3.525034873786403
2.709409999999952,3.5252099805825203
2.711079999999952,3.525385087378636
2.712749999999952,3.525560194174753
2.7144199999999516,3.5257353009708705
2.7160899999999515,3.525910407766986
2.7177599999999513,3.5260855145631025
2.719429999999951,3.526260621359218
2.721099999999951,3.5264357281553353
2.722769999999951,3.5266108349514527
2.7244399999999507,3.526785941747568
2.7261099999999505,3.5269610485436855
2.7277799999999504,3.527136155339801
2.72944999999995,3.5273112621359184
2.73111999999995,3.5274863689320357
2.73278999999995,3.5276614757281504
2.7344599999999497,3.5278365825242677
2.7361299999999495,3.5280116893203832
2.7377999999999494,3.5281867961165005
2.7394699999999492,3.528361902912618
2.741139999999949,3.5285370097087334
2.742809999999949,3.5287121165048507
2.7444799999999487,3.5288872233009663
2.7461499999999486,3.5290623300970836
2.7478199999999484,3.5292374368932
2.7494899999999483,3.5294125436893156
2.751159999999948,3.529587650485433
2.752829999999948,3.5297627572815484
2.7544999999999478,3.5299378640776657
2.7561699999999476,3.530112970873783
2.7578399999999474,3.5302880776698986
2.7595099999999473,3.530463184466016
2.761179999999947,3.5306382912621315
2.762849999999947,3.530813398058249
2.764519999999947,3.530988504854365
2.7661899999999466,3.5311636116504808
2.7678599999999465,3.531338718446598
2.7695299999999463,3.5315138252427136
2.771199999999946,3.531688932038831
2.772869999999946,3.5318640388349483
2.774539999999946,3.532039145631064
2.7762099999999457,3.532214252427181
2.7778799999999455,3.5323893592232958
2.7795499999999453,3.532564466019413
2.781219999999945,3.5327395728155304
2.782889999999945,3.532914679611646
2.784559999999945,3.5330897864077633
2.7862299999999447,3.533264893203879
2.7878999999999445,3.5334399999999953
2.7895699999999444,3.5336151067961126
2.791239999999944,3.533790213592228
2.792909999999944,3.5339653203883454
2.794579999999944,3.534140427184461
2.7962499999999437,3.5343155339805783
2.7979199999999436,3.5344906407766947
2.7995899999999434,3.5346657475728103
2.8012599999999432,3.5348408543689276
2.802929999999943,3.535015961165045
2.804599999999943,3.5351910679611604
2.8062699999999428,3.5353661747572778
2.8079399999999426,3.535541281553395
2.8096099999999424,3.5357163883495106
2.8112799999999423,3.535891495145627
2.812949999999942,3.5360666019417444
2.814619999999942,3.53624170873786
2.816289999999942,3.5364168155339772
2.8179599999999416,3.5365919223300946
2.8196299999999415,3.53676702912621
2.8212999999999413,3.5369421359223274
2.822969999999941,3.5371172427184447
2.824639999999941,3.5372923495145603
2.826309999999941,3.5374674563106776
2.8279799999999407,3.5376425631067923
2.8296499999999405,3.5378176699029096
2.8313199999999403,3.537992776699027
2.83298999999994,3.5381678834951424
2.83465999999994,3.5383429902912598
2.83632999999994,3.5385180970873753
2.8379999999999397,3.5386932038834926
2.8396699999999395,3.538868310679609
2.8413399999999394,3.5390434174757246
2.843009999999939,3.539218524271842
2.844679999999939,3.5393936310679575
2.846349999999939,3.5395687378640748
2.8480199999999387,3.539743844660192
2.8496899999999385,3.5399189514563068
2.8513599999999384,3.540094058252424
2.8530299999999382,3.5402691650485396
2.854699999999938,3.540444271844657
2.856369999999938,3.5406193786407743
2.8580399999999377,3.54079448543689
2.8597099999999376,3.5409695922330062
2.8613799999999374,3.541097411764704
2.8630499999999373,3.541215294117646
2.864719999999937,3.5413331764705873
2.866389999999937,3.5414510588235277
2.8680599999999368,3.54156894117647
2.8697299999999366,3.5416868235294094
2.8713999999999364,3.5418047058823516
2.8730699999999363,3.541922588235294
2.874739999999936,3.5420404705882333
2.876409999999936,3.5421583529411755
2.878079999999936,3.542276235294116
2.8797499999999356,3.5423941176470573
2.8814199999999355,3.5425119999999994
2.8830899999999353,3.54262988235294
2.884759999999935,3.542747764705881
2.886429999999935,3.5428656470588216
2.888099999999935,3.5429835294117638
2.8897699999999347,3.5431506407766964
2.8914399999999345,3.543325747572812
2.8931099999999343,3.5435008543689293
2.894779999999934,3.543675961165045
2.896449999999934,3.5438510679611612
2.898119999999934,3.5440261747572785
2.8997899999999337,3.544201281553394
2.9014599999999335,3.5443763883495114
2.9031299999999334,3.544551495145627
2.904799999999933,3.5447266019417443
2.906469999999933,3.5449017087378616
2.908139999999933,3.545076815533977
2.9098099999999327,3.5452519223300945
2.9114799999999326,3.5454270291262118
2.9131499999999324,3.5456021359223264
2.9148199999999322,3.5457772427184437
2.916489999999932,3.545952349514561
2.918159999999932,3.5461274563106766
2.9198299999999318,3.546302563106794
2.9214999999999316,3.5464776699029112
2.9231699999999314,3.546652776699027
2.9248399999999313,3.546827883495143
2.926509999999931,3.5470029902912605
2.928179999999931,3.547178097087376
2.929849999999931,3.5473532038834934
2.9315199999999306,3.5475283106796107
2.9331899999999305,3.5477034174757263
2.9348599999999303,3.5478785242718427
2.93652999999993,3.5480536310679582
2.93819999999993,3.5482287378640756
2.93986999999993,3.548403844660193
2.9415399999999297,3.5485789514563084
2.9432099999999295,3.5487540582524257
2.9448799999999293,3.5489291650485404
2.946549999999929,3.5491042718446577
2.948219999999929,3.549279378640775
2.949889999999929,3.5494544854368906
2.9515599999999287,3.549629592233008
2.9532299999999285,3.5498046990291234
2.9548999999999284,3.5499798058252408
2.956569999999928,3.550154912621358
2.958239999999928,3.5503300194174736
2.959909999999928,3.55050512621359
2.9615799999999277,3.5506802330097056
2.9632499999999276,3.550855339805823
2.9649199999999274,3.5510304466019402
2.9665899999999272,3.5512055533980558
2.968259999999927,3.551380660194173
2.969929999999927,3.5515557669902886
2.9715999999999267,3.551730873786406
2.9732699999999266,3.5519059805825233
2.9749399999999264,3.552081087378639
2.9766099999999263,3.5522561941747552
2.978279999999926,3.552431300970871
2.979949999999926,3.552606407766988
2.9816199999999258,3.5527815145631054
2.9832899999999256,3.552956621359221
2.9849599999999255,3.5531317281553383
2.9866299999999253,3.553306834951453
2.988299999999925,3.5534819417475703
2.989969999999925,3.5536570485436876
2.991639999999925,3.553832155339803
2.9933099999999246,3.5540072621359204
2.9949799999999245,3.554182368932036
2.9966499999999243,3.5543574757281524
2.998319999999924,3.5545325825242697
2.999989999999924,3.5547076893203853
3.001659999999924,3.5548827961165026
3.0033299999999237,3.555057902912618
3.0049999999999235,3.5552330097087355
3.0066699999999233,3.5554081165048528
3.008339999999923,3.5555832233009674
3.010009999999923,3.5557583300970848
3.011679999999923,3.5559334368932003
3.0133499999999227,3.5561085436893176
3.0150199999999225,3.556283650485435
3.0166899999999224,3.5564587572815505
3.018359999999922,3.556633864077668
3.020029999999922,3.5568089708737833
3.021699999999922,3.5569840776699007
3.0233699999999217,3.557159184466017
3.0250399999999216,3.5573342912621326
3.0267099999999214,3.55750939805825
3.0283799999999212,3.5576845048543655
3.030049999999921,3.557859611650483
3.031719999999921,3.5580347184466
3.0333899999999208,3.5582098252427157
3.0350599999999206,3.558384932038833
3.0367299999999204,3.5585600388349485
3.0383999999999203,3.558735145631066
3.04006999999992,3.5589102524271823
3.04173999999992,3.559085359223298
3.04340999999992,3.559260466019415
3.0450799999999196,3.5594355728155307
3.0467499999999195,3.559610679611648
3.0484199999999193,3.5597857864077653
3.050089999999919,3.559960893203881
3.051759999999919,3.560135999999998
3.053429999999919,3.5603111067961155
3.0550999999999187,3.56048621359223
3.0567699999999185,3.5606613203883475
3.0584399999999183,3.560836427184465
3.060109999999918,3.5610077647058835
3.061779999999918,3.561125647058825
3.063449999999918,3.561243529411767
3.0651199999999177,3.5613614117647066
3.0667899999999175,3.5614792941176487
3.0684599999999174,3.561597176470591
3.070129999999917,3.5617150588235305
3.071799999999917,3.5618329411764726
3.073469999999917,3.561950823529414
3.0751399999999167,3.5620687058823544
3.0768099999999166,3.5621865882352965
3.0784799999999164,3.562304470588236
3.0801499999999162,3.5624223529411783
3.081819999999916,3.5625402352941204
3.083489999999916,3.56265811764706
3.0851599999999157,3.562776000000002
3.0868299999999156,3.5628938823529417
3.0884999999999154,3.563017475728154
3.0901699999999153,3.5631925825242714
3.091839999999915,3.563367689320387
3.093509999999915,3.5635427961165034
3.0951799999999148,3.563717902912619
3.0968499999999146,3.5638930097087362
3.0985199999999145,3.5640681165048536
3.1001899999999143,3.564243223300969
3.101859999999914,3.5644183300970864
3.103529999999914,3.564593436893202
3.105199999999914,3.5647685436893193
3.1068699999999136,3.5649436504854366
3.1085399999999135,3.5651187572815513
3.1102099999999133,3.5652938640776686
3.111879999999913,3.565468970873784
3.113549999999913,3.5656440776699014
3.115219999999913,3.5658191844660188
3.1168899999999127,3.5659942912621343
3.1185599999999125,3.5661693980582516
3.1202299999999124,3.566344504854367
3.121899999999912,3.5665196116504836
3.123569999999912,3.566694718446601
3.125239999999912,3.5668698252427165
3.1269099999999117,3.5670449320388338
3.1285799999999115,3.5672200388349493
3.1302499999999114,3.5673951456310666
3.131919999999911,3.567570252427183
3.133589999999911,3.5677453592232986
3.135259999999911,3.567920466019416
3.1369299999999107,3.5680955728155315
3.1385999999999106,3.568270679611649
3.1402699999999104,3.568445786407766
3.1419399999999102,3.5686208932038816
3.14360999999991,3.568795999999998
3.14527999999991,3.5689711067961136
3.1469499999999098,3.569146213592231
3.1486199999999096,3.5693213203883483
3.1502899999999094,3.569496427184464
3.1519599999999093,3.569671533980581
3.153629999999909,3.5698466407766967
3.155299999999909,3.570021747572814
3.156969999999909,3.5701968543689304
3.1586399999999086,3.570371961165046
3.1603099999999085,3.5705470679611633
3.1619799999999083,3.570722174757279
3.163649999999908,3.570897281553396
3.165319999999908,3.5710723883495135
3.166989999999908,3.571247495145629
3.1686599999999077,3.5714226019417463
3.1703299999999075,3.571597708737862
3.1719999999999073,3.571772815533979
3.173669999999907,3.5719479223300956
3.175339999999907,3.572123029126211
3.177009999999907,3.5722981359223285
3.1786799999999067,3.572473242718444
3.1803499999999065,3.5726483495145613
3.1820199999999064,3.5728234563106787
3.183689999999906,3.572998563106794
3.185359999999906,3.5731736699029115
3.187029999999906,3.573348776699029
3.1886999999999057,3.5735238834951435
3.1903699999999056,3.573698990291261
3.1920399999999054,3.573874097087378
3.1937099999999052,3.5740492038834937
3.195379999999905,3.574224310679611
3.197049999999905,3.5743994174757283
3.1987199999999048,3.574574524271844
3.2003899999999046,3.574749631067961
3.2020599999999044,3.5749247378640785
3.2037299999999043,3.575099844660193
3.205399999999904,3.5752749514563105
3.207069999999904,3.575450058252428
3.208739999999904,3.5756251650485433
3.2104099999999036,3.5758002718446606
3.2120799999999035,3.575975378640776
3.2137499999999033,3.5761504854368926
3.215419999999903,3.57632559223301
3.217089999999903,3.5765006990291255
3.218759999999903,3.576675805825243
3.2204299999999026,3.5768509126213583
3.2220999999999025,3.5770260194174757
3.2237699999999023,3.577201126213593
3.225439999999902,3.5773762330097076
3.227109999999902,3.577551339805825
3.228779999999902,3.5777264466019405
3.2304499999999017,3.577901553398058
3.2321199999999015,3.578076660194175
3.2337899999999014,3.5782517669902907
3.235459999999901,3.578426873786407
3.237129999999901,3.5786019805825227
3.238799999999901,3.57877708737864
3.2404699999999007,3.5789521941747573
3.2421399999999005,3.579127300970873
3.2438099999999004,3.57930240776699
3.2454799999999002,3.5794775145631057
3.2471499999999,3.579652621359223
3.2488199999999,3.5798277281553403
3.2504899999998997,3.580002834951456
3.2521599999998996,3.5801779417475723
3.2538299999998994,3.580353048543688
3.2554999999998993,3.580528155339805
3.257169999999899,3.5807032621359225
3.258839999999899,3.580878368932038
3.2605099999998988,3.5810360000000037
3.2621799999998986,3.581153882352943
3.2638499999998984,3.5812717647058854
3.2655199999998983,3.5813896470588276
3.267189999999898,3.581507529411767
3.268859999999898,3.5816254117647093
3.270529999999898,3.581743294117649
3.2721999999998976,3.581861176470591
3.2738699999998975,3.581979058823533
3.2755399999998973,3.5820969411764727
3.277209999999897,3.582214823529415
3.278879999999897,3.5823327058823544
3.280549999999897,3.5824505882352966
3.2822199999998967,3.582568470588239
3.2838899999998965,3.5826863529411783
3.2855599999998963,3.5828042352941205
3.287229999999896,3.58292211764706
3.288899999999896,3.5830594174757273
3.290569999999896,3.5832345242718437
3.2922399999998957,3.5834096310679593
3.2939099999998955,3.5835847378640766
3.2955799999998954,3.583759844660192
3.297249999999895,3.5839349514563095
3.298919999999895,3.584110058252427
3.300589999999895,3.5842851650485423
3.3022599999998947,3.5844602718446597
3.3039299999998946,3.584635378640775
3.3055999999998944,3.5848104854368916
3.3072699999998942,3.584985592233009
3.308939999999894,3.5851606990291245
3.310609999999894,3.585335805825242
3.3122799999998938,3.5855109126213573
3.3139499999998936,3.5856860194174747
3.3156199999998934,3.585861126213592
3.3172899999998933,3.5860362330097075
3.318959999999893,3.586211339805825
3.320629999999893,3.5863864466019404
3.322299999999893,3.586561553398057
3.3239699999998926,3.586736660194174
3.3256399999998925,3.5869117669902897
3.3273099999998923,3.587086873786407
3.328979999999892,3.5872619805825243
3.330649999999892,3.58743708737864
3.332319999999892,3.587612194174757
3.3339899999998917,3.5877873009708745
3.3356599999998915,3.58796240776699
3.3373299999998913,3.5881375145631065
3.338999999999891,3.588312621359224
3.340669999999891,3.5884877281553393
3.342339999999891,3.5886628349514567
3.3440099999998907,3.588837941747574
3.3456799999998905,3.5890130485436895
3.3473499999998904,3.589188155339807
3.34901999999989,3.589363262135924
3.35068999999989,3.589538368932039
3.35235999999989,3.589713475728156
3.3540299999998897,3.5898885825242717
3.3556999999998895,3.590063689320389
3.3573699999998894,3.5902387961165063
3.3590399999998892,3.590413902912622
3.360709999999889,3.5905890097087383
3.362379999999889,3.590764116504854
3.3640499999998887,3.590939223300971
3.3657199999998886,3.5911143300970885
3.3673899999998884,3.591289436893204
3.3690599999998883,3.5914645436893213
3.370729999999888,3.591639650485436
3.372399999999888,3.5918147572815533
3.3740699999998878,3.5919898640776706
3.3757399999998876,3.592164970873786
3.3774099999998874,3.5923400776699035
3.3790799999998873,3.592515184466019
3.380749999999887,3.5926902912621363
3.382419999999887,3.5928653980582537
3.384089999999887,3.5930405048543683
3.3857599999998866,3.5932156116504856
3.3874299999998865,3.593390718446601
3.3890999999998863,3.5935658252427185
3.390769999999886,3.593740932038836
3.392439999999886,3.5939160388349514
3.394109999999886,3.5940911456310687
3.3957799999998857,3.5942662524271842
3.3974499999998855,3.5944413592233015
3.3991199999998853,3.594616466019419
3.400789999999885,3.5947915728155335
3.402459999999885,3.594966679611651
3.404129999999885,3.5951417864077664
3.4057999999998847,3.5953168932038837
3.4074699999998845,3.595492000000001
3.4091399999998844,3.5956671067961166
3.410809999999884,3.595842213592234
3.412479999999884,3.5960173203883485
3.414149999999884,3.596192427184466
3.4158199999998837,3.596367533980583
3.4174899999998836,3.5965426407766987
3.4191599999998834,3.596717747572816
3.4208299999998832,3.5968928543689316
3.422499999999883,3.597067961165048
3.424169999999883,3.5972430679611653
3.4258399999998828,3.597418174757281
3.4275099999998826,3.597593281553398
3.4291799999998824,3.5977683883495137
3.4308499999998823,3.597943495145631
3.432519999999882,3.5981186019417475
3.434189999999882,3.598293708737863
3.435859999999882,3.5984688155339803
3.4375299999998816,3.598643922330096
3.4391999999998815,3.598819029126213
3.4408699999998813,3.5989941359223305
3.442539999999881,3.599169242718446
3.444209999999881,3.5993443495145634
3.445879999999881,3.599519456310679
3.4475499999998807,3.5996945631067963
3.4492199999998805,3.5998696699029127
3.4508899999998803,3.6000447766990282
3.45255999999988,3.6002198834951455
3.45422999999988,3.600394990291261
3.45589999999988,3.6005700970873784
3.4575699999998797,3.6007452038834957
3.4592399999998795,3.6009203106796113
3.4609099999998794,3.69915406698577
3.462579999999879,3.6976016404649226
3.464249999999879,3.6960492139440753
3.465919999999879,3.694496787423228
3.4675899999998787,3.6929443609023807
3.4692599999998786,3.6913919343815333
3.4709299999998784,3.689839507860686
3.4725999999998782,3.6882870813398387
3.474269999999878,3.6867346548189897
3.475939999999878,3.6851822282981423
3.4776099999998777,3.683629801777297
3.4792799999998776,3.6820773752564495
3.4809499999998774,3.6805249487356004
3.4826199999998773,3.678972522214753
3.484289999999877,3.677420095693906
3.485959999999877,3.6758676691730603
3.4876299999998768,3.674319969924934
3.4892999999998766,3.6728282706768134
3.4909699999998764,3.6713365714286947
3.4926399999998763,3.6698448721805725
3.494309999999876,3.668353172932452
3.495979999999876,3.6668614736843335
3.497649999999876,3.665369774436213
3.4993199999998756,3.6638780751880926
3.5009899999998755,3.662386375939972
3.5026599999998753,3.6608946766918518
3.504329999999875,3.659402977443733
3.505999999999875,3.657911278195611
3.507669999999875,3.6564195789474923
3.5093399999998747,3.654927879699372
3.5110099999998745,3.6534361804512514
3.5126799999998743,3.651944481203131
3.514349999999874,3.6504527819550106
3.516019999999874,3.648961082706892
3.517689999999874,3.6474693834587715
3.5193599999998737,3.6459776842106493
3.5210299999998735,3.6444859849625306
3.5226999999998734,3.64299428571441
3.524369999999873,3.6415025864662898
3.526039999999873,3.6400108872181693
3.527709999999873,3.638519187970049
3.5293799999998727,3.6370274887219285
3.5310499999998726,3.63553578947381
3.5327199999998724,3.6340440902256876
3.5343899999998722,3.6325422686568434
3.536059999999872,3.6310168358210237
3.537729999999872,3.6294914029852023
3.5393999999998718,3.627965970149381
3.5410699999998716,3.6264405373135613
3.5427399999998714,3.62491510447774
3.5444099999998713,3.6233896716419185
3.546079999999871,3.621864238806099
3.547749999999871,3.6203388059702775
3.549419999999871,3.618813373134456
3.5510899999998706,3.6172879402986347
3.5527599999998705,3.6157625074628132
3.5544299999998703,3.6142370746269936
3.55609999999987,3.612711641791172
3.55776999999987,3.6111862089553526
3.55943999999987,3.609660776119531
3.5611099999998697,3.6081353432837098
3.5627799999998695,3.60660991044789
3.5644499999998693,3.6050844776120687
3.566119999999869,3.603559044776249
3.567789999999869,3.6020336119404277
3.569459999999869,3.6005081791046063
3.5711299999998687,3.598983127819677
3.5727999999998685,3.5974914285715567
3.5744699999998684,3.5959997293234363
3.576139999999868,3.594508030075316
3.577809999999868,3.5930163308271954
3.579479999999868,3.591524631579075
3.5811499999998677,3.5900329323309546
3.5828199999998676,3.588541233082836
3.5844899999998674,3.5870495338347155
3.5861599999998672,3.5855578345865933
3.587829999999867,3.5840661353384746
3.589499999999867,3.582574436090354
3.5911699999998667,3.5810827368422338
3.5928399999998666,3.5795910375941133
3.5945099999998664,3.578099338345993
3.5961799999998663,3.5766076390978743
3.597849999999866,3.575115939849752
3.599519999999866,3.5736242406016334
3.6011899999998658,3.572132541353513
3.6028599999998656,3.570640842105391
3.6045299999998655,3.569149142857272
3.6061999999998653,3.5676574436091517
3.607869999999865,3.566165744361033
3.609539999999865,3.564674045112911
3.611209999999865,3.5631823458647904
3.6128799999998646,3.561690646616672
3.6145499999998645,3.5601989473685514
3.6162199999998643,3.5587072481204327
3.617889999999864,3.5572155488723105
3.619559999999864,3.55572384962419
3.621229999999864,3.5542321503760714
3.6228999999998637,3.552740451127951
3.6245699999998635,3.5512487518798324
3.6262399999998634,3.549757052631712
3.627909999999863,3.5482653533835897
3.629579999999863,3.546773654135471
3.631249999999863,3.5452819548873507
3.6329199999998627,3.543790255639232
3.6345899999998625,3.5422985563911116
3.6362599999998624,3.5408068571429894
3.637929999999862,3.5393151578948707
3.639599999999862,3.5378234586467503
3.641269999999862,3.5363317593986316
3.6429399999998617,3.534840060150511
3.6446099999998616,3.533348360902391
3.6462799999998614,3.531830805970287
3.6479499999998612,3.530305373134466
3.649619999999861,3.528779940298646
3.651289999999861,3.5272545074628248
3.6529599999998608,3.5257290746270034
3.6546299999998606,3.5242036417911837
3.6562999999998604,3.5226782089553623
3.6579699999998603,3.521152776119541
3.65963999999986,3.5196273432837213
3.66130999999986,3.5181019104479
3.66297999999986,3.5165764776120785
3.6646499999998596,3.515051044776259
3.6663199999998595,3.5135256119404374
3.6679899999998593,3.512000179104616
3.669659999999859,3.5104747462687964
3.671329999999859,3.508949313432975
3.672999999999859,3.5074238805971554
3.6746699999998587,3.505898447761334
3.6763399999998585,3.5043730149255126
3.6780099999998583,3.502847582089693
3.679679999999858,3.5013221492538715
3.681349999999858,3.49979671641805
3.683019999999858,3.4982873984963785
3.6846899999998577,3.496795699248258
3.6863599999998575,3.495304000000136
3.6880299999998574,3.493812300752017
3.689699999999857,3.492320601503897
3.691369999999857,3.490828902255778
3.693039999999857,3.489337203007656
3.6947099999998567,3.4878455037595355
3.6963799999998566,3.486353804511417
3.6980499999998564,3.4848621052632947
3.6997199999998562,3.483370406015176
3.701389999999856,3.4818787067670556
3.703059999999856,3.480387007518935
3.7047299999998557,3.4788953082708147
3.7063999999998556,3.4774036090226943
3.7080699999998554,3.4759119097745756
3.7097399999998553,3.4744202105264534
3.711409999999855,3.472928511278333
3.713079999999855,3.4714368120302144
3.714749999999855,3.469945112782094
3.7164199999998546,3.4684534135339735
3.7180899999998545,3.466961714285853
3.7197599999998543,3.4654700150377327
3.721429999999854,3.463978315789614
3.723099999999854,3.462486616541492
3.724769999999854,3.460994917293373
3.7264399999998536,3.4595032180452527
3.7281099999998535,3.4580115187971323
3.7297799999998533,3.456519819549012
3.731449999999853,3.4550281203008915
3.733119999999853,3.453536421052773
3.734789999999853,3.4520447218046524
3.7364599999998527,3.45055302255653
3.7381299999998525,3.4490613233084115
3.7397999999998524,3.447569624060291
3.741469999999852,3.4460779248121725
3.743139999999852,3.444586225564052
3.744809999999852,3.44309452631593
3.7464799999998517,3.441602827067811
3.7481499999998515,3.4401111278196908
3.7498199999998514,3.438619428571572
3.751489999999851,3.43712772932345
3.753159999999851,3.4356360300753295
3.754829999999851,3.434144330827211
3.7564999999998507,3.432644776119549
3.7581699999998506,3.4311193432837293
3.7598399999998504,3.429593910447908
3.7615099999998503,3.4280684776120864
3.76317999999985,3.426543044776267
3.76484999999985,3.4250176119404454
3.7665199999998498,3.4234921791046258
3.7681899999998496,3.4219667462688044
3.7698599999998494,3.420441313432983
3.7715299999998493,3.4189158805971633
3.773199999999849,3.417390447761342
3.774869999999849,3.4158650149255223
3.776539999999849,3.414339582089701
3.7782099999998486,3.4128141492538795
3.7798799999998485,3.41128871641806
3.7815499999998483,3.4097632835822385
3.783219999999848,3.408237850746419
3.784889999999848,3.4067124179105974
3.786559999999848,3.405186985074776
3.7882299999998477,3.4036615522389564
3.7898999999998475,3.402136119403135
3.7915699999998473,3.4006106865673154
3.793239999999847,3.399085253731494
3.794909999999847,3.397591669173078
3.796579999999847,3.3960999699249594
3.7982499999998467,3.394608270676839
3.7999199999998465,3.3931165714287186
3.8015899999998464,3.391624872180598
3.803259999999846,3.3901331729324777
3.804929999999846,3.3886414736843573
3.806599999999846,3.3871497744362387
3.8082699999998457,3.3856580751881165
3.8099399999998456,3.384166375939996
3.8116099999998454,3.3826746766918774
3.8132799999998452,3.381182977443757
3.814949999999845,3.3796912781956348
3.816619999999845,3.378199578947516
3.8182899999998448,3.3767078796993957
3.8199599999998446,3.3752161804512752
3.8216299999998444,3.373724481203155
3.8232999999998443,3.3722327819550344
3.824969999999844,3.3707410827069157
3.826639999999844,3.3692493834587953
3.828309999999844,3.367757684210673
3.8299799999998436,3.3662659849625545
3.8316499999998435,3.364774285714434
3.8333199999998433,3.3632825864663154
3.834989999999843,3.361790887218195
3.836659999999843,3.3602991879700728
3.838329999999843,3.358807488721954
3.8399999999998427,3.3573157894738337
3.8416699999998425,3.355824090225715
3.8433399999998423,3.354332390977593
3.845009999999842,3.3528406917294724
3.846679999999842,3.3513489924813538
3.848349999999842,3.3498572932332333
3.8500199999998417,3.348365593985113
3.8516899999998415,3.3468738947369925
3.8533599999998414,3.345382195488872
3.855029999999841,3.3438904962407534
3.856699999999841,3.342398796992633
3.858369999999841,3.3409070977445126
3.8600399999998407,3.339415398496392
3.8617099999998405,3.3379236992482717
3.8633799999998404,3.336432000000153
3.8650499999998402,3.334940300752031
3.86671999999984,3.333448601503912
3.86838999999984,3.331933313432991
3.8700599999998397,3.3304078805971695
3.8717299999998396,3.32888244776135
3.8733999999998394,3.3273570149255285
3.8750699999998393,3.325831582089709
3.876739999999839,3.3243061492538875
3.878409999999839,3.322780716418066
3.8800799999998388,3.3212552835822464
3.8817499999998386,3.319729850746425
3.8834199999998384,3.3182044179106054
3.8850899999998383,3.316678985074784
3.886759999999838,3.3151535522389626
3.888429999999838,3.313628119403143
3.890099999999838,3.3121026865673215
3.8917699999998376,3.310577253731502
3.8934399999998375,3.3090518208956805
3.8951099999998373,3.307526388059859
3.896779999999837,3.3060009552240395
3.898449999999837,3.304475522388218
3.900119999999837,3.3029500895523984
3.9017899999998367,3.301424656716577
3.9034599999998365,3.2998992238807556
3.9051299999998363,3.2983876390979017
3.906799999999836,3.2968959398497795
3.908469999999836,3.295404240601659
3.910139999999836,3.2939125413535404
3.9118099999998357,3.29242084210542
3.9134799999998355,3.2909291428572978
3.9151499999998354,3.289437443609179
3.916819999999835,3.2879457443610587
3.918489999999835,3.2864540451129365
3.920159999999835,3.284962345864818
3.9218299999998347,3.2834706466166974
3.9234999999998346,3.281978947368577
3.9251699999998344,3.2804872481204566
3.9268399999998342,3.278995548872336
3.928509999999834,3.2775038496242175
3.930179999999834,3.2760121503760953
3.9318499999998338,3.274520451127975
3.9335199999998336,3.273028751879856
3.9351899999998334,3.2715370526317358
3.9368599999998333,3.2700453533836136
3.938529999999833,3.268553654135495
3.940199999999833,3.2670619548873745
3.941869999999833,3.265570255639254
3.9435399999998326,3.2640785563911336
3.9452099999998325,3.262586857143013
3.9468799999998323,3.2610951578948946
3.948549999999832,3.259603458646774
3.950219999999832,3.2581117593986537
3.951889999999832,3.2566200601505333
3.9535599999998317,3.255128360902413
3.9552299999998315,3.253636661654294
3.9568999999998313,3.252144962406172
3.958569999999831,3.2506532631580534
3.960239999999831,3.249161563909933
3.961909999999831,3.2476698646618125
3.9635799999998307,3.246178165413692
3.9652499999998305,3.2446864661655717
3.9669199999998304,3.243194766917453
3.96858999999983,3.2417030676693326
3.97025999999983,3.240211368421212
3.97192999999983,3.2387196691730917
3.9735999999998297,3.2372279699249713
3.9752699999998296,3.2357362706768527
3.9769399999998294,3.2342445714287322
3.9786099999998292,3.2327472835822526
3.980279999999829,3.231221850746433
3.981949999999829,3.2296964179106116
3.9836199999998287,3.228170985074792
3.9852899999998286,3.2266455522389705
3.9869599999998284,3.225120119403149
3.9886299999998283,3.2235946865673295
3.990299999999828,3.222069253731508
3.991969999999828,3.2205438208956885
3.9936399999998278,3.219018388059867
3.9953099999998276,3.2174929552240457
3.9969799999998274,3.215967522388226
3.9986499999998273,3.2144420895524046
4.000319999999827,3.212916656716585
4.001989999999827,3.2113912238807636
4.003659999999827,3.209865791044942
4.005329999999827,3.2083403582091243
4.0069999999998265,3.206814925373303
4.008669999999826,3.2052894925374833
4.010339999999826,3.203764059701662
4.012009999999826,3.2022386268658405
4.013679999999826,3.200713194030021
4.015349999999826,3.1991877611941995
4.0170199999998255,3.197691909774603
4.018689999999825,3.1962002105264826
4.020359999999825,3.1947085112783604
4.022029999999825,3.1932168120302418
4.023699999999825,3.1917251127821213
4.025369999999825,3.190233413534001
4.0270399999998245,3.1887417142858805
4.028709999999824,3.18725001503776
4.030379999999824,3.1857583157896414
4.032049999999824,3.184266616541519
4.033719999999824,3.1827749172934006
4.035389999999824,3.18128321804528
4.037059999999824,3.179791518797158
4.038729999999823,3.1782998195490393
4.040399999999823,3.176808120300919
4.042069999999823,3.1753164210528
4.043739999999823,3.173824721804678
4.045409999999823,3.1723330225565576
4.047079999999823,3.170841323308439
4.048749999999822,3.1693496240603167
4.050419999999822,3.1678579248121963
4.052089999999822,3.1663662255640777
4.053759999999822,3.1648745263159572
4.055429999999822,3.163382827067835
4.057099999999822,3.1618911278197164
4.0587699999998215,3.160399428571596
4.060439999999821,3.1589077293234755
4.062109999999821,3.157416030075357
4.063779999999821,3.1559243308272347
4.065449999999821,3.1544326315791142
4.067119999999821,3.1529409323309956
4.0687899999998205,3.151449233082875
4.07045999999982,3.149957533834753
4.07212999999982,3.1484658345866343
4.07379999999982,3.146974135338514
4.07546999999982,3.1454824360903952
4.07713999999982,3.143990736842273
4.0788099999998195,3.1424990375941526
4.080479999999819,3.141007338346034
4.082149999999819,3.1395156390979135
4.083819999999819,3.138023939849795
4.085489999999819,3.1365322406016727
4.087159999999819,3.1350405413535523
4.0888299999998186,3.1335488421054336
4.090499999999818,3.1320358208956964
4.092169999999818,3.130510388059877
4.093839999999818,3.1289849552240554
4.095509999999818,3.127459522388234
4.097179999999818,3.1259340895524144
4.098849999999818,3.124408656716593
4.100519999999817,3.1228832238807733
4.102189999999817,3.12135779104495
4.103859999999817,3.1198323582091287
4.105529999999817,3.118306925373309
4.107199999999817,3.1167814925374877
4.108869999999817,3.115256059701668
4.1105399999998165,3.1137306268658467
4.112209999999816,3.1122051940300253
4.113879999999816,3.1106797611942056
4.115549999999816,3.1091543283583842
4.117219999999816,3.1076288955225646
4.118889999999816,3.106103462686743
4.1205599999998155,3.104578029850922
4.122229999999815,3.103052597015102
4.123899999999815,3.1015271641792808
4.125569999999815,3.100001731343461
4.127239999999815,3.0984878796994213
4.128909999999815,3.096996180451301
4.1305799999998145,3.0955044812031822
4.132249999999814,3.094012781955062
4.133919999999814,3.0925210827069414
4.135589999999814,3.091029383458821
4.137259999999814,3.0895376842107005
4.138929999999814,3.08804598496258
4.1405999999998135,3.0865542857144597
4.142269999999813,3.085062586466341
4.143939999999813,3.0835708872182206
4.145609999999813,3.0820791879700984
4.147279999999813,3.0805874887219797
4.148949999999813,3.0790957894738593
4.150619999999813,3.077604090225739
4.152289999999812,3.0761123909776185
4.153959999999812,3.074620691729498
4.155629999999812,3.0731289924813794
4.157299999999812,3.071637293233257
4.158969999999812,3.0701455939851385
4.160639999999812,3.068653894737018
4.162309999999811,3.067162195488896
4.163979999999811,3.0656704962407773
4.165649999999811,3.064178796992657
4.167319999999811,3.062687097744538
4.168989999999811,3.0611953984964178
4.170659999999811,3.0597036992482955
4.1723299999998105,3.058212000000177
4.17399999999981,3.0567203007520565
4.17566999999981,3.055228601503938
4.17733999999981,3.0537369022558174
4.17900999999981,3.052245203007695
4.18067999999981,3.0507535037595765
4.1823499999998095,3.049261804511456
4.184019999999809,3.0477701052633375
4.185689999999809,3.046278406015217
4.187359999999809,3.0447867067670966
4.189029999999809,3.043295007518976
4.190699999999809,3.0418033082708558
4.1923699999998085,3.0403116090227353
4.194039999999808,3.0388199097746167
4.195709999999808,3.0373282105264963
4.197379999999808,3.035836511278374
4.199049999999808,3.0343448120302554
4.200719999999808,3.03284979104496
4.202389999999808,3.0313243582091385
4.204059999999807,3.029798925373319
4.205729999999807,3.0282734925374974
4.207399999999807,3.026748059701676
4.209069999999807,3.0252226268658564
4.210739999999807,3.023697194030035
4.212409999999807,3.0221717611942136
4.214079999999806,3.020646328358394
4.215749999999806,3.0191208955225726
4.217419999999806,3.017595462686753
4.219089999999806,3.0160700298509315
4.220759999999806,3.01454459701511
4.222429999999806,3.0130191641792905
4.2240999999998055,3.011493731343469
4.225769999999805,3.0099682985076495
4.227439999999805,3.008442865671828
4.229109999999805,3.0069174328360067
4.230779999999805,3.005392000000187
4.232449999999805,3.0038665671643656
4.2341199999998045,3.002341134328546
4.235789999999804,3.0008157014927246
4.237459999999804,2.999290268656903
4.239129999999804,2.9977921503761245
4.240799999999804,2.9963004511280023
4.242469999999804,2.9948087518798836
4.2441399999998035,2.993317052631763
4.245809999999803,2.991825353383641
4.247479999999803,2.9903336541355223
4.249149999999803,2.988841954887402
4.250819999999803,2.9873502556392832
4.252489999999803,2.985858556391161
4.2541599999998025,2.9843668571430406
4.255829999999802,2.982875157894922
4.257499999999802,2.9813834586467998
4.259169999999802,2.979891759398681
4.260839999999802,2.9784000601505607
4.262509999999802,2.9769083609024403
4.264179999999802,2.97541666165432
4.265849999999801,2.9739249624061994
4.267519999999801,2.9724332631580808
4.269189999999801,2.9709415639099586
4.270859999999801,2.969449864661838
4.272529999999801,2.9679581654137195
4.274199999999801,2.966466466165599
4.2758699999998,2.9649747669174786
4.2775399999998,2.963483067669358
4.2792099999998,2.961991368421238
4.2808799999998,2.960499669173119
4.2825499999998,2.959007969924997
4.2842199999998,2.9575162706768783
4.2858899999997995,2.956024571428758
4.287559999999799,2.9545328721806374
4.289229999999799,2.9530411729325188
4.290899999999799,2.9515494736843966
4.292569999999799,2.950057774436278
4.294239999999799,2.9485660751881575
4.2959099999997985,2.947074375940037
4.297579999999798,2.9455826766919166
4.299249999999798,2.944090977443796
4.300919999999798,2.9425992781956776
4.302589999999798,2.941107578947557
4.304259999999798,2.939615879699435
4.3059299999997975,2.9381241804513163
4.307599999999797,2.936632481203196
4.309269999999797,2.935140781955077
4.310939999999797,2.933649082706957
4.312609999999797,2.932138328358402
4.314279999999797,2.9306128955225823
4.315949999999797,2.929087462686761
4.317619999999796,2.9275620298509413
4.319289999999796,2.92603659701512
4.320959999999796,2.9245111641792985
4.322629999999796,2.922985731343479
4.324299999999796,2.9214602985076574
4.325969999999796,2.919934865671836
4.327639999999795,2.9184094328360164
4.329309999999795,2.916884000000195
4.330979999999795,2.9153585671643736
4.332649999999795,2.913833134328554
4.334319999999795,2.9123077014927325
4.335989999999795,2.910782268656911
4.3376599999997945,2.9092568358210915
4.339329999999794,2.90773140298527
4.340999999999794,2.9062059701494487
4.342669999999794,2.904680537313629
4.344339999999794,2.9031551044778077
4.346009999999794,2.9016296716419863
4.3476799999997935,2.9001042388061666
4.349349999999793,2.8985881203009427
4.351019999999793,2.897096421052824
4.352689999999793,2.8956047218047036
4.354359999999793,2.8941130225565814
4.356029999999793,2.8926213233084628
4.3576999999997925,2.8911296240603424
4.359369999999792,2.8896379248122237
4.361039999999792,2.8881462255641015
4.362709999999792,2.886654526315981
4.364379999999792,2.8851628270678624
4.366049999999792,2.883671127819742
4.3677199999997915,2.8821794285716216
4.369389999999791,2.880687729323501
4.371059999999791,2.8791960300753807
4.372729999999791,2.877704330827262
4.374399999999791,2.87621263157914
4.376069999999791,2.874720932331021
4.377739999999791,2.873229233082901
4.37940999999979,2.8717375338347804
4.38107999999979,2.87024583458666
4.38274999999979,2.8687541353385395
4.38441999999979,2.867262436090421
4.38608999999979,2.8657707368423004
4.38775999999979,2.86427903759418
4.3894299999997894,2.8627873383460596
4.391099999999789,2.861295639097939
4.392769999999789,2.8598039398498205
4.394439999999789,2.8583122406017
4.396109999999789,2.856820541353578
4.397779999999789,2.8553288421054592
4.3994499999997885,2.853837142857339
4.401119999999788,2.85234544360922
4.402789999999788,2.8508537443610997
4.404459999999788,2.8493620451129775
4.406129999999788,2.847870345864859
4.407799999999788,2.8463786466167385
4.4094699999997875,2.84488694736862
4.411139999999787,2.8433952481204976
4.412809999999787,2.841903548872377
4.414479999999787,2.8404118496242585
4.416149999999787,2.838920150376138
4.417819999999787,2.8374284511280177
4.4194899999997865,2.8359367518798972
4.421159999999786,2.834445052631777
4.422829999999786,2.8329522985076654
4.424499999999786,2.831426865671844
4.426169999999786,2.8299014328360244
4.427839999999786,2.828376000000203
4.429509999999786,2.8268505671643815
4.431179999999785,2.825325134328562
4.432849999999785,2.8237997014927405
4.434519999999785,2.822274268656921
4.436189999999785,2.8207488358210995
4.437859999999785,2.819223402985278
4.439529999999785,2.8176979701494584
4.441199999999784,2.816172537313637
4.442869999999784,2.8146471044778174
4.444539999999784,2.813121671641996
4.446209999999784,2.8115962388061746
4.447879999999784,2.810070805970355
4.449549999999784,2.8085453731345336
4.4512199999997835,2.807019940298714
4.452889999999783,2.8054945074628925
4.454559999999783,2.803969074627071
4.456229999999783,2.8024436417912515
4.457899999999783,2.80091820895543
4.459569999999783,2.7993927761196105
4.4612399999997825,2.700000000000008
4.462909999999782,2.700000000000008
4.464579999999782,2.70000000000001
4.466249999999782,2.700000000000008
4.467919999999782,2.700000000000008
4.469589999999782,2.700000000000008
4.4712599999997815,2.70000000000001
4.472929999999781,2.700000000000008
4.474599999999781,2.700000000000008
4.476269999999781,2.700000000000008
4.477939999999781,2.700000000000008
4.479609999999781,2.700000000000008
4.4812799999997806,2.700000000000008
4.48294999999978,2.700000000000008
4.48461999999978,2.700000000000008
4.48628999999978,2.700000000000008
4.48795999999978,2.700000000000008
4.48962999999978,2.7000000000000064
4.49129999999978,2.700000000000008
4.492969999999779,2.700000000000008
4.494639999999779,2.700000000000008
4.496309999999779,2.7000000000000064
4.497979999999779,2.700000000000008
4.499649999999779,2.700000000000008
4.501319999999779,2.700000000000008
4.5029899999997784,2.700000000000008
4.504659999999778,2.700000000000008
4.506329999999778,2.700000000000008
4.507999999999778,2.700000000000008
4.509669999999778,2.700000000000008
4.511339999999778,2.700000000000008
4.5130099999997775,2.700000000000008
4.514679999999777,2.700000000000008
4.516349999999777,2.70000000000001
4.518019999999777,2.700000000000008
4.519689999999777,2.700000000000008
4.521359999999777,2.700000000000008
4.5230299999997765,2.70000000000001
4.524699999999776,2.700000000000008
4.526369999999776,2.700000000000008
4.528039999999776,2.700000000000008
4.529709999999776,2.70000000000001
4.531379999999776,2.700000000000008
4.5330499999997755,2.700000000000008
4.534719999999775,2.700000000000008
4.536389999999775,2.700000000000008
4.538059999999775,2.700000000000008
4.539729999999775,2.700000000000008
4.541399999999775,2.700000000000008
4.543069999999775,2.700000000000008
4.544739999999774,2.700000000000008
4.546409999999774,2.700000000000008
4.548079999999774,2.70000000000001
4.549749999999774,2.70000000000001
4.551419999999774,2.70000000000001
4.553089999999774,2.70000000000001
4.554759999999773,2.70000000000001
4.556429999999773,2.70000000000001
4.558099999999773,2.70000000000001
4.559769999999773,2.70000000000001
4.561439999999773,2.7000000000000117
4.563109999999773,2.7000000000000117
4.5647799999997725,2.7000000000000117
4.566449999999772,2.7000000000000117
4.568119999999772,2.7000000000000117
4.569789999999772,2.7000000000000117
4.571459999999772,2.7000000000000117
4.573129999999772,2.7000000000000117
4.5747999999997715,2.70000000000001
4.576469999999771,2.70000000000001
4.578139999999771,2.7000000000000117
4.579809999999771,2.70000000000001
4.581479999999771,2.70000000000001
4.583149999999771,2.7000000000000117
4.5848199999997705,2.70000000000001
4.58648999999977,2.70000000000001
4.58815999999977,2.7000000000000117
4.58982999999977,2.7000000000000117
4.59149999999977,2.70000000000001
4.59316999999977,2.70000000000001
4.5948399999997696,2.7000000000000117
4.596509999999769,2.70000000000001
4.598179999999769,2.70000000000001
4.599849999999769,2.7000000000000117
4.601519999999769,2.7000000000000117
4.603189999999769,2.70000000000001
4.604859999999769,2.70000000000001
4.606529999999768,2.7000000000000117
4.608199999999768,2.70000000000001
4.609869999999768,2.70000000000001
4.611539999999768,2.70000000000001
4.613209999999768,2.70000000000001
4.614879999999768,2.7000000000000117
4.6165499999997675,2.70000000000001
4.618219999999767,2.70000000000001
4.619889999999767,2.70000000000001
4.621559999999767,2.70000000000001
4.623229999999767,2.70000000000001
4.624899999999767,2.70000000000001
4.6265699999997665,2.70000000000001
4.628239999999766,2.70000000000001
4.629909999999766,2.70000000000001
4.631579999999766,2.700000000000008
4.633249999999766,2.70000000000001
4.634919999999766,2.70000000000001
4.6365899999997655,2.70000000000001
4.638259999999765,2.700000000000008
4.639929999999765,2.700000000000008
4.641599999999765,2.70000000000001
4.643269999999765,2.70000000000001
4.644939999999765,2.700000000000008
4.6466099999997645,2.70000000000001
4.648279999999764,2.70000000000001
4.649949999999764,2.70000000000001
4.651619999999764,2.70000000000001
4.653289999999764,2.70000000000001
4.654959999999764,2.700000000000008
4.656629999999764,2.700000000000008
4.658299999999763,2.700000000000008
4.659969999999763,2.700000000000008
4.661639999999763,2.700000000000008
4.663309999999763,2.700000000000008
4.664979999999763,2.700000000000008
4.666649999999763,2.700000000000008
4.668319999999762,2.700000000000008
4.669989999999762,2.700000000000008
4.671659999999762,2.700000000000008
4.673329999999762,2.700000000000008
4.674999999999762,2.700000000000008
4.676669999999762,2.700000000000008
4.6783399999997615,2.700000000000008
4.680009999999761,2.700000000000008
4.681679999999761,2.700000000000008
4.683349999999761,2.700000000000008
4.685019999999761,2.70000000000001
4.686689999999761,2.700000000000008
4.6883599999997605,2.700000000000008
4.69002999999976,2.70000000000001
4.69169999999976,2.70000000000001
4.69336999999976,2.700000000000008
4.69503999999976,2.700000000000008
4.69670999999976,2.70000000000001
4.6983799999997595,2.700000000000008
4.700049999999759,2.700000000000008
4.701719999999759,2.70000000000001
4.703389999999759,2.70000000000001
4.705059999999759,2.700000000000008
4.706729999999759,2.700000000000008
4.708399999999759,2.70000000000001
4.710069999999758,2.700000000000008
4.711739999999758,2.700000000000008
4.713409999999758,2.70000000000001
4.715079999999758,2.70000000000001
4.716749999999758,2.700000000000008
4.718419999999758,2.700000000000008
4.720089999999757,2.70000000000001
4.721759999999757,2.70000000000001
4.723429999999757,2.700000000000008
4.725099999999757,2.700000000000008
4.726769999999757,2.70000000000001
4.728439999999757,2.70000000000001
4.7301099999997565,2.70000000000001
4.731779999999756,2.700000000000008
4.733449999999756,2.70000000000001
4.735119999999756,2.70000000000001
4.736789999999756,2.70000000000001
4.738459999999756,2.70000000000001
4.7401299999997555,2.70000000000001
4.741799999999755,2.70000000000001
4.743469999999755,2.70000000000001
4.745139999999755,2.70000000000001
4.746809999999755,2.70000000000001
4.748479999999755,2.7000000000000117
4.7501499999997545,2.70000000000001
4.751819999999754,2.70000000000001
4.753489999999754,2.70000000000001
4.755159999999754,2.70000000000001
4.756829999999754,2.70000000000001
4.758499999999754,2.70000000000001
4.7601699999997535,2.70000000000001
4.761839999999753,2.70000000000001
4.763509999999753,2.70000000000001
4.765179999999753,2.70000000000001
4.766849999999753,2.70000000000001
4.768519999999753,2.70000000000001
4.770189999999753,2.70000000000001
4.771859999999752,2.70000000000001
4.773529999999752,2.70000000000001
4.775199999999752,2.70000000000001
4.776869999999752,2.70000000000001
4.778539999999752,2.70000000000001
4.780209999999752,2.70000000000001
4.781879999999751,2.70000000000001
4.783549999999751,2.70000000000001
4.785219999999751,2.70000000000001
4.786889999999751,2.70000000000001
4.788559999999751,2.70000000000001
4.790229999999751,2.70000000000001
4.7918999999997505,2.70000000000001
4.79356999999975,2.70000000000001
4.79523999999975,2.70000000000001
4.79690999999975,2.70000000000001
4.79857999999975,2.7000000000000117
4.80024999999975,2.70000000000001
4.8019199999997495,2.70000000000001
4.803589999999749,2.70000000000001
4.805259999999749,2.70000000000001
4.806929999999749,2.70000000000001
4.808599999999749,2.70000000000001
4.810269999999749,2.70000000000001
4.8119399999997485,2.70000000000001
4.813609999999748,2.70000000000001
4.815279999999748,2.70000000000001
4.816949999999748,2.700000000000008
4.818619999999748,2.70000000000001
4.820289999999748,2.70000000000001
4.821959999999748,2.70000000000001
4.823629999999747,2.700000000000008
4.825299999999747,2.70000000000001
4.826969999999747,2.70000000000001
4.828639999999747,2.700000000000008
4.830309999999747,2.700000000000008
4.831979999999747,2.700000000000008
4.833649999999746,2.70000000000001
4.835319999999746,2.700000000000008
4.836989999999746,2.700000000000008
4.838659999999746,2.700000000000008
4.840329999999746,2.70000000000001
4.841999999999746,2.70000000000001
4.8436699999997455,2.700000000000008
4.845339999999745,2.700000000000008
4.847009999999745,2.70000000000001
4.848679999999745,2.70000000000001
4.850349999999745,2.700000000000008
4.852019999999745,2.700000000000008
4.8536899999997445,2.700000000000008
4.855359999999744,2.70000000000001
4.857029999999744,2.70000000000001
4.858699999999744,2.700000000000008
4.860369999999744,2.700000000000008
4.862039999999744,2.70000000000001
4.8637099999997435,2.70000000000001
4.865379999999743,2.700000000000008
4.867049999999743,2.700000000000008
4.868719999999743,2.70000000000001
4.870389999999743,2.70000000000001
4.872059999999743,2.70000000000001
4.8737299999997425,2.70000000000001
4.875399999999742,2.70000000000001
4.877069999999742,2.70000000000001
4.878739999999742,2.70000000000001
4.880409999999742,2.70000000000001
4.882079999999742,2.70000000000001
4.883749999999742,2.70000000000001
4.885419999999741,2.70000000000001
4.887089999999741,2.70000000000001
4.888759999999741,2.70000000000001
4.890429999999741,2.70000000000001
4.892099999999741,2.70000000000001
4.893769999999741,2.70000000000001
4.89543999999974,2.70000000000001
4.89710999999974,2.70000000000001
4.89877999999974,2.70000000000001
4.90044999999974,2.70000000000001
4.90211999999974,2.70000000000001
4.90378999999974,2.70000000000001
4.9054599999997395,2.70000000000001
4.907129999999739,2.700000000000008
4.908799999999739,2.700000000000008
4.910469999999739,2.70000000000001
4.912139999999739,2.70000000000001
4.913809999999739,2.700000000000008
4.9154799999997385,2.700000000000008
4.917149999999738,2.70000000000001
4.918819999999738,2.70000000000001
4.920489999999738,2.70000000000001
4.922159999999738,2.70000000000001
4.923829999999738,2.70000000000001
4.9254999999997375,2.70000000000001
4.927169999999737,2.70000000000001
4.928839999999737,2.70000000000001
4.930509999999737,2.70000000000001
4.932179999999737,2.70000000000001
4.933849999999737,2.7000000000000117
4.935519999999737,2.70000000000001
4.937189999999736,2.70000000000001
4.938859999999736,2.70000000000001
4.940529999999736,2.7000000000000117
4.942199999999736,2.70000000000001
4.943869999999736,2.70000000000001
4.945539999999736,2.70000000000001
4.947209999999735,2.7000000000000117
4.948879999999735,2.70000000000001
4.950549999999735,2.70000000000001
4.952219999999735,2.70000000000001
4.953889999999735,2.7000000000000117
4.955559999999735,2.7000000000000117
4.9572299999997345,2.70000000000001
4.958899999999734,2.70000000000001
4.960569999999734,2.7000000000000117
4.962239999999734,2.7000000000000117
4.963909999999734,2.70000000000001
4.965579999999734,2.70000000000001
4.9672499999997335,2.70000000000001
4.968919999999733,2.7000000000000117
4.970589999999733,2.7000000000000117
4.972259999999733,2.70000000000001
4.973929999999733,2.70000000000001
4.975599999999733,2.7000000000000117
4.9772699999997325,2.7000000000000117
4.978939999999732,2.70000000000001
4.980609999999732,2.70000000000001
4.982279999999732,2.70000000000001
4.983949999999732,2.70000000000001
4.985619999999732,2.70000000000001
4.9872899999997315,2.70000000000001
4.988959999999731,2.70000000000001
4.990629999999731,2.70000000000001
4.992299999999731,2.70000000000001
4.993969999999731,2.70000000000001
4.995639999999731,2.70000000000001
4.997309999999731,2.70000000000001
4.99897999999973,2.70000000000001
5.00064999999973,2.70000000000001
5.00231999999973,2.70000000000001
5.00398999999973,2.70000000000001
5.00565999999973,2.700000000000008
5.00732999999973,2.700000000000008
5.0089999999997294,2.700000000000008
5.010669999999729,2.700000000000008
5.012339999999729,2.700000000000008
5.014009999999729,2.700000000000008
5.015679999999729,2.700000000000008
5.017349999999729,2.70000000000001
5.0190199999997285,2.70000000000001
5.020689999999728,2.700000000000008
5.022359999999728,2.700000000000008
5.024029999999728,2.70000000000001
5.025699999999728,2.700000000000008
5.027369999999728,2.700000000000008
5.0290399999997275,2.70000000000001
5.030709999999727,2.70000000000001
5.032379999999727,2.700000000000008
5.034049999999727,2.700000000000008
5.035719999999727,2.70000000000001
5.037389999999727,2.700000000000008
5.0390599999997265,2.700000000000008
5.040729999999726,2.70000000000001
5.042399999999726,2.70000000000001
5.044069999999726,2.700000000000008
5.045739999999726,2.700000000000008
5.047409999999726,2.70000000000001
5.049079999999726,2.700000000000008
5.050749999999725,2.700000000000008
5.052419999999725,2.70000000000001
5.054089999999725,2.70000000000001
5.055759999999725,2.700000000000008
5.057429999999725,2.70000000000001
5.059099999999725,2.700000000000008
5.060769999999724,2.700000000000008
5.062439999999724,2.70000000000001
5.064109999999724,2.700000000000008
5.065779999999724,2.70000000000001
5.067449999999724,2.70000000000001
5.069119999999724,2.7000000000000117
5.0707899999997235,2.70000000000001
5.072459999999723,2.700000000000008
5.074129999999723,2.7000000000000117
5.075799999999723,2.70000000000001
5.077469999999723,2.7000000000000117
5.079139999999723,2.70000000000001
5.0808099999997225,2.700000000000008
5.082479999999722,2.7000000000000117
5.084149999999722,2.70000000000001
5.085819999999722,2.7000000000000117
5.087489999999722,2.70000000000001
5.089159999999722,2.70000000000001
5.0908299999997215,2.700000000000008
5.092499999999721,2.7000000000000117
5.094169999999721,2.7000000000000117
5.095839999999721,2.7000000000000117
5.097509999999721,2.7000000000000117
5.099179999999721,2.7000000000000117
5.1008499999997206,2.7000000000000135
5.10251999999972,2.7000000000000135
5.10418999999972,2.7000000000000135
5.10585999999972,2.7000000000000135
5.10752999999972,2.7000000000000135
5.10919999999972,2.7000000000000135
5.11086999999972,2.7000000000000135
5.112539999999719,2.7000000000000135
5.114209999999719,2.7000000000000135
5.115879999999719,2.7000000000000135
5.117549999999719,2.7000000000000135
5.119219999999719,2.7000000000000135
5.120889999999719,2.7000000000000135
5.1225599999997184,2.7000000000000135
5.124229999999718,2.7000000000000135
5.125899999999718,2.7000000000000135
5.127569999999718,2.7000000000000135
5.129239999999718,2.7000000000000117
5.130909999999718,2.7000000000000117
5.1325799999997175,2.7000000000000135
5.134249999999717,2.7000000000000117
5.135919999999717,2.70000000000001
5.137589999999717,2.7000000000000135
5.139259999999717,2.7000000000000117
5.140929999999717,2.70000000000001
5.1425999999997165,2.7000000000000135
5.144269999999716,2.7000000000000117
5.145939999999716,2.70000000000001
5.147609999999716,2.7000000000000135
5.149279999999716,2.7000000000000117
5.150949999999716,2.70000000000001
5.1526199999997155,2.7000000000000117
5.154289999999715,2.7000000000000117
5.155959999999715,2.70000000000001
5.157629999999715,2.7000000000000117
5.159299999999715,2.7000000000000117
5.160969999999715,2.70000000000001
5.162639999999715,2.7000000000000117
5.164309999999714,2.70000000000001
5.165979999999714,2.70000000000001
5.167649999999714,2.7000000000000117
5.169319999999714,2.70000000000001
5.170989999999714,2.7000000000000117
5.172659999999714,2.70000000000001
5.174329999999713,2.700000000000008
5.175999999999713,2.7000000000000117
5.177669999999713,2.70000000000001
5.179339999999713,2.7000000000000117
5.181009999999713,2.70000000000001
5.182679999999713,2.7000000000000117
5.1843499999997125,2.7000000000000117
5.186019999999712,2.70000000000001
5.187689999999712,2.7000000000000117
5.189359999999712,2.70000000000001
5.191029999999712,2.7000000000000117
5.192699999999712,2.70000000000001
5.1943699999997115,2.70000000000001
5.196039999999711,2.7000000000000117
5.197709999999711,2.70000000000001
5.199379999999711,2.7000000000000117
5.201049999999711,2.70000000000001
5.202719999999711,2.70000000000001
5.2043899999997105,2.70000000000001
5.20605999999971,2.70000000000001
5.20772999999971,2.70000000000001
5.20939999999971,2.70000000000001
5.21106999999971,2.70000000000001
5.21273999999971,2.70000000000001
5.2144099999997096,2.70000000000001
5.216079999999709,2.70000000000001
5.217749999999709,2.70000000000001
5.219419999999709,2.70000000000001
5.221089999999709,2.70000000000001
5.222759999999709,2.70000000000001
5.224429999999709,2.7000000000000135
5.226099999999708,2.7000000000000135
5.227769999999708,2.7000000000000135
5.229439999999708,2.7000000000000135
5.231109999999708,2.7000000000000135
5.232779999999708,2.7000000000000135
5.234449999999708,2.7000000000000135
5.2361199999997075,2.7000000000000135
5.237789999999707,2.7000000000000135
5.239459999999707,2.7000000000000117
5.241129999999707,2.7000000000000135
5.242799999999707,2.7000000000000117
5.244469999999707,2.7000000000000117
5.2461399999997065,2.7000000000000135
5.247809999999706,2.7000000000000117
5.249479999999706,2.7000000000000117
5.251149999999706,2.7000000000000135
5.252819999999706,2.7000000000000117
5.254489999999706,2.70000000000001
5.2561599999997055,2.7000000000000135
5.257829999999705,2.7000000000000117
5.259499999999705,2.70000000000001
5.261169999999705,2.7000000000000135
5.262839999999705,2.7000000000000117
5.264509999999705,2.70000000000001
5.2661799999997045,2.7000000000000117
5.267849999999704,2.7000000000000117
5.269519999999704,2.70000000000001
5.271189999999704,2.7000000000000117
5.272859999999704,2.7000000000000117
5.274529999999704,2.70000000000001
5.276199999999704,2.7000000000000117
5.277869999999703,2.70000000000001
5.279539999999703,2.70000000000001
5.281209999999703,2.7000000000000117
5.282879999999703,2.70000000000001
5.284549999999703,2.7000000000000117
5.286219999999703,2.70000000000001
5.287889999999702,2.7000000000000135
5.289559999999702,2.7000000000000117
5.291229999999702,2.70000000000001
5.292899999999702,2.7000000000000117
5.294569999999702,2.7000000000000117
5.296239999999702,2.7000000000000135
5.2979099999997015,2.7000000000000117
5.299579999999701,2.70000000000001
5.301249999999701,2.7000000000000135
5.302919999999701,2.7000000000000117
5.304589999999701,2.7000000000000135
5.306259999999701,2.7000000000000117
5.3079299999997005,2.70000000000001
5.3095999999997,2.7000000000000135
5.3112699999997,2.7000000000000117
5.3129399999997,2.7000000000000117
5.3146099999997,2.7000000000000117
5.3162799999997,2.7000000000000117
5.3179499999996995,2.7000000000000117
5.319619999999699,2.7000000000000117
5.321289999999699,2.7000000000000117
5.322959999999699,2.7000000000000117
5.324629999999699,2.7000000000000117
5.326299999999699,2.7000000000000117
5.327969999999699,2.7000000000000117
5.329639999999698,2.7000000000000117
5.331309999999698,2.7000000000000117
5.332979999999698,2.7000000000000117
5.334649999999698,2.7000000000000117
5.336319999999698,2.7000000000000117
5.337989999999698,2.7000000000000117
5.339659999999697,2.7000000000000117
5.341329999999697,2.7000000000000117
5.342999999999697,2.7000000000000117
5.344669999999697,2.7000000000000117
5.346339999999697,2.700000000000008
5.348009999999697,2.700000000000008
5.3496799999996965,2.7000000000000117
5.351349999999696,2.7000000000000117
5.353019999999696,2.70000000000001
5.354689999999696,2.7000000000000117
5.356359999999696,2.70000000000001
5.358029999999696,2.70000000000001
5.3596999999996955,2.7000000000000117
5.361369999999695,2.70000000000001
5.363039999999695,2.7000000000000117
5.364709999999695,2.7000000000000117
5.366379999999695,2.70000000000001
5.368049999999695,2.7000000000000117
5.3697199999996945,2.70000000000001
5.371389999999694,2.70000000000001
5.373059999999694,2.7000000000000117
5.374729999999694,2.70000000000001
5.376399999999694,2.7000000000000117
5.378069999999694,2.70000000000001
5.3797399999996935,2.70000000000001
5.381409999999693,2.7000000000000117
5.383079999999693,2.70000000000001
5.384749999999693,2.700000000000008
5.386419999999693,2.7000000000000117
5.388089999999693,2.70000000000001
5.389759999999693,2.7000000000000117
5.391429999999692,2.70000000000001
5.393099999999692,2.7000000000000135
5.394769999999692,2.7000000000000117
5.396439999999692,2.70000000000001
5.398109999999692,2.7000000000000117
5.399779999999692,2.70000000000001
5.401449999999691,2.7000000000000135
5.403119999999691,2.7000000000000117
5.404789999999691,2.70000000000001
5.406459999999691,2.7000000000000117
5.408129999999691,2.7000000000000117
5.409799999999691,2.7000000000000135
5.4114699999996905,2.7000000000000117
5.41313999999969,2.70000000000001
5.41480999999969,2.7000000000000135
5.41647999999969,2.7000000000000117
5.41814999999969,2.7000000000000135
5.41981999999969,2.7000000000000117
5.4214899999996895,2.70000000000001
5.423159999999689,2.7000000000000135
5.424829999999689,2.7000000000000135
5.426499999999689,2.7000000000000135
5.428169999999689,2.7000000000000135
5.429839999999689,2.7000000000000135
5.4315099999996885,2.7000000000000135
5.433179999999688,2.7000000000000135
5.434849999999688,2.7000000000000135
5.436519999999688,2.7000000000000135
5.438189999999688,2.7000000000000135
5.439859999999688,2.7000000000000135
5.441529999999688,2.7000000000000135
5.443199999999687,2.7000000000000135
5.444869999999687,2.70000000000001
5.446539999999687,2.70000000000001
5.448209999999687,2.70000000000001
5.449879999999687,2.70000000000001
5.451549999999687,2.70000000000001
5.453219999999686,2.70000000000001
5.454889999999686,2.70000000000001
5.456559999999686,2.70000000000001
5.458229999999686,2.70000000000001
5.459899999999686,2.70000000000001
5.461569999999686,2.6985905769451612
5.4632399999996855,2.6970913817209183
5.464909999999685,2.695592186496677
5.466579999999685,2.6940929912724343
5.468249999999685,2.692593796048195
5.469919999999685,2.691094600823954
5.471589999999685,2.689595405599711
5.4732599999996845,2.6880962103754715
5.474929999999684,2.6865970151512286
5.476599999999684,2.6850978199269875
5.478269999999684,2.683598624702748
5.479939999999684,2.682099429478505
5.481609999999684,2.680600234254264
5.4832799999996835,2.6791010390300247
5.484949999999683,2.677601843805782
5.486619999999683,2.676102648581539
5.488289999999683,2.6746034533573013
5.489959999999683,2.6731042581330584
5.491629999999683,2.6716050629088155
5.4932999999996825,2.670105867684578
5.494969999999682,2.668606672460335
5.496639999999682,2.667107477236092
5.498309999999682,2.6656082820118527
5.499979999999682,2.6641090867876116
5.501649999999682,2.6626098915633687
5.503319999999682,2.6611106963391293
5.504989999999681,2.6596115011148864
5.506659999999681,2.6581123058906453
5.508329999999681,2.656613110666406
5.509999999999681,2.655113915442163
5.511669999999681,2.65361472021792
5.513339999999681,2.6521155249936808
5.5150099999996804,2.6506163297694396
5.51667999999968,2.649104451128114
5.51834999999968,2.6475901503762334
5.52001999999968,2.6460758496243564
5.52168999999968,2.6445615488724776
5.52335999999968,2.643047248120597
5.5250299999996795,2.6415329473687166
5.526699999999679,2.640018646616836
5.528369999999679,2.6385043458649573
5.530039999999679,2.6369900451130768
5.531709999999679,2.6354757443612
5.533379999999679,2.6339614436093193
5.5350499999996785,2.6324705970152156
5.536719999999678,2.630990029851036
5.538389999999678,2.6295094626868565
5.540059999999678,2.628028895522677
5.541729999999678,2.6265483283584974
5.543399999999678,2.625067761194318
5.5450699999996775,2.623587194030142
5.546739999999677,2.6221066268659623
5.548409999999677,2.6206260597017828
5.550079999999677,2.619145492537603
5.551749999999677,2.6176649253734237
5.553419999999677,2.616184358209244
5.555089999999677,2.6147037910450646
5.556759999999676,2.6132232238808886
5.558429999999676,2.611742656716709
5.560099999999676,2.6102620895525295
5.561769999999676,2.608781522388348
5.563439999999676,2.6073009552241686
5.565109999999676,2.605820388059989
5.566779999999675,2.6043398208958095
5.568449999999675,2.6028592537316335
5.570119999999675,2.601378686567454
5.571789999999675,2.5998844060153345
5.573459999999675,2.598370105263454
5.575129999999675,2.5968558045115735
5.5767999999996745,2.5953415037596947
5.578469999999674,2.593827203007814
5.580139999999674,2.5923129022559372
5.581809999999674,2.5907986015040567
5.583479999999674,2.589284300752178
5.585149999999674,2.5877700000002974
5.5868199999996735,2.586255699248417
5.588489999999673,2.584741398496538
5.590159999999673,2.583227097744661
5.591829999999673,2.5817127969927807
5.593499999999673,2.5801984962409
5.595169999999673,2.5786841954890214
5.5968399999996725,2.577169894737141
5.598509999999672,2.5756555939852603
5.600179999999672,2.574141293233385
5.601849999999672,2.5726269924815046
5.603519999999672,2.571112691729624
5.605189999999672,2.5695983909777436
5.6068599999996716,2.568084090225865
5.608529999999671,2.5665697894739843
5.610199999999671,2.5650554887221073
5.611869999999671,2.563541187970227
5.613539999999671,2.562026887218348
5.615209999999671,2.5605125864664675
5.616879999999671,2.558998285714587
5.61854999999967,2.5574839849627065
5.62021999999967,2.5559696842108313
5.62188999999967,2.5544553834589507
5.62355999999967,2.55294108270707
5.62522999999967,2.5514267819551897
5.62689999999967,2.549912481203309
5.6285699999996694,2.5483981804514304
5.630239999999669,2.5468838796995534
5.631909999999669,2.545369578947673
5.633579999999669,2.5438552781957924
5.635249999999669,2.5423409774439136
5.636919999999669,2.540826676692033
5.6385899999996685,2.5393123759401526
5.640259999999668,2.5377980751882756
5.641929999999668,2.536283774436397
5.643599999999668,2.5347694736845163
5.645269999999668,2.533260626865969
5.646939999999668,2.5317800597017897
5.6486099999996675,2.53029949253761
5.650279999999667,2.528818925373434
5.651949999999667,2.5273383582092546
5.653619999999667,2.525857791045077
5.655289999999667,2.5243772238808972
5.656959999999667,2.5228966567167177
5.6586299999996665,2.521416089552538
5.660299999999666,2.519935522388362
5.661969999999666,2.5184549552241826
5.663639999999666,2.516974388060003
5.665309999999666,2.5154938208958235
5.666979999999666,2.514013253731644
5.668649999999666,2.5125326865674644
5.670319999999665,2.5110521194032884
5.671989999999665,2.509571552239109
5.673659999999665,2.5080909850749293
5.675329999999665,2.50661041791075
5.676999999999665,2.5051298507465702
5.678669999999665,2.5036492835823907
5.680339999999664,2.5021687164182147
5.682009999999664,2.500688149254035
5.683679999999664,2.4991781353386546
5.685349999999664,2.497663834586776
5.687019999999664,2.4961495338348954
5.688689999999664,2.494635233083015
5.6903599999996635,2.493120932331136
5.692029999999663,2.491606631579259
5.693699999999663,2.4900923308273786
5.695369999999663,2.488578030075498
5.697039999999663,2.4870637293236193
5.698709999999663,2.4855494285717388
5.7003799999996625,2.4840351278198582
5.702049999999662,2.4825208270679795
5.703719999999662,2.481006526316099
5.705389999999662,2.479492225564222
5.707059999999662,2.4779779248123432
5.708729999999662,2.4764636240604627
5.7103999999996615,2.474949323308582
5.712069999999661,2.4734350225567017
5.713739999999661,2.471920721804823
5.715409999999661,2.4704064210529424
5.717079999999661,2.4688921203010654
5.718749999999661,2.4673778195491867
5.7204199999996606,2.465863518797306
5.72208999999966,2.4643492180454256
5.72375999999966,2.462834917293545
5.72542999999966,2.4613206165416646
5.72709999999966,2.459806315789784
5.72876999999966,2.4582920150379053
5.73043999999966,2.4567777142860283
5.732109999999659,2.455263413534148
5.733779999999659,2.4537491127822673
5.735449999999659,2.4522348120303867
5.737119999999659,2.450720511278508
5.738789999999659,2.4492062105266275
5.740459999999659,2.447691909774747
5.7421299999996585,2.44617760902287
5.743799999999658,2.4446633082709894
5.745469999999658,2.443149007519109
5.747139999999658,2.44163470676723
5.748809999999658,2.4401204060153496
5.750479999999658,2.438606105263469
5.7521499999996575,2.437091804511592
5.753819999999657,2.4355775037597116
5.755489999999657,2.434063203007833
5.757159999999657,2.432570089552545
5.758829999999657,2.4310895223883655
5.760499999999657,2.429608955224186
5.7621699999996565,2.42812838806001
5.763839999999656,2.4266478208958304
5.765509999999656,2.425167253731651
5.767179999999656,2.4236866865674713
5.768849999999656,2.422206119403292
5.770519999999656,2.4207255522391122
5.7721899999996555,2.4192449850749362
5.773859999999655,2.4177644179107567
5.775529999999655,2.416283850746577
5.777199999999655,2.4148032835823976
5.778869999999655,2.413322716418218
5.780539999999655,2.4118421492540385
5.782209999999655,2.4103615820898625
5.783879999999654,2.408881014925683
5.785549999999654,2.4074004477615034
5.787219999999654,2.405919880597324
5.788889999999654,2.4044393134331443
5.790559999999654,2.4029587462689648
5.792229999999654,2.401478179104789
5.793899999999653,2.3999861654138517
5.795569999999653,2.398471864661971
5.797239999999653,2.3969575639100924
5.798909999999653,2.395443263158212
5.800579999999653,2.3939289624063314
5.802249999999653,2.392414661654451
5.8039199999996525,2.3909003609025756
5.805589999999652,2.389386060150695
5.807259999999652,2.3878717593988146
5.808929999999652,2.386357458646936
5.810599999999652,2.3848431578950553
5.812269999999652,2.3833288571431748
5.8139399999996515,2.3818145563912942
5.815609999999651,2.3803002556394155
5.817279999999651,2.3787859548875385
5.818949999999651,2.377271654135658
5.820619999999651,2.3757573533837792
5.822289999999651,2.3742430526318987
5.8239599999996505,2.372728751880018
5.82562999999965,2.3712144511281377
5.82729999999965,2.369700150376259
5.82896999999965,2.368185849624382
5.83063999999965,2.3666715488725014
5.83230999999965,2.3651572481206227
5.83397999999965,2.363642947368742
5.835649999999649,2.3621286466168616
5.837319999999649,2.360614345864981
5.838989999999649,2.3591000451131006
5.840659999999649,2.3575857443612254
5.842329999999649,2.356071443609345
5.843999999999649,2.3545571428574643
5.845669999999648,2.353042842105584
5.847339999999648,2.351528541353705
5.849009999999648,2.3500142406018245
5.850679999999648,2.348499939849944
5.852349999999648,2.346985639098067
5.854019999999648,2.3454713383461865
5.8556899999996475,2.3439570375943077
5.857359999999647,2.342442736842427
5.859029999999647,2.3409284360905467
5.860699999999647,2.339414135338666
5.862369999999647,2.337899834586791
5.864039999999647,2.3363855338349104
5.8657099999996465,2.33487123308303
5.867379999999646,2.3333601194033005
5.869049999999646,2.331879552239121
5.870719999999646,2.3303989850749414
5.872389999999646,2.3289184179107654
5.874059999999646,2.327437850746586
5.8757299999996455,2.3259572835824063
5.877399999999645,2.3244767164182267
5.879069999999645,2.322996149254047
5.880739999999645,2.3215155820898676
5.882409999999645,2.3200350149256916
5.884079999999645,2.318554447761512
5.8857499999996445,2.3170738805973325
5.887419999999644,2.315593313433153
5.889089999999644,2.3141127462689735
5.890759999999644,2.312632179104794
5.892429999999644,2.3111516119406144
5.894099999999644,2.3096710447764384
5.895769999999644,2.308190477612259
5.897439999999643,2.3067099104480793
5.899109999999643,2.3052293432838997
5.900779999999643,2.30374877611972
5.902449999999643,2.3022682089555424
5.904119999999643,2.3007876417913664
5.905789999999643,2.29927989473717
5.907459999999642,2.2977655939852895
5.909129999999642,2.296251293233409
5.910799999999642,2.2947369924815284
5.912469999999642,2.2932226917296497
5.914139999999642,2.2917083909777727
5.915809999999642,2.290194090225892
5.9174799999996415,2.2886797894740116
5.919149999999641,2.287165488722133
5.920819999999641,2.2856511879702524
5.922489999999641,2.284136887218372
5.924159999999641,2.282622586466495
5.925829999999641,2.281108285714616
5.9274999999996405,2.2795939849627356
5.92916999999964,2.278079684210855
5.93083999999964,2.2765653834589745
5.93250999999964,2.2750510827070958
5.93417999999964,2.273536781955219
5.93584999999964,2.2720224812033383
5.9375199999996395,2.2705081804514577
5.939189999999639,2.268993879699579
5.940859999999639,2.2674795789476985
5.942529999999639,2.265965278195818
5.944199999999639,2.264450977443941
5.945869999999639,2.262936676692062
5.947539999999639,2.2614223759401817
5.949209999999638,2.259908075188301
5.950879999999638,2.2583937744364206
5.952549999999638,2.25687947368454
5.954219999999638,2.255365172932665
5.955889999999638,2.2538508721807844
5.957559999999638,2.252336571428904
5.959229999999637,2.2508222706770233
5.960899999999637,2.2493079699251446
5.962569999999637,2.247793669173264
5.964239999999637,2.246279368421387
5.965909999999637,2.2447650676695066
5.967579999999637,2.243250766917626
5.9692499999996365,2.2417364661657473
5.970919999999636,2.2402221654138668
5.972589999999636,2.2387078646619862
5.974259999999636,2.2371935639101057
5.975929999999636,2.235679263158227
5.977599999999636,2.23416496240635
5.9792699999996355,2.23266958208988
5.980939999999635,2.2311890149257003
5.982609999999635,2.2297084477615208
5.984279999999635,2.2282278805973412
5.985949999999635,2.2267473134331617
5.987619999999635,2.225266746268982
5.9892899999996345,2.223786179104806
5.990959999999634,2.2223056119406266
5.992629999999634,2.220825044776447
5.994299999999634,2.2193444776122675
5.995969999999634,2.217863910448088
5.997639999999634,2.2163833432839084
5.9993099999996335,2.214902776119729
6.000979999999633,2.2134222089555493
6.002649999999633,2.2119416417913733
6.004319999999633,2.2104610746271938
6.005989999999633,2.208980507463014
6.007659999999633,2.2074999402988347
6.009329999999633,2.206019373134655
6.010999999999632,2.2045388059704756
6.012669999999632,2.203058238806296
6.014339999999632,2.20157767164212
6.016009999999632,2.2000879248123653
6.017679999999632,2.1985736240604865
6.019349999999632,2.197059323308606
6.0210199999996314,2.1955450225567255
6.022689999999631,2.194030721804845
6.024359999999631,2.1925164210529697
6.026029999999631,2.191002120301089
6.027699999999631,2.1894878195492087
6.029369999999631,2.18797351879733
6.0310399999996305,2.1864592180454494
6.03270999999963,2.184944917293569
6.03437999999963,2.183430616541692
6.03604999999963,2.181916315789813
6.03771999999963,2.1804020150379326
6.03938999999963,2.178887714286052
6.0410599999996295,2.1773734135341734
6.042729999999629,2.175859112782293
6.044399999999629,2.174344812030416
6.046069999999629,2.1728305112785353
6.047739999999629,2.1713162105266566
6.049409999999629,2.169801909774776
6.0510799999996285,2.1682876090228955
6.052749999999628,2.166773308271015
6.054419999999628,2.16525900751914
6.056089999999628,2.1637447067672575
6.057759999999628,2.1622304060153787
6.059429999999628,2.1607161052635
6.061099999999628,2.1592018045116177
6.062769999999627,2.157687503759739
6.064439999999627,2.1561732030078566
6.066109999999627,2.1546589022559814
6.067779999999627,2.1531446015041027
6.069449999999627,2.1516303007522204
6.071119999999627,2.1501160000003416
6.072789999999626,2.1486016992484593
6.074459999999626,2.1470873984965806
6.076129999999626,2.1455730977447054
6.077799999999626,2.144058796992823
6.079469999999626,2.1425444962409443
6.081139999999626,2.141030195489062
6.0828099999996255,2.1395158947371833
6.084479999999625,2.1380015939853045
6.086149999999625,2.1364872932334222
6.087819999999625,2.1349729924815435
6.089489999999625,2.1334596119406335
6.091159999999625,2.131979044776454
6.0928299999996245,2.1304984776122744
6.094499999999624,2.129017910448095
6.096169999999624,2.1275373432839153
6.097839999999624,2.1260567761197358
6.099509999999624,2.124576208955556
6.101179999999624,2.12309564179138
6.1028499999996235,2.1216150746272007
6.104519999999623,2.120134507463021
6.106189999999623,2.1186539402988416
6.107859999999623,2.117173373134662
6.109529999999623,2.1156928059704825
6.111199999999623,2.114212238806303
6.1128699999996226,2.112731671642127
6.114539999999622,2.1112511044779474
6.116209999999622,2.109770537313768
6.117879999999622,2.1082899701495883
6.119549999999622,2.1068094029854088
6.121219999999622,2.105328835821229
6.122889999999622,2.1038482686570497
6.124559999999621,2.10236770149287
6.126229999999621,2.100887134328694
6.127899999999621,2.09938165413568
6.129569999999621,2.0978673533838013
6.131239999999621,2.096353052631919
6.132909999999621,2.09483875188004
6.1345799999996204,2.0933244511281615
6.13624999999962,2.0918101503762827
6.13791999999962,2.090295849624404
6.13958999999962,2.088781548872525
6.14125999999962,2.087267248120643
6.14292999999962,2.085752947368764
6.1445999999996195,2.0842386466168854
6.146269999999619,2.0827243458650067
6.147939999999619,2.081210045113128
6.149609999999619,2.079695744361249
6.151279999999619,2.078181443609367
6.152949999999619,2.076667142857488
6.1546199999996185,2.0751528421056094
6.156289999999618,2.0736385413537306
6.157959999999618,2.072124240601852
6.159629999999618,2.070609939849973
6.161299999999618,2.069095639098091
6.162969999999618,2.067581338346212
6.1646399999996175,2.0660670375943333
6.166309999999617,2.0645527368424546
6.167979999999617,2.063038436090576
6.169649999999617,2.0615241353386935
6.171319999999617,2.0600098345868147
6.172989999999617,2.058495533834936
6.174659999999617,2.0569812330830537
6.176329999999616,2.0554669323311785
6.177999999999616,2.053952631579296
6.179669999999616,2.0524383308274174
6.181339999999616,2.0509240300755387
6.183009999999616,2.0494097293236564
6.184679999999616,2.0478954285717776
6.186349999999615,2.046381127819899
6.188019999999615,2.04486682706802
6.189689999999615,2.0433525263161414
6.191359999999615,2.041838225564259
6.193029999999615,2.0403239248123803
6.194699999999615,2.038809624060498
6.1963699999996145,2.037295323308623
6.198039999999614,2.035781022556744
6.199709999999614,2.034266721804862
6.201379999999614,2.0327690746272076
6.203049999999614,2.031288507463028
6.204719999999614,2.0298079402988485
6.2063899999996135,2.0283273731346725
6.208059999999613,2.026846805970493
6.209729999999613,2.0253662388063134
6.211399999999613,2.023885671642134
6.213069999999613,2.0224051044779543
6.214739999999613,2.0209245373137747
6.2164099999996125,2.0194439701495988
6.218079999999612,2.017963402985419
6.219749999999612,2.0164828358212397
6.221419999999612,2.01500226865706
6.223089999999612,2.0135217014928806
6.224759999999612,2.012041134328701
6.2264299999996116,2.010560567164525
6.228099999999611,2.0090800000003455
6.229769999999611,2.007599432836166
6.231439999999611,2.0061188656719864
6.233109999999611,2.004638298507807
6.234779999999611,2.0031577313436273
6.236449999999611,2.0016771641794477
6.23811999999961,2.0001896842108806
6.23978999999961,1.9986753834589983
6.24145999999961,1.9971610827071196
6.24312999999961,1.9956467819552408
6.24479999999961,1.9941324812033585
6.24646999999961,1.9926181804514798
6.2481399999996095,1.991103879699601
6.249809999999609,1.9895895789477223
6.251479999999609,1.9880752781958435
6.253149999999609,1.9865609774439648
6.254819999999609,1.9850466766920825
6.256489999999609,1.9835323759402037
6.2581599999996085,1.982018075188325
6.259829999999608,1.9805037744364427
6.261499999999608,1.9789894736845675
6.263169999999608,1.9774751729326887
6.264839999999608,1.9759608721808064
6.266509999999608,1.9744465714289277
6.2681799999996075,1.972932270677049
6.269849999999607,1.9714179699251666
6.271519999999607,1.9699036691732879
6.273189999999607,1.968389368421409
6.274859999999607,1.9668750676695304
6.276529999999607,1.9653607669176516
6.2781999999996065,1.9638464661657729
6.279869999999606,1.9623321654138906
6.281539999999606,1.9608178646620118
6.283209999999606,1.9593035639101295
6.284879999999606,1.9577892631582507
6.286549999999606,1.9562749624063756
6.288219999999606,1.9547606616544932
6.289889999999605,1.9532463609026145
6.291559999999605,1.9517320601507322
6.293229999999605,1.9502177593988534
6.294899999999605,1.9487034586469747
6.296569999999605,1.9471891578950924
6.298239999999605,1.9456748571432172
6.299909999999604,1.944160556391335
6.301579999999604,1.9426462556394561
6.303249999999604,1.9411319548875774
6.304919999999604,1.939617654135695
6.306589999999604,1.9381033533838163
6.308259999999604,1.9365890526319376
6.3099299999996035,1.9350747518800588
6.311599999999603,1.9335604511281765
6.313269999999603,1.9320785373137817
6.314939999999603,1.930597970149602
6.316609999999603,1.929117402985426
6.318279999999603,1.9276368358212501
6.3199499999996025,1.9261562686570706
6.321619999999602,1.924675701492891
6.323289999999602,1.9231951343287115
6.324959999999602,1.921714567164532
6.326629999999602,1.9202340000003524
6.328299999999602,1.9187534328361764
6.3299699999996015,1.9172728656719968
6.331639999999601,1.9157922985078173
6.333309999999601,1.9143117313436377
6.334979999999601,1.9128311641794582
6.336649999999601,1.9113505970152787
6.338319999999601,1.9098700298511027
6.339989999999601,1.908389462686923
6.3416599999996,1.9069088955227436
6.3433299999996,1.905428328358564
6.3449999999996,1.9039477611943845
6.3466699999996,1.902467194030205
6.3483399999996,1.900986626866029
6.3500099999996,1.899483413534199
6.351679999999599,1.8979691127823202
6.353349999999599,1.8964548120304379
6.355019999999599,1.8949405112785591
6.356689999999599,1.8934262105266804
6.358359999999599,1.891911909774798
6.360029999999599,1.8903976090229193
6.3616999999995985,1.8888833082710441
6.363369999999598,1.8873690075191618
6.365039999999598,1.885854706767283
6.366709999999598,1.8843404060154008
6.368379999999598,1.882826105263522
6.370049999999598,1.8813118045116433
6.3717199999995975,1.879797503759761
6.373389999999597,1.8782832030078858
6.375059999999597,1.876768902256007
6.376729999999597,1.8752546015041247
6.378399999999597,1.873740300752246
6.380069999999597,1.8722260000003637
6.3817399999995965,1.870711699248485
6.383409999999596,1.8691973984966062
6.385079999999596,1.8676830977447274
6.386749999999596,1.8661687969928487
6.388419999999596,1.8646544962409664
6.390089999999596,1.8631401954890876
6.3917599999995955,1.8616258947372089
6.393429999999595,1.8601115939853266
6.395099999999595,1.8585972932334478
6.396769999999595,1.8570829924815655
6.398439999999595,1.8555686917296903
6.400109999999595,1.8540543909778116
6.401779999999595,1.8525400902259292
6.403449999999594,1.8510257894740505
6.405119999999594,1.8495114887221682
6.406789999999594,1.8479971879702894
6.408459999999594,1.8464828872184107
6.410129999999594,1.844968586466532
6.411799999999594,1.8434542857146532
6.413469999999593,1.841939984962771
6.415139999999593,1.8404256842108921
6.416809999999593,1.8389113834590098
6.418479999999593,1.837397082707131
6.420149999999593,1.835882781955256
6.421819999999593,1.8343684812033736
6.4234899999995925,1.8328685671645388
6.425159999999592,1.8313880000003593
6.426829999999592,1.8299074328361797
6.428499999999592,1.8284268656720002
6.430169999999592,1.8269462985078242
6.431839999999592,1.8254657313436446
6.4335099999995915,1.823985164179465
6.435179999999591,1.8225045970152856
6.436849999999591,1.821024029851106
6.438519999999591,1.8195434626869265
6.440189999999591,1.8180628955227505
6.441859999999591,1.816582328358571
6.4435299999995905,1.8151017611943914
6.44519999999959,1.8136211940302118
6.44686999999959,1.8121406268660323
6.44853999999959,1.8106600597018527
6.45020999999959,1.8091794925376767
6.45187999999959,1.8076989253734972
6.45354999999959,1.8062183582093176
6.455219999999589,1.804737791045138
6.456889999999589,1.8032572238809585
6.458559999999589,1.801776656716779
6.460229999999589,1.8996299195986381
6.461899999999589,1.8969428140710036
6.463569999999589,1.8942557085433656
6.465239999999588,1.891568603015724
6.466909999999588,1.8888814974880894
6.468579999999588,1.8861943919604514
6.470249999999588,1.8835072864328097
6.471919999999588,1.8808201809051752
6.473589999999588,1.8781330753775372
6.4752599999995875,1.8754459698498955
6.476929999999587,1.872758864322261
6.478599999999587,1.870071758794623
6.480269999999587,1.8673846532669813
6.481939999999587,1.8646975477393468
6.483609999999587,1.8620104422117087
6.4852799999995865,1.8593233366840671
6.486949999999586,1.8566362311564326
6.488619999999586,1.8539491256287945
6.490289999999586,1.8512620201011565
6.491959999999586,1.8485749145735184
6.493629999999586,1.8458878090458803
6.4952999999995855,1.8432007035182423
6.496969999999585,1.8405135979906042
6.498639999999585,1.8378264924629661
6.500309999999585,1.835139386935328
6.501979999999585,1.83245228140769
6.503649999999585,1.829765175880052
6.5053199999995845,1.8270780703524139
6.506989999999584,1.8243909648247758
6.508659999999584,1.8217038592971377
6.510329999999584,1.8190167537694997
6.511999999999584,1.8163296482418616
6.513669999999584,1.8136425427142235
6.515339999999584,1.8109560000006546
6.517009999999583,1.8082840000006541
6.518679999999583,1.8056120000006501
6.520349999999583,1.8029400000006532
6.522019999999583,1.8002680000006528
6.523689999999583,1.7975960000006523
6.525359999999583,1.7949240000006554
6.527029999999582,1.792252000000655
6.528699999999582,1.789580000000658
6.530369999999582,1.7869080000006576
6.532039999999582,1.7842360000006536
6.533709999999582,1.7815640000006567
6.535379999999582,1.7788920000006563
6.5370499999995815,1.7762200000006558
6.538719999999581,1.773548000000659
6.540389999999581,1.7708760000006585
6.542059999999581,1.768204000000658
6.543729999999581,1.7655320000006576
6.545399999999581,1.7628600000006571
6.5470699999995805,1.7601880000006567
6.54873999999958,1.7575160000006598
6.55040999999958,1.7548440000006593
6.55207999999958,1.7521720000006589
6.55374999999958,1.749500000000662
6.55541999999958,1.7468280000006615
6.5570899999995795,1.7441560000006575
6.558759999999579,1.7414840000006606
6.560429999999579,1.7388120000006602
6.562099999999579,1.7361400000006597
6.563769999999579,1.7334680000006628
6.565439999999579,1.7307960000006624
6.567109999999579,1.7281240000006655
6.568779999999578,1.7254520000006615
6.570449999999578,1.722780000000661
6.572119999999578,1.720108000000664
6.573789999999578,1.7174360000006637
6.575459999999578,1.7147640000006632
6.577129999999578,1.7120920000006663
6.578799999999577,1.7094200000006623
6.580469999999577,1.7067480000006618
6.582139999999577,1.704076000000665
6.583809999999577,1.7014040000006645
6.585479999999577,1.698732000000664
6.587149999999577,1.6960600000006671
6.5888199999995765,1.6933880000006631
6.590489999999576,1.6907160000006627
6.592159999999576,1.6880440000006658
6.593829999999576,1.6853720000006653
6.595499999999576,1.6827000000006649
6.597169999999576,1.680028000000668
6.5988399999995755,1.677356000000664
6.600509999999575,1.6746840000006635
6.602179999999575,1.6720120000006666
6.603849999999575,1.6693400000006662
6.605519999999575,1.6666680000006693
6.607189999999575,1.6639960000006688
6.6088599999995745,1.6613240000006684
6.610529999999574,1.658652000000668
6.612199999999574,1.6559800000006675
6.613869999999574,1.653308000000667
6.615539999999574,1.6506360000006701
6.617209999999574,1.6479640000006697
6.6188799999995735,1.6452920000006692
6.620549999999573,1.6426200000006688
6.622219999999573,1.6399480000006683
6.623889999999573,1.6372760000006679
6.625559999999573,1.634604000000671
6.627229999999573,1.6319320000006705
6.628899999999573,1.62926000000067
6.630569999999572,1.6265880000006696
6.632239999999572,1.6239160000006692
6.633909999999572,1.6212440000006687
6.635579999999572,1.6185720000006718
6.637249999999572,1.6159000000006714
6.638919999999572,1.613228000000671
6.6405899999995714,1.6105560000006705
6.642259999999571,1.60788400000067
6.643929999999571,1.605212000000673
6.645599999999571,1.6025400000006726
6.647269999999571,1.5998680000006722
6.648939999999571,1.5971960000006753
6.6506099999995705,1.5945240000006713
6.65227999999957,1.5918520000006708
6.65394999999957,1.589180000000674
6.65561999999957,1.5865080000006735
6.65728999999957,1.583836000000673
6.65895999999957,1.5811640000006761
6.6606299999995695,1.5784920000006721
6.662299999999569,1.5758200000006717
6.663969999999569,1.5731480000006748
6.665639999999569,1.5704760000006743
6.667309999999569,1.5678040000006739
6.668979999999569,1.565132000000677
6.6706499999995685,1.562460000000673
6.672319999999568,1.5597880000006725
6.673989999999568,1.5571160000006756
6.675659999999568,1.5544440000006752
6.677329999999568,1.5517720000006747
6.678999999999568,1.5491000000006778
6.680669999999568,1.5464280000006738
6.682339999999567,1.543756000000677
6.684009999999567,1.5410840000006765
6.685679999999567,1.538412000000676
6.687349999999567,1.5357400000006791
6.689019999999567,1.5330680000006787
6.690689999999567,1.5303960000006782
6.692359999999566,1.5277240000006778
6.694029999999566,1.5250520000006773
6.695699999999566,1.5223800000006769
6.697369999999566,1.51970800000068
6.699039999999566,1.5170360000006795
6.700709999999566,1.514364000000679
6.7023799999995655,1.5116920000006822
6.704049999999565,1.5090200000006782
6.705719999999565,1.5063480000006777
6.707389999999565,1.5036760000006808
6.709059999999565,1.5010040000006803
6.710729999999565,1.49833200000068
6.7123999999995645,1.495660000000683
6.714069999999564,1.4929880000006825
6.715739999999564,1.490316000000682
6.717409999999564,1.4876440000006816
6.719079999999564,1.4849720000006812
6.720749999999564,1.4823000000006843
6.7224199999995635,1.4796280000006838
6.724089999999563,1.4769560000006834
6.725759999999563,1.4742840000006865
6.727429999999563,1.471612000000686
6.729099999999563,1.468940000000682
6.730769999999563,1.4662680000006851
6.7324399999995626,1.4635960000006847
6.734109999999562,1.4609240000006842
6.735779999999562,1.4582520000006873
6.737449999999562,1.4555800000006869
6.739119999999562,1.4529080000006864
6.740789999999562,1.450236000000686
6.742459999999562,1.4475640000006855
6.744129999999561,1.444892000000685
6.745799999999561,1.4422200000006882
6.747469999999561,1.4395480000006877
6.749139999999561,1.4368760000006873
6.750809999999561,1.4342040000006868
6.752479999999561,1.4315320000006864
6.7541499999995604,1.428860000000686
6.75581999999956,1.426188000000689
6.75748999999956,1.4235160000006886
6.75915999999956,1.4208440000006917
6.76082999999956,1.4181720000006877
6.76249999999956,1.4155000000006872
6.7641699999995595,1.4128280000006903
6.765839999999559,1.4101560000006899
6.767509999999559,1.4074840000006894
6.769179999999559,1.4048120000006925
6.770849999999559,1.402140000000692
6.772519999999559,1.399468000000688
6.7741899999995585,1.3967960000006912
6.775859999999558,1.3941240000006907
6.777529999999558,1.3914520000006902
6.779199999999558,1.3887800000006933
6.780869999999558,1.386108000000693
6.782539999999558,1.383436000000689
6.7842099999995575,1.380764000000692
6.785879999999557,1.3780920000006915
6.787549999999557,1.375420000000691
6.789219999999557,1.3727480000006942
6.790889999999557,1.3700760000006937
6.792559999999557,1.3674040000006933
6.794229999999557,1.3647320000006928
6.795899999999556,1.3620600000006924
6.797569999999556,1.3593880000006955
6.799239999999556,1.356716000000695
6.800909999999556,1.3540440000006946
6.802579999999556,1.3513720000006977
6.804249999999556,1.3487000000006937
6.805919999999555,1.3460280000006932
6.807589999999555,1.3433560000006963
6.809259999999555,1.3406840000006959
6.810929999999555,1.3380120000006954
6.812599999999555,1.3353400000006985
6.814269999999555,1.332668000000698
6.8159399999995545,1.329996000000694
6.817609999999554,1.3273240000006972
6.819279999999554,1.3246520000006967
6.820949999999554,1.3219800000006963
6.822619999999554,1.3193080000006994
6.824289999999554,1.316636000000699
6.8259599999995535,1.3139640000006985
6.827629999999553,1.3112920000007016
6.829299999999553,1.3086200000006976
6.830969999999553,1.3059480000007007
6.832639999999553,1.3032760000007002
6.834309999999553,1.3006040000006998
6.8359799999995525,1.2979320000007029
6.837649999999552,1.2952600000007024
6.839319999999552,1.292588000000702
6.840989999999552,1.2899160000007015
6.842659999999552,1.287244000000701
6.844329999999552,1.2845720000007006
6.8459999999995516,1.2819000000007037
6.847669999999551,1.2792280000007032
6.849339999999551,1.2765560000007028
6.851009999999551,1.273884000000706
6.852679999999551,1.271212000000702
6.854349999999551,1.2685400000007014
6.856019999999551,1.2658680000007045
6.85768999999955,1.263196000000704
6.85935999999955,1.2605240000007036
6.86102999999955,1.2578520000007067
6.86269999999955,1.2551800000007027
6.86436999999955,1.2525080000007023
6.86603999999955,1.2498360000007054
6.8677099999995495,1.247164000000705
6.869379999999549,1.244492000000708
6.871049999999549,1.2418200000007076
6.872719999999549,1.2391480000007036
6.874389999999549,1.2364760000007067
6.876059999999549,1.2338040000007062
6.8777299999995485,1.2311320000007058
6.879399999999548,1.2284600000007089
6.881069999999548,1.2257880000007084
6.882739999999548,1.2231160000007044
6.884409999999548,1.2204440000007075
6.886079999999548,1.217772000000707
6.8877499999995475,1.2151000000007066
6.889419999999547,1.2124280000007097
6.891089999999547,1.2097560000007093
6.892759999999547,1.2070840000007053
6.894429999999547,1.2044120000007084
6.896099999999547,1.201740000000708
6.8977699999995465,1.1990680000007075
6.899439999999546,1.1963960000007106
6.901109999999546,1.19372400000071
6.902779999999546,1.191052000000706
6.904449999999546,1.1883800000007092
6.906119999999546,1.1857080000007088
6.907789999999546,1.1830360000007119
6.909459999999545,1.1803640000007114
6.911129999999545,1.177692000000711
6.912799999999545,1.1750200000007105
6.914469999999545,1.17234800000071
6.916139999999545,1.1696760000007096
6.917809999999545,1.1670040000007127
6.919479999999544,1.1643320000007122
6.921149999999544,1.1616600000007118
6.922819999999544,1.1589880000007113
6.924489999999544,1.1563160000007109
6.926159999999544,1.1536440000007104
6.927829999999544,1.1509720000007135
6.9294999999995435,1.148300000000713
6.931169999999543,1.1456280000007126
6.932839999999543,1.1429560000007122
6.934509999999543,1.1402840000007117
6.936179999999543,1.1376120000007113
6.937849999999543,1.1349400000007144
6.9395199999995425,1.132268000000714
6.941189999999542,1.1295960000007135
6.942859999999542,1.1269240000007166
6.944529999999542,1.1242520000007126
6.946199999999542,1.1215800000007157
6.947869999999542,1.1189080000007152
6.9495399999995415,1.1162360000007148
6.951209999999541,1.1135640000007179
6.952879999999541,1.1108920000007174
6.954549999999541,1.1082200000007134
6.956219999999541,1.1055480000007165
6.957889999999541,1.102876000000716
6.959559999999541,1.1002040000007156
6.96122999999954,1.0975320000007187
6.96289999999954,1.0948600000007183
6.96456999999954,1.0921880000007143
6.96623999999954,1.0895160000007174
6.96790999999954,1.086844000000717
6.96957999999954,1.0841720000007165
6.971249999999539,1.0815000000007196
6.972919999999539,1.078828000000719
6.974589999999539,1.0761560000007186
6.976259999999539,1.0734840000007182
6.977929999999539,1.0708120000007177
6.979599999999539,1.0681400000007208
6.9812699999995385,1.0654680000007204
6.982939999999538,1.06279600000072
6.984609999999538,1.060124000000723
6.986279999999538,1.0574520000007226
6.987949999999538,1.0547800000007221
6.989619999999538,1.0521080000007217
6.9912899999995375,1.0494360000007212
6.992959999999537,1.0467640000007208
6.994629999999537,1.0440920000007239
6.996299999999537,1.0414200000007234
6.997969999999537,1.038748000000723
6.999639999999537,1.036076000000726
7.0013099999995365,1.033404000000722
7.002979999999536,1.0307320000007216
7.004649999999536,1.0280600000007247
7.006319999999536,1.0253880000007243
7.007989999999536,1.0227160000007238
7.009659999999536,1.020044000000727
7.0113299999995355,1.0173720000007265
7.012999999999535,1.0147000000007296
7.014669999999535,1.0120280000007256
7.016339999999535,1.0093560000007251
7.018009999999535,1.0066840000007282
7.019679999999535,1.0040120000007278
7.021349999999535,1.0013400000007273
7.023019999999534,0.9986680000007304
7.024689999999534,0.9959960000007264
7.026359999999534,0.993324000000726
7.028029999999534,0.9906520000007291
7.029699999999534,0.9879800000007286
7.031369999999534,0.9853080000007282
7.033039999999533,0.9826360000007313
7.034709999999533,0.9799640000007273
7.036379999999533,0.9772920000007268
7.038049999999533,0.9746200000007299
7.039719999999533,0.9719480000007295
7.041389999999533,0.9692760000007326
7.0430599999995325,0.9666040000007321
7.044729999999532,0.9639320000007281
7.046399999999532,0.9612600000007312
7.048069999999532,0.9585880000007307
7.049739999999532,0.9559160000007303
7.051409999999532,0.9532440000007334
7.0530799999995315,0.9505720000007329
7.054749999999531,0.9479000000007289
7.056419999999531,0.945228000000732
7.058089999999531,0.9425560000007316
7.059759999999531,0.9398840000007311
7.061429999999531,0.9372120000007342
7.0630999999995305,0.9345400000007338
7.06476999999953,0.9318680000007298
7.06643999999953,0.9291960000007329
7.06810999999953,0.9265240000007324
7.06977999999953,0.923852000000732
7.07144999999953,0.9211800000007351
7.07311999999953,0.9185080000007346
7.074789999999529,0.9158360000007377
7.076459999999529,0.9131640000007337
7.078129999999529,0.9104920000007333
7.079799999999529,0.9078200000007364
7.081469999999529,0.9051480000007359
7.083139999999529,0.9024760000007355
7.084809999999528,0.8998040000007386
7.086479999999528,0.8971320000007381
7.088149999999528,0.8944600000007341
7.089819999999528,0.8917880000007372
7.091489999999528,0.8891160000007368
7.093159999999528,0.8864440000007363
7.0948299999995275,0.8837720000007394
7.096499999999527,0.881100000000739
7.098169999999527,0.8784280000007385
7.099839999999527,0.8757560000007416
7.101509999999527,0.8730840000007376
7.103179999999527,0.8704120000007407
7.1048499999995265,0.8677400000007403
7.106519999999526,0.8650680000007398
7.108189999999526,0.8623960000007429
7.109859999999526,0.8597240000007424
7.111529999999526,0.857052000000742
7.113199999999526,0.8543800000007415
7.1148699999995255,0.8517080000007411
7.116539999999525,0.8490360000007406
7.118209999999525,0.8463640000007437
7.119879999999525,0.8436920000007433
7.121549999999525,0.8410200000007428
7.123219999999525,0.8383480000007459
7.1248899999995245,0.8356760000007419
7.126559999999524,0.8330040000007415
7.128229999999524,0.8303320000007446
7.129899999999524,0.8276600000007441
7.131569999999524,0.8249880000007437
7.133239999999524,0.8223160000007468
7.134909999999524,0.8196440000007463
7.136579999999523,0.8169720000007459
7.138249999999523,0.8143000000007454
7.139919999999523,0.811628000000745
7.141589999999523,0.8089560000007481
7.143259999999523,0.8062840000007476
7.144929999999523,0.8036120000007472
7.1465999999995224,0.8009400000007467
7.148269999999522,0.7982680000007463
7.149939999999522,0.7955960000007458
7.151609999999522,0.7929240000007489
7.153279999999522,0.7902520000007485
7.154949999999522,0.787580000000748
7.1566199999995215,0.7849080000007476
7.158289999999521,0.7822360000007471
7.159959999999521,0.7795640000007467
7.161629999999521,0.7768920000007498
7.163299999999521,0.7742200000007493
7.164969999999521,0.7715480000007524
7.1666399999995205,0.7688760000007484
7.16830999999952,0.766204000000748
7.16997999999952,0.763532000000751
7.17164999999952,0.7608600000007506
7.17331999999952,0.7581880000007502
7.17498999999952,0.7555160000007533
7.1766599999995195,0.7528440000007492
7.178329999999519,0.7501720000007488
7.179999999999519,0.7475000000007519
7.181669999999519,0.7448280000007514
7.183339999999519,0.742156000000751
7.185009999999519,0.7394840000007541
7.186679999999519,0.7368120000007501
7.188349999999518,0.7341400000007496
7.190019999999518,0.7314680000007527
7.191689999999518,0.7287960000007523
7.193359999999518,0.7261240000007518
7.195029999999518,0.7234520000007549
7.196699999999518,0.7207800000007509
7.198369999999517,0.718108000000754
7.200039999999517,0.7154360000007536
7.201709999999517,0.7127640000007531
7.203379999999517,0.7100920000007562
7.205049999999517,0.7074200000007558
7.206719999999517,0.7047480000007518
7.2083899999995165,0.7020760000007549
7.210059999999516,0.6994040000007544
7.211729999999516,0.696732000000754
7.213399999999516,0.6940600000007571
7.215069999999516,0.6913880000007566
7.216739999999516,0.6887160000007526
7.2184099999995155,0.6860440000007557
7.220079999999515,0.6833720000007553
7.221749999999515,0.6807000000007548
7.223419999999515,0.6780280000007579
7.225089999999515,0.6753560000007575
7.226759999999515,0.672684000000757
7.2284299999995145,0.6700120000007566
7.230099999999514,0.6673400000007561
7.231769999999514,0.6646680000007592
7.233439999999514,0.6619960000007588
7.235109999999514,0.6593240000007583
7.236779999999514,0.6566520000007579
7.2384499999995136,0.6539800000007574
7.240119999999513,0.651308000000757
7.241789999999513,0.64863600000076
7.243459999999513,0.6459640000007596
7.245129999999513,0.6432920000007591
7.246799999999513,0.6406200000007622
7.248469999999513,0.6379480000007582
7.250139999999512,0.6352760000007578
7.251809999999512,0.6326040000007609
7.253479999999512,0.6299320000007604
7.255149999999512,0.62726000000076
7.256819999999512,0.6245880000007631
7.258489999999512,0.6219160000007626
7.2601599999995114,0.6192440000007657
7.261829999999511,0.6165720000007617
7.263499999999511,0.6139000000007613
7.265169999999511,0.6112280000007644
7.266839999999511,0.6085560000007639
7.268509999999511,0.6058840000007635
7.2701799999995105,0.6032120000007666
7.27184999999951,0.6005400000007661
7.27351999999951,0.5978680000007621
7.27518999999951,0.5951960000007652
7.27685999999951,0.5925240000007648
7.27852999999951,0.5898520000007643
7.2801999999995095,0.5871800000007674
7.281869999999509,0.584508000000767
7.283539999999509,0.5818360000007665
7.285209999999509,0.5791640000007696
7.286879999999509,0.5764920000007656
7.288549999999509,0.5738200000007687
7.2902199999995085,0.5711480000007683
7.291889999999508,0.5684760000007678
7.293559999999508,0.5658040000007709
7.295229999999508,0.5631320000007705
7.296899999999508,0.56046000000077
7.298569999999508,0.5577880000007696
7.300239999999508,0.5551160000007691
7.301909999999507,0.5524440000007687
7.303579999999507,0.5497720000007718
7.305249999999507,0.5471000000007713
7.306919999999507,0.5444280000007709
7.308589999999507,0.5417560000007704
7.310259999999507,0.53908400000077
7.311929999999506,0.5364120000007695
7.313599999999506,0.5337400000007726
7.315269999999506,0.5310680000007721
7.316939999999506,0.5283960000007717
7.318609999999506,0.5257240000007712
7.320279999999506,0.5230520000007708
7.3219499999995055,0.5203800000007739
7.323619999999505,0.5177080000007734
7.325289999999505,0.515036000000773
7.326959999999505,0.5123640000007761
7.328629999999505,0.5096920000007721
7.330299999999505,0.5070200000007716
7.3319699999995045,0.5043480000007747
7.333639999999504,0.5016760000007743
7.335309999999504,0.49900400000077383
7.336979999999504,0.49633200000077693
7.338649999999504,0.4936600000007729
7.340319999999504,0.4909880000007725
7.3419899999995035,0.4883160000007756
7.343659999999503,0.4856440000007751
7.345329999999503,0.48297200000077467
7.346999999999503,0.48030000000077777
7.348669999999503,0.47762800000077377
7.350339999999503,0.47495600000077687
7.3520099999995026,0.4722840000007764
7.353679999999502,0.46961200000077596
7.355349999999502,0.46694000000077907
7.357019999999502,0.4642680000007786
7.358689999999502,0.46159600000077816
7.360359999999502,0.4589240000007777
7.362029999999502,0.45625200000077726
7.363699999999501,0.4535800000007768
7.365369999999501,0.4509080000007799
7.367039999999501,0.44823600000077946
7.368709999999501,0.445564000000779
7.370379999999501,0.4428920000007821
7.372049999999501,0.44022000000078165
7.3737199999995005,0.43754800000077765
7.3753899999995,0.43487600000078075
7.3770599999995,0.4322040000007803
7.3787299999995,0.42953200000077985
7.3803999999995,0.42686000000078295
7.3820699999995,0.4241880000007825
7.3837399999994995,0.4215160000007856
7.385409999999499,0.4188440000007816
7.387079999999499,0.41617200000078114
7.388749999999499,0.41350000000078424
7.390419999999499,0.4108280000007838
7.392089999999499,0.40815600000078334
7.3937599999994985,0.40548400000078644
7.395429999999498,0.402812000000786
7.397099999999498,0.400140000000782
7.398769999999498,0.3974680000007851
7.400439999999498,0.39479600000078463
7.402109999999498,0.3921240000007842
7.4037799999994975,0.3894520000007873
7.405449999999497,0.3867800000007868
7.407119999999497,0.3841080000007864
7.408789999999497,0.3814360000007859
7.410459999999497,0.3787640000007855
7.412129999999497,0.3760920000007886
7.413799999999497,0.3734200000007881
7.415469999999496,0.37074800000078767
7.417139999999496,0.36807600000079077
7.418809999999496,0.36540400000078677
7.420479999999496,0.3627320000007863
7.422149999999496,0.3600600000007894
7.423819999999496,0.35738800000078896
7.425489999999495,0.3547160000007885
7.427159999999495,0.3520440000007916
7.428829999999495,0.3493720000007876
7.430499999999495,0.34670000000078716
7.432169999999495,0.34402800000079026
7.433839999999495,0.3413560000007898
7.4355099999994945,0.33868400000078935
7.437179999999494,0.33601200000079245
7.438849999999494,0.33334000000078845
7.440519999999494,0.330668000000788
7.442189999999494,0.3279960000007911
7.443859999999494,0.32532400000079065
7.4455299999994935,0.32265200000079375
7.447199999999493,0.3199800000007933
7.448869999999493,0.3173080000007893
7.450539999999493,0.3146360000007924
7.452209999999493,0.31196400000079194
7.453879999999493,0.3092920000007915
7.4555499999994925,0.3066200000007946
7.457219999999492,0.30394800000079414
7.458889999999492,0.3012760000007937
