TimeInc,Intensity
0.5,0.20000000000000004
0.50167,0.20217099999999982
0.5033399999999999,0.2043419999999999
0.5050099999999998,0.206513
0.5066799999999998,0.20868399999999976
0.5083499999999997,0.21085499999999954
0.5100199999999997,0.21302599999999966
0.5116899999999996,0.21519699999999975
0.5133599999999996,0.2173679999999995
0.5150299999999995,0.21953899999999926
0.5166999999999995,0.22170999999999938
0.5183699999999994,0.2238809999999995
0.5200399999999994,0.22605199999999925
0.5217099999999993,0.228222999999999
0.5233799999999993,0.2303939999999991
0.5250499999999992,0.23256499999999922
0.5267199999999992,0.234735999999999
0.5283899999999991,0.23690699999999876
0.5300599999999991,0.23907799999999885
0.531729999999999,0.24124899999999894
0.533399999999999,0.24341999999999872
0.5350699999999989,0.2455909999999985
0.5367399999999989,0.2477619999999986
0.5384099999999988,0.24993299999999868
0.5400799999999988,0.25210399999999844
0.5417499999999987,0.25427499999999825
0.5434199999999987,0.25644599999999834
0.5450899999999986,0.25861699999999843
0.5467599999999986,0.2607879999999982
0.5484299999999985,0.26295899999999794
0.5500999999999985,0.2651299999999981
0.5517699999999984,0.2673009999999982
0.5534399999999984,0.26947199999999794
0.5551099999999983,0.2716429999999977
0.5567799999999983,0.2738139999999978
0.5584499999999982,0.2759849999999979
0.5601199999999982,0.2781559999999977
0.5617899999999981,0.28032699999999744
0.5634599999999981,0.28249799999999753
0.565129999999998,0.2846689999999976
0.566799999999998,0.28683999999999743
0.5684699999999979,0.2890109999999972
0.5701399999999979,0.2911819999999973
0.5718099999999978,0.29335299999999737
0.5734799999999978,0.2955239999999971
0.5751499999999977,0.29769499999999693
0.5768199999999977,0.299865999999997
0.5784899999999976,0.3020369999999971
0.5801599999999976,0.30420799999999687
0.5818299999999975,0.3063789999999966
0.5834999999999975,0.30854999999999677
0.5851699999999974,0.31072099999999686
0.5868399999999974,0.3128919999999966
0.5885099999999973,0.3150629999999964
0.5901799999999973,0.31723399999999646
0.5918499999999972,0.3194049999999966
0.5935199999999972,0.32157599999999636
0.5951899999999971,0.3237469999999961
0.5968599999999971,0.3259179999999962
0.598529999999997,0.3280889999999963
0.600199999999997,0.3302599999999961
0.6018699999999969,0.33243099999999587
0.6035399999999969,0.33460199999999596
0.6052099999999968,0.33677299999999605
0.6068799999999968,0.3389439999999958
0.6085499999999967,0.3411149999999956
0.6102199999999967,0.3432859999999957
0.6118899999999966,0.3454569999999958
0.6135599999999966,0.34762799999999555
0.6152299999999965,0.3497989999999953
0.6168999999999965,0.35196999999999545
0.6185699999999964,0.35414099999999554
0.6202399999999963,0.3563119999999953
0.6219099999999963,0.35848299999999506
0.6235799999999962,0.36065399999999515
0.6252499999999962,0.3628249999999953
0.6269199999999961,0.364995999999995
0.6285899999999961,0.3671669999999948
0.630259999999996,0.3693379999999949
0.631929999999996,0.371508999999995
0.6335999999999959,0.3736799999999948
0.6352699999999959,0.3758509999999945
0.6369399999999958,0.37802199999999464
0.6386099999999958,0.38019299999999473
0.6402799999999957,0.3823639999999945
0.6419499999999957,0.3845349999999943
0.6436199999999956,0.38670599999999433
0.6452899999999956,0.3888769999999945
0.6469599999999955,0.39104799999999423
0.6486299999999955,0.393218999999994
0.6502999999999954,0.39538999999999414
0.6519699999999954,0.39756099999999417
0.6536399999999953,0.399731999999994
0.6553099999999953,0.40190299999999374
0.6569799999999952,0.4040739999999938
0.6586499999999952,0.40624499999999397
0.6603199999999951,0.4084159999999937
0.6619899999999951,0.4105869999999935
0.663659999999995,0.4127579999999936
0.665329999999995,0.41492899999999366
0.6669999999999949,0.4170999999999935
0.6686699999999949,0.4192709999999932
0.6703399999999948,0.4214419999999933
0.6720099999999948,0.4236129999999934
0.6736799999999947,0.42578399999999317
0.6753499999999947,0.427954999999993
0.6770199999999946,0.430125999999993
0.6786899999999946,0.43229699999999316
0.6803599999999945,0.4344679999999929
0.6820299999999945,0.43663899999999267
0.6836999999999944,0.4388099999999928
0.6853699999999944,0.44098099999999285
0.6870399999999943,0.44315199999999266
0.6887099999999943,0.4453229999999924
0.6903799999999942,0.4474939999999925
0.6920499999999942,0.44966499999999265
0.6937199999999941,0.45183599999999235
0.6953899999999941,0.45400699999999217
0.697059999999994,0.45617799999999226
0.698729999999994,0.45834899999999235
0.7003999999999939,0.46051999999999216
0.7020699999999939,0.46269099999999186
0.7037399999999938,0.464861999999992
0.7054099999999938,0.4670329999999921
0.7070799999999937,0.46920399999999185
0.7087499999999937,0.47137499999999166
0.7104199999999936,0.4735459999999917
0.7120899999999936,0.47571699999999184
0.7137599999999935,0.4778879999999916
0.7154299999999935,0.48005899999999135
0.7170999999999934,0.4822299999999915
0.7187699999999934,0.48440099999999153
0.7204399999999933,0.48657199999999134
0.7221099999999933,0.4887429999999911
0.7237799999999932,0.4909139999999912
0.7254499999999932,0.49308499999999134
0.7271199999999931,0.49525599999999104
0.728789999999993,0.49742699999999085
0.730459999999993,0.49959799999999105
0.732129999999993,0.501768999999991
0.7337999999999929,0.503939999999991
0.7354699999999929,0.5061109999999907
0.7371399999999928,0.5082819999999908
0.7388099999999928,0.5104529999999909
0.7404799999999927,0.5126239999999906
0.7421499999999926,0.5147949999999905
0.7438199999999926,0.5169659999999905
0.7454899999999925,0.5191369999999906
0.7471599999999925,0.5213079999999903
0.7488299999999924,0.5234789999999901
0.7504999999999924,0.5256499999999903
0.7521699999999923,0.5278209999999903
0.7538399999999923,0.5299919999999901
0.7555099999999922,0.53216299999999
0.7571799999999922,0.53433399999999
0.7588499999999921,0.5365049999999901
0.7605199999999921,0.5386759999999898
0.762189999999992,0.5408469999999896
0.763859999999992,0.5430179999999898
0.7655299999999919,0.5451889999999898
0.7671999999999919,0.5473599999999896
0.7688699999999918,0.5495309999999893
0.7705399999999918,0.5517019999999895
0.7722099999999917,0.5538729999999896
0.7738799999999917,0.5560439999999893
0.7755499999999916,0.5582149999999891
0.7772199999999916,0.5603859999999892
0.7788899999999915,0.5625569999999893
0.7805599999999915,0.564727999999989
0.7822299999999914,0.5668989999999888
0.7838999999999914,0.569069999999989
0.7855699999999913,0.571240999999989
0.7872399999999913,0.5734119999999888
0.7889099999999912,0.5755829999999886
0.7905799999999912,0.5777539999999887
0.7922499999999911,0.5799249999999888
0.7939199999999911,0.5820959999999885
0.795589999999991,0.5842669999999883
0.797259999999991,0.5864379999999885
0.7989299999999909,0.5886089999999885
0.8005999999999909,0.5907799999999883
0.8022699999999908,0.592950999999988
0.8039399999999908,0.5951219999999882
0.8056099999999907,0.5972929999999883
0.8072799999999907,0.599463999999988
0.8089499999999906,0.6016349999999878
0.8106199999999906,0.6038059999999879
0.8122899999999905,0.605976999999988
0.8139599999999905,0.6081479999999877
0.8156299999999904,0.6103189999999875
0.8172999999999904,0.6124899999999877
0.8189699999999903,0.6146609999999877
0.8206399999999903,0.6168319999999875
0.8223099999999902,0.6190029999999873
0.8239799999999902,0.6211739999999873
0.8256499999999901,0.6233449999999875
0.8273199999999901,0.6255159999999873
0.82898999999999,0.627686999999987
0.83065999999999,0.6298579999999872
0.8323299999999899,0.6320289999999872
0.8339999999999899,0.634199999999987
0.8356699999999898,0.6363709999999867
0.8373399999999898,0.6385419999999868
0.8390099999999897,0.640712999999987
0.8406799999999897,0.6428839999999867
0.8423499999999896,0.6450549999999865
0.8440199999999896,0.6472259999999865
0.8456899999999895,0.6493969999999867
0.8473599999999895,0.6515679999999864
0.8490299999999894,0.6537389999999862
0.8506999999999894,0.6559099999999863
0.8523699999999893,0.6580809999999864
0.8540399999999893,0.6602519999999862
0.8557099999999892,0.662422999999986
0.8573799999999892,0.664593999999986
0.8590499999999891,0.6667649999999862
0.860719999999989,0.668935999999986
0.862389999999989,0.6711069999999857
0.864059999999989,0.6732779999999858
0.8657299999999889,0.6754489999999859
0.8673999999999888,0.6776199999999857
0.8690699999999888,0.6797909999999854
0.8707399999999887,0.6819619999999855
0.8724099999999887,0.6841329999999857
0.8740799999999886,0.6863039999999854
0.8757499999999886,0.6884749999999852
0.8774199999999885,0.6906459999999852
0.8790899999999885,0.6928169999999854
0.8807599999999884,0.6949879999999851
0.8824299999999884,0.6971589999999849
0.8840999999999883,0.699329999999985
0.8857699999999883,0.701500999999985
0.8874399999999882,0.7036719999999849
0.8891099999999882,0.7058429999999847
0.8907799999999881,0.7080139999999847
0.8924499999999881,0.7101849999999849
0.894119999999988,0.7123559999999846
0.895789999999988,0.7145269999999844
0.8974599999999879,0.7166979999999845
0.8991299999999879,0.7188689999999845
0.9007999999999878,0.7210399999999844
0.9024699999999878,0.7232109999999841
0.9041399999999877,0.7253819999999842
0.9058099999999877,0.7275529999999844
0.9074799999999876,0.729723999999984
0.9091499999999876,0.7318949999999839
0.9108199999999875,0.7340659999999839
0.9124899999999875,0.736236999999984
0.9141599999999874,0.7384079999999837
0.9158299999999874,0.7405789999999836
0.9174999999999873,0.7427499999999837
0.9191699999999873,0.7449209999999837
0.9208399999999872,0.7470919999999835
0.9225099999999872,0.7492629999999834
0.9241799999999871,0.7514339999999834
0.9258499999999871,0.7536049999999835
0.927519999999987,0.7557759999999832
0.929189999999987,0.757946999999983
0.9308599999999869,0.7601179999999832
0.9325299999999869,0.7622889999999832
0.9341999999999868,0.764459999999983
0.9358699999999868,0.7666309999999827
0.9375399999999867,0.7688019999999829
0.9392099999999867,0.770972999999983
0.9408799999999866,0.7731439999999827
0.9425499999999866,0.7753149999999825
0.9442199999999865,0.7774859999999826
0.9458899999999865,0.7796569999999827
0.9475599999999864,0.7818279999999824
0.9492299999999864,0.7839989999999822
0.9508999999999863,0.7861699999999824
0.9525699999999863,0.7883409999999824
0.9542399999999862,0.7905119999999822
0.9559099999999862,0.792682999999982
0.9575799999999861,0.7948539999999821
0.9592499999999861,0.7970249999999822
0.960919999999986,0.7991959999999819
0.962589999999986,0.8013669999999817
0.9642599999999859,0.8035379999999819
0.9659299999999859,0.8057089999999819
0.9675999999999858,0.8078799999999818
0.9692699999999858,0.8100509999999815
0.9709399999999857,0.8122219999999816
0.9726099999999857,0.8143929999999817
0.9742799999999856,0.8165639999999815
0.9759499999999856,0.8187349999999813
0.9776199999999855,0.8209059999999813
0.9792899999999854,0.8230769999999815
0.9809599999999854,0.8252479999999813
0.9826299999999853,0.827418999999981
0.9842999999999853,0.8295899999999811
0.9859699999999852,0.8317609999999812
0.9876399999999852,0.833931999999981
0.9893099999999851,0.8361029999999807
0.9909799999999851,0.8382739999999808
0.992649999999985,0.840444999999981
0.994319999999985,0.8426159999999807
0.9959899999999849,0.8447869999999805
0.9976599999999849,0.8469579999999806
0.9993299999999848,0.8491289999999807
1.0009999999999848,0.8512999999999805
1.0026699999999849,0.8534709999999804
1.004339999999985,0.8556419999999807
1.006009999999985,0.8578129999999806
1.007679999999985,0.8599839999999808
1.009349999999985,0.8621549999999808
1.0110199999999852,0.8643259999999809
1.0126899999999852,0.866496999999981
1.0143599999999853,0.8686679999999811
1.0160299999999853,0.870838999999981
1.0176999999999854,0.8730099999999813
1.0193699999999855,0.8751809999999812
1.0210399999999855,0.8773519999999815
1.0227099999999856,0.8795229999999814
1.0243799999999856,0.8816939999999815
1.0260499999999857,0.8838649999999818
1.0277199999999858,0.8860359999999817
1.0293899999999858,0.8882069999999818
1.0310599999999859,0.8903779999999819
1.032729999999986,0.892548999999982
1.034399999999986,0.8947199999999821
1.036069999999986,0.8968909999999822
1.0377399999999861,0.8990619999999823
1.0394099999999862,0.9012329999999824
1.0410799999999862,0.9034039999999823
1.0427499999999863,0.9055749999999826
1.0444199999999864,0.9077459999999825
1.0460899999999864,0.9099169999999828
1.0477599999999865,0.9120879999999827
1.0494299999999865,0.9142589999999828
1.0510999999999866,0.9164299999999829
1.0527699999999867,0.918600999999983
1.0544399999999867,0.920771999999983
1.0561099999999868,0.9229429999999832
1.0577799999999868,0.9251139999999831
1.059449999999987,0.9272849999999834
1.061119999999987,0.9294559999999833
1.062789999999987,0.9316269999999836
1.064459999999987,0.9337979999999835
1.0661299999999871,0.9359689999999836
1.0677999999999872,0.9381399999999837
1.0694699999999873,0.9403109999999838
1.0711399999999873,0.9424819999999838
1.0728099999999874,0.944652999999984
1.0744799999999874,0.9468239999999839
1.0761499999999875,0.9489949999999842
1.0778199999999876,0.9511659999999841
1.0794899999999876,0.9533369999999843
1.0811599999999877,0.9555079999999843
1.0828299999999877,0.9576789999999844
1.0844999999999878,0.9598499999999844
1.0861699999999879,0.9620209999999846
1.087839999999988,0.9641919999999846
1.089509999999988,0.9663629999999848
1.091179999999988,0.9685339999999847
1.092849999999988,0.9707049999999849
1.0945199999999882,0.9728759999999851
1.0961899999999882,0.9750469999999851
1.0978599999999883,0.977217999999985
1.0995299999999884,0.9793889999999852
1.1011999999999884,0.9815599999999853
1.1028699999999885,0.9837309999999854
1.1045399999999885,0.9859019999999856
1.1062099999999886,0.9880729999999855
1.1078799999999887,0.9902439999999857
1.1095499999999887,0.9924149999999856
1.1112199999999888,0.9945859999999859
1.1128899999999888,0.9967569999999859
1.114559999999989,0.998927999999986
1.116229999999989,1.001098999999986
1.117899999999989,1.0032699999999861
1.119569999999989,1.005440999999986
1.1212399999999891,1.0076119999999864
1.1229099999999892,1.0097829999999863
1.1245799999999893,1.0119539999999865
1.1262499999999893,1.0141249999999864
1.1279199999999894,1.0162959999999868
1.1295899999999894,1.0184669999999867
1.1312599999999895,1.0206379999999868
1.1329299999999896,1.0228089999999868
1.1345999999999896,1.024979999999987
1.1362699999999897,1.027150999999987
1.1379399999999897,1.0293219999999872
1.1396099999999898,1.0314929999999871
1.1412799999999899,1.0336639999999873
1.14294999999999,1.0358349999999872
1.14461999999999,1.0380059999999873
1.14628999999999,1.0401769999999875
1.14795999999999,1.0423479999999876
1.1496299999999902,1.0445189999999875
1.1512999999999902,1.0466899999999877
1.1529699999999903,1.0488609999999876
1.1546399999999903,1.051031999999988
1.1563099999999904,1.053202999999988
1.1579799999999905,1.055373999999988
1.1596499999999905,1.057544999999988
1.1613199999999906,1.0597159999999883
1.1629899999999906,1.0618869999999885
1.1646599999999907,1.0640579999999884
1.1663299999999908,1.0662289999999883
1.1679999999999908,1.0683999999999885
1.1696699999999909,1.0705709999999886
1.171339999999991,1.0727419999999888
1.173009999999991,1.0749129999999887
1.174679999999991,1.0770839999999888
1.1763499999999911,1.0792549999999888
1.1780199999999912,1.081425999999989
1.1796899999999912,1.083596999999989
1.1813599999999913,1.0857679999999892
1.1830299999999914,1.087938999999989
1.1846999999999914,1.0901099999999893
1.1863699999999915,1.0922809999999892
1.1880399999999915,1.0944519999999895
1.1897099999999916,1.0966229999999895
1.1913799999999917,1.0987939999999896
1.1930499999999917,1.1009649999999895
1.1947199999999918,1.10313599999999
1.1963899999999918,1.1053069999999898
1.198059999999992,1.10747799999999
1.199729999999992,1.10964899999999
1.201399999999992,1.11181999999999
1.203069999999992,1.1139909999999902
1.2047399999999922,1.1161619999999903
1.2064099999999922,1.1183329999999903
1.2080799999999923,1.1205039999999904
1.2097499999999923,1.1226749999999903
1.2114199999999924,1.1248459999999905
1.2130899999999925,1.1270169999999906
1.2147599999999925,1.1291879999999908
1.2164299999999926,1.1313589999999907
1.2180999999999926,1.1335299999999908
1.2197699999999927,1.1357009999999907
1.2214399999999928,1.1378719999999911
1.2231099999999928,1.140042999999991
1.2247799999999929,1.1422139999999912
1.226449999999993,1.144384999999991
1.228119999999993,1.1465559999999915
1.229789999999993,1.1487269999999914
1.2314599999999931,1.1508979999999913
1.2331299999999932,1.1530689999999915
1.2347999999999932,1.1552399999999916
1.2364699999999933,1.1574109999999918
1.2381399999999934,1.159581999999992
1.2398099999999934,1.1617529999999918
1.2414799999999935,1.163923999999992
1.2431499999999935,1.1660949999999919
1.2448199999999936,1.168265999999992
1.2464899999999937,1.1704369999999922
1.2481599999999937,1.1726079999999923
1.2498299999999938,1.1747789999999922
1.2514999999999938,1.1769499999999924
1.253169999999994,1.1791209999999923
1.254839999999994,1.1812919999999927
1.256509999999994,1.1834629999999926
1.258179999999994,1.1856339999999927
1.2598499999999941,1.1878049999999927
1.2615199999999942,1.189975999999993
1.2631899999999943,1.192146999999993
1.2648599999999943,1.194317999999993
1.2665299999999944,1.196488999999993
1.2681999999999944,1.1986599999999932
1.2698699999999945,1.2008309999999933
1.2715399999999946,1.2030019999999935
1.2732099999999946,1.2051729999999934
1.2748799999999947,1.2073439999999935
1.2765499999999947,1.2095149999999935
1.2782199999999948,1.2116859999999936
1.2798899999999949,1.2138569999999937
1.281559999999995,1.216027999999994
1.283229999999995,1.2181989999999938
1.284899999999995,1.220369999999994
1.286569999999995,1.2225409999999939
1.2882399999999952,1.2247119999999942
1.2899099999999952,1.2268829999999942
1.2915799999999953,1.2290539999999943
1.2932499999999953,1.2312249999999942
1.2949199999999954,1.2333959999999946
1.2965899999999955,1.2355669999999948
1.2982599999999955,1.2377379999999947
1.2999299999999956,1.2399089999999948
1.3015999999999956,1.2420799999999947
1.3032699999999957,1.2442509999999949
1.3049399999999958,1.246421999999995
1.3066099999999958,1.248592999999995
1.308279999999996,1.250763999999995
1.309949999999996,1.252934999999995
1.311619999999996,1.2551059999999952
1.313289999999996,1.2572769999999953
1.3149599999999961,1.2594479999999955
1.3166299999999962,1.2616189999999954
1.3182999999999963,1.2637899999999955
1.3199699999999963,1.2659609999999955
1.3216399999999964,1.2681319999999956
1.3233099999999964,1.2703029999999957
1.3249799999999965,1.2724739999999959
1.3266499999999966,1.2746449999999958
1.3283199999999966,1.2768159999999962
1.3299899999999967,1.2789869999999959
1.3316599999999967,1.2811579999999962
1.3333299999999968,1.2833289999999962
1.3349999999999969,1.2854999999999963
1.336669999999997,1.2876709999999965
1.338339999999997,1.2898419999999966
1.340009999999997,1.2920129999999965
1.341679999999997,1.2941839999999967
1.3433499999999972,1.2963549999999966
1.3450199999999972,1.2985259999999967
1.3466899999999973,1.3006969999999969
1.3483599999999973,1.302867999999997
1.3500299999999974,1.305038999999997
1.3516999999999975,1.307209999999997
1.3533699999999975,1.309380999999997
1.3550399999999976,1.3115519999999972
1.3567099999999976,1.3137229999999973
1.3583799999999977,1.3158939999999975
1.3600499999999978,1.3180649999999974
1.3617199999999978,1.3202359999999977
1.3633899999999979,1.3224069999999974
1.365059999999998,1.3245779999999976
1.366729999999998,1.3267489999999977
1.368399999999998,1.3289199999999979
1.3700699999999981,1.331090999999998
1.3717399999999982,1.3332619999999982
1.3734099999999982,1.335432999999998
1.3750799999999983,1.3376039999999982
1.3767499999999984,1.3397749999999982
1.3784199999999984,1.3419459999999983
1.3800899999999985,1.3441169999999985
1.3817599999999985,1.3462879999999986
1.3834299999999986,1.3484589999999985
1.3850999999999987,1.3506299999999987
1.3867699999999987,1.3528009999999986
1.3884399999999988,1.3549719999999987
1.3901099999999988,1.3571429999999989
1.391779999999999,1.359313999999999
1.393449999999999,1.361484999999999
1.395119999999999,1.3636559999999993
1.396789999999999,1.365826999999999
1.3984599999999991,1.3679979999999994
1.4001299999999992,1.3701689999999993
1.4017999999999993,1.3723399999999994
1.4034699999999993,1.3745109999999996
1.4051399999999994,1.3766819999999997
1.4068099999999994,1.3788529999999997
1.4084799999999995,1.3810239999999998
1.4101499999999996,1.3831949999999997
1.4118199999999996,1.3853659999999999
1.4134899999999997,1.387537
1.4151599999999998,1.3897080000000002
1.4168299999999998,1.391879
1.4184999999999999,1.3940500000000002
1.42017,1.3962210000000002
1.42184,1.3983920000000003
1.42351,1.4005630000000004
1.4251800000000001,1.4027340000000006
1.4268500000000002,1.4049050000000005
1.4285200000000002,1.4070760000000009
1.4301900000000003,1.409247000000001
1.4318600000000004,1.411418000000001
1.4335300000000004,1.413589000000001
1.4352000000000005,1.415760000000001
1.4368700000000005,1.4179310000000012
1.4385400000000006,1.4201020000000013
1.4402100000000007,1.4222730000000015
1.4418800000000007,1.4244440000000014
1.4435500000000008,1.4266150000000015
1.4452200000000008,1.4287860000000014
1.446890000000001,1.4309570000000016
1.448560000000001,1.4331280000000017
1.450230000000001,1.4352990000000019
1.451900000000001,1.4374700000000018
1.4535700000000011,1.4396410000000022
1.4552400000000012,1.4418120000000019
1.4569100000000013,1.4439830000000022
1.4585800000000013,1.4461540000000022
1.4602500000000014,1.4483250000000023
1.4619200000000014,1.4504960000000025
1.4635900000000015,1.4526670000000026
1.4652600000000016,1.4548380000000025
1.4669300000000016,1.4570090000000027
1.4686000000000017,1.4591800000000026
1.4702700000000017,1.4613510000000027
1.4719400000000018,1.4635220000000029
1.4736100000000019,1.465693000000003
1.475280000000002,1.467864000000003
1.476950000000002,1.470035000000003
1.478620000000002,1.472206000000003
1.480290000000002,1.4743770000000032
1.4819600000000022,1.4765480000000033
1.4836300000000022,1.4787190000000034
1.4853000000000023,1.4808900000000034
1.4869700000000023,1.4830610000000037
1.4886400000000024,1.4852320000000034
1.4903100000000025,1.4874030000000038
1.4919800000000025,1.489574000000004
1.4936500000000026,1.4917450000000039
1.4953200000000026,1.493916000000004
1.4969900000000027,1.4960870000000042
1.4986600000000028,1.4982580000000043
1.5003300000000028,1.5005657142857194
1.5020000000000029,1.5034285714285773
1.503670000000003,1.5062914285714353
1.505340000000003,1.5091542857142917
1.507010000000003,1.512017142857148
1.5086800000000031,1.514880000000006
1.5103500000000032,1.517742857142864
1.5120200000000033,1.5206057142857206
1.5136900000000033,1.5234685714285772
1.5153600000000034,1.526331428571435
1.5170300000000034,1.5291942857142926
1.5187000000000035,1.5320571428571492
1.5203700000000036,1.5349200000000058
1.5220400000000036,1.5377828571428638
1.5237100000000037,1.5406457142857217
1.5253800000000037,1.5435085714285781
1.5270500000000038,1.5463714285714345
1.5287200000000039,1.5492342857142924
1.530390000000004,1.5520971428571504
1.532060000000004,1.5549330088495643
1.533730000000004,1.5577483628318647
1.535400000000004,1.5605637168141664
1.5370700000000042,1.563379070796468
1.5387400000000042,1.5661944247787682
1.5404100000000043,1.5690097787610684
1.5420800000000043,1.5718251327433703
1.5437500000000044,1.5746404867256718
1.5454200000000045,1.5774558407079722
1.5470900000000045,1.5802711946902726
1.5487600000000046,1.583086548672574
1.5504300000000046,1.585901902654876
1.5521000000000047,1.5887172566371761
1.5537700000000048,1.5915326106194763
1.5554400000000048,1.594347964601778
1.5571100000000049,1.5971633185840797
1.558780000000005,1.59997867256638
1.560450000000005,1.6027940265486804
1.562120000000005,1.605609380530982
1.5637900000000051,1.608461428571438
1.5654600000000052,1.6113242857142944
1.5671300000000052,1.6141871428571513
1.5688000000000053,1.6170500000000092
1.5704700000000054,1.6199128571428671
1.5721400000000054,1.6227757142857235
1.5738100000000055,1.6256385714285804
1.5754800000000055,1.6285014285714383
1.5771500000000056,1.6313642857142958
1.5788200000000057,1.6342271428571526
1.5804900000000057,1.637090000000009
1.5821600000000058,1.639952857142867
1.5838300000000058,1.642815714285725
1.585500000000006,1.6456785714285818
1.587170000000006,1.6485414285714381
1.588840000000006,1.651404285714296
1.590510000000006,1.654267142857154
1.5921800000000061,1.6571300000000104
1.5938500000000062,1.6599860619469125
1.5955200000000063,1.6628014159292142
1.5971900000000063,1.6656167699115159
1.5988600000000064,1.668432123893816
1.6005300000000064,1.6712474778761166
1.6022000000000065,1.6740628318584183
1.6038700000000066,1.6768781858407196
1.6055400000000066,1.6796935398230202
1.6072100000000067,1.6825088938053208
1.6088800000000067,1.685324247787622
1.6105500000000068,1.6881396017699237
1.6122200000000069,1.6909549557522239
1.613890000000007,1.6937703097345245
1.615560000000007,1.6965856637168262
1.617230000000007,1.6994010176991279
1.6189000000000071,1.702216371681428
1.6205700000000072,1.7050317256637286
1.6222400000000072,1.7078470796460299
1.6239100000000073,1.7106624336283316
1.6255800000000074,1.7134942857142985
1.6272500000000074,1.716357142857155
1.6289200000000075,1.7192200000000128
1.6305900000000075,1.7220828571428708
1.6322600000000076,1.7249457142857276
1.6339300000000077,1.727808571428584
1.6356000000000077,1.730671428571442
1.6372700000000078,1.7335342857143
1.6389400000000078,1.7363971428571563
1.640610000000008,1.7392600000000131
1.642280000000008,1.742122857142871
1.643950000000008,1.744985714285729
1.645620000000008,1.7478485714285854
1.6472900000000081,1.7507114285714422
1.6489600000000082,1.7535742857143002
1.6506300000000083,1.7564371428571577
1.6523000000000083,1.7593000000000145
1.6539700000000084,1.7621628571428714
1.6556400000000084,1.7650257142857289
1.6573100000000085,1.767854469026564
1.6589800000000086,1.7706698230088642
1.6606500000000086,1.7734851769911648
1.6623200000000087,1.776300530973466
1.6639900000000087,1.7791158849557678
1.6656600000000088,1.7819312389380684
1.6673300000000089,1.7847465929203685
1.669000000000009,1.7875619469026702
1.670670000000009,1.790377300884972
1.672340000000009,1.793192654867272
1.674010000000009,1.7960080088495727
1.6756800000000092,1.798823362831874
1.6773500000000092,1.8016387168141756
1.6790200000000093,1.8044540707964762
1.6806900000000093,1.8072694247787764
1.6823600000000094,1.810084778761078
1.6840300000000095,1.8129001327433798
1.6857000000000095,1.81571548672568
1.6873700000000096,1.8185308407079805
1.6890400000000096,1.821390000000017
1.6907100000000097,1.8242528571428749
1.6923800000000098,1.8271157142857313
1.6940500000000098,1.829978571428588
1.6957200000000099,1.832841428571446
1.69739000000001,1.8357042857143036
1.69906000000001,1.8385671428571604
1.70073000000001,1.8414300000000172
1.7024000000000101,1.8442928571428747
1.7040700000000102,1.8471557142857327
1.7057400000000102,1.8500185714285895
1.7074100000000103,1.8528814285714459
1.7090800000000104,1.8557442857143038
1.7107500000000104,1.8586071428571618
1.7124200000000105,1.8614700000000186
1.7140900000000105,1.864332857142875
1.7157600000000106,1.867195714285733
1.7174300000000107,1.8700585714285909
1.7191000000000107,1.8729075221239124
1.7207700000000108,1.8757228761062126
1.7224400000000109,1.8785382300885143
1.724110000000011,1.881353584070816
1.725780000000011,1.8841689380531161
1.727450000000011,1.8869842920354167
1.729120000000011,1.889799646017718
1.7307900000000112,1.8926150000000197
1.7324600000000112,1.8954303539823203
1.7341300000000113,1.8982457079646202
1.7358000000000113,1.9010610619469221
1.7374700000000114,1.9038764159292234
1.7391400000000115,1.9066917699115238
1.7408100000000115,1.909507123893824
1.7424800000000116,1.9123224778761259
1.7441500000000116,1.9151378318584276
1.7458200000000117,1.9179531858407275
1.7474900000000118,1.920768539823028
1.7491600000000118,1.9235838938053296
1.7508300000000119,1.926422857142878
1.752500000000012,1.9292857142857347
1.754170000000012,1.932148571428591
1.755840000000012,1.9350114285714493
1.7575100000000121,1.9378742857143072
1.7591800000000122,1.9407371428571638
1.7608500000000122,1.9436000000000202
1.7625200000000123,1.9464628571428784
1.7641900000000124,1.9493257142857363
1.7658600000000124,1.9521885714285925
1.7675300000000125,1.9550514285714493
1.7692000000000125,1.9579142857143075
1.7708700000000126,1.9607771428571654
1.7725400000000127,1.9636400000000216
1.7742100000000127,1.9665028571428784
1.7758800000000128,1.9693657142857366
1.7775500000000128,1.972228571428594
1.779220000000013,1.9750914285714507
1.780890000000013,1.9779542857143075
1.782560000000013,1.980775929203562
1.784230000000013,1.9835912831858638
1.7859000000000131,1.9864066371681637
1.7875700000000132,1.9892219911504643
1.7892400000000133,1.9920373451327658
1.7909100000000133,1.9948526991150675
1.7925800000000134,1.9976680530973678
1.7942500000000134,2.0004834070796678
1.7959200000000135,2.00329876106197
1.7975900000000136,2.0061141150442716
1.7992600000000136,2.0089294690265715
1.8009300000000137,2.011744823008872
1.8026000000000137,2.0145601769911736
1.8042700000000138,2.0173755309734753
1.8059400000000139,2.0201908849557757
1.807610000000014,2.023006238938076
1.809280000000014,2.025821592920378
1.810950000000014,2.0286369469026795
1.812620000000014,2.0314557142857383
1.8142900000000142,2.034318571428595
1.8159600000000142,2.0371814285714533
1.8176300000000143,2.040044285714311
1.8193000000000144,2.0429071428571675
1.8209700000000144,2.045770000000024
1.8226400000000145,2.048632857142882
1.8243100000000145,2.05149571428574
1.8259800000000146,2.0543585714285966
1.8276500000000147,2.057221428571453
1.8293200000000147,2.060084285714311
1.8309900000000148,2.062947142857169
1.8326600000000148,2.0658100000000257
1.834330000000015,2.0686728571428823
1.836000000000015,2.0715357142857402
1.837670000000015,2.074398571428598
1.839340000000015,2.0772614285714543
1.8410100000000151,2.0801242857143114
1.8426800000000152,2.0829871428571693
1.8443500000000153,2.0858289823009115
1.8460200000000153,2.088644336283212
1.8476900000000154,2.091459690265512
1.8493600000000154,2.094275044247814
1.8510300000000155,2.0970903982301157
1.8527000000000156,2.0999057522124156
1.8543700000000156,2.102721106194716
1.8560400000000157,2.105536460177018
1.8577100000000157,2.1083518141593194
1.8593800000000158,2.1111671681416198
1.8610500000000159,2.11398252212392
1.862720000000016,2.116797876106222
1.864390000000016,2.1196132300885235
1.866060000000016,2.1224285840708235
1.867730000000016,2.1252439380531243
1.8694000000000162,2.128059292035426
1.8710700000000162,2.1308746460177272
1.8727400000000163,2.1336900000000276
1.8744100000000163,2.1365053539823284
1.8760800000000164,2.139351428571457
1.8777500000000165,2.142214285714315
1.8794200000000165,2.145077142857171
1.8810900000000166,2.1479400000000277
1.8827600000000166,2.150802857142886
1.8844300000000167,2.153665714285744
1.8861000000000168,2.1565285714286
1.8877700000000168,2.159391428571457
1.8894400000000169,2.1622542857143148
1.891110000000017,2.1651171428571727
1.892780000000017,2.1679800000000293
1.894450000000017,2.170842857142886
1.8961200000000171,2.173705714285744
1.8977900000000172,2.176568571428602
1.8994600000000172,2.179431428571458
1.9011300000000173,2.182294285714315
1.9028000000000174,2.1851571428571726
1.9044700000000174,2.1880200000000305
1.9061400000000175,2.1908820353982597
1.9078100000000175,2.19369738938056
1.9094800000000176,2.1965127433628617
1.9111500000000177,2.1993280973451634
1.9128200000000177,2.2021434513274634
1.9144900000000178,2.204958805309764
1.9161600000000178,2.2077741592920654
1.917830000000018,2.210589513274367
1.919500000000018,2.2134048672566675
1.921170000000018,2.2162202212389674
1.922840000000018,2.2190355752212696
1.9245100000000182,2.2218509292035713
1.9261800000000182,2.2246662831858712
1.9278500000000183,2.2274816371681716
1.9295200000000183,2.2302969911504733
1.9311900000000184,2.233112345132775
1.9328600000000185,2.2359276991150754
1.9345300000000185,2.2387430530973758
1.9362000000000186,2.2415584070796775
1.9378700000000186,2.2443842857143186
1.9395400000000187,2.2472471428571748
1.9412100000000188,2.2501100000000314
1.9428800000000188,2.2529728571428898
1.9445500000000189,2.2558357142857473
1.946220000000019,2.258698571428604
1.947890000000019,2.2615614285714605
1.949560000000019,2.2644242857143184
1.9512300000000191,2.2672871428571764
1.9529000000000192,2.270150000000033
1.9545700000000192,2.2730128571428896
1.9562400000000193,2.2758757142857475
1.9579100000000194,2.2787385714286055
1.9595800000000194,2.281601428571462
1.9612500000000195,2.2844642857143187
1.9629200000000195,2.2873271428571766
1.9645900000000196,2.2901900000000346
1.9662600000000197,2.2930528571428908
1.9679300000000197,2.295915714285748
1.9696000000000198,2.2987504424779095
1.9712700000000198,2.301565796460211
1.97294000000002,2.3043811504425116
1.97461000000002,2.3071965044248115
1.97628000000002,2.3100118584071136
1.97795000000002,2.3128272123894154
1.9796200000000201,2.3156425663717153
1.9812900000000202,2.3184579203540157
1.9829600000000203,2.321273274336318
1.9846300000000203,2.324088628318619
1.9863000000000204,2.3269039823009194
1.9879700000000204,2.32971933628322
1.9896400000000205,2.332534690265521
1.9913100000000206,2.335350044247823
1.9929800000000206,2.338165398230123
1.9946500000000207,2.340980752212424
1.9963200000000207,2.3437961061947252
1.9979900000000208,2.346611460177027
1.9996600000000209,2.3494268141593273
2.0013300000000207,2.3522800000000355
2.0030000000000205,2.3551428571428925
2.0046700000000204,2.358005714285749
2.00634000000002,2.360868571428606
2.00801000000002,2.3637314285714632
2.00968000000002,2.36659428571432
2.0113500000000197,2.369457142857177
2.0130200000000196,2.3723200000000335
2.0146900000000194,2.3751828571428906
2.0163600000000192,2.3780457142857476
2.018030000000019,2.3809085714286042
2.019700000000019,2.3837714285714613
2.0213700000000188,2.386634285714318
2.0230400000000186,2.389497142857175
2.0247100000000184,2.392360000000032
2.0263800000000183,2.3952228571428886
2.028050000000018,2.3980857142857457
2.029720000000018,2.4009485714286023
2.031390000000018,2.4038034955752514
2.0330600000000176,2.4066188495575522
2.0347300000000175,2.4094342035398526
2.0364000000000173,2.4122495575221534
2.038070000000017,2.415064911504454
2.039740000000017,2.4178802654867546
2.041410000000017,2.420695619469055
2.0430800000000167,2.423510973451356
2.0447500000000165,2.426326327433656
2.0464200000000163,2.429141681415957
2.048090000000016,2.4319570353982574
2.049760000000016,2.434772389380558
2.051430000000016,2.4375877433628586
2.0531000000000157,2.4404030973451594
2.0547700000000155,2.4432184513274597
2.0564400000000154,2.44603380530976
2.058110000000015,2.448849159292061
2.059780000000015,2.4516645132743613
2.061450000000015,2.454479867256662
2.0631200000000147,2.4573128571428824
2.0647900000000146,2.460175714285739
2.0664600000000144,2.463038571428596
2.0681300000000142,2.4659014285714527
2.069800000000014,2.4687642857143097
2.071470000000014,2.471627142857167
2.0731400000000137,2.4744900000000234
2.0748100000000136,2.4773528571428804
2.0764800000000134,2.480215714285737
2.0781500000000133,2.483078571428594
2.079820000000013,2.4859414285714507
2.081490000000013,2.488804285714308
2.083160000000013,2.491667142857165
2.0848300000000126,2.4945300000000215
2.0865000000000125,2.4973928571428785
2.0881700000000123,2.500255714285735
2.089840000000012,2.503118571428592
2.091510000000012,2.5059814285714492
2.093180000000012,2.508844285714306
2.0948500000000116,2.511671902654887
2.0965200000000115,2.5144872566371874
2.0981900000000113,2.5173026106194882
2.099860000000011,2.5201179646017886
2.101530000000011,2.522933318584089
2.103200000000011,2.5257486725663894
2.1048700000000107,2.5285640265486906
2.1065400000000105,2.531379380530991
2.1082100000000104,2.5341947345132914
2.10988000000001,2.5370100884955917
2.11155000000001,2.539825442477893
2.11322000000001,2.5426407964601934
2.1148900000000097,2.5454561504424937
2.1165600000000095,2.548271504424795
2.1182300000000094,2.5510868584070954
2.119900000000009,2.5539022123893957
2.121570000000009,2.556717566371696
2.123240000000009,2.5595329203539974
2.1249100000000087,2.5623482743362977
2.1265800000000086,2.5652085714285855
2.1282500000000084,2.568071428571443
2.1299200000000083,2.5709342857142996
2.131590000000008,2.573797142857156
2.133260000000008,2.5766600000000137
2.1349300000000078,2.5795228571428703
2.1366000000000076,2.582385714285727
2.1382700000000074,2.5852485714285844
2.1399400000000073,2.588111428571441
2.141610000000007,2.5909742857142977
2.143280000000007,2.5938371428571543
2.144950000000007,2.5967000000000118
2.1466200000000066,2.5995628571428684
2.1482900000000065,2.602425714285725
2.1499600000000063,2.6052885714285825
2.151630000000006,2.608151428571439
2.153300000000006,2.6110142857142957
2.154970000000006,2.6138771428571523
2.1566400000000057,2.616724955752222
2.1583100000000055,2.6195403097345222
2.1599800000000053,2.6223556637168226
2.161650000000005,2.625171017699124
2.163320000000005,2.6279863716814242
2.164990000000005,2.6308017256637246
2.1666600000000047,2.633617079646025
2.1683300000000045,2.6364324336283262
2.1700000000000044,2.6392477876106266
2.171670000000004,2.642063141592927
2.173340000000004,2.6448784955752274
2.175010000000004,2.6476938495575286
2.1766800000000037,2.650509203539829
2.1783500000000036,2.6533245575221294
2.1800200000000034,2.6561399115044297
2.1816900000000032,2.658955265486731
2.183360000000003,2.6617706194690314
2.185030000000003,2.6645859734513317
2.1867000000000028,2.667401327433632
2.1883700000000026,2.6702414285714324
2.1900400000000024,2.67310428571429
2.1917100000000023,2.6759671428571457
2.193380000000002,2.678830000000003
2.195050000000002,2.6816928571428598
2.196720000000002,2.6845557142857173
2.1983900000000016,2.687418571428573
2.2000600000000015,2.6902814285714305
2.2017300000000013,2.693144285714287
2.203400000000001,2.6960071428571446
2.205070000000001,2.698870000000001
2.206740000000001,2.701732857142858
2.2084100000000007,2.7045957142857144
2.2100800000000005,2.707458571428572
2.2117500000000003,2.7103214285714285
2.21342,2.713184285714285
2.21509,2.7160471428571418
2.21676,2.7189099999999993
2.2184299999999997,2.721772857142856
2.2200999999999995,2.7245933628318575
2.2217699999999994,2.727408716814157
2.223439999999999,2.7302240707964582
2.225109999999999,2.7330394247787586
2.226779999999999,2.73585477876106
2.2284499999999987,2.7386701327433607
2.2301199999999985,2.7414854867256606
2.2317899999999984,2.7443008407079614
2.2334599999999982,2.7471161946902622
2.235129999999998,2.7499315486725626
2.236799999999998,2.752746902654863
2.2384699999999977,2.7555622566371634
2.2401399999999976,2.7583776106194646
2.2418099999999974,2.761192964601765
2.2434799999999973,2.7640083185840663
2.245149999999997,2.7668236725663657
2.246819999999997,2.769639026548667
2.2484899999999968,2.7724543805309674
2.2501599999999966,2.7752742857142794
2.2518299999999964,2.778137142857136
2.2534999999999963,2.7809999999999935
2.255169999999996,2.78386285714285
2.256839999999996,2.7867257142857076
2.258509999999996,2.7895885714285633
2.2601799999999956,2.792451428571421
2.2618499999999955,2.7953142857142774
2.2635199999999953,2.798177142857135
2.265189999999995,2.8010399999999906
2.266859999999995,2.803902857142848
2.268529999999995,2.8067657142857048
2.2701999999999947,2.8096285714285623
2.2718699999999945,2.812491428571418
2.2735399999999943,2.8153542857142755
2.275209999999994,2.818217142857132
2.276879999999994,2.8210799999999896
2.278549999999994,2.823942857142846
2.2802199999999937,2.826805714285703
2.2818899999999935,2.829646415929192
2.2835599999999934,2.832461769911493
2.285229999999993,2.8352771238937926
2.286899999999993,2.838092477876094
2.288569999999993,2.8409078318583942
2.2902399999999927,2.8437231858406955
2.2919099999999926,2.846538539822995
2.2935799999999924,2.8493538938052962
2.2952499999999922,2.8521692477875966
2.296919999999992,2.854984601769898
2.298589999999992,2.8577999557521974
2.3002599999999918,2.8606153097344986
2.3019299999999916,2.863430663716799
2.3035999999999914,2.8662460176991003
2.3052699999999913,2.8690613716813997
2.306939999999991,2.871876725663701
2.308609999999991,2.8746920796460014
2.310279999999991,2.8775074336283026
2.3119499999999906,2.880322787610602
2.3136199999999905,2.883169999999983
2.3152899999999903,2.8860328571428395
2.31695999999999,2.888895714285697
2.31862999999999,2.8917585714285527
2.32029999999999,2.8946214285714102
2.3219699999999897,2.897484285714267
2.3236399999999895,2.9003471428571244
2.3253099999999893,2.903209999999981
2.326979999999989,2.9060728571428385
2.328649999999989,2.908935714285694
2.330319999999989,2.9117985714285517
2.3319899999999887,2.9146614285714083
2.3336599999999885,2.917524285714266
2.3353299999999884,2.9203871428571224
2.336999999999988,2.923249999999979
2.338669999999988,2.9261128571428356
2.340339999999988,2.928975714285693
2.3420099999999877,2.9318385714285498
2.3436799999999876,2.934699469026527
2.3453499999999874,2.9375148230088275
2.3470199999999872,2.9403301769911288
2.348689999999987,2.943145530973429
2.350359999999987,2.9459608849557295
2.3520299999999867,2.94877623893803
2.3536999999999866,2.951591592920331
2.3553699999999864,2.9544069469026315
2.3570399999999863,2.957222300884932
2.358709999999986,2.9600376548672327
2.360379999999986,2.9628530088495335
2.3620499999999858,2.9656683628318343
2.3637199999999856,2.9684837168141343
2.3653899999999854,2.971299070796435
2.3670599999999853,2.974114424778736
2.368729999999985,2.9769297787610363
2.370399999999985,2.9797451327433366
2.372069999999985,2.982560486725637
2.3737399999999846,2.9853758407079383
2.3754099999999845,2.98820285714283
2.3770799999999843,2.9910657142856865
2.378749999999984,2.993928571428543
2.380419999999984,2.9967914285714006
2.382089999999984,2.999654285714257
2.3837599999999837,3.0025171428571147
2.3854299999999835,3.0053799999999713
2.3870999999999833,3.008242857142828
2.388769999999983,3.0111057142856845
2.390439999999983,3.013968571428542
2.392109999999983,3.0168314285713986
2.3937799999999827,3.019694285714256
2.3954499999999825,3.022557142857112
2.3971199999999824,3.0254199999999694
2.398789999999982,3.028282857142826
2.400459999999982,3.0311457142856835
2.402129999999982,3.03400857142854
2.4037999999999817,3.0368714285713976
2.4054699999999816,3.0397342857142533
2.4071399999999814,3.0425678761061636
2.4088099999999812,3.045383230088463
2.410479999999981,3.0481985840707644
2.412149999999981,3.0510139380530648
2.4138199999999808,3.053829292035366
2.4154899999999806,3.0566446460176655
2.4171599999999804,3.0594599999999668
2.4188299999999803,3.062275353982267
2.42049999999998,3.0650907079645684
2.42216999999998,3.067906061946868
2.42383999999998,3.070721415929169
2.4255099999999796,3.0735367699114695
2.4271799999999795,3.0763521238937708
2.4288499999999793,3.0791674778760703
2.430519999999979,3.0819828318583715
2.432189999999979,3.084798185840672
2.433859999999979,3.087613539822973
2.4355299999999787,3.0904288938052726
2.4371999999999785,3.093244247787574
2.4388699999999783,3.0960985714285334
2.440539999999978,3.098961428571391
2.442209999999978,3.1018242857142475
2.443879999999978,3.104687142857104
2.4455499999999777,3.1075499999999607
2.4472199999999775,3.1104128571428182
2.4488899999999774,3.113275714285675
2.450559999999977,3.1161385714285323
2.452229999999977,3.119001428571389
2.453899999999977,3.1218642857142456
2.4555699999999767,3.124727142857102
2.4572399999999766,3.1275899999999597
2.4589099999999764,3.1304528571428163
2.4605799999999762,3.133315714285674
2.462249999999976,3.1361785714285304
2.463919999999976,3.139041428571387
2.4655899999999757,3.1419042857142436
2.4672599999999756,3.144767142857101
2.4689299999999754,3.147620929203498
2.4705999999999753,3.1504362831857993
2.472269999999975,3.1532516371680996
2.473939999999975,3.1560669911504
2.4756099999999748,3.1588823451327004
2.4772799999999746,3.1616976991150016
2.4789499999999745,3.164513053097302
2.4806199999999743,3.1673284070796024
2.482289999999974,3.1701437610619028
2.483959999999974,3.172959115044204
2.485629999999974,3.1757744690265044
2.4872999999999736,3.1785898230088048
2.4889699999999735,3.181405176991105
2.4906399999999733,3.1842205309734064
2.492309999999973,3.1870358849557068
2.493979999999973,3.1898512389380067
2.495649999999973,3.1926665929203075
2.4973199999999727,3.1954819469026083
2.4989899999999725,3.198297300884909
2.5006599999999723,3.198208571428645
2.502329999999972,3.1936757142857886
2.503999999999972,3.1891428571429317
2.505669999999972,3.1846100000000757
2.5073399999999717,3.1800771428572183
2.5090099999999715,3.1755442857143623
2.5106799999999714,3.1710114285715054
2.512349999999971,3.166478571428649
2.514019999999971,3.1619457142857916
2.515689999999971,3.1574128571429356
2.5173599999999707,3.1528800000000787
2.5190299999999706,3.1483471428572223
2.5206999999999704,3.143814285714365
2.5223699999999702,3.139281428571509
2.52403999999997,3.134748571428652
2.52570999999997,3.1302157142857956
2.5273799999999698,3.1256828571429383
2.5290499999999696,3.1211500000000822
2.5307199999999694,3.1166171428572254
2.5323899999999693,3.1121206637168966
2.534059999999969,3.1076353097345955
2.535729999999969,3.1031499557522957
2.537399999999969,3.098664601769995
2.5390699999999686,3.094179247787695
2.5407399999999685,3.0896938938053937
2.5424099999999683,3.085208539823094
2.544079999999968,3.080723185840793
2.545749999999968,3.076237831858493
2.547419999999968,3.071752477876192
2.5490899999999677,3.067267123893892
2.5507599999999675,3.062781769911591
2.5524299999999673,3.0582964159292914
2.554099999999967,3.0538110619469903
2.555769999999967,3.04932570796469
2.557439999999967,3.0448403539823894
2.5591099999999667,3.0403550000000896
2.5607799999999665,3.0358696460177885
2.5624499999999664,3.0313842920354883
2.564119999999966,3.0268528571429485
2.565789999999966,3.022320000000092
2.567459999999966,3.017787142857235
2.5691299999999657,3.0132542857143787
2.5707999999999656,3.0087214285715214
2.5724699999999654,3.0041885714286654
2.5741399999999652,2.999655714285808
2.575809999999965,2.995122857142952
2.577479999999965,2.9905900000000947
2.5791499999999647,2.9860571428572387
2.5808199999999646,2.9815242857143813
2.5824899999999644,2.976991428571525
2.5841599999999643,2.972458571428668
2.585829999999964,2.9679257142858115
2.587499999999964,2.9633928571429546
2.589169999999964,2.958860000000098
2.5908399999999636,2.954327142857241
2.5925099999999635,2.949794285714385
2.5941799999999633,2.945277610619567
2.595849999999963,2.940792256637267
2.597519999999963,2.936306902654966
2.599189999999963,2.931821548672666
2.6008599999999626,2.927336194690365
2.6025299999999625,2.9228508407080653
2.6041999999999623,2.9183654867257642
2.605869999999962,2.9138801327434645
2.607539999999962,2.9093947787611634
2.609209999999962,2.9049094247788636
2.6108799999999617,2.9004240707965625
2.6125499999999615,2.8959387168142623
2.6142199999999614,2.8914533628319616
2.615889999999961,2.8869680088496614
2.617559999999961,2.8824826548673608
2.619229999999961,2.8779973008850606
2.6208999999999607,2.87351194690276
2.6225699999999605,2.8690265929204597
2.6242399999999604,2.864541238938159
2.62590999999996,2.860030000000108
2.62757999999996,2.8554971428572506
2.62924999999996,2.850964285714394
2.6309199999999597,2.8464314285715373
2.6325899999999596,2.841898571428681
2.6342599999999594,2.837365714285824
2.6359299999999593,2.8328328571429675
2.637599999999959,2.82830000000011
2.639269999999959,2.823767142857254
2.6409399999999588,2.819234285714397
2.6426099999999586,2.814701428571541
2.6442799999999584,2.8101685714286835
2.6459499999999583,2.805635714285827
2.647619999999958,2.80110285714297
2.649289999999958,2.7965700000001137
2.650959999999958,2.792037142857257
2.6526299999999576,2.7875042857144003
2.6542999999999575,2.7829714285715434
2.6559699999999573,2.778438571428687
2.657639999999957,2.7739492035399373
2.659309999999957,2.769463849557637
2.660979999999957,2.7649784955753365
2.6626499999999567,2.7604931415930363
2.6643199999999565,2.7560077876107356
2.6659899999999563,2.7515224336284354
2.667659999999956,2.7470370796461347
2.669329999999956,2.7425517256638345
2.670999999999956,2.738066371681534
2.6726699999999557,2.7335810176992337
2.6743399999999555,2.729095663716933
2.6760099999999554,2.724610309734633
2.677679999999955,2.7201249557523317
2.679349999999955,2.715639601770032
2.681019999999955,2.711154247787731
2.6826899999999547,2.706668893805431
2.6843599999999546,2.70218353982313
2.6860299999999544,2.69769818584083
2.6876999999999542,2.693207142857266
2.689369999999954,2.68867428571441
2.691039999999954,2.684141428571553
2.6927099999999538,2.679608571428697
2.6943799999999536,2.6750757142858395
2.6960499999999534,2.670542857142983
2.6977199999999533,2.666010000000126
2.699389999999953,2.6614771428572688
2.701059999999953,2.6569442857144128
2.702729999999953,2.6524114285715563
2.7043999999999526,2.647878571428699
2.7060699999999525,2.643345714285843
2.7077399999999523,2.6388128571429856
2.709409999999952,2.6342800000001296
2.711079999999952,2.6297471428572723
2.712749999999952,2.625214285714416
2.7144199999999516,2.620681428571559
2.7160899999999515,2.6161485714287025
2.7177599999999513,2.6116157142858456
2.719429999999951,2.6071061504426085
2.721099999999951,2.602620796460308
2.722769999999951,2.5981354424780077
2.7244399999999507,2.593650088495707
2.7261099999999505,2.589164734513407
2.7277799999999504,2.584679380531106
2.72944999999995,2.580194026548806
2.73111999999995,2.5757086725665053
2.73278999999995,2.571223318584205
2.7344599999999497,2.5667379646019044
2.7361299999999495,2.562252610619604
2.7377999999999494,2.5577672566373035
2.7394699999999492,2.5532819026550033
2.741139999999949,2.5487965486727027
2.742809999999949,2.5443111946904025
2.7444799999999487,2.539825840708102
2.7461499999999486,2.5353404867258016
2.7478199999999484,2.530855132743501
2.7494899999999483,2.5263697787612007
2.751159999999948,2.5218514285715687
2.752829999999948,2.5173185714287127
2.7544999999999478,2.5127857142858554
2.7561699999999476,2.5082528571429994
2.7578399999999474,2.503720000000142
2.7595099999999473,2.4991871428572856
2.761179999999947,2.4946542857144287
2.762849999999947,2.4901214285715723
2.764519999999947,2.4855885714287154
2.7661899999999466,2.481055714285859
2.7678599999999465,2.476522857143002
2.7695299999999463,2.4719900000001456
2.771199999999946,2.4674571428572882
2.772869999999946,2.4629242857144322
2.774539999999946,2.458391428571575
2.7762099999999457,2.453858571428719
2.7778799999999455,2.4493257142858615
2.7795499999999453,2.444792857143005
2.781219999999945,2.4402630973452792
2.782889999999945,2.4357777433629795
2.784559999999945,2.4312923893806784
2.7862299999999447,2.426807035398378
2.7878999999999445,2.4223216814160775
2.7895699999999444,2.4178363274337773
2.791239999999944,2.4133509734514766
2.792909999999944,2.4088656194691764
2.794579999999944,2.404380265486876
2.7962499999999437,2.3998949115045756
2.7979199999999436,2.395409557522275
2.7995899999999434,2.3909242035399747
2.8012599999999432,2.386438849557674
2.802929999999943,2.381953495575374
2.804599999999943,2.377468141593073
2.8062699999999428,2.372982787610773
2.8079399999999426,2.368497433628472
2.8096099999999424,2.364012079646172
2.8112799999999423,2.359526725663871
2.812949999999942,2.3550285714287282
2.814619999999942,2.3504957142858713
2.816289999999942,2.345962857143015
2.8179599999999416,2.3414300000001576
2.8196299999999415,2.3368971428573015
2.8212999999999413,2.332364285714444
2.822969999999941,2.327831428571588
2.824639999999941,2.323298571428731
2.826309999999941,2.3187657142858744
2.8279799999999407,2.3142328571430175
2.8296499999999405,2.309700000000161
2.8313199999999403,2.305167142857304
2.83298999999994,2.3006342857144477
2.83465999999994,2.2961014285715904
2.83632999999994,2.2915685714287344
2.8379999999999397,2.287035714285877
2.8396699999999395,2.282502857143021
2.8413399999999394,2.2779700000001637
2.843009999999939,2.2734371428573077
2.844679999999939,2.2689346902656498
2.846349999999939,2.2644493362833495
2.8480199999999387,2.259963982301049
2.8496899999999385,2.2554786283187487
2.8513599999999384,2.2509932743364476
2.8530299999999382,2.246507920354148
2.854699999999938,2.2420225663718467
2.856369999999938,2.237537212389547
2.8580399999999377,2.233051858407246
2.8597099999999376,2.228566504424946
2.8613799999999374,2.224081150442645
2.8630499999999373,2.219595796460345
2.864719999999937,2.215110442478044
2.866389999999937,2.2106250884957444
2.8680599999999368,2.2061397345134433
2.8697299999999366,2.2016543805311435
2.8713999999999364,2.1971690265488424
2.8730699999999363,2.192683672566542
2.874739999999936,2.1881983185842415
2.876409999999936,2.1836728571430304
2.878079999999936,2.1791400000001735
2.8797499999999356,2.174607142857317
2.8814199999999355,2.17007428571446
2.8830899999999353,2.1655414285716037
2.884759999999935,2.161008571428747
2.886429999999935,2.1564757142858904
2.888099999999935,2.1519428571430335
2.8897699999999347,2.147410000000177
2.8914399999999345,2.1428771428573197
2.8931099999999343,2.1383442857144637
2.894779999999934,2.1338114285716063
2.896449999999934,2.1292785714287503
2.898119999999934,2.124745714285894
2.8997899999999337,2.120212857143037
2.9014599999999335,2.1156800000001796
2.9031299999999334,2.1111471428573236
2.904799999999933,2.1066142857144663
2.906469999999933,2.1020916371683214
2.908139999999933,2.0976062831860203
2.9098099999999327,2.0931209292037205
2.9114799999999326,2.0886355752214194
2.9131499999999324,2.0841502212391196
2.9148199999999322,2.0796648672568185
2.916489999999932,2.0751795132745183
2.918159999999932,2.0706941592922177
2.9198299999999318,2.0662088053099175
2.9214999999999316,2.061723451327617
2.9231699999999314,2.0572380973453166
2.9248399999999313,2.052752743363016
2.926509999999931,2.0482673893807157
2.928179999999931,2.043782035398415
2.929849999999931,2.039296681416115
2.9315199999999306,2.034811327433814
2.9331899999999305,2.030325973451514
2.9348599999999303,2.0258406194692133
2.93652999999993,2.021355265486913
2.93819999999993,2.0168500000001894
2.93986999999993,2.012317142857333
2.9415399999999297,2.007784285714476
2.9432099999999295,2.0032514285716196
2.9448799999999293,1.9987185714287627
2.946549999999929,1.9941857142859063
2.948219999999929,1.989652857143049
2.949889999999929,1.985120000000193
2.9515599999999287,1.9805871428573356
2.9532299999999285,1.9760542857144796
2.9548999999999284,1.9715214285716223
2.956569999999928,1.9669885714287663
2.958239999999928,1.962455714285909
2.959909999999928,1.9579228571430525
2.9615799999999277,1.9533900000001956
2.9632499999999276,1.9488571428573391
2.9649199999999274,1.9443242857144822
2.9665899999999272,1.9397914285716258
2.968259999999927,1.9352585714287684
2.969929999999927,1.9307632300886914
2.9715999999999267,1.9262778761063908
2.9732699999999266,1.9217925221240906
2.9749399999999264,1.91730716814179
2.9766099999999263,1.9128218141594897
2.978279999999926,1.908336460177189
2.979949999999926,1.9038511061948888
2.9816199999999258,1.8993657522125877
2.9832899999999256,1.894880398230288
2.9849599999999255,1.8903950442479869
2.9866299999999253,1.885909690265687
2.988299999999925,1.881424336283386
2.989969999999925,1.8769389823010862
2.991639999999925,1.8724536283187851
2.9933099999999246,1.8679682743364854
2.9949799999999245,1.8634829203541843
2.9966499999999243,1.8589975663718845
2.998319999999924,1.8545122123895834
2.999989999999924,1.8500268584072836
3.001659999999924,1.8454942857144916
3.0033299999999237,1.8409614285716356
3.0049999999999235,1.8364285714287782
3.0066699999999233,1.8318957142859218
3.008339999999923,1.827362857143065
3.010009999999923,1.8228300000002085
3.011679999999923,1.8182971428573516
3.0133499999999227,1.813764285714495
3.0150199999999225,1.8092314285716378
3.0166899999999224,1.8046985714287818
3.018359999999922,1.8001657142859244
3.020029999999922,1.7956328571430684
3.021699999999922,1.791100000000211
3.0233699999999217,1.7865671428573546
3.0250399999999216,1.7820342857144977
3.0267099999999214,1.7775014285716413
3.0283799999999212,1.7729685714287844
3.030049999999921,1.768435714285928
3.031719999999921,1.7639201769913617
3.0333899999999208,1.759434823009062
3.0350599999999206,1.7549494690267609
3.0367299999999204,1.750464115044461
3.0383999999999203,1.74597876106216
3.04006999999992,1.7414934070798602
3.04173999999992,1.7370080530975591
3.04340999999992,1.7325226991152594
3.0450799999999196,1.7280373451329583
3.0467499999999195,1.7235519911506585
3.0484199999999193,1.7190666371683574
3.050089999999919,1.7145812831860576
3.051759999999919,1.7100959292037565
3.053429999999919,1.7056105752214568
3.0550999999999187,1.701125221239156
3.0567699999999185,1.696639867256856
3.0584399999999183,1.6921545132745552
3.060109999999918,1.687669159292255
3.061779999999918,1.6831838053099544
3.063449999999918,1.6786714285716515
3.0651199999999177,1.6741385714287942
3.0667899999999175,1.6696057142859382
3.0684599999999174,1.6650728571430808
3.070129999999917,1.6605400000002244
3.071799999999917,1.6560071428573675
3.073469999999917,1.651474285714511
3.0751399999999167,1.6469414285716542
3.0768099999999166,1.6424085714287977
3.0784799999999164,1.6378757142859408
3.0801499999999162,1.6333428571430844
3.081819999999916,1.628810000000227
3.083489999999916,1.624277142857371
3.0851599999999157,1.6197442857145137
3.0868299999999156,1.6152114285716577
3.0884999999999154,1.6106785714288003
3.0901699999999153,1.6061457142859439
3.091839999999915,1.601612857143087
3.093509999999915,1.5970800000002305
3.0951799999999148,1.5925917699117327
3.0968499999999146,1.5881064159294325
3.0985199999999145,1.5836210619471318
3.1001899999999143,1.5791357079648316
3.101859999999914,1.574650353982531
3.103529999999914,1.5701650000002307
3.105199999999914,1.56567964601793
3.1068699999999136,1.5611942920356299
3.1085399999999135,1.5567089380533292
3.1102099999999133,1.552223584071029
3.111879999999913,1.547738230088728
3.113549999999913,1.5432528761064281
3.115219999999913,1.538767522124127
3.1168899999999127,1.5342821681418273
3.1185599999999125,1.5297968141595262
3.1202299999999124,1.5253114601772264
3.121899999999912,1.5208261061949253
3.123569999999912,1.5163407522126255
3.125239999999912,1.5118485714288101
3.1269099999999117,1.5073157142859537
3.1285799999999115,1.5027828571430963
3.1302499999999114,1.4982500000002403
3.131919999999911,1.493717142857383
3.133589999999911,1.489184285714527
3.135259999999911,1.4846514285716697
3.1369299999999107,1.4801185714288132
3.1385999999999106,1.4755857142859563
3.1402699999999104,1.4710528571430999
3.1419399999999102,1.466520000000243
3.14360999999991,1.4619871428573865
3.14527999999991,1.4574542857145296
3.1469499999999098,1.4529214285716732
3.1486199999999096,1.4483885714288158
3.1502899999999094,1.4438557142859598
3.1519599999999093,1.4393228571431025
3.153629999999909,1.4347900000002465
3.155299999999909,1.4302571428573891
3.156969999999909,1.4257487168144038
3.1586399999999086,1.4212633628321032
3.1603099999999085,1.416778008849803
3.1619799999999083,1.4122926548675023
3.163649999999908,1.4078073008852021
3.165319999999908,1.4033219469029015
3.166989999999908,1.3988365929206013
3.1686599999999077,1.3943512389383006
3.1703299999999075,1.3898658849560004
3.1719999999999073,1.3853805309736997
3.173669999999907,1.3808951769913995
3.175339999999907,1.3764098230090989
3.177009999999907,1.3719244690267987
3.1786799999999067,1.367439115044498
3.1803499999999065,1.3629537610621978
3.1820199999999064,1.3584684070798971
3.183689999999906,1.353983053097597
3.185359999999906,1.3494976991152963
3.187029999999906,1.345012345132996
3.1886999999999057,1.3404928571431123
3.1903699999999056,1.3359600000002567
3.1920399999999054,1.3314271428573994
3.1937099999999052,1.326894285714543
3.195379999999905,1.3223614285716856
3.197049999999905,1.31782857142883
3.1987199999999048,1.3132957142859727
3.2003899999999046,1.3087628571431162
3.2020599999999044,1.304230000000259
3.2037299999999043,1.2996971428574025
3.205399999999904,1.295164285714546
3.207069999999904,1.2906314285716896
3.208739999999904,1.2860985714288322
3.2104099999999036,1.2815657142859758
3.2120799999999035,1.2770328571431193
3.2137499999999033,1.2725000000002629
3.215419999999903,1.2679671428574055
3.217089999999903,1.263434285714549
3.218759999999903,1.2589056637170755
3.2204299999999026,1.2544203097347753
3.2220999999999025,1.2499349557524742
3.2237699999999023,1.245449601770174
3.225439999999902,1.2409642477878728
3.227109999999902,1.2364788938055735
3.228779999999902,1.2319935398232724
3.2304499999999017,1.2275081858409722
3.2321199999999015,1.2230228318586711
3.2337899999999014,1.218537477876371
3.235459999999901,1.2140521238940707
3.237129999999901,1.2095667699117705
3.238799999999901,1.2050814159294694
3.2404699999999007,1.2005960619471692
3.2421399999999005,1.196110707964868
3.2438099999999004,1.1916253539825687
3.2454799999999002,1.1871400000002676
3.2471499999999,1.1826546460179674
3.2488199999999,1.1781692920356663
3.2504899999998997,1.1736700000002722
3.2521599999998996,1.1691371428574149
3.2538299999998994,1.1646042857145584
3.2554999999998993,1.160071428571701
3.257169999999899,1.1555385714288455
3.258839999999899,1.1510057142859882
3.2605099999998988,1.1464728571431317
3.2621799999998986,1.1419400000002744
3.2638499999998984,1.1374071428574188
3.2655199999998983,1.1328742857145615
3.267189999999898,1.128341428571705
3.268859999999898,1.1238085714288477
3.270529999999898,1.1192757142859922
3.2721999999998976,1.1147428571431348
3.2738699999998975,1.1102100000002784
3.2755399999998973,1.105677142857421
3.277209999999897,1.1011442857145646
3.278879999999897,1.0966114285717081
3.280549999999897,1.0920785714288517
3.2822199999998967,1.087577256637445
3.2838899999998965,1.0830919026551458
3.2855599999998963,1.0786065486728447
3.287229999999896,1.0741211946905445
3.288899999999896,1.0696358407082434
3.290569999999896,1.065150486725944
3.2922399999998957,1.060665132743643
3.2939099999998955,1.0561797787613427
3.2955799999998954,1.0516944247790416
3.297249999999895,1.0472090707967423
3.298919999999895,1.042723716814442
3.300589999999895,1.038238362832141
3.3022599999998947,1.03375300884984
3.3039299999998946,1.0292676548675406
3.3055999999998944,1.0247823008852395
3.3072699999998942,1.0202969469029393
3.308939999999894,1.0158115929206382
3.310609999999894,1.0113262389383388
3.3122799999998938,1.0068408849560377
3.3139499999998936,1.0023142857145748
3.3156199999998934,0.9977814285717175
3.3172899999998933,0.9932485714288619
3.318959999999893,0.9887157142860046
3.320629999999893,0.9841828571431481
3.322299999999893,0.9796500000002908
3.3239699999998926,0.9751171428574343
3.3256399999998925,0.970584285714577
3.3273099999998923,0.9660514285717214
3.328979999999892,0.9615185714288641
3.330649999999892,0.9569857142860076
3.332319999999892,0.9524528571431503
3.3339899999998917,0.9479200000002939
3.3356599999998915,0.9433871428574374
3.3373299999998913,0.938854285714581
3.338999999999891,0.9343214285717236
3.340669999999891,0.9297885714288672
3.342339999999891,0.9252557142860098
3.3440099999998907,0.9207342035401167
3.3456799999998905,0.9162488495578156
3.3473499999998904,0.9117634955755154
3.34901999999989,0.9072781415932152
3.35068999999989,0.902792787610915
3.35235999999989,0.8983074336286139
3.3540299999998897,0.8938220796463137
3.3556999999998895,0.8893367256640134
3.3573699999998894,0.8848513716817132
3.3590399999998892,0.8803660176994121
3.360709999999889,0.8758806637171119
3.362379999999889,0.8713953097348117
3.3640499999998887,0.8669099557525115
3.3657199999998886,0.8624246017702104
3.3673899999998884,0.8579392477879102
3.3690599999998883,0.85345389380561
3.370729999999888,0.8489685398233098
3.372399999999888,0.8444831858410087
3.3740699999998878,0.8399978318587085
3.3757399999998876,0.8354914285717339
3.3774099999998874,0.8309585714288774
3.3790799999998873,0.8264257142860201
3.380749999999887,0.8218928571431636
3.382419999999887,0.8173600000003063
3.384089999999887,0.8128271428574507
3.3857599999998866,0.8082942857145934
3.3874299999998865,0.8037614285717369
3.3890999999998863,0.7992285714288796
3.390769999999886,0.7946957142860231
3.392439999999886,0.7901628571431658
3.394109999999886,0.7856300000003102
3.3957799999998857,0.7810971428574529
3.3974499999998855,0.7765642857145965
3.3991199999998853,0.7720314285717391
3.400789999999885,0.7674985714288827
3.402459999999885,0.7629657142860253
3.404129999999885,0.7584328571431698
3.4057999999998847,0.7539000000003124
3.4074699999998845,0.7494057964604872
3.4091399999998844,0.7449204424781861
3.410809999999884,0.7404350884958859
3.412479999999884,0.7359497345135848
3.414149999999884,0.7314643805312855
3.4158199999998837,0.7269790265489844
3.4174899999998836,0.7224936725666842
3.4191599999998834,0.7180083185843831
3.4208299999998832,0.7135229646020838
3.422499999999883,0.7090376106197827
3.424169999999883,0.7045522566374824
3.4258399999998828,0.7000669026551813
3.4275099999998826,0.695581548672882
3.4291799999998824,0.6910961946905809
3.4308499999998823,0.6866108407082807
3.432519999999882,0.6821254867259796
3.434189999999882,0.6776401327436803
3.435859999999882,0.6731547787613792
3.4375299999998816,0.6686685714288929
3.4391999999998815,0.6641357142860356
3.4408699999998813,0.6596028571431791
3.442539999999881,0.6550700000003227
3.444209999999881,0.6505371428574662
3.445879999999881,0.6460042857146089
3.4475499999998807,0.6414714285717524
3.4492199999998805,0.6369385714288951
3.4508899999998803,0.6324057142860386
3.45255999999988,0.6278728571431822
3.45422999999988,0.6233400000003257
3.45589999999988,0.6188071428574684
3.4575699999998797,0.614274285714612
3.4592399999998795,0.6097414285717546
3.4609099999998794,0.6052085714288991
3.462579999999879,0.6006757142860417
3.464249999999879,0.5961428571431853
3.465919999999879,0.5916100000003279
3.4675899999998787,0.5870771428574715
3.4692599999998786,0.582562743363157
3.4709299999998784,0.5780773893808568
3.4725999999998782,0.5735920353985566
3.474269999999878,0.5691066814162564
3.475939999999878,0.5646213274339553
3.4776099999998777,0.5601359734516551
3.4792799999998776,0.5556506194693549
3.4809499999998774,0.5511652654870547
3.4826199999998773,0.5466799115047536
3.484289999999877,0.5421945575224534
3.485959999999877,0.5377092035401532
3.4876299999998768,0.533223849557853
3.4892999999998766,0.5287384955755519
3.4909699999998764,0.5242531415932516
3.4926399999998763,0.5197677876109514
3.494309999999876,0.5152824336286512
3.495979999999876,0.5107970796463501
3.497649999999876,0.5063117256640499
3.4993199999998756,0.5018263716817497
3.5009899999998755,0.4998020000000247
3.5026599999998753,0.4994680000000251
3.504329999999875,0.4991340000000246
3.505999999999875,0.498800000000025
3.507669999999875,0.4984660000000245
3.5093399999998747,0.4981320000000249
3.5110099999998745,0.4977980000000244
3.5126799999998743,0.49746400000002566
3.514349999999874,0.49713000000002516
3.516019999999874,0.49679600000002555
3.517689999999874,0.49646200000002505
3.5193599999998737,0.49612800000002544
3.5210299999998735,0.49579400000002494
3.5226999999998734,0.4954600000000253
3.524369999999873,0.4951260000000248
3.526039999999873,0.4947920000000252
3.527709999999873,0.4944580000000247
3.5293799999998727,0.494124000000026
3.5310499999998726,0.4937900000000255
3.5327199999998724,0.4934560000000259
3.5343899999998722,0.4931220000000254
3.536059999999872,0.49278800000002576
3.537729999999872,0.49245400000002526
3.5393999999998718,0.49212000000002565
3.5410699999998716,0.49178600000002515
3.5427399999998714,0.49145200000002554
3.5444099999998713,0.49111800000002503
3.546079999999871,0.4907840000000263
3.547749999999871,0.4904500000000258
3.549419999999871,0.4901160000000262
3.5510899999998706,0.4897820000000257
3.5527599999998705,0.4894480000000261
3.5544299999998703,0.4891140000000256
3.55609999999987,0.48878000000002597
3.55776999999987,0.48844600000002547
3.55943999999987,0.48811200000002586
3.5611099999998697,0.48777800000002536
3.5627799999998695,0.48744400000002663
3.5644499999998693,0.48711000000002613
3.566119999999869,0.4867760000000265
3.567789999999869,0.486442000000026
3.569459999999869,0.4861080000000264
3.5711299999998687,0.4857740000000259
3.5727999999998685,0.4854400000000263
3.5744699999998684,0.4851060000000258
3.576139999999868,0.4847720000000262
3.577809999999868,0.4844380000000257
3.579479999999868,0.48410400000002696
3.5811499999998677,0.48377000000002646
3.5828199999998676,0.48343600000002684
3.5844899999998674,0.48310200000002634
3.5861599999998672,0.48276800000002673
3.587829999999867,0.48243400000002623
3.589499999999867,0.4821000000000266
3.5911699999998667,0.4817660000000261
3.5928399999998666,0.4814320000000265
3.5945099999998664,0.481098000000026
3.5961799999998663,0.4807640000000273
3.597849999999866,0.4804300000000268
3.599519999999866,0.48009600000002717
3.6011899999998658,0.47976200000002667
3.6028599999998656,0.47942800000002705
3.6045299999998655,0.47909400000002655
3.6061999999998653,0.47876000000002694
3.607869999999865,0.47842600000002644
3.609539999999865,0.47809200000002683
3.611209999999865,0.47775800000002633
3.6128799999998646,0.4774240000000267
3.6145499999998645,0.4770900000000271
3.6162199999998643,0.4767560000000275
3.617889999999864,0.476422000000027
3.619559999999864,0.4760880000000274
3.621229999999864,0.4757540000000269
3.6228999999998637,0.47542000000002727
3.6245699999998635,0.47508600000002676
3.6262399999998634,0.47475200000002715
3.627909999999863,0.47441800000002665
3.629579999999863,0.47408400000002704
3.631249999999863,0.4737500000000274
3.6329199999998627,0.4734160000000278
3.6345899999998625,0.4730820000000273
3.6362599999998624,0.4727480000000277
3.637929999999862,0.4724140000000272
3.639599999999862,0.4720800000000276
3.641269999999862,0.4717460000000271
3.6429399999998617,0.4714120000000275
3.6446099999998616,0.471078000000027
3.6462799999998614,0.47074400000002736
3.6479499999998612,0.47041000000002775
3.649619999999861,0.47007600000002814
3.651289999999861,0.46974200000002764
3.6529599999998608,0.469408000000028
3.6546299999998606,0.4690740000000275
3.6562999999998604,0.4687400000000279
3.6579699999998603,0.4684060000000274
3.65963999999986,0.4680720000000278
3.66130999999986,0.4677380000000273
3.66297999999986,0.4674040000000277
3.6646499999998596,0.4670700000000281
3.6663199999998595,0.46673600000002846
3.6679899999998593,0.46640200000002796
3.669659999999859,0.46606800000002835
3.671329999999859,0.46573400000002785
3.672999999999859,0.46540000000002824
3.6746699999998587,0.46506600000002773
3.6763399999998585,0.4647320000000281
3.6780099999998583,0.4643980000000276
3.679679999999858,0.464064000000028
3.681349999999858,0.4637300000000284
3.683019999999858,0.4633960000000288
3.6846899999998577,0.4630620000000283
3.6863599999998575,0.46272800000002867
3.6880299999998574,0.46239400000002817
3.689699999999857,0.46206000000002856
3.691369999999857,0.46172600000002806
3.693039999999857,0.46139200000002845
3.6947099999998567,0.46105800000002795
3.6963799999998566,0.46072400000002833
3.6980499999998564,0.4603900000000287
3.6997199999998562,0.4600560000000291
3.701389999999856,0.4597220000000286
3.703059999999856,0.459388000000029
3.7047299999998557,0.4590540000000285
3.7063999999998556,0.4587200000000289
3.7080699999998554,0.4583860000000284
3.7097399999998553,0.45805200000002877
3.711409999999855,0.45771800000002827
3.713079999999855,0.45738400000002866
3.714749999999855,0.45705000000002904
3.7164199999998546,0.45671600000002943
3.7180899999998545,0.45638200000002893
3.7197599999998543,0.4560480000000293
3.721429999999854,0.4557140000000288
3.723099999999854,0.4553800000000292
3.724769999999854,0.4550460000000287
3.7264399999998536,0.4547120000000291
3.7281099999998535,0.4543780000000286
3.7297799999998533,0.454044000000029
3.731449999999853,0.45371000000002937
3.733119999999853,0.45337600000002976
3.734789999999853,0.45304200000002925
3.7364599999998527,0.45270800000002964
3.7381299999998525,0.45237400000002914
3.7397999999998524,0.45204000000002953
3.741469999999852,0.45170600000002903
3.743139999999852,0.4513720000000294
3.744809999999852,0.4510380000000289
3.7464799999998517,0.4507040000000293
3.7481499999998515,0.4503700000000288
3.7498199999998514,0.4500360000000301
3.751489999999851,0.4497020000000296
3.753159999999851,0.44936800000002997
3.754829999999851,0.44903400000002947
3.7564999999998507,0.44870000000002985
3.7581699999998506,0.44836600000002935
3.7598399999998504,0.44803200000002974
3.7615099999998503,0.44769800000002924
3.76317999999985,0.4473640000000296
3.76484999999985,0.4470300000000291
3.7665199999998498,0.4466960000000304
3.7681899999998496,0.4463620000000299
3.7698599999998494,0.4460280000000303
3.7715299999998493,0.4456940000000298
3.773199999999849,0.4453600000000302
3.774869999999849,0.4450260000000297
3.776539999999849,0.44469200000003006
3.7782099999998486,0.44435800000002956
3.7798799999998485,0.44402400000002995
3.7815499999998483,0.44369000000002945
3.783219999999848,0.4433560000000307
3.784889999999848,0.4430220000000302
3.786559999999848,0.4426880000000306
3.7882299999998477,0.4423540000000301
3.7898999999998475,0.4420200000000305
3.7915699999998473,0.44168600000003
3.793239999999847,0.4413520000000304
3.794909999999847,0.4410180000000299
3.796579999999847,0.4406840000000303
3.7982499999998467,0.4403500000000298
3.7999199999998465,0.44001600000003105
3.8015899999998464,0.43968200000003055
3.803259999999846,0.43934800000003094
3.804929999999846,0.43901400000003044
3.806599999999846,0.4386800000000308
3.8082699999998457,0.4383460000000303
3.8099399999998456,0.4380120000000307
3.8116099999998454,0.4376780000000302
3.8132799999998452,0.4373440000000306
3.814949999999845,0.4370100000000301
3.816619999999845,0.4366760000000314
3.8182899999998448,0.43634200000003087
3.8199599999998446,0.43600800000003126
3.8216299999998444,0.43567400000003076
3.8232999999998443,0.43534000000003115
3.824969999999844,0.43500600000003065
3.826639999999844,0.43467200000003103
3.828309999999844,0.43433800000003053
3.8299799999998436,0.4340040000000309
3.8316499999998435,0.4336700000000304
3.8333199999998433,0.4333360000000317
3.834989999999843,0.4330020000000312
3.836659999999843,0.4326680000000316
3.838329999999843,0.4323340000000311
3.8399999999998427,0.43200000000003147
3.8416699999998425,0.43166600000003097
3.8433399999998423,0.43133200000003136
3.845009999999842,0.43099800000003086
3.846679999999842,0.43066400000003124
3.848349999999842,0.43033000000003074
3.8500199999998417,0.429996000000032
3.8516899999998415,0.4296620000000315
3.8533599999998414,0.4293280000000319
3.855029999999841,0.4289940000000314
3.856699999999841,0.4286600000000318
3.858369999999841,0.4283260000000313
3.8600399999998407,0.4279920000000317
3.8617099999998405,0.4276580000000312
3.8633799999998404,0.42732400000003157
3.8650499999998402,0.42699000000003107
3.86671999999984,0.42665600000003234
3.86838999999984,0.42632200000003184
3.8700599999998397,0.42598800000003223
3.8717299999998396,0.42565400000003173
3.8733999999998394,0.4253200000000321
3.8750699999998393,0.4249860000000316
3.876739999999839,0.424652000000032
3.878409999999839,0.4243180000000315
3.8800799999998388,0.4239840000000319
3.8817499999998386,0.4236500000000323
3.8834199999998384,0.42331600000003267
3.8850899999998383,0.42298200000003217
3.886759999999838,0.42264800000003255
3.888429999999838,0.42231400000003205
3.890099999999838,0.42198000000003244
3.8917699999998376,0.42164600000003194
3.8934399999998375,0.4213120000000323
3.8951099999998373,0.4209780000000318
3.896779999999837,0.4206440000000322
3.898449999999837,0.4203100000000326
3.900119999999837,0.419976000000033
3.9017899999998367,0.4196420000000325
3.9034599999998365,0.4193080000000329
3.9051299999998363,0.4189740000000324
3.906799999999836,0.41864000000003276
3.908469999999836,0.41830600000003226
3.910139999999836,0.41797200000003265
3.9118099999998357,0.41763800000003215
3.9134799999998355,0.41730400000003254
3.9151499999998354,0.4169700000000329
3.916819999999835,0.4166360000000333
3.918489999999835,0.4163020000000328
3.920159999999835,0.4159680000000332
3.9218299999998347,0.4156340000000327
3.9234999999998346,0.4153000000000331
3.9251699999998344,0.4149660000000326
3.9268399999998342,0.414632000000033
3.928509999999834,0.4142980000000325
3.930179999999834,0.41396400000003375
3.9318499999998338,0.41363000000003325
3.9335199999998336,0.41329600000003364
3.9351899999998334,0.41296200000003314
3.9368599999998333,0.4126280000000335
3.938529999999833,0.412294000000033
3.940199999999833,0.4119600000000334
3.941869999999833,0.4116260000000329
3.9435399999998326,0.4112920000000333
3.9452099999998325,0.4109580000000328
3.9468799999998323,0.4106240000000341
3.948549999999832,0.4102900000000336
3.950219999999832,0.40995600000003396
3.951889999999832,0.40962200000003346
3.9535599999998317,0.40928800000003385
3.9552299999998315,0.40895400000003335
3.9568999999998313,0.40862000000003373
3.958569999999831,0.40828600000003323
3.960239999999831,0.4079520000000336
3.961909999999831,0.4076180000000331
3.9635799999998307,0.4072840000000344
3.9652499999998305,0.4069500000000339
3.9669199999998304,0.4066160000000343
3.96858999999983,0.4062820000000338
3.97025999999983,0.40594800000003417
3.97192999999983,0.40561400000003367
3.9735999999998297,0.40528000000003406
3.9752699999998296,0.40494600000003356
3.9769399999998294,0.40461200000003394
3.9786099999998292,0.40427800000003433
3.980279999999829,0.4039440000000347
3.981949999999829,0.4036100000000342
3.9836199999998287,0.4032760000000346
3.9852899999998286,0.4029420000000341
3.9869599999998284,0.4026080000000345
3.9886299999998283,0.402274000000034
3.990299999999828,0.4019400000000344
3.991969999999828,0.4016060000000339
3.9936399999998278,0.40127200000003427
3.9953099999998276,0.40093800000003466
3.9969799999998274,0.40060400000003504
3.9986499999998273,0.40027000000003454
4.000319999999827,0.39993600000003493
4.001989999999827,0.39960200000003443
4.003659999999827,0.3992680000000348
4.005329999999827,0.3989340000000343
4.0069999999998265,0.3986000000000347
4.008669999999826,0.3982660000000342
4.010339999999826,0.3979320000000346
4.012009999999826,0.397598000000035
4.013679999999826,0.39726400000003537
4.015349999999826,0.39693000000003487
4.0170199999998255,0.39659600000003525
4.018689999999825,0.39626200000003475
4.020359999999825,0.39592800000003514
4.022029999999825,0.39559400000003464
4.023699999999825,0.39526000000003503
4.025369999999825,0.3949260000000345
4.0270399999998245,0.3945920000000358
4.028709999999824,0.3942580000000353
4.030379999999824,0.3939240000000357
4.032049999999824,0.3935900000000352
4.033719999999824,0.3932560000000356
4.035389999999824,0.3929220000000351
4.037059999999824,0.39258800000003546
4.038729999999823,0.39225400000003496
4.040399999999823,0.39192000000003535
4.042069999999823,0.39158600000003485
4.043739999999823,0.3912520000000361
4.045409999999823,0.3909180000000356
4.047079999999823,0.390584000000036
4.048749999999822,0.3902500000000355
4.050419999999822,0.3899160000000359
4.052089999999822,0.3895820000000354
4.053759999999822,0.3892480000000358
4.055429999999822,0.3889140000000353
4.057099999999822,0.3885800000000357
4.0587699999998215,0.3882460000000352
4.060439999999821,0.38791200000003645
4.062109999999821,0.38757800000003595
4.063779999999821,0.38724400000003634
4.065449999999821,0.38691000000003584
4.067119999999821,0.3865760000000362
4.0687899999998205,0.3862420000000357
4.07045999999982,0.3859080000000361
4.07212999999982,0.3855740000000356
4.07379999999982,0.385240000000036
4.07546999999982,0.3849060000000364
4.07713999999982,0.3845720000000368
4.0788099999998195,0.3842380000000363
4.080479999999819,0.38390400000003666
4.082149999999819,0.38357000000003616
4.083819999999819,0.38323600000003655
4.085489999999819,0.38290200000003605
4.087159999999819,0.38256800000003643
4.0888299999998186,0.38223400000003593
4.090499999999818,0.3819000000000363
4.092169999999818,0.3815660000000367
4.093839999999818,0.3812320000000371
4.095509999999818,0.3808980000000366
4.097179999999818,0.380564000000037
4.098849999999818,0.3802300000000365
4.100519999999817,0.37989600000003687
4.102189999999817,0.37956200000003637
4.103859999999817,0.37922800000003676
4.105529999999817,0.37889400000003626
4.107199999999817,0.37856000000003664
4.108869999999817,0.37822600000003703
4.1105399999998165,0.3778920000000374
4.112209999999816,0.3775580000000369
4.113879999999816,0.3772240000000373
4.115549999999816,0.3768900000000368
4.117219999999816,0.3765560000000372
4.118889999999816,0.3762220000000367
4.1205599999998155,0.3758880000000371
4.122229999999815,0.3755540000000366
4.123899999999815,0.37522000000003786
4.125569999999815,0.37488600000003736
4.127239999999815,0.37455200000003774
4.128909999999815,0.37421800000003724
4.1305799999998145,0.37388400000003763
4.132249999999814,0.37355000000003713
4.133919999999814,0.3732160000000375
4.135589999999814,0.372882000000037
4.137259999999814,0.3725480000000374
4.138929999999814,0.3722140000000369
4.1405999999998135,0.3718800000000382
4.142269999999813,0.3715460000000377
4.143939999999813,0.37121200000003807
4.145609999999813,0.37087800000003757
4.147279999999813,0.37054400000003795
4.148949999999813,0.37021000000003745
4.150619999999813,0.36987600000003784
4.152289999999812,0.36954200000003734
4.153959999999812,0.36920800000003773
4.155629999999812,0.3688740000000372
4.157299999999812,0.3685400000000385
4.158969999999812,0.368206000000038
4.160639999999812,0.3678720000000384
4.162309999999811,0.3675380000000379
4.163979999999811,0.3672040000000383
4.165649999999811,0.3668700000000378
4.167319999999811,0.36653600000003816
4.168989999999811,0.36620200000003766
4.170659999999811,0.36586800000003805
4.1723299999998105,0.36553400000003755
4.17399999999981,0.3652000000000388
4.17566999999981,0.3648660000000383
4.17733999999981,0.3645320000000387
4.17900999999981,0.3641980000000382
4.18067999999981,0.3638640000000386
4.1823499999998095,0.3635300000000381
4.184019999999809,0.3631960000000385
4.185689999999809,0.362862000000038
4.187359999999809,0.3625280000000384
4.189029999999809,0.3621940000000379
4.190699999999809,0.36186000000003915
4.1923699999998085,0.36152600000003865
4.194039999999808,0.36119200000003904
4.195709999999808,0.36085800000003854
4.197379999999808,0.3605240000000389
4.199049999999808,0.3601900000000384
4.200719999999808,0.3598560000000388
4.202389999999808,0.3595220000000383
4.204059999999807,0.3591880000000387
4.205729999999807,0.3588540000000382
4.207399999999807,0.3585200000000395
4.209069999999807,0.358186000000039
4.210739999999807,0.35785200000003936
4.212409999999807,0.35751800000003886
4.214079999999806,0.35718400000003925
4.215749999999806,0.35685000000003875
4.217419999999806,0.35651600000003913
4.219089999999806,0.35618200000003863
4.220759999999806,0.355848000000039
4.222429999999806,0.3555140000000385
4.2240999999998055,0.3551800000000398
4.225769999999805,0.3548460000000393
4.227439999999805,0.3545120000000397
4.229109999999805,0.3541780000000392
4.230779999999805,0.35384400000003957
4.232449999999805,0.35351000000003907
4.2341199999998045,0.35317600000003946
4.235789999999804,0.35284200000003896
4.237459999999804,0.35250800000003935
4.239129999999804,0.35217400000003884
4.240799999999804,0.3518400000000401
4.242469999999804,0.3515060000000396
4.2441399999998035,0.35117200000004
4.245809999999803,0.3508380000000395
4.247479999999803,0.3505040000000399
4.249149999999803,0.3501700000000394
4.250819999999803,0.3498360000000398
4.252489999999803,0.3495020000000393
4.2541599999998025,0.34916800000003967
4.255829999999802,0.34883400000003917
4.257499999999802,0.34850000000004044
4.259169999999802,0.34816600000003994
4.260839999999802,0.34783200000004033
4.262509999999802,0.34749800000003983
4.264179999999802,0.3471640000000402
4.265849999999801,0.3468300000000397
4.267519999999801,0.3464960000000401
4.269189999999801,0.3461620000000396
4.270859999999801,0.34582800000004
4.272529999999801,0.3454940000000395
4.274199999999801,0.34516000000004077
4.2758699999998,0.34482600000004027
4.2775399999998,0.34449200000004065
4.2792099999998,0.34415800000004015
4.2808799999998,0.34382400000004054
4.2825499999998,0.34349000000004004
4.2842199999998,0.34315600000004043
4.2858899999997995,0.34282200000003993
4.287559999999799,0.3424880000000403
4.289229999999799,0.3421540000000398
4.290899999999799,0.3418200000000402
4.292569999999799,0.3414860000000406
4.294239999999799,0.341152000000041
4.2959099999997985,0.3408180000000405
4.297579999999798,0.34048400000004087
4.299249999999798,0.34015000000004036
4.300919999999798,0.33981600000004075
4.302589999999798,0.33948200000004025
4.304259999999798,0.33914800000004064
4.3059299999997975,0.33881400000004014
4.307599999999797,0.3384800000000405
4.309269999999797,0.3381460000000409
4.310939999999797,0.3378120000000413
4.312609999999797,0.3374780000000408
4.314279999999797,0.3371440000000412
4.315949999999797,0.3368100000000407
4.317619999999796,0.3364760000000411
4.319289999999796,0.3361420000000406
4.320959999999796,0.33580800000004096
4.322629999999796,0.33547400000004046
4.324299999999796,0.33514000000004085
4.325969999999796,0.33480600000004124
4.327639999999795,0.3344720000000416
4.329309999999795,0.3341380000000411
4.330979999999795,0.3338040000000415
4.332649999999795,0.333470000000041
4.334319999999795,0.3331360000000414
4.335989999999795,0.3328020000000409
4.3376599999997945,0.3324680000000413
4.339329999999794,0.3321340000000408
4.340999999999794,0.3318000000000412
4.342669999999794,0.33146600000004156
4.344339999999794,0.33113200000004195
4.346009999999794,0.33079800000004145
4.3476799999997935,0.33046400000004184
4.349349999999793,0.33013000000004133
4.351019999999793,0.3297960000000417
4.352689999999793,0.3294620000000412
4.354359999999793,0.3291280000000416
4.356029999999793,0.3287940000000411
4.3576999999997925,0.3284600000000415
4.359369999999792,0.3281260000000419
4.361039999999792,0.32779200000004227
4.362709999999792,0.32745800000004177
4.364379999999792,0.32712400000004216
4.366049999999792,0.32679000000004166
4.3677199999997915,0.32645600000004205
4.369389999999791,0.32612200000004155
4.371059999999791,0.32578800000004193
4.372729999999791,0.32545400000004143
4.374399999999791,0.3251200000000418
4.376069999999791,0.3247860000000422
4.377739999999791,0.3244520000000426
4.37940999999979,0.3241180000000421
4.38107999999979,0.3237840000000425
4.38274999999979,0.323450000000042
4.38441999999979,0.32311600000004237
4.38608999999979,0.32278200000004187
4.38775999999979,0.32244800000004226
4.3894299999997894,0.32211400000004176
4.391099999999789,0.32178000000004214
4.392769999999789,0.32144600000004253
4.394439999999789,0.3211120000000429
4.396109999999789,0.3207780000000424
4.397779999999789,0.3204440000000428
4.3994499999997885,0.3201100000000423
4.401119999999788,0.3197760000000427
4.402789999999788,0.3194420000000422
4.404459999999788,0.3191080000000426
4.406129999999788,0.3187740000000421
4.407799999999788,0.31844000000004247
4.4094699999997875,0.31810600000004197
4.411139999999787,0.31777200000004324
4.412809999999787,0.31743800000004274
4.414479999999787,0.31710400000004313
4.416149999999787,0.31677000000004263
4.417819999999787,0.316436000000043
4.4194899999997865,0.3161020000000425
4.421159999999786,0.3157680000000429
4.422829999999786,0.3154340000000424
4.424499999999786,0.3151000000000428
4.426169999999786,0.3147660000000423
4.427839999999786,0.31443200000004357
4.429509999999786,0.31409800000004306
4.431179999999785,0.31376400000004345
4.432849999999785,0.31343000000004295
4.434519999999785,0.31309600000004334
4.436189999999785,0.31276200000004284
4.437859999999785,0.3124280000000432
4.439529999999785,0.3120940000000427
4.441199999999784,0.3117600000000431
4.442869999999784,0.3114260000000426
4.444539999999784,0.3110920000000439
4.446209999999784,0.3107580000000434
4.447879999999784,0.3104240000000438
4.449549999999784,0.3100900000000433
4.4512199999997835,0.30975600000004366
4.452889999999783,0.30942200000004316
4.454559999999783,0.30908800000004355
4.456229999999783,0.30875400000004305
4.457899999999783,0.30842000000004344
4.459569999999783,0.30808600000004294
4.4612399999997825,0.3077520000000442
4.462909999999782,0.3074180000000437
4.464579999999782,0.3070840000000441
4.466249999999782,0.3067500000000436
4.467919999999782,0.306416000000044
4.469589999999782,0.3060820000000435
4.4712599999997815,0.3057480000000439
4.472929999999781,0.3054140000000434
4.474599999999781,0.30508000000004376
4.476269999999781,0.30474600000004326
4.477939999999781,0.30441200000004454
4.479609999999781,0.30407800000004404
4.4812799999997806,0.3037440000000444
4.48294999999978,0.3034100000000439
4.48461999999978,0.3030760000000443
4.48628999999978,0.3027420000000438
4.48795999999978,0.3024080000000442
4.48962999999978,0.3020740000000437
4.49129999999978,0.3017400000000441
4.492969999999779,0.3014060000000436
4.494639999999779,0.30107200000004486
4.496309999999779,0.30073800000004436
4.497979999999779,0.30040400000004475
4.499649999999779,0.30007000000004425
4.501319999999779,0.29973600000004375
4.5029899999997784,0.29940200000004413
4.504659999999778,0.2990680000000445
4.506329999999778,0.298734000000044
4.507999999999778,0.2984000000000444
4.509669999999778,0.2980660000000448
4.511339999999778,0.2977320000000452
4.5130099999997775,0.2973980000000447
4.514679999999777,0.29706400000004507
4.516349999999777,0.29673000000004546
4.518019999999777,0.29639600000004407
4.519689999999777,0.29606200000004446
4.521359999999777,0.29572800000004484
4.5230299999997765,0.29539400000004434
4.524699999999776,0.29506000000004473
4.526369999999776,0.2947260000000451
4.528039999999776,0.2943920000000455
4.529709999999776,0.294058000000045
4.531379999999776,0.2937240000000454
4.5330499999997755,0.2933900000000458
4.534719999999775,0.2930560000000444
4.536389999999775,0.2927220000000448
4.538059999999775,0.29238800000004517
4.539729999999775,0.29205400000004467
4.541399999999775,0.29172000000004505
4.543069999999775,0.29138600000004544
4.544739999999774,0.29105200000004583
4.546409999999774,0.29071800000004533
4.548079999999774,0.2903840000000457
4.549749999999774,0.2900500000000461
4.551419999999774,0.2897160000000447
4.553089999999774,0.2893820000000451
4.554759999999773,0.2890480000000455
4.556429999999773,0.288714000000045
4.558099999999773,0.2883800000000454
4.559769999999773,0.28804600000004577
4.561439999999773,0.28771200000004615
4.563109999999773,0.28737800000004565
4.5647799999997725,0.28704400000004604
4.566449999999772,0.2867100000000464
4.568119999999772,0.28637600000004504
4.569789999999772,0.2860420000000454
4.571459999999772,0.2857080000000458
4.573129999999772,0.2853740000000453
4.5747999999997715,0.2850400000000457
4.576469999999771,0.2847060000000461
4.578139999999771,0.2843720000000465
4.579809999999771,0.284038000000046
4.581479999999771,0.28370400000004636
4.583149999999771,0.28337000000004675
4.5848199999997705,0.28303600000004536
4.58648999999977,0.28270200000004575
4.58815999999977,0.28236800000004614
4.58982999999977,0.28203400000004564
4.59149999999977,0.281700000000046
4.59316999999977,0.2813660000000464
4.5948399999997696,0.2810320000000468
4.596509999999769,0.2806980000000463
4.598179999999769,0.2803640000000467
4.599849999999769,0.2800300000000471
4.601519999999769,0.2796960000000457
4.603189999999769,0.2793620000000461
4.604859999999769,0.27902800000004646
4.606529999999768,0.27869400000004596
4.608199999999768,0.27836000000004635
4.609869999999768,0.27802600000004674
4.611539999999768,0.2776920000000471
4.613209999999768,0.2773580000000466
4.614879999999768,0.277024000000047
4.6165499999997675,0.2766900000000474
4.618219999999767,0.2763560000000469
4.619889999999767,0.2760220000000464
4.621559999999767,0.2756880000000468
4.623229999999767,0.2753540000000463
4.624899999999767,0.27502000000004667
4.6265699999997665,0.27468600000004706
4.628239999999766,0.27435200000004745
4.629909999999766,0.27401800000004695
4.631579999999766,0.27368400000004733
4.633249999999766,0.2733500000000477
4.634919999999766,0.2730160000000472
4.6365899999997655,0.2726820000000467
4.638259999999765,0.2723480000000471
4.639929999999765,0.2720140000000466
4.641599999999765,0.271680000000047
4.643269999999765,0.2713460000000474
4.644939999999765,0.27101200000004777
4.6466099999997645,0.27067800000004727
4.648279999999764,0.27034400000004766
4.649949999999764,0.27001000000004804
4.651619999999764,0.26967600000004754
4.653289999999764,0.26934200000004704
4.654959999999764,0.26900800000004743
4.656629999999764,0.26867400000004693
4.658299999999763,0.2683400000000473
4.659969999999763,0.2680060000000477
4.661639999999763,0.2676720000000481
4.663309999999763,0.2673380000000476
4.664979999999763,0.267004000000048
4.666649999999763,0.26667000000004837
4.668319999999762,0.26633600000004787
4.669989999999762,0.26600200000004737
4.671659999999762,0.26566800000004775
4.673329999999762,0.26533400000004814
4.674999999999762,0.26500000000004764
4.676669999999762,0.26466600000004803
4.6783399999997615,0.2643320000000484
4.680009999999761,0.2639980000000479
4.681679999999761,0.2636640000000483
4.683349999999761,0.2633300000000487
4.685019999999761,0.2629960000000482
4.686689999999761,0.2626620000000477
4.6883599999997605,0.2623280000000481
4.69002999999976,0.26199400000004847
4.69169999999976,0.26166000000004797
4.69336999999976,0.26132600000004835
4.69503999999976,0.26099200000004874
4.69670999999976,0.26065800000004824
4.6983799999997595,0.2603240000000486
4.700049999999759,0.259990000000049
4.701719999999759,0.2596560000000485
4.703389999999759,0.259322000000048
4.705059999999759,0.2589880000000484
4.706729999999759,0.2586540000000488
4.708399999999759,0.2583200000000483
4.710069999999758,0.2579860000000487
4.711739999999758,0.25765200000004906
4.713409999999758,0.25731800000004856
4.715079999999758,0.25698400000004895
4.716749999999758,0.25665000000004934
4.718419999999758,0.25631600000004884
4.720089999999757,0.25598200000004834
4.721759999999757,0.2556480000000487
4.723429999999757,0.2553140000000491
4.725099999999757,0.2549800000000486
4.726769999999757,0.254646000000049
4.728439999999757,0.2543120000000494
4.7301099999997565,0.2539780000000489
4.731779999999756,0.2536440000000493
4.733449999999756,0.25331000000004966
4.735119999999756,0.25297600000004916
4.736789999999756,0.25264200000004955
4.738459999999756,0.25230800000004905
4.7401299999997555,0.25197400000004944
4.741799999999755,0.25164000000004894
4.743469999999755,0.2513060000000493
4.745139999999755,0.2509720000000497
4.746809999999755,0.2506380000000492
4.748479999999755,0.2503040000000496
4.7501499999997545,0.24997000000004999
4.751819999999754,0.24963600000004948
4.753489999999754,0.24930200000004987
4.755159999999754,0.24896800000004937
4.756829999999754,0.24863400000004976
4.758499999999754,0.24830000000004926
4.7601699999997535,0.24796600000004965
4.761839999999753,0.24763200000005003
4.763509999999753,0.24729800000004953
4.765179999999753,0.24696400000004992
4.766849999999753,0.2466300000000503
4.768519999999753,0.2462960000000498
4.770189999999753,0.2459620000000502
4.771859999999752,0.2456280000000497
4.773529999999752,0.24529400000005008
4.775199999999752,0.24496000000004958
4.776869999999752,0.24462600000004997
4.778539999999752,0.24429200000005036
4.780209999999752,0.24395800000004986
4.781879999999751,0.24362400000005024
4.783549999999751,0.24329000000005063
4.785219999999751,0.24295600000005013
4.786889999999751,0.24262200000005052
4.788559999999751,0.24228800000005002
4.790229999999751,0.2419540000000504
4.7918999999997505,0.2416200000000499
4.79356999999975,0.2412860000000503
4.79523999999975,0.24095200000005068
4.79690999999975,0.24061800000005018
4.79857999999975,0.24028400000005057
4.80024999999975,0.23995000000005096
4.8019199999997495,0.23961600000005046
4.803589999999749,0.23928200000005084
4.805259999999749,0.23894800000005034
4.806929999999749,0.23861400000005073
4.808599999999749,0.23828000000005023
4.810269999999749,0.23794600000005062
4.8119399999997485,0.237612000000051
4.813609999999748,0.2372780000000505
4.815279999999748,0.2369440000000509
4.816949999999748,0.23661000000005128
4.818619999999748,0.23627600000005078
4.820289999999748,0.23594200000005117
4.821959999999748,0.23560800000005067
4.823629999999747,0.23527400000005105
4.825299999999747,0.23494000000005055
4.826969999999747,0.23460600000005094
4.828639999999747,0.23427200000005133
4.830309999999747,0.23393800000005083
4.831979999999747,0.23360400000005122
4.833649999999746,0.2332700000000516
4.835319999999746,0.232936000000052
4.836989999999746,0.2326020000000515
4.838659999999746,0.232268000000051
4.840329999999746,0.23193400000005138
4.841999999999746,0.23160000000005088
4.8436699999997455,0.23126600000005126
4.845339999999745,0.23093200000005165
4.847009999999745,0.23059800000005115
4.848679999999745,0.23026400000005154
4.850349999999745,0.22993000000005193
4.852019999999745,0.2295960000000523
4.8536899999997445,0.2292620000000518
4.855359999999744,0.2289280000000513
4.857029999999744,0.2285940000000517
4.858699999999744,0.2282600000000512
4.860369999999744,0.2279260000000516
4.862039999999744,0.22759200000005197
4.8637099999997435,0.22725800000005147
4.865379999999743,0.22692400000005186
4.867049999999743,0.22659000000005225
4.868719999999743,0.22625600000005264
4.870389999999743,0.22592200000005214
4.872059999999743,0.22558800000005164
4.8737299999997425,0.22525400000005202
4.875399999999742,0.22492000000005152
4.877069999999742,0.2245860000000519
4.878739999999742,0.2242520000000523
4.880409999999742,0.2239180000000518
4.882079999999742,0.22358400000005219
4.883749999999742,0.22325000000005257
4.885419999999741,0.22291600000005296
4.887089999999741,0.22258200000005157
4.888759999999741,0.22224800000005196
4.890429999999741,0.22191400000005235
4.892099999999741,0.22158000000005185
4.893769999999741,0.22124600000005223
4.89543999999974,0.22091200000005262
4.89710999999974,0.22057800000005212
4.89877999999974,0.2202440000000525
4.90044999999974,0.2199100000000529
4.90211999999974,0.21957600000005328
4.90378999999974,0.2192420000000519
4.9054599999997395,0.21890800000005228
4.907129999999739,0.21857400000005267
4.908799999999739,0.21824000000005217
4.910469999999739,0.21790600000005256
4.912139999999739,0.21757200000005295
4.913809999999739,0.21723800000005244
4.9154799999997385,0.21690400000005283
4.917149999999738,0.21657000000005322
4.918819999999738,0.2162360000000536
4.920489999999738,0.21590200000005222
4.922159999999738,0.2155680000000526
4.923829999999738,0.215234000000053
4.9254999999997375,0.2149000000000525
4.927169999999737,0.21456600000005288
4.928839999999737,0.21423200000005327
4.930509999999737,0.21389800000005277
4.932179999999737,0.21356400000005316
4.933849999999737,0.21323000000005354
4.935519999999737,0.21289600000005304
4.937189999999736,0.21256200000005254
4.938859999999736,0.21222800000005293
4.940529999999736,0.21189400000005332
4.942199999999736,0.21156000000005282
4.943869999999736,0.2112260000000532
4.945539999999736,0.2108920000000536
4.947209999999735,0.2105580000000531
4.948879999999735,0.21022400000005348
4.950549999999735,0.20989000000005387
4.952219999999735,0.20955600000005337
4.953889999999735,0.20922200000005287
4.955559999999735,0.20888800000005325
4.9572299999997345,0.20855400000005364
4.958899999999734,0.20822000000005314
4.960569999999734,0.20788600000005353
4.962239999999734,0.20755200000005392
4.963909999999734,0.20721800000005342
4.965579999999734,0.2068840000000538
4.9672499999997335,0.2065500000000542
4.968919999999733,0.2062160000000537
4.970589999999733,0.2058820000000532
4.972259999999733,0.20554800000005358
4.973929999999733,0.20521400000005396
4.975599999999733,0.20488000000005346
4.9772699999997325,0.20454600000005385
4.978939999999732,0.20421200000005424
4.980609999999732,0.20387800000005374
4.982279999999732,0.20354400000005413
4.983949999999732,0.20321000000005363
4.985619999999732,0.202876000000054
4.9872899999997315,0.2025420000000535
4.988959999999731,0.2022080000000539
4.990629999999731,0.2018740000000543
4.992299999999731,0.2015400000000538
4.993969999999731,0.20120600000005417
4.995639999999731,0.20087200000005456
4.997309999999731,0.20053800000005495
4.99897999999973,0.20020400000005445
5.00064999999973,0.19987000000005395
5.00231999999973,0.19953600000005434
5.00398999999973,0.19920200000005384
5.00565999999973,0.19886800000005422
5.00732999999973,0.1985340000000546
5.0089999999997294,0.1982000000000541
5.010669999999729,0.1978660000000545
5.012339999999729,0.19753200000005489
5.014009999999729,0.19719800000005527
5.015679999999729,0.19686400000005477
5.017349999999729,0.19653000000005427
5.0190199999997285,0.19619600000005466
5.020689999999728,0.19586200000005416
5.022359999999728,0.19552800000005455
5.024029999999728,0.19519400000005493
5.025699999999728,0.19486000000005443
5.027369999999728,0.19452600000005482
5.0290399999997275,0.1941920000000552
5.030709999999727,0.1938580000000556
5.032379999999727,0.1935240000000542
5.034049999999727,0.1931900000000546
5.035719999999727,0.19285600000005498
5.037389999999727,0.19252200000005448
5.0390599999997265,0.19218800000005487
5.040729999999726,0.19185400000005526
5.042399999999726,0.19152000000005476
5.044069999999726,0.19118600000005515
5.045739999999726,0.19085200000005553
5.047409999999726,0.19051800000005592
5.049079999999726,0.19018400000005453
5.050749999999725,0.18985000000005492
5.052419999999725,0.1895160000000553
5.054089999999725,0.1891820000000548
5.055759999999725,0.1888480000000552
5.057429999999725,0.18851400000005558
5.059099999999725,0.18818000000005508
5.060769999999724,0.18784600000005547
5.062439999999724,0.18751200000005586
5.064109999999724,0.18717800000005624
5.065779999999724,0.18684400000005486
5.067449999999724,0.18651000000005524
5.069119999999724,0.18617600000005563
5.0707899999997235,0.18584200000005513
5.072459999999723,0.18550800000005552
5.074129999999723,0.1851740000000559
5.075799999999723,0.1848400000000554
5.077469999999723,0.1845060000000558
5.079139999999723,0.18417200000005618
5.0808099999997225,0.18383800000005568
5.082479999999722,0.18350400000005518
5.084149999999722,0.18317000000005557
5.085819999999722,0.18283600000005595
5.087489999999722,0.18250200000005545
5.089159999999722,0.18216800000005584
5.0908299999997215,0.18183400000005623
5.092499999999721,0.18150000000005573
5.094169999999721,0.18116600000005612
5.095839999999721,0.1808320000000565
5.097509999999721,0.180498000000056
5.099179999999721,0.1801640000000555
5.1008499999997206,0.1798300000000559
5.10251999999972,0.17949600000005628
5.10418999999972,0.17916200000005578
5.10585999999972,0.17882800000005616
5.10752999999972,0.17849400000005655
5.10919999999972,0.17816000000005605
5.11086999999972,0.17782600000005644
5.112539999999719,0.17749200000005683
5.114209999999719,0.17715800000005633
5.115879999999719,0.17682400000005583
5.117549999999719,0.1764900000000562
5.119219999999719,0.1761560000000566
5.120889999999719,0.1758220000000561
5.1225599999997184,0.1754880000000565
5.124229999999718,0.17515400000005688
5.125899999999718,0.17482000000005637
5.127569999999718,0.17448600000005676
5.129239999999718,0.17415200000005626
5.130909999999718,0.17381800000005665
5.1325799999997175,0.17348400000005615
5.134249999999717,0.17315000000005654
5.135919999999717,0.17281600000005692
5.137589999999717,0.17248200000005642
5.139259999999717,0.1721480000000568
5.140929999999717,0.1718140000000572
5.1425999999997165,0.1714800000000567
5.144269999999716,0.17114600000005709
5.145939999999716,0.17081200000005659
5.147609999999716,0.17047800000005697
5.149279999999716,0.17014400000005647
5.150949999999716,0.16981000000005686
5.1526199999997155,0.16947600000005725
5.154289999999715,0.16914200000005675
5.155959999999715,0.16880800000005713
5.157629999999715,0.16847400000005752
5.159299999999715,0.1681400000000579
5.160969999999715,0.1678060000000574
5.162639999999715,0.1674720000000569
5.164309999999714,0.1671380000000573
5.165979999999714,0.1668040000000568
5.167649999999714,0.16647000000005718
5.169319999999714,0.16613600000005757
5.170989999999714,0.16580200000005707
5.172659999999714,0.16546800000005746
5.174329999999713,0.16513400000005785
5.175999999999713,0.16480000000005735
5.177669999999713,0.16446600000005773
5.179339999999713,0.16413200000005723
5.181009999999713,0.16379800000005762
5.182679999999713,0.16346400000005712
5.1843499999997125,0.1631300000000575
5.186019999999712,0.1627960000000579
5.187689999999712,0.1624620000000574
5.189359999999712,0.16212800000005778
5.191029999999712,0.16179400000005817
5.192699999999712,0.16146000000005856
5.1943699999997115,0.16112600000005806
5.196039999999711,0.16079200000005756
5.197709999999711,0.16045800000005794
5.199379999999711,0.16012400000005744
5.201049999999711,0.15979000000005783
5.202719999999711,0.15945600000005822
5.2043899999997105,0.15912200000005772
5.20605999999971,0.1587880000000581
5.20772999999971,0.1584540000000585
5.20939999999971,0.15812000000005888
5.21106999999971,0.15778600000005838
5.21273999999971,0.15745200000005788
5.2144099999997096,0.15711800000005827
5.216079999999709,0.15678400000005777
5.217749999999709,0.15645000000005815
5.219419999999709,0.15611600000005854
5.221089999999709,0.15578200000005804
5.222759999999709,0.15544800000005843
5.224429999999709,0.15511400000005882
5.226099999999708,0.1547800000000592
5.227769999999708,0.1544460000000587
5.229439999999708,0.1541120000000582
5.231109999999708,0.1537780000000586
5.232779999999708,0.1534440000000581
5.234449999999708,0.15311000000005848
5.2361199999997075,0.15277600000005886
5.237789999999707,0.15244200000005836
5.239459999999707,0.15210800000005875
5.241129999999707,0.15177400000005914
5.242799999999707,0.15144000000005953
5.244469999999707,0.15110600000005903
5.2461399999997065,0.15077200000005853
5.247809999999706,0.1504380000000589
5.249479999999706,0.1501040000000584
5.251149999999706,0.1497700000000588
5.252819999999706,0.1494360000000592
5.254489999999706,0.1491020000000587
5.2561599999997055,0.14876800000005908
5.257829999999705,0.14843400000005946
5.259499999999705,0.14810000000005985
5.261169999999705,0.14776600000005935
5.262839999999705,0.14743200000005885
5.264509999999705,0.14709800000005924
5.2661799999997045,0.14676400000005874
5.267849999999704,0.14643000000005912
5.269519999999704,0.1460960000000595
5.271189999999704,0.145762000000059
5.272859999999704,0.1454280000000594
5.274529999999704,0.1450940000000598
5.276199999999704,0.14476000000006017
5.277869999999703,0.14442600000005967
5.279539999999703,0.14409200000005917
5.281209999999703,0.14375800000005956
5.282879999999703,0.14342400000005906
5.284549999999703,0.14309000000005945
5.286219999999703,0.14275600000005984
5.287889999999702,0.14242200000005933
5.289559999999702,0.14208800000005972
5.291229999999702,0.1417540000000601
5.292899999999702,0.1414200000000605
5.294569999999702,0.14108600000006
5.296239999999702,0.14075200000006038
5.2979099999997015,0.14041800000005988
5.299579999999701,0.14008400000005938
5.301249999999701,0.13975000000005977
5.302919999999701,0.13941600000006016
5.304589999999701,0.13908200000005966
5.306259999999701,0.13874800000006005
5.3079299999997005,0.13841400000006043
5.3095999999997,0.13808000000006082
5.3112699999997,0.13774600000006032
5.3129399999997,0.1374120000000607
5.3146099999997,0.1370780000000602
5.3162799999997,0.1367440000000597
5.3179499999996995,0.1364100000000601
5.319619999999699,0.13607600000006048
5.321289999999699,0.13574200000006087
5.322959999999699,0.13540800000006037
5.324629999999699,0.13507400000006076
5.326299999999699,0.13474000000006114
5.327969999999699,0.13440600000006064
5.329639999999698,0.13407200000006103
5.331309999999698,0.13373800000006053
5.332979999999698,0.13340400000006003
5.334649999999698,0.13307000000006042
5.336319999999698,0.1327360000000608
5.337989999999698,0.1324020000000603
5.339659999999697,0.1320680000000607
5.341329999999697,0.13173400000006108
5.342999999999697,0.13140000000006147
5.344669999999697,0.13106600000006097
5.346339999999697,0.13073200000006135
5.348009999999697,0.13039800000006085
5.3496799999996965,0.13006400000006035
5.351349999999696,0.12973000000006074
5.353019999999696,0.12939600000006113
5.354689999999696,0.12906200000006152
5.356359999999696,0.12872800000006102
5.358029999999696,0.1283940000000614
5.3596999999996955,0.1280600000000618
5.361369999999695,0.1277260000000613
5.363039999999695,0.12739200000006168
5.364709999999695,0.12705800000006118
5.366379999999695,0.12672400000006068
5.368049999999695,0.12639000000006106
5.3697199999996945,0.12605600000006145
5.371389999999694,0.12572200000006184
5.373059999999694,0.12538800000006134
5.374729999999694,0.12505400000006173
5.376399999999694,0.12472000000006211
5.378069999999694,0.12438600000006161
5.3797399999996935,0.124052000000062
5.381409999999693,0.1237180000000615
5.383079999999693,0.123384000000061
5.384749999999693,0.12305000000006139
5.386419999999693,0.12271600000006178
5.388089999999693,0.12238200000006216
5.389759999999693,0.12204800000006166
5.391429999999692,0.12171400000006205
5.393099999999692,0.12138000000006244
5.394769999999692,0.12104600000006194
5.396439999999692,0.12071200000006233
5.398109999999692,0.12037800000006271
5.399779999999692,0.12004400000006132
5.401449999999691,0.11971000000006171
5.403119999999691,0.1193760000000621
5.404789999999691,0.11904200000006249
5.406459999999691,0.11870800000006199
5.408129999999691,0.11837400000006237
5.409799999999691,0.11804000000006276
5.4114699999996905,0.11770600000006226
5.41313999999969,0.11737200000006265
5.41480999999969,0.11703800000006304
5.41647999999969,0.11670400000006165
5.41814999999969,0.11637000000006203
5.41981999999969,0.11603600000006242
5.4214899999996895,0.11570200000006281
5.423159999999689,0.11536800000006231
5.424829999999689,0.1150340000000627
5.426499999999689,0.11470000000006308
5.428169999999689,0.11436600000006258
5.429839999999689,0.11403200000006297
5.4315099999996885,0.11369800000006336
5.433179999999688,0.11336400000006197
5.434849999999688,0.11303000000006236
5.436519999999688,0.11269600000006275
5.438189999999688,0.11236200000006313
5.439859999999688,0.11202800000006263
5.441529999999688,0.11169400000006302
5.443199999999687,0.11136000000006341
5.444869999999687,0.11102600000006291
5.446539999999687,0.1106920000000633
5.448209999999687,0.11035800000006368
5.449879999999687,0.1100240000000623
5.451549999999687,0.10969000000006268
5.453219999999686,0.10935600000006307
5.454889999999686,0.10902200000006346
5.456559999999686,0.10868800000006296
5.458229999999686,0.10835400000006334
5.459899999999686,0.10802000000006373
5.461569999999686,0.10768600000006323
5.4632399999996855,0.10735200000006362
5.464909999999685,0.107018000000064
5.466579999999685,0.10668400000006262
5.468249999999685,0.106350000000063
5.469919999999685,0.10601600000006339
5.471589999999685,0.10568200000006378
5.4732599999996845,0.10534800000006328
5.474929999999684,0.10501400000006367
5.476599999999684,0.10468000000006406
5.478269999999684,0.10434600000006355
5.479939999999684,0.10401200000006394
5.481609999999684,0.10367800000006433
5.4832799999996835,0.10334400000006294
5.484949999999683,0.10301000000006333
5.486619999999683,0.10267600000006372
5.488289999999683,0.1023420000000641
5.489959999999683,0.1020080000000636
5.491629999999683,0.10167400000006399
5.4932999999996825,0.10134000000006438
5.494969999999682,0.10100600000006388
5.496639999999682,0.10067200000006427
5.498309999999682,0.10033800000006465
5.499979999999682,0.10000400000006415
