TimeInc,Intensity
0.5,0.1
0.50167,0.09999999999999998
0.5033399999999999,0.10000000000000002
0.5050099999999998,0.10000000000000002
0.5066799999999998,0.1
0.5083499999999997,0.1
0.5100199999999997,0.1
0.5116899999999996,0.10000000000000002
0.5133599999999996,0.09999999999999999
0.5150299999999995,0.1
0.5166999999999995,0.1
0.5183699999999994,0.1
0.5200399999999994,0.10000000000000002
0.5217099999999993,0.09999999999999999
0.5233799999999993,0.1
0.5250499999999992,0.1
0.5267199999999992,0.1
0.5283899999999991,0.09999999999999999
0.5300599999999991,0.09999999999999999
0.531729999999999,0.10000000000000003
0.533399999999999,0.1
0.5350699999999989,0.09999999999999998
0.5367399999999989,0.10000000000000002
0.5384099999999988,0.10000000000000002
0.5400799999999988,0.1
0.5417499999999987,0.1
0.5434199999999987,0.1
0.5450899999999986,0.10000000000000002
0.5467599999999986,0.09999999999999999
0.5484299999999985,0.1
0.5500999999999985,0.1
0.5517699999999984,0.1
0.5534399999999984,0.10000000000000002
0.5551099999999983,0.09999999999999999
0.5567799999999983,0.1
0.5584499999999982,0.1
0.5601199999999982,0.1
0.5617899999999981,0.09999999999999999
0.5634599999999981,0.09999999999999999
0.565129999999998,0.10000000000000003
0.566799999999998,0.1
0.5684699999999979,0.09999999999999998
0.5701399999999979,0.10000000000000002
0.5718099999999978,0.10000000000000002
0.5734799999999978,0.1
0.5751499999999977,0.1
0.5768199999999977,0.1
0.5784899999999976,0.10000000000000002
0.5801599999999976,0.09999999999999999
0.5818299999999975,0.1
0.5834999999999975,0.1
0.5851699999999974,0.1
0.5868399999999974,0.10000000000000002
0.5885099999999973,0.09999999999999999
0.5901799999999973,0.1
0.5918499999999972,0.1
0.5935199999999972,0.1
0.5951899999999971,0.09999999999999999
0.5968599999999971,0.09999999999999999
0.598529999999997,0.10000000000000003
0.600199999999997,0.1
0.6018699999999969,0.09999999999999998
0.6035399999999969,0.10000000000000002
0.6052099999999968,0.10000000000000002
0.6068799999999968,0.1
0.6085499999999967,0.1
0.6102199999999967,0.1
0.6118899999999966,0.10000000000000002
0.6135599999999966,0.10000000000000002
0.6152299999999965,0.1
0.6168999999999965,0.1
0.6185699999999964,0.1
0.6202399999999963,0.10000000000000002
0.6219099999999963,0.09999999999999999
0.6235799999999962,0.1
0.6252499999999962,0.10000000000000003
0.6269199999999961,0.1
0.6285899999999961,0.09999999999999999
0.630259999999996,0.10000000000000002
0.631929999999996,0.10000000000000003
0.6335999999999959,0.1
0.6352699999999959,0.1
0.6369399999999958,0.10000000000000002
0.6386099999999958,0.10000000000000002
0.6402799999999957,0.1
0.6419499999999957,0.1
0.6436199999999956,0.1
0.6452899999999956,0.10000000000000002
0.6469599999999955,0.10000000000000002
0.6486299999999955,0.1
0.6502999999999954,0.1
0.6519699999999954,0.1
0.6536399999999953,0.10000000000000002
0.6553099999999953,0.09999999999999999
0.6569799999999952,0.1
0.6586499999999952,0.10000000000000003
0.6603199999999951,0.1
0.6619899999999951,0.09999999999999999
0.663659999999995,0.10000000000000002
0.665329999999995,0.10000000000000003
0.6669999999999949,0.1
0.6686699999999949,0.1
0.6703399999999948,0.10000000000000002
0.6720099999999948,0.10000000000000002
0.6736799999999947,0.1
0.6753499999999947,0.1
0.6770199999999946,0.1
0.6786899999999946,0.10000000000000002
0.6803599999999945,0.10000000000000002
0.6820299999999945,0.1
0.6836999999999944,0.1
0.6853699999999944,0.1
0.6870399999999943,0.10000000000000002
0.6887099999999943,0.09999999999999999
0.6903799999999942,0.1
0.6920499999999942,0.10000000000000003
0.6937199999999941,0.1
0.6953899999999941,0.09999999999999999
0.697059999999994,0.10000000000000002
0.698729999999994,0.10000000000000003
0.7003999999999939,0.1
0.7020699999999939,0.1
0.7037399999999938,0.10000000000000002
0.7054099999999938,0.10000000000000002
0.7070799999999937,0.10000000000000003
0.7087499999999937,0.1
0.7104199999999936,0.1
0.7120899999999936,0.10000000000000002
0.7137599999999935,0.10000000000000002
0.7154299999999935,0.1
0.7170999999999934,0.1
0.7187699999999934,0.10000000000000003
0.7204399999999933,0.10000000000000002
0.7221099999999933,0.09999999999999999
0.7237799999999932,0.10000000000000003
0.7254499999999932,0.10000000000000003
0.7271199999999931,0.1
0.728789999999993,0.10000000000000002
0.730459999999993,0.10000000000000002
0.732129999999993,0.10000000000000003
0.7337999999999929,0.1
0.7354699999999929,0.1
0.7371399999999928,0.10000000000000002
0.7388099999999928,0.10000000000000002
0.7404799999999927,0.10000000000000003
0.7421499999999926,0.1
0.7438199999999926,0.1
0.7454899999999925,0.10000000000000002
0.7471599999999925,0.10000000000000002
0.7488299999999924,0.1
0.7504999999999924,0.1
0.7521699999999923,0.10000000000000003
0.7538399999999923,0.1
0.7555099999999922,0.09999999999999998
0.7571799999999922,0.10000000000000003
0.7588499999999921,0.10000000000000003
0.7605199999999921,0.1
0.762189999999992,0.1
0.763859999999992,0.1
0.7655299999999919,0.10000000000000003
0.7671999999999919,0.1
0.7688699999999918,0.1
0.7705399999999918,0.1
0.7722099999999917,0.1
0.7738799999999917,0.10000000000000003
0.7755499999999916,0.1
0.7772199999999916,0.1
0.7788899999999915,0.1
0.7805599999999915,0.1
0.7822299999999914,0.1
0.7838999999999914,0.1
0.7855699999999913,0.10000000000000003
0.7872399999999913,0.1
0.7889099999999912,0.09999999999999998
0.7905799999999912,0.10000000000000003
0.7922499999999911,0.10000000000000003
0.7939199999999911,0.1
0.795589999999991,0.1
0.797259999999991,0.1
0.7989299999999909,0.10000000000000003
0.8005999999999909,0.1
0.8022699999999908,0.1
0.8039399999999908,0.1
0.8056099999999907,0.1
0.8072799999999907,0.10000000000000003
0.8089499999999906,0.1
0.8106199999999906,0.1
0.8122899999999905,0.1
0.8139599999999905,0.1
0.8156299999999904,0.1
0.8172999999999904,0.1
0.8189699999999903,0.10000000000000003
0.8206399999999903,0.1
0.8223099999999902,0.09999999999999998
0.8239799999999902,0.10000000000000003
0.8256499999999901,0.10000000000000003
0.8273199999999901,0.1
0.82898999999999,0.1
0.83065999999999,0.1
0.8323299999999899,0.10000000000000003
0.8339999999999899,0.1
0.8356699999999898,0.1
0.8373399999999898,0.1
0.8390099999999897,0.1
0.8406799999999897,0.10000000000000003
0.8423499999999896,0.1
0.8440199999999896,0.1
0.8456899999999895,0.1
0.8473599999999895,0.1
0.8490299999999894,0.1
0.8506999999999894,0.1
0.8523699999999893,0.10000000000000003
0.8540399999999893,0.1
0.8557099999999892,0.09999999999999998
0.8573799999999892,0.10000000000000003
0.8590499999999891,0.10000000000000003
0.860719999999989,0.1
0.862389999999989,0.1
0.864059999999989,0.1
0.8657299999999889,0.10000000000000003
0.8673999999999888,0.1
0.8690699999999888,0.1
0.8707399999999887,0.1
0.8724099999999887,0.1
0.8740799999999886,0.10000000000000003
0.8757499999999886,0.1
0.8774199999999885,0.1
0.8790899999999885,0.1
0.8807599999999884,0.1
0.8824299999999884,0.1
0.8840999999999883,0.1
0.8857699999999883,0.10000000000000003
0.8874399999999882,0.1
0.8891099999999882,0.09999999999999998
0.8907799999999881,0.10000000000000003
0.8924499999999881,0.10000000000000003
0.894119999999988,0.1
0.895789999999988,0.1
0.8974599999999879,0.1
0.8991299999999879,0.10000000000000003
0.9007999999999878,0.1
0.9024699999999878,0.1
0.9041399999999877,0.1
0.9058099999999877,0.1
0.9074799999999876,0.10000000000000003
0.9091499999999876,0.1
0.9108199999999875,0.1
0.9124899999999875,0.1
0.9141599999999874,0.1
0.9158299999999874,0.1
0.9174999999999873,0.1
0.9191699999999873,0.10000000000000003
0.9208399999999872,0.1
0.9225099999999872,0.09999999999999998
0.9241799999999871,0.10000000000000003
0.9258499999999871,0.10000000000000003
0.927519999999987,0.1
0.929189999999987,0.1
0.9308599999999869,0.1
0.9325299999999869,0.10000000000000003
0.9341999999999868,0.1
0.9358699999999868,0.1
0.9375399999999867,0.1
0.9392099999999867,0.1
0.9408799999999866,0.10000000000000003
0.9425499999999866,0.1
0.9442199999999865,0.1
0.9458899999999865,0.1
0.9475599999999864,0.1
0.9492299999999864,0.1
0.9508999999999863,0.1
0.9525699999999863,0.10000000000000003
0.9542399999999862,0.1
0.9559099999999862,0.09999999999999998
0.9575799999999861,0.10000000000000003
0.9592499999999861,0.10000000000000003
0.960919999999986,0.1
0.962589999999986,0.1
0.9642599999999859,0.1
0.9659299999999859,0.10000000000000003
0.9675999999999858,0.1
0.9692699999999858,0.1
0.9709399999999857,0.1
0.9726099999999857,0.1
0.9742799999999856,0.10000000000000003
0.9759499999999856,0.1
0.9776199999999855,0.1
0.9792899999999854,0.1
0.9809599999999854,0.1
0.9826299999999853,0.10000000000000003
0.9842999999999853,0.1
0.9859699999999852,0.10000000000000003
0.9876399999999852,0.1
0.9893099999999851,0.09999999999999998
0.9909799999999851,0.10000000000000003
0.992649999999985,0.10000000000000003
0.994319999999985,0.10000000000000003
0.9959899999999849,0.1
0.9976599999999849,0.1
0.9993299999999848,0.10000000000000003
1.0009999999999848,0.1
1.0026699999999849,0.10000000000000003
1.004339999999985,0.09999999999999998
1.006009999999985,0.1
1.007679999999985,0.10000000000000003
1.009349999999985,0.1
1.0110199999999852,0.10000000000000003
1.0126899999999852,0.09999999999999998
1.0143599999999853,0.1
1.0160299999999853,0.10000000000000003
1.0176999999999854,0.1
1.0193699999999855,0.10000000000000003
1.0210399999999855,0.09999999999999998
1.0227099999999856,0.1
1.0243799999999856,0.10000000000000003
1.0260499999999857,0.1
1.0277199999999858,0.10000000000000003
1.0293899999999858,0.09999999999999998
1.0310599999999859,0.1
1.032729999999986,0.10000000000000003
1.034399999999986,0.1
1.036069999999986,0.10000000000000003
1.0377399999999861,0.09999999999999998
1.0394099999999862,0.1
1.0410799999999862,0.10000000000000003
1.0427499999999863,0.1
1.0444199999999864,0.10000000000000003
1.0460899999999864,0.09999999999999998
1.0477599999999865,0.1
1.0494299999999865,0.10000000000000003
1.0510999999999866,0.1
1.0527699999999867,0.10000000000000003
1.0544399999999867,0.09999999999999998
1.0561099999999868,0.1
1.0577799999999868,0.10000000000000003
1.059449999999987,0.1
1.061119999999987,0.10000000000000003
1.062789999999987,0.09999999999999998
1.064459999999987,0.1
1.0661299999999871,0.10000000000000003
1.0677999999999872,0.1
1.0694699999999873,0.10000000000000003
1.0711399999999873,0.09999999999999998
1.0728099999999874,0.1
1.0744799999999874,0.10000000000000003
1.0761499999999875,0.1
1.0778199999999876,0.10000000000000003
1.0794899999999876,0.09999999999999998
1.0811599999999877,0.1
1.0828299999999877,0.10000000000000003
1.0844999999999878,0.1
1.0861699999999879,0.10000000000000003
1.087839999999988,0.09999999999999998
1.089509999999988,0.1
1.091179999999988,0.10000000000000003
1.092849999999988,0.1
1.0945199999999882,0.10000000000000003
1.0961899999999882,0.09999999999999998
1.0978599999999883,0.1
1.0995299999999884,0.10000000000000003
1.1011999999999884,0.1
1.1028699999999885,0.10000000000000003
1.1045399999999885,0.10000000000000003
1.1062099999999886,0.1
1.1078799999999887,0.10000000000000003
1.1095499999999887,0.1
1.1112199999999888,0.10000000000000003
1.1128899999999888,0.10000000000000003
1.114559999999989,0.1
1.116229999999989,0.10000000000000003
1.117899999999989,0.1
1.119569999999989,0.10000000000000003
1.1212399999999891,0.10000000000000003
1.1229099999999892,0.1
1.1245799999999893,0.10000000000000003
1.1262499999999893,0.10000000000000006
1.1279199999999894,0.10000000000000003
1.1295899999999894,0.09999999999999998
1.1312599999999895,0.10000000000000003
1.1329299999999896,0.10000000000000003
1.1345999999999896,0.10000000000000006
1.1362699999999897,0.10000000000000003
1.1379399999999897,0.09999999999999998
1.1396099999999898,0.10000000000000003
1.1412799999999899,0.10000000000000003
1.14294999999999,0.10000000000000006
1.14461999999999,0.10000000000000003
1.14628999999999,0.09999999999999998
1.14795999999999,0.10000000000000003
1.1496299999999902,0.10000000000000003
1.1512999999999902,0.10000000000000006
1.1529699999999903,0.10000000000000003
1.1546399999999903,0.09999999999999998
1.1563099999999904,0.10000000000000003
1.1579799999999905,0.10000000000000003
1.1596499999999905,0.10000000000000006
1.1613199999999906,0.10000000000000003
1.1629899999999906,0.09999999999999998
1.1646599999999907,0.10000000000000003
1.1663299999999908,0.10000000000000003
1.1679999999999908,0.10000000000000006
1.1696699999999909,0.10000000000000003
1.171339999999991,0.09999999999999998
1.173009999999991,0.10000000000000003
1.174679999999991,0.10000000000000003
1.1763499999999911,0.10000000000000006
1.1780199999999912,0.10000000000000003
1.1796899999999912,0.09999999999999998
1.1813599999999913,0.10000000000000003
1.1830299999999914,0.10000000000000003
1.1846999999999914,0.10000000000000006
1.1863699999999915,0.10000000000000003
1.1880399999999915,0.09999999999999998
1.1897099999999916,0.10000000000000003
1.1913799999999917,0.10000000000000003
1.1930499999999917,0.10000000000000006
1.1947199999999918,0.10000000000000003
1.1963899999999918,0.09999999999999998
1.198059999999992,0.10000000000000003
1.199729999999992,0.10000000000000003
1.201399999999992,0.10000000000000006
1.203069999999992,0.10000000000000003
1.2047399999999922,0.09999999999999998
1.2064099999999922,0.10000000000000003
1.2080799999999923,0.10000000000000003
1.2097499999999923,0.10000000000000006
1.2114199999999924,0.10000000000000003
1.2130899999999925,0.10000000000000003
1.2147599999999925,0.10000000000000003
1.2164299999999926,0.10000000000000003
1.2180999999999926,0.10000000000000006
1.2197699999999927,0.10000000000000003
1.2214399999999928,0.10000000000000003
1.2231099999999928,0.10000000000000003
1.2247799999999929,0.10000000000000003
1.226449999999993,0.10000000000000006
1.228119999999993,0.10000000000000003
1.229789999999993,0.10000000000000003
1.2314599999999931,0.10000000000000003
1.2331299999999932,0.10000000000000003
1.2347999999999932,0.10000000000000006
1.2364699999999933,0.10000000000000003
1.2381399999999934,0.10000000000000003
1.2398099999999934,0.10000000000000003
1.2414799999999935,0.10000000000000003
1.2431499999999935,0.10000000000000006
1.2448199999999936,0.10000000000000003
1.2464899999999937,0.10000000000000003
1.2481599999999937,0.10000000000000003
1.2498299999999938,0.10000000000000003
1.2514999999999938,0.10000000000000006
1.253169999999994,0.10000000000000003
1.254839999999994,0.10000000000000003
1.256509999999994,0.1
1.258179999999994,0.10000000000000003
1.2598499999999941,0.10000000000000006
1.2615199999999942,0.10000000000000003
1.2631899999999943,0.10000000000000003
1.2648599999999943,0.1
1.2665299999999944,0.10000000000000003
1.2681999999999944,0.10000000000000006
1.2698699999999945,0.10000000000000003
1.2715399999999946,0.10000000000000003
1.2732099999999946,0.1
1.2748799999999947,0.10000000000000003
1.2765499999999947,0.10000000000000006
1.2782199999999948,0.10000000000000003
1.2798899999999949,0.10000000000000003
1.281559999999995,0.1
1.283229999999995,0.10000000000000003
1.284899999999995,0.10000000000000006
1.286569999999995,0.10000000000000003
1.2882399999999952,0.10000000000000003
1.2899099999999952,0.1
1.2915799999999953,0.10000000000000003
1.2932499999999953,0.10000000000000006
1.2949199999999954,0.10000000000000003
1.2965899999999955,0.10000000000000003
1.2982599999999955,0.1
1.2999299999999956,0.10000000000000003
1.3015999999999956,0.10000000000000006
1.3032699999999957,0.10000000000000003
1.3049399999999958,0.10000000000000003
1.3066099999999958,0.1
1.308279999999996,0.10000000000000003
1.309949999999996,0.10000000000000006
1.311619999999996,0.10000000000000003
1.313289999999996,0.10000000000000003
1.3149599999999961,0.1
1.3166299999999962,0.10000000000000003
1.3182999999999963,0.10000000000000006
1.3199699999999963,0.10000000000000003
1.3216399999999964,0.10000000000000003
1.3233099999999964,0.1
1.3249799999999965,0.10000000000000003
1.3266499999999966,0.10000000000000006
1.3283199999999966,0.10000000000000003
1.3299899999999967,0.10000000000000003
1.3316599999999967,0.1
1.3333299999999968,0.10000000000000003
1.3349999999999969,0.10000000000000006
1.336669999999997,0.10000000000000003
1.338339999999997,0.10000000000000003
1.340009999999997,0.1
1.341679999999997,0.10000000000000003
1.3433499999999972,0.10000000000000006
1.3450199999999972,0.10000000000000003
1.3466899999999973,0.10000000000000003
1.3483599999999973,0.1
1.3500299999999974,0.10000000000000003
1.3516999999999975,0.10000000000000006
1.3533699999999975,0.10000000000000003
1.3550399999999976,0.10000000000000003
1.3567099999999976,0.1
1.3583799999999977,0.10000000000000003
1.3600499999999978,0.10000000000000006
1.3617199999999978,0.10000000000000003
1.3633899999999979,0.10000000000000003
1.365059999999998,0.1
1.366729999999998,0.10000000000000003
1.368399999999998,0.10000000000000006
1.3700699999999981,0.10000000000000003
1.3717399999999982,0.10000000000000003
1.3734099999999982,0.1
1.3750799999999983,0.10000000000000003
1.3767499999999984,0.10000000000000006
1.3784199999999984,0.10000000000000003
1.3800899999999985,0.10000000000000003
1.3817599999999985,0.1
1.3834299999999986,0.10000000000000003
1.3850999999999987,0.10000000000000006
1.3867699999999987,0.10000000000000003
1.3884399999999988,0.10000000000000003
1.3901099999999988,0.1
1.391779999999999,0.10000000000000003
1.393449999999999,0.10000000000000006
1.395119999999999,0.10000000000000003
1.396789999999999,0.10000000000000003
1.3984599999999991,0.1
1.4001299999999992,0.10000000000000003
1.4017999999999993,0.10000000000000006
1.4034699999999993,0.10000000000000003
1.4051399999999994,0.10000000000000003
1.4068099999999994,0.1
1.4084799999999995,0.10000000000000003
1.4101499999999996,0.10000000000000006
1.4118199999999996,0.10000000000000003
1.4134899999999997,0.10000000000000003
1.4151599999999998,0.1
1.4168299999999998,0.10000000000000003
1.4184999999999999,0.10000000000000006
1.42017,0.10000000000000003
1.42184,0.10000000000000003
1.42351,0.1
1.4251800000000001,0.10000000000000003
1.4268500000000002,0.10000000000000006
1.4285200000000002,0.10000000000000003
1.4301900000000003,0.10000000000000003
1.4318600000000004,0.1
1.4335300000000004,0.10000000000000003
1.4352000000000005,0.10000000000000006
1.4368700000000005,0.10000000000000003
1.4385400000000006,0.10000000000000003
1.4402100000000007,0.1
1.4418800000000007,0.10000000000000003
1.4435500000000008,0.10000000000000006
1.4452200000000008,0.10000000000000003
1.446890000000001,0.10000000000000003
1.448560000000001,0.1
1.450230000000001,0.10000000000000003
1.451900000000001,0.10000000000000006
1.4535700000000011,0.10000000000000003
1.4552400000000012,0.10000000000000003
1.4569100000000013,0.1
1.4585800000000013,0.10000000000000003
1.4602500000000014,0.10000000000000006
1.4619200000000014,0.10000000000000003
1.4635900000000015,0.10000000000000003
1.4652600000000016,0.1
1.4669300000000016,0.10000000000000003
1.4686000000000017,0.10000000000000006
1.4702700000000017,0.10000000000000003
1.4719400000000018,0.10000000000000003
1.4736100000000019,0.1
1.475280000000002,0.10000000000000003
1.476950000000002,0.10000000000000006
1.478620000000002,0.10000000000000003
1.480290000000002,0.10000000000000003
1.4819600000000022,0.1
1.4836300000000022,0.10000000000000003
1.4853000000000023,0.10000000000000006
1.4869700000000023,0.10000000000000003
1.4886400000000024,0.10000000000000003
1.4903100000000025,0.1
1.4919800000000025,0.10000000000000003
1.4936500000000026,0.10000000000000006
1.4953200000000026,0.10000000000000003
1.4969900000000027,0.10000000000000003
1.4986600000000028,0.1
1.5003300000000028,0.10000000000000003
1.5020000000000029,0.10000000000000006
1.503670000000003,0.10000000000000009
1.505340000000003,0.10000000000000003
1.507010000000003,0.1
1.5086800000000031,0.10000000000000003
1.5103500000000032,0.10000000000000006
1.5120200000000033,0.10000000000000003
1.5136900000000033,0.09999999999999998
1.5153600000000034,0.1
1.5170300000000034,0.10000000000000003
1.5187000000000035,0.10000000000000006
1.5203700000000036,0.10000000000000003
1.5220400000000036,0.10000000000000003
1.5237100000000037,0.10000000000000006
1.5253800000000037,0.10000000000000003
1.5270500000000038,0.1
1.5287200000000039,0.10000000000000003
1.530390000000004,0.10000000000000003
1.532060000000004,0.1
1.533730000000004,0.10000000000000003
1.535400000000004,0.10000000000000006
1.5370700000000042,0.10000000000000009
1.5387400000000042,0.10000000000000003
1.5404100000000043,0.1
1.5420800000000043,0.10000000000000003
1.5437500000000044,0.10000000000000006
1.5454200000000045,0.10000000000000003
1.5470900000000045,0.09999999999999998
1.5487600000000046,0.1
1.5504300000000046,0.10000000000000003
1.5521000000000047,0.10000000000000006
1.5537700000000048,0.10000000000000003
1.5554400000000048,0.10000000000000003
1.5571100000000049,0.10000000000000006
1.558780000000005,0.10000000000000003
1.560450000000005,0.1
1.562120000000005,0.10000000000000003
1.5637900000000051,0.10000000000000003
1.5654600000000052,0.1
1.5671300000000052,0.10000000000000003
1.5688000000000053,0.10000000000000006
1.5704700000000054,0.10000000000000009
1.5721400000000054,0.10000000000000003
1.5738100000000055,0.1
1.5754800000000055,0.10000000000000003
1.5771500000000056,0.10000000000000006
1.5788200000000057,0.10000000000000003
1.5804900000000057,0.09999999999999998
1.5821600000000058,0.1
1.5838300000000058,0.10000000000000003
1.585500000000006,0.10000000000000006
1.587170000000006,0.10000000000000003
1.588840000000006,0.10000000000000003
1.590510000000006,0.10000000000000006
1.5921800000000061,0.10000000000000003
1.5938500000000062,0.1
1.5955200000000063,0.10000000000000003
1.5971900000000063,0.10000000000000003
1.5988600000000064,0.1
1.6005300000000064,0.10000000000000003
1.6022000000000065,0.10000000000000006
1.6038700000000066,0.10000000000000009
1.6055400000000066,0.10000000000000003
1.6072100000000067,0.1
1.6088800000000067,0.10000000000000003
1.6105500000000068,0.10000000000000006
1.6122200000000069,0.1
1.613890000000007,0.09999999999999998
1.615560000000007,0.1
1.617230000000007,0.10000000000000003
1.6189000000000071,0.10000000000000006
1.6205700000000072,0.1
1.6222400000000072,0.10000000000000003
1.6239100000000073,0.10000000000000006
1.6255800000000074,0.10000000000000003
1.6272500000000074,0.1
1.6289200000000075,0.1
1.6305900000000075,0.10000000000000003
1.6322600000000076,0.1
1.6339300000000077,0.10000000000000003
1.6356000000000077,0.10000000000000006
1.6372700000000078,0.10000000000000006
1.6389400000000078,0.10000000000000003
1.640610000000008,0.1
1.642280000000008,0.10000000000000003
1.643950000000008,0.10000000000000006
1.645620000000008,0.1
1.6472900000000081,0.09999999999999998
1.6489600000000082,0.1
1.6506300000000083,0.10000000000000003
1.6523000000000083,0.10000000000000006
1.6539700000000084,0.1
1.6556400000000084,0.10000000000000003
1.6573100000000085,0.10000000000000006
1.6589800000000086,0.10000000000000003
1.6606500000000086,0.1
1.6623200000000087,0.1
1.6639900000000087,0.10000000000000003
1.6656600000000088,0.1
1.6673300000000089,0.10000000000000003
1.669000000000009,0.10000000000000006
1.670670000000009,0.10000000000000006
1.672340000000009,0.10000000000000003
1.674010000000009,0.1
1.6756800000000092,0.10000000000000003
1.6773500000000092,0.10000000000000006
1.6790200000000093,0.1
1.6806900000000093,0.09999999999999998
1.6823600000000094,0.1
1.6840300000000095,0.10000000000000003
1.6857000000000095,0.10000000000000006
1.6873700000000096,0.1
1.6890400000000096,0.10000000000000003
1.6907100000000097,0.10000000000000006
1.6923800000000098,0.10000000000000003
1.6940500000000098,0.1
1.6957200000000099,0.1
1.69739000000001,0.10000000000000003
1.69906000000001,0.1
1.70073000000001,0.10000000000000003
1.7024000000000101,0.10000000000000003
1.7040700000000102,0.10000000000000006
1.7057400000000102,0.10000000000000003
1.7074100000000103,0.1
1.7090800000000104,0.10000000000000003
1.7107500000000104,0.10000000000000003
1.7124200000000105,0.1
1.7140900000000105,0.09999999999999998
1.7157600000000106,0.1
1.7174300000000107,0.10000000000000003
1.7191000000000107,0.10000000000000003
1.7207700000000108,0.1
1.7224400000000109,0.10000000000000003
1.724110000000011,0.10000000000000006
1.725780000000011,0.10000000000000003
1.727450000000011,0.09999999999999998
1.729120000000011,0.1
1.7307900000000112,0.10000000000000003
1.7324600000000112,0.1
1.7341300000000113,0.10000000000000003
1.7358000000000113,0.10000000000000003
1.7374700000000114,0.10000000000000006
1.7391400000000115,0.10000000000000003
1.7408100000000115,0.1
1.7424800000000116,0.10000000000000003
1.7441500000000116,0.10000000000000003
1.7458200000000117,0.1
1.7474900000000118,0.09999999999999998
1.7491600000000118,0.1
1.7508300000000119,0.10000000000000003
1.752500000000012,0.10000000000000003
1.754170000000012,0.1
1.755840000000012,0.10000000000000003
1.7575100000000121,0.10000000000000006
1.7591800000000122,0.10000000000000003
1.7608500000000122,0.09999999999999998
1.7625200000000123,0.1
1.7641900000000124,0.10000000000000003
1.7658600000000124,0.1
1.7675300000000125,0.10000000000000003
1.7692000000000125,0.10000000000000003
1.7708700000000126,0.10000000000000006
1.7725400000000127,0.10000000000000003
1.7742100000000127,0.1
1.7758800000000128,0.10000000000000003
1.7775500000000128,0.10000000000000003
1.779220000000013,0.1
1.780890000000013,0.09999999999999998
1.782560000000013,0.1
1.784230000000013,0.10000000000000003
1.7859000000000131,0.10000000000000003
1.7875700000000132,0.1
1.7892400000000133,0.10000000000000003
1.7909100000000133,0.10000000000000006
1.7925800000000134,0.10000000000000003
1.7942500000000134,0.09999999999999998
1.7959200000000135,0.1
1.7975900000000136,0.10000000000000003
1.7992600000000136,0.1
1.8009300000000137,0.10000000000000003
1.8026000000000137,0.10000000000000003
1.8042700000000138,0.10000000000000006
1.8059400000000139,0.10000000000000003
1.807610000000014,0.1
1.809280000000014,0.10000000000000003
1.810950000000014,0.10000000000000003
1.812620000000014,0.1
1.8142900000000142,0.09999999999999998
1.8159600000000142,0.1
1.8176300000000143,0.10000000000000003
1.8193000000000144,0.10000000000000003
1.8209700000000144,0.1
1.8226400000000145,0.10000000000000003
1.8243100000000145,0.10000000000000006
1.8259800000000146,0.10000000000000003
1.8276500000000147,0.09999999999999998
1.8293200000000147,0.1
1.8309900000000148,0.10000000000000003
1.8326600000000148,0.1
1.834330000000015,0.10000000000000003
1.836000000000015,0.10000000000000003
1.837670000000015,0.10000000000000006
1.839340000000015,0.10000000000000003
1.8410100000000151,0.1
1.8426800000000152,0.10000000000000003
1.8443500000000153,0.10000000000000003
1.8460200000000153,0.1
1.8476900000000154,0.09999999999999998
1.8493600000000154,0.1
1.8510300000000155,0.10000000000000003
1.8527000000000156,0.10000000000000003
1.8543700000000156,0.1
1.8560400000000157,0.10000000000000003
1.8577100000000157,0.10000000000000006
1.8593800000000158,0.10000000000000003
1.8610500000000159,0.09999999999999998
1.862720000000016,0.1
1.864390000000016,0.10000000000000003
1.866060000000016,0.1
1.867730000000016,0.10000000000000003
1.8694000000000162,0.10000000000000003
1.8710700000000162,0.10000000000000006
1.8727400000000163,0.10000000000000003
1.8744100000000163,0.1
1.8760800000000164,0.10000000000000003
1.8777500000000165,0.10000000000000003
1.8794200000000165,0.1
1.8810900000000166,0.09999999999999998
1.8827600000000166,0.1
1.8844300000000167,0.10000000000000003
1.8861000000000168,0.10000000000000003
1.8877700000000168,0.1
1.8894400000000169,0.10000000000000003
1.891110000000017,0.10000000000000006
1.892780000000017,0.10000000000000003
1.894450000000017,0.09999999999999998
1.8961200000000171,0.1
1.8977900000000172,0.10000000000000003
1.8994600000000172,0.1
1.9011300000000173,0.10000000000000003
1.9028000000000174,0.10000000000000003
1.9044700000000174,0.10000000000000006
1.9061400000000175,0.10000000000000003
1.9078100000000175,0.1
1.9094800000000176,0.10000000000000003
1.9111500000000177,0.10000000000000003
1.9128200000000177,0.1
1.9144900000000178,0.09999999999999998
1.9161600000000178,0.1
1.917830000000018,0.10000000000000003
1.919500000000018,0.09999999999999998
1.921170000000018,0.1
1.922840000000018,0.10000000000000003
1.9245100000000182,0.10000000000000006
1.9261800000000182,0.10000000000000003
1.9278500000000183,0.09999999999999998
1.9295200000000183,0.1
1.9311900000000184,0.10000000000000003
1.9328600000000185,0.1
1.9345300000000185,0.09999999999999998
1.9362000000000186,0.09999999999999998
1.9378700000000186,0.1
1.9395400000000187,0.10000000000000003
1.9412100000000188,0.1
1.9428800000000188,0.10000000000000003
1.9445500000000189,0.10000000000000003
1.946220000000019,0.1
1.947890000000019,0.09999999999999998
1.949560000000019,0.1
1.9512300000000191,0.10000000000000003
1.9529000000000192,0.09999999999999998
1.9545700000000192,0.1
1.9562400000000193,0.10000000000000003
1.9579100000000194,0.10000000000000006
1.9595800000000194,0.10000000000000003
1.9612500000000195,0.09999999999999998
1.9629200000000195,0.1
1.9645900000000196,0.10000000000000003
1.9662600000000197,0.1
1.9679300000000197,0.09999999999999998
1.9696000000000198,0.09999999999999998
1.9712700000000198,0.1
1.97294000000002,0.10000000000000003
1.97461000000002,0.1
1.97628000000002,0.10000000000000003
1.97795000000002,0.10000000000000003
1.9796200000000201,0.1
1.9812900000000202,0.09999999999999998
1.9829600000000203,0.09999999999999998
1.9846300000000203,0.10000000000000003
1.9863000000000204,0.09999999999999998
1.9879700000000204,0.1
1.9896400000000205,0.10000000000000003
1.9913100000000206,0.10000000000000003
1.9929800000000206,0.10000000000000003
1.9946500000000207,0.09999999999999998
1.9963200000000207,0.1
1.9979900000000208,0.10000000000000003
1.9996600000000209,0.09999999999999998
2.0013300000000207,0.09999999999999998
2.0030000000000205,0.10000000000000003
2.0046700000000204,0.10000000000000003
2.00634000000002,0.10000000000000003
2.00801000000002,0.09999999999999998
2.00968000000002,0.09999999999999998
2.0113500000000197,0.10000000000000003
2.0130200000000196,0.10000000000000003
2.0146900000000194,0.10000000000000003
2.0163600000000192,0.09999999999999998
2.018030000000019,0.09999999999999998
2.019700000000019,0.10000000000000003
2.0213700000000188,0.10000000000000003
2.0230400000000186,0.10000000000000003
2.0247100000000184,0.09999999999999998
2.0263800000000183,0.09999999999999998
2.028050000000018,0.10000000000000003
2.029720000000018,0.10000000000000003
2.031390000000018,0.10000000000000003
2.0330600000000176,0.09999999999999998
2.0347300000000175,0.09999999999999998
2.0364000000000173,0.10000000000000003
2.038070000000017,0.10000000000000003
2.039740000000017,0.10000000000000003
2.041410000000017,0.09999999999999998
2.0430800000000167,0.09999999999999998
2.0447500000000165,0.10000000000000003
2.0464200000000163,0.10000000000000003
2.048090000000016,0.10000000000000003
2.049760000000016,0.09999999999999998
2.051430000000016,0.09999999999999998
2.0531000000000157,0.10000000000000003
2.0547700000000155,0.10000000000000003
2.0564400000000154,0.10000000000000003
2.058110000000015,0.09999999999999998
2.059780000000015,0.09999999999999998
2.061450000000015,0.10000000000000003
2.0631200000000147,0.10000000000000003
2.0647900000000146,0.10000000000000003
2.0664600000000144,0.09999999999999998
2.0681300000000142,0.09999999999999998
2.069800000000014,0.10000000000000003
2.071470000000014,0.10000000000000003
2.0731400000000137,0.10000000000000003
2.0748100000000136,0.09999999999999998
2.0764800000000134,0.09999999999999998
2.0781500000000133,0.10000000000000003
2.079820000000013,0.10000000000000003
2.081490000000013,0.10000000000000003
2.083160000000013,0.09999999999999998
2.0848300000000126,0.09999999999999998
2.0865000000000125,0.10000000000000003
2.0881700000000123,0.10000000000000003
2.089840000000012,0.10000000000000003
2.091510000000012,0.09999999999999998
2.093180000000012,0.09999999999999998
2.0948500000000116,0.09999999999999998
2.0965200000000115,0.10000000000000003
2.0981900000000113,0.10000000000000003
2.099860000000011,0.09999999999999998
2.101530000000011,0.09999999999999998
2.103200000000011,0.09999999999999998
2.1048700000000107,0.10000000000000003
2.1065400000000105,0.09999999999999998
2.1082100000000104,0.09999999999999998
2.10988000000001,0.09999999999999998
2.11155000000001,0.09999999999999998
2.11322000000001,0.10000000000000003
2.1148900000000097,0.09999999999999998
2.1165600000000095,0.09999999999999998
2.1182300000000094,0.09999999999999998
2.119900000000009,0.09999999999999998
2.121570000000009,0.10000000000000003
2.123240000000009,0.09999999999999998
2.1249100000000087,0.09999999999999998
2.1265800000000086,0.09999999999999998
2.1282500000000084,0.09999999999999998
2.1299200000000083,0.09999999999999998
2.131590000000008,0.10000000000000003
2.133260000000008,0.09999999999999998
2.1349300000000078,0.09999999999999998
2.1366000000000076,0.09999999999999998
2.1382700000000074,0.09999999999999998
2.1399400000000073,0.10000000000000003
2.141610000000007,0.09999999999999998
2.143280000000007,0.09999999999999998
2.144950000000007,0.09999999999999998
2.1466200000000066,0.09999999999999998
2.1482900000000065,0.10000000000000003
2.1499600000000063,0.09999999999999998
2.151630000000006,0.09999999999999998
2.153300000000006,0.09999999999999998
2.154970000000006,0.09999999999999998
2.1566400000000057,0.10000000000000003
2.1583100000000055,0.09999999999999998
2.1599800000000053,0.09999999999999998
2.161650000000005,0.09999999999999998
2.163320000000005,0.09999999999999998
2.164990000000005,0.10000000000000003
2.1666600000000047,0.09999999999999998
2.1683300000000045,0.09999999999999998
2.1700000000000044,0.09999999999999998
2.171670000000004,0.09999999999999998
2.173340000000004,0.10000000000000003
2.175010000000004,0.09999999999999998
2.1766800000000037,0.09999999999999998
2.1783500000000036,0.09999999999999998
2.1800200000000034,0.09999999999999998
2.1816900000000032,0.10000000000000003
2.183360000000003,0.09999999999999998
2.185030000000003,0.09999999999999998
2.1867000000000028,0.09999999999999998
2.1883700000000026,0.09999999999999998
2.1900400000000024,0.10000000000000003
2.1917100000000023,0.09999999999999998
2.193380000000002,0.09999999999999998
2.195050000000002,0.09999999999999998
2.196720000000002,0.09999999999999998
2.1983900000000016,0.10000000000000003
2.2000600000000015,0.09999999999999998
2.2017300000000013,0.09999999999999998
2.203400000000001,0.09999999999999998
2.205070000000001,0.09999999999999998
2.206740000000001,0.10000000000000003
2.2084100000000007,0.09999999999999998
2.2100800000000005,0.09999999999999998
2.2117500000000003,0.09999999999999998
2.21342,0.09999999999999998
2.21509,0.09999999999999998
2.21676,0.09999999999999998
2.2184299999999997,0.09999999999999998
2.2200999999999995,0.09999999999999998
2.2217699999999994,0.09999999999999998
2.223439999999999,0.09999999999999998
2.225109999999999,0.09999999999999998
2.226779999999999,0.09999999999999998
2.2284499999999987,0.09999999999999998
2.2301199999999985,0.09999999999999998
2.2317899999999984,0.09999999999999998
2.2334599999999982,0.09999999999999998
2.235129999999998,0.09999999999999998
2.236799999999998,0.09999999999999998
2.2384699999999977,0.09999999999999998
2.2401399999999976,0.09999999999999998
2.2418099999999974,0.09999999999999998
2.2434799999999973,0.09999999999999998
2.245149999999997,0.09999999999999998
2.246819999999997,0.09999999999999998
2.2484899999999968,0.09999999999999998
2.2501599999999966,0.09999999999999998
2.2518299999999964,0.09999999999999998
2.2534999999999963,0.09999999999999998
2.255169999999996,0.09999999999999998
2.256839999999996,0.09999999999999998
2.258509999999996,0.09999999999999998
2.2601799999999956,0.09999999999999998
2.2618499999999955,0.09999999999999998
2.2635199999999953,0.09999999999999998
2.265189999999995,0.09999999999999998
2.266859999999995,0.09999999999999998
2.268529999999995,0.09999999999999998
2.2701999999999947,0.09999999999999998
2.2718699999999945,0.09999999999999998
2.2735399999999943,0.09999999999999998
2.275209999999994,0.09999999999999998
2.276879999999994,0.09999999999999998
2.278549999999994,0.09999999999999998
2.2802199999999937,0.09999999999999998
2.2818899999999935,0.09999999999999998
2.2835599999999934,0.09999999999999998
2.285229999999993,0.09999999999999998
2.286899999999993,0.09999999999999998
2.288569999999993,0.09999999999999998
2.2902399999999927,0.09999999999999998
2.2919099999999926,0.09999999999999998
2.2935799999999924,0.09999999999999998
2.2952499999999922,0.09999999999999998
2.296919999999992,0.09999999999999998
2.298589999999992,0.09999999999999998
2.3002599999999918,0.09999999999999998
2.3019299999999916,0.09999999999999998
2.3035999999999914,0.09999999999999998
2.3052699999999913,0.09999999999999998
2.306939999999991,0.09999999999999998
2.308609999999991,0.09999999999999998
2.310279999999991,0.09999999999999998
2.3119499999999906,0.09999999999999998
2.3136199999999905,0.09999999999999998
2.3152899999999903,0.09999999999999998
2.31695999999999,0.09999999999999998
2.31862999999999,0.09999999999999998
2.32029999999999,0.09999999999999998
2.3219699999999897,0.09999999999999998
2.3236399999999895,0.09999999999999998
2.3253099999999893,0.09999999999999998
2.326979999999989,0.09999999999999998
2.328649999999989,0.09999999999999998
2.330319999999989,0.09999999999999998
2.3319899999999887,0.09999999999999998
2.3336599999999885,0.09999999999999998
2.3353299999999884,0.09999999999999998
2.336999999999988,0.09999999999999998
2.338669999999988,0.09999999999999998
2.340339999999988,0.09999999999999998
2.3420099999999877,0.09999999999999998
2.3436799999999876,0.09999999999999998
2.3453499999999874,0.09999999999999998
2.3470199999999872,0.09999999999999998
2.348689999999987,0.09999999999999998
2.350359999999987,0.09999999999999998
2.3520299999999867,0.09999999999999998
2.3536999999999866,0.09999999999999998
2.3553699999999864,0.09999999999999998
2.3570399999999863,0.09999999999999998
2.358709999999986,0.09999999999999998
2.360379999999986,0.09999999999999998
2.3620499999999858,0.09999999999999998
2.3637199999999856,0.09999999999999998
2.3653899999999854,0.09999999999999998
2.3670599999999853,0.09999999999999998
2.368729999999985,0.09999999999999998
2.370399999999985,0.09999999999999998
2.372069999999985,0.09999999999999998
2.3737399999999846,0.09999999999999998
2.3754099999999845,0.09999999999999998
2.3770799999999843,0.09999999999999998
2.378749999999984,0.09999999999999998
2.380419999999984,0.09999999999999998
2.382089999999984,0.09999999999999998
2.3837599999999837,0.09999999999999998
2.3854299999999835,0.09999999999999998
2.3870999999999833,0.09999999999999998
2.388769999999983,0.09999999999999998
2.390439999999983,0.09999999999999998
2.392109999999983,0.09999999999999998
2.3937799999999827,0.09999999999999998
2.3954499999999825,0.09999999999999998
2.3971199999999824,0.09999999999999998
2.398789999999982,0.09999999999999998
2.400459999999982,0.09999999999999998
2.402129999999982,0.09999999999999998
2.4037999999999817,0.09999999999999998
2.4054699999999816,0.09999999999999998
2.4071399999999814,0.09999999999999998
2.4088099999999812,0.09999999999999998
2.410479999999981,0.09999999999999998
2.412149999999981,0.09999999999999998
2.4138199999999808,0.09999999999999998
2.4154899999999806,0.09999999999999998
2.4171599999999804,0.09999999999999998
2.4188299999999803,0.09999999999999998
2.42049999999998,0.09999999999999998
2.42216999999998,0.09999999999999998
2.42383999999998,0.09999999999999998
2.4255099999999796,0.09999999999999998
2.4271799999999795,0.09999999999999998
2.4288499999999793,0.09999999999999998
2.430519999999979,0.09999999999999998
2.432189999999979,0.09999999999999998
2.433859999999979,0.09999999999999998
2.4355299999999787,0.09999999999999998
2.4371999999999785,0.09999999999999998
2.4388699999999783,0.09999999999999998
2.440539999999978,0.09999999999999998
2.442209999999978,0.09999999999999998
2.443879999999978,0.09999999999999998
2.4455499999999777,0.09999999999999998
2.4472199999999775,0.09999999999999998
2.4488899999999774,0.09999999999999998
2.450559999999977,0.09999999999999998
2.452229999999977,0.09999999999999998
2.453899999999977,0.09999999999999998
2.4555699999999767,0.09999999999999998
2.4572399999999766,0.09999999999999998
2.4589099999999764,0.09999999999999998
2.4605799999999762,0.09999999999999998
2.462249999999976,0.09999999999999998
2.463919999999976,0.09999999999999998
2.4655899999999757,0.09999999999999998
2.4672599999999756,0.09999999999999998
2.4689299999999754,0.09999999999999998
2.4705999999999753,0.09999999999999998
2.472269999999975,0.09999999999999998
2.473939999999975,0.09999999999999998
2.4756099999999748,0.09999999999999998
2.4772799999999746,0.09999999999999998
2.4789499999999745,0.09999999999999998
2.4806199999999743,0.09999999999999998
2.482289999999974,0.09999999999999998
2.483959999999974,0.09999999999999998
2.485629999999974,0.09999999999999998
2.4872999999999736,0.09999999999999998
2.4889699999999735,0.09999999999999998
2.4906399999999733,0.09999999999999998
2.492309999999973,0.09999999999999998
2.493979999999973,0.09999999999999998
2.495649999999973,0.09999999999999998
2.4973199999999727,0.09999999999999998
2.4989899999999725,0.09999999999999998
2.5006599999999723,0.09995600000000182
2.502329999999972,0.09984466666666852
2.503999999999972,0.09973333333333517
2.505669999999972,0.09962200000000182
2.5073399999999717,0.09951066666666852
2.5090099999999715,0.09939933333333523
2.5106799999999714,0.09928800000000187
2.512349999999971,0.09917666666666858
2.514019999999971,0.09906533333333523
2.515689999999971,0.09895400000000193
2.5173599999999707,0.09884266666666858
2.5190299999999706,0.09873133333333528
2.5206999999999704,0.09862000000000198
2.5223699999999702,0.09850866666666863
2.52403999999997,0.09839733333333528
2.52570999999997,0.09828600000000198
2.5273799999999698,0.09817466666666869
2.5290499999999696,0.09806333333333533
2.5307199999999694,0.09795200000000198
2.5323899999999693,0.09784066666666869
2.534059999999969,0.09772933333333539
2.535729999999969,0.09761800000000204
2.537399999999969,0.09750666666666874
2.5390699999999686,0.09739533333333539
2.5407399999999685,0.09728400000000209
2.5424099999999683,0.09717266666666874
2.544079999999968,0.09706133333333544
2.545749999999968,0.09695000000000215
2.547419999999968,0.0968386666666688
2.5490899999999677,0.09672733333333544
2.5507599999999675,0.09661600000000214
2.5524299999999673,0.09650466666666885
2.554099999999967,0.0963933333333355
2.555769999999967,0.09628200000000214
2.557439999999967,0.09617066666666885
2.5591099999999667,0.09605933333333555
2.5607799999999665,0.0959480000000022
2.5624499999999664,0.0958366666666689
2.564119999999966,0.09572533333333555
2.565789999999966,0.09561400000000225
2.567459999999966,0.0955026666666689
2.5691299999999657,0.0953913333333356
2.5707999999999656,0.09528000000000231
2.5724699999999654,0.09516866666666896
2.5741399999999652,0.0950573333333356
2.575809999999965,0.0949460000000023
2.577479999999965,0.09483466666666901
2.5791499999999647,0.09472333333333566
2.5808199999999646,0.0946120000000023
2.5824899999999644,0.09450066666666901
2.5841599999999643,0.09438933333333571
2.585829999999964,0.09427800000000236
2.587499999999964,0.09416666666666906
2.589169999999964,0.09405533333333571
2.5908399999999636,0.09394400000000241
2.5925099999999635,0.09383266666666906
2.5941799999999633,0.09372133333333577
2.595849999999963,0.09361000000000247
2.597519999999963,0.09349866666666912
2.599189999999963,0.09338733333333576
2.6008599999999626,0.09327600000000247
2.6025299999999625,0.09316466666666917
2.6041999999999623,0.09305333333333582
2.605869999999962,0.09294200000000247
2.607539999999962,0.09283066666666917
2.609209999999962,0.09271933333333587
2.6108799999999617,0.09260800000000252
2.6125499999999615,0.09249666666666922
2.6142199999999614,0.09238533333333587
2.615889999999961,0.09227400000000258
2.617559999999961,0.09216266666666922
2.619229999999961,0.09205133333333593
2.6208999999999607,0.09194000000000263
2.6225699999999605,0.09182866666666928
2.6242399999999604,0.09171733333333593
2.62590999999996,0.09160600000000263
2.62757999999996,0.09149466666666933
2.62924999999996,0.09138333333333598
2.6309199999999597,0.09127200000000263
2.6325899999999596,0.09116066666666933
2.6342599999999594,0.09104933333333604
2.6359299999999593,0.09093800000000268
2.637599999999959,0.09082666666666939
2.639269999999959,0.09071533333333603
2.6409399999999588,0.09060400000000274
2.6426099999999586,0.09049266666666939
2.6442799999999584,0.09038133333333609
2.6459499999999583,0.09027000000000279
2.647619999999958,0.09015866666666944
2.649289999999958,0.09004733333333609
2.650959999999958,0.08993600000000279
2.6526299999999576,0.0898246666666695
2.6542999999999575,0.08971333333333614
2.6559699999999573,0.08960200000000279
2.657639999999957,0.0894906666666695
2.659309999999957,0.0893793333333362
2.660979999999957,0.08926800000000285
2.6626499999999567,0.08915666666666955
2.6643199999999565,0.0890453333333362
2.6659899999999563,0.0889340000000029
2.667659999999956,0.08882266666666955
2.669329999999956,0.08871133333333625
2.670999999999956,0.08860000000000295
2.6726699999999557,0.0884886666666696
2.6743399999999555,0.08837733333333625
2.6760099999999554,0.08826600000000295
2.677679999999955,0.08815466666666966
2.679349999999955,0.0880433333333363
2.681019999999955,0.08793200000000295
2.6826899999999547,0.08782066666666966
2.6843599999999546,0.08770933333333636
2.6860299999999544,0.087598000000003
2.6876999999999542,0.08748666666666971
2.689369999999954,0.08737533333333636
2.691039999999954,0.08726400000000306
2.6927099999999538,0.08715266666666971
2.6943799999999536,0.08704133333333641
2.6960499999999534,0.08693000000000312
2.6977199999999533,0.08681866666666971
2.699389999999953,0.08670733333333641
2.701059999999953,0.08659600000000311
2.702729999999953,0.08648466666666982
2.7043999999999526,0.08637333333333647
2.7060699999999525,0.08626200000000311
2.7077399999999523,0.08615066666666982
2.709409999999952,0.08603933333333652
2.711079999999952,0.08592800000000317
2.712749999999952,0.08581666666666987
2.7144199999999516,0.08570533333333652
2.7160899999999515,0.08559400000000322
2.7177599999999513,0.08548266666666987
2.719429999999951,0.08537133333333657
2.721099999999951,0.08526000000000328
2.722769999999951,0.08514866666666987
2.7244399999999507,0.08503733333333657
2.7261099999999505,0.08492600000000328
2.7277799999999504,0.08481466666666998
2.72944999999995,0.08470333333333663
2.73111999999995,0.08459200000000328
2.73278999999995,0.08448066666666998
2.7344599999999497,0.08436933333333668
2.7361299999999495,0.08425800000000333
2.7377999999999494,0.08414666666667003
2.7394699999999492,0.08403533333333668
2.741139999999949,0.08392400000000338
2.742809999999949,0.08381266666667003
2.7444799999999487,0.08370133333333674
2.7461499999999486,0.08359000000000344
2.7478199999999484,0.08347866666667003
2.7494899999999483,0.08336733333333674
2.751159999999948,0.08325600000000344
2.752829999999948,0.08314466666667014
2.7544999999999478,0.08303333333333679
2.7561699999999476,0.08292200000000344
2.7578399999999474,0.08281066666667014
2.7595099999999473,0.08269933333333684
2.761179999999947,0.08258800000000349
2.762849999999947,0.0824766666666702
2.764519999999947,0.08236533333333684
2.7661899999999466,0.08225400000000355
2.7678599999999465,0.0821426666666702
2.7695299999999463,0.0820313333333369
2.771199999999946,0.0819200000000036
2.772869999999946,0.0818086666666702
2.774539999999946,0.0816973333333369
2.7762099999999457,0.0815860000000036
2.7778799999999455,0.0814746666666703
2.7795499999999453,0.08136333333333695
2.781219999999945,0.0812520000000036
2.782889999999945,0.0811406666666703
2.784559999999945,0.081029333333337
2.7862299999999447,0.08091800000000365
2.7878999999999445,0.08080666666667036
2.7895699999999444,0.080695333333337
2.791239999999944,0.08058400000000371
2.792909999999944,0.08047266666667036
2.794579999999944,0.08036133333333706
2.7962499999999437,0.08025000000000376
2.7979199999999436,0.08013866666667036
2.7995899999999434,0.08002733333333706
2.8012599999999432,0.07991600000000376
2.802929999999943,0.07980466666667047
2.804599999999943,0.07969333333333711
2.8062699999999428,0.07958200000000376
2.8079399999999426,0.07947066666667046
2.8096099999999424,0.07935933333333717
2.8112799999999423,0.07924800000000382
2.812949999999942,0.07913666666667052
2.814619999999942,0.07902533333333717
2.816289999999942,0.07891400000000387
2.8179599999999416,0.07880266666667052
2.8196299999999415,0.07869133333333722
2.8212999999999413,0.07858000000000392
2.822969999999941,0.07846866666667052
2.824639999999941,0.07835733333333722
2.826309999999941,0.07824600000000392
2.8279799999999407,0.07813466666667063
2.8296499999999405,0.07802333333333727
2.8313199999999403,0.07791200000000392
2.83298999999994,0.07780066666667063
2.83465999999994,0.07768933333333733
2.83632999999994,0.07757800000000398
2.8379999999999397,0.07746666666667068
2.8396699999999395,0.07735533333333733
2.8413399999999394,0.07724400000000403
2.843009999999939,0.07713266666667068
2.844679999999939,0.07702133333333738
2.846349999999939,0.07691000000000409
2.8480199999999387,0.07679866666667068
2.8496899999999385,0.07668733333333738
2.8513599999999384,0.07657600000000409
2.8530299999999382,0.07646466666667079
2.854699999999938,0.07635333333333744
2.856369999999938,0.07624200000000408
2.8580399999999377,0.07613066666667079
2.8597099999999376,0.07601933333333749
2.8613799999999374,0.07590800000000414
2.8630499999999373,0.07579666666667084
2.864719999999937,0.07568533333333749
2.866389999999937,0.0755740000000042
2.8680599999999368,0.07546266666667084
2.8697299999999366,0.07535133333333754
2.8713999999999364,0.07524000000000425
2.8730699999999363,0.07512866666667084
2.874739999999936,0.07501733333333754
2.876409999999936,0.07490600000000425
2.878079999999936,0.07479466666667095
2.8797499999999356,0.0746833333333376
2.8814199999999355,0.07457200000000425
2.8830899999999353,0.07446066666667095
2.884759999999935,0.07434933333333765
2.886429999999935,0.0742380000000043
2.888099999999935,0.074126666666671
2.8897699999999347,0.07401533333333765
2.8914399999999345,0.07390400000000436
2.8931099999999343,0.073792666666671
2.894779999999934,0.0736813333333377
2.896449999999934,0.07357000000000441
2.898119999999934,0.073458666666671
2.8997899999999337,0.0733473333333377
2.9014599999999335,0.07323600000000441
2.9031299999999334,0.07312466666667111
2.904799999999933,0.07301333333333776
2.906469999999933,0.07290200000000446
2.908139999999933,0.07279066666667111
2.9098099999999327,0.07267933333333781
2.9114799999999326,0.07256800000000446
2.9131499999999324,0.07245666666667117
2.9148199999999322,0.07234533333333787
2.916489999999932,0.07223400000000452
2.918159999999932,0.07212266666667116
2.9198299999999318,0.07201133333333787
2.9214999999999316,0.07190000000000457
2.9231699999999314,0.07178866666667122
2.9248399999999313,0.07167733333333787
2.926509999999931,0.07156600000000457
2.928179999999931,0.07145466666667127
2.929849999999931,0.07134333333333792
2.9315199999999306,0.07123200000000462
2.9331899999999305,0.07112066666667127
2.9348599999999303,0.07100933333333798
2.93652999999993,0.07089800000000462
2.93819999999993,0.07078666666667133
2.93986999999993,0.07067533333333803
2.9415399999999297,0.07056400000000468
2.9432099999999295,0.07045266666667133
2.9448799999999293,0.07034133333333803
2.946549999999929,0.07023000000000473
2.948219999999929,0.07011866666667138
2.949889999999929,0.07000733333333803
2.9515599999999287,0.06989600000000473
2.9532299999999285,0.06978466666667144
2.9548999999999284,0.06967333333333808
2.956569999999928,0.06956200000000479
2.958239999999928,0.06945066666667143
2.959909999999928,0.06933933333333814
2.9615799999999277,0.06922800000000479
2.9632499999999276,0.06911666666667149
2.9649199999999274,0.06900533333333819
2.9665899999999272,0.06889400000000484
2.968259999999927,0.06878266666667149
2.969929999999927,0.06867133333333819
2.9715999999999267,0.0685600000000049
2.9732699999999266,0.06844866666667154
2.9749399999999264,0.06833733333333819
2.9766099999999263,0.0682260000000049
2.978279999999926,0.0681146666666716
2.979949999999926,0.06800333333333825
2.9816199999999258,0.06789200000000495
2.9832899999999256,0.0677806666666716
2.9849599999999255,0.0676693333333383
2.9866299999999253,0.06755800000000495
2.988299999999925,0.06744666666667165
2.989969999999925,0.06733533333333835
2.991639999999925,0.067224000000005
2.9933099999999246,0.06711266666667165
2.9949799999999245,0.06700133333333835
2.9966499999999243,0.06689000000000506
2.998319999999924,0.0667786666666717
2.999989999999924,0.06666733333333835
3.001659999999924,0.06655600000000506
3.0033299999999237,0.06644466666667176
3.0049999999999235,0.0663333333333384
3.0066699999999233,0.06622200000000511
3.008339999999923,0.06611066666667176
3.010009999999923,0.06599933333333846
3.011679999999923,0.06588800000000511
3.0133499999999227,0.06577666666667181
3.0150199999999225,0.06566533333333852
3.0166899999999224,0.06555400000000516
3.018359999999922,0.06544266666667181
3.020029999999922,0.06533133333333851
3.021699999999922,0.06522000000000522
3.0233699999999217,0.06510866666667187
3.0250399999999216,0.06499733333333851
3.0267099999999214,0.06488600000000522
3.0283799999999212,0.06477466666667192
3.030049999999921,0.06466333333333857
3.031719999999921,0.06455200000000527
3.0333899999999208,0.06444066666667192
3.0350599999999206,0.06432933333333862
3.0367299999999204,0.06421800000000527
3.0383999999999203,0.06410666666667197
3.04006999999992,0.06399533333333868
3.04173999999992,0.06388400000000533
3.04340999999992,0.06377266666667197
3.0450799999999196,0.06366133333333868
3.0467499999999195,0.06355000000000538
3.0484199999999193,0.06343866666667203
3.050089999999919,0.06332733333333868
3.051759999999919,0.06321600000000538
3.053429999999919,0.06310466666667208
3.0550999999999187,0.06299333333333873
3.0567699999999185,0.06288200000000543
3.0584399999999183,0.06277066666667208
3.060109999999918,0.06265933333333878
3.061779999999918,0.06254800000000543
3.063449999999918,0.062436666666672136
3.0651199999999177,0.06232533333333884
3.0667899999999175,0.06221400000000549
3.0684599999999174,0.062102666666672135
3.070129999999917,0.06199133333333884
3.071799999999917,0.06188000000000554
3.073469999999917,0.06176866666667219
3.0751399999999167,0.06165733333333884
3.0768099999999166,0.06154600000000554
3.0784799999999164,0.061434666666672244
3.0801499999999162,0.06132333333333889
3.081819999999916,0.061212000000005595
3.083489999999916,0.06110066666667224
3.0851599999999157,0.060989333333338946
3.0868299999999156,0.060878000000005594
3.0884999999999154,0.0607666666666723
3.0901699999999153,0.060655333333339
3.091839999999915,0.06054400000000565
3.093509999999915,0.0604326666666723
3.0951799999999148,0.060321333333339
3.0968499999999146,0.0602100000000057
3.0985199999999145,0.06009866666667235
3.1001899999999143,0.059987333333339055
3.101859999999914,0.0598760000000057
3.103529999999914,0.059764666666672406
3.105199999999914,0.059653333333339054
3.1068699999999136,0.05954200000000576
3.1085399999999135,0.05943066666667246
3.1102099999999133,0.05931933333333911
3.111879999999913,0.059208000000005756
3.113549999999913,0.05909666666667246
3.115219999999913,0.05898533333333916
3.1168899999999127,0.058874000000005866
3.1185599999999125,0.05876266666667246
3.1202299999999124,0.05865133333333916
3.121899999999912,0.058540000000005865
3.123569999999912,0.05842866666667251
3.125239999999912,0.058317333333339216
3.1269099999999117,0.058206000000005864
3.1285799999999115,0.05809466666667257
3.1302499999999114,0.057983333333339215
3.131919999999911,0.05787200000000592
3.133589999999911,0.05776066666667262
3.135259999999911,0.05764933333333927
3.1369299999999107,0.05753800000000592
3.1385999999999106,0.05742666666667262
3.1402699999999104,0.057315333333339324
3.1419399999999102,0.05720400000000603
3.14360999999991,0.05709266666667262
3.14527999999991,0.056981333333339323
3.1469499999999098,0.05687000000000603
3.1486199999999096,0.056758666666672675
3.1502899999999094,0.05664733333333938
3.1519599999999093,0.056536000000006026
3.153629999999909,0.05642466666667273
3.155299999999909,0.05631333333333938
3.156969999999909,0.05620200000000608
3.1586399999999086,0.056090666666672784
3.1603099999999085,0.05597933333333943
3.1619799999999083,0.05586800000000608
3.163649999999908,0.05575666666667278
3.165319999999908,0.055645333333339486
3.166989999999908,0.05553400000000619
3.1686599999999077,0.05542266666667278
3.1703299999999075,0.055311333333339485
3.1719999999999073,0.05520000000000619
3.173669999999907,0.055088666666672836
3.175339999999907,0.05497733333333954
3.177009999999907,0.05486600000000619
3.1786799999999067,0.05475466666667289
3.1803499999999065,0.05464333333333954
3.1820199999999064,0.05453200000000624
3.183689999999906,0.054420666666672945
3.185359999999906,0.05430933333333959
3.187029999999906,0.05419800000000624
3.1886999999999057,0.054086666666672945
3.1903699999999056,0.05397533333333965
3.1920399999999054,0.05386400000000635
3.1937099999999052,0.053752666666672944
3.195379999999905,0.05364133333333965
3.197049999999905,0.05353000000000635
3.1987199999999048,0.053418666666673
3.2003899999999046,0.0533073333333397
3.2020599999999044,0.05319600000000635
3.2037299999999043,0.05308466666667305
3.205399999999904,0.0529733333333397
3.207069999999904,0.052862000000006404
3.208739999999904,0.05275066666667311
3.2104099999999036,0.052639333333339755
3.2120799999999035,0.0525280000000064
3.2137499999999033,0.052416666666673106
3.215419999999903,0.05230533333333981
3.217089999999903,0.05219400000000651
3.218759999999903,0.052082666666673105
3.2204299999999026,0.05197133333333981
3.2220999999999025,0.05186000000000651
3.2237699999999023,0.05174866666667316
3.225439999999902,0.05163733333333986
3.227109999999902,0.05152600000000651
3.228779999999902,0.051414666666673214
3.2304499999999017,0.05130333333333986
3.2321199999999015,0.051192000000006566
3.2337899999999014,0.05108066666667327
3.235459999999901,0.05096933333333992
3.237129999999901,0.050858000000006565
3.238799999999901,0.05074666666667327
3.2404699999999007,0.05063533333333997
3.2421399999999005,0.050524000000006675
3.2438099999999004,0.05041266666667327
3.2454799999999002,0.05030133333333997
3.2471499999999,0.050190000000006674
3.2488199999999,0.05007866666667332
3.2504899999998997,0.049967333333340025
3.2521599999998996,0.04985600000000667
3.2538299999998994,0.049744666666673376
3.2554999999998993,0.049633333333340024
3.257169999999899,0.04952200000000673
3.258839999999899,0.04941066666667343
3.2605099999998988,0.04929933333334008
3.2621799999998986,0.049188000000006726
3.2638499999998984,0.04907666666667343
3.2655199999998983,0.04896533333334013
3.267189999999898,0.048854000000006836
3.268859999999898,0.04874266666667343
3.270529999999898,0.04863133333334013
3.2721999999998976,0.048520000000006835
3.2738699999998975,0.04840866666667348
3.2755399999998973,0.04829733333334019
3.277209999999897,0.048186000000006834
3.278879999999897,0.04807466666667354
3.280549999999897,0.047963333333340186
3.2822199999998967,0.04785200000000689
3.2838899999998965,0.04774066666667359
3.2855599999998963,0.04762933333334024
3.287229999999896,0.04751800000000689
3.288899999999896,0.04740666666667359
3.290569999999896,0.047295333333340295
3.2922399999998957,0.047184000000007
3.2939099999998955,0.04707266666667359
3.2955799999998954,0.046961333333340294
3.297249999999895,0.046850000000007
3.298919999999895,0.046738666666673645
3.300589999999895,0.04662733333334035
3.3022599999998947,0.046516000000006996
3.3039299999998946,0.0464046666666737
3.3055999999998944,0.04629333333334035
3.3072699999998942,0.04618200000000705
3.308939999999894,0.046070666666673754
3.310609999999894,0.0459593333333404
3.3122799999998938,0.04584800000000705
3.3139499999998936,0.04573666666667375
3.3156199999998934,0.045625333333340456
3.3172899999998933,0.04551400000000716
3.318959999999893,0.04540266666667375
3.320629999999893,0.045291333333340456
3.322299999999893,0.04518000000000716
3.3239699999998926,0.04506866666667381
3.3256399999998925,0.04495733333334051
3.3273099999998923,0.04484600000000716
3.328979999999892,0.04473466666667386
3.330649999999892,0.04462333333334051
3.332319999999892,0.04451200000000721
3.3339899999998917,0.044400666666673916
3.3356599999998915,0.044289333333340564
3.3373299999998913,0.04417800000000721
3.338999999999891,0.044066666666673915
3.340669999999891,0.04395533333334062
3.342339999999891,0.04384400000000732
3.3440099999998907,0.043732666666673914
3.3456799999998905,0.04362133333334062
3.3473499999998904,0.04351000000000732
3.34901999999989,0.04339866666667397
3.35068999999989,0.04328733333334067
3.35235999999989,0.04317600000000732
3.3540299999998897,0.04306466666667402
3.3556999999998895,0.04295333333334067
3.3573699999998894,0.042842000000007374
3.3590399999998892,0.04273066666667408
3.360709999999889,0.042619333333340725
3.362379999999889,0.04250800000000737
3.3640499999998887,0.04239666666667408
3.3657199999998886,0.04228533333334078
3.3673899999998884,0.04217400000000748
3.3690599999998883,0.042062666666674076
3.370729999999888,0.04195133333334078
3.372399999999888,0.04184000000000748
3.3740699999998878,0.04172866666667413
3.3757399999998876,0.041617333333340834
3.3774099999998874,0.04150600000000748
3.3790799999998873,0.041394666666674185
3.380749999999887,0.04128333333334083
3.382419999999887,0.041172000000007536
3.384089999999887,0.04106066666667424
3.3857599999998866,0.04094933333334089
3.3874299999998865,0.040838000000007535
3.3890999999998863,0.04072666666667424
3.390769999999886,0.04061533333334094
3.392439999999886,0.040504000000007645
3.394109999999886,0.04039266666667424
3.3957799999998857,0.04028133333334094
3.3974499999998855,0.040170000000007644
3.3991199999998853,0.04005866666667429
3.400789999999885,0.039947333333340995
3.402459999999885,0.03983600000000764
3.404129999999885,0.039724666666674346
3.4057999999998847,0.039613333333340994
3.4074699999998845,0.0395020000000077
3.4091399999998844,0.0393906666666744
3.410809999999884,0.03927933333334105
3.412479999999884,0.0391680000000077
3.414149999999884,0.0390566666666744
3.4158199999998837,0.0389453333333411
3.4174899999998836,0.03883400000000781
3.4191599999998834,0.0387226666666744
3.4208299999998832,0.0386113333333411
3.422499999999883,0.038500000000007806
3.424169999999883,0.038388666666674454
3.4258399999998828,0.03827733333334116
3.4275099999998826,0.038166000000007805
3.4291799999998824,0.03805466666667451
3.4308499999998823,0.037943333333341156
3.432519999999882,0.03783200000000786
3.434189999999882,0.03772066666667456
3.435859999999882,0.03760933333334121
3.4375299999998816,0.03749800000000786
3.4391999999998815,0.03738666666667456
3.4408699999998813,0.037275333333341265
3.442539999999881,0.03716400000000797
3.444209999999881,0.03705266666667456
3.445879999999881,0.036941333333341264
3.4475499999998807,0.03683000000000797
3.4492199999998805,0.036718666666674615
3.4508899999998803,0.03660733333334132
3.45255999999988,0.036496000000007967
3.45422999999988,0.03638466666667467
3.45589999999988,0.03627333333334132
3.4575699999998797,0.03616200000000802
3.4592399999998795,0.036050666666674724
3.4609099999998794,0.03593933333334132
3.462579999999879,0.03582800000000802
3.464249999999879,0.03571666666667472
3.465919999999879,0.03560533333334143
3.4675899999998787,0.03549400000000813
3.4692599999998786,0.03538266666667472
3.4709299999998784,0.035271333333341426
3.4725999999998782,0.03516000000000813
3.474269999999878,0.03504866666667478
3.475939999999878,0.03493733333334148
3.4776099999998777,0.03482600000000813
3.4792799999998776,0.03471466666667483
3.4809499999998774,0.03460333333334148
3.4826199999998773,0.03449200000000818
3.484289999999877,0.034380666666674886
3.485959999999877,0.03426933333334148
3.4876299999998768,0.03415800000000818
3.4892999999998766,0.034046666666674885
3.4909699999998764,0.03393533333334159
3.4926399999998763,0.03382400000000829
3.494309999999876,0.033712666666674884
3.495979999999876,0.03360133333334159
3.497649999999876,0.03349000000000829
3.4993199999998756,0.03337866666667494
3.5009899999998755,0.033333333333333326
3.5026599999998753,0.033333333333333326
3.504329999999875,0.033333333333333326
3.505999999999875,0.033333333333333326
3.507669999999875,0.033333333333333326
3.5093399999998747,0.033333333333333326
3.5110099999998745,0.03333333333333327
3.5126799999998743,0.033333333333333326
3.514349999999874,0.033333333333333326
3.516019999999874,0.033333333333333326
3.517689999999874,0.03333333333333338
3.5193599999998737,0.033333333333333326
3.5210299999998735,0.033333333333333326
3.5226999999998734,0.033333333333333326
3.524369999999873,0.033333333333333326
3.526039999999873,0.033333333333333326
3.527709999999873,0.033333333333333326
3.5293799999998727,0.033333333333333326
3.5310499999998726,0.033333333333333326
3.5327199999998724,0.033333333333333326
3.5343899999998722,0.033333333333333326
3.536059999999872,0.03333333333333327
3.537729999999872,0.033333333333333326
3.5393999999998718,0.033333333333333326
3.5410699999998716,0.033333333333333326
3.5427399999998714,0.03333333333333338
3.5444099999998713,0.033333333333333326
3.546079999999871,0.033333333333333326
3.547749999999871,0.033333333333333326
3.549419999999871,0.033333333333333326
3.5510899999998706,0.033333333333333326
3.5527599999998705,0.033333333333333326
3.5544299999998703,0.033333333333333326
3.55609999999987,0.033333333333333326
3.55776999999987,0.033333333333333326
3.55943999999987,0.033333333333333326
3.5611099999998697,0.03333333333333327
3.5627799999998695,0.033333333333333326
3.5644499999998693,0.033333333333333326
3.566119999999869,0.033333333333333326
3.567789999999869,0.03333333333333338
3.569459999999869,0.033333333333333326
3.5711299999998687,0.033333333333333326
3.5727999999998685,0.033333333333333326
3.5744699999998684,0.033333333333333326
3.576139999999868,0.033333333333333326
3.577809999999868,0.033333333333333326
3.579479999999868,0.033333333333333326
3.5811499999998677,0.033333333333333326
3.5828199999998676,0.033333333333333326
3.5844899999998674,0.033333333333333326
3.5861599999998672,0.03333333333333327
3.587829999999867,0.033333333333333326
3.589499999999867,0.033333333333333326
3.5911699999998667,0.033333333333333326
3.5928399999998666,0.03333333333333338
3.5945099999998664,0.033333333333333326
3.5961799999998663,0.033333333333333326
3.597849999999866,0.033333333333333326
3.599519999999866,0.033333333333333326
3.6011899999998658,0.033333333333333326
3.6028599999998656,0.033333333333333326
3.6045299999998655,0.033333333333333326
3.6061999999998653,0.033333333333333326
3.607869999999865,0.033333333333333326
3.609539999999865,0.033333333333333326
3.611209999999865,0.03333333333333327
3.6128799999998646,0.033333333333333326
3.6145499999998645,0.033333333333333326
3.6162199999998643,0.033333333333333326
3.617889999999864,0.03333333333333338
3.619559999999864,0.033333333333333326
3.621229999999864,0.033333333333333326
3.6228999999998637,0.033333333333333326
3.6245699999998635,0.033333333333333326
3.6262399999998634,0.033333333333333326
3.627909999999863,0.033333333333333326
3.629579999999863,0.033333333333333326
3.631249999999863,0.033333333333333326
3.6329199999998627,0.033333333333333326
3.6345899999998625,0.033333333333333326
3.6362599999998624,0.03333333333333327
3.637929999999862,0.033333333333333326
3.639599999999862,0.033333333333333326
3.641269999999862,0.033333333333333326
3.6429399999998617,0.03333333333333338
3.6446099999998616,0.033333333333333326
3.6462799999998614,0.033333333333333326
3.6479499999998612,0.033333333333333326
3.649619999999861,0.033333333333333326
3.651289999999861,0.033333333333333326
3.6529599999998608,0.033333333333333326
3.6546299999998606,0.033333333333333326
3.6562999999998604,0.033333333333333326
3.6579699999998603,0.033333333333333326
3.65963999999986,0.033333333333333326
3.66130999999986,0.03333333333333327
3.66297999999986,0.033333333333333326
3.6646499999998596,0.033333333333333326
3.6663199999998595,0.033333333333333326
3.6679899999998593,0.03333333333333338
3.669659999999859,0.033333333333333326
3.671329999999859,0.033333333333333326
3.672999999999859,0.033333333333333326
3.6746699999998587,0.033333333333333326
3.6763399999998585,0.033333333333333326
3.6780099999998583,0.033333333333333326
3.679679999999858,0.033333333333333326
3.681349999999858,0.033333333333333326
3.683019999999858,0.033333333333333326
3.6846899999998577,0.033333333333333326
3.6863599999998575,0.03333333333333327
3.6880299999998574,0.033333333333333326
3.689699999999857,0.033333333333333326
3.691369999999857,0.033333333333333326
3.693039999999857,0.03333333333333338
3.6947099999998567,0.033333333333333326
3.6963799999998566,0.033333333333333326
3.6980499999998564,0.033333333333333326
3.6997199999998562,0.033333333333333326
3.701389999999856,0.033333333333333326
3.703059999999856,0.033333333333333326
3.7047299999998557,0.033333333333333326
3.7063999999998556,0.033333333333333326
3.7080699999998554,0.033333333333333326
3.7097399999998553,0.033333333333333326
3.711409999999855,0.033333333333333326
3.713079999999855,0.033333333333333326
3.714749999999855,0.033333333333333326
3.7164199999998546,0.033333333333333326
3.7180899999998545,0.03333333333333338
3.7197599999998543,0.033333333333333326
3.721429999999854,0.033333333333333326
3.723099999999854,0.033333333333333326
3.724769999999854,0.033333333333333326
3.7264399999998536,0.033333333333333326
3.7281099999998535,0.033333333333333326
3.7297799999998533,0.033333333333333326
3.731449999999853,0.033333333333333326
3.733119999999853,0.033333333333333326
3.734789999999853,0.033333333333333326
3.7364599999998527,0.033333333333333326
3.7381299999998525,0.033333333333333326
3.7397999999998524,0.033333333333333326
3.741469999999852,0.033333333333333326
3.743139999999852,0.033333333333333326
3.744809999999852,0.033333333333333326
3.7464799999998517,0.033333333333333326
3.7481499999998515,0.033333333333333326
3.7498199999998514,0.033333333333333326
3.751489999999851,0.033333333333333326
3.753159999999851,0.033333333333333326
3.754829999999851,0.033333333333333326
3.7564999999998507,0.033333333333333326
3.7581699999998506,0.033333333333333326
3.7598399999998504,0.033333333333333326
3.7615099999998503,0.033333333333333326
3.76317999999985,0.033333333333333326
3.76484999999985,0.033333333333333326
3.7665199999998498,0.033333333333333326
3.7681899999998496,0.033333333333333326
3.7698599999998494,0.033333333333333326
3.7715299999998493,0.033333333333333326
3.773199999999849,0.033333333333333326
3.774869999999849,0.033333333333333326
3.776539999999849,0.033333333333333326
3.7782099999998486,0.033333333333333326
3.7798799999998485,0.033333333333333326
3.7815499999998483,0.033333333333333326
3.783219999999848,0.033333333333333326
3.784889999999848,0.033333333333333326
3.786559999999848,0.033333333333333326
3.7882299999998477,0.033333333333333326
3.7898999999998475,0.033333333333333326
3.7915699999998473,0.033333333333333326
3.793239999999847,0.033333333333333326
3.794909999999847,0.033333333333333326
3.796579999999847,0.033333333333333326
3.7982499999998467,0.033333333333333326
3.7999199999998465,0.033333333333333326
3.8015899999998464,0.033333333333333326
3.803259999999846,0.033333333333333326
3.804929999999846,0.033333333333333326
3.806599999999846,0.033333333333333326
3.8082699999998457,0.033333333333333326
3.8099399999998456,0.033333333333333326
3.8116099999998454,0.033333333333333326
3.8132799999998452,0.033333333333333326
3.814949999999845,0.033333333333333326
3.816619999999845,0.033333333333333326
3.8182899999998448,0.033333333333333326
3.8199599999998446,0.033333333333333326
3.8216299999998444,0.033333333333333326
3.8232999999998443,0.033333333333333326
3.824969999999844,0.033333333333333326
3.826639999999844,0.033333333333333326
3.828309999999844,0.033333333333333326
3.8299799999998436,0.033333333333333326
3.8316499999998435,0.033333333333333326
3.8333199999998433,0.033333333333333326
3.834989999999843,0.033333333333333326
3.836659999999843,0.033333333333333326
3.838329999999843,0.033333333333333326
3.8399999999998427,0.033333333333333326
3.8416699999998425,0.033333333333333326
3.8433399999998423,0.033333333333333326
3.845009999999842,0.033333333333333326
3.846679999999842,0.033333333333333326
3.848349999999842,0.033333333333333326
3.8500199999998417,0.033333333333333326
3.8516899999998415,0.033333333333333326
3.8533599999998414,0.033333333333333326
3.855029999999841,0.033333333333333326
3.856699999999841,0.033333333333333326
3.858369999999841,0.033333333333333326
3.8600399999998407,0.033333333333333326
3.8617099999998405,0.033333333333333326
3.8633799999998404,0.033333333333333326
3.8650499999998402,0.033333333333333326
3.86671999999984,0.033333333333333326
3.86838999999984,0.033333333333333326
3.8700599999998397,0.033333333333333326
3.8717299999998396,0.033333333333333326
3.8733999999998394,0.033333333333333326
3.8750699999998393,0.033333333333333326
3.876739999999839,0.033333333333333326
3.878409999999839,0.033333333333333326
3.8800799999998388,0.033333333333333326
3.8817499999998386,0.033333333333333326
3.8834199999998384,0.033333333333333326
3.8850899999998383,0.033333333333333326
3.886759999999838,0.033333333333333326
3.888429999999838,0.033333333333333326
3.890099999999838,0.033333333333333326
3.8917699999998376,0.033333333333333326
3.8934399999998375,0.033333333333333326
3.8951099999998373,0.033333333333333326
3.896779999999837,0.033333333333333326
3.898449999999837,0.033333333333333326
3.900119999999837,0.033333333333333326
3.9017899999998367,0.033333333333333326
3.9034599999998365,0.033333333333333326
3.9051299999998363,0.033333333333333326
3.906799999999836,0.033333333333333326
3.908469999999836,0.033333333333333326
3.910139999999836,0.033333333333333326
3.9118099999998357,0.033333333333333326
3.9134799999998355,0.033333333333333326
3.9151499999998354,0.033333333333333326
3.916819999999835,0.033333333333333326
3.918489999999835,0.033333333333333326
3.920159999999835,0.033333333333333326
3.9218299999998347,0.033333333333333326
3.9234999999998346,0.033333333333333326
3.9251699999998344,0.033333333333333326
3.9268399999998342,0.033333333333333326
3.928509999999834,0.033333333333333326
3.930179999999834,0.033333333333333326
3.9318499999998338,0.033333333333333326
3.9335199999998336,0.033333333333333326
3.9351899999998334,0.033333333333333326
3.9368599999998333,0.033333333333333326
3.938529999999833,0.033333333333333326
3.940199999999833,0.033333333333333326
3.941869999999833,0.033333333333333326
3.9435399999998326,0.033333333333333326
3.9452099999998325,0.033333333333333326
3.9468799999998323,0.033333333333333326
3.948549999999832,0.033333333333333326
3.950219999999832,0.033333333333333326
3.951889999999832,0.033333333333333326
3.9535599999998317,0.033333333333333326
3.9552299999998315,0.033333333333333326
3.9568999999998313,0.033333333333333326
3.958569999999831,0.033333333333333326
3.960239999999831,0.033333333333333326
3.961909999999831,0.033333333333333326
3.9635799999998307,0.033333333333333326
3.9652499999998305,0.033333333333333326
3.9669199999998304,0.033333333333333326
3.96858999999983,0.033333333333333326
3.97025999999983,0.033333333333333326
3.97192999999983,0.033333333333333326
3.9735999999998297,0.033333333333333326
3.9752699999998296,0.033333333333333326
3.9769399999998294,0.033333333333333326
3.9786099999998292,0.033333333333333326
3.980279999999829,0.033333333333333326
3.981949999999829,0.033333333333333326
3.9836199999998287,0.033333333333333326
3.9852899999998286,0.033333333333333326
3.9869599999998284,0.033333333333333326
3.9886299999998283,0.033333333333333326
3.990299999999828,0.033333333333333326
3.991969999999828,0.033333333333333326
3.9936399999998278,0.033333333333333326
3.9953099999998276,0.033333333333333326
3.9969799999998274,0.033333333333333326
3.9986499999998273,0.033333333333333326
4.000319999999827,0.033333333333333326
4.001989999999827,0.033333333333333326
4.003659999999827,0.033333333333333326
4.005329999999827,0.033333333333333326
4.0069999999998265,0.033333333333333326
4.008669999999826,0.033333333333333326
4.010339999999826,0.033333333333333326
4.012009999999826,0.033333333333333326
4.013679999999826,0.033333333333333326
4.015349999999826,0.033333333333333326
4.0170199999998255,0.033333333333333326
4.018689999999825,0.033333333333333326
4.020359999999825,0.033333333333333326
4.022029999999825,0.033333333333333326
4.023699999999825,0.033333333333333326
4.025369999999825,0.033333333333333326
4.0270399999998245,0.033333333333333326
4.028709999999824,0.033333333333333326
4.030379999999824,0.033333333333333326
4.032049999999824,0.033333333333333326
4.033719999999824,0.033333333333333326
4.035389999999824,0.033333333333333326
4.037059999999824,0.033333333333333326
4.038729999999823,0.033333333333333326
4.040399999999823,0.033333333333333326
4.042069999999823,0.033333333333333326
4.043739999999823,0.033333333333333326
4.045409999999823,0.033333333333333326
4.047079999999823,0.033333333333333326
4.048749999999822,0.033333333333333326
4.050419999999822,0.033333333333333326
4.052089999999822,0.033333333333333326
4.053759999999822,0.033333333333333326
4.055429999999822,0.033333333333333326
4.057099999999822,0.033333333333333326
4.0587699999998215,0.033333333333333326
4.060439999999821,0.033333333333333326
4.062109999999821,0.033333333333333326
4.063779999999821,0.033333333333333326
4.065449999999821,0.033333333333333326
4.067119999999821,0.033333333333333326
4.0687899999998205,0.033333333333333326
4.07045999999982,0.033333333333333326
4.07212999999982,0.033333333333333326
4.07379999999982,0.033333333333333326
4.07546999999982,0.033333333333333326
4.07713999999982,0.033333333333333326
4.0788099999998195,0.033333333333333326
4.080479999999819,0.033333333333333326
4.082149999999819,0.033333333333333326
4.083819999999819,0.033333333333333326
4.085489999999819,0.033333333333333326
4.087159999999819,0.033333333333333326
4.0888299999998186,0.033333333333333326
4.090499999999818,0.033333333333333326
4.092169999999818,0.033333333333333326
4.093839999999818,0.033333333333333326
4.095509999999818,0.033333333333333326
4.097179999999818,0.033333333333333326
4.098849999999818,0.033333333333333326
4.100519999999817,0.033333333333333326
4.102189999999817,0.033333333333333326
4.103859999999817,0.033333333333333326
4.105529999999817,0.033333333333333326
4.107199999999817,0.033333333333333326
4.108869999999817,0.033333333333333326
4.1105399999998165,0.033333333333333326
4.112209999999816,0.033333333333333326
4.113879999999816,0.033333333333333326
4.115549999999816,0.033333333333333326
4.117219999999816,0.033333333333333326
4.118889999999816,0.033333333333333326
4.1205599999998155,0.033333333333333326
4.122229999999815,0.033333333333333326
4.123899999999815,0.033333333333333326
4.125569999999815,0.033333333333333326
4.127239999999815,0.033333333333333326
4.128909999999815,0.033333333333333326
4.1305799999998145,0.033333333333333326
4.132249999999814,0.033333333333333326
4.133919999999814,0.033333333333333326
4.135589999999814,0.033333333333333326
4.137259999999814,0.033333333333333326
4.138929999999814,0.033333333333333326
4.1405999999998135,0.033333333333333326
4.142269999999813,0.033333333333333326
4.143939999999813,0.033333333333333326
4.145609999999813,0.033333333333333326
4.147279999999813,0.033333333333333326
4.148949999999813,0.033333333333333326
4.150619999999813,0.033333333333333326
4.152289999999812,0.033333333333333326
4.153959999999812,0.033333333333333326
4.155629999999812,0.033333333333333326
4.157299999999812,0.033333333333333326
4.158969999999812,0.033333333333333326
4.160639999999812,0.033333333333333326
4.162309999999811,0.033333333333333326
4.163979999999811,0.033333333333333326
4.165649999999811,0.033333333333333326
4.167319999999811,0.033333333333333326
4.168989999999811,0.033333333333333326
4.170659999999811,0.033333333333333326
4.1723299999998105,0.033333333333333326
4.17399999999981,0.033333333333333326
4.17566999999981,0.033333333333333326
4.17733999999981,0.033333333333333326
4.17900999999981,0.033333333333333326
4.18067999999981,0.033333333333333326
4.1823499999998095,0.033333333333333326
4.184019999999809,0.033333333333333326
4.185689999999809,0.033333333333333326
4.187359999999809,0.033333333333333326
4.189029999999809,0.033333333333333326
4.190699999999809,0.033333333333333326
4.1923699999998085,0.033333333333333326
4.194039999999808,0.033333333333333326
4.195709999999808,0.033333333333333326
4.197379999999808,0.033333333333333326
4.199049999999808,0.033333333333333326
4.200719999999808,0.033333333333333326
4.202389999999808,0.033333333333333326
4.204059999999807,0.033333333333333326
4.205729999999807,0.033333333333333326
4.207399999999807,0.033333333333333326
4.209069999999807,0.033333333333333326
4.210739999999807,0.033333333333333326
4.212409999999807,0.033333333333333326
4.214079999999806,0.033333333333333326
4.215749999999806,0.033333333333333326
4.217419999999806,0.033333333333333326
4.219089999999806,0.033333333333333326
4.220759999999806,0.033333333333333326
4.222429999999806,0.033333333333333326
4.2240999999998055,0.033333333333333326
4.225769999999805,0.033333333333333326
4.227439999999805,0.033333333333333326
4.229109999999805,0.033333333333333326
4.230779999999805,0.033333333333333326
4.232449999999805,0.033333333333333326
4.2341199999998045,0.033333333333333326
4.235789999999804,0.033333333333333326
4.237459999999804,0.033333333333333326
4.239129999999804,0.033333333333333326
4.240799999999804,0.033333333333333326
4.242469999999804,0.033333333333333326
4.2441399999998035,0.033333333333333326
4.245809999999803,0.033333333333333326
4.247479999999803,0.033333333333333326
4.249149999999803,0.033333333333333326
4.250819999999803,0.033333333333333326
4.252489999999803,0.033333333333333326
4.2541599999998025,0.033333333333333326
4.255829999999802,0.033333333333333326
4.257499999999802,0.033333333333333326
4.259169999999802,0.033333333333333326
4.260839999999802,0.033333333333333326
4.262509999999802,0.033333333333333326
4.264179999999802,0.033333333333333326
4.265849999999801,0.033333333333333326
4.267519999999801,0.033333333333333326
4.269189999999801,0.033333333333333326
4.270859999999801,0.033333333333333326
4.272529999999801,0.033333333333333326
4.274199999999801,0.033333333333333326
4.2758699999998,0.033333333333333326
4.2775399999998,0.033333333333333326
4.2792099999998,0.033333333333333326
4.2808799999998,0.033333333333333326
4.2825499999998,0.033333333333333326
4.2842199999998,0.033333333333333326
4.2858899999997995,0.033333333333333326
4.287559999999799,0.033333333333333326
4.289229999999799,0.033333333333333326
4.290899999999799,0.033333333333333326
4.292569999999799,0.033333333333333326
4.294239999999799,0.033333333333333326
4.2959099999997985,0.033333333333333326
4.297579999999798,0.033333333333333326
4.299249999999798,0.03333333333333327
4.300919999999798,0.033333333333333326
4.302589999999798,0.033333333333333326
4.304259999999798,0.033333333333333326
4.3059299999997975,0.033333333333333326
4.307599999999797,0.033333333333333326
4.309269999999797,0.033333333333333326
4.310939999999797,0.033333333333333326
4.312609999999797,0.033333333333333326
4.314279999999797,0.033333333333333326
4.315949999999797,0.033333333333333326
4.317619999999796,0.033333333333333326
4.319289999999796,0.033333333333333326
4.320959999999796,0.033333333333333326
4.322629999999796,0.033333333333333326
4.324299999999796,0.03333333333333327
4.325969999999796,0.033333333333333326
4.327639999999795,0.033333333333333326
4.329309999999795,0.033333333333333326
4.330979999999795,0.033333333333333326
4.332649999999795,0.033333333333333326
4.334319999999795,0.033333333333333326
4.335989999999795,0.033333333333333326
4.3376599999997945,0.033333333333333326
4.339329999999794,0.033333333333333326
4.340999999999794,0.033333333333333326
4.342669999999794,0.033333333333333326
4.344339999999794,0.033333333333333326
4.346009999999794,0.033333333333333326
4.3476799999997935,0.033333333333333326
4.349349999999793,0.03333333333333327
4.351019999999793,0.033333333333333326
4.352689999999793,0.033333333333333326
4.354359999999793,0.033333333333333326
4.356029999999793,0.033333333333333326
4.3576999999997925,0.033333333333333326
4.359369999999792,0.033333333333333326
4.361039999999792,0.033333333333333326
4.362709999999792,0.033333333333333326
4.364379999999792,0.033333333333333326
4.366049999999792,0.033333333333333326
4.3677199999997915,0.033333333333333326
4.369389999999791,0.033333333333333326
4.371059999999791,0.033333333333333326
4.372729999999791,0.033333333333333326
4.374399999999791,0.03333333333333327
4.376069999999791,0.033333333333333326
4.377739999999791,0.033333333333333326
4.37940999999979,0.033333333333333326
4.38107999999979,0.033333333333333326
4.38274999999979,0.033333333333333326
4.38441999999979,0.033333333333333326
4.38608999999979,0.033333333333333326
4.38775999999979,0.033333333333333326
4.3894299999997894,0.033333333333333326
4.391099999999789,0.033333333333333326
4.392769999999789,0.033333333333333326
4.394439999999789,0.033333333333333326
4.396109999999789,0.033333333333333326
4.397779999999789,0.033333333333333326
4.3994499999997885,0.03333333333333327
4.401119999999788,0.033333333333333326
4.402789999999788,0.033333333333333326
4.404459999999788,0.033333333333333326
4.406129999999788,0.033333333333333326
4.407799999999788,0.033333333333333326
4.4094699999997875,0.033333333333333326
4.411139999999787,0.033333333333333326
4.412809999999787,0.033333333333333326
4.414479999999787,0.033333333333333326
4.416149999999787,0.033333333333333326
4.417819999999787,0.033333333333333326
4.4194899999997865,0.033333333333333326
4.421159999999786,0.033333333333333326
4.422829999999786,0.033333333333333326
4.424499999999786,0.03333333333333327
4.426169999999786,0.033333333333333326
4.427839999999786,0.033333333333333326
4.429509999999786,0.033333333333333326
4.431179999999785,0.033333333333333326
4.432849999999785,0.033333333333333326
4.434519999999785,0.033333333333333326
4.436189999999785,0.033333333333333326
4.437859999999785,0.033333333333333326
4.439529999999785,0.033333333333333326
4.441199999999784,0.033333333333333326
4.442869999999784,0.033333333333333326
4.444539999999784,0.033333333333333326
4.446209999999784,0.033333333333333326
4.447879999999784,0.033333333333333326
4.449549999999784,0.033333333333333326
4.4512199999997835,0.033333333333333326
4.452889999999783,0.033333333333333326
4.454559999999783,0.033333333333333326
4.456229999999783,0.033333333333333326
4.457899999999783,0.033333333333333326
4.459569999999783,0.033333333333333326
4.4612399999997825,0.033333333333333326
4.462909999999782,0.033333333333333326
4.464579999999782,0.033333333333333326
4.466249999999782,0.033333333333333326
4.467919999999782,0.033333333333333326
4.469589999999782,0.033333333333333326
4.4712599999997815,0.033333333333333326
4.472929999999781,0.033333333333333326
4.474599999999781,0.033333333333333326
4.476269999999781,0.033333333333333326
4.477939999999781,0.033333333333333326
4.479609999999781,0.033333333333333326
4.4812799999997806,0.033333333333333326
4.48294999999978,0.033333333333333326
4.48461999999978,0.033333333333333326
4.48628999999978,0.033333333333333326
4.48795999999978,0.033333333333333326
4.48962999999978,0.033333333333333326
4.49129999999978,0.033333333333333326
4.492969999999779,0.033333333333333326
4.494639999999779,0.033333333333333326
4.496309999999779,0.033333333333333326
4.497979999999779,0.033333333333333326
4.499649999999779,0.033333333333333326
4.501319999999779,0.033333333333333326
4.5029899999997784,0.033333333333333326
4.504659999999778,0.033333333333333326
4.506329999999778,0.033333333333333326
4.507999999999778,0.033333333333333326
4.509669999999778,0.033333333333333326
4.511339999999778,0.033333333333333326
4.5130099999997775,0.033333333333333326
4.514679999999777,0.033333333333333326
4.516349999999777,0.033333333333333326
4.518019999999777,0.033333333333333326
4.519689999999777,0.033333333333333326
4.521359999999777,0.033333333333333326
4.5230299999997765,0.033333333333333326
4.524699999999776,0.033333333333333326
4.526369999999776,0.033333333333333326
4.528039999999776,0.033333333333333326
4.529709999999776,0.033333333333333326
4.531379999999776,0.033333333333333326
4.5330499999997755,0.033333333333333326
4.534719999999775,0.033333333333333326
4.536389999999775,0.033333333333333326
4.538059999999775,0.033333333333333326
4.539729999999775,0.033333333333333326
4.541399999999775,0.033333333333333326
4.543069999999775,0.033333333333333326
4.544739999999774,0.033333333333333326
4.546409999999774,0.033333333333333326
4.548079999999774,0.033333333333333326
4.549749999999774,0.033333333333333326
4.551419999999774,0.033333333333333326
4.553089999999774,0.033333333333333326
4.554759999999773,0.033333333333333326
4.556429999999773,0.033333333333333326
4.558099999999773,0.033333333333333326
4.559769999999773,0.033333333333333326
4.561439999999773,0.033333333333333326
4.563109999999773,0.033333333333333326
4.5647799999997725,0.033333333333333326
4.566449999999772,0.033333333333333326
4.568119999999772,0.033333333333333326
4.569789999999772,0.033333333333333326
4.571459999999772,0.033333333333333326
4.573129999999772,0.033333333333333326
4.5747999999997715,0.033333333333333326
4.576469999999771,0.033333333333333326
4.578139999999771,0.033333333333333326
4.579809999999771,0.033333333333333326
4.581479999999771,0.033333333333333326
4.583149999999771,0.033333333333333326
4.5848199999997705,0.033333333333333326
4.58648999999977,0.033333333333333326
4.58815999999977,0.033333333333333326
4.58982999999977,0.033333333333333326
4.59149999999977,0.033333333333333326
4.59316999999977,0.033333333333333326
4.5948399999997696,0.033333333333333326
4.596509999999769,0.033333333333333326
4.598179999999769,0.033333333333333326
4.599849999999769,0.033333333333333326
4.601519999999769,0.033333333333333326
4.603189999999769,0.033333333333333326
4.604859999999769,0.033333333333333326
4.606529999999768,0.033333333333333326
4.608199999999768,0.033333333333333326
4.609869999999768,0.033333333333333326
4.611539999999768,0.033333333333333326
4.613209999999768,0.033333333333333326
4.614879999999768,0.033333333333333326
4.6165499999997675,0.033333333333333326
4.618219999999767,0.033333333333333326
4.619889999999767,0.033333333333333326
4.621559999999767,0.033333333333333326
4.623229999999767,0.033333333333333326
4.624899999999767,0.033333333333333326
4.6265699999997665,0.033333333333333326
4.628239999999766,0.033333333333333326
4.629909999999766,0.033333333333333326
4.631579999999766,0.033333333333333326
4.633249999999766,0.033333333333333326
4.634919999999766,0.033333333333333326
4.6365899999997655,0.033333333333333326
4.638259999999765,0.033333333333333326
4.639929999999765,0.033333333333333326
4.641599999999765,0.033333333333333326
4.643269999999765,0.033333333333333326
4.644939999999765,0.033333333333333326
4.6466099999997645,0.033333333333333326
4.648279999999764,0.033333333333333326
4.649949999999764,0.033333333333333326
4.651619999999764,0.033333333333333326
4.653289999999764,0.033333333333333326
4.654959999999764,0.033333333333333326
4.656629999999764,0.033333333333333326
4.658299999999763,0.033333333333333326
4.659969999999763,0.033333333333333326
4.661639999999763,0.033333333333333326
4.663309999999763,0.033333333333333326
4.664979999999763,0.033333333333333326
4.666649999999763,0.033333333333333326
4.668319999999762,0.033333333333333326
4.669989999999762,0.033333333333333326
4.671659999999762,0.033333333333333326
4.673329999999762,0.033333333333333326
4.674999999999762,0.033333333333333326
4.676669999999762,0.033333333333333326
4.6783399999997615,0.033333333333333326
4.680009999999761,0.033333333333333326
4.681679999999761,0.033333333333333326
4.683349999999761,0.033333333333333326
4.685019999999761,0.033333333333333326
4.686689999999761,0.033333333333333326
4.6883599999997605,0.033333333333333326
4.69002999999976,0.033333333333333326
4.69169999999976,0.033333333333333326
4.69336999999976,0.033333333333333326
4.69503999999976,0.033333333333333326
4.69670999999976,0.033333333333333326
4.6983799999997595,0.033333333333333326
4.700049999999759,0.033333333333333326
4.701719999999759,0.033333333333333326
4.703389999999759,0.033333333333333326
4.705059999999759,0.033333333333333326
4.706729999999759,0.033333333333333326
4.708399999999759,0.033333333333333326
4.710069999999758,0.033333333333333326
4.711739999999758,0.033333333333333326
4.713409999999758,0.033333333333333326
4.715079999999758,0.033333333333333326
4.716749999999758,0.033333333333333326
4.718419999999758,0.033333333333333326
4.720089999999757,0.033333333333333326
4.721759999999757,0.033333333333333326
4.723429999999757,0.033333333333333326
4.725099999999757,0.033333333333333326
4.726769999999757,0.033333333333333326
4.728439999999757,0.033333333333333326
4.7301099999997565,0.033333333333333326
4.731779999999756,0.03333333333333338
4.733449999999756,0.033333333333333326
4.735119999999756,0.033333333333333326
4.736789999999756,0.033333333333333326
4.738459999999756,0.033333333333333326
4.7401299999997555,0.033333333333333326
4.741799999999755,0.033333333333333326
4.743469999999755,0.033333333333333326
4.745139999999755,0.033333333333333326
4.746809999999755,0.033333333333333326
4.748479999999755,0.033333333333333326
4.7501499999997545,0.033333333333333326
4.751819999999754,0.033333333333333326
4.753489999999754,0.033333333333333326
4.755159999999754,0.033333333333333326
4.756829999999754,0.03333333333333338
4.758499999999754,0.033333333333333326
4.7601699999997535,0.033333333333333326
4.761839999999753,0.033333333333333326
4.763509999999753,0.033333333333333326
4.765179999999753,0.033333333333333326
4.766849999999753,0.033333333333333326
4.768519999999753,0.033333333333333326
4.770189999999753,0.033333333333333326
4.771859999999752,0.033333333333333326
4.773529999999752,0.033333333333333326
4.775199999999752,0.033333333333333326
4.776869999999752,0.033333333333333326
4.778539999999752,0.033333333333333326
4.780209999999752,0.033333333333333326
4.781879999999751,0.03333333333333338
4.783549999999751,0.033333333333333326
4.785219999999751,0.033333333333333326
4.786889999999751,0.033333333333333326
4.788559999999751,0.033333333333333326
4.790229999999751,0.033333333333333326
4.7918999999997505,0.033333333333333326
4.79356999999975,0.033333333333333326
4.79523999999975,0.033333333333333326
4.79690999999975,0.033333333333333326
4.79857999999975,0.033333333333333326
4.80024999999975,0.033333333333333326
4.8019199999997495,0.033333333333333326
4.803589999999749,0.033333333333333326
4.805259999999749,0.033333333333333326
4.806929999999749,0.03333333333333338
4.808599999999749,0.033333333333333326
4.810269999999749,0.033333333333333326
4.8119399999997485,0.033333333333333326
4.813609999999748,0.033333333333333326
4.815279999999748,0.033333333333333326
4.816949999999748,0.033333333333333326
4.818619999999748,0.033333333333333326
4.820289999999748,0.033333333333333326
4.821959999999748,0.033333333333333326
4.823629999999747,0.033333333333333326
4.825299999999747,0.033333333333333326
4.826969999999747,0.033333333333333326
4.828639999999747,0.033333333333333326
4.830309999999747,0.033333333333333326
4.831979999999747,0.03333333333333338
4.833649999999746,0.033333333333333326
4.835319999999746,0.033333333333333326
4.836989999999746,0.03333333333333327
4.838659999999746,0.033333333333333326
4.840329999999746,0.033333333333333326
4.841999999999746,0.033333333333333326
4.8436699999997455,0.033333333333333326
4.845339999999745,0.033333333333333326
4.847009999999745,0.033333333333333326
4.848679999999745,0.033333333333333326
4.850349999999745,0.033333333333333326
4.852019999999745,0.033333333333333326
4.8536899999997445,0.033333333333333326
4.855359999999744,0.033333333333333326
4.857029999999744,0.03333333333333338
4.858699999999744,0.033333333333333326
4.860369999999744,0.033333333333333326
4.862039999999744,0.03333333333333327
4.8637099999997435,0.033333333333333326
4.865379999999743,0.033333333333333326
4.867049999999743,0.033333333333333326
4.868719999999743,0.033333333333333326
4.870389999999743,0.033333333333333326
4.872059999999743,0.033333333333333326
4.8737299999997425,0.033333333333333326
4.875399999999742,0.033333333333333326
4.877069999999742,0.033333333333333326
4.878739999999742,0.033333333333333326
4.880409999999742,0.033333333333333326
4.882079999999742,0.03333333333333338
4.883749999999742,0.033333333333333326
4.885419999999741,0.033333333333333326
4.887089999999741,0.03333333333333327
4.888759999999741,0.033333333333333326
4.890429999999741,0.033333333333333326
4.892099999999741,0.033333333333333326
4.893769999999741,0.033333333333333326
4.89543999999974,0.033333333333333326
4.89710999999974,0.033333333333333326
4.89877999999974,0.033333333333333326
4.90044999999974,0.033333333333333326
4.90211999999974,0.033333333333333326
4.90378999999974,0.033333333333333326
4.9054599999997395,0.033333333333333326
4.907129999999739,0.03333333333333338
4.908799999999739,0.033333333333333326
4.910469999999739,0.033333333333333326
4.912139999999739,0.03333333333333327
4.913809999999739,0.033333333333333326
4.9154799999997385,0.033333333333333326
4.917149999999738,0.033333333333333326
4.918819999999738,0.033333333333333326
4.920489999999738,0.033333333333333326
4.922159999999738,0.033333333333333326
4.923829999999738,0.033333333333333326
4.9254999999997375,0.033333333333333326
4.927169999999737,0.033333333333333326
4.928839999999737,0.033333333333333326
4.930509999999737,0.033333333333333326
4.932179999999737,0.03333333333333338
4.933849999999737,0.033333333333333326
4.935519999999737,0.033333333333333326
4.937189999999736,0.03333333333333327
4.938859999999736,0.033333333333333326
4.940529999999736,0.033333333333333326
4.942199999999736,0.033333333333333326
4.943869999999736,0.033333333333333326
4.945539999999736,0.033333333333333326
4.947209999999735,0.033333333333333326
4.948879999999735,0.033333333333333326
4.950549999999735,0.033333333333333326
4.952219999999735,0.033333333333333326
4.953889999999735,0.033333333333333326
4.955559999999735,0.033333333333333326
4.9572299999997345,0.03333333333333338
4.958899999999734,0.033333333333333326
4.960569999999734,0.033333333333333326
4.962239999999734,0.03333333333333327
4.963909999999734,0.033333333333333326
4.965579999999734,0.033333333333333326
4.9672499999997335,0.033333333333333326
4.968919999999733,0.033333333333333326
4.970589999999733,0.033333333333333326
4.972259999999733,0.033333333333333326
4.973929999999733,0.033333333333333326
4.975599999999733,0.033333333333333326
4.9772699999997325,0.033333333333333326
4.978939999999732,0.033333333333333326
4.980609999999732,0.033333333333333326
4.982279999999732,0.03333333333333338
4.983949999999732,0.033333333333333326
4.985619999999732,0.033333333333333326
4.9872899999997315,0.03333333333333327
4.988959999999731,0.033333333333333326
4.990629999999731,0.033333333333333326
4.992299999999731,0.033333333333333326
4.993969999999731,0.033333333333333326
4.995639999999731,0.033333333333333326
4.997309999999731,0.033333333333333326
4.99897999999973,0.033333333333333326
5.00064999999973,0.033333333333333326
5.00231999999973,0.033333333333333326
5.00398999999973,0.033333333333333326
5.00565999999973,0.033333333333333326
5.00732999999973,0.03333333333333338
5.0089999999997294,0.033333333333333326
5.010669999999729,0.033333333333333326
5.012339999999729,0.03333333333333327
5.014009999999729,0.033333333333333326
5.015679999999729,0.033333333333333326
5.017349999999729,0.033333333333333326
5.0190199999997285,0.033333333333333326
5.020689999999728,0.033333333333333326
5.022359999999728,0.033333333333333326
5.024029999999728,0.033333333333333326
5.025699999999728,0.033333333333333326
5.027369999999728,0.033333333333333326
5.0290399999997275,0.033333333333333326
5.030709999999727,0.033333333333333326
5.032379999999727,0.03333333333333338
5.034049999999727,0.033333333333333326
5.035719999999727,0.033333333333333326
5.037389999999727,0.03333333333333327
5.0390599999997265,0.033333333333333326
5.040729999999726,0.033333333333333326
5.042399999999726,0.033333333333333326
5.044069999999726,0.033333333333333326
5.045739999999726,0.033333333333333326
5.047409999999726,0.033333333333333326
5.049079999999726,0.033333333333333326
5.050749999999725,0.033333333333333326
5.052419999999725,0.033333333333333326
5.054089999999725,0.033333333333333326
5.055759999999725,0.033333333333333326
5.057429999999725,0.03333333333333338
5.059099999999725,0.033333333333333326
5.060769999999724,0.033333333333333326
5.062439999999724,0.03333333333333327
5.064109999999724,0.033333333333333326
5.065779999999724,0.033333333333333326
5.067449999999724,0.033333333333333326
5.069119999999724,0.033333333333333326
5.0707899999997235,0.033333333333333326
5.072459999999723,0.033333333333333326
5.074129999999723,0.033333333333333326
5.075799999999723,0.033333333333333326
5.077469999999723,0.033333333333333326
5.079139999999723,0.033333333333333326
5.0808099999997225,0.033333333333333326
5.082479999999722,0.03333333333333338
5.084149999999722,0.033333333333333326
5.085819999999722,0.033333333333333326
5.087489999999722,0.03333333333333327
5.089159999999722,0.033333333333333326
5.0908299999997215,0.033333333333333326
5.092499999999721,0.033333333333333326
5.094169999999721,0.033333333333333326
5.095839999999721,0.033333333333333326
5.097509999999721,0.033333333333333326
5.099179999999721,0.033333333333333326
5.1008499999997206,0.033333333333333326
5.10251999999972,0.033333333333333326
5.10418999999972,0.033333333333333326
5.10585999999972,0.033333333333333326
5.10752999999972,0.03333333333333338
5.10919999999972,0.033333333333333326
5.11086999999972,0.033333333333333326
5.112539999999719,0.03333333333333327
5.114209999999719,0.033333333333333326
5.115879999999719,0.033333333333333326
5.117549999999719,0.033333333333333326
5.119219999999719,0.033333333333333326
5.120889999999719,0.033333333333333326
5.1225599999997184,0.033333333333333326
5.124229999999718,0.033333333333333326
5.125899999999718,0.033333333333333326
5.127569999999718,0.033333333333333326
5.129239999999718,0.033333333333333326
5.130909999999718,0.033333333333333326
5.1325799999997175,0.03333333333333338
5.134249999999717,0.033333333333333326
5.135919999999717,0.033333333333333326
5.137589999999717,0.03333333333333327
5.139259999999717,0.033333333333333326
5.140929999999717,0.033333333333333326
5.1425999999997165,0.033333333333333326
5.144269999999716,0.033333333333333326
5.145939999999716,0.033333333333333326
5.147609999999716,0.033333333333333326
5.149279999999716,0.033333333333333326
5.150949999999716,0.033333333333333326
5.1526199999997155,0.033333333333333326
5.154289999999715,0.033333333333333326
5.155959999999715,0.033333333333333326
5.157629999999715,0.03333333333333338
5.159299999999715,0.033333333333333326
5.160969999999715,0.033333333333333326
5.162639999999715,0.03333333333333327
5.164309999999714,0.033333333333333326
5.165979999999714,0.033333333333333326
5.167649999999714,0.033333333333333326
5.169319999999714,0.033333333333333326
5.170989999999714,0.033333333333333326
5.172659999999714,0.033333333333333326
5.174329999999713,0.033333333333333326
5.175999999999713,0.033333333333333326
5.177669999999713,0.033333333333333326
5.179339999999713,0.033333333333333326
5.181009999999713,0.033333333333333326
5.182679999999713,0.03333333333333338
5.1843499999997125,0.033333333333333326
5.186019999999712,0.033333333333333326
5.187689999999712,0.03333333333333327
5.189359999999712,0.033333333333333326
5.191029999999712,0.033333333333333326
5.192699999999712,0.033333333333333326
5.1943699999997115,0.033333333333333326
5.196039999999711,0.033333333333333326
5.197709999999711,0.033333333333333326
5.199379999999711,0.033333333333333326
5.201049999999711,0.033333333333333326
5.202719999999711,0.033333333333333326
5.2043899999997105,0.033333333333333326
5.20605999999971,0.033333333333333326
5.20772999999971,0.033333333333333326
5.20939999999971,0.033333333333333326
5.21106999999971,0.033333333333333326
5.21273999999971,0.03333333333333327
5.2144099999997096,0.033333333333333326
5.216079999999709,0.033333333333333326
5.217749999999709,0.033333333333333326
5.219419999999709,0.033333333333333326
5.221089999999709,0.033333333333333326
5.222759999999709,0.033333333333333326
5.224429999999709,0.033333333333333326
5.226099999999708,0.033333333333333326
5.227769999999708,0.033333333333333326
5.229439999999708,0.033333333333333326
5.231109999999708,0.033333333333333326
5.232779999999708,0.033333333333333326
5.234449999999708,0.033333333333333326
5.2361199999997075,0.033333333333333326
5.237789999999707,0.03333333333333327
5.239459999999707,0.033333333333333326
5.241129999999707,0.033333333333333326
5.242799999999707,0.033333333333333326
5.244469999999707,0.033333333333333326
5.2461399999997065,0.033333333333333326
5.247809999999706,0.033333333333333326
5.249479999999706,0.033333333333333326
5.251149999999706,0.033333333333333326
5.252819999999706,0.033333333333333326
5.254489999999706,0.033333333333333326
5.2561599999997055,0.033333333333333326
5.257829999999705,0.033333333333333326
5.259499999999705,0.033333333333333326
5.261169999999705,0.033333333333333326
5.262839999999705,0.03333333333333327
5.264509999999705,0.033333333333333326
5.2661799999997045,0.033333333333333326
5.267849999999704,0.033333333333333326
5.269519999999704,0.033333333333333326
5.271189999999704,0.033333333333333326
5.272859999999704,0.033333333333333326
5.274529999999704,0.033333333333333326
5.276199999999704,0.033333333333333326
5.277869999999703,0.033333333333333326
5.279539999999703,0.033333333333333326
5.281209999999703,0.033333333333333326
5.282879999999703,0.033333333333333326
5.284549999999703,0.033333333333333326
5.286219999999703,0.033333333333333326
5.287889999999702,0.033333333333333326
5.289559999999702,0.033333333333333326
5.291229999999702,0.033333333333333326
5.292899999999702,0.033333333333333326
5.294569999999702,0.033333333333333326
5.296239999999702,0.033333333333333326
5.2979099999997015,0.033333333333333326
5.299579999999701,0.033333333333333326
5.301249999999701,0.033333333333333326
5.302919999999701,0.033333333333333326
5.304589999999701,0.033333333333333326
5.306259999999701,0.033333333333333326
5.3079299999997005,0.033333333333333326
5.3095999999997,0.033333333333333326
5.3112699999997,0.033333333333333326
5.3129399999997,0.033333333333333326
5.3146099999997,0.033333333333333326
5.3162799999997,0.033333333333333326
5.3179499999996995,0.033333333333333326
5.319619999999699,0.033333333333333326
5.321289999999699,0.033333333333333326
5.322959999999699,0.033333333333333326
5.324629999999699,0.033333333333333326
5.326299999999699,0.033333333333333326
5.327969999999699,0.033333333333333326
5.329639999999698,0.033333333333333326
5.331309999999698,0.033333333333333326
5.332979999999698,0.033333333333333326
5.334649999999698,0.033333333333333326
5.336319999999698,0.033333333333333326
5.337989999999698,0.033333333333333326
5.339659999999697,0.033333333333333326
5.341329999999697,0.033333333333333326
5.342999999999697,0.033333333333333326
5.344669999999697,0.033333333333333326
5.346339999999697,0.033333333333333326
5.348009999999697,0.033333333333333326
5.3496799999996965,0.033333333333333326
5.351349999999696,0.033333333333333326
5.353019999999696,0.033333333333333326
5.354689999999696,0.033333333333333326
5.356359999999696,0.033333333333333326
5.358029999999696,0.033333333333333326
5.3596999999996955,0.033333333333333326
5.361369999999695,0.033333333333333326
5.363039999999695,0.033333333333333326
5.364709999999695,0.033333333333333326
5.366379999999695,0.033333333333333326
5.368049999999695,0.033333333333333326
5.3697199999996945,0.033333333333333326
5.371389999999694,0.033333333333333326
5.373059999999694,0.033333333333333326
5.374729999999694,0.033333333333333326
5.376399999999694,0.033333333333333326
5.378069999999694,0.033333333333333326
5.3797399999996935,0.033333333333333326
5.381409999999693,0.033333333333333326
5.383079999999693,0.033333333333333326
5.384749999999693,0.033333333333333326
5.386419999999693,0.033333333333333326
5.388089999999693,0.033333333333333326
5.389759999999693,0.033333333333333326
5.391429999999692,0.033333333333333326
5.393099999999692,0.033333333333333326
5.394769999999692,0.033333333333333326
5.396439999999692,0.033333333333333326
5.398109999999692,0.033333333333333326
5.399779999999692,0.033333333333333326
5.401449999999691,0.033333333333333326
5.403119999999691,0.033333333333333326
5.404789999999691,0.033333333333333326
5.406459999999691,0.033333333333333326
5.408129999999691,0.033333333333333326
5.409799999999691,0.033333333333333326
5.4114699999996905,0.033333333333333326
5.41313999999969,0.033333333333333326
5.41480999999969,0.033333333333333326
5.41647999999969,0.033333333333333326
5.41814999999969,0.033333333333333326
5.41981999999969,0.033333333333333326
5.4214899999996895,0.033333333333333326
5.423159999999689,0.033333333333333326
5.424829999999689,0.033333333333333326
5.426499999999689,0.033333333333333326
5.428169999999689,0.033333333333333326
5.429839999999689,0.033333333333333326
5.4315099999996885,0.033333333333333326
5.433179999999688,0.033333333333333326
5.434849999999688,0.033333333333333326
5.436519999999688,0.033333333333333326
5.438189999999688,0.033333333333333326
5.439859999999688,0.033333333333333326
5.441529999999688,0.033333333333333326
5.443199999999687,0.033333333333333326
5.444869999999687,0.033333333333333326
5.446539999999687,0.033333333333333326
5.448209999999687,0.033333333333333326
5.449879999999687,0.033333333333333326
5.451549999999687,0.033333333333333326
5.453219999999686,0.033333333333333326
5.454889999999686,0.033333333333333326
5.456559999999686,0.033333333333333326
5.458229999999686,0.033333333333333326
5.459899999999686,0.033333333333333326
5.461569999999686,0.033333333333333326
5.4632399999996855,0.033333333333333326
5.464909999999685,0.033333333333333326
5.466579999999685,0.033333333333333326
5.468249999999685,0.033333333333333326
5.469919999999685,0.033333333333333326
5.471589999999685,0.033333333333333326
5.4732599999996845,0.033333333333333326
5.474929999999684,0.033333333333333326
5.476599999999684,0.033333333333333326
5.478269999999684,0.033333333333333326
5.479939999999684,0.033333333333333326
5.481609999999684,0.033333333333333326
5.4832799999996835,0.033333333333333326
5.484949999999683,0.033333333333333326
5.486619999999683,0.033333333333333326
5.488289999999683,0.033333333333333326
5.489959999999683,0.033333333333333326
5.491629999999683,0.033333333333333326
5.4932999999996825,0.033333333333333326
5.494969999999682,0.033333333333333326
5.496639999999682,0.033333333333333326
5.498309999999682,0.033333333333333326
5.499979999999682,0.033333333333333326
5.501649999999682,0.033443333333312175
5.503319999999682,0.033554666666645416
5.504989999999681,0.03366599999997877
5.506659999999681,0.03377733333331201
5.508329999999681,0.03388866666664542
5.509999999999681,0.03399999999997877
5.511669999999681,0.03411133333331201
5.513339999999681,0.03422266666664542
5.5150099999996804,0.03433399999997866
5.51667999999968,0.03444533333331201
5.51834999999968,0.034556666666645364
5.52001999999968,0.034667999999978605
5.52168999999968,0.03477933333331201
5.52335999999968,0.034890666666645254
5.5250299999996795,0.035001999999978606
5.526699999999679,0.03511333333331201
5.528369999999679,0.035224666666645255
5.530039999999679,0.03533599999997861
5.531709999999679,0.03544733333331185
5.533379999999679,0.035558666666645256
5.5350499999996785,0.03566999999997861
5.536719999999678,0.03578133333331185
5.538389999999678,0.035892666666645257
5.540059999999678,0.0360039999999785
5.541729999999678,0.03611533333331185
5.543399999999678,0.0362266666666452
5.5450699999996775,0.03633799999997844
5.546739999999677,0.03644933333331185
5.548409999999677,0.03656066666664509
5.550079999999677,0.036671999999978444
5.551749999999677,0.03678333333331185
5.553419999999677,0.03689466666664509
5.555089999999677,0.037005999999978445
5.556759999999676,0.037117333333311686
5.558429999999676,0.037228666666645094
5.560099999999676,0.037339999999978446
5.561769999999676,0.03745133333331169
5.563439999999676,0.037562666666645095
5.565109999999676,0.037673999999978336
5.566779999999675,0.03778533333331169
5.568449999999675,0.03789666666664504
5.570119999999675,0.03800799999997828
5.571789999999675,0.03811933333331169
5.573459999999675,0.03823066666664493
5.575129999999675,0.03834199999997828
5.5767999999996745,0.03845333333331169
5.578469999999674,0.03856466666664493
5.580139999999674,0.03867599999997828
5.581809999999674,0.038787333333311524
5.583479999999674,0.03889866666664493
5.585149999999674,0.039009999999978284
5.5868199999996735,0.039121333333311525
5.588489999999673,0.03923266666664493
5.590159999999673,0.039343999999978174
5.591829999999673,0.039455333333311526
5.593499999999673,0.03956666666664488
5.595169999999673,0.03967799999997812
5.5968399999996725,0.03978933333331153
5.598509999999672,0.03990066666664477
5.600179999999672,0.04001199999997812
5.601849999999672,0.04012333333331153
5.603519999999672,0.04023466666664477
5.605189999999672,0.04034599999997812
5.6068599999996716,0.04045733333331136
5.608529999999671,0.04056866666664477
5.610199999999671,0.04067999999997812
5.611869999999671,0.040791333333311364
5.613539999999671,0.04090266666664477
5.615209999999671,0.04101399999997801
5.616879999999671,0.041125333333311365
5.61854999999967,0.04123666666664472
5.62021999999967,0.04134799999997796
5.62188999999967,0.041459333333311366
5.62355999999967,0.04157066666664461
5.62522999999967,0.04168199999997796
5.62689999999967,0.04179333333331137
5.6285699999996694,0.04190466666664461
5.630239999999669,0.04201599999997796
5.631909999999669,0.0421273333333112
5.633579999999669,0.04223866666664461
5.635249999999669,0.04234999999997796
5.636919999999669,0.0424613333333112
5.6385899999996685,0.04257266666664461
5.640259999999668,0.04268399999997785
5.641929999999668,0.0427953333333112
5.643599999999668,0.042906666666644555
5.645269999999668,0.043017999999977796
5.646939999999668,0.043129333333311204
5.6486099999996675,0.043240666666644445
5.650279999999667,0.0433519999999778
5.651949999999667,0.043463333333311205
5.653619999999667,0.043574666666644446
5.655289999999667,0.0436859999999778
5.656959999999667,0.04379733333331104
5.6586299999996665,0.04390866666664445
5.660299999999666,0.0440199999999778
5.661969999999666,0.04413133333331104
5.663639999999666,0.04424266666664445
5.665309999999666,0.04435399999997769
5.666979999999666,0.04446533333331104
5.668649999999666,0.04457666666664439
5.670319999999665,0.044687999999977635
5.671989999999665,0.04479933333331104
5.673659999999665,0.04491066666664428
5.675329999999665,0.045021999999977635
5.676999999999665,0.04513333333331104
5.678669999999665,0.045244666666644284
5.680339999999664,0.045355999999977636
5.682009999999664,0.04546733333331088
5.683679999999664,0.045578666666644285
5.685349999999664,0.04568999999997764
5.687019999999664,0.04580133333331088
5.688689999999664,0.045912666666644286
5.6903599999996635,0.04602399999997753
5.692029999999663,0.04613533333331088
5.693699999999663,0.04624666666664423
5.695369999999663,0.04635799999997747
5.697039999999663,0.04646933333331088
5.698709999999663,0.04658066666664412
5.7003799999996625,0.046691999999977474
5.702049999999662,0.04680333333331088
5.703719999999662,0.04691466666664412
5.705389999999662,0.047025999999977475
5.707059999999662,0.047137333333310716
5.708729999999662,0.047248666666644124
5.7103999999996615,0.047359999999977476
5.712069999999661,0.04747133333331072
5.713739999999661,0.047582666666644124
5.715409999999661,0.047693999999977366
5.717079999999661,0.04780533333331072
5.718749999999661,0.04791666666664407
5.7204199999996606,0.04802799999997731
5.72208999999966,0.04813933333331072
5.72375999999966,0.04825066666664396
5.72542999999966,0.04836199999997731
5.72709999999966,0.04847333333331072
5.72876999999966,0.04858466666664396
5.73043999999966,0.04869599999997731
5.732109999999659,0.048807333333310554
5.733779999999659,0.04891866666664396
5.735449999999659,0.049029999999977314
5.737119999999659,0.049141333333310555
5.738789999999659,0.04925266666664396
5.740459999999659,0.049363999999977204
5.7421299999996585,0.049475333333310556
5.743799999999658,0.04958666666664391
5.745469999999658,0.04969799999997715
5.747139999999658,0.04980933333331056
5.748809999999658,0.0499206666666438
5.750479999999658,0.05003199999997715
5.7521499999996575,0.05014333333331056
5.753819999999657,0.0502546666666438
5.755489999999657,0.05036599999997715
5.757159999999657,0.05047733333331039
5.758829999999657,0.0505886666666438
5.760499999999657,0.05069999999997715
5.7621699999996565,0.05081133333331039
5.763839999999656,0.0509226666666438
5.765509999999656,0.05103399999997704
5.767179999999656,0.051145333333310394
5.768849999999656,0.051256666666643746
5.770519999999656,0.05136799999997699
5.7721899999996555,0.051479333333310395
5.773859999999655,0.051590666666643636
5.775529999999655,0.05170199999997699
5.777199999999655,0.051813333333310396
5.778869999999655,0.05192466666664364
5.780539999999655,0.05203599999997699
5.782209999999655,0.05214733333331023
5.783879999999654,0.05225866666664364
5.785549999999654,0.05236999999997699
5.787219999999654,0.05248133333331023
5.788889999999654,0.05259266666664364
5.790559999999654,0.05270399999997688
5.792229999999654,0.05281533333331023
5.793899999999653,0.052926666666643585
5.795569999999653,0.053037999999976826
5.797239999999653,0.053149333333310234
5.798909999999653,0.053260666666643475
5.800579999999653,0.05337199999997683
5.802249999999653,0.053483333333310235
5.8039199999996525,0.053594666666643476
5.805589999999652,0.05370599999997683
5.807259999999652,0.05381733333331007
5.808929999999652,0.05392866666664348
5.810599999999652,0.05403999999997683
5.812269999999652,0.05415133333331007
5.8139399999996515,0.05426266666664348
5.815609999999651,0.05437399999997672
5.817279999999651,0.05448533333331007
5.818949999999651,0.05459666666664342
5.820619999999651,0.054707999999976664
5.822289999999651,0.05481933333331007
5.8239599999996505,0.05493066666664331
5.82562999999965,0.05504199999997672
5.82729999999965,0.05515333333331007
5.82896999999965,0.055264666666643314
5.83063999999965,0.055375999999976666
5.83230999999965,0.05548733333330991
5.83397999999965,0.055598666666643315
5.835649999999649,0.05570999999997667
5.837319999999649,0.05582133333330991
5.838989999999649,0.055932666666643316
5.840659999999649,0.05604399999997656
5.842329999999649,0.05615533333330991
5.843999999999649,0.05626666666664326
5.845669999999648,0.0563779999999765
5.847339999999648,0.05648933333330991
5.849009999999648,0.05660066666664315
5.850679999999648,0.05671199999997656
5.852349999999648,0.05682333333330991
5.854019999999648,0.05693466666664315
5.8556899999996475,0.057045999999976504
5.857359999999647,0.057157333333309746
5.859029999999647,0.05726866666664315
5.860699999999647,0.057379999999976505
5.862369999999647,0.057491333333309746
5.864039999999647,0.057602666666643154
5.8657099999996465,0.057713999999976395
5.867379999999646,0.05782533333330975
5.869049999999646,0.0579366666666431
5.870719999999646,0.05804799999997634
5.872389999999646,0.05815933333330975
5.874059999999646,0.05827066666664299
5.8757299999996455,0.0583819999999764
5.877399999999645,0.05849333333330975
5.879069999999645,0.05860466666664299
5.880739999999645,0.05871599999997634
5.882409999999645,0.058827333333309584
5.884079999999645,0.05893866666664299
5.8857499999996445,0.059049999999976344
5.887419999999644,0.059161333333309585
5.889089999999644,0.05927266666664299
5.890759999999644,0.059383999999976234
5.892429999999644,0.059495333333309586
5.894099999999644,0.05960666666664294
5.895769999999644,0.05971799999997618
5.897439999999643,0.05982933333330959
5.899109999999643,0.05994066666664283
5.900779999999643,0.060051999999976236
5.902449999999643,0.06016333333330959
5.904119999999643,0.06027466666664283
5.905789999999643,0.06038599999997618
5.907459999999642,0.06049733333330942
5.909129999999642,0.06060866666664283
5.910799999999642,0.06071999999997618
5.912469999999642,0.06083133333330942
5.914139999999642,0.06094266666664283
5.915809999999642,0.06105399999997607
5.9174799999996415,0.061165333333309424
5.919149999999641,0.061276666666642776
5.920819999999641,0.06138799999997602
5.922489999999641,0.061499333333309425
5.924159999999641,0.061610666666642666
5.925829999999641,0.061721999999976074
5.9274999999996405,0.061833333333309426
5.92916999999964,0.06194466666664267
5.93083999999964,0.06205599999997602
5.93250999999964,0.06216733333330926
5.93417999999964,0.06227866666664267
5.93584999999964,0.06238999999997602
5.9375199999996395,0.06250133333330926
5.939189999999639,0.06261266666664267
5.940859999999639,0.06272399999997591
5.942529999999639,0.06283533333330926
5.944199999999639,0.06294666666664261
5.945869999999639,0.06305799999997586
5.947539999999639,0.06316933333330926
5.949209999999638,0.0632806666666425
5.950879999999638,0.06339199999997591
5.952549999999638,0.06350333333330926
5.954219999999638,0.0636146666666425
5.955889999999638,0.06372599999997586
5.957559999999638,0.0638373333333091
5.959229999999637,0.0639486666666425
5.960899999999637,0.06405999999997586
5.962569999999637,0.0641713333333091
5.964239999999637,0.06428266666664251
5.965909999999637,0.06439399999997575
5.967579999999637,0.0645053333333091
5.9692499999996365,0.06461666666664245
5.970919999999636,0.0647279999999757
5.972589999999636,0.0648393333333091
5.974259999999636,0.06495066666664234
5.975929999999636,0.06506199999997575
5.977599999999636,0.0651733333333091
5.9792699999996355,0.06528466666664234
5.980939999999635,0.0653959999999757
5.982609999999635,0.06550733333330894
5.984279999999635,0.06561866666664234
5.985949999999635,0.0657299999999757
5.987619999999635,0.06584133333330894
5.9892899999996345,0.06595266666664235
5.990959999999634,0.06606399999997559
5.992629999999634,0.06617533333330894
5.994299999999634,0.06628666666664229
5.995969999999634,0.06639799999997553
5.997639999999634,0.06650933333330894
5.9993099999996335,0.06662066666664218
6.000979999999633,0.06673199999997559
6.002649999999633,0.06684333333330894
6.004319999999633,0.06695466666664218
6.005989999999633,0.06706599999997553
6.007659999999633,0.06717733333330878
6.009329999999633,0.06728866666664218
6.010999999999632,0.06739999999997554
6.012669999999632,0.06751133333330878
6.014339999999632,0.06762266666664218
6.016009999999632,0.06773399999997542
6.017679999999632,0.06784533333330878
6.019349999999632,0.06795666666664213
6.0210199999996314,0.06806799999997537
6.022689999999631,0.06817933333330878
6.024359999999631,0.06829066666664202
6.026029999999631,0.06840199999997543
6.027699999999631,0.06851333333330878
6.029369999999631,0.06862466666664202
6.0310399999996305,0.06873599999997537
6.03270999999963,0.06884733333330861
6.03437999999963,0.06895866666664202
6.03604999999963,0.06906999999997537
6.03771999999963,0.06918133333330861
6.03938999999963,0.06929266666664202
6.0410599999996295,0.06940399999997526
6.042729999999629,0.06951533333330862
6.044399999999629,0.06962666666664197
6.046069999999629,0.06973799999997521
6.047739999999629,0.06984933333330862
6.049409999999629,0.06996066666664186
6.0510799999996285,0.07007199999997527
6.052749999999628,0.07018333333330862
6.054419999999628,0.07029466666664186
6.056089999999628,0.07040599999997521
6.057759999999628,0.07051733333330845
6.059429999999628,0.07062866666664186
6.061099999999628,0.07073999999997521
6.062769999999627,0.07085133333330845
6.064439999999627,0.07096266666664186
6.066109999999627,0.0710739999999751
6.067779999999627,0.07118533333330845
6.069449999999627,0.0712966666666418
6.071119999999627,0.07140799999997505
6.072789999999626,0.07151933333330845
6.074459999999626,0.0716306666666417
6.076129999999626,0.0717419999999751
6.077799999999626,0.07185333333330846
6.079469999999626,0.0719646666666417
6.081139999999626,0.07207599999997505
6.0828099999996255,0.07218733333330829
6.084479999999625,0.0722986666666417
6.086149999999625,0.07240999999997505
6.087819999999625,0.07252133333330829
6.089489999999625,0.0726326666666417
6.091159999999625,0.07274399999997494
6.0928299999996245,0.07285533333330829
6.094499999999624,0.07296666666664164
6.096169999999624,0.07307799999997489
6.097839999999624,0.07318933333330829
6.099509999999624,0.07330066666664153
6.101179999999624,0.07341199999997494
6.1028499999996235,0.0735233333333083
6.104519999999623,0.07363466666664154
6.106189999999623,0.07374599999997489
6.107859999999623,0.07385733333330813
6.109529999999623,0.07396866666664154
6.111199999999623,0.07407999999997489
6.1128699999996226,0.07419133333330813
6.114539999999622,0.07430266666664154
6.116209999999622,0.07441399999997478
6.117879999999622,0.07452533333330813
6.119549999999622,0.07463666666664148
6.121219999999622,0.07474799999997472
6.122889999999622,0.07485933333330813
6.124559999999621,0.07497066666664137
6.126229999999621,0.07508199999997478
6.127899999999621,0.07519333333330813
6.129569999999621,0.07530466666664137
6.131239999999621,0.07541599999997473
6.132909999999621,0.07552733333330797
6.1345799999996204,0.07563866666664137
6.13624999999962,0.07574999999997473
6.13791999999962,0.07586133333330797
6.13958999999962,0.07597266666664138
6.14125999999962,0.07608399999997462
6.14292999999962,0.07619533333330797
6.1445999999996195,0.07630666666664132
6.146269999999619,0.07641799999997456
6.147939999999619,0.07652933333330797
6.149609999999619,0.07664066666664121
6.151279999999619,0.07675199999997462
6.152949999999619,0.07686333333330797
6.1546199999996185,0.07697466666664121
6.156289999999618,0.07708599999997456
6.157959999999618,0.0771973333333078
6.159629999999618,0.07730866666664121
6.161299999999618,0.07741999999997456
6.162969999999618,0.0775313333333078
6.1646399999996175,0.07764266666664121
6.166309999999617,0.07775399999997445
6.167979999999617,0.0778653333333078
6.169649999999617,0.07797666666664116
6.171319999999617,0.0780879999999744
6.172989999999617,0.07819933333330781
6.174659999999617,0.07831066666664105
6.176329999999616,0.07842199999997446
6.177999999999616,0.07853333333330781
6.179669999999616,0.07864466666664105
6.181339999999616,0.0787559999999744
6.183009999999616,0.07886733333330764
6.184679999999616,0.07897866666664105
6.186349999999615,0.0790899999999744
6.188019999999615,0.07920133333330764
6.189689999999615,0.07931266666664105
6.191359999999615,0.07942399999997429
6.193029999999615,0.07953533333330765
6.194699999999615,0.079646666666641
6.1963699999996145,0.0797579999999743
6.198039999999614,0.07986933333330765
6.199709999999614,0.07998066666664089
6.201379999999614,0.0800919999999743
6.203049999999614,0.08020333333330765
6.204719999999614,0.08031466666664089
6.2063899999996135,0.08042599999997424
6.208059999999613,0.08053733333330748
6.209729999999613,0.08064866666664089
6.211399999999613,0.08075999999997424
6.213069999999613,0.08087133333330748
6.214739999999613,0.08098266666664089
6.2164099999996125,0.08109399999997413
6.218079999999612,0.08120533333330748
6.219749999999612,0.08131666666664084
6.221419999999612,0.08142799999997413
6.223089999999612,0.08153933333330748
6.224759999999612,0.08165066666664073
6.2264299999996116,0.08176199999997413
6.228099999999611,0.08187333333330749
6.229769999999611,0.08198466666664073
6.231439999999611,0.08209599999997408
6.233109999999611,0.08220733333330732
6.234779999999611,0.08231866666664073
6.236449999999611,0.08242999999997408
6.23811999999961,0.08254133333330732
6.23978999999961,0.08265266666664073
6.24145999999961,0.08276399999997397
6.24312999999961,0.08287533333330732
6.24479999999961,0.08298666666664067
6.24646999999961,0.08309799999997397
6.2481399999996095,0.08320933333330732
6.249809999999609,0.08332066666664056
6.251479999999609,0.08343199999997397
6.253149999999609,0.08354333333330732
6.254819999999609,0.08365466666664056
6.256489999999609,0.08376599999997392
6.2581599999996085,0.08387733333330716
6.259829999999608,0.08398866666664057
6.261499999999608,0.08409999999997392
6.263169999999608,0.08421133333330716
6.264839999999608,0.08432266666664057
6.266509999999608,0.08443399999997381
6.2681799999996075,0.08454533333330716
6.269849999999607,0.08465666666664051
6.271519999999607,0.08476799999997381
6.273189999999607,0.08487933333330716
6.274859999999607,0.0849906666666404
6.276529999999607,0.08510199999997381
6.2781999999996065,0.08521333333330716
6.279869999999606,0.0853246666666404
6.281539999999606,0.08543599999997376
6.283209999999606,0.085547333333307
6.284879999999606,0.0856586666666404
6.286549999999606,0.08576999999997376
6.288219999999606,0.085881333333307
6.289889999999605,0.0859926666666404
6.291559999999605,0.08610399999997365
6.293229999999605,0.086215333333307
6.294899999999605,0.08632666666664035
6.296569999999605,0.08643799999997365
6.298239999999605,0.086549333333307
6.299909999999604,0.08666066666664024
6.301579999999604,0.08677199999997365
6.303249999999604,0.086883333333307
6.304919999999604,0.08699466666664024
6.306589999999604,0.0871059999999736
6.308259999999604,0.08721733333330683
6.3099299999996035,0.08732866666664024
6.311599999999603,0.0874399999999736
6.313269999999603,0.08755133333330684
6.314939999999603,0.08766266666664024
6.316609999999603,0.08777399999997348
6.318279999999603,0.08788533333330684
6.3199499999996025,0.08799666666664008
6.321619999999602,0.08810799999997349
6.323289999999602,0.08821933333330684
6.324959999999602,0.08833066666664008
6.326629999999602,0.08844199999997349
6.328299999999602,0.08855333333330673
6.3299699999996015,0.08866466666664008
6.331639999999601,0.08877599999997343
6.333309999999601,0.08888733333330667
6.334979999999601,0.08899866666664008
6.336649999999601,0.08910999999997332
6.338319999999601,0.08922133333330667
6.339989999999601,0.08933266666664008
6.3416599999996,0.08944399999997332
6.3433299999996,0.08955533333330667
6.3449999999996,0.08966666666663992
6.3466699999996,0.08977799999997332
6.3483399999996,0.08988933333330668
6.3500099999996,0.09000066666663992
6.351679999999599,0.09011199999997332
6.353349999999599,0.09022333333330657
6.355019999999599,0.09033466666663992
6.356689999999599,0.09044599999997327
6.358359999999599,0.09055733333330651
6.360029999999599,0.09066866666663992
6.3616999999995985,0.09077999999997316
6.363369999999598,0.09089133333330651
6.365039999999598,0.09100266666663992
6.366709999999598,0.09111399999997316
6.368379999999598,0.09122533333330651
6.370049999999598,0.09133666666663975
6.3717199999995975,0.09144799999997316
6.373389999999597,0.09155933333330651
6.375059999999597,0.09167066666663976
6.376729999999597,0.09178199999997316
6.378399999999597,0.0918933333333064
6.380069999999597,0.09200466666663976
6.3817399999995965,0.09211599999997311
6.383409999999596,0.09222733333330635
6.385079999999596,0.09233866666663976
6.386749999999596,0.092449999999973
6.388419999999596,0.09256133333330635
6.390089999999596,0.09267266666663976
6.3917599999995955,0.092783999999973
6.393429999999595,0.09289533333330635
6.395099999999595,0.09300666666663959
6.396769999999595,0.093117999999973
6.398439999999595,0.09322933333330635
6.400109999999595,0.0933406666666396
6.401779999999595,0.093451999999973
6.403449999999594,0.09356333333330624
6.405119999999594,0.0936746666666396
6.406789999999594,0.09378599999997295
6.408459999999594,0.09389733333330619
6.410129999999594,0.0940086666666396
6.411799999999594,0.09411999999997284
6.413469999999593,0.09423133333330619
6.415139999999593,0.0943426666666396
6.416809999999593,0.09445399999997284
6.418479999999593,0.09456533333330619
6.420149999999593,0.09467666666663943
6.421819999999593,0.09478799999997284
6.4234899999995925,0.09489933333330619
6.425159999999592,0.09501066666663943
6.426829999999592,0.09512199999997284
6.428499999999592,0.09523333333330608
6.430169999999592,0.09534466666663943
6.431839999999592,0.09545599999997278
6.4335099999995915,0.09556733333330603
6.435179999999591,0.09567866666663943
6.436849999999591,0.09578999999997267
6.438519999999591,0.09590133333330603
6.440189999999591,0.09601266666663943
6.441859999999591,0.09612399999997268
6.4435299999995905,0.09623533333330603
6.44519999999959,0.09634666666663927
6.44686999999959,0.09645799999997268
6.44853999999959,0.09656933333330603
6.45020999999959,0.09668066666663927
6.45187999999959,0.09679199999997268
6.45354999999959,0.09690333333330592
6.455219999999589,0.09701466666663927
6.456889999999589,0.09712599999997262
6.458559999999589,0.09723733333330586
6.460229999999589,0.09734866666663927
6.461899999999589,0.09745999999997251
6.463569999999589,0.09757133333330587
6.465239999999588,0.09768266666663927
6.466909999999588,0.09779399999997251
6.468579999999588,0.09790533333330587
6.470249999999588,0.09801666666663911
6.471919999999588,0.09812799999997251
6.473589999999588,0.09823933333330587
6.4752599999995875,0.09835066666663911
6.476929999999587,0.09846199999997252
6.478599999999587,0.09857333333330576
6.480269999999587,0.09868466666663911
6.481939999999587,0.09879599999997246
6.483609999999587,0.0989073333333057
6.4852799999995865,0.09901866666663911
6.486949999999586,0.09912999999997235
6.488619999999586,0.0992413333333057
6.490289999999586,0.09935266666663911
6.491959999999586,0.09946399999997235
6.493629999999586,0.0995753333333057
6.4952999999995855,0.09968666666663895
6.496969999999585,0.09979799999997235
6.498639999999585,0.0999093333333057
6.500309999999585,0.09999999999999998
6.501979999999585,0.09999999999999998
6.503649999999585,0.09999999999999998
6.5053199999995845,0.09999999999999998
6.506989999999584,0.09999999999999998
6.508659999999584,0.09999999999999998
6.510329999999584,0.09999999999999998
6.511999999999584,0.09999999999999998
6.513669999999584,0.09999999999999998
6.515339999999584,0.09999999999999998
6.517009999999583,0.09999999999999998
6.518679999999583,0.09999999999999998
6.520349999999583,0.09999999999999998
6.522019999999583,0.09999999999999998
6.523689999999583,0.09999999999999998
6.525359999999583,0.09999999999999998
6.527029999999582,0.09999999999999998
6.528699999999582,0.09999999999999998
6.530369999999582,0.09999999999999998
6.532039999999582,0.09999999999999998
6.533709999999582,0.09999999999999998
6.535379999999582,0.09999999999999998
6.5370499999995815,0.09999999999999998
6.538719999999581,0.09999999999999998
6.540389999999581,0.09999999999999998
6.542059999999581,0.09999999999999998
6.543729999999581,0.09999999999999998
6.545399999999581,0.09999999999999998
6.5470699999995805,0.09999999999999998
6.54873999999958,0.09999999999999998
6.55040999999958,0.09999999999999998
6.55207999999958,0.09999999999999998
6.55374999999958,0.09999999999999998
6.55541999999958,0.09999999999999998
6.5570899999995795,0.09999999999999998
6.558759999999579,0.09999999999999998
6.560429999999579,0.09999999999999998
6.562099999999579,0.09999999999999998
6.563769999999579,0.09999999999999998
6.565439999999579,0.09999999999999998
6.567109999999579,0.09999999999999998
6.568779999999578,0.09999999999999998
6.570449999999578,0.09999999999999998
6.572119999999578,0.09999999999999998
6.573789999999578,0.09999999999999998
6.575459999999578,0.09999999999999998
6.577129999999578,0.09999999999999998
6.578799999999577,0.09999999999999998
6.580469999999577,0.09999999999999998
6.582139999999577,0.09999999999999998
6.583809999999577,0.09999999999999998
6.585479999999577,0.09999999999999998
6.587149999999577,0.09999999999999998
6.5888199999995765,0.09999999999999998
6.590489999999576,0.09999999999999998
6.592159999999576,0.09999999999999998
6.593829999999576,0.09999999999999998
6.595499999999576,0.09999999999999998
6.597169999999576,0.09999999999999998
6.5988399999995755,0.09999999999999998
6.600509999999575,0.09999999999999998
6.602179999999575,0.09999999999999998
6.603849999999575,0.09999999999999998
6.605519999999575,0.09999999999999998
6.607189999999575,0.09999999999999998
6.6088599999995745,0.09999999999999998
6.610529999999574,0.09999999999999998
6.612199999999574,0.09999999999999998
6.613869999999574,0.09999999999999998
6.615539999999574,0.09999999999999998
6.617209999999574,0.09999999999999998
6.6188799999995735,0.09999999999999998
6.620549999999573,0.10000000000000009
6.622219999999573,0.09999999999999998
6.623889999999573,0.09999999999999998
6.625559999999573,0.09999999999999998
6.627229999999573,0.09999999999999998
6.628899999999573,0.10000000000000009
6.630569999999572,0.09999999999999998
6.632239999999572,0.09999999999999998
6.633909999999572,0.09999999999999998
6.635579999999572,0.09999999999999998
6.637249999999572,0.10000000000000009
6.638919999999572,0.09999999999999998
6.6405899999995714,0.09999999999999998
6.642259999999571,0.09999999999999998
6.643929999999571,0.09999999999999998
6.645599999999571,0.10000000000000009
6.647269999999571,0.09999999999999998
6.648939999999571,0.09999999999999998
6.6506099999995705,0.09999999999999998
6.65227999999957,0.09999999999999998
6.65394999999957,0.10000000000000009
6.65561999999957,0.09999999999999998
6.65728999999957,0.09999999999999998
6.65895999999957,0.09999999999999998
6.6606299999995695,0.09999999999999998
6.662299999999569,0.10000000000000009
6.663969999999569,0.09999999999999998
6.665639999999569,0.09999999999999998
6.667309999999569,0.09999999999999998
6.668979999999569,0.09999999999999998
6.6706499999995685,0.10000000000000009
6.672319999999568,0.09999999999999998
6.673989999999568,0.09999999999999998
6.675659999999568,0.09999999999999998
6.677329999999568,0.09999999999999998
6.678999999999568,0.10000000000000009
6.680669999999568,0.09999999999999998
6.682339999999567,0.09999999999999998
6.684009999999567,0.09999999999999998
6.685679999999567,0.09999999999999998
6.687349999999567,0.10000000000000009
6.689019999999567,0.09999999999999998
6.690689999999567,0.09999999999999998
6.692359999999566,0.09999999999999998
6.694029999999566,0.09999999999999998
6.695699999999566,0.10000000000000009
6.697369999999566,0.09999999999999998
6.699039999999566,0.09999999999999998
6.700709999999566,0.09999999999999998
6.7023799999995655,0.09999999999999998
6.704049999999565,0.10000000000000009
6.705719999999565,0.09999999999999998
6.707389999999565,0.09999999999999998
6.709059999999565,0.09999999999999998
6.710729999999565,0.09999999999999998
6.7123999999995645,0.10000000000000009
6.714069999999564,0.09999999999999998
6.715739999999564,0.09999999999999998
6.717409999999564,0.09999999999999998
6.719079999999564,0.09999999999999998
6.720749999999564,0.10000000000000009
6.7224199999995635,0.09999999999999998
6.724089999999563,0.09999999999999998
6.725759999999563,0.09999999999999998
6.727429999999563,0.09999999999999998
6.729099999999563,0.10000000000000009
6.730769999999563,0.09999999999999998
6.7324399999995626,0.09999999999999998
6.734109999999562,0.09999999999999998
6.735779999999562,0.09999999999999998
6.737449999999562,0.10000000000000009
6.739119999999562,0.09999999999999998
6.740789999999562,0.09999999999999998
6.742459999999562,0.09999999999999998
6.744129999999561,0.09999999999999998
6.745799999999561,0.10000000000000009
6.747469999999561,0.09999999999999998
6.749139999999561,0.09999999999999998
6.750809999999561,0.09999999999999998
6.752479999999561,0.09999999999999998
6.7541499999995604,0.10000000000000009
6.75581999999956,0.09999999999999998
6.75748999999956,0.09999999999999998
6.75915999999956,0.09999999999999998
6.76082999999956,0.09999999999999998
6.76249999999956,0.10000000000000009
6.7641699999995595,0.09999999999999998
6.765839999999559,0.09999999999999998
6.767509999999559,0.09999999999999998
6.769179999999559,0.09999999999999998
6.770849999999559,0.10000000000000009
6.772519999999559,0.09999999999999998
6.7741899999995585,0.09999999999999998
6.775859999999558,0.09999999999999998
6.777529999999558,0.09999999999999998
6.779199999999558,0.10000000000000009
6.780869999999558,0.09999999999999998
6.782539999999558,0.09999999999999998
6.7842099999995575,0.09999999999999998
6.785879999999557,0.09999999999999998
6.787549999999557,0.10000000000000009
6.789219999999557,0.09999999999999998
6.790889999999557,0.09999999999999998
6.792559999999557,0.09999999999999998
6.794229999999557,0.09999999999999998
6.795899999999556,0.10000000000000009
6.797569999999556,0.09999999999999998
6.799239999999556,0.09999999999999998
6.800909999999556,0.09999999999999998
6.802579999999556,0.09999999999999998
6.804249999999556,0.10000000000000009
6.805919999999555,0.09999999999999998
6.807589999999555,0.09999999999999998
6.809259999999555,0.09999999999999998
6.810929999999555,0.09999999999999998
6.812599999999555,0.10000000000000009
6.814269999999555,0.09999999999999998
6.8159399999995545,0.09999999999999998
6.817609999999554,0.09999999999999998
6.819279999999554,0.09999999999999998
6.820949999999554,0.10000000000000009
6.822619999999554,0.09999999999999998
6.824289999999554,0.09999999999999998
6.8259599999995535,0.09999999999999998
6.827629999999553,0.09999999999999998
6.829299999999553,0.10000000000000009
6.830969999999553,0.09999999999999998
6.832639999999553,0.09999999999999998
6.834309999999553,0.09999999999999998
6.8359799999995525,0.09999999999999998
6.837649999999552,0.10000000000000009
6.839319999999552,0.09999999999999998
6.840989999999552,0.09999999999999998
6.842659999999552,0.09999999999999998
6.844329999999552,0.09999999999999998
6.8459999999995516,0.10000000000000009
6.847669999999551,0.09999999999999998
6.849339999999551,0.09999999999999998
6.851009999999551,0.09999999999999998
6.852679999999551,0.09999999999999998
6.854349999999551,0.10000000000000009
6.856019999999551,0.09999999999999998
6.85768999999955,0.09999999999999998
6.85935999999955,0.09999999999999998
6.86102999999955,0.09999999999999998
6.86269999999955,0.10000000000000009
6.86436999999955,0.09999999999999998
6.86603999999955,0.09999999999999998
6.8677099999995495,0.09999999999999998
6.869379999999549,0.09999999999999998
6.871049999999549,0.10000000000000009
6.872719999999549,0.09999999999999998
6.874389999999549,0.09999999999999998
6.876059999999549,0.09999999999999998
6.8777299999995485,0.09999999999999998
6.879399999999548,0.10000000000000009
6.881069999999548,0.09999999999999998
6.882739999999548,0.09999999999999998
6.884409999999548,0.09999999999999998
6.886079999999548,0.09999999999999998
6.8877499999995475,0.10000000000000009
6.889419999999547,0.09999999999999998
6.891089999999547,0.09999999999999998
6.892759999999547,0.09999999999999998
6.894429999999547,0.09999999999999998
6.896099999999547,0.10000000000000009
6.8977699999995465,0.09999999999999998
6.899439999999546,0.09999999999999998
6.901109999999546,0.09999999999999998
6.902779999999546,0.09999999999999998
6.904449999999546,0.10000000000000009
6.906119999999546,0.09999999999999998
6.907789999999546,0.09999999999999998
6.909459999999545,0.09999999999999998
6.911129999999545,0.09999999999999998
6.912799999999545,0.10000000000000009
6.914469999999545,0.09999999999999998
6.916139999999545,0.09999999999999998
6.917809999999545,0.10000000000000009
6.919479999999544,0.09999999999999998
6.921149999999544,0.10000000000000009
6.922819999999544,0.09999999999999998
6.924489999999544,0.09999999999999998
6.926159999999544,0.10000000000000009
6.927829999999544,0.09999999999999998
6.9294999999995435,0.10000000000000009
6.931169999999543,0.09999999999999998
6.932839999999543,0.09999999999999998
6.934509999999543,0.10000000000000009
6.936179999999543,0.09999999999999998
6.937849999999543,0.10000000000000009
6.9395199999995425,0.09999999999999998
6.941189999999542,0.09999999999999998
6.942859999999542,0.10000000000000009
6.944529999999542,0.09999999999999998
6.946199999999542,0.10000000000000009
6.947869999999542,0.09999999999999998
6.9495399999995415,0.09999999999999998
6.951209999999541,0.10000000000000009
6.952879999999541,0.09999999999999998
6.954549999999541,0.10000000000000009
6.956219999999541,0.09999999999999998
6.957889999999541,0.09999999999999998
6.959559999999541,0.10000000000000009
6.96122999999954,0.09999999999999998
6.96289999999954,0.10000000000000009
6.96456999999954,0.09999999999999998
6.96623999999954,0.09999999999999998
6.96790999999954,0.10000000000000009
6.96957999999954,0.09999999999999998
6.971249999999539,0.10000000000000009
6.972919999999539,0.09999999999999998
6.974589999999539,0.09999999999999998
6.976259999999539,0.10000000000000009
6.977929999999539,0.09999999999999998
6.979599999999539,0.10000000000000009
6.9812699999995385,0.09999999999999998
6.982939999999538,0.09999999999999998
6.984609999999538,0.10000000000000009
6.986279999999538,0.09999999999999998
6.987949999999538,0.10000000000000009
6.989619999999538,0.09999999999999998
6.9912899999995375,0.09999999999999998
6.992959999999537,0.10000000000000009
6.994629999999537,0.09999999999999998
6.996299999999537,0.10000000000000009
6.997969999999537,0.09999999999999998
6.999639999999537,0.09999999999999998
7.0013099999995365,0.10000000000000009
7.002979999999536,0.09999999999999998
7.004649999999536,0.10000000000000009
7.006319999999536,0.09999999999999998
7.007989999999536,0.09999999999999998
7.009659999999536,0.10000000000000009
7.0113299999995355,0.09999999999999998
7.012999999999535,0.10000000000000009
7.014669999999535,0.09999999999999998
7.016339999999535,0.09999999999999998
7.018009999999535,0.10000000000000009
7.019679999999535,0.09999999999999998
7.021349999999535,0.10000000000000009
7.023019999999534,0.09999999999999998
7.024689999999534,0.09999999999999998
7.026359999999534,0.10000000000000009
7.028029999999534,0.09999999999999998
7.029699999999534,0.10000000000000009
7.031369999999534,0.09999999999999998
7.033039999999533,0.09999999999999998
7.034709999999533,0.10000000000000009
7.036379999999533,0.09999999999999998
7.038049999999533,0.10000000000000009
7.039719999999533,0.09999999999999998
7.041389999999533,0.09999999999999998
7.0430599999995325,0.10000000000000009
7.044729999999532,0.09999999999999998
7.046399999999532,0.10000000000000009
7.048069999999532,0.09999999999999998
7.049739999999532,0.09999999999999998
7.051409999999532,0.10000000000000009
7.0530799999995315,0.09999999999999998
7.054749999999531,0.10000000000000009
7.056419999999531,0.09999999999999998
7.058089999999531,0.09999999999999998
7.059759999999531,0.10000000000000009
7.061429999999531,0.09999999999999998
7.0630999999995305,0.10000000000000009
7.06476999999953,0.09999999999999998
7.06643999999953,0.09999999999999998
7.06810999999953,0.10000000000000009
7.06977999999953,0.09999999999999998
7.07144999999953,0.10000000000000009
7.07311999999953,0.09999999999999998
7.074789999999529,0.09999999999999998
7.076459999999529,0.10000000000000009
7.078129999999529,0.09999999999999998
7.079799999999529,0.10000000000000009
7.081469999999529,0.09999999999999998
7.083139999999529,0.09999999999999998
7.084809999999528,0.10000000000000009
7.086479999999528,0.09999999999999998
7.088149999999528,0.10000000000000009
7.089819999999528,0.10000000000000009
7.091489999999528,0.09999999999999998
7.093159999999528,0.10000000000000009
7.0948299999995275,0.09999999999999998
7.096499999999527,0.10000000000000009
7.098169999999527,0.10000000000000009
7.099839999999527,0.09999999999999998
7.101509999999527,0.10000000000000009
7.103179999999527,0.09999999999999998
7.1048499999995265,0.10000000000000009
7.106519999999526,0.10000000000000009
7.108189999999526,0.09999999999999998
7.109859999999526,0.10000000000000009
7.111529999999526,0.09999999999999998
7.113199999999526,0.10000000000000009
7.1148699999995255,0.10000000000000009
7.116539999999525,0.09999999999999998
7.118209999999525,0.10000000000000009
7.119879999999525,0.09999999999999998
7.121549999999525,0.10000000000000009
7.123219999999525,0.10000000000000009
7.1248899999995245,0.09999999999999998
7.126559999999524,0.10000000000000009
7.128229999999524,0.09999999999999998
7.129899999999524,0.10000000000000009
7.131569999999524,0.10000000000000009
7.133239999999524,0.09999999999999998
7.134909999999524,0.10000000000000009
7.136579999999523,0.09999999999999998
7.138249999999523,0.10000000000000009
7.139919999999523,0.10000000000000009
7.141589999999523,0.09999999999999998
7.143259999999523,0.10000000000000009
7.144929999999523,0.09999999999999998
7.1465999999995224,0.10000000000000009
7.148269999999522,0.10000000000000009
7.149939999999522,0.09999999999999998
7.151609999999522,0.10000000000000009
7.153279999999522,0.09999999999999998
7.154949999999522,0.10000000000000009
7.1566199999995215,0.10000000000000009
7.158289999999521,0.09999999999999998
7.159959999999521,0.10000000000000009
7.161629999999521,0.09999999999999998
7.163299999999521,0.10000000000000009
7.164969999999521,0.10000000000000009
7.1666399999995205,0.09999999999999998
7.16830999999952,0.10000000000000009
7.16997999999952,0.09999999999999998
7.17164999999952,0.10000000000000009
7.17331999999952,0.10000000000000009
7.17498999999952,0.09999999999999998
7.1766599999995195,0.10000000000000009
7.178329999999519,0.09999999999999998
7.179999999999519,0.10000000000000009
7.181669999999519,0.10000000000000009
7.183339999999519,0.09999999999999998
7.185009999999519,0.10000000000000009
7.186679999999519,0.09999999999999998
7.188349999999518,0.10000000000000009
7.190019999999518,0.10000000000000009
7.191689999999518,0.09999999999999998
7.193359999999518,0.10000000000000009
7.195029999999518,0.09999999999999998
7.196699999999518,0.10000000000000009
7.198369999999517,0.10000000000000009
7.200039999999517,0.09999999999999998
7.201709999999517,0.10000000000000009
7.203379999999517,0.09999999999999998
7.205049999999517,0.10000000000000009
7.206719999999517,0.10000000000000009
7.2083899999995165,0.09999999999999998
7.210059999999516,0.10000000000000009
7.211729999999516,0.09999999999999998
7.213399999999516,0.10000000000000009
7.215069999999516,0.10000000000000009
7.216739999999516,0.09999999999999998
7.2184099999995155,0.10000000000000009
7.220079999999515,0.09999999999999998
7.221749999999515,0.10000000000000009
7.223419999999515,0.10000000000000009
7.225089999999515,0.09999999999999998
7.226759999999515,0.10000000000000009
7.2284299999995145,0.09999999999999998
7.230099999999514,0.10000000000000009
7.231769999999514,0.10000000000000009
7.233439999999514,0.09999999999999998
7.235109999999514,0.10000000000000009
7.236779999999514,0.09999999999999998
7.2384499999995136,0.10000000000000009
7.240119999999513,0.10000000000000009
7.241789999999513,0.09999999999999998
7.243459999999513,0.10000000000000009
7.245129999999513,0.09999999999999998
7.246799999999513,0.10000000000000009
7.248469999999513,0.10000000000000009
7.250139999999512,0.09999999999999998
7.251809999999512,0.10000000000000009
7.253479999999512,0.09999999999999998
7.255149999999512,0.10000000000000009
7.256819999999512,0.10000000000000009
7.258489999999512,0.09999999999999998
7.2601599999995114,0.10000000000000009
7.261829999999511,0.09999999999999998
7.263499999999511,0.10000000000000009
7.265169999999511,0.10000000000000009
7.266839999999511,0.09999999999999998
7.268509999999511,0.10000000000000009
7.2701799999995105,0.09999999999999998
7.27184999999951,0.10000000000000009
7.27351999999951,0.10000000000000009
7.27518999999951,0.09999999999999998
7.27685999999951,0.10000000000000009
7.27852999999951,0.09999999999999998
7.2801999999995095,0.10000000000000009
7.281869999999509,0.10000000000000009
7.283539999999509,0.09999999999999998
7.285209999999509,0.10000000000000009
7.286879999999509,0.09999999999999998
7.288549999999509,0.10000000000000009
7.2902199999995085,0.10000000000000009
7.291889999999508,0.09999999999999998
7.293559999999508,0.10000000000000009
7.295229999999508,0.09999999999999998
7.296899999999508,0.10000000000000009
7.298569999999508,0.10000000000000009
7.300239999999508,0.09999999999999998
7.301909999999507,0.10000000000000009
7.303579999999507,0.09999999999999998
7.305249999999507,0.10000000000000009
7.306919999999507,0.10000000000000009
7.308589999999507,0.09999999999999998
7.310259999999507,0.10000000000000009
7.311929999999506,0.09999999999999998
7.313599999999506,0.10000000000000009
7.315269999999506,0.10000000000000009
7.316939999999506,0.10000000000000009
7.318609999999506,0.10000000000000009
7.320279999999506,0.09999999999999998
7.3219499999995055,0.10000000000000009
7.323619999999505,0.10000000000000009
7.325289999999505,0.10000000000000009
7.326959999999505,0.10000000000000009
7.328629999999505,0.09999999999999998
7.330299999999505,0.10000000000000009
7.3319699999995045,0.10000000000000009
7.333639999999504,0.10000000000000009
7.335309999999504,0.10000000000000009
7.336979999999504,0.09999999999999998
7.338649999999504,0.10000000000000009
7.340319999999504,0.10000000000000009
7.3419899999995035,0.10000000000000009
7.343659999999503,0.10000000000000009
7.345329999999503,0.09999999999999998
7.346999999999503,0.10000000000000009
7.348669999999503,0.10000000000000009
7.350339999999503,0.10000000000000009
7.3520099999995026,0.10000000000000009
7.353679999999502,0.09999999999999998
7.355349999999502,0.10000000000000009
7.357019999999502,0.10000000000000009
7.358689999999502,0.10000000000000009
7.360359999999502,0.10000000000000009
7.362029999999502,0.09999999999999998
7.363699999999501,0.10000000000000009
7.365369999999501,0.10000000000000009
7.367039999999501,0.10000000000000009
7.368709999999501,0.10000000000000009
7.370379999999501,0.09999999999999998
7.372049999999501,0.10000000000000009
7.3737199999995005,0.10000000000000009
7.3753899999995,0.10000000000000009
7.3770599999995,0.10000000000000009
7.3787299999995,0.09999999999999998
7.3803999999995,0.10000000000000009
7.3820699999995,0.10000000000000009
7.3837399999994995,0.10000000000000009
7.385409999999499,0.10000000000000009
7.387079999999499,0.09999999999999998
7.388749999999499,0.10000000000000009
7.390419999999499,0.10000000000000009
7.392089999999499,0.10000000000000009
7.3937599999994985,0.10000000000000009
7.395429999999498,0.09999999999999998
7.397099999999498,0.10000000000000009
7.398769999999498,0.10000000000000009
7.400439999999498,0.10000000000000009
7.402109999999498,0.10000000000000009
7.4037799999994975,0.09999999999999998
7.405449999999497,0.10000000000000009
7.407119999999497,0.10000000000000009
7.408789999999497,0.10000000000000009
7.410459999999497,0.10000000000000009
7.412129999999497,0.09999999999999998
7.413799999999497,0.10000000000000009
7.415469999999496,0.10000000000000009
7.417139999999496,0.10000000000000009
7.418809999999496,0.10000000000000009
7.420479999999496,0.09999999999999998
7.422149999999496,0.10000000000000009
7.423819999999496,0.10000000000000009
7.425489999999495,0.10000000000000009
7.427159999999495,0.10000000000000009
7.428829999999495,0.09999999999999998
7.430499999999495,0.10000000000000009
7.432169999999495,0.10000000000000009
7.433839999999495,0.10000000000000009
7.4355099999994945,0.10000000000000009
7.437179999999494,0.09999999999999998
7.438849999999494,0.10000000000000009
7.440519999999494,0.10000000000000009
7.442189999999494,0.10000000000000009
7.443859999999494,0.10000000000000009
7.4455299999994935,0.09999999999999998
7.447199999999493,0.10000000000000009
7.448869999999493,0.10000000000000009
7.450539999999493,0.10000000000000009
7.452209999999493,0.10000000000000009
7.453879999999493,0.10000000000000009
7.4555499999994925,0.10000000000000009
7.457219999999492,0.10000000000000009
7.458889999999492,0.10000000000000009
7.460559999999492,0.10000000000000009
7.462229999999492,0.10000000000000009
7.463899999999492,0.10000000000000009
7.465569999999492,0.10000000000000009
7.467239999999491,0.10000000000000009
7.468909999999491,0.10000000000000009
7.470579999999491,0.10000000000000009
7.472249999999491,0.10000000000000009
7.473919999999491,0.10000000000000009
7.475589999999491,0.10000000000000009
7.47725999999949,0.10000000000000009
7.47892999999949,0.10000000000000009
7.48059999999949,0.10000000000000009
7.48226999999949,0.10000000000000009
7.48393999999949,0.10000000000000009
7.48560999999949,0.10000000000000009
7.4872799999994895,0.10000000000000009
7.488949999999489,0.10000000000000009
7.490619999999489,0.10000000000000009
7.492289999999489,0.10000000000000009
7.493959999999489,0.10000000000000009
7.495629999999489,0.10000000000000009
7.4972999999994885,0.10000000000000009
7.498969999999488,0.10000000000000009
7.500639999999488,0.1000000000000002
7.502309999999488,0.10000000000000009
7.503979999999488,0.09999999999999998
7.505649999999488,0.10000000000000009
7.5073199999994875,0.1000000000000002
7.508989999999487,0.10000000000000009
7.510659999999487,0.09999999999999998
7.512329999999487,0.10000000000000009
7.513999999999487,0.1000000000000002
7.515669999999487,0.10000000000000009
7.5173399999994865,0.10000000000000009
7.519009999999486,0.10000000000000009
7.520679999999486,0.10000000000000009
7.522349999999486,0.10000000000000009
7.524019999999486,0.09999999999999998
7.525689999999486,0.10000000000000009
7.527359999999486,0.1000000000000002
7.529029999999485,0.10000000000000009
7.530699999999485,0.09999999999999998
7.532369999999485,0.10000000000000009
7.534039999999485,0.1000000000000002
7.535709999999485,0.10000000000000009
7.537379999999485,0.09999999999999998
7.539049999999484,0.10000000000000009
7.540719999999484,0.1000000000000002
7.542389999999484,0.10000000000000009
7.544059999999484,0.09999999999999998
7.545729999999484,0.10000000000000009
7.547399999999484,0.1000000000000002
7.5490699999994835,0.10000000000000009
7.550739999999483,0.10000000000000009
7.552409999999483,0.10000000000000009
7.554079999999483,0.10000000000000009
7.555749999999483,0.10000000000000009
7.557419999999483,0.09999999999999998
7.5590899999994825,0.10000000000000009
7.560759999999482,0.1000000000000002
7.562429999999482,0.10000000000000009
7.564099999999482,0.09999999999999998
7.565769999999482,0.10000000000000009
7.567439999999482,0.1000000000000002
7.5691099999994815,0.10000000000000009
7.570779999999481,0.09999999999999998
7.572449999999481,0.10000000000000009
7.574119999999481,0.1000000000000002
7.575789999999481,0.10000000000000009
7.577459999999481,0.09999999999999998
7.579129999999481,0.10000000000000009
7.58079999999948,0.1000000000000002
7.58246999999948,0.10000000000000009
7.58413999999948,0.10000000000000009
7.58580999999948,0.10000000000000009
7.58747999999948,0.10000000000000009
7.58914999999948,0.10000000000000009
7.590819999999479,0.09999999999999998
7.592489999999479,0.10000000000000009
7.594159999999479,0.1000000000000002
7.595829999999479,0.10000000000000009
7.597499999999479,0.09999999999999998
7.599169999999479,0.10000000000000009
7.6008399999994785,0.1000000000000002
7.602509999999478,0.10000000000000009
7.604179999999478,0.09999999999999998
7.605849999999478,0.10000000000000009
7.607519999999478,0.1000000000000002
7.609189999999478,0.10000000000000009
7.6108599999994775,0.09999999999999998
7.612529999999477,0.10000000000000009
7.614199999999477,0.1000000000000002
7.615869999999477,0.10000000000000009
7.617539999999477,0.09999999999999998
7.619209999999477,0.10000000000000009
7.6208799999994765,0.10000000000000009
7.622549999999476,0.10000000000000009
7.624219999999476,0.09999999999999998
7.625889999999476,0.09999999999999998
7.627559999999476,0.1000000000000002
7.629229999999476,0.10000000000000009
7.6308999999994755,0.09999999999999998
7.632569999999475,0.10000000000000009
7.634239999999475,0.10000000000000009
7.635909999999475,0.10000000000000009
7.637579999999475,0.09999999999999998
7.639249999999475,0.10000000000000009
7.640919999999475,0.1000000000000002
7.642589999999474,0.09999999999999998
7.644259999999474,0.09999999999999998
7.645929999999474,0.10000000000000009
7.647599999999474,0.1000000000000002
7.649269999999474,0.10000000000000009
7.650939999999474,0.09999999999999998
7.6526099999994734,0.10000000000000009
7.654279999999473,0.10000000000000009
7.655949999999473,0.10000000000000009
7.657619999999473,0.09999999999999998
7.659289999999473,0.09999999999999998
7.660959999999473,0.1000000000000002
7.6626299999994725,0.10000000000000009
7.664299999999472,0.09999999999999998
7.665969999999472,0.10000000000000009
7.667639999999472,0.10000000000000009
7.669309999999472,0.10000000000000009
7.670979999999472,0.09999999999999998
7.6726499999994715,0.10000000000000009
7.674319999999471,0.1000000000000002
7.675989999999471,0.09999999999999998
7.677659999999471,0.09999999999999998
7.679329999999471,0.10000000000000009
7.680999999999471,0.1000000000000002
7.6826699999994705,0.10000000000000009
7.68433999999947,0.09999999999999998
7.68600999999947,0.10000000000000009
7.68767999999947,0.10000000000000009
7.68934999999947,0.10000000000000009
7.69101999999947,0.09999999999999998
7.69268999999947,0.09999999999999998
7.694359999999469,0.1000000000000002
7.696029999999469,0.10000000000000009
7.697699999999469,0.09999999999999998
7.699369999999469,0.10000000000000009
7.701039999999469,0.10000000000000009
7.702709999999469,0.10000000000000009
7.704379999999468,0.09999999999999998
7.706049999999468,0.10000000000000009
7.707719999999468,0.1000000000000002
7.709389999999468,0.09999999999999998
7.711059999999468,0.09999999999999998
7.712729999999468,0.10000000000000009
7.7143999999994675,0.1000000000000002
7.716069999999467,0.10000000000000009
7.717739999999467,0.09999999999999998
7.719409999999467,0.10000000000000009
7.721079999999467,0.10000000000000009
7.722749999999467,0.10000000000000009
7.7244199999994665,0.09999999999999998
7.726089999999466,0.09999999999999998
7.727759999999466,0.1000000000000002
7.729429999999466,0.10000000000000009
7.731099999999466,0.09999999999999998
7.732769999999466,0.10000000000000009
7.7344399999994655,0.10000000000000009
7.736109999999465,0.10000000000000009
7.737779999999465,0.09999999999999998
7.739449999999465,0.10000000000000009
7.741119999999465,0.1000000000000002
7.742789999999465,0.09999999999999998
7.7444599999994646,0.09999999999999998
7.746129999999464,0.10000000000000009
7.747799999999464,0.1000000000000002
7.749469999999464,0.10000000000000009
7.751139999999464,0.09999999999999998
7.752809999999464,0.10000000000000009
7.754479999999464,0.10000000000000009
7.756149999999463,0.10000000000000009
7.757819999999463,0.09999999999999998
7.759489999999463,0.09999999999999998
7.761159999999463,0.1000000000000002
7.762829999999463,0.10000000000000009
7.764499999999463,0.09999999999999998
7.7661699999994624,0.10000000000000009
7.767839999999462,0.10000000000000009
7.769509999999462,0.10000000000000009
7.771179999999462,0.09999999999999998
7.772849999999462,0.10000000000000009
7.774519999999462,0.1000000000000002
7.7761899999994615,0.09999999999999998
7.777859999999461,0.09999999999999998
7.779529999999461,0.10000000000000009
7.781199999999461,0.1000000000000002
7.782869999999461,0.10000000000000009
7.784539999999461,0.09999999999999998
7.7862099999994605,0.10000000000000009
7.78787999999946,0.10000000000000009
7.78954999999946,0.10000000000000009
7.79121999999946,0.09999999999999998
7.79288999999946,0.09999999999999998
7.79455999999946,0.1000000000000002
7.7962299999994595,0.10000000000000009
7.797899999999459,0.09999999999999998
7.799569999999459,0.10000000000000009
7.801239999999459,0.10000000000000009
7.802909999999459,0.10000000000000009
7.804579999999459,0.09999999999999998
7.806249999999459,0.10000000000000009
7.807919999999458,0.1000000000000002
7.809589999999458,0.09999999999999998
7.811259999999458,0.09999999999999998
7.812929999999458,0.10000000000000009
7.814599999999458,0.1000000000000002
7.816269999999458,0.10000000000000009
7.817939999999457,0.09999999999999998
7.819609999999457,0.10000000000000009
7.821279999999457,0.10000000000000009
7.822949999999457,0.10000000000000009
7.824619999999457,0.09999999999999998
7.826289999999457,0.09999999999999998
7.8279599999994565,0.1000000000000002
7.829629999999456,0.10000000000000009
7.831299999999456,0.09999999999999998
7.832969999999456,0.10000000000000009
7.834639999999456,0.10000000000000009
7.836309999999456,0.10000000000000009
7.8379799999994555,0.09999999999999998
7.839649999999455,0.10000000000000009
7.841319999999455,0.1000000000000002
7.842989999999455,0.09999999999999998
7.844659999999455,0.09999999999999998
7.846329999999455,0.09999999999999998
7.8479999999994545,0.1000000000000002
7.849669999999454,0.10000000000000009
7.851339999999454,0.09999999999999987
7.853009999999454,0.10000000000000009
7.854679999999454,0.10000000000000009
7.856349999999454,0.10000000000000009
7.8580199999994536,0.09999999999999998
7.859689999999453,0.09999999999999998
7.861359999999453,0.1000000000000002
7.863029999999453,0.09999999999999998
7.864699999999453,0.09999999999999998
7.866369999999453,0.10000000000000009
7.868039999999453,0.10000000000000009
7.869709999999452,0.10000000000000009
7.871379999999452,0.09999999999999998
7.873049999999452,0.10000000000000009
7.874719999999452,0.10000000000000009
7.876389999999452,0.09999999999999998
7.878059999999452,0.09999999999999998
7.8797299999994515,0.09999999999999998
7.881399999999451,0.1000000000000002
7.883069999999451,0.10000000000000009
7.884739999999451,0.09999999999999987
7.886409999999451,0.10000000000000009
7.888079999999451,0.10000000000000009
7.8897499999994505,0.10000000000000009
7.89141999999945,0.09999999999999998
7.89308999999945,0.09999999999999998
7.89475999999945,0.1000000000000002
7.89642999999945,0.09999999999999998
7.89809999999945,0.09999999999999998
7.8997699999994495,0.10000000000000009
7.901439999999449,0.10000000000000009
7.903109999999449,0.10000000000000009
7.904779999999449,0.09999999999999998
7.906449999999449,0.10000000000000009
7.908119999999449,0.10000000000000009
7.9097899999994485,0.09999999999999998
7.911459999999448,0.09999999999999998
7.913129999999448,0.09999999999999998
7.914799999999448,0.10000000000000009
7.916469999999448,0.10000000000000009
7.918139999999448,0.09999999999999987
7.919809999999448,0.10000000000000009
7.921479999999447,0.10000000000000009
7.923149999999447,0.09999999999999998
7.924819999999447,0.09999999999999998
7.926489999999447,0.09999999999999998
7.928159999999447,0.1000000000000002
7.929829999999447,0.09999999999999998
7.931499999999446,0.09999999999999987
7.933169999999446,0.10000000000000009
7.934839999999446,0.10000000000000009
7.936509999999446,0.10000000000000009
7.938179999999446,0.09999999999999998
7.939849999999446,0.09999999999999998
7.9415199999994455,0.10000000000000009
7.943189999999445,0.09999999999999998
7.944859999999445,0.09999999999999998
7.946529999999445,0.09999999999999998
7.948199999999445,0.10000000000000009
7.949869999999445,0.10000000000000009
7.9515399999994445,0.09999999999999987
7.953209999999444,0.10000000000000009
7.954879999999444,0.10000000000000009
7.956549999999444,0.09999999999999998
7.958219999999444,0.09999999999999998
7.959889999999444,0.09999999999999998
7.9615599999994435,0.1000000000000002
7.963229999999443,0.09999999999999998
7.964899999999443,0.09999999999999987
7.966569999999443,0.10000000000000009
7.968239999999443,0.10000000000000009
7.969909999999443,0.10000000000000009
7.971579999999443,0.09999999999999998
7.973249999999442,0.09999999999999998
7.974919999999442,0.10000000000000009
7.976589999999442,0.09999999999999998
7.978259999999442,0.09999999999999998
7.979929999999442,0.09999999999999998
7.981599999999442,0.10000000000000009
7.983269999999441,0.10000000000000009
7.984939999999441,0.09999999999999987
7.986609999999441,0.10000000000000009
7.988279999999441,0.10000000000000009
7.989949999999441,0.09999999999999998
7.991619999999441,0.09999999999999998
7.9932899999994405,0.09999999999999998
7.99495999999944,0.1000000000000002
7.99662999999944,0.09999999999999998
7.99829999999944,0.09999999999999987
7.99996999999944,0.10000000000000009
8.00163999999944,0.09999999999999998
8.003309999999441,0.09999999999999998
8.004979999999442,0.10000000000000009
8.006649999999443,0.09999999999999998
8.008319999999443,0.10000000000000009
8.009989999999444,0.09999999999999998
8.011659999999445,0.09999999999999998
8.013329999999446,0.10000000000000009
8.014999999999446,0.09999999999999998
8.016669999999447,0.10000000000000009
8.018339999999448,0.09999999999999998
8.020009999999449,0.09999999999999998
8.02167999999945,0.10000000000000009
8.02334999999945,0.09999999999999998
8.02501999999945,0.10000000000000009
8.026689999999451,0.09999999999999998
8.028359999999452,0.09999999999999998
8.030029999999453,0.10000000000000009
8.031699999999454,0.09999999999999998
8.033369999999454,0.10000000000000009
8.035039999999455,0.09999999999999998
8.036709999999456,0.09999999999999998
8.038379999999457,0.10000000000000009
8.040049999999457,0.09999999999999998
8.041719999999458,0.10000000000000009
8.043389999999459,0.09999999999999998
8.04505999999946,0.09999999999999998
8.04672999999946,0.10000000000000009
8.04839999999946,0.09999999999999998
8.050069999999462,0.10000000000000009
8.051739999999462,0.09999999999999998
8.053409999999463,0.09999999999999998
8.055079999999464,0.10000000000000009
8.056749999999465,0.09999999999999998
8.058419999999465,0.10000000000000009
8.060089999999466,0.09999999999999998
8.061759999999467,0.09999999999999998
8.063429999999467,0.10000000000000009
8.065099999999468,0.09999999999999998
8.066769999999469,0.10000000000000009
8.06843999999947,0.09999999999999998
8.07010999999947,0.09999999999999998
8.071779999999471,0.10000000000000009
8.073449999999472,0.09999999999999998
8.075119999999472,0.10000000000000009
8.076789999999473,0.09999999999999998
8.078459999999474,0.09999999999999998
8.080129999999475,0.10000000000000009
8.081799999999475,0.09999999999999998
8.083469999999476,0.10000000000000009
8.085139999999477,0.09999999999999998
8.086809999999478,0.09999999999999998
8.088479999999478,0.09999999999999998
8.090149999999479,0.09999999999999998
8.09181999999948,0.10000000000000009
8.09348999999948,0.09999999999999998
8.095159999999481,0.09999999999999998
8.096829999999482,0.09999999999999998
8.098499999999483,0.09999999999999998
8.100169999999483,0.10000000000000009
8.101839999999484,0.09999999999999998
8.103509999999485,0.09999999999999998
8.105179999999486,0.09999999999999998
8.106849999999486,0.09999999999999998
8.108519999999487,0.10000000000000009
8.110189999999488,0.09999999999999998
8.111859999999488,0.09999999999999998
8.11352999999949,0.09999999999999998
8.11519999999949,0.09999999999999998
8.11686999999949,0.10000000000000009
8.118539999999491,0.09999999999999998
8.120209999999492,0.09999999999999998
8.121879999999493,0.09999999999999998
8.123549999999494,0.09999999999999998
8.125219999999494,0.10000000000000009
8.126889999999495,0.09999999999999998
8.128559999999496,0.09999999999999998
8.130229999999496,0.09999999999999998
8.131899999999497,0.09999999999999998
8.133569999999498,0.10000000000000009
8.135239999999499,0.09999999999999998
8.1369099999995,0.09999999999999998
8.1385799999995,0.09999999999999998
8.1402499999995,0.09999999999999998
8.141919999999502,0.10000000000000009
8.143589999999502,0.09999999999999998
8.145259999999503,0.09999999999999998
8.146929999999504,0.09999999999999998
8.148599999999504,0.09999999999999998
8.150269999999505,0.10000000000000009
8.151939999999506,0.09999999999999998
8.153609999999507,0.09999999999999998
8.155279999999507,0.09999999999999998
8.156949999999508,0.09999999999999998
8.158619999999509,0.10000000000000009
8.16028999999951,0.09999999999999998
8.16195999999951,0.09999999999999998
8.163629999999511,0.09999999999999998
8.165299999999512,0.09999999999999998
8.166969999999512,0.10000000000000009
8.168639999999513,0.09999999999999998
8.170309999999514,0.09999999999999998
8.171979999999515,0.09999999999999998
8.173649999999515,0.09999999999999998
8.175319999999516,0.10000000000000009
8.176989999999517,0.09999999999999998
8.178659999999518,0.09999999999999998
8.180329999999518,0.09999999999999998
8.181999999999519,0.09999999999999998
8.18366999999952,0.10000000000000009
8.18533999999952,0.09999999999999998
8.187009999999521,0.09999999999999998
8.188679999999522,0.09999999999999998
8.190349999999523,0.09999999999999998
8.192019999999523,0.10000000000000009
8.193689999999524,0.09999999999999998
8.195359999999525,0.09999999999999998
8.197029999999526,0.09999999999999998
8.198699999999526,0.09999999999999998
8.200369999999527,0.10000000000000009
8.202039999999528,0.09999999999999998
8.203709999999528,0.09999999999999998
8.20537999999953,0.09999999999999998
8.20704999999953,0.09999999999999998
8.20871999999953,0.10000000000000009
8.210389999999531,0.09999999999999998
8.212059999999532,0.09999999999999998
8.213729999999533,0.09999999999999998
8.215399999999534,0.09999999999999998
8.217069999999534,0.10000000000000009
8.218739999999535,0.09999999999999998
8.220409999999536,0.09999999999999998
8.222079999999536,0.09999999999999998
8.223749999999537,0.09999999999999998
8.225419999999538,0.10000000000000009
8.227089999999539,0.09999999999999998
8.22875999999954,0.09999999999999998
8.23042999999954,0.09999999999999998
8.23209999999954,0.09999999999999998
8.233769999999542,0.10000000000000009
8.235439999999542,0.09999999999999998
8.237109999999543,0.09999999999999998
8.238779999999544,0.09999999999999998
8.240449999999544,0.09999999999999998
8.242119999999545,0.10000000000000009
8.243789999999546,0.09999999999999998
8.245459999999547,0.09999999999999998
8.247129999999547,0.09999999999999998
8.248799999999548,0.09999999999999998
8.250469999999549,0.10000000000000009
8.25213999999955,0.09999999999999998
8.25380999999955,0.09999999999999998
8.255479999999551,0.09999999999999998
8.257149999999552,0.09999999999999998
8.258819999999552,0.10000000000000009
8.260489999999553,0.09999999999999998
8.262159999999554,0.09999999999999998
8.263829999999555,0.09999999999999998
8.265499999999555,0.09999999999999998
8.267169999999556,0.10000000000000009
8.268839999999557,0.09999999999999998
8.270509999999557,0.09999999999999998
8.272179999999558,0.09999999999999998
8.273849999999559,0.09999999999999998
8.27551999999956,0.10000000000000009
8.27718999999956,0.09999999999999998
8.278859999999561,0.09999999999999998
8.280529999999562,0.09999999999999998
8.282199999999563,0.09999999999999998
8.283869999999563,0.10000000000000009
8.285539999999564,0.09999999999999998
8.287209999999565,0.09999999999999998
8.288879999999565,0.09999999999999998
8.290549999999566,0.09999999999999998
8.292219999999567,0.10000000000000009
8.293889999999568,0.09999999999999998
8.295559999999568,0.09999999999999998
8.29722999999957,0.09999999999999998
8.29889999999957,0.09999999999999998
8.30056999999957,0.10000000000000009
8.302239999999571,0.09999999999999998
8.303909999999572,0.09999999999999998
8.305579999999573,0.09999999999999998
8.307249999999573,0.09999999999999998
8.308919999999574,0.10000000000000009
8.310589999999575,0.09999999999999998
8.312259999999576,0.09999999999999998
8.313929999999576,0.09999999999999998
8.315599999999577,0.09999999999999998
8.317269999999578,0.10000000000000009
8.318939999999579,0.09999999999999998
8.32060999999958,0.09999999999999998
8.32227999999958,0.09999999999999998
8.32394999999958,0.09999999999999998
8.325619999999581,0.10000000000000009
8.327289999999582,0.09999999999999998
8.328959999999583,0.09999999999999998
8.330629999999584,0.09999999999999998
8.332299999999584,0.09999999999999998
8.333969999999585,0.10000000000000009
8.335639999999586,0.09999999999999998
8.337309999999587,0.09999999999999998
8.338979999999587,0.09999999999999998
8.340649999999588,0.09999999999999998
8.342319999999589,0.10000000000000009
8.34398999999959,0.09999999999999998
8.34565999999959,0.09999999999999998
8.347329999999591,0.09999999999999998
8.348999999999592,0.09999999999999998
8.350669999999592,0.10000000000000009
8.352339999999593,0.09999999999999998
8.354009999999594,0.09999999999999998
8.355679999999595,0.09999999999999998
8.357349999999595,0.09999999999999998
8.359019999999596,0.10000000000000009
8.360689999999597,0.09999999999999998
8.362359999999597,0.09999999999999998
8.364029999999598,0.09999999999999998
8.365699999999599,0.09999999999999998
8.3673699999996,0.10000000000000009
8.3690399999996,0.09999999999999998
8.370709999999601,0.09999999999999998
8.372379999999602,0.09999999999999998
8.374049999999603,0.09999999999999998
8.375719999999603,0.10000000000000009
8.377389999999604,0.09999999999999998
8.379059999999605,0.09999999999999998
8.380729999999605,0.09999999999999998
8.382399999999606,0.09999999999999998
8.384069999999607,0.10000000000000009
8.385739999999608,0.09999999999999998
8.387409999999608,0.09999999999999998
8.389079999999609,0.09999999999999998
8.39074999999961,0.09999999999999998
8.39241999999961,0.10000000000000009
8.394089999999611,0.09999999999999998
8.395759999999612,0.09999999999999998
8.397429999999613,0.09999999999999998
8.399099999999613,0.09999999999999998
8.400769999999614,0.10000000000000009
8.402439999999615,0.09999999999999998
8.404109999999616,0.09999999999999998
8.405779999999616,0.09999999999999998
8.407449999999617,0.09999999999999998
8.409119999999618,0.10000000000000009
8.410789999999619,0.09999999999999998
8.41245999999962,0.09999999999999998
8.41412999999962,0.09999999999999998
8.41579999999962,0.09999999999999998
8.417469999999621,0.10000000000000009
8.419139999999622,0.09999999999999998
8.420809999999623,0.09999999999999998
8.422479999999624,0.09999999999999998
8.424149999999624,0.09999999999999998
8.425819999999625,0.10000000000000009
8.427489999999626,0.09999999999999998
8.429159999999627,0.09999999999999998
8.430829999999627,0.09999999999999998
8.432499999999628,0.09999999999999998
8.434169999999629,0.10000000000000009
8.43583999999963,0.09999999999999998
8.43750999999963,0.09999999999999998
8.43917999999963,0.09999999999999998
8.440849999999632,0.09999999999999998
8.442519999999632,0.10000000000000009
8.444189999999633,0.09999999999999998
8.445859999999634,0.09999999999999998
8.447529999999634,0.09999999999999998
8.449199999999635,0.09999999999999998
8.450869999999636,0.10000000000000009
8.452539999999637,0.09999999999999998
8.454209999999637,0.09999999999999998
8.455879999999638,0.09999999999999998
8.457549999999639,0.09999999999999998
8.45921999999964,0.09999999999999998
8.46088999999964,0.09999999999999998
8.462559999999641,0.09999999999999998
8.464229999999642,0.09999999999999998
8.465899999999642,0.09999999999999998
8.467569999999643,0.09999999999999998
8.469239999999644,0.09999999999999998
8.470909999999645,0.09999999999999998
8.472579999999645,0.09999999999999998
8.474249999999646,0.09999999999999998
8.475919999999647,0.09999999999999998
8.477589999999648,0.09999999999999998
8.479259999999648,0.09999999999999998
8.480929999999649,0.09999999999999998
8.48259999999965,0.09999999999999998
8.48426999999965,0.09999999999999998
8.485939999999651,0.09999999999999998
8.487609999999652,0.09999999999999998
8.489279999999653,0.09999999999999998
8.490949999999653,0.09999999999999998
8.492619999999654,0.09999999999999998
8.494289999999655,0.09999999999999998
8.495959999999656,0.09999999999999998
8.497629999999656,0.09999999999999998
8.499299999999657,0.09999999999999998
8.500969999999658,0.09999999999999998
8.502639999999658,0.09999999999999998
8.50430999999966,0.09999999999999998
8.50597999999966,0.09999999999999998
8.50764999999966,0.09999999999999998
8.509319999999661,0.09999999999999998
8.510989999999662,0.09999999999999998
8.512659999999663,0.09999999999999998
8.514329999999664,0.09999999999999998
8.515999999999664,0.09999999999999998
8.517669999999665,0.09999999999999998
8.519339999999666,0.09999999999999998
8.521009999999666,0.09999999999999998
8.522679999999667,0.09999999999999998
8.524349999999668,0.09999999999999998
8.526019999999669,0.09999999999999998
8.52768999999967,0.09999999999999998
8.52935999999967,0.09999999999999998
8.53102999999967,0.09999999999999998
8.532699999999672,0.09999999999999998
8.534369999999672,0.09999999999999998
8.536039999999673,0.09999999999999998
8.537709999999674,0.09999999999999998
8.539379999999674,0.09999999999999998
8.541049999999675,0.09999999999999998
8.542719999999676,0.09999999999999998
8.544389999999677,0.09999999999999998
8.546059999999677,0.09999999999999998
8.547729999999678,0.09999999999999998
8.549399999999679,0.09999999999999998
8.55106999999968,0.09999999999999998
8.55273999999968,0.09999999999999998
8.554409999999681,0.09999999999999998
8.556079999999682,0.09999999999999998
8.557749999999682,0.09999999999999998
8.559419999999683,0.09999999999999998
8.561089999999684,0.09999999999999998
8.562759999999685,0.09999999999999998
8.564429999999685,0.09999999999999998
8.566099999999686,0.09999999999999998
8.567769999999687,0.09999999999999998
8.569439999999688,0.09999999999999998
8.571109999999688,0.09999999999999998
8.572779999999689,0.09999999999999998
8.57444999999969,0.09999999999999998
8.57611999999969,0.09999999999999998
8.577789999999691,0.09999999999999998
8.579459999999692,0.09999999999999998
8.581129999999693,0.09999999999999998
8.582799999999693,0.09999999999999998
8.584469999999694,0.09999999999999998
8.586139999999695,0.09999999999999998
8.587809999999696,0.09999999999999998
8.589479999999696,0.09999999999999998
8.591149999999697,0.09999999999999998
8.592819999999698,0.09999999999999998
8.594489999999698,0.09999999999999998
8.5961599999997,0.09999999999999998
8.5978299999997,0.09999999999999998
8.5994999999997,0.09999999999999998
8.601169999999701,0.09999999999999998
8.602839999999702,0.09999999999999998
8.604509999999703,0.09999999999999998
8.606179999999704,0.09999999999999998
8.607849999999704,0.09999999999999998
8.609519999999705,0.09999999999999998
8.611189999999706,0.09999999999999998
8.612859999999706,0.09999999999999998
8.614529999999707,0.09999999999999998
8.616199999999708,0.09999999999999998
8.617869999999709,0.09999999999999998
8.61953999999971,0.09999999999999998
8.62120999999971,0.09999999999999998
8.62287999999971,0.09999999999999998
8.624549999999712,0.09999999999999998
8.626219999999712,0.09999999999999998
8.627889999999713,0.09999999999999998
8.629559999999714,0.09999999999999998
8.631229999999714,0.09999999999999998
8.632899999999715,0.09999999999999998
8.634569999999716,0.09999999999999998
8.636239999999717,0.09999999999999998
8.637909999999717,0.09999999999999998
8.639579999999718,0.09999999999999998
8.641249999999719,0.09999999999999998
8.64291999999972,0.09999999999999998
8.64458999999972,0.09999999999999998
8.646259999999721,0.09999999999999998
8.647929999999722,0.09999999999999998
8.649599999999722,0.09999999999999998
8.651269999999723,0.09999999999999998
8.652939999999724,0.09999999999999998
8.654609999999725,0.09999999999999998
8.656279999999725,0.09999999999999998
8.657949999999726,0.09999999999999998
8.659619999999727,0.09999999999999998
8.661289999999727,0.09999999999999998
8.662959999999728,0.09999999999999998
8.664629999999729,0.09999999999999998
8.66629999999973,0.09999999999999998
8.66796999999973,0.09999999999999998
8.669639999999731,0.09999999999999998
8.671309999999732,0.09999999999999998
8.672979999999733,0.09999999999999998
8.674649999999733,0.09999999999999998
8.676319999999734,0.09999999999999998
8.677989999999735,0.09999999999999998
8.679659999999735,0.09999999999999998
8.681329999999736,0.09999999999999998
8.682999999999737,0.09999999999999998
8.684669999999738,0.09999999999999998
8.686339999999738,0.09999999999999998
8.688009999999739,0.09999999999999998
8.68967999999974,0.09999999999999998
8.69134999999974,0.09999999999999998
8.693019999999741,0.09999999999999998
8.694689999999742,0.09999999999999998
8.696359999999743,0.09999999999999998
8.698029999999743,0.09999999999999998
8.699699999999744,0.09999999999999998
8.701369999999745,0.09999999999999998
8.703039999999746,0.09999999999999998
8.704709999999746,0.09999999999999998
8.706379999999747,0.09999999999999998
8.708049999999748,0.09999999999999998
8.709719999999749,0.09999999999999998
8.71138999999975,0.09999999999999998
8.71305999999975,0.09999999999999998
8.71472999999975,0.09999999999999998
8.716399999999751,0.09999999999999998
8.718069999999752,0.09999999999999998
8.719739999999753,0.09999999999999998
8.721409999999754,0.09999999999999998
8.723079999999754,0.09999999999999998
8.724749999999755,0.09999999999999998
8.726419999999756,0.09999999999999998
8.728089999999757,0.09999999999999998
8.729759999999757,0.09999999999999998
8.731429999999758,0.09999999999999998
8.733099999999759,0.09999999999999998
8.73476999999976,0.09999999999999998
8.73643999999976,0.09999999999999998
8.738109999999761,0.09999999999999998
8.739779999999762,0.09999999999999998
8.741449999999762,0.09999999999999998
8.743119999999763,0.09999999999999998
8.744789999999764,0.09999999999999998
8.746459999999765,0.09999999999999998
8.748129999999765,0.09999999999999998
8.749799999999766,0.09999999999999998
8.751469999999767,0.09999999999999998
8.753139999999767,0.09999999999999998
8.754809999999768,0.09999999999999998
8.756479999999769,0.09999999999999998
8.75814999999977,0.09999999999999998
8.75981999999977,0.09999999999999998
8.761489999999771,0.09999999999999998
8.763159999999772,0.09999999999999998
8.764829999999773,0.09999999999999998
8.766499999999773,0.09999999999999998
8.768169999999774,0.09999999999999998
8.769839999999775,0.09999999999999998
8.771509999999775,0.09999999999999998
8.773179999999776,0.09999999999999998
8.774849999999777,0.09999999999999998
8.776519999999778,0.09999999999999998
8.778189999999778,0.09999999999999998
8.779859999999779,0.09999999999999998
8.78152999999978,0.09999999999999998
8.78319999999978,0.09999999999999998
8.784869999999781,0.09999999999999998
8.786539999999782,0.09999999999999998
8.788209999999783,0.09999999999999998
8.789879999999783,0.09999999999999998
8.791549999999784,0.09999999999999998
8.793219999999785,0.09999999999999998
8.794889999999786,0.09999999999999998
8.796559999999786,0.09999999999999998
8.798229999999787,0.09999999999999998
8.799899999999788,0.09999999999999998
8.801569999999789,0.09999999999999998
8.80323999999979,0.09999999999999998
8.80490999999979,0.09999999999999998
8.80657999999979,0.09999999999999998
8.808249999999791,0.09999999999999998
8.809919999999792,0.09999999999999998
8.811589999999793,0.09999999999999998
8.813259999999794,0.09999999999999998
8.814929999999794,0.09999999999999998
8.816599999999795,0.09999999999999998
8.818269999999796,0.09999999999999998
8.819939999999796,0.09999999999999998
8.821609999999797,0.09999999999999998
8.823279999999798,0.09999999999999998
8.824949999999799,0.09999999999999998
8.8266199999998,0.09999999999999998
8.8282899999998,0.09999999999999998
8.8299599999998,0.09999999999999998
8.831629999999802,0.09999999999999998
8.833299999999802,0.09999999999999998
8.834969999999803,0.09999999999999998
8.836639999999804,0.09999999999999998
8.838309999999804,0.09999999999999998
8.839979999999805,0.09999999999999998
8.841649999999806,0.09999999999999998
8.843319999999807,0.09999999999999998
8.844989999999807,0.09999999999999998
8.846659999999808,0.09999999999999998
8.848329999999809,0.09999999999999998
8.84999999999981,0.09999999999999998
8.85166999999981,0.10000000000000009
8.853339999999811,0.09999999999999998
8.855009999999812,0.09999999999999998
8.856679999999812,0.09999999999999998
8.858349999999813,0.09999999999999998
8.860019999999814,0.10000000000000009
8.861689999999815,0.09999999999999998
8.863359999999815,0.09999999999999998
8.865029999999816,0.09999999999999998
8.866699999999817,0.09999999999999998
8.868369999999818,0.10000000000000009
8.870039999999818,0.09999999999999998
8.871709999999819,0.09999999999999998
8.87337999999982,0.09999999999999998
8.87504999999982,0.09999999999999998
8.876719999999821,0.10000000000000009
8.878389999999822,0.09999999999999998
8.880059999999823,0.09999999999999998
8.881729999999823,0.09999999999999998
8.883399999999824,0.09999999999999998
8.885069999999825,0.10000000000000009
8.886739999999826,0.09999999999999998
8.888409999999826,0.09999999999999998
8.890079999999827,0.09999999999999998
8.891749999999828,0.09999999999999998
8.893419999999828,0.10000000000000009
8.89508999999983,0.09999999999999998
8.89675999999983,0.09999999999999998
8.89842999999983,0.09999999999999998
8.900099999999831,0.09999999999999998
8.901769999999832,0.10000000000000009
8.903439999999833,0.09999999999999998
8.905109999999834,0.09999999999999998
8.906779999999834,0.09999999999999998
8.908449999999835,0.09999999999999998
8.910119999999836,0.10000000000000009
8.911789999999836,0.09999999999999998
8.913459999999837,0.09999999999999998
8.915129999999838,0.09999999999999998
8.916799999999839,0.09999999999999998
8.91846999999984,0.10000000000000009
8.92013999999984,0.09999999999999998
8.92180999999984,0.09999999999999998
8.923479999999842,0.09999999999999998
8.925149999999842,0.09999999999999998
8.926819999999843,0.10000000000000009
8.928489999999844,0.09999999999999998
8.930159999999844,0.09999999999999998
8.931829999999845,0.09999999999999998
8.933499999999846,0.09999999999999998
8.935169999999847,0.10000000000000009
8.936839999999847,0.09999999999999998
8.938509999999848,0.09999999999999998
8.940179999999849,0.09999999999999998
8.94184999999985,0.09999999999999998
8.94351999999985,0.10000000000000009
8.945189999999851,0.09999999999999998
8.946859999999852,0.09999999999999998
8.948529999999852,0.09999999999999998
8.950199999999853,0.09999999999999998
8.951869999999854,0.10000000000000009
8.953539999999855,0.09999999999999998
8.955209999999855,0.09999999999999998
8.956879999999856,0.09999999999999998
8.958549999999857,0.09999999999999998
8.960219999999858,0.10000000000000009
8.961889999999858,0.09999999999999998
8.963559999999859,0.09999999999999998
8.96522999999986,0.09999999999999998
8.96689999999986,0.09999999999999998
8.968569999999861,0.10000000000000009
8.970239999999862,0.09999999999999998
8.971909999999863,0.09999999999999998
8.973579999999863,0.09999999999999998
8.975249999999864,0.09999999999999998
8.976919999999865,0.10000000000000009
8.978589999999866,0.09999999999999998
8.980259999999866,0.09999999999999998
8.981929999999867,0.09999999999999998
8.983599999999868,0.09999999999999998
8.985269999999868,0.10000000000000009
8.98693999999987,0.09999999999999998
8.98860999999987,0.09999999999999998
8.99027999999987,0.09999999999999998
8.991949999999871,0.09999999999999998
8.993619999999872,0.10000000000000009
8.995289999999873,0.09999999999999998
8.996959999999874,0.09999999999999998
8.998629999999874,0.09999999999999998
9.000299999999875,0.09999999999999998
9.001969999999876,0.10000000000000009
9.003639999999876,0.09999999999999998
9.005309999999877,0.09999999999999998
9.006979999999878,0.09999999999999998
9.008649999999879,0.09999999999999998
9.01031999999988,0.10000000000000009
9.01198999999988,0.09999999999999998
9.01365999999988,0.09999999999999998
9.015329999999881,0.09999999999999998
9.016999999999882,0.09999999999999998
9.018669999999883,0.10000000000000009
9.020339999999884,0.09999999999999998
9.022009999999884,0.09999999999999998
9.023679999999885,0.09999999999999998
9.025349999999886,0.09999999999999998
9.027019999999887,0.10000000000000009
9.028689999999887,0.09999999999999998
9.030359999999888,0.09999999999999998
9.032029999999889,0.09999999999999998
9.03369999999989,0.09999999999999998
9.03536999999989,0.10000000000000009
9.037039999999891,0.09999999999999998
9.038709999999892,0.09999999999999998
9.040379999999892,0.09999999999999998
9.042049999999893,0.09999999999999998
9.043719999999894,0.10000000000000009
9.045389999999895,0.09999999999999998
9.047059999999895,0.09999999999999998
9.048729999999896,0.09999999999999998
9.050399999999897,0.09999999999999998
9.052069999999897,0.10000000000000009
9.053739999999898,0.09999999999999998
9.055409999999899,0.09999999999999998
9.0570799999999,0.09999999999999998
9.0587499999999,0.09999999999999998
9.060419999999901,0.10000000000000009
9.062089999999902,0.09999999999999998
9.063759999999903,0.09999999999999998
9.065429999999903,0.09999999999999998
9.067099999999904,0.09999999999999998
9.068769999999905,0.10000000000000009
9.070439999999905,0.09999999999999998
9.072109999999906,0.09999999999999998
9.073779999999907,0.09999999999999998
9.075449999999908,0.09999999999999998
9.077119999999908,0.10000000000000009
9.078789999999909,0.09999999999999998
9.08045999999991,0.09999999999999998
9.08212999999991,0.09999999999999998
9.083799999999911,0.09999999999999998
9.085469999999912,0.10000000000000009
9.087139999999913,0.09999999999999998
9.088809999999913,0.09999999999999998
9.090479999999914,0.09999999999999998
9.092149999999915,0.09999999999999998
9.093819999999916,0.10000000000000009
9.095489999999916,0.09999999999999998
9.097159999999917,0.09999999999999998
9.098829999999918,0.09999999999999998
9.100499999999919,0.09999999999999998
9.10216999999992,0.10000000000000009
9.10383999999992,0.09999999999999998
9.10550999999992,0.09999999999999998
9.107179999999921,0.09999999999999998
9.108849999999922,0.09999999999999998
9.110519999999923,0.10000000000000009
9.112189999999924,0.09999999999999998
9.113859999999924,0.09999999999999998
9.115529999999925,0.09999999999999998
9.117199999999926,0.09999999999999998
9.118869999999927,0.10000000000000009
9.120539999999927,0.09999999999999998
9.122209999999928,0.09999999999999998
9.123879999999929,0.09999999999999998
9.12554999999993,0.09999999999999998
9.12721999999993,0.10000000000000009
9.128889999999931,0.09999999999999998
9.130559999999932,0.09999999999999998
9.132229999999932,0.09999999999999998
9.133899999999933,0.09999999999999998
9.135569999999934,0.10000000000000009
9.137239999999935,0.09999999999999998
9.138909999999935,0.09999999999999998
9.140579999999936,0.09999999999999998
9.142249999999937,0.09999999999999998
9.143919999999937,0.10000000000000009
9.145589999999938,0.09999999999999998
9.147259999999939,0.09999999999999998
9.14892999999994,0.09999999999999998
9.15059999999994,0.09999999999999998
9.152269999999941,0.10000000000000009
9.153939999999942,0.09999999999999998
9.155609999999943,0.09999999999999998
9.157279999999943,0.09999999999999998
9.158949999999944,0.09999999999999998
9.160619999999945,0.10000000000000009
9.162289999999945,0.09999999999999998
9.163959999999946,0.09999999999999998
9.165629999999947,0.09999999999999998
9.167299999999948,0.09999999999999998
9.168969999999948,0.10000000000000009
9.170639999999949,0.09999999999999998
9.17230999999995,0.09999999999999998
9.17397999999995,0.09999999999999998
9.175649999999951,0.09999999999999998
9.177319999999952,0.10000000000000009
9.178989999999953,0.09999999999999998
9.180659999999953,0.09999999999999998
9.182329999999954,0.09999999999999998
9.183999999999955,0.09999999999999998
9.185669999999956,0.10000000000000009
9.187339999999956,0.09999999999999998
9.189009999999957,0.09999999999999998
9.190679999999958,0.09999999999999998
9.192349999999958,0.09999999999999998
9.19401999999996,0.10000000000000009
9.19568999999996,0.09999999999999998
9.19735999999996,0.09999999999999998
9.199029999999961,0.09999999999999998
9.200699999999962,0.09999999999999998
9.202369999999963,0.10000000000000009
9.204039999999964,0.09999999999999998
9.205709999999964,0.09999999999999998
9.207379999999965,0.09999999999999998
9.209049999999966,0.09999999999999998
9.210719999999966,0.10000000000000009
9.212389999999967,0.09999999999999998
9.214059999999968,0.09999999999999998
9.215729999999969,0.09999999999999998
9.21739999999997,0.09999999999999998
9.21906999999997,0.10000000000000009
9.22073999999997,0.09999999999999998
9.222409999999972,0.09999999999999998
9.224079999999972,0.09999999999999998
9.225749999999973,0.09999999999999998
9.227419999999974,0.10000000000000009
9.229089999999974,0.09999999999999998
9.230759999999975,0.09999999999999998
9.232429999999976,0.09999999999999998
9.234099999999977,0.09999999999999998
9.235769999999977,0.10000000000000009
9.237439999999978,0.09999999999999998
9.239109999999979,0.09999999999999998
9.24077999999998,0.09999999999999998
9.24244999999998,0.09999999999999998
9.244119999999981,0.10000000000000009
9.245789999999982,0.09999999999999998
9.247459999999982,0.09999999999999998
9.249129999999983,0.09999999999999998
9.250799999999984,0.09999999999999998
9.252469999999985,0.10000000000000009
9.254139999999985,0.09999999999999998
9.255809999999986,0.09999999999999998
9.257479999999987,0.09999999999999998
9.259149999999988,0.09999999999999998
9.260819999999988,0.10000000000000009
9.262489999999989,0.09999999999999998
9.26415999999999,0.09999999999999998
9.26582999999999,0.09999999999999998
9.267499999999991,0.09999999999999998
9.269169999999992,0.10000000000000009
9.270839999999993,0.09999999999999998
9.272509999999993,0.09999999999999998
9.274179999999994,0.09999999999999998
9.275849999999995,0.09999999999999998
9.277519999999996,0.10000000000000009
9.279189999999996,0.09999999999999998
9.280859999999997,0.09999999999999998
9.282529999999998,0.09999999999999998
9.284199999999998,0.09999999999999998
9.28587,0.10000000000000009
9.28754,0.09999999999999998
9.28921,0.09999999999999998
9.290880000000001,0.09999999999999998
9.292550000000002,0.09999999999999998
9.294220000000003,0.10000000000000009
9.295890000000004,0.09999999999999998
9.297560000000004,0.09999999999999998
9.299230000000005,0.09999999999999998
9.300900000000006,0.09999999999999998
9.302570000000006,0.10000000000000009
9.304240000000007,0.09999999999999998
9.305910000000008,0.09999999999999998
9.307580000000009,0.09999999999999998
9.30925000000001,0.09999999999999998
9.31092000000001,0.10000000000000009
9.31259000000001,0.09999999999999998
9.314260000000012,0.09999999999999998
9.315930000000012,0.09999999999999998
9.317600000000013,0.09999999999999998
9.319270000000014,0.09999999999999998
9.320940000000014,0.09999999999999998
9.322610000000015,0.09999999999999998
9.324280000000016,0.09999999999999998
9.325950000000017,0.09999999999999998
9.327620000000017,0.09999999999999998
9.329290000000018,0.09999999999999998
9.330960000000019,0.09999999999999998
9.33263000000002,0.09999999999999998
9.33430000000002,0.09999999999999998
9.335970000000021,0.09999999999999998
9.337640000000022,0.09999999999999998
9.339310000000022,0.09999999999999998
9.340980000000023,0.09999999999999998
9.342650000000024,0.09999999999999998
9.344320000000025,0.09999999999999998
9.345990000000025,0.09999999999999998
9.347660000000026,0.09999999999999998
9.349330000000027,0.09999999999999998
9.351000000000028,0.09999999999999998
9.352670000000028,0.09999999999999998
9.354340000000029,0.09999999999999998
9.35601000000003,0.09999999999999998
9.35768000000003,0.09999999999999998
9.359350000000031,0.09999999999999998
9.361020000000032,0.09999999999999998
9.362690000000033,0.09999999999999998
9.364360000000033,0.09999999999999998
9.366030000000034,0.09999999999999998
9.367700000000035,0.09999999999999998
9.369370000000036,0.09999999999999998
9.371040000000036,0.09999999999999998
9.372710000000037,0.09999999999999998
9.374380000000038,0.09999999999999998
9.376050000000038,0.09999999999999998
9.37772000000004,0.09999999999999998
9.37939000000004,0.09999999999999998
9.38106000000004,0.09999999999999998
9.382730000000041,0.09999999999999998
9.384400000000042,0.09999999999999998
9.386070000000043,0.09999999999999998
9.387740000000043,0.09999999999999998
9.389410000000044,0.09999999999999998
9.391080000000045,0.09999999999999998
9.392750000000046,0.09999999999999998
9.394420000000046,0.09999999999999998
9.396090000000047,0.09999999999999998
9.397760000000048,0.09999999999999998
9.399430000000049,0.09999999999999998
9.40110000000005,0.09999999999999998
9.40277000000005,0.09999999999999998
9.40444000000005,0.09999999999999998
9.406110000000051,0.09999999999999998
9.407780000000052,0.09999999999999998
9.409450000000053,0.09999999999999998
9.411120000000054,0.09999999999999998
9.412790000000054,0.09999999999999998
9.414460000000055,0.09999999999999998
9.416130000000056,0.09999999999999998
9.417800000000057,0.09999999999999998
9.419470000000057,0.09999999999999998
9.421140000000058,0.09999999999999998
9.422810000000059,0.09999999999999998
9.42448000000006,0.09999999999999998
9.42615000000006,0.09999999999999998
9.427820000000061,0.09999999999999998
9.429490000000062,0.09999999999999998
9.431160000000062,0.09999999999999998
9.432830000000063,0.09999999999999998
9.434500000000064,0.09999999999999998
9.436170000000065,0.09999999999999998
9.437840000000065,0.09999999999999998
9.439510000000066,0.09999999999999998
9.441180000000067,0.09999999999999998
9.442850000000067,0.09999999999999998
9.444520000000068,0.09999999999999998
9.446190000000069,0.09999999999999998
9.44786000000007,0.09999999999999998
9.44953000000007,0.09999999999999998
9.451200000000071,0.09999999999999998
9.452870000000072,0.09999999999999998
9.454540000000073,0.09999999999999998
9.456210000000073,0.09999999999999998
9.457880000000074,0.09999999999999998
9.459550000000075,0.09999999999999998
9.461220000000075,0.09999999999999998
9.462890000000076,0.09999999999999998
9.464560000000077,0.09999999999999998
9.466230000000078,0.09999999999999998
9.467900000000078,0.09999999999999998
9.469570000000079,0.09999999999999998
9.47124000000008,0.09999999999999998
9.47291000000008,0.09999999999999998
9.474580000000081,0.09999999999999998
9.476250000000082,0.09999999999999998
9.477920000000083,0.09999999999999998
9.479590000000083,0.09999999999999998
9.481260000000084,0.09999999999999998
9.482930000000085,0.09999999999999998
9.484600000000086,0.09999999999999998
9.486270000000086,0.09999999999999998
9.487940000000087,0.09999999999999998
9.489610000000088,0.09999999999999998
9.491280000000089,0.09999999999999998
9.49295000000009,0.09999999999999998
9.49462000000009,0.09999999999999998
9.49629000000009,0.09999999999999998
9.497960000000091,0.09999999999999998
9.499630000000092,0.09999999999999998
9.501300000000093,0.09999999999999998
9.502970000000094,0.09999999999999998
9.504640000000094,0.09999999999999998
9.506310000000095,0.09999999999999998
9.507980000000096,0.09999999999999998
9.509650000000097,0.09999999999999998
9.511320000000097,0.09999999999999998
9.512990000000098,0.09999999999999998
9.514660000000099,0.09999999999999998
9.5163300000001,0.09999999999999998
9.5180000000001,0.09999999999999998
9.5196700000001,0.09999999999999998
9.521340000000102,0.09999999999999998
9.523010000000102,0.09999999999999998
9.524680000000103,0.09999999999999998
9.526350000000104,0.09999999999999998
9.528020000000105,0.09999999999999998
9.529690000000105,0.09999999999999998
9.531360000000106,0.09999999999999998
9.533030000000107,0.09999999999999998
9.534700000000107,0.09999999999999998
9.536370000000108,0.09999999999999998
9.538040000000109,0.09999999999999998
9.53971000000011,0.09999999999999998
9.54138000000011,0.09999999999999998
9.543050000000111,0.09999999999999998
9.544720000000112,0.09999999999999998
9.546390000000113,0.09999999999999998
9.548060000000113,0.09999999999999998
9.549730000000114,0.09999999999999998
9.551400000000115,0.09999999999999998
9.553070000000115,0.09999999999999998
9.554740000000116,0.09999999999999998
9.556410000000117,0.09999999999999998
9.558080000000118,0.09999999999999998
9.559750000000118,0.09999999999999998
9.561420000000119,0.09999999999999998
9.56309000000012,0.09999999999999998
9.56476000000012,0.09999999999999998
9.566430000000121,0.09999999999999998
9.568100000000122,0.09999999999999998
9.569770000000123,0.09999999999999998
9.571440000000123,0.09999999999999998
9.573110000000124,0.09999999999999998
9.574780000000125,0.09999999999999998
9.576450000000126,0.09999999999999998
9.578120000000126,0.09999999999999998
9.579790000000127,0.09999999999999998
9.581460000000128,0.09999999999999998
9.583130000000128,0.09999999999999998
9.58480000000013,0.09999999999999998
9.58647000000013,0.09999999999999998
9.58814000000013,0.09999999999999998
9.589810000000131,0.09999999999999998
9.591480000000132,0.09999999999999998
9.593150000000133,0.09999999999999998
9.594820000000134,0.09999999999999998
9.596490000000134,0.09999999999999998
9.598160000000135,0.09999999999999998
9.599830000000136,0.09999999999999998
9.601500000000136,0.09999999999999998
9.603170000000137,0.09999999999999998
9.604840000000138,0.09999999999999998
9.606510000000139,0.09999999999999998
9.60818000000014,0.09999999999999998
9.60985000000014,0.09999999999999998
9.61152000000014,0.09999999999999998
9.613190000000142,0.09999999999999998
9.614860000000142,0.09999999999999998
9.616530000000143,0.09999999999999998
9.618200000000144,0.09999999999999998
9.619870000000144,0.09999999999999998
9.621540000000145,0.09999999999999998
9.623210000000146,0.09999999999999998
9.624880000000147,0.09999999999999998
9.626550000000147,0.09999999999999998
9.628220000000148,0.09999999999999998
9.629890000000149,0.09999999999999998
9.63156000000015,0.09999999999999998
9.63323000000015,0.09999999999999998
9.634900000000151,0.09999999999999998
9.636570000000152,0.09999999999999998
9.638240000000152,0.09999999999999998
9.639910000000153,0.09999999999999998
9.641580000000154,0.09999999999999998
9.643250000000155,0.09999999999999998
9.644920000000155,0.09999999999999998
9.646590000000156,0.09999999999999998
9.648260000000157,0.09999999999999998
9.649930000000158,0.09999999999999998
9.651600000000158,0.09999999999999998
9.653270000000159,0.09999999999999998
9.65494000000016,0.09999999999999998
9.65661000000016,0.09999999999999998
9.658280000000161,0.09999999999999998
9.659950000000162,0.09999999999999998
9.661620000000163,0.09999999999999998
9.663290000000163,0.09999999999999998
9.664960000000164,0.09999999999999998
9.666630000000165,0.09999999999999998
9.668300000000166,0.09999999999999998
9.669970000000166,0.09999999999999998
9.671640000000167,0.09999999999999998
9.673310000000168,0.09999999999999998
9.674980000000168,0.09999999999999998
9.67665000000017,0.09999999999999998
9.67832000000017,0.09999999999999998
9.67999000000017,0.09999999999999998
9.681660000000171,0.09999999999999998
9.683330000000172,0.09999999999999998
9.685000000000173,0.09999999999999998
9.686670000000174,0.09999999999999998
9.688340000000174,0.09999999999999998
9.690010000000175,0.09999999999999998
9.691680000000176,0.09999999999999998
9.693350000000176,0.09999999999999998
9.695020000000177,0.09999999999999998
9.696690000000178,0.09999999999999998
9.698360000000179,0.09999999999999998
9.70003000000018,0.09999999999999998
9.70170000000018,0.09999999999999998
9.70337000000018,0.09999999999999998
9.705040000000182,0.09999999999999998
9.706710000000182,0.09999999999999998
9.708380000000183,0.09999999999999998
9.710050000000184,0.09999999999999998
9.711720000000184,0.09999999999999998
9.713390000000185,0.09999999999999998
9.715060000000186,0.09999999999999998
9.716730000000187,0.09999999999999998
9.718400000000187,0.09999999999999998
9.720070000000188,0.09999999999999998
9.721740000000189,0.09999999999999998
9.72341000000019,0.09999999999999998
9.72508000000019,0.09999999999999998
9.726750000000191,0.09999999999999998
9.728420000000192,0.09999999999999998
9.730090000000192,0.09999999999999998
9.731760000000193,0.09999999999999998
9.733430000000194,0.09999999999999998
9.735100000000195,0.09999999999999998
9.736770000000195,0.09999999999999998
9.738440000000196,0.09999999999999998
9.740110000000197,0.09999999999999998
9.741780000000198,0.09999999999999998
9.743450000000198,0.09999999999999998
9.745120000000199,0.09999999999999998
9.7467900000002,0.09999999999999998
9.7484600000002,0.09999999999999998
9.750130000000201,0.09999999999999998
9.751800000000202,0.09999999999999998
9.753470000000203,0.09999999999999998
9.755140000000203,0.09999999999999998
9.756810000000204,0.09999999999999998
9.758480000000205,0.09999999999999998
9.760150000000205,0.09999999999999998
9.761820000000206,0.09999999999999998
9.763490000000207,0.09999999999999998
9.765160000000208,0.09999999999999998
9.766830000000208,0.09999999999999998
9.76850000000021,0.09999999999999998
9.77017000000021,0.09999999999999998
9.77184000000021,0.09999999999999998
9.773510000000211,0.09999999999999998
9.775180000000212,0.09999999999999998
9.776850000000213,0.09999999999999998
9.778520000000213,0.09999999999999998
9.780190000000214,0.09999999999999998
9.781860000000215,0.09999999999999998
9.783530000000216,0.09999999999999998
9.785200000000216,0.09999999999999998
9.786870000000217,0.09999999999999998
9.788540000000218,0.09999999999999998
9.790210000000219,0.09999999999999998
9.79188000000022,0.09999999999999998
9.79355000000022,0.09999999999999998
9.79522000000022,0.09999999999999998
9.796890000000221,0.09999999999999998
9.798560000000222,0.09999999999999998
9.800230000000223,0.09999999999999998
9.801900000000224,0.09999999999999998
9.803570000000224,0.09999999999999998
9.805240000000225,0.09999999999999998
9.806910000000226,0.09999999999999998
9.808580000000227,0.09999999999999998
9.810250000000227,0.09999999999999998
9.811920000000228,0.09999999999999998
9.813590000000229,0.09999999999999998
9.81526000000023,0.09999999999999998
9.81693000000023,0.09999999999999998
9.818600000000231,0.09999999999999998
9.820270000000232,0.09999999999999998
9.821940000000232,0.09999999999999998
9.823610000000233,0.09999999999999998
9.825280000000234,0.09999999999999998
9.826950000000235,0.09999999999999998
9.828620000000235,0.09999999999999998
9.830290000000236,0.09999999999999998
9.831960000000237,0.09999999999999998
9.833630000000237,0.09999999999999998
9.835300000000238,0.09999999999999998
9.836970000000239,0.09999999999999998
9.83864000000024,0.09999999999999998
9.84031000000024,0.09999999999999998
9.841980000000241,0.09999999999999998
9.843650000000242,0.09999999999999998
9.845320000000243,0.09999999999999998
9.846990000000243,0.09999999999999998
9.848660000000244,0.09999999999999998
9.850330000000245,0.09999999999999987
9.852000000000245,0.09999999999999998
9.853670000000246,0.09999999999999998
9.855340000000247,0.09999999999999998
9.857010000000248,0.09999999999999998
9.858680000000248,0.09999999999999987
9.860350000000249,0.09999999999999998
9.86202000000025,0.09999999999999998
9.86369000000025,0.09999999999999998
9.865360000000251,0.09999999999999998
9.867030000000252,0.09999999999999987
9.868700000000253,0.09999999999999998
9.870370000000253,0.09999999999999998
9.872040000000254,0.09999999999999998
9.873710000000255,0.09999999999999998
9.875380000000256,0.09999999999999987
9.877050000000256,0.09999999999999998
9.878720000000257,0.09999999999999998
9.880390000000258,0.09999999999999998
9.882060000000259,0.09999999999999998
9.88373000000026,0.09999999999999987
9.88540000000026,0.09999999999999998
9.88707000000026,0.09999999999999998
9.888740000000261,0.09999999999999998
9.890410000000262,0.09999999999999998
9.892080000000263,0.09999999999999987
9.893750000000264,0.09999999999999998
9.895420000000264,0.09999999999999998
9.897090000000265,0.09999999999999998
9.898760000000266,0.09999999999999998
9.900430000000267,0.09999999999999987
9.902100000000267,0.09999999999999998
9.903770000000268,0.09999999999999998
9.905440000000269,0.09999999999999998
9.90711000000027,0.09999999999999998
9.90878000000027,0.09999999999999987
9.91045000000027,0.09999999999999998
9.912120000000272,0.09999999999999998
9.913790000000272,0.09999999999999998
9.915460000000273,0.09999999999999998
9.917130000000274,0.09999999999999987
9.918800000000275,0.09999999999999998
9.920470000000275,0.09999999999999998
9.922140000000276,0.09999999999999998
9.923810000000277,0.09999999999999998
9.925480000000277,0.09999999999999987
9.927150000000278,0.09999999999999998
9.928820000000279,0.09999999999999998
9.93049000000028,0.09999999999999998
9.93216000000028,0.09999999999999998
9.933830000000281,0.09999999999999987
9.935500000000282,0.09999999999999998
9.937170000000282,0.09999999999999998
9.938840000000283,0.09999999999999998
9.940510000000284,0.09999999999999998
9.942180000000285,0.09999999999999987
9.943850000000285,0.09999999999999998
9.945520000000286,0.09999999999999998
9.947190000000287,0.09999999999999998
9.948860000000288,0.09999999999999998
9.950530000000288,0.09999999999999987
9.952200000000289,0.09999999999999998
9.95387000000029,0.09999999999999998
9.95554000000029,0.09999999999999998
9.957210000000291,0.09999999999999998
9.958880000000292,0.09999999999999987
9.960550000000293,0.09999999999999998
9.962220000000293,0.09999999999999998
9.963890000000294,0.09999999999999998
9.965560000000295,0.09999999999999998
9.967230000000296,0.09999999999999987
9.968900000000296,0.09999999999999998
9.970570000000297,0.09999999999999998
9.972240000000298,0.09999999999999998
9.973910000000298,0.09999999999999998
9.9755800000003,0.09999999999999987
9.9772500000003,0.09999999999999998
9.9789200000003,0.09999999999999998
9.980590000000301,0.09999999999999998
9.982260000000302,0.09999999999999998
9.983930000000303,0.09999999999999987
9.985600000000304,0.09999999999999998
9.987270000000304,0.09999999999999998
9.988940000000305,0.09999999999999998
9.990610000000306,0.09999999999999998
9.992280000000306,0.09999999999999987
9.993950000000307,0.09999999999999998
9.995620000000308,0.09999999999999998
9.997290000000309,0.09999999999999998
9.99896000000031,0.09999999999999998
10.00063000000031,0.09999999999999987
10.00230000000031,0.09999999999999998
10.003970000000312,0.09999999999999998
10.005640000000312,0.09999999999999998
10.007310000000313,0.09999999999999998
10.008980000000314,0.09999999999999987
10.010650000000314,0.09999999999999998
10.012320000000315,0.09999999999999998
10.013990000000316,0.09999999999999998
10.015660000000317,0.09999999999999998
10.017330000000317,0.09999999999999987
10.019000000000318,0.09999999999999998
10.020670000000319,0.09999999999999998
10.02234000000032,0.09999999999999998
10.02401000000032,0.09999999999999998
10.025680000000321,0.09999999999999987
10.027350000000322,0.09999999999999998
10.029020000000322,0.09999999999999998
10.030690000000323,0.09999999999999998
10.032360000000324,0.09999999999999998
10.034030000000325,0.09999999999999987
10.035700000000325,0.09999999999999998
10.037370000000326,0.09999999999999998
10.039040000000327,0.09999999999999998
10.040710000000328,0.09999999999999998
10.042380000000328,0.09999999999999987
10.044050000000329,0.09999999999999998
10.04572000000033,0.09999999999999998
10.04739000000033,0.09999999999999998
10.049060000000331,0.09999999999999998
10.050730000000332,0.09999999999999987
10.052400000000333,0.09999999999999998
10.054070000000333,0.09999999999999998
10.055740000000334,0.09999999999999998
10.057410000000335,0.09999999999999998
10.059080000000336,0.09999999999999987
10.060750000000336,0.09999999999999998
10.062420000000337,0.09999999999999998
10.064090000000338,0.09999999999999998
10.065760000000338,0.09999999999999998
10.06743000000034,0.09999999999999987
10.06910000000034,0.09999999999999998
10.07077000000034,0.09999999999999998
10.072440000000341,0.09999999999999998
10.074110000000342,0.09999999999999998
10.075780000000343,0.09999999999999987
10.077450000000344,0.09999999999999998
10.079120000000344,0.09999999999999998
10.080790000000345,0.09999999999999998
10.082460000000346,0.09999999999999998
10.084130000000346,0.09999999999999987
10.085800000000347,0.09999999999999998
10.087470000000348,0.09999999999999998
10.089140000000349,0.09999999999999998
10.09081000000035,0.09999999999999998
10.09248000000035,0.09999999999999987
10.09415000000035,0.09999999999999998
10.095820000000352,0.09999999999999998
10.097490000000352,0.09999999999999998
10.099160000000353,0.09999999999999998
10.100830000000354,0.09999999999999987
10.102500000000354,0.09999999999999998
10.104170000000355,0.09999999999999998
10.105840000000356,0.09999999999999998
10.107510000000357,0.09999999999999998
10.109180000000357,0.09999999999999987
10.110850000000358,0.09999999999999998
10.112520000000359,0.09999999999999998
10.11419000000036,0.09999999999999998
10.11586000000036,0.09999999999999998
10.117530000000361,0.09999999999999987
10.119200000000362,0.09999999999999998
10.120870000000362,0.09999999999999998
10.122540000000363,0.09999999999999998
10.124210000000364,0.09999999999999998
10.125880000000365,0.09999999999999987
10.127550000000365,0.09999999999999998
10.129220000000366,0.09999999999999998
10.130890000000367,0.09999999999999998
10.132560000000367,0.09999999999999998
10.134230000000368,0.09999999999999987
10.135900000000369,0.09999999999999998
10.13757000000037,0.09999999999999998
10.13924000000037,0.09999999999999998
10.140910000000371,0.09999999999999998
10.142580000000372,0.09999999999999987
10.144250000000373,0.09999999999999998
10.145920000000373,0.09999999999999998
10.147590000000374,0.09999999999999998
10.149260000000375,0.09999999999999998
10.150930000000375,0.09999999999999987
10.152600000000376,0.09999999999999998
10.154270000000377,0.09999999999999998
10.155940000000378,0.09999999999999998
10.157610000000378,0.09999999999999998
10.15928000000038,0.09999999999999987
10.16095000000038,0.09999999999999998
10.16262000000038,0.09999999999999998
10.164290000000381,0.09999999999999998
10.165960000000382,0.09999999999999998
10.167630000000383,0.09999999999999987
10.169300000000383,0.09999999999999998
10.170970000000384,0.09999999999999998
10.172640000000385,0.09999999999999998
10.174310000000386,0.09999999999999998
10.175980000000386,0.09999999999999987
10.177650000000387,0.09999999999999998
10.179320000000388,0.09999999999999998
10.180990000000389,0.09999999999999998
10.18266000000039,0.09999999999999998
10.18433000000039,0.09999999999999987
10.18600000000039,0.09999999999999998
10.187670000000391,0.09999999999999998
10.189340000000392,0.09999999999999998
10.191010000000393,0.09999999999999998
10.192680000000394,0.09999999999999987
10.194350000000394,0.09999999999999998
10.196020000000395,0.09999999999999998
10.197690000000396,0.09999999999999998
10.199360000000397,0.09999999999999998
10.201030000000397,0.09999999999999987
10.202700000000398,0.09999999999999998
10.204370000000399,0.09999999999999998
10.2060400000004,0.09999999999999998
10.2077100000004,0.09999999999999998
10.209380000000401,0.09999999999999987
10.211050000000402,0.09999999999999998
10.212720000000402,0.09999999999999998
10.214390000000403,0.09999999999999998
10.216060000000404,0.09999999999999998
10.217730000000405,0.09999999999999987
10.219400000000405,0.09999999999999998
10.221070000000406,0.09999999999999998
10.222740000000407,0.09999999999999998
10.224410000000407,0.09999999999999998
10.226080000000408,0.09999999999999987
10.227750000000409,0.09999999999999998
10.22942000000041,0.09999999999999998
10.23109000000041,0.09999999999999998
10.232760000000411,0.09999999999999998
10.234430000000412,0.09999999999999987
10.236100000000413,0.09999999999999998
10.237770000000413,0.09999999999999998
10.239440000000414,0.09999999999999998
10.241110000000415,0.09999999999999998
10.242780000000415,0.09999999999999987
10.244450000000416,0.09999999999999998
10.246120000000417,0.09999999999999998
10.247790000000418,0.09999999999999998
10.249460000000418,0.09999999999999998
10.251130000000419,0.09999999999999987
10.25280000000042,0.09999999999999998
10.25447000000042,0.09999999999999998
10.256140000000421,0.09999999999999998
10.257810000000422,0.09999999999999998
10.259480000000423,0.09999999999999987
10.261150000000423,0.09999999999999998
10.262820000000424,0.09999999999999998
10.264490000000425,0.09999999999999998
10.266160000000426,0.09999999999999998
10.267830000000426,0.09999999999999987
10.269500000000427,0.09999999999999998
10.271170000000428,0.09999999999999998
10.272840000000429,0.09999999999999998
10.27451000000043,0.09999999999999998
10.27618000000043,0.09999999999999987
10.27785000000043,0.09999999999999998
10.279520000000431,0.09999999999999998
10.281190000000432,0.09999999999999998
10.282860000000433,0.09999999999999998
10.284530000000434,0.09999999999999987
10.286200000000434,0.09999999999999998
10.287870000000435,0.09999999999999998
10.289540000000436,0.09999999999999998
10.291210000000437,0.09999999999999998
10.292880000000437,0.09999999999999987
10.294550000000438,0.09999999999999998
10.296220000000439,0.09999999999999998
10.29789000000044,0.09999999999999998
10.29956000000044,0.09999999999999998
10.30123000000044,0.09999999999999987
10.302900000000442,0.09999999999999998
10.304570000000442,0.09999999999999998
10.306240000000443,0.09999999999999998
10.307910000000444,0.09999999999999998
10.309580000000444,0.09999999999999987
10.311250000000445,0.09999999999999998
10.312920000000446,0.09999999999999998
10.314590000000447,0.09999999999999998
10.316260000000447,0.09999999999999998
10.317930000000448,0.09999999999999998
10.319600000000449,0.09999999999999998
10.32127000000045,0.09999999999999998
10.32294000000045,0.09999999999999998
10.324610000000451,0.09999999999999998
10.326280000000452,0.09999999999999998
10.327950000000452,0.09999999999999998
10.329620000000453,0.09999999999999998
10.331290000000454,0.09999999999999998
10.332960000000455,0.09999999999999998
10.334630000000455,0.09999999999999998
10.336300000000456,0.09999999999999998
10.337970000000457,0.09999999999999998
10.339640000000458,0.09999999999999998
10.341310000000458,0.09999999999999998
10.342980000000459,0.09999999999999998
10.34465000000046,0.09999999999999998
10.34632000000046,0.09999999999999998
10.347990000000461,0.09999999999999998
10.349660000000462,0.09999999999999998
10.351330000000463,0.09999999999999998
10.353000000000463,0.09999999999999998
10.354670000000464,0.09999999999999998
10.356340000000465,0.09999999999999998
10.358010000000466,0.09999999999999998
10.359680000000466,0.09999999999999998
10.361350000000467,0.09999999999999998
10.363020000000468,0.09999999999999998
10.364690000000468,0.09999999999999998
10.36636000000047,0.09999999999999998
10.36803000000047,0.09999999999999998
10.36970000000047,0.09999999999999998
10.371370000000471,0.09999999999999998
10.373040000000472,0.09999999999999998
10.374710000000473,0.09999999999999998
10.376380000000474,0.09999999999999998
10.378050000000474,0.09999999999999998
10.379720000000475,0.09999999999999998
10.381390000000476,0.09999999999999998
10.383060000000476,0.09999999999999998
10.384730000000477,0.09999999999999998
10.386400000000478,0.09999999999999998
10.388070000000479,0.09999999999999998
10.38974000000048,0.09999999999999998
10.39141000000048,0.09999999999999998
10.39308000000048,0.09999999999999998
10.394750000000482,0.09999999999999998
10.396420000000482,0.09999999999999998
10.398090000000483,0.09999999999999998
10.399760000000484,0.09999999999999998
10.401430000000484,0.09999999999999998
10.403100000000485,0.09999999999999998
10.404770000000486,0.09999999999999998
10.406440000000487,0.09999999999999998
10.408110000000487,0.09999999999999998
10.409780000000488,0.09999999999999998
10.411450000000489,0.09999999999999998
10.41312000000049,0.09999999999999998
10.41479000000049,0.09999999999999998
10.416460000000491,0.09999999999999998
10.418130000000492,0.09999999999999998
10.419800000000492,0.09999999999999998
10.421470000000493,0.09999999999999998
10.423140000000494,0.09999999999999998
10.424810000000495,0.09999999999999998
10.426480000000495,0.09999999999999998
10.428150000000496,0.09999999999999998
10.429820000000497,0.09999999999999998
10.431490000000498,0.09999999999999998
10.433160000000498,0.09999999999999998
10.434830000000499,0.09999999999999998
10.4365000000005,0.09999999999999998
10.4381700000005,0.09999999999999998
10.439840000000501,0.09999999999999998
10.441510000000502,0.09999999999999998
10.443180000000503,0.09999999999999998
10.444850000000503,0.09999999999999998
10.446520000000504,0.09999999999999998
10.448190000000505,0.09999999999999998
10.449860000000506,0.09999999999999998
10.451530000000506,0.09999999999999998
10.453200000000507,0.09999999999999998
10.454870000000508,0.09999999999999998
10.456540000000508,0.09999999999999998
10.45821000000051,0.09999999999999998
10.45988000000051,0.09999999999999998
10.46155000000051,0.09999999999999998
10.463220000000511,0.09999999999999998
10.464890000000512,0.09999999999999998
10.466560000000513,0.09999999999999998
10.468230000000514,0.09999999999999998
10.469900000000514,0.09999999999999998
10.471570000000515,0.09999999999999998
10.473240000000516,0.09999999999999998
10.474910000000516,0.09999999999999998
10.476580000000517,0.09999999999999998
10.478250000000518,0.09999999999999998
10.479920000000519,0.09999999999999998
10.48159000000052,0.09999999999999998
10.48326000000052,0.09999999999999998
10.48493000000052,0.09999999999999998
10.486600000000522,0.09999999999999998
10.488270000000522,0.09999999999999998
10.489940000000523,0.09999999999999998
10.491610000000524,0.09999999999999998
10.493280000000524,0.09999999999999998
10.494950000000525,0.09999999999999998
10.496620000000526,0.09999999999999998
10.498290000000527,0.09999999999999998
10.499960000000527,0.09999999999999998
10.501630000000528,0.09999999999999998
10.503300000000529,0.09999999999999987
10.50497000000053,0.10000000000000009
10.50664000000053,0.09999999999999998
10.508310000000531,0.09999999999999998
10.509980000000532,0.09999999999999998
10.511650000000532,0.09999999999999987
10.513320000000533,0.10000000000000009
10.514990000000534,0.09999999999999998
10.516660000000535,0.09999999999999998
10.518330000000535,0.09999999999999998
10.520000000000536,0.09999999999999987
10.521670000000537,0.10000000000000009
10.523340000000537,0.09999999999999998
10.525010000000538,0.09999999999999998
10.526680000000539,0.09999999999999998
10.52835000000054,0.09999999999999987
10.53002000000054,0.10000000000000009
10.531690000000541,0.09999999999999998
10.533360000000542,0.09999999999999998
10.535030000000543,0.09999999999999998
10.536700000000543,0.09999999999999987
10.538370000000544,0.10000000000000009
10.540040000000545,0.09999999999999998
10.541710000000545,0.09999999999999998
10.543380000000546,0.09999999999999998
10.545050000000547,0.09999999999999987
10.546720000000548,0.10000000000000009
10.548390000000548,0.09999999999999998
10.550060000000549,0.09999999999999998
10.55173000000055,0.09999999999999998
10.55340000000055,0.09999999999999987
10.555070000000551,0.10000000000000009
10.556740000000552,0.09999999999999998
10.558410000000553,0.09999999999999998
10.560080000000553,0.09999999999999998
10.561750000000554,0.09999999999999987
10.563420000000555,0.10000000000000009
10.565090000000556,0.09999999999999998
10.566760000000556,0.09999999999999998
10.568430000000557,0.09999999999999998
10.570100000000558,0.09999999999999987
10.571770000000559,0.10000000000000009
10.57344000000056,0.09999999999999998
10.57511000000056,0.09999999999999998
10.57678000000056,0.09999999999999998
10.578450000000561,0.09999999999999987
10.580120000000562,0.10000000000000009
10.581790000000563,0.09999999999999998
10.583460000000564,0.09999999999999998
10.585130000000564,0.09999999999999998
10.586800000000565,0.09999999999999987
10.588470000000566,0.10000000000000009
10.590140000000567,0.09999999999999998
10.591810000000567,0.09999999999999998
10.593480000000568,0.09999999999999998
10.595150000000569,0.09999999999999987
10.59682000000057,0.10000000000000009
10.59849000000057,0.09999999999999998
10.600160000000571,0.09999999999999998
10.601830000000572,0.09999999999999998
10.603500000000572,0.09999999999999987
10.605170000000573,0.10000000000000009
10.606840000000574,0.09999999999999998
10.608510000000575,0.09999999999999998
10.610180000000575,0.09999999999999998
10.611850000000576,0.09999999999999987
10.613520000000577,0.10000000000000009
10.615190000000577,0.09999999999999998
10.616860000000578,0.09999999999999998
10.618530000000579,0.09999999999999998
10.62020000000058,0.09999999999999987
10.62187000000058,0.10000000000000009
10.623540000000581,0.09999999999999998
10.625210000000582,0.09999999999999998
10.626880000000583,0.09999999999999998
10.628550000000583,0.09999999999999987
10.630220000000584,0.10000000000000009
10.631890000000585,0.09999999999999998
10.633560000000585,0.09999999999999998
10.635230000000586,0.09999999999999998
10.636900000000587,0.09999999999999987
10.638570000000588,0.10000000000000009
10.640240000000588,0.09999999999999998
10.641910000000589,0.09999999999999998
10.64358000000059,0.09999999999999998
10.64525000000059,0.09999999999999987
10.646920000000591,0.10000000000000009
10.648590000000592,0.09999999999999998
10.650260000000593,0.09999999999999998
10.651930000000593,0.09999999999999998
10.653600000000594,0.09999999999999987
10.655270000000595,0.10000000000000009
10.656940000000596,0.09999999999999998
10.658610000000596,0.09999999999999998
10.660280000000597,0.09999999999999998
10.661950000000598,0.09999999999999987
10.663620000000599,0.10000000000000009
10.6652900000006,0.09999999999999998
10.6669600000006,0.09999999999999998
10.6686300000006,0.09999999999999998
10.670300000000601,0.09999999999999987
10.671970000000602,0.10000000000000009
10.673640000000603,0.09999999999999998
10.675310000000604,0.09999999999999998
10.676980000000604,0.09999999999999998
10.678650000000605,0.09999999999999987
10.680320000000606,0.10000000000000009
10.681990000000606,0.09999999999999998
10.683660000000607,0.09999999999999998
10.685330000000608,0.09999999999999998
10.687000000000609,0.09999999999999987
10.68867000000061,0.10000000000000009
10.69034000000061,0.09999999999999998
10.69201000000061,0.09999999999999998
10.693680000000612,0.09999999999999998
10.695350000000612,0.09999999999999987
10.697020000000613,0.10000000000000009
10.698690000000614,0.09999999999999998
10.700360000000614,0.09999999999999998
10.702030000000615,0.09999999999999998
10.703700000000616,0.09999999999999987
10.705370000000617,0.10000000000000009
10.707040000000617,0.09999999999999998
10.708710000000618,0.09999999999999998
10.710380000000619,0.09999999999999998
10.71205000000062,0.09999999999999987
10.71372000000062,0.10000000000000009
10.715390000000621,0.09999999999999998
10.717060000000622,0.09999999999999998
10.718730000000622,0.09999999999999998
10.720400000000623,0.09999999999999987
10.722070000000624,0.10000000000000009
10.723740000000625,0.09999999999999998
10.725410000000625,0.09999999999999998
10.727080000000626,0.09999999999999998
10.728750000000627,0.09999999999999987
10.730420000000628,0.10000000000000009
10.732090000000628,0.09999999999999998
10.733760000000629,0.09999999999999998
10.73543000000063,0.09999999999999998
10.73710000000063,0.09999999999999987
10.738770000000631,0.10000000000000009
10.740440000000632,0.09999999999999998
10.742110000000633,0.09999999999999998
10.743780000000633,0.09999999999999998
10.745450000000634,0.09999999999999987
10.747120000000635,0.10000000000000009
10.748790000000636,0.09999999999999998
10.750460000000636,0.09999999999999998
10.752130000000637,0.09999999999999998
10.753800000000638,0.09999999999999987
10.755470000000638,0.10000000000000009
10.75714000000064,0.09999999999999998
10.75881000000064,0.09999999999999998
10.76048000000064,0.09999999999999998
10.762150000000641,0.09999999999999987
10.763820000000642,0.10000000000000009
10.765490000000643,0.09999999999999998
10.767160000000644,0.09999999999999998
10.768830000000644,0.09999999999999998
10.770500000000645,0.10000000000000009
10.772170000000646,0.10000000000000009
10.773840000000646,0.09999999999999998
10.775510000000647,0.09999999999999998
10.777180000000648,0.09999999999999998
10.778850000000649,0.10000000000000009
10.78052000000065,0.10000000000000009
10.78219000000065,0.09999999999999998
10.78386000000065,0.09999999999999998
10.785530000000652,0.09999999999999998
10.787200000000652,0.10000000000000009
10.788870000000653,0.10000000000000009
10.790540000000654,0.09999999999999998
10.792210000000654,0.09999999999999998
10.793880000000655,0.09999999999999998
10.795550000000656,0.10000000000000009
10.797220000000657,0.10000000000000009
10.798890000000657,0.09999999999999998
10.800560000000658,0.09999999999999998
10.802230000000659,0.09999999999999998
10.80390000000066,0.10000000000000009
10.80557000000066,0.10000000000000009
10.807240000000661,0.09999999999999998
10.808910000000662,0.09999999999999998
10.810580000000662,0.09999999999999998
10.812250000000663,0.10000000000000009
10.813920000000664,0.10000000000000009
10.815590000000665,0.09999999999999998
10.817260000000665,0.09999999999999998
10.818930000000666,0.09999999999999998
10.820600000000667,0.10000000000000009
10.822270000000668,0.10000000000000009
10.823940000000668,0.09999999999999998
10.825610000000669,0.09999999999999998
10.82728000000067,0.09999999999999998
10.82895000000067,0.10000000000000009
10.830620000000671,0.10000000000000009
10.832290000000672,0.09999999999999998
10.833960000000673,0.09999999999999998
10.835630000000673,0.09999999999999998
10.837300000000674,0.10000000000000009
10.838970000000675,0.10000000000000009
10.840640000000676,0.09999999999999998
10.842310000000676,0.09999999999999998
10.843980000000677,0.09999999999999998
10.845650000000678,0.10000000000000009
10.847320000000678,0.10000000000000009
10.84899000000068,0.10000000000000009
10.85066000000068,0.09999999999999998
10.85233000000068,0.09999999999999998
10.854000000000681,0.10000000000000009
10.855670000000682,0.10000000000000009
10.857340000000683,0.10000000000000009
10.859010000000684,0.09999999999999998
10.860680000000684,0.09999999999999998
10.862350000000685,0.10000000000000009
10.864020000000686,0.10000000000000009
10.865690000000686,0.10000000000000009
10.867360000000687,0.09999999999999998
10.869030000000688,0.09999999999999998
10.870700000000689,0.10000000000000009
10.87237000000069,0.10000000000000009
10.87404000000069,0.10000000000000009
10.87571000000069,0.09999999999999998
10.877380000000691,0.09999999999999998
10.879050000000692,0.10000000000000009
10.880720000000693,0.10000000000000009
10.882390000000694,0.10000000000000009
10.884060000000694,0.09999999999999998
10.885730000000695,0.09999999999999998
10.887400000000696,0.10000000000000009
10.889070000000697,0.10000000000000009
10.890740000000697,0.10000000000000009
10.892410000000698,0.09999999999999998
10.894080000000699,0.09999999999999998
10.8957500000007,0.10000000000000009
10.8974200000007,0.10000000000000009
10.899090000000701,0.10000000000000009
10.900760000000702,0.09999999999999998
10.902430000000702,0.09999999999999998
10.904100000000703,0.10000000000000009
10.905770000000704,0.10000000000000009
10.907440000000705,0.10000000000000009
10.909110000000705,0.09999999999999998
10.910780000000706,0.09999999999999998
10.912450000000707,0.10000000000000009
10.914120000000707,0.10000000000000009
10.915790000000708,0.10000000000000009
10.917460000000709,0.09999999999999998
10.91913000000071,0.09999999999999998
10.92080000000071,0.10000000000000009
10.922470000000711,0.10000000000000009
10.924140000000712,0.10000000000000009
10.925810000000713,0.09999999999999998
10.927480000000713,0.09999999999999998
10.929150000000714,0.10000000000000009
10.930820000000715,0.10000000000000009
10.932490000000715,0.10000000000000009
10.934160000000716,0.09999999999999998
10.935830000000717,0.09999999999999998
10.937500000000718,0.10000000000000009
10.939170000000718,0.10000000000000009
10.940840000000719,0.10000000000000009
10.94251000000072,0.09999999999999998
10.94418000000072,0.09999999999999998
10.945850000000721,0.10000000000000009
10.947520000000722,0.10000000000000009
10.949190000000723,0.10000000000000009
10.950860000000723,0.09999999999999998
10.952530000000724,0.09999999999999998
10.954200000000725,0.10000000000000009
10.955870000000726,0.10000000000000009
10.957540000000726,0.10000000000000009
10.959210000000727,0.09999999999999998
10.960880000000728,0.09999999999999998
10.962550000000729,0.10000000000000009
10.96422000000073,0.10000000000000009
10.96589000000073,0.10000000000000009
10.96756000000073,0.09999999999999998
10.969230000000731,0.09999999999999998
10.970900000000732,0.10000000000000009
10.972570000000733,0.10000000000000009
10.974240000000734,0.10000000000000009
10.975910000000734,0.09999999999999998
10.977580000000735,0.09999999999999998
10.979250000000736,0.10000000000000009
10.980920000000737,0.10000000000000009
10.982590000000737,0.10000000000000009
10.984260000000738,0.09999999999999998
10.985930000000739,0.09999999999999998
10.98760000000074,0.10000000000000009
10.98927000000074,0.10000000000000009
10.990940000000741,0.10000000000000009
10.992610000000742,0.09999999999999998
10.994280000000742,0.09999999999999998
10.995950000000743,0.10000000000000009
10.997620000000744,0.10000000000000009
10.999290000000745,0.10000000000000009
11.000960000000745,0.09999999999999998
11.002630000000746,0.09999999999999998
11.004300000000747,0.10000000000000009
11.005970000000747,0.10000000000000009
11.007640000000748,0.10000000000000009
11.009310000000749,0.09999999999999998
11.01098000000075,0.09999999999999998
11.01265000000075,0.10000000000000009
11.014320000000751,0.10000000000000009
11.015990000000752,0.10000000000000009
11.017660000000753,0.09999999999999998
11.019330000000753,0.09999999999999998
11.021000000000754,0.10000000000000009
11.022670000000755,0.10000000000000009
11.024340000000755,0.10000000000000009
11.026010000000756,0.09999999999999998
11.027680000000757,0.09999999999999998
11.029350000000758,0.10000000000000009
11.031020000000758,0.10000000000000009
11.032690000000759,0.10000000000000009
11.03436000000076,0.09999999999999998
11.03603000000076,0.09999999999999998
11.037700000000761,0.10000000000000009
11.039370000000762,0.10000000000000009
11.041040000000763,0.10000000000000009
11.042710000000763,0.09999999999999998
11.044380000000764,0.09999999999999998
11.046050000000765,0.10000000000000009
11.047720000000766,0.10000000000000009
11.049390000000766,0.10000000000000009
11.051060000000767,0.09999999999999998
11.052730000000768,0.09999999999999998
11.054400000000769,0.10000000000000009
11.05607000000077,0.10000000000000009
11.05774000000077,0.10000000000000009
11.05941000000077,0.09999999999999998
11.061080000000771,0.09999999999999998
11.062750000000772,0.10000000000000009
11.064420000000773,0.10000000000000009
11.066090000000774,0.10000000000000009
11.067760000000774,0.09999999999999998
11.069430000000775,0.09999999999999998
11.071100000000776,0.10000000000000009
11.072770000000776,0.10000000000000009
11.074440000000777,0.10000000000000009
11.076110000000778,0.09999999999999998
11.077780000000779,0.09999999999999998
11.07945000000078,0.10000000000000009
11.08112000000078,0.10000000000000009
11.08279000000078,0.10000000000000009
11.084460000000782,0.09999999999999998
11.086130000000782,0.09999999999999998
11.087800000000783,0.10000000000000009
11.089470000000784,0.10000000000000009
11.091140000000784,0.10000000000000009
11.092810000000785,0.09999999999999998
11.094480000000786,0.09999999999999998
11.096150000000787,0.10000000000000009
11.097820000000787,0.10000000000000009
11.099490000000788,0.10000000000000009
11.101160000000789,0.09999999999999998
11.10283000000079,0.09999999999999998
11.10450000000079,0.10000000000000009
11.106170000000791,0.10000000000000009
11.107840000000792,0.10000000000000009
11.109510000000792,0.09999999999999998
11.111180000000793,0.09999999999999998
11.112850000000794,0.10000000000000009
11.114520000000795,0.10000000000000009
11.116190000000795,0.10000000000000009
11.117860000000796,0.09999999999999998
11.119530000000797,0.09999999999999998
11.121200000000798,0.10000000000000009
11.122870000000798,0.10000000000000009
11.124540000000799,0.10000000000000009
11.1262100000008,0.09999999999999998
11.1278800000008,0.09999999999999998
11.129550000000801,0.10000000000000009
11.131220000000802,0.10000000000000009
11.132890000000803,0.10000000000000009
11.134560000000803,0.09999999999999998
11.136230000000804,0.09999999999999998
11.137900000000805,0.10000000000000009
11.139570000000806,0.10000000000000009
11.141240000000806,0.10000000000000009
11.142910000000807,0.09999999999999998
11.144580000000808,0.09999999999999998
11.146250000000808,0.10000000000000009
11.14792000000081,0.10000000000000009
11.14959000000081,0.10000000000000009
11.15126000000081,0.09999999999999998
11.152930000000811,0.09999999999999998
11.154600000000812,0.10000000000000009
11.156270000000813,0.10000000000000009
11.157940000000814,0.10000000000000009
11.159610000000814,0.09999999999999998
11.161280000000815,0.09999999999999998
11.162950000000816,0.10000000000000009
11.164620000000816,0.10000000000000009
11.166290000000817,0.10000000000000009
11.167960000000818,0.09999999999999998
11.169630000000819,0.09999999999999998
11.17130000000082,0.10000000000000009
11.17297000000082,0.10000000000000009
11.17464000000082,0.10000000000000009
11.176310000000822,0.09999999999999998
11.177980000000822,0.1000000000000002
11.179650000000823,0.10000000000000009
11.181320000000824,0.10000000000000009
11.182990000000824,0.10000000000000009
11.184660000000825,0.09999999999999998
11.186330000000826,0.1000000000000002
11.188000000000827,0.10000000000000009
11.189670000000827,0.10000000000000009
11.191340000000828,0.10000000000000009
11.193010000000829,0.09999999999999998
11.19468000000083,0.1000000000000002
11.19635000000083,0.10000000000000009
11.198020000000831,0.10000000000000009
11.199690000000832,0.10000000000000009
11.201360000000832,0.09999999999999998
11.203030000000833,0.1000000000000002
11.204700000000834,0.10000000000000009
11.206370000000835,0.10000000000000009
11.208040000000835,0.10000000000000009
11.209710000000836,0.09999999999999998
11.211380000000837,0.1000000000000002
11.213050000000838,0.10000000000000009
11.214720000000838,0.10000000000000009
11.216390000000839,0.10000000000000009
11.21806000000084,0.09999999999999998
11.21973000000084,0.1000000000000002
11.221400000000841,0.10000000000000009
11.223070000000842,0.10000000000000009
11.224740000000843,0.10000000000000009
11.226410000000843,0.09999999999999998
11.228080000000844,0.1000000000000002
11.229750000000845,0.10000000000000009
11.231420000000846,0.10000000000000009
11.233090000000846,0.10000000000000009
11.234760000000847,0.09999999999999998
11.236430000000848,0.1000000000000002
11.238100000000848,0.10000000000000009
11.23977000000085,0.10000000000000009
11.24144000000085,0.10000000000000009
11.24311000000085,0.09999999999999998
11.244780000000851,0.1000000000000002
11.246450000000852,0.10000000000000009
11.248120000000853,0.10000000000000009
11.249790000000853,0.10000000000000009
11.251460000000854,0.09999999999999998
11.253130000000855,0.1000000000000002
11.254800000000856,0.10000000000000009
11.256470000000856,0.10000000000000009
11.258140000000857,0.10000000000000009
11.259810000000858,0.09999999999999998
11.261480000000859,0.1000000000000002
11.26315000000086,0.10000000000000009
11.26482000000086,0.10000000000000009
11.26649000000086,0.10000000000000009
11.268160000000861,0.09999999999999998
11.269830000000862,0.1000000000000002
11.271500000000863,0.10000000000000009
11.273170000000864,0.10000000000000009
11.274840000000864,0.10000000000000009
11.276510000000865,0.09999999999999998
11.278180000000866,0.1000000000000002
11.279850000000867,0.10000000000000009
11.281520000000867,0.10000000000000009
11.283190000000868,0.10000000000000009
11.284860000000869,0.09999999999999998
11.28653000000087,0.1000000000000002
11.28820000000087,0.10000000000000009
11.289870000000871,0.10000000000000009
11.291540000000872,0.10000000000000009
11.293210000000872,0.09999999999999998
11.294880000000873,0.1000000000000002
11.296550000000874,0.10000000000000009
11.298220000000875,0.10000000000000009
11.299890000000875,0.10000000000000009
11.301560000000876,0.09999999999999998
11.303230000000877,0.1000000000000002
11.304900000000877,0.10000000000000009
11.306570000000878,0.10000000000000009
11.308240000000879,0.10000000000000009
11.30991000000088,0.09999999999999998
11.31158000000088,0.1000000000000002
11.313250000000881,0.10000000000000009
11.314920000000882,0.10000000000000009
11.316590000000883,0.10000000000000009
11.318260000000883,0.09999999999999998
11.319930000000884,0.1000000000000002
11.321600000000885,0.10000000000000009
11.323270000000885,0.10000000000000009
11.324940000000886,0.10000000000000009
11.326610000000887,0.09999999999999998
11.328280000000888,0.1000000000000002
11.329950000000888,0.10000000000000009
11.331620000000889,0.10000000000000009
11.33329000000089,0.10000000000000009
11.33496000000089,0.09999999999999998
11.336630000000891,0.1000000000000002
11.338300000000892,0.10000000000000009
11.339970000000893,0.10000000000000009
11.341640000000893,0.10000000000000009
11.343310000000894,0.09999999999999998
11.344980000000895,0.1000000000000002
11.346650000000896,0.10000000000000009
11.348320000000896,0.10000000000000009
11.349990000000897,0.10000000000000009
11.351660000000898,0.09999999999999998
11.353330000000899,0.1000000000000002
11.3550000000009,0.10000000000000009
11.3566700000009,0.10000000000000009
11.3583400000009,0.10000000000000009
11.360010000000901,0.09999999999999998
11.361680000000902,0.1000000000000002
11.363350000000903,0.10000000000000009
11.365020000000904,0.10000000000000009
11.366690000000904,0.10000000000000009
11.368360000000905,0.09999999999999998
11.370030000000906,0.1000000000000002
11.371700000000907,0.10000000000000009
11.373370000000907,0.10000000000000009
11.375040000000908,0.10000000000000009
11.376710000000909,0.09999999999999998
11.37838000000091,0.1000000000000002
11.38005000000091,0.10000000000000009
11.38172000000091,0.10000000000000009
11.383390000000912,0.10000000000000009
11.385060000000912,0.09999999999999998
11.386730000000913,0.1000000000000002
11.388400000000914,0.10000000000000009
11.390070000000915,0.10000000000000009
11.391740000000915,0.10000000000000009
11.393410000000916,0.09999999999999998
11.395080000000917,0.1000000000000002
11.396750000000917,0.10000000000000009
11.398420000000918,0.10000000000000009
11.400090000000919,0.10000000000000009
11.40176000000092,0.09999999999999998
11.40343000000092,0.1000000000000002
11.405100000000921,0.10000000000000009
11.406770000000922,0.10000000000000009
11.408440000000923,0.10000000000000009
11.410110000000923,0.09999999999999998
11.411780000000924,0.1000000000000002
11.413450000000925,0.10000000000000009
11.415120000000925,0.10000000000000009
11.416790000000926,0.10000000000000009
11.418460000000927,0.09999999999999998
11.420130000000928,0.1000000000000002
11.421800000000928,0.10000000000000009
11.423470000000929,0.10000000000000009
11.42514000000093,0.10000000000000009
11.42681000000093,0.09999999999999998
11.428480000000931,0.1000000000000002
11.430150000000932,0.10000000000000009
11.431820000000933,0.10000000000000009
11.433490000000933,0.10000000000000009
11.435160000000934,0.09999999999999998
11.436830000000935,0.1000000000000002
11.438500000000936,0.10000000000000009
11.440170000000936,0.10000000000000009
11.441840000000937,0.10000000000000009
11.443510000000938,0.09999999999999998
11.445180000000938,0.1000000000000002
11.44685000000094,0.10000000000000009
11.44852000000094,0.10000000000000009
11.45019000000094,0.10000000000000009
11.451860000000941,0.09999999999999998
11.453530000000942,0.1000000000000002
11.455200000000943,0.10000000000000009
11.456870000000944,0.10000000000000009
11.458540000000944,0.10000000000000009
11.460210000000945,0.09999999999999998
11.461880000000946,0.1000000000000002
11.463550000000946,0.10000000000000009
11.465220000000947,0.10000000000000009
11.466890000000948,0.10000000000000009
11.468560000000949,0.09999999999999998
11.47023000000095,0.1000000000000002
11.47190000000095,0.10000000000000009
11.47357000000095,0.10000000000000009
11.475240000000952,0.10000000000000009
11.476910000000952,0.09999999999999998
11.478580000000953,0.1000000000000002
11.480250000000954,0.10000000000000009
11.481920000000954,0.10000000000000009
11.483590000000955,0.10000000000000009
11.485260000000956,0.09999999999999998
11.486930000000957,0.1000000000000002
11.488600000000957,0.10000000000000009
11.490270000000958,0.10000000000000009
11.491940000000959,0.10000000000000009
11.49361000000096,0.09999999999999998
11.49528000000096,0.1000000000000002
11.496950000000961,0.10000000000000009
11.498620000000962,0.10000000000000009
11.500290000000962,0.10000000000000009
11.501960000000963,0.10000000000000009
11.503630000000964,0.10000000000000009
11.505300000000965,0.10000000000000009
11.506970000000965,0.10000000000000009
11.508640000000966,0.10000000000000009
11.510310000000967,0.10000000000000009
11.511980000000968,0.10000000000000009
11.513650000000968,0.10000000000000009
11.515320000000969,0.10000000000000009
11.51699000000097,0.10000000000000009
11.51866000000097,0.10000000000000009
11.520330000000971,0.10000000000000009
11.522000000000972,0.10000000000000009
11.523670000000973,0.10000000000000009
11.525340000000973,0.10000000000000009
11.527010000000974,0.10000000000000009
11.528680000000975,0.10000000000000009
11.530350000000976,0.10000000000000009
11.532020000000976,0.10000000000000009
11.533690000000977,0.10000000000000009
11.535360000000978,0.10000000000000009
11.537030000000978,0.10000000000000009
11.53870000000098,0.10000000000000009
11.54037000000098,0.10000000000000009
11.54204000000098,0.10000000000000009
11.543710000000981,0.10000000000000009
11.545380000000982,0.10000000000000009
11.547050000000983,0.10000000000000009
11.548720000000984,0.10000000000000009
11.550390000000984,0.10000000000000009
11.552060000000985,0.10000000000000009
11.553730000000986,0.10000000000000009
11.555400000000986,0.10000000000000009
11.557070000000987,0.10000000000000009
11.558740000000988,0.10000000000000009
11.560410000000989,0.10000000000000009
11.56208000000099,0.10000000000000009
11.56375000000099,0.10000000000000009
11.56542000000099,0.10000000000000009
11.567090000000992,0.10000000000000009
11.568760000000992,0.10000000000000009
11.570430000000993,0.10000000000000009
11.572100000000994,0.10000000000000009
11.573770000000994,0.10000000000000009
11.575440000000995,0.10000000000000009
11.577110000000996,0.10000000000000009
11.578780000000997,0.10000000000000009
11.580450000000997,0.10000000000000009
11.582120000000998,0.10000000000000009
11.583790000000999,0.10000000000000009
11.585460000001,0.10000000000000009
11.587130000001,0.10000000000000009
11.588800000001001,0.10000000000000009
11.590470000001002,0.10000000000000009
11.592140000001002,0.10000000000000009
11.593810000001003,0.10000000000000009
11.595480000001004,0.10000000000000009
11.597150000001005,0.10000000000000009
11.598820000001005,0.10000000000000009
11.600490000001006,0.10000000000000009
11.602160000001007,0.10000000000000009
11.603830000001008,0.10000000000000009
11.605500000001008,0.10000000000000009
11.607170000001009,0.10000000000000009
11.60884000000101,0.10000000000000009
11.61051000000101,0.10000000000000009
11.612180000001011,0.10000000000000009
11.613850000001012,0.10000000000000009
11.615520000001013,0.10000000000000009
11.617190000001013,0.10000000000000009
11.618860000001014,0.10000000000000009
11.620530000001015,0.10000000000000009
11.622200000001015,0.10000000000000009
11.623870000001016,0.10000000000000009
11.625540000001017,0.10000000000000009
11.627210000001018,0.10000000000000009
11.628880000001018,0.10000000000000009
11.63055000000102,0.10000000000000009
11.63222000000102,0.10000000000000009
11.63389000000102,0.10000000000000009
11.635560000001021,0.10000000000000009
11.637230000001022,0.10000000000000009
11.638900000001023,0.10000000000000009
11.640570000001023,0.10000000000000009
11.642240000001024,0.10000000000000009
11.643910000001025,0.10000000000000009
11.645580000001026,0.10000000000000009
11.647250000001026,0.10000000000000009
11.648920000001027,0.10000000000000009
11.650590000001028,0.10000000000000009
11.652260000001029,0.10000000000000009
11.65393000000103,0.10000000000000009
11.65560000000103,0.10000000000000009
11.65727000000103,0.10000000000000009
11.658940000001031,0.10000000000000009
11.660610000001032,0.10000000000000009
11.662280000001033,0.10000000000000009
11.663950000001034,0.10000000000000009
11.665620000001034,0.10000000000000009
11.667290000001035,0.10000000000000009
11.668960000001036,0.10000000000000009
11.670630000001037,0.10000000000000009
11.672300000001037,0.10000000000000009
11.673970000001038,0.10000000000000009
11.675640000001039,0.10000000000000009
11.67731000000104,0.10000000000000009
11.67898000000104,0.10000000000000009
11.680650000001041,0.10000000000000009
11.682320000001042,0.10000000000000009
11.683990000001042,0.10000000000000009
11.685660000001043,0.10000000000000009
11.687330000001044,0.10000000000000009
11.689000000001045,0.10000000000000009
11.690670000001045,0.10000000000000009
11.692340000001046,0.10000000000000009
11.694010000001047,0.10000000000000009
11.695680000001047,0.10000000000000009
11.697350000001048,0.10000000000000009
11.699020000001049,0.10000000000000009
11.70069000000105,0.10000000000000009
11.70236000000105,0.10000000000000009
11.704030000001051,0.10000000000000009
11.705700000001052,0.10000000000000009
11.707370000001053,0.10000000000000009
11.709040000001053,0.10000000000000009
11.710710000001054,0.10000000000000009
11.712380000001055,0.10000000000000009
11.714050000001055,0.10000000000000009
11.715720000001056,0.10000000000000009
11.717390000001057,0.10000000000000009
11.719060000001058,0.10000000000000009
11.720730000001058,0.10000000000000009
11.722400000001059,0.10000000000000009
11.72407000000106,0.10000000000000009
11.72574000000106,0.10000000000000009
11.727410000001061,0.10000000000000009
11.729080000001062,0.10000000000000009
11.730750000001063,0.10000000000000009
11.732420000001063,0.10000000000000009
11.734090000001064,0.10000000000000009
11.735760000001065,0.10000000000000009
11.737430000001066,0.10000000000000009
11.739100000001066,0.10000000000000009
11.740770000001067,0.10000000000000009
11.742440000001068,0.10000000000000009
11.744110000001069,0.10000000000000009
11.74578000000107,0.10000000000000009
11.74745000000107,0.10000000000000009
11.74912000000107,0.10000000000000009
11.750790000001071,0.10000000000000009
11.752460000001072,0.10000000000000009
11.754130000001073,0.10000000000000009
11.755800000001074,0.10000000000000009
11.757470000001074,0.10000000000000009
11.759140000001075,0.10000000000000009
11.760810000001076,0.10000000000000009
11.762480000001077,0.10000000000000009
11.764150000001077,0.10000000000000009
11.765820000001078,0.10000000000000009
11.767490000001079,0.10000000000000009
11.76916000000108,0.10000000000000009
11.77083000000108,0.10000000000000009
11.77250000000108,0.10000000000000009
11.774170000001082,0.10000000000000009
11.775840000001082,0.10000000000000009
11.777510000001083,0.10000000000000009
11.779180000001084,0.10000000000000009
11.780850000001085,0.10000000000000009
11.782520000001085,0.10000000000000009
11.784190000001086,0.10000000000000009
11.785860000001087,0.10000000000000009
11.787530000001087,0.10000000000000009
11.789200000001088,0.10000000000000009
11.790870000001089,0.10000000000000009
11.79254000000109,0.10000000000000009
11.79421000000109,0.10000000000000009
11.795880000001091,0.10000000000000009
11.797550000001092,0.10000000000000009
11.799220000001093,0.10000000000000009
11.800890000001093,0.10000000000000009
11.802560000001094,0.10000000000000009
11.804230000001095,0.10000000000000009
11.805900000001095,0.10000000000000009
11.807570000001096,0.10000000000000009
11.809240000001097,0.10000000000000009
11.810910000001098,0.10000000000000009
11.812580000001098,0.10000000000000009
11.814250000001099,0.10000000000000009
11.8159200000011,0.10000000000000009
11.8175900000011,0.10000000000000009
11.819260000001101,0.10000000000000009
11.820930000001102,0.10000000000000009
11.822600000001103,0.10000000000000009
11.824270000001103,0.10000000000000009
11.825940000001104,0.10000000000000009
11.827610000001105,0.10000000000000009
11.829280000001106,0.10000000000000009
11.830950000001106,0.10000000000000009
11.832620000001107,0.10000000000000009
11.834290000001108,0.10000000000000009
11.835960000001108,0.10000000000000009
11.83763000000111,0.10000000000000009
11.83930000000111,0.10000000000000009
11.84097000000111,0.10000000000000009
11.842640000001111,0.10000000000000009
11.844310000001112,0.10000000000000009
11.845980000001113,0.10000000000000009
11.847650000001114,0.10000000000000009
11.849320000001114,0.10000000000000009
11.850990000001115,0.10000000000000009
11.852660000001116,0.10000000000000009
11.854330000001116,0.10000000000000009
11.856000000001117,0.10000000000000009
11.857670000001118,0.10000000000000009
11.859340000001119,0.10000000000000009
11.86101000000112,0.10000000000000009
11.86268000000112,0.10000000000000009
11.86435000000112,0.10000000000000009
11.866020000001122,0.10000000000000009
11.867690000001122,0.10000000000000009
11.869360000001123,0.10000000000000009
11.871030000001124,0.10000000000000009
11.872700000001124,0.10000000000000009
11.874370000001125,0.10000000000000009
11.876040000001126,0.10000000000000009
11.877710000001127,0.10000000000000009
11.879380000001127,0.10000000000000009
11.881050000001128,0.10000000000000009
11.882720000001129,0.10000000000000009
11.88439000000113,0.10000000000000009
11.88606000000113,0.10000000000000009
11.887730000001131,0.10000000000000009
11.889400000001132,0.10000000000000009
11.891070000001132,0.10000000000000009
11.892740000001133,0.10000000000000009
11.894410000001134,0.10000000000000009
11.896080000001135,0.10000000000000009
11.897750000001135,0.10000000000000009
11.899420000001136,0.10000000000000009
11.901090000001137,0.10000000000000009
11.902760000001138,0.10000000000000009
11.904430000001138,0.10000000000000009
11.906100000001139,0.10000000000000009
11.90777000000114,0.10000000000000009
11.90944000000114,0.10000000000000009
11.911110000001141,0.10000000000000009
11.912780000001142,0.10000000000000009
11.914450000001143,0.10000000000000009
11.916120000001143,0.10000000000000009
11.917790000001144,0.10000000000000009
11.919460000001145,0.10000000000000009
11.921130000001146,0.10000000000000009
11.922800000001146,0.10000000000000009
11.924470000001147,0.10000000000000009
11.926140000001148,0.10000000000000009
11.927810000001148,0.10000000000000009
11.92948000000115,0.10000000000000009
11.93115000000115,0.10000000000000009
11.93282000000115,0.10000000000000009
11.934490000001151,0.10000000000000009
11.936160000001152,0.10000000000000009
11.937830000001153,0.10000000000000009
11.939500000001154,0.10000000000000009
11.941170000001154,0.10000000000000009
11.942840000001155,0.10000000000000009
11.944510000001156,0.10000000000000009
11.946180000001156,0.10000000000000009
11.947850000001157,0.10000000000000009
11.949520000001158,0.10000000000000009
11.951190000001159,0.10000000000000009
11.95286000000116,0.10000000000000009
11.95453000000116,0.10000000000000009
11.95620000000116,0.10000000000000009
11.957870000001162,0.10000000000000009
11.959540000001162,0.10000000000000009
11.961210000001163,0.10000000000000009
11.962880000001164,0.10000000000000009
11.964550000001164,0.10000000000000009
11.966220000001165,0.10000000000000009
11.967890000001166,0.10000000000000009
11.969560000001167,0.10000000000000009
11.971230000001167,0.10000000000000009
11.972900000001168,0.10000000000000009
11.974570000001169,0.10000000000000009
11.97624000000117,0.10000000000000009
11.97791000000117,0.10000000000000009
11.979580000001171,0.10000000000000009
11.981250000001172,0.10000000000000009
11.982920000001172,0.10000000000000009
11.984590000001173,0.10000000000000009
11.986260000001174,0.10000000000000009
11.987930000001175,0.10000000000000009
11.989600000001175,0.10000000000000009
11.991270000001176,0.10000000000000009
11.992940000001177,0.10000000000000009
11.994610000001177,0.10000000000000009
11.996280000001178,0.10000000000000009
11.997950000001179,0.10000000000000009
11.99962000000118,0.10000000000000009
12.00129000000118,0.10000000000000009
12.002960000001181,0.10000000000000009
12.004630000001182,0.10000000000000009
12.006300000001183,0.10000000000000009
12.007970000001183,0.10000000000000009
12.009640000001184,0.10000000000000009
12.011310000001185,0.10000000000000009
12.012980000001185,0.10000000000000009
12.014650000001186,0.10000000000000009
12.016320000001187,0.10000000000000009
12.017990000001188,0.10000000000000009
12.019660000001188,0.10000000000000009
12.02133000000119,0.10000000000000009
12.02300000000119,0.10000000000000009
12.02467000000119,0.10000000000000009
12.026340000001191,0.10000000000000009
12.028010000001192,0.10000000000000009
12.029680000001193,0.10000000000000009
12.031350000001193,0.10000000000000009
12.033020000001194,0.10000000000000009
12.034690000001195,0.10000000000000009
12.036360000001196,0.10000000000000009
12.038030000001196,0.10000000000000009
12.039700000001197,0.10000000000000009
12.041370000001198,0.10000000000000009
12.043040000001199,0.10000000000000009
12.0447100000012,0.10000000000000009
12.0463800000012,0.10000000000000009
12.0480500000012,0.10000000000000009
12.049720000001201,0.10000000000000009
12.051390000001202,0.10000000000000009
12.053060000001203,0.10000000000000009
12.054730000001204,0.10000000000000009
12.056400000001204,0.10000000000000009
12.058070000001205,0.10000000000000009
12.059740000001206,0.10000000000000009
12.061410000001207,0.10000000000000009
12.063080000001207,0.10000000000000009
12.064750000001208,0.10000000000000009
12.066420000001209,0.10000000000000009
12.06809000000121,0.10000000000000009
12.06976000000121,0.10000000000000009
12.071430000001211,0.10000000000000009
12.073100000001212,0.10000000000000009
12.074770000001212,0.10000000000000009
12.076440000001213,0.10000000000000009
12.078110000001214,0.10000000000000009
12.079780000001215,0.10000000000000009
12.081450000001215,0.10000000000000009
12.083120000001216,0.10000000000000009
12.084790000001217,0.10000000000000009
12.086460000001217,0.10000000000000009
12.088130000001218,0.10000000000000009
12.089800000001219,0.10000000000000009
12.09147000000122,0.10000000000000009
12.09314000000122,0.10000000000000009
12.094810000001221,0.10000000000000009
12.096480000001222,0.10000000000000009
12.098150000001223,0.10000000000000009
12.099820000001223,0.10000000000000009
12.101490000001224,0.10000000000000009
12.103160000001225,0.10000000000000009
12.104830000001225,0.10000000000000009
12.106500000001226,0.10000000000000009
12.108170000001227,0.10000000000000009
12.109840000001228,0.10000000000000009
12.111510000001228,0.10000000000000009
12.113180000001229,0.10000000000000009
12.11485000000123,0.10000000000000009
12.11652000000123,0.10000000000000009
12.118190000001231,0.10000000000000009
12.119860000001232,0.10000000000000009
12.121530000001233,0.10000000000000009
12.123200000001233,0.10000000000000009
12.124870000001234,0.10000000000000009
12.126540000001235,0.10000000000000009
12.128210000001236,0.10000000000000009
12.129880000001236,0.10000000000000009
12.131550000001237,0.10000000000000009
12.133220000001238,0.10000000000000009
12.134890000001239,0.10000000000000009
12.13656000000124,0.10000000000000009
12.13823000000124,0.10000000000000009
12.13990000000124,0.10000000000000009
12.141570000001241,0.10000000000000009
12.143240000001242,0.10000000000000009
12.144910000001243,0.10000000000000009
12.146580000001244,0.10000000000000009
12.148250000001244,0.10000000000000009
12.149920000001245,0.10000000000000009
12.151590000001246,0.10000000000000009
12.153260000001247,0.10000000000000009
12.154930000001247,0.10000000000000009
12.156600000001248,0.10000000000000009
12.158270000001249,0.10000000000000009
12.15994000000125,0.10000000000000009
12.16161000000125,0.10000000000000009
12.16328000000125,0.10000000000000009
12.164950000001252,0.10000000000000009
12.166620000001252,0.10000000000000009
12.168290000001253,0.10000000000000009
12.169960000001254,0.10000000000000009
12.171630000001255,0.10000000000000009
12.173300000001255,0.10000000000000009
12.174970000001256,0.10000000000000009
12.176640000001257,0.10000000000000009
12.178310000001257,0.10000000000000009
12.179980000001258,0.10000000000000009
12.181650000001259,0.10000000000000009
12.18332000000126,0.10000000000000009
12.18499000000126,0.10000000000000009
12.186660000001261,0.10000000000000009
12.188330000001262,0.10000000000000009
12.190000000001262,0.10000000000000009
12.191670000001263,0.10000000000000009
12.193340000001264,0.10000000000000009
12.195010000001265,0.10000000000000009
12.196680000001265,0.10000000000000009
12.198350000001266,0.10000000000000009
12.200020000001267,0.10000000000000009
12.201690000001268,0.10000000000000009
12.203360000001268,0.10000000000000009
12.205030000001269,0.10000000000000009
12.20670000000127,0.10000000000000009
12.20837000000127,0.10000000000000009
12.210040000001271,0.10000000000000009
12.211710000001272,0.10000000000000009
12.213380000001273,0.10000000000000009
12.215050000001273,0.10000000000000009
12.216720000001274,0.10000000000000009
12.218390000001275,0.10000000000000009
12.220060000001276,0.10000000000000009
12.221730000001276,0.10000000000000009
12.223400000001277,0.10000000000000009
12.225070000001278,0.10000000000000009
12.226740000001278,0.10000000000000009
12.22841000000128,0.10000000000000009
12.23008000000128,0.10000000000000009
12.23175000000128,0.10000000000000009
12.233420000001281,0.10000000000000009
12.235090000001282,0.10000000000000009
12.236760000001283,0.10000000000000009
12.238430000001284,0.10000000000000009
12.240100000001284,0.10000000000000009
12.241770000001285,0.10000000000000009
12.243440000001286,0.10000000000000009
12.245110000001286,0.10000000000000009
12.246780000001287,0.10000000000000009
12.248450000001288,0.10000000000000009
12.250120000001289,0.10000000000000009
12.25179000000129,0.10000000000000009
12.25346000000129,0.10000000000000009
12.25513000000129,0.10000000000000009
12.256800000001292,0.10000000000000009
12.258470000001292,0.10000000000000009
12.260140000001293,0.10000000000000009
12.261810000001294,0.10000000000000009
12.263480000001294,0.10000000000000009
12.265150000001295,0.10000000000000009
12.266820000001296,0.10000000000000009
12.268490000001297,0.10000000000000009
12.270160000001297,0.10000000000000009
12.271830000001298,0.10000000000000009
12.273500000001299,0.10000000000000009
12.2751700000013,0.10000000000000009
12.2768400000013,0.10000000000000009
12.278510000001301,0.10000000000000009
12.280180000001302,0.10000000000000009
12.281850000001302,0.10000000000000009
12.283520000001303,0.10000000000000009
12.285190000001304,0.10000000000000009
12.286860000001305,0.10000000000000009
12.288530000001305,0.10000000000000009
12.290200000001306,0.10000000000000009
12.291870000001307,0.10000000000000009
12.293540000001308,0.10000000000000009
12.295210000001308,0.10000000000000009
12.296880000001309,0.10000000000000009
12.29855000000131,0.10000000000000009
12.30022000000131,0.10000000000000009
12.301890000001311,0.10000000000000009
12.303560000001312,0.10000000000000009
12.305230000001313,0.10000000000000009
12.306900000001313,0.10000000000000009
12.308570000001314,0.10000000000000009
12.310240000001315,0.10000000000000009
12.311910000001316,0.10000000000000009
12.313580000001316,0.10000000000000009
12.315250000001317,0.10000000000000009
12.316920000001318,0.10000000000000009
12.318590000001318,0.10000000000000009
12.32026000000132,0.10000000000000009
12.32193000000132,0.10000000000000009
12.32360000000132,0.10000000000000009
12.325270000001321,0.10000000000000009
12.326940000001322,0.10000000000000009
12.328610000001323,0.10000000000000009
12.330280000001324,0.10000000000000009
12.331950000001324,0.10000000000000009
12.333620000001325,0.10000000000000009
12.335290000001326,0.10000000000000009
12.336960000001326,0.10000000000000009
12.338630000001327,0.10000000000000009
12.340300000001328,0.10000000000000009
12.341970000001329,0.10000000000000009
12.34364000000133,0.10000000000000009
12.34531000000133,0.10000000000000009
12.34698000000133,0.10000000000000009
12.348650000001332,0.10000000000000009
12.350320000001332,0.10000000000000009
12.351990000001333,0.10000000000000009
12.353660000001334,0.10000000000000009
12.355330000001334,0.10000000000000009
12.357000000001335,0.10000000000000009
12.358670000001336,0.10000000000000009
12.360340000001337,0.10000000000000009
12.362010000001337,0.10000000000000009
12.363680000001338,0.10000000000000009
12.365350000001339,0.10000000000000009
12.36702000000134,0.10000000000000009
12.36869000000134,0.10000000000000009
12.370360000001341,0.10000000000000009
12.372030000001342,0.10000000000000009
12.373700000001342,0.10000000000000009
12.375370000001343,0.10000000000000009
12.377040000001344,0.10000000000000009
12.378710000001345,0.10000000000000009
12.380380000001345,0.10000000000000009
12.382050000001346,0.10000000000000009
12.383720000001347,0.10000000000000009
12.385390000001347,0.10000000000000009
12.387060000001348,0.10000000000000009
12.388730000001349,0.10000000000000009
12.39040000000135,0.10000000000000009
12.39207000000135,0.10000000000000009
12.393740000001351,0.10000000000000009
12.395410000001352,0.10000000000000009
12.397080000001353,0.10000000000000009
12.398750000001353,0.10000000000000009
12.400420000001354,0.10000000000000009
12.402090000001355,0.10000000000000009
12.403760000001355,0.10000000000000009
12.405430000001356,0.10000000000000009
12.407100000001357,0.10000000000000009
12.408770000001358,0.10000000000000009
12.410440000001358,0.10000000000000009
12.412110000001359,0.10000000000000009
12.41378000000136,0.10000000000000009
12.41545000000136,0.10000000000000009
12.417120000001361,0.10000000000000009
12.418790000001362,0.10000000000000009
12.420460000001363,0.10000000000000009
12.422130000001363,0.10000000000000009
12.423800000001364,0.10000000000000009
12.425470000001365,0.10000000000000009
12.427140000001366,0.10000000000000009
12.428810000001366,0.10000000000000009
12.430480000001367,0.10000000000000009
12.432150000001368,0.10000000000000009
12.433820000001369,0.10000000000000009
12.43549000000137,0.10000000000000009
12.43716000000137,0.10000000000000009
12.43883000000137,0.10000000000000009
12.440500000001371,0.10000000000000009
12.442170000001372,0.10000000000000009
12.443840000001373,0.10000000000000009
12.445510000001374,0.10000000000000009
12.447180000001374,0.10000000000000009
12.448850000001375,0.10000000000000009
12.450520000001376,0.10000000000000009
12.452190000001377,0.10000000000000009
12.453860000001377,0.10000000000000009
12.455530000001378,0.10000000000000009
12.457200000001379,0.10000000000000009
12.45887000000138,0.10000000000000009
12.46054000000138,0.10000000000000009
12.462210000001381,0.10000000000000009
12.463880000001382,0.10000000000000009
12.465550000001382,0.10000000000000009
12.467220000001383,0.10000000000000009
12.468890000001384,0.10000000000000009
12.470560000001385,0.10000000000000009
12.472230000001385,0.10000000000000009
12.473900000001386,0.10000000000000009
12.475570000001387,0.10000000000000009
12.477240000001387,0.10000000000000009
12.478910000001388,0.10000000000000009
12.480580000001389,0.10000000000000009
12.48225000000139,0.10000000000000009
12.48392000000139,0.10000000000000009
12.485590000001391,0.10000000000000009
12.487260000001392,0.10000000000000009
12.488930000001393,0.10000000000000009
12.490600000001393,0.10000000000000009
12.492270000001394,0.10000000000000009
12.493940000001395,0.10000000000000009
12.495610000001395,0.10000000000000009
12.497280000001396,0.10000000000000009
12.498950000001397,0.10000000000000009
12.500620000001398,0.10000000000000009
12.502290000001398,0.10000000000000009
12.503960000001399,0.10000000000000009
12.5056300000014,0.10000000000000009
12.5073000000014,0.10000000000000009
12.508970000001401,0.10000000000000009
12.510640000001402,0.10000000000000009
12.512310000001403,0.10000000000000009
12.513980000001403,0.10000000000000009
12.515650000001404,0.10000000000000009
12.517320000001405,0.10000000000000009
12.518990000001406,0.10000000000000009
12.520660000001406,0.10000000000000009
12.522330000001407,0.10000000000000009
12.524000000001408,0.10000000000000009
12.525670000001409,0.10000000000000009
12.52734000000141,0.10000000000000009
12.52901000000141,0.10000000000000009
12.53068000000141,0.10000000000000009
12.532350000001411,0.10000000000000009
12.534020000001412,0.10000000000000009
12.535690000001413,0.10000000000000009
12.537360000001414,0.10000000000000009
12.539030000001414,0.10000000000000009
12.540700000001415,0.10000000000000009
12.542370000001416,0.10000000000000009
12.544040000001417,0.10000000000000009
12.545710000001417,0.10000000000000009
12.547380000001418,0.10000000000000009
12.549050000001419,0.10000000000000009
12.55072000000142,0.10000000000000009
12.55239000000142,0.10000000000000009
12.55406000000142,0.10000000000000009
12.555730000001422,0.10000000000000009
12.557400000001422,0.10000000000000009
12.559070000001423,0.10000000000000009
12.560740000001424,0.10000000000000009
12.562410000001424,0.10000000000000009
12.564080000001425,0.10000000000000009
12.565750000001426,0.10000000000000009
12.567420000001427,0.10000000000000009
12.569090000001427,0.10000000000000009
12.570760000001428,0.10000000000000009
12.572430000001429,0.10000000000000009
12.57410000000143,0.10000000000000009
12.57577000000143,0.10000000000000009
12.577440000001431,0.10000000000000009
12.579110000001432,0.10000000000000009
12.580780000001432,0.10000000000000009
12.582450000001433,0.10000000000000009
12.584120000001434,0.10000000000000009
12.585790000001435,0.10000000000000009
12.587460000001435,0.10000000000000009
12.589130000001436,0.10000000000000009
12.590800000001437,0.10000000000000009
12.592470000001438,0.10000000000000009
12.594140000001438,0.10000000000000009
12.595810000001439,0.10000000000000009
12.59748000000144,0.10000000000000009
12.59915000000144,0.10000000000000009
12.600820000001441,0.10000000000000009
12.602490000001442,0.10000000000000009
12.604160000001443,0.10000000000000009
12.605830000001443,0.10000000000000009
12.607500000001444,0.10000000000000009
12.609170000001445,0.10000000000000009
12.610840000001446,0.10000000000000009
12.612510000001446,0.10000000000000009
12.614180000001447,0.10000000000000009
12.615850000001448,0.10000000000000009
12.617520000001448,0.10000000000000009
12.61919000000145,0.10000000000000009
12.62086000000145,0.10000000000000009
12.62253000000145,0.10000000000000009
12.624200000001451,0.10000000000000009
12.625870000001452,0.10000000000000009
12.627540000001453,0.10000000000000009
12.629210000001454,0.10000000000000009
12.630880000001454,0.10000000000000009
12.632550000001455,0.10000000000000009
12.634220000001456,0.10000000000000009
12.635890000001456,0.10000000000000009
12.637560000001457,0.10000000000000009
12.639230000001458,0.10000000000000009
12.640900000001459,0.10000000000000009
12.64257000000146,0.10000000000000009
12.64424000000146,0.10000000000000009
12.64591000000146,0.10000000000000009
12.647580000001462,0.10000000000000009
12.649250000001462,0.10000000000000009
12.650920000001463,0.10000000000000009
12.652590000001464,0.10000000000000009
12.654260000001464,0.10000000000000009
12.655930000001465,0.10000000000000009
12.657600000001466,0.10000000000000009
12.659270000001467,0.10000000000000009
12.660940000001467,0.10000000000000009
12.662610000001468,0.10000000000000009
12.664280000001469,0.10000000000000009
12.66595000000147,0.10000000000000009
12.66762000000147,0.10000000000000009
12.669290000001471,0.10000000000000009
12.670960000001472,0.10000000000000009
12.672630000001472,0.10000000000000009
12.674300000001473,0.10000000000000009
12.675970000001474,0.10000000000000009
12.677640000001475,0.10000000000000009
12.679310000001475,0.10000000000000009
12.680980000001476,0.10000000000000009
12.682650000001477,0.10000000000000009
12.684320000001478,0.10000000000000009
12.685990000001478,0.10000000000000009
12.687660000001479,0.10000000000000009
12.68933000000148,0.10000000000000009
12.69100000000148,0.10000000000000009
12.692670000001481,0.10000000000000009
12.694340000001482,0.10000000000000009
12.696010000001483,0.10000000000000009
12.697680000001483,0.10000000000000009
12.699350000001484,0.10000000000000009
12.701020000001485,0.10000000000000009
12.702690000001486,0.10000000000000009
12.704360000001486,0.10000000000000009
12.706030000001487,0.10000000000000009
12.707700000001488,0.10000000000000009
12.709370000001488,0.10000000000000009
12.71104000000149,0.10000000000000009
12.71271000000149,0.10000000000000009
12.71438000000149,0.10000000000000009
12.716050000001491,0.10000000000000009
12.717720000001492,0.10000000000000009
12.719390000001493,0.10000000000000009
12.721060000001494,0.10000000000000009
12.722730000001494,0.10000000000000009
12.724400000001495,0.10000000000000009
12.726070000001496,0.10000000000000009
12.727740000001496,0.10000000000000009
12.729410000001497,0.10000000000000009
12.731080000001498,0.10000000000000009
12.732750000001499,0.10000000000000009
12.7344200000015,0.10000000000000009
12.7360900000015,0.10000000000000009
12.7377600000015,0.10000000000000009
12.739430000001501,0.10000000000000009
12.741100000001502,0.10000000000000009
12.742770000001503,0.10000000000000009
12.744440000001504,0.10000000000000009
12.746110000001504,0.10000000000000009
12.747780000001505,0.10000000000000009
12.749450000001506,0.10000000000000009
12.751120000001507,0.10000000000000009
12.752790000001507,0.10000000000000009
12.754460000001508,0.10000000000000009
12.756130000001509,0.10000000000000009
12.75780000000151,0.10000000000000009
12.75947000000151,0.10000000000000009
12.761140000001511,0.10000000000000009
12.762810000001512,0.10000000000000009
12.764480000001512,0.10000000000000009
12.766150000001513,0.10000000000000009
12.767820000001514,0.10000000000000009
12.769490000001515,0.10000000000000009
12.771160000001515,0.10000000000000009
12.772830000001516,0.10000000000000009
12.774500000001517,0.10000000000000009
12.776170000001517,0.10000000000000009
12.777840000001518,0.10000000000000009
12.779510000001519,0.10000000000000009
12.78118000000152,0.10000000000000009
12.78285000000152,0.10000000000000009
12.784520000001521,0.10000000000000009
12.786190000001522,0.10000000000000009
12.787860000001523,0.10000000000000009
12.789530000001523,0.10000000000000009
12.791200000001524,0.10000000000000009
12.792870000001525,0.10000000000000009
12.794540000001525,0.10000000000000009
12.796210000001526,0.10000000000000009
12.797880000001527,0.10000000000000009
12.799550000001528,0.10000000000000009
12.801220000001528,0.10000000000000009
12.802890000001529,0.10000000000000009
12.80456000000153,0.10000000000000009
12.80623000000153,0.10000000000000009
12.807900000001531,0.10000000000000009
12.809570000001532,0.10000000000000009
12.811240000001533,0.10000000000000009
12.812910000001533,0.10000000000000009
12.814580000001534,0.10000000000000009
12.816250000001535,0.10000000000000009
12.817920000001536,0.10000000000000009
12.819590000001536,0.10000000000000009
12.821260000001537,0.10000000000000009
12.822930000001538,0.10000000000000009
12.824600000001539,0.10000000000000009
12.82627000000154,0.10000000000000009
12.82794000000154,0.10000000000000009
12.82961000000154,0.10000000000000009
12.831280000001541,0.10000000000000009
12.832950000001542,0.10000000000000009
12.834620000001543,0.10000000000000009
12.836290000001544,0.10000000000000009
12.837960000001544,0.10000000000000009
12.839630000001545,0.10000000000000009
12.841300000001546,0.10000000000000009
12.842970000001547,0.10000000000000009
12.844640000001547,0.10000000000000009
12.846310000001548,0.10000000000000009
12.847980000001549,0.10000000000000009
12.84965000000155,0.10000000000000009
12.85132000000155,0.10000000000000009
12.852990000001551,0.10000000000000009
12.854660000001552,0.10000000000000009
12.856330000001552,0.10000000000000009
12.858000000001553,0.10000000000000009
12.859670000001554,0.10000000000000009
12.861340000001555,0.10000000000000009
12.863010000001555,0.10000000000000009
12.864680000001556,0.10000000000000009
12.866350000001557,0.10000000000000009
12.868020000001557,0.10000000000000009
12.869690000001558,0.10000000000000009
12.871360000001559,0.10000000000000009
12.87303000000156,0.10000000000000009
12.87470000000156,0.10000000000000009
12.876370000001561,0.10000000000000009
12.878040000001562,0.10000000000000009
12.879710000001563,0.10000000000000009
12.881380000001563,0.10000000000000009
12.883050000001564,0.10000000000000009
12.884720000001565,0.10000000000000009
12.886390000001565,0.10000000000000009
12.888060000001566,0.10000000000000009
12.889730000001567,0.10000000000000009
12.891400000001568,0.10000000000000009
12.893070000001568,0.10000000000000009
12.894740000001569,0.10000000000000009
12.89641000000157,0.10000000000000009
12.89808000000157,0.10000000000000009
12.899750000001571,0.10000000000000009
12.901420000001572,0.10000000000000009
12.903090000001573,0.10000000000000009
12.904760000001573,0.10000000000000009
12.906430000001574,0.10000000000000009
12.908100000001575,0.10000000000000009
12.909770000001576,0.10000000000000009
12.911440000001576,0.10000000000000009
12.913110000001577,0.10000000000000009
12.914780000001578,0.10000000000000009
12.916450000001579,0.10000000000000009
12.91812000000158,0.10000000000000009
12.91979000000158,0.10000000000000009
12.92146000000158,0.10000000000000009
12.923130000001581,0.10000000000000009
12.924800000001582,0.10000000000000009
12.926470000001583,0.10000000000000009
12.928140000001584,0.10000000000000009
12.929810000001584,0.10000000000000009
12.931480000001585,0.10000000000000009
12.933150000001586,0.10000000000000009
12.934820000001586,0.10000000000000009
12.936490000001587,0.10000000000000009
12.938160000001588,0.10000000000000009
12.939830000001589,0.10000000000000009
12.94150000000159,0.10000000000000009
12.94317000000159,0.10000000000000009
12.94484000000159,0.10000000000000009
12.946510000001592,0.10000000000000009
12.948180000001592,0.10000000000000009
12.949850000001593,0.10000000000000009
12.951520000001594,0.10000000000000009
12.953190000001594,0.10000000000000009
12.954860000001595,0.10000000000000009
12.956530000001596,0.10000000000000009
12.958200000001597,0.10000000000000009
12.959870000001597,0.10000000000000009
12.961540000001598,0.10000000000000009
12.963210000001599,0.10000000000000009
12.9648800000016,0.10000000000000009
12.9665500000016,0.10000000000000009
12.968220000001601,0.10000000000000009
12.969890000001602,0.10000000000000009
12.971560000001602,0.10000000000000009
12.973230000001603,0.10000000000000009
12.974900000001604,0.10000000000000009
12.976570000001605,0.10000000000000009
12.978240000001605,0.10000000000000009
12.979910000001606,0.10000000000000009
12.981580000001607,0.10000000000000009
12.983250000001608,0.10000000000000009
12.984920000001608,0.10000000000000009
12.986590000001609,0.10000000000000009
12.98826000000161,0.10000000000000009
12.98993000000161,0.10000000000000009
12.991600000001611,0.10000000000000009
12.993270000001612,0.10000000000000009
12.994940000001613,0.10000000000000009
12.996610000001613,0.10000000000000009
12.998280000001614,0.10000000000000009
12.999950000001615,0.10000000000000009
13.001620000001616,0.10000000000000009
13.003290000001616,0.10000000000000009
13.004960000001617,0.10000000000000009
13.006630000001618,0.10000000000000009
13.008300000001618,0.10000000000000009
13.00997000000162,0.10000000000000009
13.01164000000162,0.10000000000000009
13.01331000000162,0.10000000000000009
13.014980000001621,0.10000000000000009
13.016650000001622,0.10000000000000009
13.018320000001623,0.10000000000000009
13.019990000001624,0.10000000000000009
13.021660000001624,0.10000000000000009
13.023330000001625,0.10000000000000009
13.025000000001626,0.10000000000000009
13.026670000001626,0.10000000000000009
13.028340000001627,0.10000000000000009
13.030010000001628,0.10000000000000009
13.031680000001629,0.10000000000000009
13.03335000000163,0.10000000000000009
13.03502000000163,0.10000000000000009
13.03669000000163,0.10000000000000009
13.038360000001632,0.10000000000000009
13.040030000001632,0.10000000000000009
13.041700000001633,0.10000000000000009
13.043370000001634,0.10000000000000009
13.045040000001634,0.10000000000000009
13.046710000001635,0.10000000000000009
13.048380000001636,0.10000000000000009
13.050050000001637,0.10000000000000009
13.051720000001637,0.10000000000000009
13.053390000001638,0.10000000000000009
13.055060000001639,0.10000000000000009
13.05673000000164,0.10000000000000009
13.05840000000164,0.10000000000000009
13.060070000001641,0.10000000000000009
13.061740000001642,0.10000000000000009
13.063410000001642,0.10000000000000009
13.065080000001643,0.10000000000000009
13.066750000001644,0.10000000000000009
13.068420000001645,0.10000000000000009
13.070090000001645,0.10000000000000009
13.071760000001646,0.10000000000000009
13.073430000001647,0.10000000000000009
13.075100000001648,0.10000000000000009
13.076770000001648,0.10000000000000009
13.078440000001649,0.10000000000000009
13.08011000000165,0.10000000000000009
13.08178000000165,0.10000000000000009
13.083450000001651,0.10000000000000009
13.085120000001652,0.10000000000000009
13.086790000001653,0.10000000000000009
13.088460000001653,0.10000000000000009
13.090130000001654,0.10000000000000009
13.091800000001655,0.10000000000000009
13.093470000001656,0.10000000000000009
13.095140000001656,0.10000000000000009
13.096810000001657,0.10000000000000009
13.098480000001658,0.10000000000000009
13.100150000001658,0.10000000000000009
13.10182000000166,0.10000000000000009
13.10349000000166,0.10000000000000009
13.10516000000166,0.10000000000000009
13.106830000001661,0.10000000000000009
13.108500000001662,0.10000000000000009
13.110170000001663,0.10000000000000009
13.111840000001663,0.10000000000000009
13.113510000001664,0.10000000000000009
13.115180000001665,0.10000000000000009
13.116850000001666,0.10000000000000009
13.118520000001666,0.10000000000000009
13.120190000001667,0.10000000000000009
13.121860000001668,0.10000000000000009
13.123530000001669,0.10000000000000009
13.12520000000167,0.10000000000000009
13.12687000000167,0.10000000000000009
13.12854000000167,0.10000000000000009
13.130210000001671,0.10000000000000009
13.131880000001672,0.10000000000000009
13.133550000001673,0.10000000000000009
13.135220000001674,0.10000000000000009
13.136890000001674,0.10000000000000009
13.138560000001675,0.10000000000000009
13.140230000001676,0.10000000000000009
13.141900000001677,0.10000000000000009
13.143570000001677,0.10000000000000009
13.145240000001678,0.10000000000000009
13.146910000001679,0.10000000000000009
13.14858000000168,0.10000000000000009
13.15025000000168,0.10000000000000009
13.151920000001681,0.10000000000000009
13.153590000001682,0.10000000000000009
13.155260000001682,0.10000000000000009
13.156930000001683,0.10000000000000009
13.158600000001684,0.10000000000000009
13.160270000001685,0.10000000000000009
13.161940000001685,0.10000000000000009
13.163610000001686,0.10000000000000009
13.165280000001687,0.10000000000000009
13.166950000001687,0.10000000000000009
13.168620000001688,0.10000000000000009
13.170290000001689,0.10000000000000009
13.17196000000169,0.10000000000000009
13.17363000000169,0.10000000000000009
13.175300000001691,0.10000000000000009
13.176970000001692,0.10000000000000009
13.178640000001693,0.10000000000000009
13.180310000001693,0.10000000000000009
13.181980000001694,0.10000000000000009
13.183650000001695,0.10000000000000009
13.185320000001695,0.10000000000000009
13.186990000001696,0.10000000000000009
13.188660000001697,0.10000000000000009
13.190330000001698,0.10000000000000009
13.192000000001698,0.10000000000000009
13.193670000001699,0.10000000000000009
13.1953400000017,0.10000000000000009
13.1970100000017,0.10000000000000009
13.198680000001701,0.10000000000000009
13.200350000001702,0.10000000000000009
13.202020000001703,0.10000000000000009
13.203690000001703,0.10000000000000009
13.205360000001704,0.10000000000000009
13.207030000001705,0.10000000000000009
13.208700000001706,0.10000000000000009
13.210370000001706,0.10000000000000009
13.212040000001707,0.10000000000000009
13.213710000001708,0.10000000000000009
13.215380000001709,0.10000000000000009
13.21705000000171,0.10000000000000009
13.21872000000171,0.10000000000000009
13.22039000000171,0.10000000000000009
13.222060000001711,0.10000000000000009
13.223730000001712,0.10000000000000009
13.225400000001713,0.10000000000000009
13.227070000001714,0.10000000000000009
13.228740000001714,0.10000000000000009
13.230410000001715,0.10000000000000009
13.232080000001716,0.10000000000000009
13.233750000001717,0.10000000000000009
13.235420000001717,0.10000000000000009
13.237090000001718,0.10000000000000009
13.238760000001719,0.10000000000000009
13.24043000000172,0.10000000000000009
13.24210000000172,0.10000000000000009
13.24377000000172,0.10000000000000009
13.245440000001722,0.10000000000000009
13.247110000001722,0.10000000000000009
13.248780000001723,0.10000000000000009
13.250450000001724,0.10000000000000009
13.252120000001725,0.10000000000000009
13.253790000001725,0.10000000000000009
13.255460000001726,0.10000000000000009
13.257130000001727,0.10000000000000009
13.258800000001727,0.10000000000000009
13.260470000001728,0.10000000000000009
13.262140000001729,0.10000000000000009
13.26381000000173,0.10000000000000009
13.26548000000173,0.10000000000000009
13.267150000001731,0.10000000000000009
13.268820000001732,0.10000000000000009
13.270490000001733,0.10000000000000009
13.272160000001733,0.10000000000000009
13.273830000001734,0.10000000000000009
13.275500000001735,0.10000000000000009
13.277170000001735,0.10000000000000009
13.278840000001736,0.10000000000000009
13.280510000001737,0.10000000000000009
13.282180000001738,0.10000000000000009
13.283850000001738,0.10000000000000009
13.285520000001739,0.10000000000000009
13.28719000000174,0.10000000000000009
13.28886000000174,0.10000000000000009
13.290530000001741,0.10000000000000009
13.292200000001742,0.10000000000000009
13.293870000001743,0.10000000000000009
13.295540000001743,0.10000000000000009
13.297210000001744,0.10000000000000009
13.298880000001745,0.10000000000000009
13.300550000001746,0.10000000000000009
13.302220000001746,0.10000000000000009
13.303890000001747,0.10000000000000009
13.305560000001748,0.10000000000000009
13.307230000001748,0.10000000000000009
13.30890000000175,0.10000000000000009
13.31057000000175,0.10000000000000009
13.31224000000175,0.10000000000000009
13.313910000001751,0.10000000000000009
13.315580000001752,0.10000000000000009
13.317250000001753,0.10000000000000009
13.318920000001754,0.10000000000000009
13.320590000001754,0.10000000000000009
13.322260000001755,0.10000000000000009
13.323930000001756,0.10000000000000009
13.325600000001756,0.10000000000000009
13.327270000001757,0.10000000000000009
13.328940000001758,0.10000000000000009
13.330610000001759,0.10000000000000009
13.33228000000176,0.10000000000000009
13.33395000000176,0.10000000000000009
13.33562000000176,0.10000000000000009
13.337290000001762,0.10000000000000009
13.338960000001762,0.10000000000000009
13.340630000001763,0.10000000000000009
13.342300000001764,0.10000000000000009
13.343970000001764,0.10000000000000009
13.345640000001765,0.10000000000000009
13.347310000001766,0.10000000000000009
13.348980000001767,0.10000000000000009
13.350650000001767,0.10000000000000009
13.352320000001768,0.10000000000000009
13.353990000001769,0.10000000000000009
13.35566000000177,0.10000000000000009
13.35733000000177,0.10000000000000009
13.359000000001771,0.10000000000000009
13.360670000001772,0.10000000000000009
13.362340000001772,0.10000000000000009
13.364010000001773,0.10000000000000009
13.365680000001774,0.10000000000000009
13.367350000001775,0.10000000000000009
13.369020000001775,0.10000000000000009
13.370690000001776,0.10000000000000009
13.372360000001777,0.10000000000000009
13.374030000001778,0.10000000000000009
13.375700000001778,0.10000000000000009
13.377370000001779,0.10000000000000009
13.37904000000178,0.10000000000000009
13.38071000000178,0.10000000000000009
13.382380000001781,0.10000000000000009
13.384050000001782,0.10000000000000009
13.385720000001783,0.10000000000000009
13.387390000001783,0.10000000000000009
13.389060000001784,0.10000000000000009
13.390730000001785,0.10000000000000009
13.392400000001786,0.10000000000000009
13.394070000001786,0.10000000000000009
13.395740000001787,0.10000000000000009
13.397410000001788,0.10000000000000009
13.399080000001788,0.10000000000000009
13.40075000000179,0.10000000000000009
13.40242000000179,0.10000000000000009
13.40409000000179,0.10000000000000009
13.405760000001791,0.10000000000000009
13.407430000001792,0.10000000000000009
13.409100000001793,0.10000000000000009
13.410770000001794,0.10000000000000009
13.412440000001794,0.10000000000000009
13.414110000001795,0.10000000000000009
13.415780000001796,0.10000000000000009
13.417450000001796,0.10000000000000009
13.419120000001797,0.10000000000000009
13.420790000001798,0.10000000000000009
13.422460000001799,0.10000000000000009
13.4241300000018,0.10000000000000009
13.4258000000018,0.10000000000000009
13.4274700000018,0.10000000000000009
13.429140000001802,0.10000000000000009
13.430810000001802,0.10000000000000009
13.432480000001803,0.10000000000000009
13.434150000001804,0.10000000000000009
13.435820000001804,0.10000000000000009
13.437490000001805,0.10000000000000009
13.439160000001806,0.10000000000000009
13.440830000001807,0.10000000000000009
13.442500000001807,0.10000000000000009
13.444170000001808,0.10000000000000009
13.445840000001809,0.10000000000000009
13.44751000000181,0.10000000000000009
13.44918000000181,0.10000000000000009
13.450850000001811,0.10000000000000009
13.452520000001812,0.10000000000000009
13.454190000001812,0.10000000000000009
13.455860000001813,0.10000000000000009
13.457530000001814,0.10000000000000009
13.459200000001815,0.10000000000000009
13.460870000001815,0.10000000000000009
13.462540000001816,0.10000000000000009
13.464210000001817,0.10000000000000009
13.465880000001818,0.10000000000000009
13.467550000001818,0.10000000000000009
13.469220000001819,0.10000000000000009
13.47089000000182,0.10000000000000009
13.47256000000182,0.10000000000000009
13.474230000001821,0.10000000000000009
13.475900000001822,0.10000000000000009
13.477570000001823,0.10000000000000009
13.479240000001823,0.10000000000000009
13.480910000001824,0.10000000000000009
13.482580000001825,0.10000000000000009
13.484250000001825,0.10000000000000009
13.485920000001826,0.10000000000000009
13.487590000001827,0.10000000000000009
13.489260000001828,0.10000000000000009
13.490930000001828,0.10000000000000009
13.49260000000183,0.10000000000000009
13.49427000000183,0.10000000000000009
13.49594000000183,0.10000000000000009
13.497610000001831,0.10000000000000009
13.499280000001832,0.10000000000000009
13.500950000001833,0.0999524999999084
13.502620000001833,0.09986899999990828
13.504290000001834,0.09978549999990838
13.505960000001835,0.09970199999990847
13.507630000001836,0.09961849999990835
13.509300000001836,0.09953499999990822
13.510970000001837,0.0994514999999081
13.512640000001838,0.0993679999999082
13.514310000001839,0.0992844999999083
13.51598000000184,0.09920099999990817
13.51765000000184,0.09911749999990804
13.51932000000184,0.09903399999990792
13.520990000001841,0.09895049999990801
13.522660000001842,0.09886699999990811
13.524330000001843,0.09878349999990799
13.526000000001844,0.09869999999990786
13.527670000001844,0.09861649999990774
13.529340000001845,0.09853299999990783
13.531010000001846,0.09844949999990793
13.532680000001847,0.0983659999999078
13.534350000001847,0.09828249999990768
13.536020000001848,0.09819899999990755
13.537690000001849,0.09811549999990765
13.53936000000185,0.09803199999990775
13.54103000000185,0.09794849999990762
13.542700000001851,0.0978649999999075
13.544370000001852,0.09778149999990737
13.546040000001852,0.09769799999990747
13.547710000001853,0.09761449999990757
13.549380000001854,0.09753099999990744
13.551050000001855,0.09744749999990732
13.552720000001855,0.09736399999990719
13.554390000001856,0.09728049999990729
13.556060000001857,0.09719699999990739
13.557730000001857,0.09711349999990726
13.559400000001858,0.09702999999990713
13.561070000001859,0.09694649999990701
13.56274000000186,0.0968629999999071
13.56441000000186,0.0967794999999072
13.566080000001861,0.09669599999990708
13.567750000001862,0.09661249999990695
13.569420000001863,0.09652899999990683
13.571090000001863,0.09644549999990693
13.572760000001864,0.09636199999990702
13.574430000001865,0.0962784999999069
13.576100000001865,0.09619499999990677
13.577770000001866,0.09611149999990665
13.579440000001867,0.09602799999990674
13.581110000001868,0.09594449999990684
13.582780000001868,0.09586099999990672
13.584450000001869,0.09577749999990659
13.58612000000187,0.09569399999990646
13.58779000000187,0.09561049999990656
13.589460000001871,0.09552699999990666
13.591130000001872,0.09544349999990653
13.592800000001873,0.09535999999990641
13.594470000001873,0.09527649999990628
13.596140000001874,0.09519299999990638
13.597810000001875,0.09510949999990648
13.599480000001876,0.09502599999990635
13.601150000001876,0.09494249999990623
13.602820000001877,0.0948589999999061
13.604490000001878,0.0947754999999062
13.606160000001879,0.0946919999999063
13.60783000000188,0.09460849999990617
13.60950000000188,0.09452499999990605
13.61117000000188,0.09444149999990592
13.612840000001881,0.09435799999990602
13.614510000001882,0.09427449999990611
13.616180000001883,0.09419099999990599
13.617850000001884,0.09410749999990586
13.619520000001884,0.09402399999990574
13.621190000001885,0.09394049999990584
13.622860000001886,0.09385699999990593
13.624530000001887,0.09377349999990581
13.626200000001887,0.09368999999990568
13.627870000001888,0.09360649999990556
13.629540000001889,0.09352299999990565
13.63121000000189,0.09343949999990575
13.63288000000189,0.09335599999990563
13.63455000000189,0.0932724999999055
13.636220000001892,0.09318899999990538
13.637890000001892,0.09310549999990547
13.639560000001893,0.09302199999990557
13.641230000001894,0.09293849999990544
13.642900000001895,0.09285499999990532
13.644570000001895,0.0927714999999052
13.646240000001896,0.09268799999990529
13.647910000001897,0.09260449999990539
13.649580000001897,0.09252099999990526
13.651250000001898,0.09243749999990514
13.652920000001899,0.09235399999990501
13.6545900000019,0.09227049999990511
13.6562600000019,0.0921869999999052
13.657930000001901,0.09210349999990508
13.659600000001902,0.09201999999990496
13.661270000001903,0.09193649999990483
13.662940000001903,0.09185299999990493
13.664610000001904,0.09176949999990502
13.666280000001905,0.0916859999999049
13.667950000001905,0.09160249999990477
13.669620000001906,0.09151899999990465
13.671290000001907,0.09143549999990475
13.672960000001908,0.09135199999990484
13.674630000001908,0.09126849999990472
13.676300000001909,0.09118499999990459
13.67797000000191,0.09110149999990447
13.67964000000191,0.09101799999990456
13.681310000001911,0.09093449999990466
13.682980000001912,0.09085099999990454
13.684650000001913,0.09076749999990441
13.686320000001913,0.09068399999990429
13.687990000001914,0.09060049999990438
13.689660000001915,0.09051699999990448
13.691330000001916,0.09043349999990435
13.693000000001916,0.09034999999990423
13.694670000001917,0.0902664999999041
13.696340000001918,0.0901829999999042
13.698010000001918,0.0900994999999043
13.69968000000192,0.09001599999990417
13.70135000000192,0.08993249999990405
13.70302000000192,0.08984899999990392
13.704690000001921,0.08976549999990402
13.706360000001922,0.08968199999990412
13.708030000001923,0.08959849999990399
13.709700000001924,0.08951499999990387
13.711370000001924,0.08943149999990374
13.713040000001925,0.08934799999990384
13.714710000001926,0.08926449999990393
13.716380000001926,0.08918099999990381
13.718050000001927,0.08909749999990368
13.719720000001928,0.08901399999990356
13.721390000001929,0.08893049999990366
13.72306000000193,0.08884699999990375
13.72473000000193,0.08876349999990363
13.72640000000193,0.0886799999999035
13.728070000001932,0.08859649999990338
13.729740000001932,0.08851299999990347
13.731410000001933,0.08842949999990357
13.733080000001934,0.08834599999990345
13.734750000001934,0.08826249999990332
13.736420000001935,0.0881789999999032
13.738090000001936,0.08809549999990329
13.739760000001937,0.08801199999990339
13.741430000001937,0.08792849999990326
13.743100000001938,0.08784499999990314
13.744770000001939,0.08776149999990301
13.74644000000194,0.08767799999990311
13.74811000000194,0.08759449999990321
13.749780000001941,0.08751099999990308
13.751450000001942,0.08742749999990296
13.753120000001942,0.08734399999990283
13.754790000001943,0.08726049999990293
13.756460000001944,0.08717699999990303
13.758130000001945,0.0870934999999029
13.759800000001945,0.08700999999990278
13.761470000001946,0.08692649999990265
13.763140000001947,0.08684299999990275
13.764810000001948,0.08675949999990284
13.766480000001948,0.08667599999990272
13.768150000001949,0.0865924999999026
13.76982000000195,0.08650899999990247
13.77149000000195,0.08642549999990257
13.773160000001951,0.08634199999990266
13.774830000001952,0.08625849999990232
13.776500000001953,0.08617499999990241
13.778170000001953,0.08609149999990229
13.779840000001954,0.08600799999990238
13.781510000001955,0.08592449999990248
13.783180000001956,0.08584099999990213
13.784850000001956,0.08575749999990223
13.786520000001957,0.0856739999999021
13.788190000001958,0.0855904999999022
13.789860000001958,0.0855069999999023
13.79153000000196,0.08542349999990195
13.79320000000196,0.08533999999990205
13.79487000000196,0.08525649999990192
13.796540000001961,0.08517299999990202
13.798210000001962,0.08508949999990212
13.799880000001963,0.08500599999990177
13.801550000001964,0.08492249999990187
13.803220000001964,0.08483899999990174
13.804890000001965,0.08475549999990184
13.806560000001966,0.08467199999990194
13.808230000001966,0.08458849999990159
13.809900000001967,0.08450499999990169
13.811570000001968,0.08442149999990156
13.813240000001969,0.08433799999990166
13.81491000000197,0.08425449999990176
13.81658000000197,0.08417099999990141
13.81825000000197,0.0840874999999015
13.819920000001972,0.08400399999990138
13.821590000001972,0.08392049999990148
13.823260000001973,0.08383699999990157
13.824930000001974,0.08375349999990123
13.826600000001974,0.08366999999990132
13.828270000001975,0.0835864999999012
13.829940000001976,0.0835029999999013
13.831610000001977,0.08341949999990139
13.833280000001977,0.08333599999990104
13.834950000001978,0.08325249999990114
13.836620000001979,0.08316899999990102
13.83829000000198,0.08308549999990111
13.83996000000198,0.08300199999990121
13.841630000001981,0.08291849999990086
13.843300000001982,0.08283499999990096
13.844970000001982,0.08275149999990083
13.846640000001983,0.08266799999990093
13.848310000001984,0.08258449999990103
13.849980000001985,0.08250099999990068
13.851650000001985,0.08241749999990078
13.853320000001986,0.08233399999990065
13.854990000001987,0.08225049999990075
13.856660000001987,0.08216699999990085
13.858330000001988,0.0820834999999005
13.860000000001989,0.0819999999999006
13.86167000000199,0.08191649999990047
13.86334000000199,0.08183299999990057
13.865010000001991,0.08174949999990044
13.866680000001992,0.08166599999990032
13.868350000001993,0.08158249999990042
13.870020000001993,0.08149899999990029
13.871690000001994,0.08141549999990039
13.873360000001995,0.08133199999990026
13.875030000001995,0.08124849999990014
13.876700000001996,0.08116499999990023
13.878370000001997,0.08108149999990011
13.880040000001998,0.0809979999999002
13.881710000001998,0.08091449999990008
13.883380000002,0.08083099999989996
13.885050000002,0.08074749999990005
13.886720000002,0.08066399999989993
13.888390000002001,0.08058049999990002
13.890060000002002,0.0804969999998999
13.891730000002003,0.08041349999989977
13.893400000002003,0.08032999999989987
13.895070000002004,0.08024649999989975
13.896740000002005,0.08016299999989984
13.898410000002006,0.08007949999989972
13.900080000002006,0.07999599999989959
13.901750000002007,0.07991249999989969
13.903420000002008,0.07982899999989956
13.905090000002009,0.07974549999989966
13.90676000000201,0.07966199999989954
13.90843000000201,0.07957849999989941
13.91010000000201,0.07949499999989951
13.911770000002011,0.07941149999989938
13.913440000002012,0.07932799999989948
13.915110000002013,0.07924449999989935
13.916780000002014,0.07916099999989923
13.918450000002014,0.07907749999989933
13.920120000002015,0.0789939999998992
13.921790000002016,0.0789104999998993
13.923460000002017,0.07882699999989917
13.925130000002017,0.07874349999989905
13.926800000002018,0.07865999999989914
13.928470000002019,0.07857649999989902
13.93014000000202,0.07849299999989912
13.93181000000202,0.07840949999989899
13.933480000002021,0.07832599999989887
13.935150000002022,0.07824249999989896
13.936820000002022,0.07815899999989884
13.938490000002023,0.07807549999989893
13.940160000002024,0.07799199999989881
13.941830000002025,0.07790849999989868
13.943500000002025,0.07782499999989878
13.945170000002026,0.07774149999989866
13.946840000002027,0.07765799999989875
13.948510000002027,0.07757449999989863
13.950180000002028,0.0774909999998985
13.951850000002029,0.0774074999998986
13.95352000000203,0.07732399999989847
13.95519000000203,0.07724049999989857
13.956860000002031,0.07715699999989845
13.958530000002032,0.07707349999989832
13.960200000002033,0.07698999999989842
13.961870000002033,0.07690649999989829
13.963540000002034,0.07682299999989839
13.965210000002035,0.07673949999989826
13.966880000002035,0.07665599999989814
13.968550000002036,0.07657249999989824
13.970220000002037,0.07648899999989811
13.971890000002038,0.07640549999989821
13.973560000002038,0.07632199999989808
13.975230000002039,0.07623849999989796
13.97690000000204,0.07615499999989805
13.97857000000204,0.07607149999989793
13.980240000002041,0.07598799999989803
13.981910000002042,0.0759044999998979
13.983580000002043,0.07582099999989778
13.985250000002043,0.07573749999989787
13.986920000002044,0.07565399999989775
13.988590000002045,0.07557049999989784
13.990260000002046,0.07548699999989772
13.991930000002046,0.0754034999998976
13.993600000002047,0.07531999999989769
13.995270000002048,0.07523649999989757
13.996940000002049,0.07515299999989766
13.99861000000205,0.07506949999989754
14.00028000000205,0.07498599999989741
14.00195000000205,0.07490249999989751
14.003620000002051,0.07481899999989738
14.005290000002052,0.07473549999989748
14.006960000002053,0.07465199999989736
14.008630000002054,0.07456849999989723
14.010300000002054,0.07448499999989733
14.011970000002055,0.0744014999998972
14.013640000002056,0.0743179999998973
14.015310000002057,0.07423449999989717
14.016980000002057,0.07415099999989705
14.018650000002058,0.07406749999989715
14.020320000002059,0.07398399999989702
14.02199000000206,0.07390049999989712
14.02366000000206,0.07381699999989699
14.02533000000206,0.07373349999989687
14.027000000002062,0.07364999999989696
14.028670000002062,0.07356649999989684
14.030340000002063,0.07348299999989694
14.032010000002064,0.07339949999989681
14.033680000002065,0.07331599999989669
14.035350000002065,0.07323249999989678
14.037020000002066,0.07314899999989666
14.038690000002067,0.07306549999989675
14.040360000002067,0.07298199999989663
14.042030000002068,0.0728984999998965
14.043700000002069,0.0728149999998966
14.04537000000207,0.07273149999989648
14.04704000000207,0.07264799999989657
14.048710000002071,0.07256449999989645
14.050380000002072,0.07248099999989632
14.052050000002072,0.07239749999989642
14.053720000002073,0.0723139999998963
14.055390000002074,0.07223049999989639
14.057060000002075,0.07214699999989627
14.058730000002075,0.07206349999989614
14.060400000002076,0.07197999999989624
14.062070000002077,0.07189649999989611
14.063740000002078,0.07181299999989621
14.065410000002078,0.07172949999989608
14.067080000002079,0.07164599999989596
14.06875000000208,0.07156249999989606
14.07042000000208,0.07147899999989593
14.072090000002081,0.07139549999989603
14.073760000002082,0.0713119999998959
14.075430000002083,0.07122849999989578
14.077100000002083,0.07114499999989587
14.078770000002084,0.07106149999989575
14.080440000002085,0.07097799999989585
14.082110000002086,0.07089449999989572
14.083780000002086,0.0708109999998956
14.085450000002087,0.0707274999998957
14.087120000002088,0.07064399999989557
14.088790000002088,0.07056049999989567
14.09046000000209,0.07047699999989554
14.09213000000209,0.07039349999989541
14.09380000000209,0.07030999999989551
14.095470000002091,0.07022649999989539
14.097140000002092,0.07014299999989548
14.098810000002093,0.07005949999989536
14.100480000002094,0.06997599999989523
14.102150000002094,0.06989249999989533
14.103820000002095,0.0698089999998952
14.105490000002096,0.0697254999998953
14.107160000002096,0.06964199999989518
14.108830000002097,0.06955849999989505
14.110500000002098,0.06947499999989515
14.112170000002099,0.06939149999989502
14.1138400000021,0.06930799999989512
14.1155100000021,0.069224499999895
14.1171800000021,0.06914099999989487
14.118850000002102,0.06905749999989497
14.120520000002102,0.06897399999989484
14.122190000002103,0.06889049999989494
14.123860000002104,0.06880699999989481
14.125530000002104,0.06872349999989469
14.127200000002105,0.06863999999989479
14.128870000002106,0.06855649999989466
14.130540000002107,0.06847299999989476
14.132210000002107,0.06838949999989463
14.133880000002108,0.0683059999998945
14.135550000002109,0.0682224999998946
14.13722000000211,0.06813899999989448
14.13889000000211,0.06805549999989458
14.140560000002111,0.06797199999989445
14.142230000002112,0.06788849999989433
14.143900000002112,0.06780499999989442
14.145570000002113,0.0677214999998943
14.147240000002114,0.0676379999998944
14.148910000002115,0.06755449999989427
14.150580000002115,0.06747099999989414
14.152250000002116,0.06738749999989424
14.153920000002117,0.06730399999989412
14.155590000002118,0.06722049999989421
14.157260000002118,0.06713699999989409
14.158930000002119,0.06705349999989396
14.16060000000212,0.06696999999989406
14.16227000000212,0.06688649999989393
14.163940000002121,0.06680299999989403
14.165610000002122,0.0667194999998939
14.167280000002123,0.06663599999989378
14.168950000002123,0.06655249999989388
14.170620000002124,0.06646899999989375
14.172290000002125,0.06638549999989385
14.173960000002126,0.0663019999998935
14.175630000002126,0.0662184999998936
14.177300000002127,0.0661349999998937
14.178970000002128,0.06605149999989357
14.180640000002128,0.06596799999989367
14.18231000000213,0.06588449999989332
14.18398000000213,0.06580099999989342
14.18565000000213,0.06571749999989351
14.187320000002131,0.06563399999989339
14.188990000002132,0.06555049999989349
14.190660000002133,0.06546699999989314
14.192330000002134,0.06538349999989324
14.194000000002134,0.06529999999989333
14.195670000002135,0.06521649999989321
14.197340000002136,0.0651329999998933
14.199010000002136,0.06504949999989296
14.200680000002137,0.06496599999989305
14.202350000002138,0.06488249999989315
14.204020000002139,0.06479899999989303
14.20569000000214,0.06471549999989312
14.20736000000214,0.06463199999989278
14.20903000000214,0.06454849999989287
14.210700000002142,0.06446499999989297
14.212370000002142,0.06438149999989284
14.214040000002143,0.06429799999989294
14.215710000002144,0.0642144999998926
14.217380000002144,0.06413099999989269
14.219050000002145,0.06404749999989279
14.220720000002146,0.06396399999989266
14.222390000002147,0.06388049999989276
14.224060000002147,0.06379699999989241
14.225730000002148,0.06371349999989251
14.227400000002149,0.0636299999998926
14.22907000000215,0.06354649999989248
14.23074000000215,0.06346299999989258
14.232410000002151,0.06337949999989223
14.234080000002152,0.06329599999989233
14.235750000002152,0.06321249999989242
14.237420000002153,0.0631289999998923
14.239090000002154,0.0630454999998924
14.240760000002155,0.06296199999989205
14.242430000002155,0.06287849999989215
14.244100000002156,0.06279499999989224
14.245770000002157,0.06271149999989212
14.247440000002157,0.06262799999989221
14.249110000002158,0.06254449999989187
14.250780000002159,0.062460999999891964
14.25245000000216,0.06237749999989206
14.25412000000216,0.062293999999891936
14.255790000002161,0.06221049999989203
14.257460000002162,0.062126999999891686
14.259130000002163,0.06204349999989178
14.260800000002163,0.06195999999989188
14.262470000002164,0.061876499999891754
14.264140000002165,0.06179299999989185
14.265810000002165,0.061709499999891504
14.267480000002166,0.0616259999998916
14.269150000002167,0.0615424999998917
14.270820000002168,0.06145899999989157
14.272490000002168,0.06137549999989167
14.27416000000217,0.06129199999989132
14.27583000000217,0.06120849999989142
14.27750000000217,0.061124999999891516
14.279170000002171,0.06104149999989139
14.280840000002172,0.06095799999989149
14.282510000002173,0.06087449999989114
14.284180000002173,0.06079099999989124
14.285850000002174,0.060707499999891334
14.287520000002175,0.06062399999989121
14.289190000002176,0.060540499999891306
14.290860000002176,0.06045699999989096
14.292530000002177,0.060373499999891056
14.294200000002178,0.06028999999989115
14.295870000002179,0.06020649999989103
14.29754000000218,0.060122999999891125
14.29921000000218,0.06003949999989078
14.30088000000218,0.059955999999890874
14.302550000002181,0.05987249999989097
14.304220000002182,0.059788999999890846
14.305890000002183,0.05970549999989094
14.307560000002184,0.059621999999890596
14.309230000002184,0.05953849999989069
14.310900000002185,0.05945499999989079
14.312570000002186,0.059371499999890665
14.314240000002187,0.05928799999989076
14.315910000002187,0.059204499999890414
14.317580000002188,0.05912099999989051
14.319250000002189,0.05903749999989061
14.32092000000219,0.05895399999989048
14.32259000000219,0.05887049999989058
14.324260000002191,0.05878699999989023
14.325930000002192,0.05870349999989033
14.327600000002192,0.058619999999890426
14.329270000002193,0.0585364999998903
14.330940000002194,0.0584529999998904
14.332610000002195,0.05836949999989005
14.334280000002195,0.05828599999989015
14.335950000002196,0.058202499999890245
14.337620000002197,0.05811899999989012
14.339290000002197,0.05803549999989022
14.340960000002198,0.05795199999988987
14.342630000002199,0.057868499999889966
14.3443000000022,0.05778499999989006
14.3459700000022,0.05770149999988994
14.347640000002201,0.057617999999890035
14.349310000002202,0.05753449999988969
14.350980000002203,0.057450999999889785
14.352650000002203,0.05736749999988988
14.354320000002204,0.057283999999889756
14.355990000002205,0.05720049999988985
14.357660000002205,0.057116999999889506
14.359330000002206,0.0570334999998896
14.361000000002207,0.0569499999998897
14.362670000002208,0.056866499999889575
14.364340000002208,0.05678299999988967
14.366010000002209,0.056699499999889325
14.36768000000221,0.05661599999988942
14.36935000000221,0.05653249999988952
14.371020000002211,0.05644899999988939
14.372690000002212,0.05636549999988949
14.374360000002213,0.05628199999988914
14.376030000002213,0.05619849999988924
14.377700000002214,0.05611499999988934
14.379370000002215,0.05603149999988921
14.381040000002216,0.05594799999988931
14.382710000002216,0.05586449999988896
14.384380000002217,0.05578099999988906
14.386050000002218,0.055697499999889155
14.387720000002219,0.05561399999988903
14.38939000000222,0.05553049999988913
14.39106000000222,0.05544699999988878
14.39273000000222,0.05536349999988888
14.394400000002221,0.055279999999888974
14.396070000002222,0.05519649999988885
14.397740000002223,0.055112999999888945
14.399410000002224,0.0550294999998886
14.401080000002224,0.054945999999888695
14.402750000002225,0.05486249999988879
14.404420000002226,0.05477899999988867
14.406090000002227,0.054695499999888764
14.407760000002227,0.054611999999888416
14.409430000002228,0.05452849999988851
14.411100000002229,0.05444499999988861
14.41277000000223,0.054361499999888485
14.41444000000223,0.05427799999988858
14.41611000000223,0.054194499999888235
14.417780000002232,0.05411099999988833
14.419450000002232,0.05402749999988843
14.421120000002233,0.053943999999888304
14.422790000002234,0.0538604999998884
14.424460000002234,0.05377699999988805
14.426130000002235,0.05369349999988815
14.427800000002236,0.05360999999988825
14.429470000002237,0.05352649999988812
14.431140000002237,0.05344299999988822
14.432810000002238,0.05335949999988787
14.434480000002239,0.05327599999988797
14.43615000000224,0.053192499999888065
14.43782000000224,0.05310899999988794
14.439490000002241,0.05302549999988804
14.441160000002242,0.05294199999988769
14.442830000002242,0.05285849999988779
14.444500000002243,0.052774999999887884
14.446170000002244,0.05269149999988776
14.447840000002245,0.052607999999887856
14.449510000002245,0.05252449999988751
14.451180000002246,0.052440999999887605
14.452850000002247,0.05235749999988748
14.454520000002248,0.05227399999988758
14.456190000002248,0.052190499999887674
14.457860000002249,0.05210699999988733
14.45953000000225,0.052023499999887424
14.46120000000225,0.0519399999998873
14.462870000002251,0.051856499999887395
14.464540000002252,0.05177299999988749
14.466210000002253,0.051689499999887145
14.467880000002253,0.05160599999988724
14.469550000002254,0.05152249999988712
14.471220000002255,0.051438999999887214
14.472890000002256,0.05135549999988731
14.474560000002256,0.051271999999886964
14.476230000002257,0.05118849999988706
14.477900000002258,0.051104999999886935
14.479570000002258,0.05102149999988703
14.48124000000226,0.05093799999988713
14.48291000000226,0.05085449999988678
14.48458000000226,0.05077099999988688
14.486250000002261,0.050687499999886754
14.487920000002262,0.05060399999988685
14.489590000002263,0.05052049999988695
14.491260000002264,0.0504369999998866
14.492930000002264,0.0503534999998867
14.494600000002265,0.05026999999988657
14.496270000002266,0.05018649999988667
14.497940000002266,0.050102999999886766
14.499610000002267,0.05001949999988642
14.501280000002268,0.050000000000000044
14.502950000002269,0.04999999999999982
14.50462000000227,0.04999999999999982
14.50629000000227,0.050000000000000044
14.50796000000227,0.04999999999999982
14.509630000002272,0.050000000000000044
14.511300000002272,0.04999999999999982
14.512970000002273,0.04999999999999982
14.514640000002274,0.050000000000000044
14.516310000002274,0.04999999999999982
14.517980000002275,0.050000000000000044
14.519650000002276,0.04999999999999982
14.521320000002277,0.04999999999999982
14.522990000002277,0.050000000000000044
14.524660000002278,0.04999999999999982
14.526330000002279,0.050000000000000044
14.52800000000228,0.04999999999999982
14.52967000000228,0.04999999999999982
14.531340000002281,0.050000000000000044
14.533010000002282,0.04999999999999982
14.534680000002282,0.050000000000000044
14.536350000002283,0.04999999999999982
14.538020000002284,0.04999999999999982
14.539690000002285,0.050000000000000044
14.541360000002285,0.04999999999999982
14.543030000002286,0.050000000000000044
14.544700000002287,0.04999999999999982
14.546370000002288,0.04999999999999982
14.548040000002288,0.050000000000000044
14.549710000002289,0.04999999999999982
14.55138000000229,0.050000000000000044
14.55305000000229,0.04999999999999982
14.554720000002291,0.04999999999999982
14.556390000002292,0.050000000000000044
14.558060000002293,0.04999999999999982
14.559730000002293,0.050000000000000044
14.561400000002294,0.04999999999999982
14.563070000002295,0.04999999999999982
14.564740000002296,0.050000000000000044
14.566410000002296,0.04999999999999982
14.568080000002297,0.050000000000000044
14.569750000002298,0.04999999999999982
14.571420000002298,0.04999999999999982
14.5730900000023,0.050000000000000044
14.5747600000023,0.04999999999999982
14.5764300000023,0.050000000000000044
14.578100000002301,0.04999999999999982
14.579770000002302,0.04999999999999982
14.581440000002303,0.050000000000000044
14.583110000002304,0.04999999999999982
14.584780000002304,0.050000000000000044
14.586450000002305,0.04999999999999982
14.588120000002306,0.04999999999999982
14.589790000002306,0.050000000000000044
14.591460000002307,0.04999999999999982
14.593130000002308,0.050000000000000044
14.594800000002309,0.04999999999999982
14.59647000000231,0.04999999999999982
14.59814000000231,0.050000000000000044
14.59981000000231,0.04999999999999982
14.601480000002311,0.050000000000000044
14.603150000002312,0.04999999999999982
14.604820000002313,0.04999999999999982
14.606490000002314,0.050000000000000044
14.608160000002314,0.04999999999999982
14.609830000002315,0.050000000000000044
14.611500000002316,0.04999999999999982
14.613170000002317,0.04999999999999982
14.614840000002317,0.050000000000000044
14.616510000002318,0.04999999999999982
14.618180000002319,0.050000000000000044
14.61985000000232,0.04999999999999982
14.62152000000232,0.04999999999999982
14.623190000002321,0.050000000000000044
14.624860000002322,0.04999999999999982
14.626530000002322,0.050000000000000044
14.628200000002323,0.04999999999999982
14.629870000002324,0.04999999999999982
14.631540000002325,0.050000000000000044
14.633210000002325,0.04999999999999982
14.634880000002326,0.050000000000000044
14.636550000002327,0.04999999999999982
14.638220000002327,0.04999999999999982
14.639890000002328,0.050000000000000044
14.641560000002329,0.04999999999999982
14.64323000000233,0.050000000000000044
14.64490000000233,0.04999999999999982
14.646570000002331,0.04999999999999982
14.648240000002332,0.050000000000000044
14.649910000002333,0.04999999999999982
14.651580000002333,0.050000000000000044
14.653250000002334,0.04999999999999982
14.654920000002335,0.04999999999999982
14.656590000002335,0.050000000000000044
14.658260000002336,0.04999999999999982
14.659930000002337,0.050000000000000044
14.661600000002338,0.04999999999999982
14.663270000002338,0.04999999999999982
14.664940000002339,0.050000000000000044
14.66661000000234,0.04999999999999982
14.66828000000234,0.050000000000000044
14.669950000002341,0.04999999999999982
14.671620000002342,0.04999999999999982
14.673290000002343,0.050000000000000044
14.674960000002343,0.04999999999999982
14.676630000002344,0.050000000000000044
14.678300000002345,0.04999999999999982
14.679970000002346,0.04999999999999982
14.681640000002346,0.050000000000000044
14.683310000002347,0.04999999999999982
14.684980000002348,0.050000000000000044
14.686650000002349,0.04999999999999982
14.68832000000235,0.04999999999999982
14.68999000000235,0.050000000000000044
14.69166000000235,0.04999999999999982
14.693330000002351,0.050000000000000044
14.695000000002352,0.04999999999999982
14.696670000002353,0.04999999999999982
14.698340000002354,0.050000000000000044
14.700010000002354,0.04999999999999982
14.701680000002355,0.050000000000000044
14.703350000002356,0.04999999999999982
14.705020000002357,0.04999999999999982
14.706690000002357,0.050000000000000044
14.708360000002358,0.04999999999999982
14.710030000002359,0.050000000000000044
14.71170000000236,0.04999999999999982
14.71337000000236,0.04999999999999982
14.715040000002361,0.050000000000000044
14.716710000002362,0.04999999999999982
14.718380000002362,0.050000000000000044
14.720050000002363,0.04999999999999982
14.721720000002364,0.04999999999999982
14.723390000002365,0.050000000000000044
14.725060000002365,0.04999999999999982
14.726730000002366,0.050000000000000044
14.728400000002367,0.04999999999999982
14.730070000002367,0.04999999999999982
14.731740000002368,0.050000000000000044
14.733410000002369,0.04999999999999982
14.73508000000237,0.050000000000000044
14.73675000000237,0.04999999999999982
14.738420000002371,0.04999999999999982
14.740090000002372,0.050000000000000044
14.741760000002373,0.04999999999999982
14.743430000002373,0.050000000000000044
14.745100000002374,0.04999999999999982
14.746770000002375,0.04999999999999982
14.748440000002375,0.050000000000000044
14.750110000002376,0.04999999999999982
14.751780000002377,0.050000000000000044
14.753450000002378,0.04999999999999982
14.755120000002378,0.04999999999999982
14.756790000002379,0.050000000000000044
14.75846000000238,0.04999999999999982
14.76013000000238,0.050000000000000044
14.761800000002381,0.04999999999999982
14.763470000002382,0.04999999999999982
14.765140000002383,0.050000000000000044
14.766810000002383,0.04999999999999982
14.768480000002384,0.050000000000000044
14.770150000002385,0.04999999999999982
14.771820000002386,0.04999999999999982
14.773490000002386,0.050000000000000044
14.775160000002387,0.04999999999999982
14.776830000002388,0.050000000000000044
14.778500000002389,0.04999999999999982
14.78017000000239,0.04999999999999982
14.78184000000239,0.050000000000000044
14.78351000000239,0.04999999999999982
14.785180000002391,0.050000000000000044
14.786850000002392,0.04999999999999982
14.788520000002393,0.04999999999999982
14.790190000002394,0.050000000000000044
14.791860000002394,0.04999999999999982
14.793530000002395,0.050000000000000044
14.795200000002396,0.04999999999999982
14.796870000002396,0.04999999999999982
14.798540000002397,0.050000000000000044
14.800210000002398,0.04999999999999982
14.801880000002399,0.050000000000000044
14.8035500000024,0.04999999999999982
14.8052200000024,0.04999999999999982
14.8068900000024,0.050000000000000044
14.808560000002402,0.04999999999999982
14.810230000002402,0.050000000000000044
14.811900000002403,0.04999999999999982
14.813570000002404,0.04999999999999982
14.815240000002404,0.050000000000000044
14.816910000002405,0.04999999999999982
14.818580000002406,0.050000000000000044
14.820250000002407,0.04999999999999982
14.821920000002407,0.04999999999999982
14.823590000002408,0.050000000000000044
14.825260000002409,0.04999999999999982
14.82693000000241,0.050000000000000044
14.82860000000241,0.04999999999999982
14.830270000002411,0.04999999999999982
14.831940000002412,0.050000000000000044
14.833610000002412,0.04999999999999982
14.835280000002413,0.050000000000000044
14.836950000002414,0.04999999999999982
14.838620000002415,0.04999999999999982
14.840290000002415,0.050000000000000044
14.841960000002416,0.04999999999999982
14.843630000002417,0.050000000000000044
14.845300000002418,0.04999999999999982
14.846970000002418,0.04999999999999982
14.848640000002419,0.050000000000000044
14.85031000000242,0.04999999999999982
14.85198000000242,0.050000000000000044
14.853650000002421,0.04999999999999982
14.855320000002422,0.04999999999999982
14.856990000002423,0.050000000000000044
14.858660000002423,0.04999999999999982
14.860330000002424,0.050000000000000044
14.862000000002425,0.04999999999999982
14.863670000002426,0.050000000000000044
14.865340000002426,0.050000000000000044
14.867010000002427,0.04999999999999982
14.868680000002428,0.050000000000000044
14.870350000002428,0.04999999999999982
14.87202000000243,0.050000000000000044
14.87369000000243,0.050000000000000044
14.87536000000243,0.04999999999999982
14.877030000002431,0.050000000000000044
14.878700000002432,0.04999999999999982
14.880370000002433,0.050000000000000044
14.882040000002434,0.050000000000000044
14.883710000002434,0.04999999999999982
14.885380000002435,0.050000000000000044
14.887050000002436,0.04999999999999982
14.888720000002436,0.050000000000000044
14.890390000002437,0.050000000000000044
14.892060000002438,0.04999999999999982
14.893730000002439,0.050000000000000044
14.89540000000244,0.04999999999999982
14.89707000000244,0.050000000000000044
14.89874000000244,0.050000000000000044
14.900410000002442,0.04999999999999982
14.902080000002442,0.050000000000000044
14.903750000002443,0.04999999999999982
14.905420000002444,0.050000000000000044
14.907090000002444,0.050000000000000044
14.908760000002445,0.04999999999999982
14.910430000002446,0.050000000000000044
14.912100000002447,0.04999999999999982
14.913770000002447,0.050000000000000044
14.915440000002448,0.050000000000000044
14.917110000002449,0.04999999999999982
14.91878000000245,0.050000000000000044
14.92045000000245,0.04999999999999982
14.922120000002451,0.050000000000000044
14.923790000002452,0.050000000000000044
14.925460000002452,0.04999999999999982
14.927130000002453,0.050000000000000044
14.928800000002454,0.04999999999999982
14.930470000002455,0.050000000000000044
14.932140000002455,0.050000000000000044
14.933810000002456,0.04999999999999982
14.935480000002457,0.050000000000000044
14.937150000002458,0.04999999999999982
14.938820000002458,0.050000000000000044
14.940490000002459,0.050000000000000044
14.94216000000246,0.04999999999999982
14.94383000000246,0.050000000000000044
14.945500000002461,0.04999999999999982
14.947170000002462,0.050000000000000044
14.948840000002463,0.050000000000000044
14.950510000002463,0.04999999999999982
14.952180000002464,0.050000000000000044
14.953850000002465,0.04999999999999982
14.955520000002466,0.050000000000000044
14.957190000002466,0.050000000000000044
14.958860000002467,0.04999999999999982
14.960530000002468,0.050000000000000044
14.962200000002468,0.04999999999999982
14.96387000000247,0.050000000000000044
14.96554000000247,0.050000000000000044
14.96721000000247,0.04999999999999982
14.968880000002471,0.050000000000000044
14.970550000002472,0.04999999999999982
14.972220000002473,0.050000000000000044
14.973890000002473,0.050000000000000044
14.975560000002474,0.04999999999999982
14.977230000002475,0.050000000000000044
14.978900000002476,0.04999999999999982
14.980570000002476,0.050000000000000044
14.982240000002477,0.050000000000000044
14.983910000002478,0.04999999999999982
14.985580000002479,0.050000000000000044
14.98725000000248,0.04999999999999982
14.98892000000248,0.050000000000000044
14.99059000000248,0.050000000000000044
14.992260000002481,0.04999999999999982
14.993930000002482,0.050000000000000044
14.995600000002483,0.04999999999999982
14.997270000002484,0.050000000000000044
14.998940000002484,0.050000000000000044
15.000610000002485,0.04999999999999982
15.002280000002486,0.050000000000000044
15.003950000002487,0.04999999999999982
15.005620000002487,0.050000000000000044
15.007290000002488,0.050000000000000044
15.008960000002489,0.04999999999999982
15.01063000000249,0.050000000000000044
15.01230000000249,0.04999999999999982
15.013970000002491,0.050000000000000044
15.015640000002492,0.050000000000000044
15.017310000002492,0.04999999999999982
15.018980000002493,0.050000000000000044
15.020650000002494,0.04999999999999982
15.022320000002495,0.050000000000000044
15.023990000002495,0.050000000000000044
15.025660000002496,0.04999999999999982
15.027330000002497,0.050000000000000044
15.029000000002497,0.04999999999999982
15.030670000002498,0.050000000000000044
15.032340000002499,0.050000000000000044
15.0340100000025,0.04999999999999982
15.0356800000025,0.050000000000000044
15.037350000002501,0.04999999999999982
15.039020000002502,0.050000000000000044
15.040690000002503,0.050000000000000044
15.042360000002503,0.04999999999999982
15.044030000002504,0.050000000000000044
15.045700000002505,0.04999999999999982
15.047370000002505,0.050000000000000044
15.049040000002506,0.050000000000000044
15.050710000002507,0.04999999999999982
15.052380000002508,0.050000000000000044
15.054050000002508,0.04999999999999982
15.055720000002509,0.050000000000000044
15.05739000000251,0.050000000000000044
15.05906000000251,0.04999999999999982
15.060730000002511,0.050000000000000044
15.062400000002512,0.04999999999999982
15.064070000002513,0.050000000000000044
15.065740000002513,0.050000000000000044
15.067410000002514,0.04999999999999982
15.069080000002515,0.050000000000000044
15.070750000002516,0.04999999999999982
15.072420000002516,0.050000000000000044
15.074090000002517,0.050000000000000044
15.075760000002518,0.04999999999999982
15.077430000002519,0.050000000000000044
15.07910000000252,0.04999999999999982
15.08077000000252,0.050000000000000044
15.08244000000252,0.050000000000000044
15.084110000002521,0.04999999999999982
15.085780000002522,0.050000000000000044
15.087450000002523,0.04999999999999982
15.089120000002524,0.050000000000000044
15.090790000002524,0.050000000000000044
15.092460000002525,0.04999999999999982
15.094130000002526,0.050000000000000044
15.095800000002527,0.04999999999999982
15.097470000002527,0.050000000000000044
15.099140000002528,0.050000000000000044
15.100810000002529,0.04999999999999982
15.10248000000253,0.050000000000000044
15.10415000000253,0.04999999999999982
15.105820000002531,0.050000000000000044
15.107490000002532,0.050000000000000044
15.109160000002532,0.04999999999999982
15.110830000002533,0.050000000000000044
15.112500000002534,0.04999999999999982
15.114170000002535,0.050000000000000044
15.115840000002535,0.050000000000000044
15.117510000002536,0.04999999999999982
15.119180000002537,0.050000000000000044
15.120850000002537,0.04999999999999982
15.122520000002538,0.050000000000000044
15.124190000002539,0.050000000000000044
15.12586000000254,0.04999999999999982
15.12753000000254,0.050000000000000044
15.129200000002541,0.04999999999999982
15.130870000002542,0.050000000000000044
15.132540000002543,0.050000000000000044
15.134210000002543,0.04999999999999982
15.135880000002544,0.050000000000000044
15.137550000002545,0.04999999999999982
15.139220000002545,0.050000000000000044
15.140890000002546,0.050000000000000044
15.142560000002547,0.04999999999999982
15.144230000002548,0.050000000000000044
15.145900000002548,0.04999999999999982
15.147570000002549,0.050000000000000044
15.14924000000255,0.050000000000000044
15.15091000000255,0.04999999999999982
15.152580000002551,0.050000000000000044
15.154250000002552,0.04999999999999982
15.155920000002553,0.050000000000000044
15.157590000002553,0.050000000000000044
15.159260000002554,0.04999999999999982
15.160930000002555,0.050000000000000044
15.162600000002556,0.04999999999999982
15.164270000002556,0.050000000000000044
15.165940000002557,0.050000000000000044
15.167610000002558,0.04999999999999982
15.169280000002558,0.050000000000000044
15.17095000000256,0.04999999999999982
15.17262000000256,0.050000000000000044
15.17429000000256,0.050000000000000044
15.175960000002561,0.04999999999999982
15.177630000002562,0.050000000000000044
15.179300000002563,0.04999999999999982
15.180970000002564,0.050000000000000044
15.182640000002564,0.050000000000000044
15.184310000002565,0.04999999999999982
15.185980000002566,0.050000000000000044
15.187650000002566,0.04999999999999982
15.189320000002567,0.050000000000000044
15.190990000002568,0.050000000000000044
15.192660000002569,0.04999999999999982
15.19433000000257,0.050000000000000044
15.19600000000257,0.04999999999999982
15.19767000000257,0.050000000000000044
15.199340000002572,0.050000000000000044
15.201010000002572,0.04999999999999982
15.202680000002573,0.050000000000000044
15.204350000002574,0.04999999999999982
15.206020000002574,0.050000000000000044
15.207690000002575,0.050000000000000044
15.209360000002576,0.04999999999999982
15.211030000002577,0.050000000000000044
15.212700000002577,0.04999999999999982
15.214370000002578,0.050000000000000044
15.216040000002579,0.050000000000000044
15.21771000000258,0.04999999999999982
15.21938000000258,0.050000000000000044
15.221050000002581,0.04999999999999982
15.222720000002582,0.050000000000000044
15.224390000002582,0.050000000000000044
15.226060000002583,0.04999999999999982
15.227730000002584,0.050000000000000044
15.229400000002585,0.04999999999999982
15.231070000002585,0.050000000000000044
15.232740000002586,0.050000000000000044
15.234410000002587,0.04999999999999982
15.236080000002588,0.050000000000000044
15.237750000002588,0.04999999999999982
15.239420000002589,0.050000000000000044
15.24109000000259,0.050000000000000044
15.24276000000259,0.04999999999999982
15.244430000002591,0.050000000000000044
15.246100000002592,0.04999999999999982
15.247770000002593,0.050000000000000044
15.249440000002593,0.050000000000000044
15.251110000002594,0.04999999999999982
15.252780000002595,0.050000000000000044
15.254450000002596,0.04999999999999982
15.256120000002596,0.050000000000000044
15.257790000002597,0.050000000000000044
15.259460000002598,0.04999999999999982
15.261130000002598,0.050000000000000044
15.2628000000026,0.04999999999999982
15.2644700000026,0.050000000000000044
15.2661400000026,0.050000000000000044
15.267810000002601,0.04999999999999982
15.269480000002602,0.050000000000000044
15.271150000002603,0.04999999999999982
15.272820000002604,0.050000000000000044
15.274490000002604,0.04999999999999982
15.276160000002605,0.04999999999999982
15.277830000002606,0.050000000000000044
15.279500000002606,0.04999999999999982
15.281170000002607,0.050000000000000044
15.282840000002608,0.04999999999999982
15.284510000002609,0.04999999999999982
15.28618000000261,0.050000000000000044
15.28785000000261,0.04999999999999982
15.28952000000261,0.050000000000000044
15.291190000002612,0.04999999999999982
15.292860000002612,0.04999999999999982
15.294530000002613,0.050000000000000044
15.296200000002614,0.04999999999999982
15.297870000002614,0.050000000000000044
15.299540000002615,0.04999999999999982
15.301210000002616,0.04999999999999982
15.302880000002617,0.050000000000000044
15.304550000002617,0.04999999999999982
15.306220000002618,0.050000000000000044
15.307890000002619,0.04999999999999982
15.30956000000262,0.04999999999999982
15.31123000000262,0.050000000000000044
15.312900000002621,0.04999999999999982
15.314570000002622,0.050000000000000044
15.316240000002622,0.04999999999999982
15.317910000002623,0.04999999999999982
15.319580000002624,0.050000000000000044
15.321250000002625,0.04999999999999982
15.322920000002625,0.050000000000000044
15.324590000002626,0.04999999999999982
15.326260000002627,0.04999999999999982
15.327930000002628,0.050000000000000044
15.329600000002628,0.04999999999999982
15.331270000002629,0.050000000000000044
15.33294000000263,0.04999999999999982
15.33461000000263,0.04999999999999982
15.336280000002631,0.050000000000000044
15.337950000002632,0.04999999999999982
15.339620000002633,0.050000000000000044
15.341290000002633,0.04999999999999982
15.342960000002634,0.04999999999999982
15.344630000002635,0.050000000000000044
15.346300000002635,0.04999999999999982
15.347970000002636,0.050000000000000044
15.349640000002637,0.04999999999999982
15.351310000002638,0.04999999999999982
15.352980000002638,0.050000000000000044
15.35465000000264,0.04999999999999982
15.35632000000264,0.050000000000000044
15.35799000000264,0.04999999999999982
15.359660000002641,0.04999999999999982
15.361330000002642,0.050000000000000044
15.363000000002643,0.04999999999999982
15.364670000002643,0.050000000000000044
15.366340000002644,0.04999999999999982
15.368010000002645,0.04999999999999982
15.369680000002646,0.050000000000000044
15.371350000002646,0.04999999999999982
15.373020000002647,0.050000000000000044
15.374690000002648,0.04999999999999982
15.376360000002649,0.04999999999999982
15.37803000000265,0.050000000000000044
15.37970000000265,0.04999999999999982
15.38137000000265,0.050000000000000044
15.383040000002651,0.04999999999999982
15.384710000002652,0.04999999999999982
15.386380000002653,0.050000000000000044
15.388050000002654,0.04999999999999982
15.389720000002654,0.050000000000000044
15.391390000002655,0.04999999999999982
15.393060000002656,0.04999999999999982
15.394730000002657,0.050000000000000044
15.396400000002657,0.04999999999999982
15.398070000002658,0.050000000000000044
15.399740000002659,0.04999999999999982
15.40141000000266,0.04999999999999982
15.40308000000266,0.050000000000000044
15.404750000002661,0.04999999999999982
15.406420000002662,0.050000000000000044
15.408090000002662,0.04999999999999982
15.409760000002663,0.04999999999999982
15.411430000002664,0.050000000000000044
15.413100000002665,0.04999999999999982
15.414770000002665,0.050000000000000044
15.416440000002666,0.04999999999999982
15.418110000002667,0.04999999999999982
15.419780000002667,0.050000000000000044
15.421450000002668,0.04999999999999982
15.423120000002669,0.050000000000000044
15.42479000000267,0.04999999999999982
15.42646000000267,0.04999999999999982
15.428130000002671,0.050000000000000044
15.429800000002672,0.04999999999999982
15.431470000002673,0.050000000000000044
15.433140000002673,0.04999999999999982
15.434810000002674,0.04999999999999982
15.436480000002675,0.050000000000000044
15.438150000002675,0.04999999999999982
15.439820000002676,0.050000000000000044
15.441490000002677,0.04999999999999982
15.443160000002678,0.04999999999999982
15.444830000002678,0.050000000000000044
15.446500000002679,0.04999999999999982
15.44817000000268,0.050000000000000044
15.44984000000268,0.04999999999999982
15.451510000002681,0.050000000000000044
15.453180000002682,0.050000000000000044
15.454850000002683,0.04999999999999982
15.456520000002683,0.050000000000000044
15.458190000002684,0.04999999999999982
15.459860000002685,0.050000000000000044
15.461530000002686,0.050000000000000044
15.463200000002686,0.04999999999999982
15.464870000002687,0.050000000000000044
15.466540000002688,0.04999999999999982
15.468210000002689,0.050000000000000044
15.46988000000269,0.050000000000000044
15.47155000000269,0.04999999999999982
15.47322000000269,0.050000000000000044
15.474890000002691,0.04999999999999982
15.476560000002692,0.050000000000000044
15.478230000002693,0.050000000000000044
15.479900000002694,0.04999999999999982
15.481570000002694,0.050000000000000044
15.483240000002695,0.04999999999999982
15.484910000002696,0.050000000000000044
15.486580000002697,0.050000000000000044
15.488250000002697,0.04999999999999982
15.489920000002698,0.050000000000000044
15.491590000002699,0.04999999999999982
15.4932600000027,0.050000000000000044
15.4949300000027,0.050000000000000044
15.4966000000027,0.04999999999999982
15.498270000002702,0.050000000000000044
15.499940000002702,0.04999999999999982
15.501610000002703,0.0502415000004055
15.503280000002704,0.050492000000405435
15.504950000002705,0.05074250000040559
15.506620000002705,0.05099300000040574
15.508290000002706,0.051243500000405895
15.509960000002707,0.05149400000040605
15.511630000002707,0.05174450000040598
15.513300000002708,0.05199500000040613
15.514970000002709,0.052245500000406286
15.51664000000271,0.05249600000040644
15.51831000000271,0.05274650000040659
15.519980000002711,0.052997000000406524
15.521650000002712,0.05324750000040668
15.523320000002713,0.05349800000040683
15.524990000002713,0.053748500000406985
15.526660000002714,0.05399900000040714
15.528330000002715,0.05424950000040707
15.530000000002715,0.05450000000040722
15.531670000002716,0.054750500000407376
15.533340000002717,0.05500100000040753
15.535010000002718,0.05525150000040768
15.536680000002718,0.055502000000407614
15.538350000002719,0.05575250000040777
15.54002000000272,0.05600300000040792
15.54169000000272,0.056253500000408074
15.543360000002721,0.05650400000040823
15.545030000002722,0.05675450000040816
15.546700000002723,0.05700500000040831
15.548370000002723,0.057255500000408466
15.550040000002724,0.05750600000040862
15.551710000002725,0.05775650000040877
15.553380000002726,0.058007000000408704
15.555050000002726,0.05825750000040886
15.556720000002727,0.05850800000040901
15.558390000002728,0.058758500000409164
15.560060000002728,0.05900900000040932
15.56173000000273,0.05925950000040925
15.56340000000273,0.0595100000004094
15.56507000000273,0.059760500000409555
15.566740000002731,0.06001100000040971
15.568410000002732,0.06026150000040986
15.570080000002733,0.060512000000409794
15.571750000002734,0.06076250000040995
15.573420000002734,0.0610130000004101
15.575090000002735,0.061263500000410254
15.576760000002736,0.06151400000041041
15.578430000002736,0.06176450000041034
15.580100000002737,0.06201500000041049
15.581770000002738,0.062265500000410645
15.583440000002739,0.0625160000004108
15.58511000000274,0.06276650000041095
15.58678000000274,0.06301700000041088
15.58845000000274,0.06326750000041104
15.590120000002742,0.06351800000041119
15.591790000002742,0.06376850000041134
15.593460000002743,0.0640190000004115
15.595130000002744,0.06426950000041143
15.596800000002744,0.06452000000041158
15.598470000002745,0.06477050000041173
15.600140000002746,0.06502100000041189
15.601810000002747,0.06527150000041204
15.603480000002747,0.06552200000041197
15.605150000002748,0.06577250000041213
15.606820000002749,0.06602300000041228
15.60849000000275,0.06627350000041243
15.61016000000275,0.06652400000041259
15.611830000002751,0.06677450000041252
15.613500000002752,0.06702500000041267
15.615170000002752,0.06727550000041282
15.616840000002753,0.06752600000041298
15.618510000002754,0.06777650000041313
15.620180000002755,0.06802700000041328
15.621850000002755,0.06827750000041322
15.623520000002756,0.06852800000041337
15.625190000002757,0.06877850000041352
15.626860000002758,0.06902900000041368
15.628530000002758,0.06927950000041383
15.630200000002759,0.06953000000041376
15.63187000000276,0.06978050000041391
15.63354000000276,0.07003100000041407
15.635210000002761,0.07028150000041422
15.636880000002762,0.07053200000041437
15.638550000002763,0.0707825000004143
15.640220000002763,0.07103300000041446
15.641890000002764,0.07128350000041461
15.643560000002765,0.07153400000041477
15.645230000002766,0.07178450000041492
15.646900000002766,0.07203500000041485
15.648570000002767,0.072285500000415
15.650240000002768,0.07253600000041516
15.651910000002768,0.07278650000041531
15.65358000000277,0.07303700000041546
15.65525000000277,0.0732875000004154
15.65692000000277,0.07353800000041555
15.658590000002771,0.0737885000004157
15.660260000002772,0.07403900000041586
15.661930000002773,0.07428950000041601
15.663600000002774,0.07454000000041594
15.665270000002774,0.0747905000004161
15.666940000002775,0.07504100000041625
15.668610000002776,0.0752915000004164
15.670280000002776,0.07554200000041655
15.671950000002777,0.07579250000041649
15.673620000002778,0.07604300000041664
15.675290000002779,0.07629350000041679
15.67696000000278,0.07654400000041695
15.67863000000278,0.0767945000004171
15.68030000000278,0.07704500000041703
15.681970000002782,0.07729550000041718
15.683640000002782,0.07754600000041734
15.685310000002783,0.07779650000041749
15.686980000002784,0.07804700000041764
15.688650000002784,0.07829750000041757
15.690320000002785,0.07854800000041773
15.691990000002786,0.07879850000041788
15.693660000002787,0.07904900000041803
15.695330000002787,0.07929950000041819
15.697000000002788,0.07955000000041812
15.698670000002789,0.07980050000041827
15.70034000000279,0.08005100000041843
15.70201000000279,0.08030150000041858
15.703680000002791,0.08055200000041873
15.705350000002792,0.08080250000041866
15.707020000002792,0.08105300000041882
15.708690000002793,0.08130350000041897
15.710360000002794,0.08155400000041912
15.712030000002795,0.08180450000041928
15.713700000002795,0.08205500000041921
15.715370000002796,0.08230550000041936
15.717040000002797,0.08255600000041952
15.718710000002797,0.08280650000041967
15.720380000002798,0.08305700000041982
15.722050000002799,0.08330750000041975
15.7237200000028,0.08355800000041991
15.7253900000028,0.08380850000042006
15.727060000002801,0.08405900000042021
15.728730000002802,0.08430950000042037
15.730400000002803,0.0845600000004203
15.732070000002803,0.08481050000042045
15.733740000002804,0.0850610000004206
15.735410000002805,0.08531150000042076
15.737080000002805,0.08556200000042091
15.738750000002806,0.08581250000042084
15.740420000002807,0.086063000000421
15.742090000002808,0.08631350000042115
15.743760000002808,0.0865640000004213
15.74543000000281,0.08681450000042146
15.74710000000281,0.08706500000042139
15.74877000000281,0.08731550000042154
15.750440000002811,0.0875660000004217
15.752110000002812,0.08781650000042185
15.753780000002813,0.088067000000422
15.755450000002813,0.08831750000042193
15.757120000002814,0.08856800000042209
15.758790000002815,0.08881850000042224
15.760460000002816,0.0890690000004224
15.762130000002816,0.08931950000042255
15.763800000002817,0.08957000000042248
15.765470000002818,0.08982050000042263
15.767140000002819,0.09007100000042279
15.76881000000282,0.09032150000042294
15.77048000000282,0.09057200000042309
15.77215000000282,0.09082250000042302
15.773820000002821,0.09107300000042318
15.775490000002822,0.09132350000042333
15.777160000002823,0.09157400000042348
15.778830000002824,0.09182450000042364
15.780500000002824,0.09207500000042357
15.782170000002825,0.09232550000042372
15.783840000002826,0.09257600000042387
15.785510000002827,0.09282650000042403
15.787180000002827,0.09307700000042418
15.788850000002828,0.09332750000042411
15.790520000002829,0.09357800000042427
15.79219000000283,0.09382850000042442
15.79386000000283,0.09407900000042457
15.795530000002831,0.09432950000042473
15.797200000002832,0.09458000000042466
15.798870000002832,0.09483050000042481
15.800540000002833,0.09508100000042496
15.802210000002834,0.09533150000042512
15.803880000002835,0.09558200000042527
15.805550000002835,0.0958325000004252
15.807220000002836,0.09608300000042536
15.808890000002837,0.09633350000042551
15.810560000002837,0.09658400000042566
15.812230000002838,0.09683450000042582
15.813900000002839,0.09708500000042575
15.81557000000284,0.0973355000004259
15.81724000000284,0.09758600000042605
15.818910000002841,0.09783650000042621
15.820580000002842,0.09808700000042636
15.822250000002843,0.09833750000042629
15.823920000002843,0.09858800000042645
15.825590000002844,0.0988385000004266
15.827260000002845,0.09908900000042675
15.828930000002845,0.0993395000004269
15.830600000002846,0.09959000000042684
15.832270000002847,0.09984050000042699
15.833940000002848,0.10009100000042714
15.835610000002848,0.1003415000004273
15.837280000002849,0.10059200000042745
15.83895000000285,0.10084250000042738
15.84062000000285,0.10109300000042754
15.842290000002851,0.10134350000042769
15.843960000002852,0.10159400000042784
15.845630000002853,0.101844500000428
15.847300000002853,0.10209500000042793
15.848970000002854,0.10234550000042808
15.850640000002855,0.10259600000042823
15.852310000002856,0.10284650000042839
15.853980000002856,0.10309700000042854
15.855650000002857,0.10334750000042847
15.857320000002858,0.10359800000042863
15.858990000002859,0.10384850000042878
15.86066000000286,0.10409900000042893
15.86233000000286,0.10434950000042909
15.86400000000286,0.10460000000042902
15.865670000002861,0.10485050000042917
15.867340000002862,0.10510100000042932
15.869010000002863,0.10535150000042948
15.870680000002864,0.10560200000042963
15.872350000002864,0.10585250000042956
15.874020000002865,0.10610300000042971
15.875690000002866,0.10635350000042987
15.877360000002867,0.10660400000043002
15.879030000002867,0.10685450000043017
15.880700000002868,0.1071050000004301
15.882370000002869,0.10735550000043026
15.88404000000287,0.10760600000043041
15.88571000000287,0.10785650000043057
15.88738000000287,0.10810700000043072
15.889050000002872,0.10835750000043065
15.890720000002872,0.1086080000004308
15.892390000002873,0.10885850000043096
15.894060000002874,0.10910900000043111
15.895730000002875,0.10935950000043126
15.897400000002875,0.1096100000004312
15.899070000002876,0.10986050000043135
15.900740000002877,0.1101110000004315
15.902410000002877,0.11036150000043166
15.904080000002878,0.11061200000043181
15.905750000002879,0.11086250000043174
15.90742000000288,0.1111130000004319
15.90909000000288,0.11136350000043205
15.910760000002881,0.1116140000004322
15.912430000002882,0.11186450000043235
15.914100000002882,0.11211500000043229
15.915770000002883,0.11236550000043266
15.917440000002884,0.11261600000043259
15.919110000002885,0.11286650000043275
15.920780000002885,0.1131170000004329
15.922450000002886,0.11336750000043283
15.924120000002887,0.1136180000004332
15.925790000002888,0.11386850000043314
15.927460000002888,0.11411900000043329
15.929130000002889,0.11436950000043344
15.93080000000289,0.11462000000043338
15.93247000000289,0.11487050000043375
15.934140000002891,0.11512100000043368
15.935810000002892,0.11537150000043384
15.937480000002893,0.11562200000043399
15.939150000002893,0.11587250000043392
15.940820000002894,0.1161230000004343
15.942490000002895,0.11637350000043423
15.944160000002896,0.11662400000043438
15.945830000002896,0.11687450000043453
15.947500000002897,0.11712500000043446
15.949170000002898,0.11737550000043484
15.950840000002898,0.11762600000043477
15.9525100000029,0.11787650000043493
15.9541800000029,0.11812700000043508
15.9558500000029,0.11837750000043501
15.957520000002901,0.11862800000043539
15.959190000002902,0.11887850000043532
15.960860000002903,0.11912900000043547
15.962530000002904,0.11937950000043562
15.964200000002904,0.11963000000043555
15.965870000002905,0.11988050000043593
15.967540000002906,0.12013100000043586
15.969210000002906,0.12038150000043601
15.970880000002907,0.12063200000043617
15.972550000002908,0.1208825000004361
15.974220000002909,0.12113300000043647
15.97589000000291,0.1213835000004364
15.97756000000291,0.12163400000043656
15.97923000000291,0.12188450000043671
15.980900000002912,0.12213500000043664
15.982570000002912,0.12238550000043702
15.984240000002913,0.12263600000043695
15.985910000002914,0.1228865000004371
15.987580000002914,0.12313700000043726
15.989250000002915,0.12338750000043719
15.990920000002916,0.12363800000043756
15.992590000002917,0.1238885000004375
15.994260000002917,0.12413900000043765
15.995930000002918,0.1243895000004378
15.997600000002919,0.12464000000043773
15.99927000000292,0.12489050000043811
16.00094000000292,0.12514100000043804
16.00261000000292,0.1253915000004382
16.00428000000292,0.12564200000043835
16.005950000002922,0.12589250000043828
16.007620000002923,0.12614300000043865
16.009290000002924,0.12639350000043859
16.010960000002925,0.12664400000043874
16.012630000002925,0.1268945000004389
16.014300000002926,0.12714500000043882
16.015970000002927,0.1273955000004392
16.017640000002928,0.12764600000043913
16.01931000000293,0.12789650000043928
16.02098000000293,0.12814700000043944
16.02265000000293,0.12839750000043937
16.02432000000293,0.12864800000043974
16.02599000000293,0.12889850000043968
16.027660000002932,0.12914900000043983
16.029330000002933,0.12939950000043998
16.031000000002933,0.1296500000004399
16.032670000002934,0.1299005000004403
16.034340000002935,0.13015100000044022
16.036010000002936,0.13040150000044037
16.037680000002936,0.13065200000044053
16.039350000002937,0.13090250000044046
16.041020000002938,0.13115300000044083
16.04269000000294,0.13140350000044076
16.04436000000294,0.13165400000044092
16.04603000000294,0.13190450000044107
16.04770000000294,0.132155000000441
16.04937000000294,0.13240550000044138
16.051040000002942,0.1326560000004413
16.052710000002943,0.13290650000044146
16.054380000002944,0.13315700000044162
16.056050000002944,0.13340750000044155
16.057720000002945,0.13365800000044192
16.059390000002946,0.13390850000044185
16.061060000002946,0.134159000000442
16.062730000002947,0.13440950000044216
16.064400000002948,0.1346600000004421
16.06607000000295,0.13491050000044247
16.06774000000295,0.1351610000004424
16.06941000000295,0.13541150000044255
16.07108000000295,0.1356620000004427
16.07275000000295,0.13591250000044264
16.074420000002952,0.136163000000443
16.076090000002953,0.13641350000044294
16.077760000002954,0.1366640000004431
16.079430000002954,0.13691450000044325
16.081100000002955,0.13716500000044318
16.082770000002956,0.13741550000044334
16.084440000002957,0.1376660000004435
16.086110000002957,0.13791650000044364
16.087780000002958,0.1381670000004438
16.08945000000296,0.13841750000044373
16.09112000000296,0.13866800000044388
16.09279000000296,0.13891850000044403
16.09446000000296,0.1391690000004442
16.09613000000296,0.13941950000044434
16.097800000002962,0.13967000000044427
16.099470000002963,0.13992050000044443
16.101140000002964,0.14017100000044458
16.102810000002965,0.14042150000044473
16.104480000002965,0.14067200000044489
16.106150000002966,0.14092250000044482
16.107820000002967,0.14117300000044497
16.109490000002967,0.14142350000044512
16.111160000002968,0.14167400000044528
16.11283000000297,0.14192450000044543
16.11450000000297,0.14217500000044536
16.11617000000297,0.14242550000044552
16.11784000000297,0.14267600000044567
16.119510000002972,0.14292650000044582
16.121180000002973,0.14317700000044598
16.122850000002973,0.1434275000004459
16.124520000002974,0.14367800000044606
16.126190000002975,0.1439285000004462
16.127860000002975,0.14417900000044637
16.129530000002976,0.14442950000044652
16.131200000002977,0.14468000000044645
16.132870000002978,0.1449305000004466
16.13454000000298,0.14518100000044676
16.13621000000298,0.1454315000004469
16.13788000000298,0.14568200000044706
16.13955000000298,0.145932500000447
16.14122000000298,0.14618300000044715
16.142890000002982,0.1464335000004473
16.144560000002983,0.14668400000044746
16.146230000002983,0.1469345000004476
16.147900000002984,0.14718500000044754
16.149570000002985,0.1474355000004477
16.151240000002986,0.14768600000044785
16.152910000002986,0.147936500000448
16.154580000002987,0.14818700000044815
16.156250000002988,0.14843750000044809
16.15792000000299,0.14868800000044824
16.15959000000299,0.1489385000004484
16.16126000000299,0.14918900000044855
16.16293000000299,0.1494395000004487
16.16460000000299,0.14969000000044863
16.166270000002992,0.14994050000044878
16.167940000002993,0.15019100000044894
16.169610000002994,0.1504415000004491
16.171280000002994,0.15069200000044924
16.172950000002995,0.15094250000044918
16.174620000002996,0.15119300000044933
16.176290000002997,0.15144350000044948
16.177960000002997,0.15169400000044964
16.179630000002998,0.1519445000004498
16.181300000003,0.15219500000044972
16.182970000003,0.15244550000044987
16.184640000003,0.15269600000045003
16.186310000003,0.15294650000045018
16.187980000003,0.15319700000045033
16.189650000003002,0.15344750000045027
16.191320000003003,0.15369800000045042
16.192990000003004,0.15394850000045057
16.194660000003005,0.15419900000045073
16.196330000003005,0.15444950000045088
16.198000000003006,0.1547000000004508
16.199670000003007,0.15495050000045096
16.201340000003007,0.15520100000045112
16.203010000003008,0.15545150000045127
16.20468000000301,0.15570200000045142
16.20635000000301,0.15595250000045136
16.20802000000301,0.1562030000004515
16.20969000000301,0.15645350000045166
16.211360000003012,0.15670400000045182
16.213030000003013,0.15695450000045197
16.214700000003013,0.1572050000004519
16.216370000003014,0.15745550000045205
16.218040000003015,0.1577060000004522
16.219710000003015,0.15795650000045236
16.221380000003016,0.1582070000004525
16.223050000003017,0.15845750000045244
16.224720000003018,0.1587080000004526
16.22639000000302,0.15895850000045275
16.22806000000302,0.1592090000004529
16.22973000000302,0.15945950000045306
16.23140000000302,0.159710000000453
16.23307000000302,0.15996050000045314
16.234740000003022,0.1602110000004533
16.236410000003023,0.16046150000045345
16.238080000003023,0.1607120000004536
16.239750000003024,0.16096250000045353
16.241420000003025,0.1612130000004537
16.243090000003026,0.16146350000045384
16.244760000003026,0.161714000000454
16.246430000003027,0.16196450000045415
16.248100000003028,0.16221500000045408
16.24977000000303,0.16246550000045423
16.25144000000303,0.16271600000045439
16.25311000000303,0.16296650000045454
16.25478000000303,0.1632170000004547
16.25645000000303,0.16346750000045462
16.258120000003032,0.16371800000045478
16.259790000003033,0.16396850000045493
16.261460000003034,0.16421900000045508
16.263130000003034,0.16446950000045502
16.264800000003035,0.16472000000045517
16.266470000003036,0.16497050000045532
16.268140000003037,0.16522100000045548
16.269810000003037,0.16547150000045563
16.271480000003038,0.16572200000045556
16.27315000000304,0.16597250000045594
16.27482000000304,0.16622300000045587
16.27649000000304,0.16647350000045602
16.27816000000304,0.16672400000045617
16.27983000000304,0.1669745000004561
16.281500000003042,0.16722500000045648
16.283170000003043,0.1674755000004564
16.284840000003044,0.16772600000045657
16.286510000003044,0.16797650000045672
16.288180000003045,0.16822700000045665
16.289850000003046,0.16847750000045703
16.291520000003047,0.16872800000045696
16.293190000003047,0.1689785000004571
16.294860000003048,0.16922900000045726
16.29653000000305,0.1694795000004572
16.29820000000305,0.16973000000045757
16.29987000000305,0.1699805000004575
16.30154000000305,0.17023100000045766
16.30321000000305,0.1704815000004578
16.304880000003052,0.17073200000045774
16.306550000003053,0.17098250000045812
16.308220000003054,0.17123300000045805
16.309890000003055,0.1714835000004582
16.311560000003055,0.17173400000045835
16.313230000003056,0.17198450000045828
16.314900000003057,0.17223500000045866
16.316570000003058,0.1724855000004586
16.31824000000306,0.17273600000045874
16.31991000000306,0.1729865000004589
16.32158000000306,0.17323700000045883
16.32325000000306,0.1734875000004592
16.32492000000306,0.17373800000045914
16.326590000003062,0.1739885000004593
16.328260000003063,0.17423900000045944
16.329930000003063,0.17448950000045937
16.331600000003064,0.17474000000045975
16.333270000003065,0.17499050000045968
16.334940000003066,0.17524100000045983
16.336610000003066,0.17549150000046
16.338280000003067,0.17574200000045992
16.339950000003068,0.1759925000004603
16.34162000000307,0.17624300000046023
16.34329000000307,0.17649350000046038
16.34496000000307,0.17674400000046053
16.34663000000307,0.17699450000046046
16.34830000000307,0.17724500000046084
16.349970000003072,0.17749550000046077
16.351640000003073,0.17774600000046092
16.353310000003074,0.17799650000046108
16.354980000003074,0.178247000000461
16.356650000003075,0.17849750000046138
16.358320000003076,0.17874800000046132
16.359990000003076,0.17899850000046147
16.361660000003077,0.17924900000046162
16.363330000003078,0.17949950000046155
16.36500000000308,0.17975000000046193
16.36667000000308,0.18000050000046186
16.36834000000308,0.180251000000462
16.37001000000308,0.18050150000046217
16.37168000000308,0.1807520000004621
16.373350000003082,0.18100250000046247
16.375020000003083,0.1812530000004624
16.376690000003084,0.18150350000046256
16.378360000003084,0.1817540000004627
16.380030000003085,0.18200450000046264
16.381700000003086,0.18225500000046302
16.383370000003087,0.18250550000046295
16.385040000003087,0.1827560000004631
16.386710000003088,0.18300650000046326
16.38838000000309,0.1832570000004632
16.39005000000309,0.18350750000046356
16.39172000000309,0.1837580000004635
16.39339000000309,0.18400850000046343
16.39506000000309,0.1842590000004638
16.396730000003092,0.18450950000046373
16.398400000003093,0.1847600000004641
16.400070000003094,0.18501050000046404
16.401740000003095,0.18526100000046397
16.403410000003095,0.18551150000046435
16.405080000003096,0.18576200000046428
16.406750000003097,0.18601250000046465
16.408420000003098,0.18626300000046458
16.4100900000031,0.18651350000046452
16.4117600000031,0.1867640000004649
16.4134300000031,0.18701450000046482
16.4151000000031,0.1872650000004652
16.4167700000031,0.18751550000046513
16.418440000003102,0.18776600000046506
16.420110000003103,0.18801650000046544
16.421780000003103,0.18826700000046537
16.423450000003104,0.18851750000046574
16.425120000003105,0.18876800000046567
16.426790000003106,0.1890185000004656
16.428460000003106,0.18926900000046598
16.430130000003107,0.1895195000004659
16.431800000003108,0.1897700000004663
16.43347000000311,0.19002050000046622
16.43514000000311,0.19027100000046615
16.43681000000311,0.19052150000046653
16.43848000000311,0.19077200000046646
16.44015000000311,0.19102250000046683
16.441820000003112,0.19127300000046676
16.443490000003113,0.1915235000004667
16.445160000003114,0.19177400000046707
16.446830000003114,0.192024500000467
16.448500000003115,0.19227500000046738
16.450170000003116,0.1925255000004673
16.451840000003116,0.19277600000046724
16.453510000003117,0.19302650000046762
16.455180000003118,0.19327700000046755
16.45685000000312,0.19352750000046792
16.45852000000312,0.19377800000046785
16.46019000000312,0.19402850000046779
16.46186000000312,0.19427900000046816
16.46353000000312,0.1945295000004681
16.465200000003122,0.19478000000046847
16.466870000003123,0.1950305000004684
16.468540000003124,0.19528100000046833
16.470210000003124,0.1955315000004687
16.471880000003125,0.19578200000046864
16.473550000003126,0.196032500000469
16.475220000003127,0.19628300000046894
16.476890000003127,0.19653350000046887
16.478560000003128,0.19678400000046925
16.48023000000313,0.19703450000046918
16.48190000000313,0.19728500000046956
16.48357000000313,0.1975355000004695
16.48524000000313,0.19778600000046942
16.48691000000313,0.1980365000004698
16.488580000003132,0.19828700000046973
16.490250000003133,0.1985375000004701
16.491920000003134,0.19878800000047003
16.493590000003135,0.19903850000046996
16.495260000003135,0.19928900000047034
16.496930000003136,0.19953950000047027
16.498600000003137,0.19979000000047065
16.500270000003137,0.19999999999999996
16.501940000003138,0.19999999999999996
16.50361000000314,0.19999999999999996
16.50528000000314,0.19999999999999996
16.50695000000314,0.19999999999999996
16.50862000000314,0.19999999999999996
16.510290000003142,0.19999999999999996
16.511960000003143,0.19999999999999996
16.513630000003143,0.19999999999999996
16.515300000003144,0.19999999999999996
16.516970000003145,0.19999999999999996
16.518640000003145,0.19999999999999996
16.520310000003146,0.19999999999999996
16.521980000003147,0.19999999999999996
16.523650000003148,0.19999999999999996
16.52532000000315,0.19999999999999996
16.52699000000315,0.19999999999999996
16.52866000000315,0.19999999999999996
16.53033000000315,0.19999999999999996
16.53200000000315,0.19999999999999996
16.533670000003152,0.19999999999999996
16.535340000003153,0.19999999999999996
16.537010000003153,0.19999999999999996
16.538680000003154,0.19999999999999996
16.540350000003155,0.19999999999999996
16.542020000003156,0.19999999999999996
16.543690000003156,0.19999999999999996
16.545360000003157,0.19999999999999996
16.547030000003158,0.19999999999999996
16.54870000000316,0.19999999999999996
16.55037000000316,0.19999999999999996
16.55204000000316,0.19999999999999996
16.55371000000316,0.19999999999999996
16.55538000000316,0.19999999999999996
16.557050000003162,0.19999999999999996
16.558720000003163,0.19999999999999996
16.560390000003164,0.19999999999999996
16.562060000003164,0.19999999999999996
16.563730000003165,0.19999999999999996
16.565400000003166,0.19999999999999996
16.567070000003167,0.19999999999999996
16.568740000003167,0.19999999999999996
16.570410000003168,0.19999999999999996
16.57208000000317,0.19999999999999996
16.57375000000317,0.19999999999999996
16.57542000000317,0.19999999999999996
16.57709000000317,0.19999999999999996
16.57876000000317,0.19999999999999996
16.580430000003172,0.19999999999999996
16.582100000003173,0.19999999999999996
16.583770000003174,0.19999999999999996
16.585440000003175,0.19999999999999996
16.587110000003175,0.19999999999999996
16.588780000003176,0.19999999999999996
16.590450000003177,0.19999999999999996
16.592120000003177,0.19999999999999996
16.593790000003178,0.19999999999999996
16.59546000000318,0.19999999999999996
16.59713000000318,0.19999999999999996
16.59880000000318,0.19999999999999996
16.60047000000318,0.19999999999999996
16.602140000003182,0.19999999999999996
16.603810000003183,0.19999999999999996
16.605480000003183,0.19999999999999996
16.607150000003184,0.19999999999999996
16.608820000003185,0.19999999999999996
16.610490000003185,0.19999999999999996
16.612160000003186,0.19999999999999996
16.613830000003187,0.19999999999999996
16.615500000003188,0.19999999999999996
16.61717000000319,0.19999999999999996
16.61884000000319,0.19999999999999973
16.62051000000319,0.19999999999999996
16.62218000000319,0.19999999999999996
16.62385000000319,0.19999999999999996
16.625520000003192,0.19999999999999996
16.627190000003193,0.19999999999999973
16.628860000003193,0.19999999999999996
16.630530000003194,0.19999999999999996
16.632200000003195,0.19999999999999996
16.633870000003196,0.19999999999999996
16.635540000003196,0.19999999999999996
16.637210000003197,0.19999999999999996
16.638880000003198,0.19999999999999996
16.6405500000032,0.19999999999999996
16.6422200000032,0.19999999999999996
16.6438900000032,0.19999999999999996
16.6455600000032,0.19999999999999996
16.6472300000032,0.19999999999999996
16.648900000003202,0.19999999999999996
16.650570000003203,0.19999999999999996
16.652240000003204,0.19999999999999996
16.653910000003204,0.19999999999999996
16.655580000003205,0.19999999999999996
16.657250000003206,0.19999999999999996
16.658920000003206,0.19999999999999996
16.660590000003207,0.19999999999999996
16.662260000003208,0.19999999999999996
16.66393000000321,0.19999999999999996
16.66560000000321,0.19999999999999996
16.66727000000321,0.19999999999999996
16.66894000000321,0.19999999999999996
16.67061000000321,0.19999999999999996
16.672280000003212,0.19999999999999996
16.673950000003213,0.19999999999999996
16.675620000003214,0.19999999999999996
16.677290000003214,0.19999999999999996
16.678960000003215,0.19999999999999996
16.680630000003216,0.19999999999999996
16.682300000003217,0.19999999999999996
16.683970000003217,0.19999999999999996
16.685640000003218,0.19999999999999996
16.68731000000322,0.19999999999999996
16.68898000000322,0.19999999999999996
16.69065000000322,0.19999999999999996
16.69232000000322,0.19999999999999996
16.69399000000322,0.19999999999999996
16.695660000003222,0.19999999999999996
16.697330000003223,0.19999999999999996
16.699000000003224,0.19999999999999996
16.700670000003225,0.19999999999999996
16.702340000003225,0.19999999999999996
16.704010000003226,0.19999999999999996
16.705680000003227,0.19999999999999996
16.707350000003228,0.19999999999999996
16.70902000000323,0.19999999999999996
16.71069000000323,0.19999999999999996
16.71236000000323,0.19999999999999996
16.71403000000323,0.19999999999999996
16.71570000000323,0.19999999999999996
16.717370000003232,0.19999999999999996
16.719040000003233,0.19999999999999996
16.720710000003233,0.19999999999999996
16.722380000003234,0.19999999999999996
16.724050000003235,0.19999999999999996
16.725720000003236,0.19999999999999996
16.727390000003236,0.19999999999999996
16.729060000003237,0.19999999999999996
16.730730000003238,0.19999999999999996
16.73240000000324,0.19999999999999996
16.73407000000324,0.19999999999999996
16.73574000000324,0.19999999999999996
16.73741000000324,0.19999999999999996
16.73908000000324,0.19999999999999996
16.740750000003242,0.19999999999999996
16.742420000003243,0.19999999999999996
16.744090000003244,0.19999999999999996
16.745760000003244,0.19999999999999996
16.747430000003245,0.19999999999999996
16.749100000003246,0.19999999999999996
16.750770000003246,0.19999999999999996
16.752440000003247,0.19999999999999996
16.754110000003248,0.19999999999999996
16.75578000000325,0.19999999999999996
16.75745000000325,0.19999999999999996
16.75912000000325,0.19999999999999996
16.76079000000325,0.19999999999999996
16.76246000000325,0.19999999999999996
16.764130000003252,0.19999999999999996
16.765800000003253,0.19999999999999996
16.767470000003254,0.19999999999999996
16.769140000003254,0.19999999999999996
16.770810000003255,0.19999999999999996
16.772480000003256,0.19999999999999996
16.774150000003257,0.19999999999999996
16.775820000003257,0.19999999999999996
16.777490000003258,0.19999999999999996
16.77916000000326,0.19999999999999996
16.78083000000326,0.19999999999999996
16.78250000000326,0.19999999999999996
16.78417000000326,0.19999999999999996
16.78584000000326,0.19999999999999996
16.787510000003262,0.19999999999999996
16.789180000003263,0.19999999999999996
16.790850000003264,0.19999999999999996
16.792520000003265,0.19999999999999996
16.794190000003265,0.19999999999999996
16.795860000003266,0.19999999999999996
16.797530000003267,0.19999999999999996
16.799200000003268,0.19999999999999996
16.80087000000327,0.19999999999999996
16.80254000000327,0.19999999999999996
16.80421000000327,0.19999999999999996
16.80588000000327,0.19999999999999996
16.80755000000327,0.19999999999999996
16.809220000003272,0.19999999999999996
16.810890000003273,0.19999999999999996
16.812560000003273,0.19999999999999996
16.814230000003274,0.19999999999999996
16.815900000003275,0.19999999999999996
16.817570000003276,0.19999999999999996
16.819240000003276,0.19999999999999996
16.820910000003277,0.19999999999999996
16.822580000003278,0.19999999999999996
16.82425000000328,0.19999999999999996
16.82592000000328,0.19999999999999996
16.82759000000328,0.19999999999999996
16.82926000000328,0.19999999999999996
16.83093000000328,0.19999999999999996
16.832600000003282,0.19999999999999996
16.834270000003283,0.19999999999999996
16.835940000003284,0.19999999999999996
16.837610000003284,0.19999999999999996
16.839280000003285,0.20000000000000018
16.840950000003286,0.19999999999999996
16.842620000003286,0.19999999999999996
16.844290000003287,0.19999999999999996
16.845960000003288,0.19999999999999996
16.84763000000329,0.20000000000000018
16.84930000000329,0.19999999999999996
16.85097000000329,0.19999999999999996
16.85264000000329,0.19999999999999996
16.85431000000329,0.19999999999999996
16.855980000003292,0.20000000000000018
16.857650000003293,0.19999999999999996
16.859320000003294,0.19999999999999996
16.860990000003294,0.19999999999999996
16.862660000003295,0.19999999999999996
16.864330000003296,0.20000000000000018
16.866000000003297,0.19999999999999996
16.867670000003297,0.19999999999999996
16.869340000003298,0.19999999999999996
16.8710100000033,0.19999999999999996
16.8726800000033,0.20000000000000018
16.8743500000033,0.19999999999999996
16.8760200000033,0.19999999999999996
16.8776900000033,0.19999999999999996
16.879360000003302,0.19999999999999996
16.881030000003303,0.20000000000000018
16.882700000003304,0.19999999999999996
16.884370000003305,0.19999999999999996
16.886040000003305,0.19999999999999996
16.887710000003306,0.19999999999999996
16.889380000003307,0.20000000000000018
16.891050000003307,0.19999999999999996
16.892720000003308,0.19999999999999996
16.89439000000331,0.19999999999999996
16.89606000000331,0.19999999999999996
16.89773000000331,0.20000000000000018
16.89940000000331,0.19999999999999996
16.901070000003312,0.19999999999999996
16.902740000003313,0.19999999999999996
16.904410000003313,0.19999999999999996
16.906080000003314,0.20000000000000018
16.907750000003315,0.19999999999999996
16.909420000003315,0.19999999999999996
16.911090000003316,0.19999999999999996
16.912760000003317,0.19999999999999996
16.914430000003318,0.19999999999999996
16.91610000000332,0.19999999999999996
16.91777000000332,0.19999999999999996
16.91944000000332,0.19999999999999996
16.92111000000332,0.19999999999999996
16.92278000000332,0.19999999999999996
16.924450000003322,0.19999999999999996
16.926120000003323,0.19999999999999996
16.927790000003323,0.19999999999999996
16.929460000003324,0.19999999999999996
16.931130000003325,0.19999999999999996
16.932800000003326,0.19999999999999996
16.934470000003326,0.19999999999999996
16.936140000003327,0.19999999999999996
16.937810000003328,0.19999999999999996
16.93948000000333,0.19999999999999996
16.94115000000333,0.19999999999999996
16.94282000000333,0.19999999999999996
16.94449000000333,0.19999999999999996
16.94616000000333,0.19999999999999996
16.947830000003332,0.19999999999999996
16.949500000003333,0.19999999999999996
16.951170000003334,0.19999999999999996
16.952840000003334,0.19999999999999996
16.954510000003335,0.19999999999999996
16.956180000003336,0.19999999999999996
16.957850000003337,0.19999999999999996
16.959520000003337,0.19999999999999996
16.961190000003338,0.19999999999999996
16.96286000000334,0.19999999999999996
16.96453000000334,0.19999999999999996
16.96620000000334,0.19999999999999996
16.96787000000334,0.19999999999999996
16.96954000000334,0.19999999999999996
16.971210000003342,0.19999999999999996
16.972880000003343,0.19999999999999996
16.974550000003344,0.19999999999999996
16.976220000003345,0.19999999999999996
16.977890000003345,0.19999999999999996
16.979560000003346,0.19999999999999996
16.981230000003347,0.19999999999999996
16.982900000003347,0.19999999999999996
16.984570000003348,0.19999999999999996
16.98624000000335,0.19999999999999996
16.98791000000335,0.19999999999999996
16.98958000000335,0.19999999999999996
16.99125000000335,0.19999999999999996
16.992920000003352,0.19999999999999996
16.994590000003353,0.19999999999999996
16.996260000003353,0.19999999999999996
16.997930000003354,0.19999999999999996
16.999600000003355,0.19999999999999996
17.001270000003355,0.19999999999999996
17.002940000003356,0.19999999999999996
17.004610000003357,0.19999999999999996
17.006280000003358,0.19999999999999996
17.00795000000336,0.19999999999999996
17.00962000000336,0.19999999999999996
17.01129000000336,0.19999999999999996
17.01296000000336,0.19999999999999996
17.01463000000336,0.19999999999999996
17.016300000003362,0.19999999999999996
17.017970000003363,0.19999999999999996
17.019640000003363,0.19999999999999996
17.021310000003364,0.19999999999999996
17.022980000003365,0.19999999999999996
17.024650000003366,0.19999999999999996
17.026320000003366,0.19999999999999996
17.027990000003367,0.19999999999999996
17.029660000003368,0.19999999999999996
17.03133000000337,0.19999999999999996
17.03300000000337,0.19999999999999996
17.03467000000337,0.19999999999999996
17.03634000000337,0.19999999999999996
17.03801000000337,0.19999999999999996
17.039680000003372,0.19999999999999996
17.041350000003373,0.19999999999999996
17.043020000003374,0.19999999999999996
17.044690000003374,0.19999999999999996
17.046360000003375,0.19999999999999996
17.048030000003376,0.19999999999999996
17.049700000003376,0.19999999999999996
17.051370000003377,0.19999999999999996
17.053040000003378,0.19999999999999996
17.05471000000338,0.19999999999999996
17.05638000000338,0.19999999999999996
17.05805000000338,0.19999999999999996
17.05972000000338,0.19999999999999996
17.06139000000338,0.19999999999999996
17.063060000003382,0.19999999999999996
17.064730000003383,0.19999999999999996
17.066400000003384,0.19999999999999996
17.068070000003384,0.19999999999999996
17.069740000003385,0.19999999999999996
17.071410000003386,0.19999999999999996
17.073080000003387,0.19999999999999996
17.074750000003387,0.19999999999999996
17.076420000003388,0.19999999999999996
17.07809000000339,0.19999999999999996
17.07976000000339,0.19999999999999996
17.08143000000339,0.20000000000000018
17.08310000000339,0.19999999999999996
17.08477000000339,0.19999999999999996
17.086440000003392,0.19999999999999996
17.088110000003393,0.19999999999999996
17.089780000003394,0.20000000000000018
17.091450000003395,0.19999999999999996
17.093120000003395,0.19999999999999996
17.094790000003396,0.19999999999999996
17.096460000003397,0.19999999999999996
17.098130000003398,0.20000000000000018
17.0998000000034,0.19999999999999996
17.1014700000034,0.19999999999999996
17.1031400000034,0.19999999999999996
17.1048100000034,0.19999999999999996
17.1064800000034,0.20000000000000018
17.108150000003402,0.19999999999999996
17.109820000003403,0.19999999999999996
17.111490000003403,0.19999999999999996
17.113160000003404,0.19999999999999996
17.114830000003405,0.20000000000000018
17.116500000003406,0.19999999999999996
17.118170000003406,0.19999999999999996
17.119840000003407,0.19999999999999996
17.121510000003408,0.19999999999999996
17.12318000000341,0.20000000000000018
17.12485000000341,0.19999999999999996
17.12652000000341,0.19999999999999996
17.12819000000341,0.19999999999999996
17.12986000000341,0.19999999999999996
17.131530000003412,0.20000000000000018
17.133200000003413,0.19999999999999996
17.134870000003414,0.20000000000000018
17.136540000003414,0.19999999999999996
17.138210000003415,0.19999999999999996
17.139880000003416,0.20000000000000018
17.141550000003416,0.19999999999999996
17.143220000003417,0.20000000000000018
17.144890000003418,0.19999999999999996
17.14656000000342,0.19999999999999996
17.14823000000342,0.20000000000000018
17.14990000000342,0.19999999999999996
17.15157000000342,0.20000000000000018
17.15324000000342,0.19999999999999996
17.154910000003422,0.19999999999999996
17.156580000003423,0.20000000000000018
17.158250000003424,0.19999999999999996
17.159920000003424,0.20000000000000018
17.161590000003425,0.19999999999999996
17.163260000003426,0.19999999999999996
17.164930000003427,0.20000000000000018
17.166600000003427,0.19999999999999996
17.168270000003428,0.20000000000000018
17.16994000000343,0.19999999999999996
17.17161000000343,0.19999999999999996
17.17328000000343,0.20000000000000018
17.17495000000343,0.19999999999999996
17.17662000000343,0.20000000000000018
17.178290000003432,0.19999999999999996
17.179960000003433,0.19999999999999996
17.181630000003434,0.20000000000000018
17.183300000003435,0.19999999999999996
17.184970000003435,0.20000000000000018
17.186640000003436,0.19999999999999996
17.188310000003437,0.19999999999999996
17.189980000003438,0.20000000000000018
17.19165000000344,0.19999999999999996
17.19332000000344,0.20000000000000018
17.19499000000344,0.19999999999999996
17.19666000000344,0.19999999999999996
17.19833000000344,0.20000000000000018
17.200000000003442,0.19999999999999996
17.201670000003443,0.20000000000000018
17.203340000003443,0.19999999999999996
17.205010000003444,0.19999999999999996
17.206680000003445,0.20000000000000018
17.208350000003446,0.19999999999999996
17.210020000003446,0.20000000000000018
17.211690000003447,0.19999999999999996
17.213360000003448,0.19999999999999996
17.21503000000345,0.20000000000000018
17.21670000000345,0.19999999999999996
17.21837000000345,0.20000000000000018
17.22004000000345,0.19999999999999996
17.22171000000345,0.19999999999999996
17.223380000003452,0.20000000000000018
17.225050000003453,0.19999999999999996
17.226720000003453,0.20000000000000018
17.228390000003454,0.19999999999999996
17.230060000003455,0.19999999999999996
17.231730000003456,0.20000000000000018
17.233400000003456,0.19999999999999996
17.235070000003457,0.20000000000000018
17.236740000003458,0.19999999999999996
17.23841000000346,0.19999999999999996
17.24008000000346,0.20000000000000018
17.24175000000346,0.19999999999999996
17.24342000000346,0.20000000000000018
17.24509000000346,0.19999999999999996
17.246760000003462,0.19999999999999996
17.248430000003463,0.20000000000000018
17.250100000003464,0.19999999999999996
17.251770000003464,0.20000000000000018
17.253440000003465,0.19999999999999996
17.255110000003466,0.19999999999999996
17.256780000003467,0.20000000000000018
17.258450000003467,0.19999999999999996
17.260120000003468,0.20000000000000018
17.26179000000347,0.19999999999999996
17.26346000000347,0.19999999999999996
17.26513000000347,0.20000000000000018
17.26680000000347,0.19999999999999996
17.26847000000347,0.20000000000000018
17.270140000003472,0.20000000000000018
17.271810000003473,0.19999999999999996
17.273480000003474,0.20000000000000018
17.275150000003475,0.19999999999999996
17.276820000003475,0.20000000000000018
17.278490000003476,0.20000000000000018
17.280160000003477,0.19999999999999996
17.281830000003477,0.20000000000000018
17.283500000003478,0.19999999999999996
17.28517000000348,0.20000000000000018
17.28684000000348,0.20000000000000018
17.28851000000348,0.19999999999999996
17.29018000000348,0.20000000000000018
17.291850000003482,0.19999999999999996
17.293520000003483,0.20000000000000018
17.295190000003483,0.20000000000000018
17.296860000003484,0.19999999999999996
17.298530000003485,0.20000000000000018
17.300200000003485,0.19999999999999996
17.301870000003486,0.20000000000000018
17.303540000003487,0.20000000000000018
17.305210000003488,0.19999999999999996
17.30688000000349,0.20000000000000018
17.30855000000349,0.19999999999999996
17.31022000000349,0.20000000000000018
17.31189000000349,0.20000000000000018
17.31356000000349,0.19999999999999996
17.315230000003492,0.20000000000000018
17.316900000003493,0.19999999999999996
17.318570000003493,0.20000000000000018
17.320240000003494,0.20000000000000018
17.321910000003495,0.19999999999999996
17.323580000003496,0.20000000000000018
17.325250000003496,0.19999999999999996
17.326920000003497,0.20000000000000018
17.328590000003498,0.20000000000000018
17.3302600000035,0.19999999999999996
17.3319300000035,0.20000000000000018
17.3336000000035,0.19999999999999996
17.3352700000035,0.20000000000000018
17.3369400000035,0.20000000000000018
17.338610000003502,0.20000000000000018
17.340280000003503,0.20000000000000018
17.341950000003504,0.19999999999999996
17.343620000003504,0.20000000000000018
17.345290000003505,0.20000000000000018
17.346960000003506,0.20000000000000018
17.348630000003507,0.20000000000000018
17.350300000003507,0.19999999999999996
17.351970000003508,0.20000000000000018
17.35364000000351,0.20000000000000018
17.35531000000351,0.20000000000000018
17.35698000000351,0.20000000000000018
17.35865000000351,0.19999999999999996
17.36032000000351,0.20000000000000018
17.361990000003512,0.20000000000000018
17.363660000003513,0.20000000000000018
17.365330000003514,0.20000000000000018
17.367000000003515,0.19999999999999996
17.368670000003515,0.20000000000000018
17.370340000003516,0.20000000000000018
17.372010000003517,0.20000000000000018
17.373680000003517,0.20000000000000018
17.375350000003518,0.19999999999999996
17.37702000000352,0.20000000000000018
17.37869000000352,0.20000000000000018
17.38036000000352,0.20000000000000018
17.38203000000352,0.20000000000000018
17.383700000003522,0.19999999999999996
17.385370000003523,0.20000000000000018
17.387040000003523,0.20000000000000018
17.388710000003524,0.20000000000000018
17.390380000003525,0.20000000000000018
17.392050000003525,0.20000000000000018
17.393720000003526,0.20000000000000018
17.395390000003527,0.20000000000000018
17.397060000003528,0.20000000000000018
17.39873000000353,0.20000000000000018
17.40040000000353,0.20000000000000018
17.40207000000353,0.20000000000000018
17.40374000000353,0.20000000000000018
17.40541000000353,0.20000000000000018
17.407080000003532,0.20000000000000018
17.408750000003533,0.20000000000000018
17.410420000003533,0.20000000000000018
17.412090000003534,0.20000000000000018
17.413760000003535,0.20000000000000018
17.415430000003536,0.20000000000000018
17.417100000003536,0.20000000000000018
17.418770000003537,0.20000000000000018
17.420440000003538,0.20000000000000018
17.42211000000354,0.20000000000000018
17.42378000000354,0.20000000000000018
17.42545000000354,0.20000000000000018
17.42712000000354,0.20000000000000018
17.42879000000354,0.20000000000000018
17.430460000003542,0.20000000000000018
17.432130000003543,0.20000000000000018
17.433800000003544,0.20000000000000018
17.435470000003544,0.20000000000000018
17.437140000003545,0.20000000000000018
17.438810000003546,0.20000000000000018
17.440480000003546,0.20000000000000018
17.442150000003547,0.20000000000000018
17.443820000003548,0.20000000000000018
17.44549000000355,0.20000000000000018
17.44716000000355,0.20000000000000018
17.44883000000355,0.20000000000000018
17.45050000000355,0.20000000000000018
17.45217000000355,0.20000000000000018
17.453840000003552,0.20000000000000018
17.455510000003553,0.20000000000000018
17.457180000003554,0.20000000000000018
17.458850000003554,0.20000000000000018
17.460520000003555,0.20000000000000018
17.462190000003556,0.20000000000000018
17.463860000003557,0.20000000000000018
17.465530000003557,0.20000000000000018
17.467200000003558,0.20000000000000018
17.46887000000356,0.20000000000000018
17.47054000000356,0.20000000000000018
17.47221000000356,0.20000000000000018
17.47388000000356,0.20000000000000018
17.47555000000356,0.20000000000000018
17.477220000003562,0.20000000000000018
17.478890000003563,0.20000000000000018
17.480560000003564,0.20000000000000018
17.482230000003565,0.20000000000000018
17.483900000003565,0.20000000000000018
17.485570000003566,0.20000000000000018
17.487240000003567,0.20000000000000018
17.488910000003568,0.20000000000000018
17.49058000000357,0.20000000000000018
17.49225000000357,0.20000000000000018
17.49392000000357,0.20000000000000018
17.49559000000357,0.20000000000000018
17.49726000000357,0.20000000000000018
17.498930000003572,0.20000000000000018
17.500600000003573,0.20012000000071484
17.502270000003573,0.2004540000007149
17.503940000003574,0.20078800000071495
17.505610000003575,0.201122000000715
17.507280000003576,0.20145600000071529
17.508950000003576,0.20179000000071556
17.510620000003577,0.20212400000071562
17.512290000003578,0.20245800000071568
17.51396000000358,0.20279200000071573
17.51563000000358,0.203126000000716
17.51730000000358,0.2034600000007163
17.51897000000358,0.20379400000071635
17.52064000000358,0.2041280000007164
17.522310000003582,0.20446200000071646
17.523980000003583,0.20479600000071674
17.525650000003584,0.20513000000071702
17.527320000003584,0.20546400000071707
17.528990000003585,0.20579800000071713
17.530660000003586,0.20613200000071719
17.532330000003586,0.20646600000071746
17.534000000003587,0.20680000000071774
17.535670000003588,0.2071340000007178
17.53734000000359,0.20746800000071786
17.53901000000359,0.2078020000007179
17.54068000000359,0.2081360000007182
17.54235000000359,0.20847000000071847
17.54402000000359,0.20880400000071853
17.545690000003592,0.20913800000071858
17.547360000003593,0.20947200000071864
17.549030000003594,0.20980600000071892
17.550700000003594,0.2101400000007192
17.552370000003595,0.21047400000071903
17.554040000003596,0.2108080000007193
17.555710000003597,0.21114200000071937
17.557380000003597,0.21147600000071964
17.559050000003598,0.21181000000071992
17.5607200000036,0.21214400000071976
17.5623900000036,0.21247800000072004
17.5640600000036,0.2128120000007201
17.5657300000036,0.21314600000072037
17.5674000000036,0.21348000000072065
17.569070000003602,0.21381400000072048
17.570740000003603,0.21414800000072076
17.572410000003604,0.21448200000072082
17.574080000003605,0.2148160000007211
17.575750000003605,0.21515000000072138
17.577420000003606,0.2154840000007212
17.579090000003607,0.2158180000007215
17.580760000003608,0.21615200000072154
17.58243000000361,0.21648600000072182
17.58410000000361,0.2168200000007221
17.58577000000361,0.21715400000072194
17.58744000000361,0.21748800000072221
17.58911000000361,0.21782200000072227
17.590780000003612,0.21815600000072255
17.592450000003613,0.21849000000072283
17.594120000003613,0.21882400000072266
17.595790000003614,0.21915800000072294
17.597460000003615,0.219492000000723
17.599130000003615,0.21982600000072328
17.600800000003616,0.22016000000072355
17.602470000003617,0.2204940000007234
17.604140000003618,0.22082800000072367
17.60581000000362,0.22116200000072372
17.60748000000362,0.221496000000724
17.60915000000362,0.22183000000072428
17.61082000000362,0.22216400000072412
17.61249000000362,0.2224980000007244
17.614160000003622,0.22283200000072445
17.615830000003623,0.22316600000072473
17.617500000003623,0.223500000000725
17.619170000003624,0.22383400000072484
17.620840000003625,0.22416800000072512
17.622510000003626,0.22450200000072518
17.624180000003626,0.22483600000072546
17.625850000003627,0.2251700000007255
17.627520000003628,0.22550400000072557
17.62919000000363,0.22583800000072585
17.63086000000363,0.2261720000007259
17.63253000000363,0.22650600000072618
17.63420000000363,0.22684000000072624
17.63587000000363,0.2271740000007263
17.637540000003632,0.22750800000072657
17.639210000003633,0.22784200000072663
17.640880000003634,0.2281760000007269
17.642550000003634,0.22851000000072674
17.644220000003635,0.22884400000072702
17.645890000003636,0.2291780000007273
17.647560000003637,0.22951200000072736
17.649230000003637,0.22984600000072763
17.650900000003638,0.23018000000072747
17.65257000000364,0.23051400000072775
17.65424000000364,0.23084800000072803
17.65591000000364,0.23118200000072808
17.65758000000364,0.23151600000072836
17.65925000000364,0.2318500000007282
17.660920000003642,0.23218400000072847
17.662590000003643,0.23251800000072875
17.664260000003644,0.2328520000007288
17.665930000003645,0.2331860000007291
17.667600000003645,0.23352000000072892
17.669270000003646,0.2338540000007292
17.670940000003647,0.23418800000072948
17.672610000003647,0.23452200000072954
17.674280000003648,0.23485600000072981
17.67595000000365,0.23519000000072965
17.67762000000365,0.23552400000072993
17.67929000000365,0.2358580000007302
17.68096000000365,0.23619200000073026
17.682630000003652,0.23652600000073054
17.684300000003653,0.23686000000073038
17.685970000003653,0.23719400000073065
17.687640000003654,0.23752800000073093
17.689310000003655,0.237862000000731
17.690980000003655,0.23819600000073127
17.692650000003656,0.2385300000007311
17.694320000003657,0.23886400000073138
17.695990000003658,0.23919800000073166
17.69766000000366,0.23953200000073172
17.69933000000366,0.239866000000732
17.70100000000366,0.24020000000073183
17.70267000000366,0.2405340000007321
17.70434000000366,0.24086800000073239
17.706010000003662,0.24120200000073244
17.707680000003663,0.24153600000073272
17.709350000003663,0.24187000000073255
17.711020000003664,0.24220400000073283
17.712690000003665,0.2425380000007331
17.714360000003666,0.24287200000073317
17.716030000003666,0.24320600000073345
17.717700000003667,0.24354000000073328
17.719370000003668,0.24387400000073356
17.72104000000367,0.24420800000073384
17.72271000000367,0.2445420000007339
17.72438000000367,0.24487600000073395
17.72605000000367,0.245210000000734
17.72772000000367,0.24554400000073429
17.729390000003672,0.24587800000073456
17.731060000003673,0.24621200000073462
17.732730000003674,0.24654600000073468
17.734400000003674,0.24688000000073473
17.736070000003675,0.247214000000735
17.737740000003676,0.2475480000007353
17.739410000003677,0.24788200000073535
17.741080000003677,0.2482160000007354
17.742750000003678,0.24855000000073546
17.74442000000368,0.24888400000073574
17.74609000000368,0.24921800000073602
17.74776000000368,0.24955200000073607
17.74943000000368,0.24988600000073613
17.75110000000368,0.2502200000007362
17.752770000003682,0.25055400000073647
17.754440000003683,0.25088800000073674
17.756110000003684,0.2512220000007368
17.757780000003685,0.25155600000073686
17.759450000003685,0.2518900000007369
17.761120000003686,0.2522240000007372
17.762790000003687,0.25255800000073747
17.764460000003687,0.2528920000007375
17.766130000003688,0.2532260000007376
17.76780000000369,0.25356000000073764
17.76947000000369,0.2538940000007379
17.77114000000369,0.2542280000007382
17.77281000000369,0.25456200000073825
17.77448000000369,0.2548960000007383
17.776150000003692,0.25523000000073837
17.777820000003693,0.25556400000073864
17.779490000003694,0.2558980000007389
17.781160000003695,0.256232000000739
17.782830000003695,0.25656600000073904
17.784500000003696,0.2569000000007391
17.786170000003697,0.25723400000073937
17.787840000003698,0.25756800000073965
17.7895100000037,0.2579020000007395
17.7911800000037,0.25823600000073976
17.7928500000037,0.2585700000007398
17.7945200000037,0.2589040000007401
17.7961900000037,0.2592380000007404
17.797860000003702,0.2595720000007402
17.799530000003703,0.2599060000007405
17.801200000003703,0.26024000000074055
17.802870000003704,0.2605740000007408
17.804540000003705,0.2609080000007411
17.806210000003706,0.26124200000074094
17.807880000003706,0.2615760000007412
17.809550000003707,0.26191000000074127
17.811220000003708,0.26224400000074155
17.81289000000371,0.26257800000074183
17.81456000000371,0.26291200000074166
17.81623000000371,0.26324600000074194
17.81790000000371,0.263580000000742
17.81957000000371,0.2639140000007423
17.821240000003712,0.26424800000074256
17.822910000003713,0.2645820000007424
17.824580000003714,0.26491600000074267
17.826250000003714,0.2652500000007427
17.827920000003715,0.265584000000743
17.829590000003716,0.2659180000007433
17.831260000003716,0.2662520000007431
17.832930000003717,0.2665860000007434
17.834600000003718,0.26692000000074345
17.83627000000372,0.26725400000074373
17.83794000000372,0.2675880000007438
17.83961000000372,0.26792200000074384
17.84128000000372,0.2682560000007441
17.84295000000372,0.2685900000007442
17.844620000003722,0.26892400000074446
17.846290000003723,0.2692580000007445
17.847960000003724,0.26959200000074457
17.849630000003724,0.26992600000074485
17.851300000003725,0.2702600000007449
17.852970000003726,0.2705940000007452
17.854640000003727,0.27092800000074524
17.856310000003727,0.2712620000007453
17.857980000003728,0.2715960000007456
17.85965000000373,0.27193000000074563
17.86132000000373,0.2722640000007459
17.86299000000373,0.27259800000074597
17.86466000000373,0.272932000000746
17.86633000000373,0.2732660000007463
17.868000000003732,0.27360000000074636
17.869670000003733,0.27393400000074664
17.871340000003734,0.2742680000007467
17.873010000003735,0.27460200000074675
17.874680000003735,0.274936000000747
17.876350000003736,0.2752700000007471
17.878020000003737,0.27560400000074736
17.879690000003738,0.2759380000007474
17.88136000000374,0.2762720000007475
17.88303000000374,0.27660600000074775
17.88470000000374,0.2769400000007478
17.88637000000374,0.2772740000007481
17.88804000000374,0.2776080000007479
17.889710000003742,0.2779420000007482
17.891380000003743,0.2782760000007485
17.893050000003743,0.27861000000074854
17.894720000003744,0.2789440000007488
17.896390000003745,0.27927800000074865
17.898060000003746,0.27961200000074893
17.899730000003746,0.2799460000007492
17.901400000003747,0.28028000000074926
17.903070000003748,0.28061400000074954
17.90474000000375,0.2809480000007494
17.90641000000375,0.28128200000074965
17.90808000000375,0.28161600000074993
17.90975000000375,0.28195000000075
17.91142000000375,0.28228400000075027
17.913090000003752,0.2826180000007501
17.914760000003753,0.2829520000007504
17.916430000003754,0.28328600000075066
17.918100000003754,0.2836200000007507
17.919770000003755,0.283954000000751
17.921440000003756,0.28428800000075083
17.923110000003756,0.2846220000007511
17.924780000003757,0.2849560000007514
17.926450000003758,0.28529000000075144
17.92812000000376,0.2856240000007517
17.92979000000376,0.28595800000075156
17.93146000000376,0.28629200000075183
17.93313000000376,0.2866260000007521
17.93480000000376,0.28696000000075217
17.936470000003762,0.28729400000075245
17.938140000003763,0.2876280000007523
17.939810000003764,0.28796200000075256
17.941480000003764,0.28829600000075284
17.943150000003765,0.2886300000007529
17.944820000003766,0.2889640000007532
17.946490000003767,0.289298000000753
17.948160000003767,0.2896320000007533
17.949830000003768,0.28996600000075357
17.95150000000377,0.2903000000007536
17.95317000000377,0.2906340000007537
17.95484000000377,0.29096800000075373
17.95651000000377,0.291302000000754
17.95818000000377,0.2916360000007543
17.959850000003772,0.29197000000075435
17.961520000003773,0.2923040000007544
17.963190000003774,0.29263800000075446
17.964860000003775,0.29297200000075474
17.966530000003775,0.293306000000755
17.968200000003776,0.2936400000007551
17.969870000003777,0.29397400000075513
17.971540000003777,0.2943080000007552
17.973210000003778,0.29464200000075547
17.97488000000378,0.29497600000075574
17.97655000000378,0.2953100000007558
17.97822000000378,0.29564400000075586
17.97989000000378,0.2959780000007559
17.981560000003782,0.2963120000007562
17.983230000003783,0.29664600000075647
17.984900000003783,0.2969800000007565
17.986570000003784,0.2973140000007566
17.988240000003785,0.29764800000075664
17.989910000003785,0.2979820000007569
17.991580000003786,0.2983160000007572
17.993250000003787,0.29865000000075725
17.994920000003788,0.2989840000007573
17.99659000000379,0.29931800000075737
17.99826000000379,0.29965200000075765
17.99993000000379,0.2999860000007579
18.00160000000379,0.300320000000758
18.00327000000379,0.30065400000075804
18.004940000003792,0.3009880000007583
18.006610000003793,0.30132200000075837
18.008280000003793,0.30165600000075843
18.009950000003794,0.3019900000007587
18.011620000003795,0.30232400000075876
18.013290000003796,0.30265800000075904
18.014960000003796,0.3029920000007591
18.016630000003797,0.30332600000075916
18.018300000003798,0.30366000000075943
18.0199700000038,0.3039940000007595
18.0216400000038,0.30432800000075977
18.0233100000038,0.3046620000007598
18.0249800000038,0.3049960000007599
18.0266500000038,0.30533000000076016
18.028320000003802,0.3056640000007602
18.029990000003803,0.3059980000007605
18.031660000003804,0.30633200000076055
18.033330000003804,0.3066660000007606
18.035000000003805,0.3070000000007609
18.036670000003806,0.30733400000076094
18.038340000003807,0.3076680000007612
18.040010000003807,0.3080020000007613
18.041680000003808,0.30833600000076133
18.04335000000381,0.3086700000007616
18.04502000000381,0.30900400000076167
18.04669000000381,0.30933800000076195
18.04836000000381,0.309672000000762
18.05003000000381,0.31000600000076206
18.051700000003812,0.31034000000076234
18.053370000003813,0.3106740000007624
18.055040000003814,0.3110080000007627
18.056710000003815,0.31134200000076273
18.058380000003815,0.3116760000007628
18.060050000003816,0.31201000000076307
18.061720000003817,0.3123440000007631
18.063390000003817,0.3126780000007634
18.065060000003818,0.31301200000076346
18.06673000000382,0.3133460000007635
18.06840000000382,0.3136800000007638
18.07007000000382,0.31401400000076385
18.07174000000382,0.3143480000007641
18.073410000003822,0.3146820000007642
18.075080000003823,0.31501600000076424
18.076750000003823,0.3153500000007645
18.078420000003824,0.3156840000007646
18.080090000003825,0.31601800000076485
18.081760000003825,0.3163520000007649
18.083430000003826,0.31668600000076497
18.085100000003827,0.31702000000076525
18.086770000003828,0.3173540000007653
18.08844000000383,0.3176880000007656
18.09011000000383,0.31802200000076564
18.09178000000383,0.3183560000007657
18.09345000000383,0.31869000000076597
18.09512000000383,0.31902400000076603
18.096790000003832,0.3193580000007663
18.098460000003833,0.31969200000076636
18.100130000003833,0.3200260000007664
18.101800000003834,0.3203600000007667
18.103470000003835,0.32069400000076675
18.105140000003836,0.32102800000076703
18.106810000003836,0.3213620000007671
18.108480000003837,0.32169600000076715
18.110150000003838,0.3220300000007674
18.11182000000384,0.3223640000007675
18.11349000000384,0.32269800000076776
18.11516000000384,0.3230320000007678
18.11683000000384,0.3233660000007679
18.11850000000384,0.32370000000076815
18.120170000003842,0.3240340000007682
18.121840000003843,0.3243680000007685
18.123510000003844,0.32470200000076854
18.125180000003844,0.3250360000007686
18.126850000003845,0.3253700000007689
18.128520000003846,0.32570400000076893
18.130190000003847,0.3260380000007692
18.131860000003847,0.32637200000076927
18.133530000003848,0.3267060000007693
18.13520000000385,0.3270400000007696
18.13687000000385,0.32737400000076966
18.13854000000385,0.32770800000076994
18.14021000000385,0.32804200000077
18.14188000000385,0.3283760000007703
18.143550000003852,0.32871000000077033
18.145220000003853,0.3290440000007704
18.146890000003854,0.32937800000077067
18.148560000003854,0.3297120000007707
18.150230000003855,0.330046000000771
18.151900000003856,0.33038000000077106
18.153570000003857,0.3307140000007711
18.155240000003857,0.3310480000007714
18.156910000003858,0.33138200000077145
18.15858000000386,0.3317160000007717
18.16025000000386,0.3320500000007718
18.16192000000386,0.33238400000077184
18.16359000000386,0.3327180000007721
18.16526000000386,0.3330520000007722
18.166930000003862,0.33338600000077245
18.168600000003863,0.3337200000007725
18.170270000003864,0.33405400000077257
18.171940000003865,0.33438800000077284
18.173610000003865,0.3347220000007729
18.175280000003866,0.3350560000007732
18.176950000003867,0.33539000000077324
18.178620000003868,0.3357240000007733
18.18029000000387,0.33605800000077357
18.18196000000387,0.3363920000007736
18.18363000000387,0.3367260000007739
18.18530000000387,0.33706000000077396
18.18697000000387,0.337394000000774
18.188640000003872,0.3377280000007743
18.190310000003873,0.33806200000077435
18.191980000003873,0.33839600000077463
18.193650000003874,0.3387300000007747
18.195320000003875,0.33906400000077475
18.196990000003876,0.339398000000775
18.198660000003876,0.3397320000007751
18.200330000003877,0.34006600000077536
18.202000000003878,0.3404000000007754
18.20367000000388,0.34073400000077547
18.20534000000388,0.34106800000077575
18.20701000000388,0.3414020000007758
18.20868000000388,0.3417360000007761
18.21035000000388,0.34207000000077614
18.212020000003882,0.3424040000007762
18.213690000003883,0.3427380000007765
18.215360000003884,0.34307200000077653
18.217030000003884,0.3434060000007768
18.218700000003885,0.34374000000077687
18.220370000003886,0.3440740000007769
18.222040000003886,0.3444080000007772
18.223710000003887,0.34474200000077726
18.225380000003888,0.34507600000077754
18.22705000000389,0.3454100000007776
18.22872000000389,0.34574400000077765
18.23039000000389,0.34607800000077793
18.23206000000389,0.346412000000778
18.23373000000389,0.34674600000077827
18.235400000003892,0.3470800000007783
18.237070000003893,0.3474140000007784
18.238740000003894,0.34774800000077866
18.240410000003894,0.3480820000007787
18.242080000003895,0.348416000000779
18.243750000003896,0.34875000000077905
18.245420000003897,0.3490840000007791
18.247090000003897,0.3494180000007794
18.248760000003898,0.34975200000077944
18.2504300000039,0.3500860000007797
18.2521000000039,0.3504200000007798
18.2537700000039,0.35075400000077983
18.2554400000039,0.3510880000007801
18.2571100000039,0.35142200000078017
18.258780000003902,0.35175600000078044
18.260450000003903,0.3520900000007805
18.262120000003904,0.35242400000078056
18.263790000003905,0.35275800000078084
18.265460000003905,0.3530920000007809
18.267130000003906,0.35342600000078117
18.268800000003907,0.3537600000007812
18.270470000003908,0.3540940000007813
18.27214000000391,0.35442800000078156
18.27381000000391,0.3547620000007816
18.27548000000391,0.3550960000007819
18.27715000000391,0.35543000000078195
18.27882000000391,0.355764000000782
18.280490000003912,0.3560980000007823
18.282160000003913,0.35643200000078235
18.283830000003913,0.3567660000007826
18.285500000003914,0.3571000000007827
18.287170000003915,0.35743400000078274
18.288840000003916,0.357768000000783
18.290510000003916,0.35810200000078307
18.292180000003917,0.35843600000078335
18.293850000003918,0.3587700000007834
18.29552000000392,0.35910400000078346
18.29719000000392,0.35943800000078374
18.29886000000392,0.3597720000007838
18.30053000000392,0.3601060000007841
18.30220000000392,0.36044000000078413
18.303870000003922,0.3607740000007842
18.305540000003923,0.36110800000078447
18.307210000003924,0.3614420000007845
18.308880000003924,0.3617760000007848
18.310550000003925,0.36211000000078486
18.312220000003926,0.3624440000007849
18.313890000003926,0.3627780000007852
18.315560000003927,0.36311200000078525
18.317230000003928,0.36344600000078553
18.31890000000393,0.3637800000007856
18.32057000000393,0.36411400000078564
18.32224000000393,0.3644480000007859
18.32391000000393,0.364782000000786
18.32558000000393,0.36511600000078626
18.327250000003932,0.3654500000007863
18.328920000003933,0.36578400000078637
18.330590000003934,0.36611800000078665
18.332260000003934,0.3664520000007867
18.333930000003935,0.366786000000787
18.335600000003936,0.36712000000078704
18.337270000003937,0.3674540000007869
18.338940000003937,0.3677880000007874
18.340610000003938,0.36812200000078743
18.34228000000394,0.3684560000007877
18.34395000000394,0.36879000000078777
18.34562000000394,0.3691240000007876
18.34729000000394,0.3694580000007881
18.34896000000394,0.36979200000078816
18.350630000003942,0.37012600000078844
18.352300000003943,0.3704600000007885
18.353970000003944,0.3707940000007883
18.355640000003945,0.3711280000007888
18.357310000003945,0.3714620000007889
18.358980000003946,0.37179600000078916
18.360650000003947,0.3721300000007892
18.362320000003947,0.37246400000078905
18.363990000003948,0.37279800000078955
18.36566000000395,0.3731320000007896
18.36733000000395,0.3734660000007899
18.36900000000395,0.37380000000078994
18.37067000000395,0.3741340000007902
18.372340000003952,0.3744680000007903
18.374010000003953,0.37480200000079034
18.375680000003953,0.3751360000007906
18.377350000003954,0.37547000000079067
18.379020000003955,0.37580400000079095
18.380690000003955,0.376138000000791
18.382360000003956,0.37647200000079106
18.384030000003957,0.37680600000079134
18.385700000003958,0.3771400000007914
18.38737000000396,0.3774740000007917
18.38904000000396,0.37780800000079173
18.39071000000396,0.3781420000007918
18.39238000000396,0.37847600000079207
18.39405000000396,0.3788100000007921
18.395720000003962,0.3791440000007924
18.397390000003963,0.37947800000079246
18.399060000003963,0.3798120000007925
18.400730000003964,0.3801460000007928
18.402400000003965,0.38048000000079285
18.404070000003966,0.38081400000079313
18.405740000003966,0.3811480000007932
18.407410000003967,0.38148200000079324
18.409080000003968,0.3818160000007935
18.41075000000397,0.3821500000007936
18.41242000000397,0.38248400000079386
18.41409000000397,0.3828180000007939
18.41576000000397,0.38315200000079397
18.41743000000397,0.38348600000079425
18.419100000003972,0.3838200000007943
18.420770000003973,0.3841540000007946
18.422440000003974,0.38448800000079464
18.424110000003974,0.3848220000007947
18.425780000003975,0.385156000000795
18.427450000003976,0.38549000000079503
18.429120000003977,0.3858240000007953
18.430790000003977,0.38615800000079537
18.432460000003978,0.3864920000007954
18.43413000000398,0.3868260000007957
18.43580000000398,0.38716000000079576
18.43747000000398,0.38749400000079604
18.43914000000398,0.3878280000007961
18.44081000000398,0.38816200000079615
18.442480000003982,0.3884960000007964
18.444150000003983,0.3888300000007965
18.445820000003984,0.38916400000079676
18.447490000003985,0.3894980000007968
18.449160000003985,0.3898320000007969
18.450830000003986,0.39016600000079715
18.452500000003987,0.3905000000007972
18.454170000003987,0.3908340000007975
18.455840000003988,0.39116800000079754
18.45751000000399,0.3915020000007976
18.45918000000399,0.3918360000007979
18.46085000000399,0.39217000000079794
18.46252000000399,0.3925040000007982
18.464190000003992,0.39283800000079827
18.465860000003993,0.3931720000007983
18.467530000003993,0.3935060000007986
18.469200000003994,0.39384000000079866
18.470870000003995,0.39417400000079894
18.472540000003995,0.394508000000799
18.474210000003996,0.39484200000079905
18.475880000003997,0.39517600000079933
18.477550000003998,0.3955100000007994
18.479220000004,0.39584400000079967
18.480890000004,0.3961780000007997
18.482560000004,0.3965120000007998
18.484230000004,0.39684600000080006
18.485900000004,0.3971800000008001
18.487570000004002,0.3975140000008004
18.489240000004003,0.39784800000080045
18.490910000004003,0.3981820000008005
18.492580000004004,0.3985160000008008
18.494250000004005,0.39885000000080084
18.495920000004006,0.3991840000008011
18.497590000004006,0.3995180000008012
18.499260000004007,0.39985200000080123
18.500930000004008,0.3998139999991981
18.50260000000401,0.3994799999991985
18.50427000000401,0.3991459999991982
18.50594000000401,0.3988119999991979
18.50761000000401,0.39847799999919764
18.50928000000401,0.39814399999919736
18.510950000004012,0.39780999999919775
18.512620000004013,0.39747599999919747
18.514290000004014,0.3971419999991972
18.515960000004014,0.3968079999991969
18.517630000004015,0.39647399999919664
18.519300000004016,0.396139999999197
18.520970000004016,0.39580599999919674
18.522640000004017,0.39547199999919647
18.524310000004018,0.3951379999991962
18.52598000000402,0.3948039999991959
18.52765000000402,0.3944699999991963
18.52932000000402,0.394135999999196
18.53099000000402,0.39380199999919574
18.53266000000402,0.39346799999919546
18.534330000004022,0.3931339999991952
18.536000000004023,0.39279999999919557
18.537670000004024,0.3924659999991953
18.539340000004024,0.392131999999195
18.541010000004025,0.39179799999919473
18.542680000004026,0.39146399999919446
18.544350000004027,0.39112999999919484
18.546020000004027,0.39079599999919457
18.547690000004028,0.3904619999991943
18.54936000000403,0.390127999999194
18.55103000000403,0.38979399999919395
18.55270000000403,0.3894599999991941
18.55437000000403,0.38912599999919384
18.55604000000403,0.38879199999919356
18.557710000004032,0.3884579999991933
18.559380000004033,0.3881239999991932
18.561050000004034,0.3877899999991934
18.562720000004035,0.3874559999991931
18.564390000004035,0.38712199999919283
18.566060000004036,0.38678799999919256
18.567730000004037,0.3864539999991925
18.569400000004038,0.38611999999919266
18.57107000000404,0.3857859999991924
18.57274000000404,0.3854519999991921
18.57441000000404,0.38511799999919183
18.57608000000404,0.3847839999991918
18.57775000000404,0.38444999999919194
18.579420000004042,0.38411599999919166
18.581090000004043,0.3837819999991914
18.582760000004043,0.3834479999991911
18.584430000004044,0.38311399999919105
18.586100000004045,0.3827799999991912
18.587770000004046,0.38244599999919093
18.589440000004046,0.38211199999919065
18.591110000004047,0.3817779999991904
18.592780000004048,0.3814439999991903
18.59445000000405,0.3811099999991905
18.59612000000405,0.3807759999991902
18.59779000000405,0.38044199999918993
18.59946000000405,0.38010799999918965
18.60113000000405,0.3797739999991896
18.602800000004052,0.37943999999918976
18.604470000004053,0.3791059999991895
18.606140000004054,0.3787719999991892
18.607810000004054,0.3784379999991889
18.609480000004055,0.37810399999918887
18.611150000004056,0.37776999999918903
18.612820000004056,0.37743599999918875
18.614490000004057,0.3771019999991885
18.616160000004058,0.3767679999991882
18.61783000000406,0.37643399999918814
18.61950000000406,0.3760999999991883
18.62117000000406,0.375765999999188
18.62284000000406,0.37543199999918775
18.62451000000406,0.3750979999991877
18.626180000004062,0.3747639999991874
18.627850000004063,0.3744299999991876
18.629520000004064,0.3740959999991873
18.631190000004064,0.373761999999187
18.632860000004065,0.37342799999918697
18.634530000004066,0.3730939999991867
18.636200000004067,0.37275999999918685
18.637870000004067,0.3724259999991866
18.639540000004068,0.3720919999991863
18.64121000000407,0.37175799999918624
18.64288000000407,0.37142399999918596
18.64455000000407,0.3710899999991861
18.64622000000407,0.37075599999918585
18.64789000000407,0.37042199999918557
18.649560000004072,0.3700879999991855
18.651230000004073,0.36975399999918523
18.652900000004074,0.3694199999991854
18.654570000004075,0.3690859999991851
18.656240000004075,0.36875199999918484
18.657910000004076,0.3684179999991848
18.659580000004077,0.3680839999991845
18.661250000004078,0.3677499999991847
18.66292000000408,0.3674159999991844
18.66459000000408,0.3670819999991841
18.66626000000408,0.36674799999918406
18.66793000000408,0.3664139999991838
18.66960000000408,0.36607999999918395
18.671270000004082,0.36574599999918367
18.672940000004083,0.3654119999991834
18.674610000004083,0.36507799999918333
18.676280000004084,0.36474399999918306
18.677950000004085,0.3644099999991832
18.679620000004086,0.36407599999918294
18.681290000004086,0.36374199999918266
18.682960000004087,0.3634079999991826
18.684630000004088,0.36307399999918233
18.68630000000409,0.3627399999991825
18.68797000000409,0.3624059999991822
18.68964000000409,0.36207199999918194
18.69131000000409,0.3617379999991819
18.69298000000409,0.3614039999991816
18.694650000004092,0.36106999999918177
18.696320000004093,0.3607359999991815
18.697990000004094,0.3604019999991812
18.699660000004094,0.36006799999918115
18.701330000004095,0.3597339999991809
18.703000000004096,0.35939999999918104
18.704670000004096,0.35906599999918076
18.706340000004097,0.3587319999991805
18.708010000004098,0.3583979999991804
18.7096800000041,0.35806399999918015
18.7113500000041,0.3577299999991803
18.7130200000041,0.35739599999918004
18.7146900000041,0.35706199999917976
18.7163600000041,0.3567279999991797
18.718030000004102,0.3563939999991794
18.719700000004103,0.3560599999991796
18.721370000004104,0.3557259999991793
18.723040000004104,0.35539199999917925
18.724710000004105,0.355057999999179
18.726380000004106,0.3547239999991787
18.728050000004107,0.35438999999917886
18.729720000004107,0.3540559999991786
18.731390000004108,0.3537219999991785
18.73306000000411,0.35338799999917825
18.73473000000411,0.35305399999917797
18.73640000000411,0.35271999999917814
18.73807000000411,0.35238599999917786
18.73974000000411,0.3520519999991778
18.741410000004112,0.3517179999991775
18.743080000004113,0.35138399999917724
18.744750000004114,0.3510499999991774
18.746420000004115,0.35071599999917713
18.748090000004115,0.3503819999991771
18.749760000004116,0.3500479999991768
18.751430000004117,0.3497139999991765
18.753100000004117,0.3493799999991767
18.754770000004118,0.3490459999991764
18.75644000000412,0.34871199999917635
18.75811000000412,0.34837799999917607
18.75978000000412,0.3480439999991758
18.76145000000412,0.34770999999917596
18.763120000004122,0.3473759999991757
18.764790000004123,0.3470419999991756
18.766460000004123,0.34670799999917534
18.768130000004124,0.34637399999917506
18.769800000004125,0.34603999999917523
18.771470000004125,0.34570599999917495
18.773140000004126,0.3453719999991749
18.774810000004127,0.3450379999991746
18.776480000004128,0.3447039999991748
18.77815000000413,0.3443699999991745
18.77982000000413,0.3440359999991742
18.78149000000413,0.34370199999917417
18.78316000000413,0.3433679999991739
18.78483000000413,0.34303399999917406
18.786500000004132,0.3426999999991738
18.788170000004133,0.3423659999991735
18.789840000004133,0.34203199999917344
18.791510000004134,0.34169799999917316
18.793180000004135,0.34136399999917333
18.794850000004136,0.34102999999917305
18.796520000004136,0.340695999999173
18.798190000004137,0.3403619999991727
18.799860000004138,0.34002799999917244
18.80153000000414,0.3396939999991726
18.80320000000414,0.3393599999991723
18.80487000000414,0.33902599999917227
18.80654000000414,0.338691999999172
18.80821000000414,0.3383579999991717
18.809880000004142,0.3380239999991719
18.811550000004143,0.3376899999991716
18.813220000004144,0.33735599999917154
18.814890000004144,0.33702199999917126
18.816560000004145,0.336687999999171
18.818230000004146,0.33635399999917115
18.819900000004147,0.33601999999917087
18.821570000004147,0.3356859999991708
18.823240000004148,0.33535199999917054
18.82491000000415,0.33501799999917026
18.82658000000415,0.3346839999991704
18.82825000000415,0.33434999999917014
18.82992000000415,0.3340159999991701
18.83159000000415,0.3336819999991698
18.833260000004152,0.33334799999916953
18.834930000004153,0.3330139999991697
18.836600000004154,0.3326799999991694
18.838270000004155,0.33234599999916936
18.839940000004155,0.3320119999991691
18.841610000004156,0.3316779999991688
18.843280000004157,0.33134399999916897
18.844950000004157,0.3310099999991687
18.846620000004158,0.33067599999916863
18.84829000000416,0.33034199999916836
18.84996000000416,0.3300079999991681
18.85163000000416,0.32967399999916824
18.85330000000416,0.32933999999916796
18.854970000004162,0.3290059999991679
18.856640000004163,0.32867199999916763
18.858310000004163,0.32833799999916735
18.859980000004164,0.3280039999991675
18.861650000004165,0.32766999999916724
18.863320000004165,0.3273359999991672
18.864990000004166,0.3270019999991669
18.866660000004167,0.3266679999991666
18.868330000004168,0.3263339999991668
18.87000000000417,0.3259999999991665
18.87167000000417,0.32566599999916646
18.87334000000417,0.3253319999991662
18.87501000000417,0.3249979999991659
18.87668000000417,0.32466399999916606
18.878350000004172,0.3243299999991658
18.880020000004173,0.32399599999916573
18.881690000004173,0.32366199999916545
18.883360000004174,0.32332799999916517
18.885030000004175,0.32299399999916534
18.886700000004176,0.3226599999991653
18.888370000004176,0.322325999999165
18.890040000004177,0.3219919999991647
18.891710000004178,0.32165799999916445
18.89338000000418,0.3213239999991646
18.89505000000418,0.32098999999916455
18.89672000000418,0.3206559999991643
18.89839000000418,0.320321999999164
18.90006000000418,0.3199879999991637
18.901730000004182,0.3196539999991639
18.903400000004183,0.31931999999916383
18.905070000004184,0.31898599999916355
18.906740000004184,0.31865199999916327
18.908410000004185,0.318317999999163
18.910080000004186,0.31798399999916316
18.911750000004186,0.3176499999991631
18.913420000004187,0.3173159999991628
18.915090000004188,0.31698199999916254
18.91676000000419,0.31664799999916227
18.91843000000419,0.31631399999916243
18.92010000000419,0.3159799999991624
18.92177000000419,0.3156459999991621
18.92344000000419,0.3153119999991618
18.925110000004192,0.31497799999916154
18.926780000004193,0.3146439999991617
18.928450000004194,0.31430999999916165
18.930120000004194,0.31397599999916137
18.931790000004195,0.3136419999991611
18.933460000004196,0.3133079999991608
18.935130000004197,0.312973999999161
18.936800000004197,0.3126399999991609
18.938470000004198,0.31230599999916064
18.9401400000042,0.31197199999916037
18.9418100000042,0.3116379999991601
18.9434800000042,0.31130399999916025
18.9451500000042,0.3109699999991602
18.9468200000042,0.3106359999991599
18.948490000004202,0.31030199999915964
18.950160000004203,0.30996799999915936
18.951830000004204,0.30963399999915975
18.953500000004205,0.30929999999915947
18.955170000004205,0.3089659999991592
18.956840000004206,0.3086319999991589
18.958510000004207,0.30829799999915863
18.960180000004208,0.307963999999159
18.96185000000421,0.30762999999915874
18.96352000000421,0.30729599999915846
18.96519000000421,0.3069619999991582
18.96686000000421,0.3066279999991579
18.96853000000421,0.3062939999991583
18.970200000004212,0.305959999999158
18.971870000004213,0.30562599999915774
18.973540000004213,0.30529199999915746
18.975210000004214,0.3049579999991572
18.976880000004215,0.30462399999915757
18.978550000004216,0.3042899999991573
18.980220000004216,0.303955999999157
18.981890000004217,0.30362199999915673
18.983560000004218,0.30328799999915645
18.98523000000422,0.30295399999915684
18.98690000000422,0.30261999999915656
18.98857000000422,0.3022859999991563
18.99024000000422,0.301951999999156
18.99191000000422,0.30161799999915573
18.993580000004222,0.3012839999991561
18.995250000004223,0.30094999999915584
18.996920000004224,0.30061599999915556
18.998590000004224,0.3002819999991553
19.000260000004225,0.299947999999155
19.001930000004226,0.2996139999991554
19.003600000004226,0.2992799999991549
19.005270000004227,0.29894599999915483
19.006940000004228,0.2986119999991548
19.00861000000423,0.2982779999991543
19.01028000000423,0.29794399999915466
19.01195000000423,0.29760999999915416
19.01362000000423,0.2972759999991541
19.01529000000423,0.29694199999915405
19.016960000004232,0.29660799999915355
19.018630000004233,0.29627399999915394
19.020300000004234,0.29593999999915344
19.021970000004234,0.2956059999991534
19.023640000004235,0.2952719999991533
19.025310000004236,0.2949379999991528
19.026980000004237,0.2946039999991532
19.028650000004237,0.2942699999991527
19.030320000004238,0.29393599999915265
19.03199000000424,0.2936019999991526
19.03366000000424,0.2932679999991521
19.03533000000424,0.2929339999991525
19.03700000000424,0.292599999999152
19.03867000000424,0.2922659999991519
19.040340000004242,0.29193199999915187
19.042010000004243,0.29159799999915137
19.043680000004244,0.29126399999915176
19.045350000004245,0.29092999999915126
19.047020000004245,0.2905959999991512
19.048690000004246,0.29026199999915114
19.050360000004247,0.28992799999915064
19.052030000004248,0.28959399999915103
19.05370000000425,0.28925999999915053
19.05537000000425,0.2889259999991505
19.05704000000425,0.2885919999991504
19.05871000000425,0.2882579999991499
19.06038000000425,0.2879239999991503
19.062050000004252,0.2875899999991498
19.063720000004253,0.28725599999914975
19.065390000004253,0.2869219999991497
19.067060000004254,0.2865879999991492
19.068730000004255,0.2862539999991496
19.070400000004256,0.2859199999991491
19.072070000004256,0.285585999999149
19.073740000004257,0.28525199999914896
19.075410000004258,0.28491799999914846
19.07708000000426,0.28458399999914885
19.07875000000426,0.28424999999914835
19.08042000000426,0.2839159999991483
19.08209000000426,0.28358199999914824
19.08376000000426,0.28324799999914774
19.085430000004262,0.2829139999991481
19.087100000004263,0.2825799999991476
19.088770000004263,0.28224599999914757
19.090440000004264,0.2819119999991475
19.092110000004265,0.281577999999147
19.093780000004266,0.2812439999991474
19.095450000004266,0.2809099999991469
19.097120000004267,0.28057599999914684
19.098790000004268,0.2802419999991468
19.10046000000427,0.2799079999991463
19.10213000000427,0.27957399999914667
19.10380000000427,0.27923999999914617
19.10547000000427,0.2789059999991461
19.10714000000427,0.27857199999914606
19.108810000004272,0.27823799999914556
19.110480000004273,0.27790399999914595
19.112150000004274,0.27756999999914544
19.113820000004274,0.2772359999991454
19.115490000004275,0.27690199999914533
19.117160000004276,0.27656799999914483
19.118830000004277,0.2762339999991452
19.120500000004277,0.2758999999991447
19.122170000004278,0.27556599999914466
19.12384000000428,0.2752319999991446
19.12551000000428,0.2748979999991441
19.12718000000428,0.2745639999991445
19.12885000000428,0.274229999999144
19.13052000000428,0.27389599999914394
19.132190000004282,0.2735619999991439
19.133860000004283,0.2732279999991434
19.135530000004284,0.27289399999914377
19.137200000004285,0.27255999999914327
19.138870000004285,0.2722259999991432
19.140540000004286,0.2718919999991427
19.142210000004287,0.27155799999914265
19.143880000004287,0.27122399999914304
19.145550000004288,0.27088999999914254
19.14722000000429,0.2705559999991425
19.14889000000429,0.270221999999142
19.15056000000429,0.2698879999991419
19.15223000000429,0.2695539999991423
19.153900000004292,0.2692199999991418
19.155570000004293,0.26888599999914176
19.157240000004293,0.26855199999914126
19.158910000004294,0.2682179999991412
19.160580000004295,0.2678839999991416
19.162250000004295,0.2675499999991411
19.163920000004296,0.26721599999914103
19.165590000004297,0.26688199999914053
19.167260000004298,0.2665479999991405
19.1689300000043,0.26621399999914086
19.1706000000043,0.26587999999914036
19.1722700000043,0.2655459999991403
19.1739400000043,0.2652119999991398
19.1756100000043,0.26487799999913975
19.177280000004302,0.26454399999914013
19.178950000004303,0.26420999999913963
19.180620000004303,0.2638759999991396
19.182290000004304,0.2635419999991391
19.183960000004305,0.263207999999139
19.185630000004306,0.2628739999991394
19.187300000004306,0.2625399999991389
19.188970000004307,0.26220599999913885
19.190640000004308,0.26187199999913835
19.19231000000431,0.2615379999991383
19.19398000000431,0.2612039999991387
19.19565000000431,0.2608699999991382
19.19732000000431,0.2605359999991381
19.19899000000431,0.2602019999991376
19.200660000004312,0.25986799999913757
19.202330000004313,0.25953399999913795
19.204000000004314,0.25919999999913745
19.205670000004314,0.2588659999991374
19.207340000004315,0.2585319999991369
19.209010000004316,0.25819799999913684
19.210680000004317,0.25786399999913723
19.212350000004317,0.2575299999991367
19.214020000004318,0.25719599999913667
19.21569000000432,0.25686199999913617
19.21736000000432,0.2565279999991361
19.21903000000432,0.2561939999991365
19.22070000000432,0.255859999999136
19.22237000000432,0.25552599999913594
19.224040000004322,0.25519199999913544
19.225710000004323,0.2548579999991354
19.227380000004324,0.2545239999991358
19.229050000004325,0.2541899999991353
19.230720000004325,0.2538559999991352
19.232390000004326,0.2535219999991347
19.234060000004327,0.2531879999991351
19.235730000004327,0.25285399999913505
19.237400000004328,0.25251999999913455
19.23907000000433,0.2521859999991345
19.24074000000433,0.251851999999134
19.24241000000433,0.2515179999991344
19.24408000000433,0.2511839999991343
19.245750000004332,0.2508499999991338
19.247420000004333,0.25051599999913376
19.249090000004333,0.25018199999913326
19.250760000004334,0.24984799999913365
19.252430000004335,0.2495139999991336
19.254100000004335,0.2491799999991331
19.255770000004336,0.24884599999913304
19.257440000004337,0.24851199999913254
19.259110000004338,0.24817799999913293
19.26078000000434,0.24784399999913287
19.26245000000434,0.24750999999913237
19.26412000000434,0.2471759999991323
19.26579000000434,0.2468419999991318
19.26746000000434,0.2465079999991322
19.269130000004342,0.24617399999913214
19.270800000004343,0.24583999999913164
19.272470000004343,0.24550599999913159
19.274140000004344,0.24517199999913108
19.275810000004345,0.24483799999913147
19.277480000004346,0.24450399999913142
19.279150000004346,0.24416999999913092
19.280820000004347,0.24383599999913086
19.282490000004348,0.24350199999913036
19.28416000000435,0.24316799999913075
19.28583000000435,0.2428339999991307
19.28750000000435,0.2424999999991302
19.28917000000435,0.24216599999913013
19.29084000000435,0.24183199999912963
19.292510000004352,0.24149799999913002
19.294180000004353,0.24116399999912996
19.295850000004354,0.24082999999912946
19.297520000004354,0.2404959999991294
19.299190000004355,0.2401619999991289
19.300860000004356,0.2398279999991293
19.302530000004356,0.23949399999912924
19.304200000004357,0.23915999999912874
19.305870000004358,0.23882599999912868
19.30754000000436,0.23849199999912818
19.30921000000436,0.23815799999912857
19.31088000000436,0.2378239999991285
19.31255000000436,0.237489999999128
19.31422000000436,0.23715599999912795
19.315890000004362,0.23682199999912745
19.317560000004363,0.23648799999912784
19.319230000004364,0.23615399999912778
19.320900000004364,0.23581999999912728
19.322570000004365,0.23548599999912723
19.324240000004366,0.23515199999912673
19.325910000004367,0.2348179999991271
19.327580000004367,0.23448399999912706
19.329250000004368,0.23414999999912656
19.33092000000437,0.2338159999991265
19.33259000000437,0.233481999999126
19.33426000000437,0.2331479999991264
19.33593000000437,0.23281399999912633
19.33760000000437,0.23247999999912583
19.339270000004372,0.23214599999912577
19.340940000004373,0.23181199999912527
19.342610000004374,0.23147799999912566
19.344280000004375,0.2311439999991256
19.345950000004375,0.2308099999991251
19.347620000004376,0.23047599999912505
19.349290000004377,0.23014199999912455
19.350960000004378,0.22980799999912493
19.35263000000438,0.22947399999912488
19.35430000000438,0.22913999999912438
19.35597000000438,0.22880599999912432
19.35764000000438,0.22847199999912382
19.35931000000438,0.2281379999991242
19.360980000004382,0.22780399999912415
19.362650000004383,0.22746999999912365
19.364320000004383,0.2271359999991236
19.365990000004384,0.2268019999991231
19.367660000004385,0.22646799999912348
19.369330000004386,0.22613399999912298
19.371000000004386,0.22579999999912292
19.372670000004387,0.22546599999912287
19.374340000004388,0.22513199999912237
19.37601000000439,0.22479799999912276
19.37768000000439,0.22446399999912225
19.37935000000439,0.2241299999991222
19.38102000000439,0.22379599999912214
19.38269000000439,0.22346199999912164
19.384360000004392,0.22312799999912203
19.386030000004393,0.22279399999912153
19.387700000004394,0.22245999999912147
19.389370000004394,0.22212599999912142
19.391040000004395,0.22179199999912091
19.392710000004396,0.2214579999991213
19.394380000004396,0.2211239999991208
19.396050000004397,0.22078999999912075
19.397720000004398,0.2204559999991207
19.3993900000044,0.2201219999991202
19.4010600000044,0.21978799999912058
19.4027300000044,0.21945399999912008
19.4044000000044,0.21911999999912002
19.4060700000044,0.21878599999911996
19.407740000004402,0.21845199999911946
19.409410000004403,0.21811799999911985
19.411080000004404,0.21778399999911935
19.412750000004404,0.2174499999991193
19.414420000004405,0.21711599999911924
19.416090000004406,0.21678199999911874
19.417760000004407,0.21644799999911912
19.419430000004407,0.21611399999911862
19.421100000004408,0.21577999999911857
19.42277000000441,0.2154459999991185
19.42444000000441,0.215111999999118
19.42611000000441,0.2147779999991184
19.42778000000441,0.2144439999991179
19.42945000000441,0.21410999999911784
19.431120000004412,0.21377599999911778
19.432790000004413,0.21344199999911728
19.434460000004414,0.21310799999911767
19.436130000004415,0.21277399999911717
19.437800000004415,0.2124399999991171
19.439470000004416,0.21210599999911706
19.441140000004417,0.21177199999911656
19.442810000004418,0.21143799999911694
19.44448000000442,0.21110399999911644
19.44615000000442,0.2107699999991164
19.44782000000442,0.21043599999911633
19.44949000000442,0.21010199999911583
19.45116000000442,0.20976799999911622
19.452830000004422,0.20943399999911572
19.454500000004423,0.20909999999911566
19.456170000004423,0.2087659999991156
19.457840000004424,0.2084319999991151
19.459510000004425,0.2080979999991155
19.461180000004425,0.207763999999115
19.462850000004426,0.20742999999911493
19.464520000004427,0.20709599999911488
19.466190000004428,0.20676199999911438
19.46786000000443,0.20642799999911476
19.46953000000443,0.20609399999911426
19.47120000000443,0.2057599999991142
19.47287000000443,0.20542599999911415
19.47454000000443,0.20509199999911365
19.476210000004432,0.20475799999911404
19.477880000004433,0.20442399999911354
19.479550000004433,0.20408999999911348
19.481220000004434,0.20375599999911342
19.482890000004435,0.20342199999911292
19.484560000004436,0.2030879999991133
19.486230000004436,0.2027539999991128
19.487900000004437,0.20241999999911275
19.489570000004438,0.2020859999991127
19.49124000000444,0.2017519999991122
19.49291000000444,0.20141799999911258
19.49458000000444,0.20108399999911208
19.49625000000444,0.20074999999911203
19.49792000000444,0.20041599999911197
19.499590000004442,0.20008199999911147
19.501260000004443,0.1998739999995558
19.502930000004444,0.19970699999955555
19.504600000004444,0.19953999999955574
19.506270000004445,0.19937299999955593
19.507940000004446,0.19920599999955568
19.509610000004447,0.19903899999955543
19.511280000004447,0.19887199999955518
19.512950000004448,0.19870499999955538
19.51462000000445,0.19853799999955557
19.51629000000445,0.19837099999955532
19.51796000000445,0.19820399999955507
19.51963000000445,0.19803699999955482
19.52130000000445,0.197869999999555
19.522970000004452,0.1977029999995552
19.524640000004453,0.19753599999955496
19.526310000004454,0.1973689999995547
19.527980000004455,0.19720199999955446
19.529650000004455,0.19703499999955465
19.531320000004456,0.19686799999955484
19.532990000004457,0.1967009999995546
19.534660000004457,0.19653399999955434
19.536330000004458,0.1963669999995541
19.53800000000446,0.1961999999995543
19.53967000000446,0.19603299999955448
19.54134000000446,0.19586599999955423
19.54301000000446,0.19569899999955398
19.544680000004462,0.19553199999955373
19.546350000004463,0.19536499999955392
19.548020000004463,0.19519799999955412
19.549690000004464,0.19503099999955387
19.551360000004465,0.19486399999955362
19.553030000004465,0.19469699999955337
19.554700000004466,0.19452999999955356
19.556370000004467,0.19436299999955375
19.558040000004468,0.1941959999995535
19.55971000000447,0.19402899999955325
19.56138000000447,0.193861999999553
19.56305000000447,0.1936949999995532
19.56472000000447,0.1935279999995534
19.56639000000447,0.19336099999955314
19.568060000004472,0.1931939999995529
19.569730000004473,0.19302699999955264
19.571400000004473,0.19285999999955283
19.573070000004474,0.19269299999955303
19.574740000004475,0.19252599999955278
19.576410000004476,0.19235899999955253
19.578080000004476,0.19219199999955228
19.579750000004477,0.19202499999955247
19.581420000004478,0.19185799999955266
19.58309000000448,0.1916909999995524
19.58476000000448,0.19152399999955216
19.58643000000448,0.1913569999995519
19.58810000000448,0.1911899999995521
19.58977000000448,0.1910229999995523
19.591440000004482,0.19085599999955205
19.593110000004483,0.1906889999995518
19.594780000004484,0.19052199999955155
19.596450000004484,0.19035499999955174
19.598120000004485,0.19018799999955194
19.599790000004486,0.1900209999995517
19.601460000004487,0.18985399999955144
19.603130000004487,0.1896869999995512
19.604800000004488,0.18951999999955138
19.60647000000449,0.18935299999955157
19.60814000000449,0.18918599999955132
19.60981000000449,0.18901899999955107
19.61148000000449,0.18885199999955082
19.61315000000449,0.18868499999955102
19.614820000004492,0.1885179999995512
19.616490000004493,0.18835099999955096
19.618160000004494,0.1881839999995507
19.619830000004495,0.18801699999955046
19.621500000004495,0.18784999999955065
19.623170000004496,0.18768299999955085
19.624840000004497,0.1875159999995506
19.626510000004497,0.18734899999955035
19.628180000004498,0.1871819999995501
19.6298500000045,0.1870149999995503
19.6315200000045,0.18684799999955048
19.6331900000045,0.18668099999955023
19.6348600000045,0.18651399999954998
19.6365300000045,0.18634699999954973
19.638200000004502,0.18617999999954993
19.639870000004503,0.18601299999955012
19.641540000004504,0.18584599999954987
19.643210000004505,0.18567899999954962
19.644880000004505,0.18551199999954937
19.646550000004506,0.18534499999954956
19.648220000004507,0.18517799999954976
19.649890000004508,0.1850109999995495
19.65156000000451,0.18484399999954926
19.65323000000451,0.184676999999549
19.65490000000451,0.1845099999995492
19.65657000000451,0.1843429999995494
19.65824000000451,0.18417599999954914
19.659910000004512,0.1840089999995489
19.661580000004513,0.18384199999954864
19.663250000004513,0.18367499999954884
19.664920000004514,0.18350799999954903
19.666590000004515,0.18334099999954878
19.668260000004516,0.18317399999954853
19.669930000004516,0.18300699999954828
19.671600000004517,0.18283999999954847
19.673270000004518,0.18267299999954867
19.67494000000452,0.18250599999954842
19.67661000000452,0.18233899999954817
19.67828000000452,0.18217199999954792
19.67995000000452,0.1820049999995481
19.68162000000452,0.1818379999995483
19.683290000004522,0.18167099999954806
19.684960000004523,0.1815039999995478
19.686630000004524,0.18133699999954755
19.688300000004524,0.18116999999954775
19.689970000004525,0.18100299999954794
19.691640000004526,0.1808359999995477
19.693310000004526,0.18066899999954744
19.694980000004527,0.1805019999995472
19.696650000004528,0.18033499999954739
19.69832000000453,0.18016799999954758
19.69999000000453,0.18000099999954733
19.70166000000453,0.17983399999954708
19.70333000000453,0.17966699999954683
19.70500000000453,0.17949999999954702
19.706670000004532,0.17933299999954722
19.708340000004533,0.17916599999954697
19.710010000004534,0.17899899999954672
19.711680000004534,0.17883199999954646
19.713350000004535,0.17866499999954666
19.715020000004536,0.17849799999954685
19.716690000004537,0.1783309999995466
19.718360000004537,0.17816399999954635
19.720030000004538,0.1779969999995461
19.72170000000454,0.1778299999995463
19.72337000000454,0.1776629999995465
19.72504000000454,0.17749599999954624
19.72671000000454,0.177328999999546
19.72838000000454,0.17716199999954574
19.730050000004542,0.17699499999954593
19.731720000004543,0.17682799999954613
19.733390000004544,0.17666099999954588
19.735060000004545,0.17649399999954563
19.736730000004545,0.17632699999954538
19.738400000004546,0.17615999999954557
19.740070000004547,0.17599299999954576
19.741740000004548,0.1758259999995455
19.74341000000455,0.17565899999954526
19.74508000000455,0.175491999999545
19.74675000000455,0.1753249999995452
19.74842000000455,0.1751579999995454
19.75009000000455,0.17499099999954515
19.751760000004552,0.1748239999995449
19.753430000004553,0.17465699999954465
19.755100000004553,0.17448999999954484
19.756770000004554,0.17432299999954504
19.758440000004555,0.17415599999954479
19.760110000004556,0.17398899999954454
19.761780000004556,0.17382199999954429
19.763450000004557,0.17365499999954448
19.765120000004558,0.17348799999954467
19.76679000000456,0.17332099999954442
19.76846000000456,0.17315399999954417
19.77013000000456,0.17298699999954392
19.77180000000456,0.17281999999954412
19.77347000000456,0.1726529999995443
19.775140000004562,0.17248599999954362
19.776810000004563,0.1723189999995438
19.778480000004564,0.17215199999954356
19.780150000004564,0.17198499999954375
19.781820000004565,0.17181799999954395
19.783490000004566,0.17165099999954325
19.785160000004566,0.17148399999954345
19.786830000004567,0.1713169999995432
19.788500000004568,0.1711499999995434
19.79017000000457,0.17098299999954358
19.79184000000457,0.1708159999995429
19.79351000000457,0.17064899999954308
19.79518000000457,0.17048199999954283
19.79685000000457,0.17031499999954303
19.798520000004572,0.17014799999954322
19.800190000004573,0.16998099999954253
19.801860000004574,0.16981399999954272
19.803530000004574,0.16964699999954247
19.805200000004575,0.16947999999954266
19.806870000004576,0.16931299999954286
19.808540000004577,0.16914599999954216
19.810210000004577,0.16897899999954236
19.811880000004578,0.1688119999995421
19.81355000000458,0.1686449999995423
19.81522000000458,0.1684779999995425
19.81689000000458,0.1683109999995418
19.81856000000458,0.168143999999542
19.82023000000458,0.16797699999954174
19.821900000004582,0.16780999999954194
19.823570000004583,0.16764299999954213
19.825240000004584,0.16747599999954144
19.826910000004585,0.16730899999954163
19.828580000004585,0.16714199999954138
19.830250000004586,0.16697499999954157
19.831920000004587,0.16680799999954177
19.833590000004587,0.16664099999954107
19.835260000004588,0.16647399999954127
19.83693000000459,0.16630699999954102
19.83860000000459,0.1661399999995412
19.84027000000459,0.1659729999995414
19.84194000000459,0.1658059999995407
19.843610000004592,0.1656389999995409
19.845280000004593,0.16547199999954065
19.846950000004593,0.16530499999954085
19.848620000004594,0.16513799999954104
19.850290000004595,0.16497099999954035
19.851960000004595,0.16480399999954054
19.853630000004596,0.1646369999995403
19.855300000004597,0.16446999999954048
19.856970000004598,0.16430299999954068
19.8586400000046,0.16413599999953998
19.8603100000046,0.16396899999954018
19.8619800000046,0.16380199999953993
19.8636500000046,0.16363499999954012
19.8653200000046,0.16346799999954031
19.866990000004602,0.16330099999953962
19.868660000004603,0.1631339999995398
19.870330000004603,0.16296699999953956
19.872000000004604,0.16279999999953976
19.873670000004605,0.16263299999953995
19.875340000004606,0.16246599999953926
19.877010000004606,0.16229899999953945
19.878680000004607,0.1621319999995392
19.880350000004608,0.1619649999995394
19.88202000000461,0.1617979999995396
19.88369000000461,0.1616309999995389
19.88536000000461,0.1614639999995391
19.88703000000461,0.16129699999953884
19.88870000000461,0.16112999999953903
19.890370000004612,0.16096299999953922
19.892040000004613,0.16079599999953853
19.893710000004614,0.16062899999953872
19.895380000004614,0.16046199999953847
19.897050000004615,0.16029499999953867
19.898720000004616,0.16012799999953886
19.900390000004617,0.15996099999953817
19.902060000004617,0.15979399999953836
19.903730000004618,0.1596269999995381
19.90540000000462,0.1594599999995383
19.90707000000462,0.1592929999995385
19.90874000000462,0.1591259999995378
19.91041000000462,0.158958999999538
19.91208000000462,0.15879199999953775
19.913750000004622,0.15862499999953794
19.915420000004623,0.15845799999953813
19.917090000004624,0.15829099999953744
19.918760000004625,0.15812399999953763
19.920430000004625,0.15795699999953738
19.922100000004626,0.15778999999953758
19.923770000004627,0.15762299999953777
19.925440000004627,0.15745599999953708
19.927110000004628,0.15728899999953727
19.92878000000463,0.15712199999953702
19.93045000000463,0.15695499999953721
19.93212000000463,0.1567879999995374
19.93379000000463,0.15662099999953671
19.935460000004632,0.1564539999995369
19.937130000004633,0.15628699999953666
19.938800000004633,0.15611999999953685
19.940470000004634,0.15595299999953705
19.942140000004635,0.15578599999953635
19.943810000004635,0.15561899999953654
19.945480000004636,0.1554519999995363
19.947150000004637,0.1552849999995365
19.948820000004638,0.15511799999953668
19.95049000000464,0.154950999999536
19.95216000000464,0.15478399999953618
19.95383000000464,0.15461699999953593
19.95550000000464,0.15444999999953613
19.95717000000464,0.15428299999953632
19.958840000004642,0.15411599999953562
19.960510000004643,0.15394899999953582
19.962180000004643,0.15378199999953557
19.963850000004644,0.15361499999953576
19.965520000004645,0.15344799999953596
19.967190000004646,0.15328099999953526
19.968860000004646,0.15311399999953546
19.970530000004647,0.1529469999995352
19.972200000004648,0.1527799999995354
19.97387000000465,0.1526129999995356
19.97554000000465,0.1524459999995349
19.97721000000465,0.1522789999995351
19.97888000000465,0.15211199999953484
19.98055000000465,0.15194499999953504
19.982220000004652,0.15177799999953523
19.983890000004653,0.15161099999953453
19.985560000004654,0.15144399999953473
19.987230000004654,0.15127699999953448
19.988900000004655,0.15110999999953467
19.990570000004656,0.15094299999953487
19.992240000004657,0.15077599999953417
19.993910000004657,0.15060899999953437
19.995580000004658,0.15044199999953412
19.99725000000466,0.1502749999995343
19.99892000000466,0.1501079999995345
20.00059000000466,0.1499409999995338
20.00226000000466,0.149773999999534
20.00393000000466,0.14960699999953375
20.005600000004662,0.14943999999953395
20.007270000004663,0.14927299999953414
20.008940000004664,0.14910599999953345
20.010610000004664,0.14893899999953364
20.012280000004665,0.1487719999995334
20.013950000004666,0.14860499999953358
20.015620000004667,0.14843799999953378
20.017290000004667,0.14827099999953308
20.018960000004668,0.14810399999953328
20.02063000000467,0.14793699999953303
20.02230000000467,0.14776999999953322
20.02397000000467,0.1476029999995334
20.02564000000467,0.14743599999953272
20.02731000000467,0.1472689999995329
20.028980000004672,0.14710199999953266
20.030650000004673,0.14693499999953286
20.032320000004674,0.14676799999953305
20.033990000004675,0.14660099999953236
20.035660000004675,0.14643399999953255
20.037330000004676,0.1462669999995323
20.039000000004677,0.1460999999995325
20.040670000004678,0.1459329999995327
20.04234000000468,0.145765999999532
20.04401000000468,0.14559899999953219
20.04568000000468,0.14543199999953238
20.04735000000468,0.14526499999953213
20.04902000000468,0.14509799999953232
20.050690000004682,0.14493099999953163
20.052360000004683,0.14476399999953182
20.054030000004683,0.14459699999953202
20.055700000004684,0.14442999999953177
20.057370000004685,0.14426299999953196
20.059040000004686,0.14409599999953127
20.060710000004686,0.14392899999953146
20.062380000004687,0.14376199999953165
20.064050000004688,0.1435949999995314
20.06572000000469,0.1434279999995316
20.06739000000469,0.1432609999995309
20.06906000000469,0.1430939999995311
20.07073000000469,0.1429269999995313
20.07240000000469,0.14275999999953104
20.074070000004692,0.14259299999953123
20.075740000004693,0.14242599999953054
20.077410000004694,0.14225899999953073
20.079080000004694,0.14209199999953093
20.080750000004695,0.14192499999953068
20.082420000004696,0.14175799999953087
20.084090000004696,0.14159099999953018
20.085760000004697,0.14142399999953037
20.087430000004698,0.14125699999953056
20.0891000000047,0.1410899999995303
20.0907700000047,0.1409229999995305
20.0924400000047,0.1407559999995298
20.0941100000047,0.14058899999953
20.0957800000047,0.1404219999995302
20.097450000004702,0.14025499999952995
20.099120000004703,0.14008799999953014
20.100790000004704,0.13992099999952945
20.102460000004704,0.13975399999952964
20.104130000004705,0.13958699999952984
20.105800000004706,0.1394199999995296
20.107470000004707,0.13925299999952978
20.109140000004707,0.1390859999995291
20.110810000004708,0.13891899999952928
20.11248000000471,0.13875199999952947
20.11415000000471,0.13858499999952922
20.11582000000471,0.13841799999952942
20.11749000000471,0.13825099999952872
20.11916000000471,0.13808399999952892
20.120830000004712,0.1379169999995291
20.122500000004713,0.13774999999952886
20.124170000004714,0.13758299999952905
20.125840000004715,0.13741599999952836
20.127510000004715,0.13724899999952855
20.129180000004716,0.13708199999952875
20.130850000004717,0.1369149999995285
20.132520000004718,0.1367479999995287
20.13419000000472,0.136580999999528
20.13586000000472,0.1364139999995282
20.13753000000472,0.13624699999952838
20.13920000000472,0.13607999999952813
20.14087000000472,0.13591299999952833
20.142540000004722,0.13574599999952763
20.144210000004723,0.13557899999952783
20.145880000004723,0.13541199999952802
20.147550000004724,0.13524499999952777
20.149220000004725,0.13507799999952796
20.150890000004726,0.13491099999952727
20.152560000004726,0.13474399999952746
20.154230000004727,0.13457699999952766
20.155900000004728,0.1344099999995274
20.15757000000473,0.1342429999995276
20.15924000000473,0.1340759999995269
20.16091000000473,0.1339089999995271
20.16258000000473,0.1337419999995273
20.16425000000473,0.13357499999952704
20.165920000004732,0.13340799999952724
20.167590000004733,0.13324099999952654
20.169260000004734,0.13307399999952674
20.170930000004734,0.13290699999952693
20.172600000004735,0.13273999999952668
20.174270000004736,0.13257299999952687
20.175940000004736,0.13240599999952618
20.177610000004737,0.13223899999952637
20.179280000004738,0.13207199999952657
20.18095000000474,0.13190499999952632
20.18262000000474,0.1317379999995265
20.18429000000474,0.13157099999952582
20.18596000000474,0.131403999999526
20.18763000000474,0.1312369999995262
20.189300000004742,0.13106999999952595
20.190970000004743,0.13090299999952615
20.192640000004744,0.13073599999952545
20.194310000004744,0.13056899999952565
20.195980000004745,0.13040199999952584
20.197650000004746,0.1302349999995256
20.199320000004747,0.13006799999952579
20.200990000004747,0.1299009999995251
20.202660000004748,0.12973399999952528
20.20433000000475,0.12956699999952548
20.20600000000475,0.12939999999952523
20.20767000000475,0.12923299999952542
20.20934000000475,0.12906599999952473
20.21101000000475,0.12889899999952492
20.212680000004752,0.12873199999952512
20.214350000004753,0.12856499999952486
20.216020000004754,0.12839799999952506
20.217690000004755,0.12823099999952436
20.219360000004755,0.12806399999952456
20.221030000004756,0.12789699999952475
20.222700000004757,0.1277299999995245
20.224370000004757,0.1275629999995247
20.226040000004758,0.127395999999524
20.22771000000476,0.1272289999995242
20.22938000000476,0.1270619999995244
20.23105000000476,0.12689499999952414
20.23272000000476,0.1267279999995239
20.234390000004762,0.12656099999952364
20.236060000004763,0.12639399999952383
20.237730000004763,0.12622699999952403
20.239400000004764,0.12605999999952378
20.241070000004765,0.12589299999952352
20.242740000004765,0.12572599999952327
20.244410000004766,0.12555899999952347
20.246080000004767,0.12539199999952366
20.247750000004768,0.1252249999995234
20.24942000000477,0.12505799999952316
20.25109000000477,0.12489099999952291
20.25276000000477,0.1247239999995231
20.25443000000477,0.1245569999995233
20.25610000000477,0.12438999999952305
20.257770000004772,0.1242229999995228
20.259440000004773,0.12405599999952255
20.261110000004773,0.12388899999952274
20.262780000004774,0.12372199999952294
20.264450000004775,0.12355499999952269
20.266120000004776,0.12338799999952244
20.267790000004776,0.12322099999952218
20.269460000004777,0.12305399999952238
20.271130000004778,0.12288699999952257
20.27280000000478,0.12271999999952232
20.27447000000478,0.12255299999952207
20.27614000000478,0.12238599999952182
20.27781000000478,0.12221899999952202
20.27948000000478,0.12205199999952221
20.281150000004782,0.12188499999952196
20.282820000004783,0.12171799999952171
20.284490000004784,0.12155099999952146
20.286160000004784,0.12138399999952165
20.287830000004785,0.12121699999952185
20.289500000004786,0.1210499999995216
20.291170000004787,0.12088299999952135
20.292840000004787,0.1207159999995211
20.294510000004788,0.12054899999952129
20.29618000000479,0.12038199999952148
20.29785000000479,0.12021499999952123
20.29952000000479,0.12004799999952098
20.30119000000479,0.11988099999952073
20.30286000000479,0.11971399999952093
20.304530000004792,0.11954699999952112
20.306200000004793,0.11937999999952087
20.307870000004794,0.11921299999952062
20.309540000004795,0.11904599999952037
20.311210000004795,0.11887899999952056
20.312880000004796,0.11871199999952076
20.314550000004797,0.1185449999995205
20.316220000004797,0.11837799999952026
20.317890000004798,0.11821099999952
20.3195600000048,0.1180439999995202
20.3212300000048,0.1178769999995204
20.3229000000048,0.11770999999952014
20.3245700000048,0.11754299999951989
20.326240000004802,0.11737599999951964
20.327910000004803,0.11720899999951984
20.329580000004803,0.11704199999952003
20.331250000004804,0.11687499999951978
20.332920000004805,0.11670799999951953
20.334590000004805,0.11654099999951928
20.336260000004806,0.11637399999951947
20.337930000004807,0.11620699999951967
20.339600000004808,0.11603999999951942
20.34127000000481,0.11587299999951917
20.34294000000481,0.11570599999951892
20.34461000000481,0.11553899999951911
20.34628000000481,0.1153719999995193
20.34795000000481,0.11520499999951905
20.349620000004812,0.1150379999995188
20.351290000004813,0.11487099999951855
20.352960000004813,0.11470399999951875
20.354630000004814,0.11453699999951894
20.356300000004815,0.11436999999951869
20.357970000004816,0.11420299999951844
20.359640000004816,0.11403599999951819
20.361310000004817,0.11386899999951838
20.362980000004818,0.11370199999951858
20.36465000000482,0.11353499999951833
20.36632000000482,0.11336799999951808
20.36799000000482,0.11320099999951783
20.36966000000482,0.11303399999951802
20.37133000000482,0.11286699999951821
20.373000000004822,0.11269999999951796
20.374670000004823,0.11253299999951771
20.376340000004824,0.11236599999951746
20.378010000004824,0.11219899999951766
20.379680000004825,0.11203199999951785
20.381350000004826,0.1118649999995176
20.383020000004826,0.11169799999951735
20.384690000004827,0.1115309999995171
20.386360000004828,0.1113639999995173
20.38803000000483,0.11119699999951749
20.38970000000483,0.11102999999951724
20.39137000000483,0.11086299999951699
20.39304000000483,0.11069599999951674
20.39471000000483,0.11052899999951693
20.396380000004832,0.11036199999951712
20.398050000004833,0.11019499999951687
20.399720000004834,0.11002799999951662
20.401390000004834,0.10986099999951637
20.403060000004835,0.10969399999951657
20.404730000004836,0.10952699999951676
20.406400000004837,0.10935999999951651
20.408070000004837,0.10919299999951626
20.409740000004838,0.10902599999951601
20.41141000000484,0.1088589999995162
20.41308000000484,0.1086919999995164
20.41475000000484,0.10852499999951615
20.41642000000484,0.1083579999995159
20.41809000000484,0.10819099999951565
20.419760000004842,0.10802399999951584
20.421430000004843,0.10785699999951603
20.423100000004844,0.10768999999951578
20.424770000004845,0.10752299999951553
20.426440000004845,0.10735599999951528
20.428110000004846,0.10718899999951548
20.429780000004847,0.10702199999951567
20.431450000004848,0.10685499999951542
20.43312000000485,0.10668799999951517
20.43479000000485,0.10652099999951492
20.43646000000485,0.10635399999951511
20.43813000000485,0.10618699999951531
20.43980000000485,0.10601999999951506
20.441470000004852,0.10585299999951481
20.443140000004853,0.10568599999951456
20.444810000004853,0.10551899999951475
20.446480000004854,0.10535199999951494
20.448150000004855,0.1051849999995147
20.449820000004856,0.10501799999951444
20.451490000004856,0.1048509999995142
20.453160000004857,0.10468399999951439
20.454830000004858,0.10451699999951458
20.45650000000486,0.10434999999951433
20.45817000000486,0.10418299999951408
20.45984000000486,0.10401599999951383
20.46151000000486,0.10384899999951402
20.46318000000486,0.10368199999951422
20.464850000004862,0.10351499999951397
20.466520000004863,0.10334799999951372
20.468190000004864,0.10318099999951347
20.469860000004864,0.10301399999951366
20.471530000004865,0.10284699999951386
20.473200000004866,0.1026799999995136
20.474870000004866,0.10251299999951335
20.476540000004867,0.1023459999995131
20.478210000004868,0.1021789999995133
20.47988000000487,0.10201199999951349
20.48155000000487,0.10184499999951324
20.48322000000487,0.10167799999951299
20.48489000000487,0.10151099999951274
20.48656000000487,0.10134399999951293
20.488230000004872,0.10117699999951313
20.489900000004873,0.10100999999951288
20.491570000004874,0.10084299999951263
20.493240000004874,0.10067599999951238
20.494910000004875,0.10050899999951257
20.496580000004876,0.10034199999951277
20.498250000004877,0.10017499999951252
20.499920000004877,0.10000799999951226
