TimeInc,Intensity
0.5,0.1
0.50167,0.09999999999999998
0.5033399999999999,0.10000000000000002
0.5050099999999998,0.10000000000000002
0.5066799999999998,0.1
0.5083499999999997,0.1
0.5100199999999997,0.1
0.5116899999999996,0.10000000000000002
0.5133599999999996,0.09999999999999999
0.5150299999999995,0.1
0.5166999999999995,0.1
0.5183699999999994,0.1
0.5200399999999994,0.10000000000000002
0.5217099999999993,0.09999999999999999
0.5233799999999993,0.1
0.5250499999999992,0.1
0.5267199999999992,0.1
0.5283899999999991,0.09999999999999999
0.5300599999999991,0.09999999999999999
0.531729999999999,0.10000000000000003
0.533399999999999,0.1
0.5350699999999989,0.09999999999999998
0.5367399999999989,0.10000000000000002
0.5384099999999988,0.10000000000000002
0.5400799999999988,0.1
0.5417499999999987,0.1
0.5434199999999987,0.1
0.5450899999999986,0.10000000000000002
0.5467599999999986,0.09999999999999999
0.5484299999999985,0.1
0.5500999999999985,0.1
0.5517699999999984,0.1
0.5534399999999984,0.10000000000000002
0.5551099999999983,0.09999999999999999
0.5567799999999983,0.1
0.5584499999999982,0.1
0.5601199999999982,0.1
0.5617899999999981,0.09999999999999999
0.5634599999999981,0.09999999999999999
0.565129999999998,0.10000000000000003
0.566799999999998,0.1
0.5684699999999979,0.09999999999999998
0.5701399999999979,0.10000000000000002
0.5718099999999978,0.10000000000000002
0.5734799999999978,0.1
0.5751499999999977,0.1
0.5768199999999977,0.1
0.5784899999999976,0.10000000000000002
0.5801599999999976,0.09999999999999999
0.5818299999999975,0.1
0.5834999999999975,0.1
0.5851699999999974,0.1
0.5868399999999974,0.10000000000000002
0.5885099999999973,0.09999999999999999
0.5901799999999973,0.1
0.5918499999999972,0.1
0.5935199999999972,0.1
0.5951899999999971,0.09999999999999999
0.5968599999999971,0.09999999999999999
0.598529999999997,0.10000000000000003
0.600199999999997,0.1
0.6018699999999969,0.09999999999999998
0.6035399999999969,0.10000000000000002
0.6052099999999968,0.10000000000000002
0.6068799999999968,0.1
0.6085499999999967,0.1
0.6102199999999967,0.1
0.6118899999999966,0.10000000000000002
0.6135599999999966,0.10000000000000002
0.6152299999999965,0.1
0.6168999999999965,0.1
0.6185699999999964,0.1
0.6202399999999963,0.10000000000000002
0.6219099999999963,0.09999999999999999
0.6235799999999962,0.1
0.6252499999999962,0.10000000000000003
0.6269199999999961,0.1
0.6285899999999961,0.09999999999999999
0.630259999999996,0.10000000000000002
0.631929999999996,0.10000000000000003
0.6335999999999959,0.1
0.6352699999999959,0.1
0.6369399999999958,0.10000000000000002
0.6386099999999958,0.10000000000000002
0.6402799999999957,0.1
0.6419499999999957,0.1
0.6436199999999956,0.1
0.6452899999999956,0.10000000000000002
0.6469599999999955,0.10000000000000002
0.6486299999999955,0.1
0.6502999999999954,0.1
0.6519699999999954,0.1
0.6536399999999953,0.10000000000000002
0.6553099999999953,0.09999999999999999
0.6569799999999952,0.1
0.6586499999999952,0.10000000000000003
0.6603199999999951,0.1
0.6619899999999951,0.09999999999999999
0.663659999999995,0.10000000000000002
0.665329999999995,0.10000000000000003
0.6669999999999949,0.1
0.6686699999999949,0.1
0.6703399999999948,0.10000000000000002
0.6720099999999948,0.10000000000000002
0.6736799999999947,0.1
0.6753499999999947,0.1
0.6770199999999946,0.1
0.6786899999999946,0.10000000000000002
0.6803599999999945,0.10000000000000002
0.6820299999999945,0.1
0.6836999999999944,0.1
0.6853699999999944,0.1
0.6870399999999943,0.10000000000000002
0.6887099999999943,0.09999999999999999
0.6903799999999942,0.1
0.6920499999999942,0.10000000000000003
0.6937199999999941,0.1
0.6953899999999941,0.09999999999999999
0.697059999999994,0.10000000000000002
0.698729999999994,0.10000000000000003
0.7003999999999939,0.1
0.7020699999999939,0.1
0.7037399999999938,0.10000000000000002
0.7054099999999938,0.10000000000000002
0.7070799999999937,0.10000000000000003
0.7087499999999937,0.1
0.7104199999999936,0.1
0.7120899999999936,0.10000000000000002
0.7137599999999935,0.10000000000000002
0.7154299999999935,0.1
0.7170999999999934,0.1
0.7187699999999934,0.10000000000000003
0.7204399999999933,0.10000000000000002
0.7221099999999933,0.09999999999999999
0.7237799999999932,0.10000000000000003
0.7254499999999932,0.10000000000000003
0.7271199999999931,0.1
0.728789999999993,0.10000000000000002
0.730459999999993,0.10000000000000002
0.732129999999993,0.10000000000000003
0.7337999999999929,0.1
0.7354699999999929,0.1
0.7371399999999928,0.10000000000000002
0.7388099999999928,0.10000000000000002
0.7404799999999927,0.10000000000000003
0.7421499999999926,0.1
0.7438199999999926,0.1
0.7454899999999925,0.10000000000000002
0.7471599999999925,0.10000000000000002
0.7488299999999924,0.1
0.7504999999999924,0.1
0.7521699999999923,0.10000000000000003
0.7538399999999923,0.1
0.7555099999999922,0.09999999999999998
0.7571799999999922,0.10000000000000003
0.7588499999999921,0.10000000000000003
0.7605199999999921,0.1
0.762189999999992,0.1
0.763859999999992,0.1
0.7655299999999919,0.10000000000000003
0.7671999999999919,0.1
0.7688699999999918,0.1
0.7705399999999918,0.1
0.7722099999999917,0.1
0.7738799999999917,0.10000000000000003
0.7755499999999916,0.1
0.7772199999999916,0.1
0.7788899999999915,0.1
0.7805599999999915,0.1
0.7822299999999914,0.1
0.7838999999999914,0.1
0.7855699999999913,0.10000000000000003
0.7872399999999913,0.1
0.7889099999999912,0.09999999999999998
0.7905799999999912,0.10000000000000003
0.7922499999999911,0.10000000000000003
0.7939199999999911,0.1
0.795589999999991,0.1
0.797259999999991,0.1
0.7989299999999909,0.10000000000000003
0.8005999999999909,0.1
0.8022699999999908,0.1
0.8039399999999908,0.1
0.8056099999999907,0.1
0.8072799999999907,0.10000000000000003
0.8089499999999906,0.1
0.8106199999999906,0.1
0.8122899999999905,0.1
0.8139599999999905,0.1
0.8156299999999904,0.1
0.8172999999999904,0.1
0.8189699999999903,0.10000000000000003
0.8206399999999903,0.1
0.8223099999999902,0.09999999999999998
0.8239799999999902,0.10000000000000003
0.8256499999999901,0.10000000000000003
0.8273199999999901,0.1
0.82898999999999,0.1
0.83065999999999,0.1
0.8323299999999899,0.10000000000000003
0.8339999999999899,0.1
0.8356699999999898,0.1
0.8373399999999898,0.1
0.8390099999999897,0.1
0.8406799999999897,0.10000000000000003
0.8423499999999896,0.1
0.8440199999999896,0.1
0.8456899999999895,0.1
0.8473599999999895,0.1
0.8490299999999894,0.1
0.8506999999999894,0.1
0.8523699999999893,0.10000000000000003
0.8540399999999893,0.1
0.8557099999999892,0.09999999999999998
0.8573799999999892,0.10000000000000003
0.8590499999999891,0.10000000000000003
0.860719999999989,0.1
0.862389999999989,0.1
0.864059999999989,0.1
0.8657299999999889,0.10000000000000003
0.8673999999999888,0.1
0.8690699999999888,0.1
0.8707399999999887,0.1
0.8724099999999887,0.1
0.8740799999999886,0.10000000000000003
0.8757499999999886,0.1
0.8774199999999885,0.1
0.8790899999999885,0.1
0.8807599999999884,0.1
0.8824299999999884,0.1
0.8840999999999883,0.1
0.8857699999999883,0.10000000000000003
0.8874399999999882,0.1
0.8891099999999882,0.09999999999999998
0.8907799999999881,0.10000000000000003
0.8924499999999881,0.10000000000000003
0.894119999999988,0.1
0.895789999999988,0.1
0.8974599999999879,0.1
0.8991299999999879,0.10000000000000003
0.9007999999999878,0.1
0.9024699999999878,0.1
0.9041399999999877,0.1
0.9058099999999877,0.1
0.9074799999999876,0.10000000000000003
0.9091499999999876,0.1
0.9108199999999875,0.1
0.9124899999999875,0.1
0.9141599999999874,0.1
0.9158299999999874,0.1
0.9174999999999873,0.1
0.9191699999999873,0.10000000000000003
0.9208399999999872,0.1
0.9225099999999872,0.09999999999999998
0.9241799999999871,0.10000000000000003
0.9258499999999871,0.10000000000000003
0.927519999999987,0.1
0.929189999999987,0.1
0.9308599999999869,0.1
0.9325299999999869,0.10000000000000003
0.9341999999999868,0.1
0.9358699999999868,0.1
0.9375399999999867,0.1
0.9392099999999867,0.1
0.9408799999999866,0.10000000000000003
0.9425499999999866,0.1
0.9442199999999865,0.1
0.9458899999999865,0.1
0.9475599999999864,0.1
0.9492299999999864,0.1
0.9508999999999863,0.1
0.9525699999999863,0.10000000000000003
0.9542399999999862,0.1
0.9559099999999862,0.09999999999999998
0.9575799999999861,0.10000000000000003
0.9592499999999861,0.10000000000000003
0.960919999999986,0.1
0.962589999999986,0.1
0.9642599999999859,0.1
0.9659299999999859,0.10000000000000003
0.9675999999999858,0.1
0.9692699999999858,0.1
0.9709399999999857,0.1
0.9726099999999857,0.1
0.9742799999999856,0.10000000000000003
0.9759499999999856,0.1
0.9776199999999855,0.1
0.9792899999999854,0.1
0.9809599999999854,0.1
0.9826299999999853,0.10000000000000003
0.9842999999999853,0.1
0.9859699999999852,0.10000000000000003
0.9876399999999852,0.1
0.9893099999999851,0.09999999999999998
0.9909799999999851,0.10000000000000003
0.992649999999985,0.10000000000000003
0.994319999999985,0.10000000000000003
0.9959899999999849,0.1
0.9976599999999849,0.1
0.9993299999999848,0.10000000000000003
1.0009999999999848,0.1
1.0026699999999849,0.10000000000000003
1.004339999999985,0.09999999999999998
1.006009999999985,0.1
1.007679999999985,0.10000000000000003
1.009349999999985,0.1
1.0110199999999852,0.10000000000000003
1.0126899999999852,0.09999999999999998
1.0143599999999853,0.1
1.0160299999999853,0.10000000000000003
1.0176999999999854,0.1
1.0193699999999855,0.10000000000000003
1.0210399999999855,0.09999999999999998
1.0227099999999856,0.1
1.0243799999999856,0.10000000000000003
1.0260499999999857,0.1
1.0277199999999858,0.10000000000000003
1.0293899999999858,0.09999999999999998
1.0310599999999859,0.1
1.032729999999986,0.10000000000000003
1.034399999999986,0.1
1.036069999999986,0.10000000000000003
1.0377399999999861,0.09999999999999998
1.0394099999999862,0.1
1.0410799999999862,0.10000000000000003
1.0427499999999863,0.1
1.0444199999999864,0.10000000000000003
1.0460899999999864,0.09999999999999998
1.0477599999999865,0.1
1.0494299999999865,0.10000000000000003
1.0510999999999866,0.1
1.0527699999999867,0.10000000000000003
1.0544399999999867,0.09999999999999998
1.0561099999999868,0.1
1.0577799999999868,0.10000000000000003
1.059449999999987,0.1
1.061119999999987,0.10000000000000003
1.062789999999987,0.09999999999999998
1.064459999999987,0.1
1.0661299999999871,0.10000000000000003
1.0677999999999872,0.1
1.0694699999999873,0.10000000000000003
1.0711399999999873,0.09999999999999998
1.0728099999999874,0.1
1.0744799999999874,0.10000000000000003
1.0761499999999875,0.1
1.0778199999999876,0.10000000000000003
1.0794899999999876,0.09999999999999998
1.0811599999999877,0.1
1.0828299999999877,0.10000000000000003
1.0844999999999878,0.1
1.0861699999999879,0.10000000000000003
1.087839999999988,0.09999999999999998
1.089509999999988,0.1
1.091179999999988,0.10000000000000003
1.092849999999988,0.1
1.0945199999999882,0.10000000000000003
1.0961899999999882,0.09999999999999998
1.0978599999999883,0.1
1.0995299999999884,0.10000000000000003
1.1011999999999884,0.1
1.1028699999999885,0.10000000000000003
1.1045399999999885,0.10000000000000003
1.1062099999999886,0.1
1.1078799999999887,0.10000000000000003
1.1095499999999887,0.1
1.1112199999999888,0.10000000000000003
1.1128899999999888,0.10000000000000003
1.114559999999989,0.1
1.116229999999989,0.10000000000000003
1.117899999999989,0.1
1.119569999999989,0.10000000000000003
1.1212399999999891,0.10000000000000003
1.1229099999999892,0.1
1.1245799999999893,0.10000000000000003
1.1262499999999893,0.10000000000000006
1.1279199999999894,0.10000000000000003
1.1295899999999894,0.09999999999999998
1.1312599999999895,0.10000000000000003
1.1329299999999896,0.10000000000000003
1.1345999999999896,0.10000000000000006
1.1362699999999897,0.10000000000000003
1.1379399999999897,0.09999999999999998
1.1396099999999898,0.10000000000000003
1.1412799999999899,0.10000000000000003
1.14294999999999,0.10000000000000006
1.14461999999999,0.10000000000000003
1.14628999999999,0.09999999999999998
1.14795999999999,0.10000000000000003
1.1496299999999902,0.10000000000000003
1.1512999999999902,0.10000000000000006
1.1529699999999903,0.10000000000000003
1.1546399999999903,0.09999999999999998
1.1563099999999904,0.10000000000000003
1.1579799999999905,0.10000000000000003
1.1596499999999905,0.10000000000000006
1.1613199999999906,0.10000000000000003
1.1629899999999906,0.09999999999999998
1.1646599999999907,0.10000000000000003
1.1663299999999908,0.10000000000000003
1.1679999999999908,0.10000000000000006
1.1696699999999909,0.10000000000000003
1.171339999999991,0.09999999999999998
1.173009999999991,0.10000000000000003
1.174679999999991,0.10000000000000003
1.1763499999999911,0.10000000000000006
1.1780199999999912,0.10000000000000003
1.1796899999999912,0.09999999999999998
1.1813599999999913,0.10000000000000003
1.1830299999999914,0.10000000000000003
1.1846999999999914,0.10000000000000006
1.1863699999999915,0.10000000000000003
1.1880399999999915,0.09999999999999998
1.1897099999999916,0.10000000000000003
1.1913799999999917,0.10000000000000003
1.1930499999999917,0.10000000000000006
1.1947199999999918,0.10000000000000003
1.1963899999999918,0.09999999999999998
1.198059999999992,0.10000000000000003
1.199729999999992,0.10000000000000003
1.201399999999992,0.10000000000000006
1.203069999999992,0.10000000000000003
1.2047399999999922,0.09999999999999998
1.2064099999999922,0.10000000000000003
1.2080799999999923,0.10000000000000003
1.2097499999999923,0.10000000000000006
1.2114199999999924,0.10000000000000003
1.2130899999999925,0.10000000000000003
1.2147599999999925,0.10000000000000003
1.2164299999999926,0.10000000000000003
1.2180999999999926,0.10000000000000006
1.2197699999999927,0.10000000000000003
1.2214399999999928,0.10000000000000003
1.2231099999999928,0.10000000000000003
1.2247799999999929,0.10000000000000003
1.226449999999993,0.10000000000000006
1.228119999999993,0.10000000000000003
1.229789999999993,0.10000000000000003
1.2314599999999931,0.10000000000000003
1.2331299999999932,0.10000000000000003
1.2347999999999932,0.10000000000000006
1.2364699999999933,0.10000000000000003
1.2381399999999934,0.10000000000000003
1.2398099999999934,0.10000000000000003
1.2414799999999935,0.10000000000000003
1.2431499999999935,0.10000000000000006
1.2448199999999936,0.10000000000000003
1.2464899999999937,0.10000000000000003
1.2481599999999937,0.10000000000000003
1.2498299999999938,0.10000000000000003
1.2514999999999938,0.10000000000000006
1.253169999999994,0.10000000000000003
1.254839999999994,0.10000000000000003
1.256509999999994,0.1
1.258179999999994,0.10000000000000003
1.2598499999999941,0.10000000000000006
1.2615199999999942,0.10000000000000003
1.2631899999999943,0.10000000000000003
1.2648599999999943,0.1
1.2665299999999944,0.10000000000000003
1.2681999999999944,0.10000000000000006
1.2698699999999945,0.10000000000000003
1.2715399999999946,0.10000000000000003
1.2732099999999946,0.1
1.2748799999999947,0.10000000000000003
1.2765499999999947,0.10000000000000006
1.2782199999999948,0.10000000000000003
1.2798899999999949,0.10000000000000003
1.281559999999995,0.1
1.283229999999995,0.10000000000000003
1.284899999999995,0.10000000000000006
1.286569999999995,0.10000000000000003
1.2882399999999952,0.10000000000000003
1.2899099999999952,0.1
1.2915799999999953,0.10000000000000003
1.2932499999999953,0.10000000000000006
1.2949199999999954,0.10000000000000003
1.2965899999999955,0.10000000000000003
1.2982599999999955,0.1
1.2999299999999956,0.10000000000000003
1.3015999999999956,0.10000000000000006
1.3032699999999957,0.10000000000000003
1.3049399999999958,0.10000000000000003
1.3066099999999958,0.1
1.308279999999996,0.10000000000000003
1.309949999999996,0.10000000000000006
1.311619999999996,0.10000000000000003
1.313289999999996,0.10000000000000003
1.3149599999999961,0.1
1.3166299999999962,0.10000000000000003
1.3182999999999963,0.10000000000000006
1.3199699999999963,0.10000000000000003
1.3216399999999964,0.10000000000000003
1.3233099999999964,0.1
1.3249799999999965,0.10000000000000003
1.3266499999999966,0.10000000000000006
1.3283199999999966,0.10000000000000003
1.3299899999999967,0.10000000000000003
1.3316599999999967,0.1
1.3333299999999968,0.10000000000000003
1.3349999999999969,0.10000000000000006
1.336669999999997,0.10000000000000003
1.338339999999997,0.10000000000000003
1.340009999999997,0.1
1.341679999999997,0.10000000000000003
1.3433499999999972,0.10000000000000006
1.3450199999999972,0.10000000000000003
1.3466899999999973,0.10000000000000003
1.3483599999999973,0.1
1.3500299999999974,0.10000000000000003
1.3516999999999975,0.10000000000000006
1.3533699999999975,0.10000000000000003
1.3550399999999976,0.10000000000000003
1.3567099999999976,0.1
1.3583799999999977,0.10000000000000003
1.3600499999999978,0.10000000000000006
1.3617199999999978,0.10000000000000003
1.3633899999999979,0.10000000000000003
1.365059999999998,0.1
1.366729999999998,0.10000000000000003
1.368399999999998,0.10000000000000006
1.3700699999999981,0.10000000000000003
1.3717399999999982,0.10000000000000003
1.3734099999999982,0.1
1.3750799999999983,0.10000000000000003
1.3767499999999984,0.10000000000000006
1.3784199999999984,0.10000000000000003
1.3800899999999985,0.10000000000000003
1.3817599999999985,0.1
1.3834299999999986,0.10000000000000003
1.3850999999999987,0.10000000000000006
1.3867699999999987,0.10000000000000003
1.3884399999999988,0.10000000000000003
1.3901099999999988,0.1
1.391779999999999,0.10000000000000003
1.393449999999999,0.10000000000000006
1.395119999999999,0.10000000000000003
1.396789999999999,0.10000000000000003
1.3984599999999991,0.1
1.4001299999999992,0.10000000000000003
1.4017999999999993,0.10000000000000006
1.4034699999999993,0.10000000000000003
1.4051399999999994,0.10000000000000003
1.4068099999999994,0.1
1.4084799999999995,0.10000000000000003
1.4101499999999996,0.10000000000000006
1.4118199999999996,0.10000000000000003
1.4134899999999997,0.10000000000000003
1.4151599999999998,0.1
1.4168299999999998,0.10000000000000003
1.4184999999999999,0.10000000000000006
1.42017,0.10000000000000003
1.42184,0.10000000000000003
1.42351,0.1
1.4251800000000001,0.10000000000000003
1.4268500000000002,0.10000000000000006
1.4285200000000002,0.10000000000000003
1.4301900000000003,0.10000000000000003
1.4318600000000004,0.1
1.4335300000000004,0.10000000000000003
1.4352000000000005,0.10000000000000006
1.4368700000000005,0.10000000000000003
1.4385400000000006,0.10000000000000003
1.4402100000000007,0.1
1.4418800000000007,0.10000000000000003
1.4435500000000008,0.10000000000000006
1.4452200000000008,0.10000000000000003
1.446890000000001,0.10000000000000003
1.448560000000001,0.1
1.450230000000001,0.10000000000000003
1.451900000000001,0.10000000000000006
1.4535700000000011,0.10000000000000003
1.4552400000000012,0.10000000000000003
1.4569100000000013,0.1
1.4585800000000013,0.10000000000000003
1.4602500000000014,0.10000000000000006
1.4619200000000014,0.10000000000000003
1.4635900000000015,0.10000000000000003
1.4652600000000016,0.1
1.4669300000000016,0.10000000000000003
1.4686000000000017,0.10000000000000006
1.4702700000000017,0.10000000000000003
1.4719400000000018,0.10000000000000003
1.4736100000000019,0.1
1.475280000000002,0.10000000000000003
1.476950000000002,0.10000000000000006
1.478620000000002,0.10000000000000003
1.480290000000002,0.10000000000000003
1.4819600000000022,0.1
1.4836300000000022,0.10000000000000003
1.4853000000000023,0.10000000000000006
1.4869700000000023,0.10000000000000003
1.4886400000000024,0.10000000000000003
1.4903100000000025,0.1
1.4919800000000025,0.10000000000000003
1.4936500000000026,0.10000000000000006
1.4953200000000026,0.10000000000000003
1.4969900000000027,0.10000000000000003
1.4986600000000028,0.1
1.5003300000000028,0.10000000000000003
1.5020000000000029,0.10000000000000006
1.503670000000003,0.10000000000000009
1.505340000000003,0.10000000000000003
1.507010000000003,0.1
1.5086800000000031,0.10000000000000003
1.5103500000000032,0.10000000000000006
1.5120200000000033,0.10000000000000003
1.5136900000000033,0.09999999999999998
1.5153600000000034,0.1
1.5170300000000034,0.10000000000000003
1.5187000000000035,0.10000000000000006
1.5203700000000036,0.10000000000000003
1.5220400000000036,0.10000000000000003
1.5237100000000037,0.10000000000000006
1.5253800000000037,0.10000000000000003
1.5270500000000038,0.1
1.5287200000000039,0.10000000000000003
1.530390000000004,0.10000000000000003
1.532060000000004,0.1
1.533730000000004,0.10000000000000003
1.535400000000004,0.10000000000000006
1.5370700000000042,0.10000000000000009
1.5387400000000042,0.10000000000000003
1.5404100000000043,0.1
1.5420800000000043,0.10000000000000003
1.5437500000000044,0.10000000000000006
1.5454200000000045,0.10000000000000003
1.5470900000000045,0.09999999999999998
1.5487600000000046,0.1
1.5504300000000046,0.10000000000000003
1.5521000000000047,0.10000000000000006
1.5537700000000048,0.10000000000000003
1.5554400000000048,0.10000000000000003
1.5571100000000049,0.10000000000000006
1.558780000000005,0.10000000000000003
1.560450000000005,0.1
1.562120000000005,0.10000000000000003
1.5637900000000051,0.10000000000000003
1.5654600000000052,0.1
1.5671300000000052,0.10000000000000003
1.5688000000000053,0.10000000000000006
1.5704700000000054,0.10000000000000009
1.5721400000000054,0.10000000000000003
1.5738100000000055,0.1
1.5754800000000055,0.10000000000000003
1.5771500000000056,0.10000000000000006
1.5788200000000057,0.10000000000000003
1.5804900000000057,0.09999999999999998
1.5821600000000058,0.1
1.5838300000000058,0.10000000000000003
1.585500000000006,0.10000000000000006
1.587170000000006,0.10000000000000003
1.588840000000006,0.10000000000000003
1.590510000000006,0.10000000000000006
1.5921800000000061,0.10000000000000003
1.5938500000000062,0.1
1.5955200000000063,0.10000000000000003
1.5971900000000063,0.10000000000000003
1.5988600000000064,0.1
1.6005300000000064,0.10000000000000003
1.6022000000000065,0.10000000000000006
1.6038700000000066,0.10000000000000009
1.6055400000000066,0.10000000000000003
1.6072100000000067,0.1
1.6088800000000067,0.10000000000000003
1.6105500000000068,0.10000000000000006
1.6122200000000069,0.1
1.613890000000007,0.09999999999999998
1.615560000000007,0.1
1.617230000000007,0.10000000000000003
1.6189000000000071,0.10000000000000006
1.6205700000000072,0.1
1.6222400000000072,0.10000000000000003
1.6239100000000073,0.10000000000000006
1.6255800000000074,0.10000000000000003
1.6272500000000074,0.1
1.6289200000000075,0.1
1.6305900000000075,0.10000000000000003
1.6322600000000076,0.1
1.6339300000000077,0.10000000000000003
1.6356000000000077,0.10000000000000006
1.6372700000000078,0.10000000000000006
1.6389400000000078,0.10000000000000003
1.640610000000008,0.1
1.642280000000008,0.10000000000000003
1.643950000000008,0.10000000000000006
1.645620000000008,0.1
1.6472900000000081,0.09999999999999998
1.6489600000000082,0.1
1.6506300000000083,0.10000000000000003
1.6523000000000083,0.10000000000000006
1.6539700000000084,0.1
1.6556400000000084,0.10000000000000003
1.6573100000000085,0.10000000000000006
1.6589800000000086,0.10000000000000003
1.6606500000000086,0.1
1.6623200000000087,0.1
1.6639900000000087,0.10000000000000003
1.6656600000000088,0.1
1.6673300000000089,0.10000000000000003
1.669000000000009,0.10000000000000006
1.670670000000009,0.10000000000000006
1.672340000000009,0.10000000000000003
1.674010000000009,0.1
1.6756800000000092,0.10000000000000003
1.6773500000000092,0.10000000000000006
1.6790200000000093,0.1
1.6806900000000093,0.09999999999999998
1.6823600000000094,0.1
1.6840300000000095,0.10000000000000003
1.6857000000000095,0.10000000000000006
1.6873700000000096,0.1
1.6890400000000096,0.10000000000000003
1.6907100000000097,0.10000000000000006
1.6923800000000098,0.10000000000000003
1.6940500000000098,0.1
1.6957200000000099,0.1
1.69739000000001,0.10000000000000003
1.69906000000001,0.1
1.70073000000001,0.10000000000000003
1.7024000000000101,0.10000000000000003
1.7040700000000102,0.10000000000000006
1.7057400000000102,0.10000000000000003
1.7074100000000103,0.1
1.7090800000000104,0.10000000000000003
1.7107500000000104,0.10000000000000003
1.7124200000000105,0.1
1.7140900000000105,0.09999999999999998
1.7157600000000106,0.1
1.7174300000000107,0.10000000000000003
1.7191000000000107,0.10000000000000003
1.7207700000000108,0.1
1.7224400000000109,0.10000000000000003
1.724110000000011,0.10000000000000006
1.725780000000011,0.10000000000000003
1.727450000000011,0.09999999999999998
1.729120000000011,0.1
1.7307900000000112,0.10000000000000003
1.7324600000000112,0.1
1.7341300000000113,0.10000000000000003
1.7358000000000113,0.10000000000000003
1.7374700000000114,0.10000000000000006
1.7391400000000115,0.10000000000000003
1.7408100000000115,0.1
1.7424800000000116,0.10000000000000003
1.7441500000000116,0.10000000000000003
1.7458200000000117,0.1
1.7474900000000118,0.09999999999999998
1.7491600000000118,0.1
1.7508300000000119,0.10000000000000003
1.752500000000012,0.10000000000000003
1.754170000000012,0.1
1.755840000000012,0.10000000000000003
1.7575100000000121,0.10000000000000006
1.7591800000000122,0.10000000000000003
1.7608500000000122,0.09999999999999998
1.7625200000000123,0.1
1.7641900000000124,0.10000000000000003
1.7658600000000124,0.1
1.7675300000000125,0.10000000000000003
1.7692000000000125,0.10000000000000003
1.7708700000000126,0.10000000000000006
1.7725400000000127,0.10000000000000003
1.7742100000000127,0.1
1.7758800000000128,0.10000000000000003
1.7775500000000128,0.10000000000000003
1.779220000000013,0.1
1.780890000000013,0.09999999999999998
1.782560000000013,0.1
1.784230000000013,0.10000000000000003
1.7859000000000131,0.10000000000000003
1.7875700000000132,0.1
1.7892400000000133,0.10000000000000003
1.7909100000000133,0.10000000000000006
1.7925800000000134,0.10000000000000003
1.7942500000000134,0.09999999999999998
1.7959200000000135,0.1
1.7975900000000136,0.10000000000000003
1.7992600000000136,0.1
1.8009300000000137,0.10000000000000003
1.8026000000000137,0.10000000000000003
1.8042700000000138,0.10000000000000006
1.8059400000000139,0.10000000000000003
1.807610000000014,0.1
1.809280000000014,0.10000000000000003
1.810950000000014,0.10000000000000003
1.812620000000014,0.1
1.8142900000000142,0.09999999999999998
1.8159600000000142,0.1
1.8176300000000143,0.10000000000000003
1.8193000000000144,0.10000000000000003
1.8209700000000144,0.1
1.8226400000000145,0.10000000000000003
1.8243100000000145,0.10000000000000006
1.8259800000000146,0.10000000000000003
1.8276500000000147,0.09999999999999998
1.8293200000000147,0.1
1.8309900000000148,0.10000000000000003
1.8326600000000148,0.1
1.834330000000015,0.10000000000000003
1.836000000000015,0.10000000000000003
1.837670000000015,0.10000000000000006
1.839340000000015,0.10000000000000003
1.8410100000000151,0.1
1.8426800000000152,0.10000000000000003
1.8443500000000153,0.10000000000000003
1.8460200000000153,0.1
1.8476900000000154,0.09999999999999998
1.8493600000000154,0.1
1.8510300000000155,0.10000000000000003
1.8527000000000156,0.10000000000000003
1.8543700000000156,0.1
1.8560400000000157,0.10000000000000003
1.8577100000000157,0.10000000000000006
1.8593800000000158,0.10000000000000003
1.8610500000000159,0.09999999999999998
1.862720000000016,0.1
1.864390000000016,0.10000000000000003
1.866060000000016,0.1
1.867730000000016,0.10000000000000003
1.8694000000000162,0.10000000000000003
1.8710700000000162,0.10000000000000006
1.8727400000000163,0.10000000000000003
1.8744100000000163,0.1
1.8760800000000164,0.10000000000000003
1.8777500000000165,0.10000000000000003
1.8794200000000165,0.1
1.8810900000000166,0.09999999999999998
1.8827600000000166,0.1
1.8844300000000167,0.10000000000000003
1.8861000000000168,0.10000000000000003
1.8877700000000168,0.1
1.8894400000000169,0.10000000000000003
1.891110000000017,0.10000000000000006
1.892780000000017,0.10000000000000003
1.894450000000017,0.09999999999999998
1.8961200000000171,0.1
1.8977900000000172,0.10000000000000003
1.8994600000000172,0.1
1.9011300000000173,0.10000000000000003
1.9028000000000174,0.10000000000000003
1.9044700000000174,0.10000000000000006
1.9061400000000175,0.10000000000000003
1.9078100000000175,0.1
1.9094800000000176,0.10000000000000003
1.9111500000000177,0.10000000000000003
1.9128200000000177,0.1
1.9144900000000178,0.09999999999999998
1.9161600000000178,0.1
1.917830000000018,0.10000000000000003
1.919500000000018,0.09999999999999998
1.921170000000018,0.1
1.922840000000018,0.10000000000000003
1.9245100000000182,0.10000000000000006
1.9261800000000182,0.10000000000000003
1.9278500000000183,0.09999999999999998
1.9295200000000183,0.1
1.9311900000000184,0.10000000000000003
1.9328600000000185,0.1
1.9345300000000185,0.09999999999999998
1.9362000000000186,0.09999999999999998
1.9378700000000186,0.1
1.9395400000000187,0.10000000000000003
1.9412100000000188,0.1
1.9428800000000188,0.10000000000000003
1.9445500000000189,0.10000000000000003
1.946220000000019,0.1
1.947890000000019,0.09999999999999998
1.949560000000019,0.1
1.9512300000000191,0.10000000000000003
1.9529000000000192,0.09999999999999998
1.9545700000000192,0.1
1.9562400000000193,0.10000000000000003
1.9579100000000194,0.10000000000000006
1.9595800000000194,0.10000000000000003
1.9612500000000195,0.09999999999999998
1.9629200000000195,0.1
1.9645900000000196,0.10000000000000003
1.9662600000000197,0.1
1.9679300000000197,0.09999999999999998
1.9696000000000198,0.09999999999999998
1.9712700000000198,0.1
1.97294000000002,0.10000000000000003
1.97461000000002,0.1
1.97628000000002,0.10000000000000003
1.97795000000002,0.10000000000000003
1.9796200000000201,0.1
1.9812900000000202,0.09999999999999998
1.9829600000000203,0.09999999999999998
1.9846300000000203,0.10000000000000003
1.9863000000000204,0.09999999999999998
1.9879700000000204,0.1
1.9896400000000205,0.10000000000000003
1.9913100000000206,0.10000000000000003
1.9929800000000206,0.10000000000000003
1.9946500000000207,0.09999999999999998
1.9963200000000207,0.1
1.9979900000000208,0.10000000000000003
1.9996600000000209,0.09999999999999998
2.0013300000000207,0.09999999999999998
2.0030000000000205,0.10000000000000003
2.0046700000000204,0.10000000000000003
2.00634000000002,0.10000000000000003
2.00801000000002,0.09999999999999998
2.00968000000002,0.09999999999999998
2.0113500000000197,0.10000000000000003
2.0130200000000196,0.10000000000000003
2.0146900000000194,0.10000000000000003
2.0163600000000192,0.09999999999999998
2.018030000000019,0.09999999999999998
2.019700000000019,0.10000000000000003
2.0213700000000188,0.10000000000000003
2.0230400000000186,0.10000000000000003
2.0247100000000184,0.09999999999999998
2.0263800000000183,0.09999999999999998
2.028050000000018,0.10000000000000003
2.029720000000018,0.10000000000000003
2.031390000000018,0.10000000000000003
2.0330600000000176,0.09999999999999998
2.0347300000000175,0.09999999999999998
2.0364000000000173,0.10000000000000003
2.038070000000017,0.10000000000000003
2.039740000000017,0.10000000000000003
2.041410000000017,0.09999999999999998
2.0430800000000167,0.09999999999999998
2.0447500000000165,0.10000000000000003
2.0464200000000163,0.10000000000000003
2.048090000000016,0.10000000000000003
2.049760000000016,0.09999999999999998
2.051430000000016,0.09999999999999998
2.0531000000000157,0.10000000000000003
2.0547700000000155,0.10000000000000003
2.0564400000000154,0.10000000000000003
2.058110000000015,0.09999999999999998
2.059780000000015,0.09999999999999998
2.061450000000015,0.10000000000000003
2.0631200000000147,0.10000000000000003
2.0647900000000146,0.10000000000000003
2.0664600000000144,0.09999999999999998
2.0681300000000142,0.09999999999999998
2.069800000000014,0.10000000000000003
2.071470000000014,0.10000000000000003
2.0731400000000137,0.10000000000000003
2.0748100000000136,0.09999999999999998
2.0764800000000134,0.09999999999999998
2.0781500000000133,0.10000000000000003
2.079820000000013,0.10000000000000003
2.081490000000013,0.10000000000000003
2.083160000000013,0.09999999999999998
2.0848300000000126,0.09999999999999998
2.0865000000000125,0.10000000000000003
2.0881700000000123,0.10000000000000003
2.089840000000012,0.10000000000000003
2.091510000000012,0.09999999999999998
2.093180000000012,0.09999999999999998
2.0948500000000116,0.09999999999999998
2.0965200000000115,0.10000000000000003
2.0981900000000113,0.10000000000000003
2.099860000000011,0.09999999999999998
2.101530000000011,0.09999999999999998
2.103200000000011,0.09999999999999998
2.1048700000000107,0.10000000000000003
2.1065400000000105,0.09999999999999998
2.1082100000000104,0.09999999999999998
2.10988000000001,0.09999999999999998
2.11155000000001,0.09999999999999998
2.11322000000001,0.10000000000000003
2.1148900000000097,0.09999999999999998
2.1165600000000095,0.09999999999999998
2.1182300000000094,0.09999999999999998
2.119900000000009,0.09999999999999998
2.121570000000009,0.10000000000000003
2.123240000000009,0.09999999999999998
2.1249100000000087,0.09999999999999998
2.1265800000000086,0.09999999999999998
2.1282500000000084,0.09999999999999998
2.1299200000000083,0.09999999999999998
2.131590000000008,0.10000000000000003
2.133260000000008,0.09999999999999998
2.1349300000000078,0.09999999999999998
2.1366000000000076,0.09999999999999998
2.1382700000000074,0.09999999999999998
2.1399400000000073,0.10000000000000003
2.141610000000007,0.09999999999999998
2.143280000000007,0.09999999999999998
2.144950000000007,0.09999999999999998
2.1466200000000066,0.09999999999999998
2.1482900000000065,0.10000000000000003
2.1499600000000063,0.09999999999999998
2.151630000000006,0.09999999999999998
2.153300000000006,0.09999999999999998
2.154970000000006,0.09999999999999998
2.1566400000000057,0.10000000000000003
2.1583100000000055,0.09999999999999998
2.1599800000000053,0.09999999999999998
2.161650000000005,0.09999999999999998
2.163320000000005,0.09999999999999998
2.164990000000005,0.10000000000000003
2.1666600000000047,0.09999999999999998
2.1683300000000045,0.09999999999999998
2.1700000000000044,0.09999999999999998
2.171670000000004,0.09999999999999998
2.173340000000004,0.10000000000000003
2.175010000000004,0.09999999999999998
2.1766800000000037,0.09999999999999998
2.1783500000000036,0.09999999999999998
2.1800200000000034,0.09999999999999998
2.1816900000000032,0.10000000000000003
2.183360000000003,0.09999999999999998
2.185030000000003,0.09999999999999998
2.1867000000000028,0.09999999999999998
2.1883700000000026,0.09999999999999998
2.1900400000000024,0.10000000000000003
2.1917100000000023,0.09999999999999998
2.193380000000002,0.09999999999999998
2.195050000000002,0.09999999999999998
2.196720000000002,0.09999999999999998
2.1983900000000016,0.10000000000000003
2.2000600000000015,0.09999999999999998
2.2017300000000013,0.09999999999999998
2.203400000000001,0.09999999999999998
2.205070000000001,0.09999999999999998
2.206740000000001,0.10000000000000003
2.2084100000000007,0.09999999999999998
2.2100800000000005,0.09999999999999998
2.2117500000000003,0.09999999999999998
2.21342,0.09999999999999998
2.21509,0.09999999999999998
2.21676,0.09999999999999998
2.2184299999999997,0.09999999999999998
2.2200999999999995,0.09999999999999998
2.2217699999999994,0.09999999999999998
2.223439999999999,0.09999999999999998
2.225109999999999,0.09999999999999998
2.226779999999999,0.09999999999999998
2.2284499999999987,0.09999999999999998
2.2301199999999985,0.09999999999999998
2.2317899999999984,0.09999999999999998
2.2334599999999982,0.09999999999999998
2.235129999999998,0.09999999999999998
2.236799999999998,0.09999999999999998
2.2384699999999977,0.09999999999999998
2.2401399999999976,0.09999999999999998
2.2418099999999974,0.09999999999999998
2.2434799999999973,0.09999999999999998
2.245149999999997,0.09999999999999998
2.246819999999997,0.09999999999999998
2.2484899999999968,0.09999999999999998
2.2501599999999966,0.09999999999999998
2.2518299999999964,0.09999999999999998
2.2534999999999963,0.09999999999999998
2.255169999999996,0.09999999999999998
2.256839999999996,0.09999999999999998
2.258509999999996,0.09999999999999998
2.2601799999999956,0.09999999999999998
2.2618499999999955,0.09999999999999998
2.2635199999999953,0.09999999999999998
2.265189999999995,0.09999999999999998
2.266859999999995,0.09999999999999998
2.268529999999995,0.09999999999999998
2.2701999999999947,0.09999999999999998
2.2718699999999945,0.09999999999999998
2.2735399999999943,0.09999999999999998
2.275209999999994,0.09999999999999998
2.276879999999994,0.09999999999999998
2.278549999999994,0.09999999999999998
2.2802199999999937,0.09999999999999998
2.2818899999999935,0.09999999999999998
2.2835599999999934,0.09999999999999998
2.285229999999993,0.09999999999999998
2.286899999999993,0.09999999999999998
2.288569999999993,0.09999999999999998
2.2902399999999927,0.09999999999999998
2.2919099999999926,0.09999999999999998
2.2935799999999924,0.09999999999999998
2.2952499999999922,0.09999999999999998
2.296919999999992,0.09999999999999998
2.298589999999992,0.09999999999999998
2.3002599999999918,0.09999999999999998
2.3019299999999916,0.09999999999999998
2.3035999999999914,0.09999999999999998
2.3052699999999913,0.09999999999999998
2.306939999999991,0.09999999999999998
2.308609999999991,0.09999999999999998
2.310279999999991,0.09999999999999998
2.3119499999999906,0.09999999999999998
2.3136199999999905,0.09999999999999998
2.3152899999999903,0.09999999999999998
2.31695999999999,0.09999999999999998
2.31862999999999,0.09999999999999998
2.32029999999999,0.09999999999999998
2.3219699999999897,0.09999999999999998
2.3236399999999895,0.09999999999999998
2.3253099999999893,0.09999999999999998
2.326979999999989,0.09999999999999998
2.328649999999989,0.09999999999999998
2.330319999999989,0.09999999999999998
2.3319899999999887,0.09999999999999998
2.3336599999999885,0.09999999999999998
2.3353299999999884,0.09999999999999998
2.336999999999988,0.09999999999999998
2.338669999999988,0.09999999999999998
2.340339999999988,0.09999999999999998
2.3420099999999877,0.09999999999999998
2.3436799999999876,0.09999999999999998
2.3453499999999874,0.09999999999999998
2.3470199999999872,0.09999999999999998
2.348689999999987,0.09999999999999998
2.350359999999987,0.09999999999999998
2.3520299999999867,0.09999999999999998
2.3536999999999866,0.09999999999999998
2.3553699999999864,0.09999999999999998
2.3570399999999863,0.09999999999999998
2.358709999999986,0.09999999999999998
2.360379999999986,0.09999999999999998
2.3620499999999858,0.09999999999999998
2.3637199999999856,0.09999999999999998
2.3653899999999854,0.09999999999999998
2.3670599999999853,0.09999999999999998
2.368729999999985,0.09999999999999998
2.370399999999985,0.09999999999999998
2.372069999999985,0.09999999999999998
2.3737399999999846,0.09999999999999998
2.3754099999999845,0.09999999999999998
2.3770799999999843,0.09999999999999998
2.378749999999984,0.09999999999999998
2.380419999999984,0.09999999999999998
2.382089999999984,0.09999999999999998
2.3837599999999837,0.09999999999999998
2.3854299999999835,0.09999999999999998
2.3870999999999833,0.09999999999999998
2.388769999999983,0.09999999999999998
2.390439999999983,0.09999999999999998
2.392109999999983,0.09999999999999998
2.3937799999999827,0.09999999999999998
2.3954499999999825,0.09999999999999998
2.3971199999999824,0.09999999999999998
2.398789999999982,0.09999999999999998
2.400459999999982,0.09999999999999998
2.402129999999982,0.09999999999999998
2.4037999999999817,0.09999999999999998
2.4054699999999816,0.09999999999999998
2.4071399999999814,0.09999999999999998
2.4088099999999812,0.09999999999999998
2.410479999999981,0.09999999999999998
2.412149999999981,0.09999999999999998
2.4138199999999808,0.09999999999999998
2.4154899999999806,0.09999999999999998
2.4171599999999804,0.09999999999999998
2.4188299999999803,0.09999999999999998
2.42049999999998,0.09999999999999998
2.42216999999998,0.09999999999999998
2.42383999999998,0.09999999999999998
2.4255099999999796,0.09999999999999998
2.4271799999999795,0.09999999999999998
2.4288499999999793,0.09999999999999998
2.430519999999979,0.09999999999999998
2.432189999999979,0.09999999999999998
2.433859999999979,0.09999999999999998
2.4355299999999787,0.09999999999999998
2.4371999999999785,0.09999999999999998
2.4388699999999783,0.09999999999999998
2.440539999999978,0.09999999999999998
2.442209999999978,0.09999999999999998
2.443879999999978,0.09999999999999998
2.4455499999999777,0.09999999999999998
2.4472199999999775,0.09999999999999998
2.4488899999999774,0.09999999999999998
2.450559999999977,0.09999999999999998
2.452229999999977,0.09999999999999998
2.453899999999977,0.09999999999999998
2.4555699999999767,0.09999999999999998
2.4572399999999766,0.09999999999999998
2.4589099999999764,0.09999999999999998
2.4605799999999762,0.09999999999999998
2.462249999999976,0.09999999999999998
2.463919999999976,0.09999999999999998
2.4655899999999757,0.09999999999999998
2.4672599999999756,0.09999999999999998
2.4689299999999754,0.09999999999999998
2.4705999999999753,0.09999999999999998
2.472269999999975,0.09999999999999998
2.473939999999975,0.09999999999999998
2.4756099999999748,0.09999999999999998
2.4772799999999746,0.09999999999999998
2.4789499999999745,0.09999999999999998
2.4806199999999743,0.09999999999999998
2.482289999999974,0.09999999999999998
2.483959999999974,0.09999999999999998
2.485629999999974,0.09999999999999998
2.4872999999999736,0.09999999999999998
2.4889699999999735,0.09999999999999998
2.4906399999999733,0.09999999999999998
2.492309999999973,0.09999999999999998
2.493979999999973,0.09999999999999998
2.495649999999973,0.09999999999999998
2.4973199999999727,0.09999999999999998
2.4989899999999725,0.09999999999999998
2.5006599999999723,0.10026399999998892
2.502329999999972,0.10093199999998886
2.503999999999972,0.10159999999998881
2.505669999999972,0.1022679999999887
2.5073399999999717,0.10293599999998865
2.5090099999999715,0.1036039999999886
2.5106799999999714,0.10427199999998854
2.512349999999971,0.10493999999998849
2.514019999999971,0.10560799999998838
2.515689999999971,0.10627599999998832
2.5173599999999707,0.10694399999998827
2.5190299999999706,0.10761199999998822
2.5206999999999704,0.10827999999998816
2.5223699999999702,0.10894799999998805
2.52403999999997,0.109615999999988
2.52570999999997,0.11028399999998795
2.5273799999999698,0.1109519999999879
2.5290499999999696,0.11161999999998784
2.5307199999999694,0.11228799999998773
2.5323899999999693,0.11295599999998768
2.534059999999969,0.11362399999998762
2.535729999999969,0.11429199999998757
2.537399999999969,0.11495999999998752
2.5390699999999686,0.11562799999998741
2.5407399999999685,0.11629599999998735
2.5424099999999683,0.1169639999999873
2.544079999999968,0.11763199999998725
2.545749999999968,0.1182999999999872
2.547419999999968,0.11896799999998708
2.5490899999999677,0.11963599999998703
2.5507599999999675,0.12030399999998698
2.5524299999999673,0.12097199999998692
2.554099999999967,0.12163999999998681
2.555769999999967,0.1223079999999867
2.557439999999967,0.12297599999998665
2.5591099999999667,0.1236439999999866
2.5607799999999665,0.12431199999998654
2.5624499999999664,0.12497999999998649
2.564119999999966,0.12564799999998638
2.565789999999966,0.12631599999998633
2.567459999999966,0.12698399999998627
2.5691299999999657,0.12765199999998622
2.5707999999999656,0.12831999999998617
2.5724699999999654,0.12898799999998606
2.5741399999999652,0.129655999999986
2.575809999999965,0.13032399999998595
2.577479999999965,0.1309919999999859
2.5791499999999647,0.13165999999998584
2.5808199999999646,0.13232799999998573
2.5824899999999644,0.13299599999998568
2.5841599999999643,0.13366399999998563
2.585829999999964,0.13433199999998557
2.587499999999964,0.13499999999998552
2.589169999999964,0.1356679999999854
2.5908399999999636,0.13633599999998536
2.5925099999999635,0.1370039999999853
2.5941799999999633,0.13767199999998525
2.595849999999963,0.1383399999999852
2.597519999999963,0.1390079999999851
2.599189999999963,0.13967599999998503
2.6008599999999626,0.14034399999998498
2.6025299999999625,0.14101199999998493
2.6041999999999623,0.14167999999998487
2.605869999999962,0.14234799999998476
2.607539999999962,0.1430159999999847
2.609209999999962,0.14368399999998466
2.6108799999999617,0.1443519999999846
2.6125499999999615,0.14501999999998455
2.6142199999999614,0.14568799999998444
2.615889999999961,0.1463559999999844
2.617559999999961,0.14702399999998433
2.619229999999961,0.14769199999998428
2.6208999999999607,0.14835999999998423
2.6225699999999605,0.14902799999998412
2.6242399999999604,0.14969599999998406
2.62590999999996,0.150363999999984
2.62757999999996,0.15103199999998396
2.62924999999996,0.1516999999999839
2.6309199999999597,0.1523679999999838
2.6325899999999596,0.15303599999998374
2.6342599999999594,0.1537039999999837
2.6359299999999593,0.15437199999998363
2.637599999999959,0.15503999999998352
2.639269999999959,0.15570799999998342
2.6409399999999588,0.15637599999998336
2.6426099999999586,0.1570439999999833
2.6442799999999584,0.15771199999998325
2.6459499999999583,0.1583799999999832
2.647619999999958,0.1590479999999831
2.649289999999958,0.15971599999998304
2.650959999999958,0.16038399999998298
2.6526299999999576,0.16105199999998293
2.6542999999999575,0.16171999999998288
2.6559699999999573,0.16238799999998277
2.657639999999957,0.16305599999998271
2.659309999999957,0.16372399999998266
2.660979999999957,0.1643919999999826
2.6626499999999567,0.16505999999998255
2.6643199999999565,0.16572799999998244
2.6659899999999563,0.1663959999999824
2.667659999999956,0.16706399999998234
2.669329999999956,0.16773199999998228
2.670999999999956,0.16839999999998223
2.6726699999999557,0.16906799999998212
2.6743399999999555,0.16973599999998207
2.6760099999999554,0.17040399999998201
2.677679999999955,0.17107199999998196
2.679349999999955,0.1717399999999819
2.681019999999955,0.1724079999999818
2.6826899999999547,0.17307599999998174
2.6843599999999546,0.1737439999999817
2.6860299999999544,0.17441199999998164
2.6876999999999542,0.17507999999998158
2.689369999999954,0.17574799999998147
2.691039999999954,0.17641599999998142
2.6927099999999538,0.17708399999998137
2.6943799999999536,0.1777519999999813
2.6960499999999534,0.17841999999998126
2.6977199999999533,0.17908799999998115
2.699389999999953,0.1797559999999811
2.701059999999953,0.18042399999998104
2.702729999999953,0.181091999999981
2.7043999999999526,0.18175999999998094
2.7060699999999525,0.18242799999998083
2.7077399999999523,0.18309599999998077
2.709409999999952,0.18376399999998072
2.711079999999952,0.18443199999998067
2.712749999999952,0.1850999999999806
2.7144199999999516,0.1857679999999805
2.7160899999999515,0.18643599999998045
2.7177599999999513,0.1871039999999804
2.719429999999951,0.18777199999998034
2.721099999999951,0.1884399999999803
2.722769999999951,0.18910799999998018
2.7244399999999507,0.18977599999998013
2.7261099999999505,0.19044399999998007
2.7277799999999504,0.19111199999998002
2.72944999999995,0.19177999999997997
2.73111999999995,0.19244799999997986
2.73278999999995,0.1931159999999798
2.7344599999999497,0.19378399999997975
2.7361299999999495,0.1944519999999797
2.7377999999999494,0.19511999999997964
2.7394699999999492,0.19578799999997953
2.741139999999949,0.19645599999997948
2.742809999999949,0.19712399999997943
2.7444799999999487,0.19779199999997937
2.7461499999999486,0.19845999999997932
2.7478199999999484,0.1991279999999792
2.7494899999999483,0.19979599999997916
2.751159999999948,0.2004639999999791
2.752829999999948,0.20113199999997905
2.7544999999999478,0.201799999999979
2.7561699999999476,0.2024679999999789
2.7578399999999474,0.20313599999997883
2.7595099999999473,0.20380399999997878
2.761179999999947,0.20447199999997873
2.762849999999947,0.20513999999997867
2.764519999999947,0.20580799999997856
2.7661899999999466,0.2064759999999785
2.7678599999999465,0.20714399999997846
2.7695299999999463,0.2078119999999784
2.771199999999946,0.20847999999997835
2.772869999999946,0.20914799999997824
2.774539999999946,0.2098159999999782
2.7762099999999457,0.21048399999997813
2.7778799999999455,0.21115199999997808
2.7795499999999453,0.21181999999997803
2.781219999999945,0.21248799999997792
2.782889999999945,0.21315599999997786
2.784559999999945,0.2138239999999778
2.7862299999999447,0.21449199999997776
2.7878999999999445,0.2151599999999777
2.7895699999999444,0.2158279999999776
2.791239999999944,0.21649599999997754
2.792909999999944,0.2171639999999775
2.794579999999944,0.21783199999997743
2.7962499999999437,0.21849999999997738
2.7979199999999436,0.21916799999997727
2.7995899999999434,0.21983599999997722
2.8012599999999432,0.22050399999997716
2.802929999999943,0.2211719999999771
2.804599999999943,0.22183999999997706
2.8062699999999428,0.22250799999997684
2.8079399999999426,0.22317599999997678
2.8096099999999424,0.22384399999997673
2.8112799999999423,0.22451199999997667
2.812949999999942,0.22517999999997662
2.814619999999942,0.2258479999999765
2.816289999999942,0.22651599999997646
2.8179599999999416,0.2271839999999764
2.8196299999999415,0.22785199999997635
2.8212999999999413,0.2285199999999763
2.822969999999941,0.2291879999999762
2.824639999999941,0.22985599999997613
2.826309999999941,0.23052399999997608
2.8279799999999407,0.23119199999997603
2.8296499999999405,0.23185999999997597
2.8313199999999403,0.23252799999997587
2.83298999999994,0.2331959999999758
2.83465999999994,0.23386399999997576
2.83632999999994,0.2345319999999757
2.8379999999999397,0.23519999999997565
2.8396699999999395,0.23586799999997554
2.8413399999999394,0.2365359999999755
2.843009999999939,0.23720399999997543
2.844679999999939,0.23787199999997538
2.846349999999939,0.23853999999997533
2.8480199999999387,0.23920799999997522
2.8496899999999385,0.23987599999997516
2.8513599999999384,0.2405439999999751
2.8530299999999382,0.24121199999997506
2.854699999999938,0.241879999999975
2.856369999999938,0.2425479999999749
2.8580399999999377,0.24321599999997484
2.8597099999999376,0.2438839999999748
2.8613799999999374,0.24455199999997473
2.8630499999999373,0.24521999999997468
2.864719999999937,0.24588799999997457
2.866389999999937,0.24655599999997452
2.8680599999999368,0.24722399999997446
2.8697299999999366,0.2478919999999744
2.8713999999999364,0.24855999999997436
2.8730699999999363,0.24922799999997425
2.874739999999936,0.2498959999999742
2.876409999999936,0.25056399999997414
2.878079999999936,0.2512319999999741
2.8797499999999356,0.25189999999997403
2.8814199999999355,0.2525679999999739
2.8830899999999353,0.25323599999997387
2.884759999999935,0.2539039999999738
2.886429999999935,0.25457199999997376
2.888099999999935,0.2552399999999737
2.8897699999999347,0.2559079999999736
2.8914399999999345,0.25657599999997355
2.8931099999999343,0.2572439999999735
2.894779999999934,0.25791199999997344
2.896449999999934,0.2585799999999734
2.898119999999934,0.2592479999999733
2.8997899999999337,0.2599159999999732
2.9014599999999335,0.26058399999997317
2.9031299999999334,0.2612519999999731
2.904799999999933,0.26191999999997306
2.906469999999933,0.262587999999973
2.908139999999933,0.2632559999999729
2.9098099999999327,0.26392399999997285
2.9114799999999326,0.2645919999999728
2.9131499999999324,0.26525999999997274
2.9148199999999322,0.2659279999999727
2.916489999999932,0.2665959999999726
2.918159999999932,0.2672639999999725
2.9198299999999318,0.26793199999997247
2.9214999999999316,0.2685999999999724
2.9231699999999314,0.26926799999997236
2.9248399999999313,0.26993599999997225
2.926509999999931,0.2706039999999722
2.928179999999931,0.27127199999997215
2.929849999999931,0.2719399999999721
2.9315199999999306,0.27260799999997204
2.9331899999999305,0.27327599999997193
2.9348599999999303,0.2739439999999719
2.93652999999993,0.2746119999999718
2.93819999999993,0.27527999999997177
2.93986999999993,0.2759479999999717
2.9415399999999297,0.2766159999999716
2.9432099999999295,0.27728399999997155
2.9448799999999293,0.2779519999999715
2.946549999999929,0.27861999999997145
2.948219999999929,0.2792879999999714
2.949889999999929,0.2799559999999713
2.9515599999999287,0.28062399999997123
2.9532299999999285,0.2812919999999712
2.9548999999999284,0.2819599999999711
2.956569999999928,0.28262799999997107
2.958239999999928,0.28329599999997096
2.959909999999928,0.2839639999999709
2.9615799999999277,0.28463199999997085
2.9632499999999276,0.2852999999999708
2.9649199999999274,0.28596799999997075
2.9665899999999272,0.28663599999997064
2.968259999999927,0.2873039999999706
2.969929999999927,0.28797199999997053
2.9715999999999267,0.2886399999999705
2.9732699999999266,0.2893079999999704
2.9749399999999264,0.2899759999999703
2.9766099999999263,0.29064399999997026
2.978279999999926,0.2913119999999702
2.979949999999926,0.29197999999997015
2.9816199999999258,0.2926479999999701
2.9832899999999256,0.29331599999997
2.9849599999999255,0.29398399999996994
2.9866299999999253,0.2946519999999699
2.988299999999925,0.29531999999996983
2.989969999999925,0.2959879999999698
2.991639999999925,0.29665599999996967
2.9933099999999246,0.2973239999999696
2.9949799999999245,0.29799199999996956
2.9966499999999243,0.2986599999999695
2.998319999999924,0.29932799999996945
2.999989999999924,0.29999599999996934
3.001659999999924,0.3006639999999693
3.0033299999999237,0.30133199999996924
3.0049999999999235,0.3019999999999692
3.0066699999999233,0.30266799999996913
3.008339999999923,0.303335999999969
3.010009999999923,0.30400399999996897
3.011679999999923,0.3046719999999689
3.0133499999999227,0.30533999999996886
3.0150199999999225,0.3060079999999688
3.0166899999999224,0.3066759999999687
3.018359999999922,0.30734399999996864
3.020029999999922,0.3080119999999686
3.021699999999922,0.30867999999996854
3.0233699999999217,0.3093479999999685
3.0250399999999216,0.3100159999999684
3.0267099999999214,0.3106839999999683
3.0283799999999212,0.31135199999996827
3.030049999999921,0.3120199999999682
3.031719999999921,0.31268799999996816
3.0333899999999208,0.31335599999996805
3.0350599999999206,0.314023999999968
3.0367299999999204,0.31469199999996794
3.0383999999999203,0.3153599999999679
3.04006999999992,0.31602799999996783
3.04173999999992,0.3166959999999677
3.04340999999992,0.31736399999996767
3.0450799999999196,0.3180319999999676
3.0467499999999195,0.31869999999996756
3.0484199999999193,0.3193679999999675
3.050089999999919,0.3200359999999674
3.051759999999919,0.32070399999996735
3.053429999999919,0.3213719999999673
3.0550999999999187,0.32203999999996724
3.0567699999999185,0.3227079999999672
3.0584399999999183,0.3233759999999671
3.060109999999918,0.324043999999967
3.061779999999918,0.32471199999996697
3.063449999999918,0.3253799999999669
3.0651199999999177,0.32604799999996686
3.0667899999999175,0.32671599999996676
3.0684599999999174,0.3273839999999667
3.070129999999917,0.32805199999996665
3.071799999999917,0.3287199999999666
3.073469999999917,0.32938799999996654
3.0751399999999167,0.33005599999996643
3.0768099999999166,0.3307239999999664
3.0784799999999164,0.3313919999999663
3.0801499999999162,0.33205999999996627
3.081819999999916,0.3327279999999662
3.083489999999916,0.3333959999999661
3.0851599999999157,0.33406399999996605
3.0868299999999156,0.334731999999966
3.0884999999999154,0.33539999999996595
3.0901699999999153,0.3360679999999659
3.091839999999915,0.3367359999999658
3.093509999999915,0.33740399999996573
3.0951799999999148,0.3380719999999657
3.0968499999999146,0.3387399999999656
3.0985199999999145,0.33940799999996557
3.1001899999999143,0.3400759999999655
3.101859999999914,0.3407439999999654
3.103529999999914,0.34141199999996535
3.105199999999914,0.3420799999999653
3.1068699999999136,0.34274799999996525
3.1085399999999135,0.3434159999999652
3.1102099999999133,0.3440839999999651
3.111879999999913,0.34475199999996503
3.113549999999913,0.345419999999965
3.115219999999913,0.3460879999999649
3.1168899999999127,0.34675599999996487
3.1185599999999125,0.34742399999996476
3.1202299999999124,0.3480919999999647
3.121899999999912,0.34875999999996465
3.123569999999912,0.3494279999999646
3.125239999999912,0.35009599999996455
3.1269099999999117,0.35076399999996444
3.1285799999999115,0.3514319999999644
3.1302499999999114,0.35209999999996433
3.131919999999911,0.3527679999999643
3.133589999999911,0.3534359999999642
3.135259999999911,0.3541039999999641
3.1369299999999107,0.35477199999996406
3.1385999999999106,0.355439999999964
3.1402699999999104,0.35610799999996395
3.1419399999999102,0.3567759999999639
3.14360999999991,0.3574439999999638
3.14527999999991,0.35811199999996374
3.1469499999999098,0.3587799999999637
3.1486199999999096,0.35944799999996363
3.1502899999999094,0.3601159999999636
3.1519599999999093,0.36078399999996347
3.153629999999909,0.3614519999999634
3.155299999999909,0.36211999999996336
3.156969999999909,0.3627879999999633
3.1586399999999086,0.36345599999996325
3.1603099999999085,0.36412399999996314
3.1619799999999083,0.3647919999999631
3.163649999999908,0.36545999999996304
3.165319999999908,0.366127999999963
3.166989999999908,0.36679599999996293
3.1686599999999077,0.3674639999999628
3.1703299999999075,0.36813199999996277
3.1719999999999073,0.3687999999999627
3.173669999999907,0.36946799999996266
3.175339999999907,0.3701359999999626
3.177009999999907,0.3708039999999625
3.1786799999999067,0.37147199999996244
3.1803499999999065,0.3721399999999624
3.1820199999999064,0.37280799999996234
3.183689999999906,0.3734759999999623
3.185359999999906,0.3741439999999622
3.187029999999906,0.3748119999999621
3.1886999999999057,0.37547999999996207
3.1903699999999056,0.376147999999962
3.1920399999999054,0.37681599999996196
3.1937099999999052,0.37748399999996185
3.195379999999905,0.3781519999999617
3.197049999999905,0.37881999999996163
3.1987199999999048,0.3794879999999616
3.2003899999999046,0.3801559999999615
3.2020599999999044,0.3808239999999614
3.2037299999999043,0.38149199999996136
3.205399999999904,0.3821599999999613
3.207069999999904,0.38282799999996125
3.208739999999904,0.3834959999999612
3.2104099999999036,0.3841639999999611
3.2120799999999035,0.38483199999996104
3.2137499999999033,0.385499999999961
3.215419999999903,0.38616799999996093
3.217089999999903,0.3868359999999609
3.218759999999903,0.38750399999996077
3.2204299999999026,0.3881719999999607
3.2220999999999025,0.38883999999996066
3.2237699999999023,0.3895079999999606
3.225439999999902,0.39017599999996055
3.227109999999902,0.39084399999996045
3.228779999999902,0.3915119999999604
3.2304499999999017,0.39217999999996034
3.2321199999999015,0.3928479999999603
3.2337899999999014,0.39351599999996023
3.235459999999901,0.3941839999999601
3.237129999999901,0.39485199999996007
3.238799999999901,0.39551999999996
3.2404699999999007,0.39618799999995996
3.2421399999999005,0.3968559999999599
3.2438099999999004,0.3975239999999598
3.2454799999999002,0.39819199999995974
3.2471499999999,0.3988599999999597
3.2488199999999,0.39952799999995964
3.2504899999998997,0.4001959999999596
3.2521599999998996,0.4008639999999595
3.2538299999998994,0.4015319999999594
3.2554999999998993,0.40219999999995937
3.257169999999899,0.4028679999999593
3.258839999999899,0.40353599999995926
3.2605099999998988,0.40420399999995915
3.2621799999998986,0.4048719999999591
3.2638499999998984,0.40553999999995904
3.2655199999998983,0.406207999999959
3.267189999999898,0.40687599999995894
3.268859999999898,0.40754399999995883
3.270529999999898,0.4082119999999588
3.2721999999998976,0.4088799999999587
3.2738699999998975,0.40954799999995867
3.2755399999998973,0.4102159999999586
3.277209999999897,0.4108839999999585
3.278879999999897,0.41155199999995845
3.280549999999897,0.4122199999999584
3.2822199999998967,0.41288799999995834
3.2838899999998965,0.4135559999999583
3.2855599999998963,0.4142239999999582
3.287229999999896,0.4148919999999581
3.288899999999896,0.4155599999999581
3.290569999999896,0.416227999999958
3.2922399999998957,0.41689599999995797
3.2939099999998955,0.41756399999995786
3.2955799999998954,0.4182319999999578
3.297249999999895,0.41889999999995775
3.298919999999895,0.4195679999999577
3.300589999999895,0.42023599999995764
3.3022599999998947,0.42090399999995753
3.3039299999998946,0.4215719999999575
3.3055999999998944,0.4222399999999574
3.3072699999998942,0.4229079999999574
3.308939999999894,0.4235759999999573
3.310609999999894,0.4242439999999572
3.3122799999998938,0.42491199999995716
3.3139499999998936,0.4255799999999571
3.3156199999998934,0.42624799999995705
3.3172899999998933,0.426915999999957
3.318959999999893,0.4275839999999569
3.320629999999893,0.42825199999995683
3.322299999999893,0.4289199999999568
3.3239699999998926,0.4295879999999567
3.3256399999998925,0.4302559999999567
3.3273099999998923,0.43092399999995656
3.328979999999892,0.4315919999999565
3.330649999999892,0.43225999999995646
3.332319999999892,0.4329279999999564
3.3339899999998917,0.43359599999995635
3.3356599999998915,0.43426399999995624
3.3373299999998913,0.4349319999999562
3.338999999999891,0.43559999999995613
3.340669999999891,0.4362679999999561
3.342339999999891,0.436935999999956
3.3440099999998907,0.4376039999999559
3.3456799999998905,0.43827199999995586
3.3473499999998904,0.4389399999999558
3.34901999999989,0.43960799999995576
3.35068999999989,0.4402759999999557
3.35235999999989,0.4409439999999556
3.3540299999998897,0.44161199999995554
3.3556999999998895,0.4422799999999555
3.3573699999998894,0.44294799999995543
3.3590399999998892,0.4436159999999554
3.360709999999889,0.44428399999995527
3.362379999999889,0.4449519999999552
3.3640499999998887,0.44561999999995516
3.3657199999998886,0.4462879999999551
3.3673899999998884,0.44695599999995506
3.3690599999998883,0.44762399999995495
3.370729999999888,0.4482919999999549
3.372399999999888,0.44895999999995484
3.3740699999998878,0.4496279999999548
3.3757399999998876,0.45029599999995473
3.3774099999998874,0.4509639999999546
3.3790799999998873,0.45163199999995457
3.380749999999887,0.4522999999999545
3.382419999999887,0.45296799999995446
3.384089999999887,0.4536359999999544
3.3857599999998866,0.4543039999999543
3.3874299999998865,0.45497199999995425
3.3890999999998863,0.4556399999999542
3.390769999999886,0.45630799999995414
3.392439999999886,0.4569759999999541
3.394109999999886,0.457643999999954
3.3957799999998857,0.4583119999999539
3.3974499999998855,0.45897999999995387
3.3991199999998853,0.4596479999999538
3.400789999999885,0.46031599999995376
3.402459999999885,0.46098399999995365
3.404129999999885,0.4616519999999536
3.4057999999998847,0.46231999999995355
3.4074699999998845,0.4629879999999534
3.4091399999998844,0.4636559999999533
3.410809999999884,0.4643239999999532
3.412479999999884,0.46499199999995317
3.414149999999884,0.4656599999999531
3.4158199999998837,0.46632799999995306
3.4174899999998836,0.466995999999953
3.4191599999998834,0.4676639999999529
3.4208299999998832,0.46833199999995284
3.422499999999883,0.4689999999999528
3.424169999999883,0.46966799999995273
3.4258399999998828,0.4703359999999527
3.4275099999998826,0.47100399999995257
3.4291799999998824,0.4716719999999525
3.4308499999998823,0.47233999999995246
3.432519999999882,0.4730079999999524
3.434189999999882,0.47367599999995236
3.435859999999882,0.47434399999995225
3.4375299999998816,0.4750119999999522
3.4391999999998815,0.47567999999995214
3.4408699999998813,0.4763479999999521
3.442539999999881,0.47701599999995203
3.444209999999881,0.4776839999999519
3.445879999999881,0.47835199999995187
3.4475499999998807,0.4790199999999518
3.4492199999998805,0.47968799999995176
3.4508899999998803,0.4803559999999517
3.45255999999988,0.4810239999999516
3.45422999999988,0.48169199999995155
3.45589999999988,0.4823599999999515
3.4575699999998797,0.48302799999995144
3.4592399999998795,0.4836959999999514
3.4609099999998794,0.4843639999999513
3.462579999999879,0.4850319999999512
3.464249999999879,0.48569999999995117
3.465919999999879,0.4863679999999511
3.4675899999998787,0.48703599999995106
3.4692599999998786,0.48770399999995095
3.4709299999998784,0.4883719999999509
3.4725999999998782,0.48903999999995085
3.474269999999878,0.4897079999999508
3.475939999999878,0.49037599999995074
3.4776099999998777,0.49104399999995063
3.4792799999998776,0.4917119999999506
3.4809499999998774,0.4923799999999505
3.4826199999998773,0.49304799999995047
3.484289999999877,0.4937159999999504
3.485959999999877,0.4943839999999503
3.4876299999998768,0.49505199999995025
3.4892999999998766,0.4957199999999502
3.4909699999998764,0.49638799999995015
3.4926399999998763,0.4970559999999501
3.494309999999876,0.49772399999995
3.495979999999876,0.49839199999994993
3.497649999999876,0.4990599999999499
3.4993199999998756,0.4997279999999498
3.5009899999998755,0.4997030000000372
3.5026599999998753,0.4992020000000372
3.504329999999875,0.49870100000003725
3.505999999999875,0.4982000000000373
3.507669999999875,0.4976990000000374
3.5093399999998747,0.49719800000003744
3.5110099999998745,0.49669700000003747
3.5126799999998743,0.4961960000000375
3.514349999999874,0.4956950000000375
3.516019999999874,0.49519400000003766
3.517689999999874,0.4946930000000377
3.5193599999998737,0.4941920000000377
3.5210299999998735,0.49369100000003774
3.5226999999998734,0.49319000000003776
3.524369999999873,0.4926890000000379
3.526039999999873,0.49218800000003793
3.527709999999873,0.49168700000003795
3.5293799999998727,0.491186000000038
3.5310499999998726,0.490685000000038
3.5327199999998724,0.49018400000003814
3.5343899999998722,0.48968300000003817
3.536059999999872,0.4891820000000382
3.537729999999872,0.4886810000000382
3.5393999999998718,0.48818000000003825
3.5410699999998716,0.4876790000000384
3.5427399999998714,0.4871780000000384
3.5444099999998713,0.48667700000003844
3.546079999999871,0.48617600000003847
3.547749999999871,0.4856750000000385
3.549419999999871,0.48517400000003863
3.5510899999998706,0.48467300000003866
3.5527599999998705,0.4841720000000387
3.5544299999998703,0.48367100000003876
3.55609999999987,0.4831700000000388
3.55776999999987,0.48266900000003893
3.55943999999987,0.48216800000003895
3.5611099999998697,0.481667000000039
3.5627799999998695,0.481166000000039
3.5644499999998693,0.48066500000003903
3.566119999999869,0.48016400000003917
3.567789999999869,0.4796630000000392
3.569459999999869,0.4791620000000392
3.5711299999998687,0.47866100000003925
3.5727999999998685,0.4781600000000393
3.5744699999998684,0.4776590000000394
3.576139999999868,0.47715800000003944
3.577809999999868,0.47665700000003947
3.579479999999868,0.4761560000000395
3.5811499999998677,0.4756550000000395
3.5828199999998676,0.47515400000003966
3.5844899999998674,0.4746530000000397
3.5861599999998672,0.4741520000000397
3.587829999999867,0.47365100000003973
3.589499999999867,0.47315000000003976
3.5911699999998667,0.4726490000000399
3.5928399999998666,0.4721480000000399
3.5945099999998664,0.47164700000003995
3.5961799999998663,0.47114600000004
3.597849999999866,0.47064500000004
3.599519999999866,0.47014400000004014
3.6011899999998658,0.46964300000004017
3.6028599999998656,0.4691420000000402
3.6045299999998655,0.4686410000000402
3.6061999999998653,0.46814000000004025
3.607869999999865,0.4676390000000404
3.609539999999865,0.4671380000000404
3.611209999999865,0.46663700000004044
3.6128799999998646,0.46613600000004046
3.6145499999998645,0.4656350000000405
3.6162199999998643,0.4651340000000406
3.617889999999864,0.46463300000004065
3.619559999999864,0.4641320000000407
3.621229999999864,0.4636310000000407
3.6228999999998637,0.46313000000004073
3.6245699999998635,0.46262900000004087
3.6262399999998634,0.4621280000000409
3.627909999999863,0.4616270000000409
3.629579999999863,0.46112600000004095
3.631249999999863,0.460625000000041
3.6329199999998627,0.4601240000000411
3.6345899999998625,0.45962300000004114
3.6362599999998624,0.45912200000004116
3.637929999999862,0.45862100000004125
3.639599999999862,0.45812000000004127
3.641269999999862,0.4576190000000414
3.6429399999998617,0.45711800000004144
3.6446099999998616,0.45661700000004146
3.6462799999998614,0.4561160000000415
3.6479499999998612,0.4556150000000415
3.649619999999861,0.45511400000004165
3.651289999999861,0.4546130000000417
3.6529599999998608,0.4541120000000417
3.6546299999998606,0.45361100000004173
3.6562999999998604,0.45311000000004176
3.6579699999998603,0.4526090000000419
3.65963999999986,0.4521080000000419
3.66130999999986,0.45160700000004195
3.66297999999986,0.451106000000042
3.6646499999998596,0.450605000000042
3.6663199999998595,0.45010400000004214
3.6679899999998593,0.44960300000004216
3.669659999999859,0.4491020000000422
3.671329999999859,0.4486010000000422
3.672999999999859,0.44810000000004224
3.6746699999998587,0.44759900000004227
3.6763399999998585,0.4470980000000424
3.6780099999998583,0.44659700000004243
3.679679999999858,0.44609600000004246
3.681349999999858,0.4455950000000425
3.683019999999858,0.4450940000000425
3.6846899999998577,0.44459300000004265
3.6863599999998575,0.4440920000000427
3.6880299999998574,0.4435910000000427
3.689699999999857,0.4430900000000427
3.691369999999857,0.44258900000004275
3.693039999999857,0.4420880000000429
3.6947099999998567,0.4415870000000429
3.6963799999998566,0.44108600000004294
3.6980499999998564,0.44058500000004297
3.6997199999998562,0.440084000000043
3.701389999999856,0.43958300000004313
3.703059999999856,0.43908200000004316
3.7047299999998557,0.4385810000000432
3.7063999999998556,0.4380800000000432
3.7080699999998554,0.43757900000004324
3.7097399999998553,0.4370780000000434
3.711409999999855,0.4365770000000434
3.713079999999855,0.43607600000004343
3.714749999999855,0.43557500000004346
3.7164199999998546,0.4350740000000435
3.7180899999998545,0.4345730000000436
3.7197599999998543,0.43407200000004365
3.721429999999854,0.43357100000004367
3.723099999999854,0.4330700000000437
3.724769999999854,0.4325690000000437
3.7264399999998536,0.43206800000004386
3.7281099999998535,0.4315670000000439
3.7297799999998533,0.4310660000000439
3.731449999999853,0.43056500000004394
3.733119999999853,0.43006400000004397
3.734789999999853,0.4295630000000441
3.7364599999998527,0.42906200000004413
3.7381299999998525,0.42856100000004416
3.7397999999998524,0.4280600000000442
3.741469999999852,0.4275590000000442
3.743139999999852,0.42705800000004435
3.744809999999852,0.4265570000000444
3.7464799999998517,0.4260560000000444
3.7481499999998515,0.4255550000000444
3.7498199999998514,0.42505400000004445
3.751489999999851,0.4245530000000446
3.753159999999851,0.4240520000000446
3.754829999999851,0.42355100000004464
3.7564999999998507,0.42305000000004467
3.7581699999998506,0.4225490000000447
3.7598399999998504,0.42204800000004483
3.7615099999998503,0.42154700000004486
3.76317999999985,0.4210460000000449
3.76484999999985,0.4205450000000449
3.7665199999998498,0.42004400000004494
3.7681899999998496,0.4195430000000451
3.7698599999998494,0.4190420000000451
3.7715299999998493,0.4185410000000451
3.773199999999849,0.41804000000004515
3.774869999999849,0.4175390000000452
3.776539999999849,0.4170380000000453
3.7782099999998486,0.41653700000004534
3.7798799999998485,0.41603600000004537
3.7815499999998483,0.4155350000000454
3.783219999999848,0.4150340000000454
3.784889999999848,0.41453300000004556
3.786559999999848,0.4140320000000456
3.7882299999998477,0.4135310000000456
3.7898999999998475,0.41303000000004564
3.7915699999998473,0.41252900000004566
3.793239999999847,0.4120280000000458
3.794909999999847,0.41152700000004583
3.796579999999847,0.41102600000004585
3.7982499999998467,0.4105250000000459
3.7999199999998465,0.4100240000000459
3.8015899999998464,0.40952300000004604
3.803259999999846,0.40902200000004607
3.804929999999846,0.4085210000000461
3.806599999999846,0.40802000000004623
3.8082699999998457,0.40751900000004626
3.8099399999998456,0.4070180000000464
3.8116099999998454,0.4065170000000464
3.8132799999998452,0.40601600000004645
3.814949999999845,0.4055150000000465
3.816619999999845,0.4050140000000465
3.8182899999998448,0.40451300000004664
3.8199599999998446,0.40401200000004667
3.8216299999998444,0.4035110000000467
3.8232999999998443,0.4030100000000467
3.824969999999844,0.40250900000004675
3.826639999999844,0.4020080000000469
3.828309999999844,0.4015070000000469
3.8299799999998436,0.40100600000004694
3.8316499999998435,0.40050500000004696
3.8333199999998433,0.400004000000047
3.834989999999843,0.3995030000000471
3.836659999999843,0.39900200000004715
3.838329999999843,0.3985010000000472
3.8399999999998427,0.3980000000000472
3.8416699999998425,0.39749900000004723
3.8433399999998423,0.39699800000004737
3.845009999999842,0.3964970000000474
3.846679999999842,0.3959960000000474
3.848349999999842,0.39549500000004745
3.8500199999998417,0.3949940000000475
3.8516899999998415,0.3944930000000476
3.8533599999998414,0.39399200000004764
3.855029999999841,0.39349100000004766
3.856699999999841,0.3929900000000477
3.858369999999841,0.3924890000000477
3.8600399999998407,0.39198800000004785
3.8617099999998405,0.3914870000000479
3.8633799999998404,0.3909860000000479
3.8650499999998402,0.39048500000004793
3.86671999999984,0.38998400000004796
3.86838999999984,0.3894830000000481
3.8700599999998397,0.3889820000000481
3.8717299999998396,0.38848100000004815
3.8733999999998394,0.3879800000000482
3.8750699999998393,0.3874790000000482
3.876739999999839,0.38697800000004834
3.878409999999839,0.38647700000004837
3.8800799999998388,0.3859760000000484
3.8817499999998386,0.3854750000000484
3.8834199999998384,0.38497400000004844
3.8850899999998383,0.3844730000000486
3.886759999999838,0.3839720000000486
3.888429999999838,0.38347100000004863
3.890099999999838,0.38297000000004866
3.8917699999998376,0.3824690000000487
3.8934399999998375,0.3819680000000488
3.8951099999998373,0.38146700000004885
3.896779999999837,0.3809660000000489
3.898449999999837,0.3804650000000489
3.900119999999837,0.37996400000004893
3.9017899999998367,0.37946300000004907
3.9034599999998365,0.3789620000000491
3.9051299999998363,0.3784610000000491
3.906799999999836,0.37796000000004915
3.908469999999836,0.37745900000004917
3.910139999999836,0.3769580000000493
3.9118099999998357,0.37645700000004934
3.9134799999998355,0.37595600000004936
3.9151499999998354,0.3754550000000494
3.916819999999835,0.3749540000000494
3.918489999999835,0.37445300000004955
3.920159999999835,0.3739520000000496
3.9218299999998347,0.3734510000000496
3.9234999999998346,0.37295000000004963
3.9251699999998344,0.37244900000004966
3.9268399999998342,0.3719480000000498
3.928509999999834,0.3714470000000498
3.930179999999834,0.37094600000004985
3.9318499999998338,0.3704450000000499
3.9335199999998336,0.3699440000000499
3.9351899999998334,0.36944300000005004
3.9368599999998333,0.36894200000005006
3.938529999999833,0.3684410000000501
3.940199999999833,0.3679400000000501
3.941869999999833,0.36743900000005014
3.9435399999998326,0.3669380000000503
3.9452099999998325,0.3664370000000503
3.9468799999998323,0.36593600000005033
3.948549999999832,0.36543500000005036
3.950219999999832,0.3649340000000504
3.951889999999832,0.3644330000000505
3.9535599999998317,0.36393200000005055
3.9552299999998315,0.3634310000000506
3.9568999999998313,0.3629300000000506
3.958569999999831,0.3624290000000506
3.960239999999831,0.36192800000005076
3.961909999999831,0.3614270000000508
3.9635799999998307,0.3609260000000508
3.9652499999998305,0.36042500000005084
3.9669199999998304,0.35992400000005087
3.96858999999983,0.359423000000051
3.97025999999983,0.35892200000005103
3.97192999999983,0.35842100000005106
3.9735999999998297,0.3579200000000511
3.9752699999998296,0.3574190000000511
3.9769399999998294,0.35691800000005125
3.9786099999998292,0.3564170000000513
3.980279999999829,0.3559160000000513
3.981949999999829,0.35541500000005133
3.9836199999998287,0.35491400000005136
3.9852899999998286,0.3544130000000515
3.9869599999998284,0.3539120000000515
3.9886299999998283,0.35341100000005155
3.990299999999828,0.35291000000005157
3.991969999999828,0.3524090000000516
3.9936399999998278,0.35190800000005173
3.9953099999998276,0.35140700000005176
3.9969799999998274,0.3509060000000518
3.9986499999998273,0.3504050000000518
4.000319999999827,0.34990400000005184
4.001989999999827,0.349403000000052
4.003659999999827,0.3489020000000519
4.005329999999827,0.34840100000005203
4.0069999999998265,0.34790000000005217
4.008669999999826,0.3473990000000521
4.010339999999826,0.3468980000000522
4.012009999999826,0.34639700000005214
4.013679999999826,0.3458960000000523
4.015349999999826,0.3453950000000524
4.0170199999998255,0.3448940000000523
4.018689999999825,0.34439300000005246
4.020359999999825,0.3438920000000524
4.022029999999825,0.3433910000000525
4.023699999999825,0.34289000000005265
4.025369999999825,0.34238900000005257
4.0270399999998245,0.3418880000000527
4.028709999999824,0.3413870000000526
4.030379999999824,0.34088600000005276
4.032049999999824,0.3403850000000529
4.033719999999824,0.3398840000000528
4.035389999999824,0.33938300000005295
4.037059999999824,0.33888200000005286
4.038729999999823,0.338381000000053
4.040399999999823,0.33788000000005314
4.042069999999823,0.33737900000005305
4.043739999999823,0.3368780000000532
4.045409999999823,0.3363770000000531
4.047079999999823,0.33587600000005324
4.048749999999822,0.3353750000000534
4.050419999999822,0.3348740000000533
4.052089999999822,0.33437300000005343
4.053759999999822,0.33387200000005335
4.055429999999822,0.3333710000000535
4.057099999999822,0.3328700000000536
4.0587699999998215,0.33236900000005354
4.060439999999821,0.3318680000000537
4.062109999999821,0.3313670000000536
4.063779999999821,0.33086600000005373
4.065449999999821,0.33036500000005387
4.067119999999821,0.3298640000000538
4.0687899999998205,0.3293630000000539
4.07045999999982,0.32886200000005383
4.07212999999982,0.32836100000005397
4.07379999999982,0.3278600000000541
4.07546999999982,0.327359000000054
4.07713999999982,0.32685800000005416
4.0788099999998195,0.3263570000000541
4.080479999999819,0.3258560000000542
4.082149999999819,0.32535500000005435
4.083819999999819,0.32485400000005427
4.085489999999819,0.3243530000000544
4.087159999999819,0.3238520000000543
4.0888299999998186,0.32335100000005446
4.090499999999818,0.3228500000000546
4.092169999999818,0.3223490000000545
4.093839999999818,0.32184800000005465
4.095509999999818,0.32134700000005456
4.097179999999818,0.3208460000000547
4.098849999999818,0.32034500000005484
4.100519999999817,0.31984400000005475
4.102189999999817,0.3193430000000549
4.103859999999817,0.3188420000000548
4.105529999999817,0.31834100000005494
4.107199999999817,0.3178400000000551
4.108869999999817,0.317339000000055
4.1105399999998165,0.31683800000005513
4.112209999999816,0.31633700000005505
4.113879999999816,0.3158360000000552
4.115549999999816,0.3153350000000553
4.117219999999816,0.31483400000005524
4.118889999999816,0.3143330000000554
4.1205599999998155,0.3138320000000553
4.122229999999815,0.3133310000000554
4.123899999999815,0.31283000000005556
4.125569999999815,0.3123290000000555
4.127239999999815,0.3118280000000556
4.128909999999815,0.31132700000005553
4.1305799999998145,0.31082600000005567
4.132249999999814,0.3103250000000558
4.133919999999814,0.3098240000000557
4.135589999999814,0.30932300000005586
4.137259999999814,0.308822000000056
4.138929999999814,0.3083210000000559
4.1405999999998135,0.30782000000005605
4.142269999999813,0.30731900000005596
4.143939999999813,0.3068180000000561
4.145609999999813,0.30631700000005624
4.147279999999813,0.30581600000005615
4.148949999999813,0.3053150000000563
4.150619999999813,0.3048140000000562
4.152289999999812,0.30431300000005634
4.153959999999812,0.3038120000000565
4.155629999999812,0.3033110000000564
4.157299999999812,0.30281000000005653
4.158969999999812,0.30230900000005645
4.160639999999812,0.3018080000000566
4.162309999999811,0.3013070000000567
4.163979999999811,0.30080600000005664
4.165649999999811,0.3003050000000568
4.167319999999811,0.2998040000000567
4.168989999999811,0.29930300000005683
4.170659999999811,0.29880200000005697
4.1723299999998105,0.2983010000000569
4.17399999999981,0.297800000000057
4.17566999999981,0.29729900000005693
4.17733999999981,0.29679800000005707
4.17900999999981,0.2962970000000572
4.18067999999981,0.2957960000000571
4.1823499999998095,0.29529500000005726
4.184019999999809,0.2947940000000572
4.185689999999809,0.2942930000000573
4.187359999999809,0.29379200000005745
4.189029999999809,0.29329100000005737
4.190699999999809,0.2927900000000575
4.1923699999998085,0.2922890000000574
4.194039999999808,0.29178800000005767
4.195709999999808,0.2912870000000578
4.197379999999808,0.2907860000000577
4.199049999999808,0.29028500000005786
4.200719999999808,0.2897840000000578
4.202389999999808,0.2892830000000579
4.204059999999807,0.28878200000005805
4.205729999999807,0.28828100000005796
4.207399999999807,0.2877800000000581
4.209069999999807,0.287279000000058
4.210739999999807,0.28677800000005815
4.212409999999807,0.2862770000000583
4.214079999999806,0.2857760000000582
4.215749999999806,0.28527500000005834
4.217419999999806,0.28477400000005826
4.219089999999806,0.2842730000000584
4.220759999999806,0.28377200000005853
4.222429999999806,0.28327100000005845
4.2240999999998055,0.2827700000000586
4.225769999999805,0.2822690000000585
4.227439999999805,0.28176800000005864
4.229109999999805,0.2812670000000588
4.230779999999805,0.2807660000000587
4.232449999999805,0.28026500000005883
4.2341199999998045,0.27976400000005874
4.235789999999804,0.2792630000000589
4.237459999999804,0.278762000000059
4.239129999999804,0.27826100000005893
4.240799999999804,0.27776000000005907
4.242469999999804,0.277259000000059
4.2441399999998035,0.2767580000000591
4.245809999999803,0.27625700000005926
4.247479999999803,0.2757560000000592
4.249149999999803,0.2752550000000593
4.250819999999803,0.27475400000005923
4.252489999999803,0.27425300000005937
4.2541599999998025,0.2737520000000595
4.255829999999802,0.2732510000000594
4.257499999999802,0.27275000000005956
4.259169999999802,0.27224900000005947
4.260839999999802,0.2717480000000596
4.262509999999802,0.27124700000005975
4.264179999999802,0.27074600000005966
4.265849999999801,0.2702450000000598
4.267519999999801,0.2697440000000597
4.269189999999801,0.26924300000005985
4.270859999999801,0.26874200000006
4.272529999999801,0.2682410000000599
4.274199999999801,0.26774000000006004
4.2758699999998,0.26723900000005996
4.2775399999998,0.2667380000000601
4.2792099999998,0.26623700000006023
4.2808799999998,0.26573600000006015
4.2825499999998,0.2652350000000603
4.2842199999998,0.2647340000000602
4.2858899999997995,0.26423300000006034
4.287559999999799,0.2637320000000605
4.289229999999799,0.2632310000000604
4.290899999999799,0.2627300000000605
4.292569999999799,0.26222900000006044
4.294239999999799,0.2617280000000606
4.2959099999997985,0.2612270000000607
4.297579999999798,0.26072600000006063
4.299249999999798,0.26022500000006077
4.300919999999798,0.2597240000000607
4.302589999999798,0.2592230000000608
4.304259999999798,0.25872200000006096
4.3059299999997975,0.2582210000000609
4.307599999999797,0.257720000000061
4.309269999999797,0.2572190000000609
4.310939999999797,0.25671800000006106
4.312609999999797,0.2562170000000612
4.314279999999797,0.2557160000000611
4.315949999999797,0.25521500000006125
4.317619999999796,0.25471400000006117
4.319289999999796,0.2542130000000613
4.320959999999796,0.25371200000006144
4.322629999999796,0.25321100000006136
4.324299999999796,0.2527100000000615
4.325969999999796,0.2522090000000614
4.327639999999795,0.25170800000006155
4.329309999999795,0.2512070000000617
4.330979999999795,0.2507060000000616
4.332649999999795,0.25020500000006174
4.334319999999795,0.24970400000006165
4.335989999999795,0.2492030000000618
4.3376599999997945,0.24870200000006193
4.339329999999794,0.24820100000006184
4.340999999999794,0.24770000000006198
4.342669999999794,0.24719900000006212
4.344339999999794,0.24669800000006203
4.346009999999794,0.24619700000006217
4.3476799999997935,0.2456960000000621
4.349349999999793,0.24519500000006222
4.351019999999793,0.24469400000006236
4.352689999999793,0.24419300000006228
4.354359999999793,0.24369200000006241
4.356029999999793,0.24319100000006233
4.3576999999997925,0.24269000000006247
4.359369999999792,0.2421890000000626
4.361039999999792,0.24168800000006252
4.362709999999792,0.24118700000006266
4.364379999999792,0.24068600000006257
4.366049999999792,0.2401850000000627
4.3677199999997915,0.23968400000006285
4.369389999999791,0.23918300000006276
4.371059999999791,0.2386820000000629
4.372729999999791,0.23818100000006281
4.374399999999791,0.23768000000006295
4.376069999999791,0.2371790000000631
4.377739999999791,0.236678000000063
4.37940999999979,0.23617700000006314
4.38107999999979,0.23567600000006306
4.38274999999979,0.2351750000000632
4.38441999999979,0.23467400000006333
4.38608999999979,0.23417300000006325
4.38775999999979,0.23367200000006338
4.3894299999997894,0.2331710000000633
4.391099999999789,0.23267000000006344
4.392769999999789,0.23216900000006357
4.394439999999789,0.2316680000000635
4.396109999999789,0.23116700000006363
4.397779999999789,0.23066600000006354
4.3994499999997885,0.23016500000006368
4.401119999999788,0.22966400000006382
4.402789999999788,0.22916300000006373
4.404459999999788,0.22866200000006387
4.406129999999788,0.22816100000006379
4.407799999999788,0.22766000000006403
4.4094699999997875,0.22715900000006417
4.411139999999787,0.22665800000006409
4.412809999999787,0.22615700000006422
4.414479999999787,0.22565600000006414
4.416149999999787,0.22515500000006428
4.417819999999787,0.2246540000000644
4.4194899999997865,0.22415300000006433
4.421159999999786,0.22365200000006447
4.422829999999786,0.22315100000006438
4.424499999999786,0.22265000000006452
4.426169999999786,0.22214900000006466
4.427839999999786,0.22164800000006457
4.429509999999786,0.2211470000000647
4.431179999999785,0.22064600000006462
4.432849999999785,0.22014500000006476
4.434519999999785,0.2196440000000649
4.436189999999785,0.2191430000000648
4.437859999999785,0.21864200000006495
4.439529999999785,0.21814100000006487
4.441199999999784,0.217640000000065
4.442869999999784,0.21713900000006514
4.444539999999784,0.21663800000006506
4.446209999999784,0.2161370000000652
4.447879999999784,0.2156360000000651
4.449549999999784,0.21513500000006525
4.4512199999997835,0.21463400000006538
4.452889999999783,0.2141330000000653
4.454559999999783,0.21363200000006544
4.456229999999783,0.21313100000006535
4.457899999999783,0.2126300000000655
4.459569999999783,0.21212900000006563
4.4612399999997825,0.21162800000006554
4.462909999999782,0.21112700000006568
4.464579999999782,0.2106260000000656
4.466249999999782,0.21012500000006573
4.467919999999782,0.20962400000006587
4.469589999999782,0.20912300000006578
4.4712599999997815,0.20862200000006592
4.472929999999781,0.20812100000006584
4.474599999999781,0.20762000000006597
4.476269999999781,0.2071190000000661
4.477939999999781,0.20661800000006603
4.479609999999781,0.20611700000006616
4.4812799999997806,0.20561600000006608
4.48294999999978,0.20511500000006622
4.48461999999978,0.20461400000006635
4.48628999999978,0.20411300000006627
4.48795999999978,0.2036120000000664
4.48962999999978,0.20311100000006632
4.49129999999978,0.20261000000006646
4.492969999999779,0.2021090000000666
4.494639999999779,0.2016080000000665
4.496309999999779,0.20110700000006665
4.497979999999779,0.20060600000006656
4.499649999999779,0.2001050000000667
4.501319999999779,0.20000000000000018
4.5029899999997784,0.20000000000000007
4.504659999999778,0.20000000000000007
4.506329999999778,0.19999999999999996
4.507999999999778,0.20000000000000007
4.509669999999778,0.20000000000000018
4.511339999999778,0.20000000000000007
4.5130099999997775,0.20000000000000007
4.514679999999777,0.19999999999999996
4.516349999999777,0.20000000000000007
4.518019999999777,0.20000000000000018
4.519689999999777,0.20000000000000007
4.521359999999777,0.20000000000000007
4.5230299999997765,0.19999999999999996
4.524699999999776,0.20000000000000007
4.526369999999776,0.20000000000000018
4.528039999999776,0.20000000000000007
4.529709999999776,0.20000000000000007
4.531379999999776,0.19999999999999996
4.5330499999997755,0.20000000000000007
4.534719999999775,0.20000000000000018
4.536389999999775,0.20000000000000007
4.538059999999775,0.20000000000000007
4.539729999999775,0.19999999999999996
4.541399999999775,0.20000000000000007
4.543069999999775,0.20000000000000018
4.544739999999774,0.20000000000000007
4.546409999999774,0.20000000000000007
4.548079999999774,0.19999999999999996
4.549749999999774,0.20000000000000007
4.551419999999774,0.20000000000000018
4.553089999999774,0.20000000000000007
4.554759999999773,0.20000000000000007
4.556429999999773,0.19999999999999996
4.558099999999773,0.20000000000000007
4.559769999999773,0.20000000000000018
4.561439999999773,0.20000000000000007
4.563109999999773,0.20000000000000007
4.5647799999997725,0.19999999999999996
4.566449999999772,0.20000000000000007
4.568119999999772,0.20000000000000018
4.569789999999772,0.20000000000000007
4.571459999999772,0.20000000000000007
4.573129999999772,0.19999999999999996
4.5747999999997715,0.20000000000000007
4.576469999999771,0.20000000000000018
4.578139999999771,0.20000000000000007
4.579809999999771,0.20000000000000007
4.581479999999771,0.19999999999999996
4.583149999999771,0.20000000000000007
4.5848199999997705,0.20000000000000018
4.58648999999977,0.20000000000000007
4.58815999999977,0.20000000000000007
4.58982999999977,0.19999999999999996
4.59149999999977,0.20000000000000007
4.59316999999977,0.20000000000000018
4.5948399999997696,0.20000000000000007
4.596509999999769,0.20000000000000007
4.598179999999769,0.19999999999999996
4.599849999999769,0.20000000000000007
4.601519999999769,0.20000000000000018
4.603189999999769,0.20000000000000007
4.604859999999769,0.20000000000000007
4.606529999999768,0.19999999999999996
4.608199999999768,0.20000000000000007
4.609869999999768,0.20000000000000018
4.611539999999768,0.20000000000000007
4.613209999999768,0.20000000000000007
4.614879999999768,0.19999999999999996
4.6165499999997675,0.20000000000000007
4.618219999999767,0.20000000000000018
4.619889999999767,0.20000000000000007
4.621559999999767,0.20000000000000007
4.623229999999767,0.19999999999999996
4.624899999999767,0.20000000000000007
4.6265699999997665,0.20000000000000018
4.628239999999766,0.20000000000000007
4.629909999999766,0.20000000000000007
4.631579999999766,0.19999999999999996
4.633249999999766,0.20000000000000007
4.634919999999766,0.20000000000000018
4.6365899999997655,0.20000000000000007
4.638259999999765,0.20000000000000007
4.639929999999765,0.20000000000000018
4.641599999999765,0.20000000000000007
4.643269999999765,0.20000000000000018
4.644939999999765,0.20000000000000007
4.6466099999997645,0.20000000000000007
4.648279999999764,0.20000000000000018
4.649949999999764,0.20000000000000007
4.651619999999764,0.20000000000000018
4.653289999999764,0.20000000000000007
4.654959999999764,0.20000000000000007
4.656629999999764,0.20000000000000018
4.658299999999763,0.20000000000000007
4.659969999999763,0.20000000000000018
4.661639999999763,0.20000000000000007
4.663309999999763,0.20000000000000007
4.664979999999763,0.20000000000000018
4.666649999999763,0.20000000000000007
4.668319999999762,0.20000000000000018
4.669989999999762,0.20000000000000007
4.671659999999762,0.20000000000000007
4.673329999999762,0.20000000000000018
4.674999999999762,0.20000000000000007
4.676669999999762,0.20000000000000018
4.6783399999997615,0.20000000000000007
4.680009999999761,0.20000000000000018
4.681679999999761,0.20000000000000018
4.683349999999761,0.20000000000000007
4.685019999999761,0.20000000000000018
4.686689999999761,0.20000000000000007
4.6883599999997605,0.20000000000000018
4.69002999999976,0.20000000000000018
4.69169999999976,0.20000000000000007
4.69336999999976,0.20000000000000018
4.69503999999976,0.20000000000000007
4.69670999999976,0.20000000000000018
4.6983799999997595,0.20000000000000018
4.700049999999759,0.20000000000000007
4.701719999999759,0.20000000000000018
4.703389999999759,0.20000000000000007
4.705059999999759,0.20000000000000018
4.706729999999759,0.20000000000000018
4.708399999999759,0.20000000000000007
4.710069999999758,0.20000000000000018
4.711739999999758,0.20000000000000007
4.713409999999758,0.20000000000000018
4.715079999999758,0.20000000000000018
4.716749999999758,0.20000000000000007
4.718419999999758,0.20000000000000018
4.720089999999757,0.20000000000000007
4.721759999999757,0.20000000000000018
4.723429999999757,0.20000000000000018
4.725099999999757,0.20000000000000007
4.726769999999757,0.20000000000000018
4.728439999999757,0.20000000000000007
4.7301099999997565,0.20000000000000018
4.731779999999756,0.20000000000000018
4.733449999999756,0.20000000000000007
4.735119999999756,0.20000000000000018
4.736789999999756,0.20000000000000007
4.738459999999756,0.20000000000000018
4.7401299999997555,0.20000000000000018
4.741799999999755,0.20000000000000007
4.743469999999755,0.20000000000000018
4.745139999999755,0.20000000000000007
4.746809999999755,0.20000000000000018
4.748479999999755,0.20000000000000018
4.7501499999997545,0.20000000000000007
4.751819999999754,0.20000000000000018
4.753489999999754,0.20000000000000007
4.755159999999754,0.20000000000000018
4.756829999999754,0.20000000000000018
4.758499999999754,0.20000000000000007
4.7601699999997535,0.20000000000000018
4.761839999999753,0.20000000000000007
4.763509999999753,0.20000000000000018
4.765179999999753,0.20000000000000018
4.766849999999753,0.20000000000000007
4.768519999999753,0.20000000000000018
4.770189999999753,0.20000000000000007
4.771859999999752,0.20000000000000018
4.773529999999752,0.20000000000000018
4.775199999999752,0.20000000000000007
4.776869999999752,0.20000000000000018
4.778539999999752,0.20000000000000007
4.780209999999752,0.20000000000000018
4.781879999999751,0.20000000000000018
4.783549999999751,0.20000000000000007
4.785219999999751,0.20000000000000018
4.786889999999751,0.20000000000000007
4.788559999999751,0.20000000000000018
4.790229999999751,0.20000000000000018
4.7918999999997505,0.20000000000000007
4.79356999999975,0.20000000000000018
4.79523999999975,0.20000000000000007
4.79690999999975,0.20000000000000018
4.79857999999975,0.20000000000000018
4.80024999999975,0.20000000000000007
4.8019199999997495,0.20000000000000018
4.803589999999749,0.20000000000000007
4.805259999999749,0.20000000000000018
4.806929999999749,0.20000000000000018
4.808599999999749,0.20000000000000007
4.810269999999749,0.20000000000000018
4.8119399999997485,0.20000000000000007
4.813609999999748,0.20000000000000018
4.815279999999748,0.20000000000000018
4.816949999999748,0.20000000000000007
4.818619999999748,0.20000000000000018
4.820289999999748,0.20000000000000007
4.821959999999748,0.20000000000000018
4.823629999999747,0.20000000000000018
4.825299999999747,0.20000000000000007
4.826969999999747,0.20000000000000018
4.828639999999747,0.20000000000000007
4.830309999999747,0.20000000000000018
4.831979999999747,0.20000000000000018
4.833649999999746,0.20000000000000007
4.835319999999746,0.20000000000000018
4.836989999999746,0.2000000000000003
4.838659999999746,0.20000000000000018
4.840329999999746,0.20000000000000018
4.841999999999746,0.20000000000000007
4.8436699999997455,0.20000000000000018
4.845339999999745,0.2000000000000003
4.847009999999745,0.20000000000000018
4.848679999999745,0.20000000000000018
4.850349999999745,0.20000000000000007
4.852019999999745,0.20000000000000018
4.8536899999997445,0.2000000000000003
4.855359999999744,0.20000000000000018
4.857029999999744,0.20000000000000018
4.858699999999744,0.20000000000000007
4.860369999999744,0.20000000000000018
4.862039999999744,0.2000000000000003
4.8637099999997435,0.20000000000000018
4.865379999999743,0.20000000000000018
4.867049999999743,0.20000000000000007
4.868719999999743,0.20000000000000018
4.870389999999743,0.2000000000000003
4.872059999999743,0.20000000000000018
4.8737299999997425,0.20000000000000018
4.875399999999742,0.20000000000000007
4.877069999999742,0.20000000000000018
4.878739999999742,0.2000000000000003
4.880409999999742,0.20000000000000018
4.882079999999742,0.20000000000000018
4.883749999999742,0.20000000000000007
4.885419999999741,0.20000000000000018
4.887089999999741,0.2000000000000003
4.888759999999741,0.20000000000000018
4.890429999999741,0.20000000000000018
4.892099999999741,0.20000000000000007
4.893769999999741,0.20000000000000018
4.89543999999974,0.2000000000000003
4.89710999999974,0.20000000000000018
4.89877999999974,0.20000000000000018
4.90044999999974,0.20000000000000007
4.90211999999974,0.20000000000000018
4.90378999999974,0.2000000000000003
4.9054599999997395,0.20000000000000018
4.907129999999739,0.20000000000000018
4.908799999999739,0.20000000000000007
4.910469999999739,0.20000000000000018
4.912139999999739,0.2000000000000003
4.913809999999739,0.20000000000000018
4.9154799999997385,0.20000000000000018
4.917149999999738,0.20000000000000007
4.918819999999738,0.20000000000000018
4.920489999999738,0.2000000000000003
4.922159999999738,0.20000000000000018
4.923829999999738,0.20000000000000018
4.9254999999997375,0.20000000000000007
4.927169999999737,0.20000000000000018
4.928839999999737,0.2000000000000003
4.930509999999737,0.20000000000000018
4.932179999999737,0.20000000000000018
4.933849999999737,0.20000000000000007
4.935519999999737,0.20000000000000018
4.937189999999736,0.2000000000000003
4.938859999999736,0.20000000000000018
4.940529999999736,0.20000000000000018
4.942199999999736,0.20000000000000007
4.943869999999736,0.20000000000000018
4.945539999999736,0.2000000000000003
4.947209999999735,0.20000000000000018
4.948879999999735,0.20000000000000018
4.950549999999735,0.20000000000000007
4.952219999999735,0.20000000000000018
4.953889999999735,0.2000000000000003
4.955559999999735,0.20000000000000018
4.9572299999997345,0.20000000000000018
4.958899999999734,0.20000000000000007
4.960569999999734,0.20000000000000018
4.962239999999734,0.2000000000000003
4.963909999999734,0.20000000000000018
4.965579999999734,0.20000000000000018
4.9672499999997335,0.20000000000000007
4.968919999999733,0.20000000000000018
4.970589999999733,0.2000000000000003
4.972259999999733,0.20000000000000018
4.973929999999733,0.20000000000000018
4.975599999999733,0.20000000000000007
4.9772699999997325,0.20000000000000018
4.978939999999732,0.2000000000000003
4.980609999999732,0.20000000000000018
4.982279999999732,0.20000000000000018
4.983949999999732,0.20000000000000007
4.985619999999732,0.20000000000000018
4.9872899999997315,0.2000000000000003
4.988959999999731,0.20000000000000018
4.990629999999731,0.20000000000000018
4.992299999999731,0.20000000000000007
4.993969999999731,0.20000000000000018
4.995639999999731,0.2000000000000003
4.997309999999731,0.20000000000000018
4.99897999999973,0.20000000000000018
5.00064999999973,0.20000000000000018
5.00231999999973,0.20000000000000018
5.00398999999973,0.20000000000000018
5.00565999999973,0.20000000000000018
5.00732999999973,0.20000000000000018
5.0089999999997294,0.20000000000000018
5.010669999999729,0.20000000000000018
5.012339999999729,0.20000000000000018
5.014009999999729,0.20000000000000018
5.015679999999729,0.20000000000000018
5.017349999999729,0.20000000000000018
5.0190199999997285,0.20000000000000018
5.020689999999728,0.20000000000000018
5.022359999999728,0.20000000000000018
5.024029999999728,0.20000000000000018
5.025699999999728,0.20000000000000018
5.027369999999728,0.20000000000000018
5.0290399999997275,0.20000000000000018
5.030709999999727,0.20000000000000018
5.032379999999727,0.20000000000000018
5.034049999999727,0.20000000000000018
5.035719999999727,0.20000000000000018
5.037389999999727,0.20000000000000018
5.0390599999997265,0.20000000000000018
5.040729999999726,0.20000000000000018
5.042399999999726,0.20000000000000018
5.044069999999726,0.20000000000000018
5.045739999999726,0.20000000000000018
5.047409999999726,0.20000000000000018
5.049079999999726,0.20000000000000018
5.050749999999725,0.20000000000000018
5.052419999999725,0.20000000000000018
5.054089999999725,0.20000000000000018
5.055759999999725,0.20000000000000018
5.057429999999725,0.20000000000000018
5.059099999999725,0.20000000000000018
5.060769999999724,0.20000000000000018
5.062439999999724,0.20000000000000018
5.064109999999724,0.20000000000000018
5.065779999999724,0.20000000000000018
5.067449999999724,0.20000000000000018
5.069119999999724,0.20000000000000018
5.0707899999997235,0.20000000000000018
5.072459999999723,0.20000000000000018
5.074129999999723,0.20000000000000018
5.075799999999723,0.20000000000000018
5.077469999999723,0.20000000000000018
5.079139999999723,0.20000000000000018
5.0808099999997225,0.20000000000000018
5.082479999999722,0.20000000000000018
5.084149999999722,0.20000000000000018
5.085819999999722,0.20000000000000018
5.087489999999722,0.20000000000000018
5.089159999999722,0.20000000000000018
5.0908299999997215,0.20000000000000018
5.092499999999721,0.20000000000000018
5.094169999999721,0.20000000000000018
5.095839999999721,0.20000000000000018
5.097509999999721,0.20000000000000018
5.099179999999721,0.20000000000000018
5.1008499999997206,0.20000000000000018
5.10251999999972,0.20000000000000018
5.10418999999972,0.20000000000000018
5.10585999999972,0.20000000000000018
5.10752999999972,0.20000000000000018
5.10919999999972,0.20000000000000018
5.11086999999972,0.20000000000000018
5.112539999999719,0.20000000000000018
5.114209999999719,0.20000000000000018
5.115879999999719,0.20000000000000018
5.117549999999719,0.20000000000000018
5.119219999999719,0.20000000000000018
5.120889999999719,0.20000000000000018
5.1225599999997184,0.20000000000000018
5.124229999999718,0.20000000000000018
5.125899999999718,0.20000000000000018
5.127569999999718,0.20000000000000018
5.129239999999718,0.20000000000000018
5.130909999999718,0.20000000000000018
5.1325799999997175,0.20000000000000018
5.134249999999717,0.20000000000000018
5.135919999999717,0.20000000000000018
5.137589999999717,0.20000000000000018
5.139259999999717,0.20000000000000018
5.140929999999717,0.20000000000000018
5.1425999999997165,0.20000000000000018
5.144269999999716,0.20000000000000018
5.145939999999716,0.20000000000000018
5.147609999999716,0.20000000000000018
5.149279999999716,0.20000000000000018
5.150949999999716,0.20000000000000018
5.1526199999997155,0.20000000000000018
5.154289999999715,0.20000000000000018
5.155959999999715,0.20000000000000018
5.157629999999715,0.20000000000000018
5.159299999999715,0.20000000000000018
5.160969999999715,0.20000000000000018
5.162639999999715,0.20000000000000018
5.164309999999714,0.20000000000000018
5.165979999999714,0.20000000000000018
5.167649999999714,0.20000000000000018
5.169319999999714,0.20000000000000018
5.170989999999714,0.20000000000000018
5.172659999999714,0.20000000000000018
5.174329999999713,0.20000000000000018
5.175999999999713,0.20000000000000018
5.177669999999713,0.20000000000000018
5.179339999999713,0.20000000000000018
5.181009999999713,0.20000000000000018
5.182679999999713,0.20000000000000018
5.1843499999997125,0.20000000000000018
5.186019999999712,0.20000000000000018
5.187689999999712,0.20000000000000018
5.189359999999712,0.20000000000000018
5.191029999999712,0.20000000000000018
5.192699999999712,0.20000000000000018
5.1943699999997115,0.20000000000000018
5.196039999999711,0.20000000000000018
5.197709999999711,0.20000000000000018
5.199379999999711,0.20000000000000018
5.201049999999711,0.20000000000000018
5.202719999999711,0.20000000000000018
5.2043899999997105,0.20000000000000018
5.20605999999971,0.20000000000000018
5.20772999999971,0.20000000000000018
5.20939999999971,0.20000000000000018
5.21106999999971,0.20000000000000018
5.21273999999971,0.20000000000000018
5.2144099999997096,0.20000000000000018
5.216079999999709,0.20000000000000018
5.217749999999709,0.20000000000000018
5.219419999999709,0.20000000000000018
5.221089999999709,0.20000000000000018
5.222759999999709,0.20000000000000018
5.224429999999709,0.20000000000000018
5.226099999999708,0.20000000000000018
5.227769999999708,0.20000000000000018
5.229439999999708,0.20000000000000018
5.231109999999708,0.20000000000000018
5.232779999999708,0.20000000000000018
5.234449999999708,0.20000000000000018
5.2361199999997075,0.20000000000000018
5.237789999999707,0.20000000000000018
5.239459999999707,0.20000000000000018
5.241129999999707,0.20000000000000018
5.242799999999707,0.20000000000000018
5.244469999999707,0.20000000000000018
5.2461399999997065,0.20000000000000018
5.247809999999706,0.20000000000000018
5.249479999999706,0.20000000000000018
5.251149999999706,0.20000000000000018
5.252819999999706,0.20000000000000018
5.254489999999706,0.20000000000000018
5.2561599999997055,0.20000000000000018
5.257829999999705,0.20000000000000018
5.259499999999705,0.20000000000000018
5.261169999999705,0.20000000000000018
5.262839999999705,0.20000000000000018
5.264509999999705,0.20000000000000018
5.2661799999997045,0.20000000000000018
5.267849999999704,0.20000000000000018
5.269519999999704,0.20000000000000018
5.271189999999704,0.20000000000000018
5.272859999999704,0.20000000000000018
5.274529999999704,0.20000000000000018
5.276199999999704,0.20000000000000018
5.277869999999703,0.20000000000000018
5.279539999999703,0.20000000000000018
5.281209999999703,0.20000000000000018
5.282879999999703,0.20000000000000018
5.284549999999703,0.20000000000000018
5.286219999999703,0.20000000000000018
5.287889999999702,0.20000000000000018
5.289559999999702,0.20000000000000018
5.291229999999702,0.20000000000000018
5.292899999999702,0.20000000000000018
5.294569999999702,0.20000000000000018
5.296239999999702,0.20000000000000018
5.2979099999997015,0.20000000000000018
5.299579999999701,0.20000000000000018
5.301249999999701,0.20000000000000018
5.302919999999701,0.20000000000000018
5.304589999999701,0.20000000000000018
5.306259999999701,0.20000000000000018
5.3079299999997005,0.20000000000000018
5.3095999999997,0.20000000000000018
5.3112699999997,0.20000000000000018
5.3129399999997,0.20000000000000018
5.3146099999997,0.20000000000000018
5.3162799999997,0.20000000000000018
5.3179499999996995,0.20000000000000018
5.319619999999699,0.20000000000000018
5.321289999999699,0.20000000000000018
5.322959999999699,0.20000000000000018
5.324629999999699,0.20000000000000018
5.326299999999699,0.20000000000000018
5.327969999999699,0.20000000000000018
5.329639999999698,0.20000000000000018
5.331309999999698,0.20000000000000018
5.332979999999698,0.20000000000000018
5.334649999999698,0.20000000000000018
5.336319999999698,0.20000000000000018
5.337989999999698,0.20000000000000018
5.339659999999697,0.20000000000000018
5.341329999999697,0.20000000000000018
5.342999999999697,0.20000000000000018
5.344669999999697,0.20000000000000018
5.346339999999697,0.20000000000000018
5.348009999999697,0.20000000000000018
5.3496799999996965,0.20000000000000018
5.351349999999696,0.20000000000000018
5.353019999999696,0.20000000000000018
5.354689999999696,0.20000000000000018
5.356359999999696,0.20000000000000018
5.358029999999696,0.20000000000000018
5.3596999999996955,0.20000000000000018
5.361369999999695,0.20000000000000018
5.363039999999695,0.20000000000000018
5.364709999999695,0.20000000000000018
5.366379999999695,0.20000000000000018
5.368049999999695,0.20000000000000018
5.3697199999996945,0.20000000000000018
5.371389999999694,0.20000000000000018
5.373059999999694,0.20000000000000018
5.374729999999694,0.20000000000000018
5.376399999999694,0.20000000000000018
5.378069999999694,0.20000000000000018
5.3797399999996935,0.20000000000000018
5.381409999999693,0.20000000000000018
5.383079999999693,0.20000000000000018
5.384749999999693,0.20000000000000018
5.386419999999693,0.20000000000000018
5.388089999999693,0.20000000000000018
5.389759999999693,0.20000000000000018
5.391429999999692,0.20000000000000018
5.393099999999692,0.20000000000000018
5.394769999999692,0.20000000000000018
5.396439999999692,0.20000000000000018
5.398109999999692,0.20000000000000018
5.399779999999692,0.20000000000000018
5.401449999999691,0.20000000000000018
5.403119999999691,0.20000000000000018
5.404789999999691,0.20000000000000018
5.406459999999691,0.20000000000000018
5.408129999999691,0.20000000000000018
5.409799999999691,0.20000000000000018
5.4114699999996905,0.20000000000000018
5.41313999999969,0.20000000000000018
5.41480999999969,0.20000000000000018
5.41647999999969,0.20000000000000018
5.41814999999969,0.20000000000000018
5.41981999999969,0.20000000000000018
5.4214899999996895,0.20000000000000018
5.423159999999689,0.20000000000000018
5.424829999999689,0.20000000000000018
5.426499999999689,0.20000000000000018
5.428169999999689,0.20000000000000018
5.429839999999689,0.20000000000000018
5.4315099999996885,0.20000000000000018
5.433179999999688,0.20000000000000018
5.434849999999688,0.20000000000000018
5.436519999999688,0.20000000000000018
5.438189999999688,0.20000000000000018
5.439859999999688,0.20000000000000018
5.441529999999688,0.20000000000000018
5.443199999999687,0.20000000000000018
5.444869999999687,0.20000000000000018
5.446539999999687,0.20000000000000018
5.448209999999687,0.20000000000000018
5.449879999999687,0.20000000000000018
5.451549999999687,0.20000000000000018
5.453219999999686,0.20000000000000018
5.454889999999686,0.20000000000000018
5.456559999999686,0.20000000000000018
5.458229999999686,0.20000000000000018
5.459899999999686,0.20000000000000018
5.461569999999686,0.20000000000000018
5.4632399999996855,0.20000000000000018
5.464909999999685,0.20000000000000018
5.466579999999685,0.20000000000000018
5.468249999999685,0.20000000000000018
5.469919999999685,0.20000000000000018
5.471589999999685,0.20000000000000018
5.4732599999996845,0.20000000000000018
5.474929999999684,0.20000000000000018
5.476599999999684,0.20000000000000018
5.478269999999684,0.20000000000000018
5.479939999999684,0.20000000000000018
5.481609999999684,0.20000000000000018
5.4832799999996835,0.20000000000000018
5.484949999999683,0.20000000000000018
5.486619999999683,0.20000000000000018
5.488289999999683,0.20000000000000018
5.489959999999683,0.20000000000000018
5.491629999999683,0.20000000000000018
5.4932999999996825,0.20000000000000018
5.494969999999682,0.20000000000000018
5.496639999999682,0.20000000000000018
5.498309999999682,0.20000000000000018
5.499979999999682,0.20000000000000018
5.501649999999682,0.20016499999996817
5.503319999999682,0.20033199999996842
5.504989999999681,0.20049899999996823
5.506659999999681,0.20066599999996804
5.508329999999681,0.2008329999999683
5.509999999999681,0.2009999999999681
5.511669999999681,0.20116699999996834
5.513339999999681,0.20133399999996815
5.5150099999996804,0.20150099999996796
5.51667999999968,0.2016679999999682
5.51834999999968,0.201834999999968
5.52001999999968,0.20200199999996826
5.52168999999968,0.20216899999996807
5.52335999999968,0.20233599999996787
5.5250299999996795,0.20250299999996813
5.526699999999679,0.20266999999996793
5.528369999999679,0.20283699999996818
5.530039999999679,0.203003999999968
5.531709999999679,0.2031709999999678
5.533379999999679,0.20333799999996804
5.5350499999996785,0.20350499999996785
5.536719999999678,0.2036719999999681
5.538389999999678,0.2038389999999679
5.540059999999678,0.2040059999999677
5.541729999999678,0.20417299999996796
5.543399999999678,0.20433999999996777
5.5450699999996775,0.20450699999996802
5.546739999999677,0.20467399999996783
5.548409999999677,0.20484099999996763
5.550079999999677,0.20500799999996788
5.551749999999677,0.2051749999999677
5.553419999999677,0.20534199999996794
5.555089999999677,0.20550899999996775
5.556759999999676,0.20567599999996755
5.558429999999676,0.2058429999999678
5.560099999999676,0.2060099999999676
5.561769999999676,0.20617699999996786
5.563439999999676,0.20634399999996766
5.565109999999676,0.20651099999996747
5.566779999999675,0.20667799999996772
5.568449999999675,0.20684499999996753
5.570119999999675,0.20701199999996778
5.571789999999675,0.20717899999996758
5.573459999999675,0.2073459999999674
5.575129999999675,0.20751299999996764
5.5767999999996745,0.20767999999996745
5.578469999999674,0.2078469999999677
5.580139999999674,0.2080139999999675
5.581809999999674,0.2081809999999673
5.583479999999674,0.20834799999996756
5.585149999999674,0.20851499999996737
5.5868199999996735,0.20868199999996762
5.588489999999673,0.20884899999996742
5.590159999999673,0.20901599999996723
5.591829999999673,0.20918299999996748
5.593499999999673,0.20934999999996728
5.595169999999673,0.20951699999996753
5.5968399999996725,0.20968399999996734
5.598509999999672,0.20985099999996715
5.600179999999672,0.2100179999999674
5.601849999999672,0.2101849999999672
5.603519999999672,0.21035199999996745
5.605189999999672,0.21051899999996726
5.6068599999996716,0.21068599999996707
5.608529999999671,0.21085299999996732
5.610199999999671,0.21101999999996712
5.611869999999671,0.21118699999996737
5.613539999999671,0.21135399999996718
5.615209999999671,0.21152099999996699
5.616879999999671,0.21168799999996724
5.61854999999967,0.21185499999996704
5.62021999999967,0.2120219999999673
5.62188999999967,0.2121889999999671
5.62355999999967,0.2123559999999669
5.62522999999967,0.21252299999996715
5.62689999999967,0.21268999999996696
5.6285699999996694,0.2128569999999672
5.630239999999669,0.21302399999996702
5.631909999999669,0.21319099999996682
5.633579999999669,0.21335799999996707
5.635249999999669,0.21352499999996688
5.636919999999669,0.2136919999999669
5.6385899999996685,0.21385899999996694
5.640259999999668,0.21402599999996674
5.641929999999668,0.214192999999967
5.643599999999668,0.2143599999999668
5.645269999999668,0.21452699999996683
5.646939999999668,0.21469399999996686
5.6486099999996675,0.21486099999996666
5.650279999999667,0.2150279999999669
5.651949999999667,0.21519499999996672
5.653619999999667,0.21536199999996675
5.655289999999667,0.21552899999996677
5.656959999999667,0.21569599999996658
5.6586299999996665,0.21586299999996683
5.660299999999666,0.21602999999996664
5.661969999999666,0.21619699999996667
5.663639999999666,0.2163639999999667
5.665309999999666,0.2165309999999665
5.666979999999666,0.21669799999996675
5.668649999999666,0.21686499999996656
5.670319999999665,0.21703199999996658
5.671989999999665,0.2171989999999666
5.673659999999665,0.21736599999996642
5.675329999999665,0.21753299999996667
5.676999999999665,0.21769999999996648
5.678669999999665,0.2178669999999665
5.680339999999664,0.21803399999996653
5.682009999999664,0.21820099999996634
5.683679999999664,0.2183679999999666
5.685349999999664,0.2185349999999664
5.687019999999664,0.21870199999996642
5.688689999999664,0.21886899999996645
5.6903599999996635,0.21903599999996626
5.692029999999663,0.2192029999999665
5.693699999999663,0.21936999999996631
5.695369999999663,0.21953699999996634
5.697039999999663,0.21970399999996637
5.698709999999663,0.21987099999996618
5.7003799999996625,0.22003799999996643
5.702049999999662,0.22020499999996623
5.703719999999662,0.22037199999996626
5.705389999999662,0.2205389999999663
5.707059999999662,0.2207059999999661
5.708729999999662,0.22087299999996635
5.7103999999996615,0.22103999999996615
5.712069999999661,0.22120699999996618
5.713739999999661,0.2213739999999662
5.715409999999661,0.22154099999996602
5.717079999999661,0.22170799999996627
5.718749999999661,0.22187499999996607
5.7204199999996606,0.2220419999999661
5.72208999999966,0.22220899999996613
5.72375999999966,0.22237599999996593
5.72542999999966,0.22254299999996618
5.72709999999966,0.222709999999966
5.72876999999966,0.22287699999996602
5.73043999999966,0.22304399999996605
5.732109999999659,0.22321099999996585
5.733779999999659,0.2233779999999661
5.735449999999659,0.2235449999999659
5.737119999999659,0.22371199999996594
5.738789999999659,0.22387899999996597
5.740459999999659,0.22404599999996577
5.7421299999996585,0.22421299999996602
5.743799999999658,0.22437999999996583
5.745469999999658,0.22454699999996564
5.747139999999658,0.22471399999996589
5.748809999999658,0.2248809999999657
5.750479999999658,0.22504799999996594
5.7521499999996575,0.22521499999996575
5.753819999999657,0.22538199999996555
5.755489999999657,0.2255489999999658
5.757159999999657,0.2257159999999656
5.758829999999657,0.22588299999996586
5.760499999999657,0.22604999999996567
5.7621699999996565,0.22621699999996547
5.763839999999656,0.22638399999996572
5.765509999999656,0.22655099999996553
5.767179999999656,0.22671799999996578
5.768849999999656,0.2268849999999656
5.770519999999656,0.2270519999999654
5.7721899999996555,0.22721899999996564
5.773859999999655,0.22738599999996545
5.775529999999655,0.2275529999999657
5.777199999999655,0.2277199999999655
5.778869999999655,0.2278869999999653
5.780539999999655,0.22805399999996556
5.782209999999655,0.22822099999996537
5.783879999999654,0.22838799999996562
5.785549999999654,0.22855499999996542
5.787219999999654,0.22872199999996523
5.788889999999654,0.22888899999996548
5.790559999999654,0.2290559999999653
5.792229999999654,0.22922299999996554
5.793899999999653,0.22938999999996534
5.795569999999653,0.22955699999996515
5.797239999999653,0.2297239999999654
5.798909999999653,0.2298909999999652
5.800579999999653,0.23005799999996546
5.802249999999653,0.23022499999996526
5.8039199999996525,0.23039199999996507
5.805589999999652,0.23055899999996532
5.807259999999652,0.23072599999996513
5.808929999999652,0.23089299999996538
5.810599999999652,0.23105999999996518
5.812269999999652,0.231226999999965
5.8139399999996515,0.23139399999996524
5.815609999999651,0.23156099999996504
5.817279999999651,0.2317279999999653
5.818949999999651,0.2318949999999651
5.820619999999651,0.2320619999999649
5.822289999999651,0.23222899999996516
5.8239599999996505,0.23239599999996496
5.82562999999965,0.23256299999996521
5.82729999999965,0.23272999999996502
5.82896999999965,0.23289699999996483
5.83063999999965,0.23306399999996508
5.83230999999965,0.23323099999996488
5.83397999999965,0.23339799999996513
5.835649999999649,0.23356499999996494
5.837319999999649,0.23373199999996475
5.838989999999649,0.233898999999965
5.840659999999649,0.2340659999999648
5.842329999999649,0.23423299999996483
5.843999999999649,0.23439999999996486
5.845669999999648,0.23456699999996466
5.847339999999648,0.23473399999996492
5.849009999999648,0.23490099999996472
5.850679999999648,0.23506799999996475
5.852349999999648,0.23523499999996478
5.854019999999648,0.23540199999996458
5.8556899999996475,0.23556899999996483
5.857359999999647,0.23573599999996464
5.859029999999647,0.23590299999996467
5.860699999999647,0.2360699999999647
5.862369999999647,0.2362369999999645
5.864039999999647,0.23640399999996475
5.8657099999996465,0.23657099999996456
5.867379999999646,0.2367379999999646
5.869049999999646,0.23690499999996462
5.870719999999646,0.23707199999996442
5.872389999999646,0.23723899999996467
5.874059999999646,0.23740599999996448
5.8757299999996455,0.2375729999999645
5.877399999999645,0.23773999999996454
5.879069999999645,0.23790699999996456
5.880739999999645,0.2380739999999646
5.882409999999645,0.2382409999999644
5.884079999999645,0.23840799999996443
5.8857499999996445,0.23857499999996445
5.887419999999644,0.23874199999996448
5.889089999999644,0.2389089999999645
5.890759999999644,0.23907599999996432
5.892429999999644,0.23924299999996435
5.894099999999644,0.23940999999996437
5.895769999999644,0.2395769999999644
5.897439999999643,0.23974399999996443
5.899109999999643,0.23991099999996424
5.900779999999643,0.24007799999996426
5.902449999999643,0.2402449999999643
5.904119999999643,0.24041199999996432
5.905789999999643,0.24057899999996435
5.907459999999642,0.24074599999996416
5.909129999999642,0.24091299999996418
5.910799999999642,0.2410799999999642
5.912469999999642,0.24124699999996424
5.914139999999642,0.24141399999996427
5.915809999999642,0.24158099999996407
5.9174799999996415,0.2417479999999641
5.919149999999641,0.24191499999996413
5.920819999999641,0.24208199999996416
5.922489999999641,0.2422489999999642
5.924159999999641,0.242415999999964
5.925829999999641,0.24258299999996402
5.9274999999996405,0.24274999999996405
5.92916999999964,0.24291699999996408
5.93083999999964,0.2430839999999641
5.93250999999964,0.2432509999999639
5.93417999999964,0.24341799999996394
5.93584999999964,0.24358499999996397
5.9375199999996395,0.243751999999964
5.939189999999639,0.24391899999996403
5.940859999999639,0.24408599999996383
5.942529999999639,0.24425299999996386
5.944199999999639,0.2444199999999639
5.945869999999639,0.24458699999996392
5.947539999999639,0.24475399999996394
5.949209999999638,0.24492099999996375
5.950879999999638,0.24508799999996378
5.952549999999638,0.2452549999999638
5.954219999999638,0.24542199999996384
5.955889999999638,0.24558899999996386
5.957559999999638,0.24575599999996367
5.959229999999637,0.2459229999999637
5.960899999999637,0.24608999999996373
5.962569999999637,0.24625699999996375
5.964239999999637,0.24642399999996378
5.965909999999637,0.2465909999999638
5.967579999999637,0.24675799999996362
5.9692499999996365,0.24692499999996365
5.970919999999636,0.24709199999996367
5.972589999999636,0.2472589999999637
5.974259999999636,0.24742599999996373
5.975929999999636,0.24759299999996354
5.977599999999636,0.24775999999996356
5.9792699999996355,0.2479269999999636
5.980939999999635,0.24809399999996362
5.982609999999635,0.24826099999996365
5.984279999999635,0.24842799999996346
5.985949999999635,0.24859499999996348
5.987619999999635,0.2487619999999635
5.9892899999996345,0.24892899999996354
5.990959999999634,0.24909599999996357
5.992629999999634,0.24926299999996337
5.994299999999634,0.2494299999999634
5.995969999999634,0.24959699999996343
5.997639999999634,0.24976399999996346
5.9993099999996335,0.2499309999999635
6.000979999999633,0.2500979999999633
6.002649999999633,0.2502649999999633
6.004319999999633,0.25043199999996335
6.005989999999633,0.2505989999999634
6.007659999999633,0.2507659999999634
6.009329999999633,0.2509329999999632
6.010999999999632,0.25109999999996324
6.012669999999632,0.25126699999996327
6.014339999999632,0.2514339999999633
6.016009999999632,0.2516009999999633
6.017679999999632,0.25176799999996313
6.019349999999632,0.25193499999996316
6.0210199999996314,0.2521019999999632
6.022689999999631,0.2522689999999632
6.024359999999631,0.25243599999996325
6.026029999999631,0.25260299999996305
6.027699999999631,0.2527699999999631
6.029369999999631,0.2529369999999631
6.0310399999996305,0.25310399999996314
6.03270999999963,0.25327099999996316
6.03437999999963,0.25343799999996297
6.03604999999963,0.2536049999999632
6.03771999999963,0.253771999999963
6.03938999999963,0.25393899999996306
6.0410599999996295,0.2541059999999631
6.042729999999629,0.2542729999999629
6.044399999999629,0.25443999999996314
6.046069999999629,0.25460699999996295
6.047739999999629,0.254773999999963
6.049409999999629,0.254940999999963
6.0510799999996285,0.2551079999999628
6.052749999999628,0.25527499999996306
6.054419999999628,0.25544199999996287
6.056089999999628,0.2556089999999629
6.057759999999628,0.2557759999999629
6.059429999999628,0.25594299999996273
6.061099999999628,0.256109999999963
6.062769999999627,0.2562769999999628
6.064439999999627,0.2564439999999628
6.066109999999627,0.25661099999996284
6.067779999999627,0.25677799999996265
6.069449999999627,0.2569449999999629
6.071119999999627,0.2571119999999627
6.072789999999626,0.25727899999996273
6.074459999999626,0.25744599999996276
6.076129999999626,0.25761299999996257
6.077799999999626,0.2577799999999628
6.079469999999626,0.2579469999999626
6.081139999999626,0.25811399999996265
6.0828099999996255,0.2582809999999627
6.084479999999625,0.2584479999999625
6.086149999999625,0.25861499999996274
6.087819999999625,0.25878199999996254
6.089489999999625,0.25894899999996257
6.091159999999625,0.2591159999999626
6.0928299999996245,0.2592829999999624
6.094499999999624,0.25944999999996265
6.096169999999624,0.25961699999996246
6.097839999999624,0.2597839999999625
6.099509999999624,0.2599509999999625
6.101179999999624,0.2601179999999623
6.1028499999996235,0.2602849999999626
6.104519999999623,0.2604519999999624
6.106189999999623,0.2606189999999624
6.107859999999623,0.26078599999996244
6.109529999999623,0.26095299999996224
6.111199999999623,0.2611199999999625
6.1128699999996226,0.2612869999999623
6.114539999999622,0.2614539999999623
6.116209999999622,0.26162099999996236
6.117879999999622,0.26178799999996216
6.119549999999622,0.2619549999999624
6.121219999999622,0.2621219999999622
6.122889999999622,0.26228899999996225
6.124559999999621,0.2624559999999623
6.126229999999621,0.2626229999999621
6.127899999999621,0.26278999999996233
6.129569999999621,0.26295699999996214
6.131239999999621,0.26312399999996217
6.132909999999621,0.2632909999999622
6.1345799999996204,0.263457999999962
6.13624999999962,0.26362499999996225
6.13791999999962,0.26379199999996206
6.13958999999962,0.2639589999999621
6.14125999999962,0.2641259999999621
6.14292999999962,0.2642929999999619
6.1445999999996195,0.26445999999996217
6.146269999999619,0.264626999999962
6.147939999999619,0.264793999999962
6.149609999999619,0.26496099999996203
6.151279999999619,0.26512799999996184
6.152949999999619,0.2652949999999621
6.1546199999996185,0.2654619999999619
6.156289999999618,0.2656289999999619
6.157959999999618,0.26579599999996195
6.159629999999618,0.26596299999996176
6.161299999999618,0.266129999999962
6.162969999999618,0.2662969999999618
6.1646399999996175,0.26646399999996184
6.166309999999617,0.26663099999996187
6.167979999999617,0.2667979999999617
6.169649999999617,0.2669649999999619
6.171319999999617,0.26713199999996173
6.172989999999617,0.26729899999996176
6.174659999999617,0.2674659999999618
6.176329999999616,0.2676329999999616
6.177999999999616,0.26779999999996185
6.179669999999616,0.26796699999996165
6.181339999999616,0.2681339999999617
6.183009999999616,0.2683009999999617
6.184679999999616,0.2684679999999615
6.186349999999615,0.26863499999996177
6.188019999999615,0.26880199999996157
6.189689999999615,0.2689689999999616
6.191359999999615,0.26913599999996163
6.193029999999615,0.26930299999996143
6.194699999999615,0.2694699999999617
6.1963699999996145,0.2696369999999615
6.198039999999614,0.2698039999999615
6.199709999999614,0.26997099999996155
6.201379999999614,0.27013799999996135
6.203049999999614,0.2703049999999616
6.204719999999614,0.2704719999999614
6.2063899999996135,0.27063899999996144
6.208059999999613,0.27080599999996147
6.209729999999613,0.2709729999999613
6.211399999999613,0.2711399999999615
6.213069999999613,0.27130699999996133
6.214739999999613,0.27147399999996136
6.2164099999996125,0.2716409999999614
6.218079999999612,0.2718079999999612
6.219749999999612,0.27197499999996144
6.221419999999612,0.27214199999996125
6.223089999999612,0.2723089999999613
6.224759999999612,0.2724759999999613
6.2264299999996116,0.2726429999999611
6.228099999999611,0.27280999999996136
6.229769999999611,0.27297699999996117
6.231439999999611,0.2731439999999612
6.233109999999611,0.2733109999999612
6.234779999999611,0.27347799999996103
6.236449999999611,0.2736449999999613
6.23811999999961,0.2738119999999611
6.23978999999961,0.2739789999999611
6.24145999999961,0.27414599999996114
6.24312999999961,0.27431299999996095
6.24479999999961,0.2744799999999612
6.24646999999961,0.274646999999961
6.2481399999996095,0.27481399999996103
6.249809999999609,0.27498099999996106
6.251479999999609,0.27514799999996087
6.253149999999609,0.2753149999999611
6.254819999999609,0.2754819999999609
6.256489999999609,0.27564899999996095
6.2581599999996085,0.275815999999961
6.259829999999608,0.2759829999999608
6.261499999999608,0.27614999999996104
6.263169999999608,0.27631699999996084
6.264839999999608,0.27648399999996087
6.266509999999608,0.2766509999999609
6.2681799999996075,0.2768179999999607
6.269849999999607,0.27698499999996096
6.271519999999607,0.27715199999996076
6.273189999999607,0.2773189999999608
6.274859999999607,0.2774859999999608
6.276529999999607,0.2776529999999606
6.2781999999996065,0.2778199999999609
6.279869999999606,0.2779869999999607
6.281539999999606,0.2781539999999607
6.283209999999606,0.27832099999996074
6.284879999999606,0.27848799999996054
6.286549999999606,0.2786549999999608
6.288219999999606,0.2788219999999606
6.289889999999605,0.27898899999996063
6.291559999999605,0.27915599999996066
6.293229999999605,0.27932299999996046
6.294899999999605,0.2794899999999607
6.296569999999605,0.2796569999999605
6.298239999999605,0.27982399999996055
6.299909999999604,0.2799909999999606
6.301579999999604,0.2801579999999604
6.303249999999604,0.28032499999996063
6.304919999999604,0.28049199999996044
6.306589999999604,0.28065899999996047
6.308259999999604,0.2808259999999605
6.3099299999996035,0.2809929999999603
6.311599999999603,0.28115999999996055
6.313269999999603,0.28132699999996036
6.314939999999603,0.2814939999999604
6.316609999999603,0.2816609999999604
6.318279999999603,0.2818279999999602
6.3199499999996025,0.28199499999996047
6.321619999999602,0.2821619999999603
6.323289999999602,0.2823289999999601
6.324959999999602,0.28249599999996033
6.326629999999602,0.28266299999996014
6.328299999999602,0.2828299999999604
6.3299699999996015,0.2829969999999602
6.331639999999601,0.28316399999996
6.333309999999601,0.28333099999996025
6.334979999999601,0.28349799999996006
6.336649999999601,0.2836649999999601
6.338319999999601,0.2838319999999601
6.339989999999601,0.2839989999999599
6.3416599999996,0.2841659999999602
6.3433299999996,0.28433299999996
6.3449999999996,0.28449999999996
6.3466699999996,0.28466699999996004
6.3483399999996,0.28483399999995984
6.3500099999996,0.2850009999999601
6.351679999999599,0.2851679999999599
6.353349999999599,0.2853349999999599
6.355019999999599,0.28550199999995995
6.356689999999599,0.28566899999995976
6.358359999999599,0.28583599999996
6.360029999999599,0.2860029999999598
6.3616999999995985,0.28616999999995985
6.363369999999598,0.2863369999999599
6.365039999999598,0.2865039999999597
6.366709999999598,0.28667099999995993
6.368379999999598,0.28683799999995974
6.370049999999598,0.28700499999995976
6.3717199999995975,0.2871719999999598
6.373389999999597,0.2873389999999596
6.375059999999597,0.28750599999995985
6.376729999999597,0.28767299999995966
6.378399999999597,0.2878399999999597
6.380069999999597,0.2880069999999597
6.3817399999995965,0.2881739999999595
6.383409999999596,0.28834099999995977
6.385079999999596,0.2885079999999596
6.386749999999596,0.2886749999999596
6.388419999999596,0.28884199999995963
6.390089999999596,0.28900899999995944
6.3917599999995955,0.2891759999999597
6.393429999999595,0.2893429999999595
6.395099999999595,0.2895099999999595
6.396769999999595,0.28967699999995955
6.398439999999595,0.28984399999995936
6.400109999999595,0.2900109999999596
6.401779999999595,0.2901779999999594
6.403449999999594,0.29034499999995944
6.405119999999594,0.29051199999995947
6.406789999999594,0.2906789999999593
6.408459999999594,0.2908459999999595
6.410129999999594,0.29101299999995933
6.411799999999594,0.29117999999995936
6.413469999999593,0.2913469999999594
6.415139999999593,0.2915139999999592
6.416809999999593,0.29168099999995944
6.418479999999593,0.29184799999995925
6.420149999999593,0.2920149999999593
6.421819999999593,0.2921819999999593
6.4234899999995925,0.2923489999999591
6.425159999999592,0.29251599999995936
6.426829999999592,0.29268299999995917
6.428499999999592,0.2928499999999592
6.430169999999592,0.2930169999999592
6.431839999999592,0.29318399999995903
6.4335099999995915,0.2933509999999593
6.435179999999591,0.2935179999999591
6.436849999999591,0.2936849999999591
6.438519999999591,0.29385199999995915
6.440189999999591,0.29401899999995895
6.441859999999591,0.2941859999999592
6.4435299999995905,0.294352999999959
6.44519999999959,0.29451999999995904
6.44686999999959,0.29468699999995907
6.44853999999959,0.29485399999995887
6.45020999999959,0.2950209999999591
6.45187999999959,0.2951879999999589
6.45354999999959,0.29535499999995896
6.455219999999589,0.295521999999959
6.456889999999589,0.2956889999999588
6.458559999999589,0.29585599999995904
6.460229999999589,0.29602299999995885
6.461899999999589,0.2961899999999589
6.463569999999589,0.2963569999999589
6.465239999999588,0.2965239999999587
6.466909999999588,0.29669099999995896
6.468579999999588,0.29685799999995877
6.470249999999588,0.2970249999999588
6.471919999999588,0.2971919999999588
6.473589999999588,0.29735899999995863
6.4752599999995875,0.2975259999999589
6.476929999999587,0.2976929999999587
6.478599999999587,0.2978599999999587
6.480269999999587,0.29802699999995874
6.481939999999587,0.29819399999995855
6.483609999999587,0.2983609999999588
6.4852799999995865,0.2985279999999586
6.486949999999586,0.29869499999995863
6.488619999999586,0.29886199999995866
6.490289999999586,0.29902899999995847
6.491959999999586,0.2991959999999587
6.493629999999586,0.2993629999999585
6.4952999999995855,0.29952999999995855
6.496969999999585,0.2996969999999586
6.498639999999585,0.2998639999999584
6.500309999999585,0.29996900000004145
6.501979999999585,0.29980200000004165
6.503649999999585,0.2996350000000416
6.5053199999995845,0.2994680000000416
6.506989999999584,0.2993010000000418
6.508659999999584,0.29913400000004153
6.510329999999584,0.2989670000000417
6.511999999999584,0.2988000000000417
6.513669999999584,0.29863300000004167
6.515339999999584,0.29846600000004186
6.517009999999583,0.2982990000000416
6.518679999999583,0.2981320000000418
6.520349999999583,0.2979650000000418
6.522019999999583,0.29779800000004175
6.523689999999583,0.29763100000004195
6.525359999999583,0.2974640000000417
6.527029999999582,0.2972970000000419
6.528699999999582,0.29713000000004186
6.530369999999582,0.29696300000004183
6.532039999999582,0.296796000000042
6.533709999999582,0.2966290000000418
6.535379999999582,0.29646200000004197
6.5370499999995815,0.29629500000004194
6.538719999999581,0.2961280000000419
6.540389999999581,0.2959610000000421
6.542059999999581,0.29579400000004186
6.543729999999581,0.29562700000004205
6.545399999999581,0.295460000000042
6.5470699999995805,0.295293000000042
6.54873999999958,0.2951260000000422
6.55040999999958,0.29495900000004194
6.55207999999958,0.29479200000004213
6.55374999999958,0.2946250000000421
6.55541999999958,0.2944580000000421
6.5570899999995795,0.29429100000004227
6.558759999999579,0.294124000000042
6.560429999999579,0.2939570000000422
6.562099999999579,0.2937900000000422
6.563769999999579,0.29362300000004216
6.565439999999579,0.29345600000004235
6.567109999999579,0.2932890000000421
6.568779999999578,0.2931220000000423
6.570449999999578,0.29295500000004226
6.572119999999578,0.29278800000004224
6.573789999999578,0.29262100000004243
6.575459999999578,0.2924540000000422
6.577129999999578,0.2922870000000424
6.578799999999577,0.29212000000004235
6.580469999999577,0.2919530000000423
6.582139999999577,0.2917860000000425
6.583809999999577,0.29161900000004226
6.585479999999577,0.29145200000004245
6.587149999999577,0.2912850000000424
6.5888199999995765,0.2911180000000424
6.590489999999576,0.2909510000000426
6.592159999999576,0.29078400000004234
6.593829999999576,0.29061700000004254
6.595499999999576,0.2904500000000425
6.597169999999576,0.2902830000000425
6.5988399999995755,0.2901160000000427
6.600509999999575,0.2899490000000424
6.602179999999575,0.2897820000000426
6.603849999999575,0.2896150000000426
6.605519999999575,0.28944800000004256
6.607189999999575,0.28928100000004275
6.6088599999995745,0.2891140000000425
6.610529999999574,0.2889470000000427
6.612199999999574,0.28878000000004267
6.613869999999574,0.28861300000004264
6.615539999999574,0.28844600000004283
6.617209999999574,0.2882790000000426
6.6188799999995735,0.2881120000000428
6.620549999999573,0.28794500000004275
6.622219999999573,0.2877780000000427
6.623889999999573,0.2876110000000429
6.625559999999573,0.28744400000004267
6.627229999999573,0.28727700000004286
6.628899999999573,0.28711000000004283
6.630569999999572,0.2869430000000428
6.632239999999572,0.286776000000043
6.633909999999572,0.28660900000004275
6.635579999999572,0.28644200000004294
6.637249999999572,0.28627500000004313
6.638919999999572,0.2861080000000429
6.6405899999995714,0.2859410000000431
6.642259999999571,0.2857740000000428
6.643929999999571,0.285607000000043
6.645599999999571,0.2854400000000432
6.647269999999571,0.28527300000004296
6.648939999999571,0.28510600000004316
6.6506099999995705,0.2849390000000429
6.65227999999957,0.2847720000000431
6.65394999999957,0.2846050000000433
6.65561999999957,0.28443800000004305
6.65728999999957,0.28427100000004324
6.65895999999957,0.284104000000043
6.6606299999995695,0.2839370000000432
6.662299999999569,0.2837700000000434
6.663969999999569,0.2836030000000431
6.665639999999569,0.2834360000000433
6.667309999999569,0.28326900000004307
6.668979999999569,0.28310200000004326
6.6706499999995685,0.28293500000004346
6.672319999999568,0.2827680000000432
6.673989999999568,0.2826010000000434
6.675659999999568,0.28243400000004315
6.677329999999568,0.28226700000004334
6.678999999999568,0.28210000000004354
6.680669999999568,0.2819330000000433
6.682339999999567,0.2817660000000435
6.684009999999567,0.28159900000004323
6.685679999999567,0.2814320000000434
6.687349999999567,0.2812650000000436
6.689019999999567,0.28109800000004337
6.690689999999567,0.28093100000004356
6.692359999999566,0.2807640000000433
6.694029999999566,0.2805970000000435
6.695699999999566,0.2804300000000437
6.697369999999566,0.28026300000004345
6.699039999999566,0.28009600000004364
6.700709999999566,0.2799290000000434
6.7023799999995655,0.2797620000000436
6.704049999999565,0.2795950000000438
6.705719999999565,0.27942800000004353
6.707389999999565,0.2792610000000437
6.709059999999565,0.2790940000000435
6.710729999999565,0.27892700000004367
6.7123999999995645,0.27876000000004386
6.714069999999564,0.2785930000000436
6.715739999999564,0.2784260000000438
6.717409999999564,0.27825900000004355
6.719079999999564,0.27809200000004375
6.720749999999564,0.27792500000004394
6.7224199999995635,0.2777580000000437
6.724089999999563,0.2775910000000439
6.725759999999563,0.27742400000004364
6.727429999999563,0.27725700000004383
6.729099999999563,0.277090000000044
6.730769999999563,0.2769230000000438
6.7324399999995626,0.27675600000004397
6.734109999999562,0.2765890000000437
6.735779999999562,0.2764220000000439
6.737449999999562,0.2762550000000441
6.739119999999562,0.27608800000004385
6.740789999999562,0.27592100000004405
6.742459999999562,0.275754000000044
6.744129999999561,0.275587000000044
6.745799999999561,0.2754200000000442
6.747469999999561,0.27525300000004393
6.749139999999561,0.27508600000004413
6.750809999999561,0.2749190000000441
6.752479999999561,0.27475200000004407
6.7541499999995604,0.27458500000004427
6.75581999999956,0.274418000000044
6.75748999999956,0.2742510000000442
6.75915999999956,0.2740840000000442
6.76082999999956,0.27391700000004415
6.76249999999956,0.27375000000004435
6.7641699999995595,0.2735830000000441
6.765839999999559,0.2734160000000443
6.767509999999559,0.27324900000004426
6.769179999999559,0.27308200000004423
6.770849999999559,0.2729150000000444
6.772519999999559,0.2727480000000442
6.7741899999995585,0.27258100000004437
6.775859999999558,0.27241400000004434
6.777529999999558,0.2722470000000443
6.779199999999558,0.2720800000000445
6.780869999999558,0.27191300000004426
6.782539999999558,0.27174600000004445
6.7842099999995575,0.2715790000000444
6.785879999999557,0.2714120000000444
6.787549999999557,0.2712450000000446
6.789219999999557,0.27107800000004434
6.790889999999557,0.27091100000004453
6.792559999999557,0.2707440000000445
6.794229999999557,0.2705770000000445
6.795899999999556,0.27041000000004467
6.797569999999556,0.2702430000000444
6.799239999999556,0.2700760000000446
6.800909999999556,0.2699090000000446
6.802579999999556,0.26974200000004456
6.804249999999556,0.26957500000004475
6.805919999999555,0.2694080000000445
6.807589999999555,0.2692410000000447
6.809259999999555,0.26907400000004467
6.810929999999555,0.26890700000004464
6.812599999999555,0.26874000000004483
6.814269999999555,0.2685730000000446
6.8159399999995545,0.2684060000000448
6.817609999999554,0.26823900000004475
6.819279999999554,0.2680720000000447
6.820949999999554,0.2679050000000449
6.822619999999554,0.26773800000004466
6.824289999999554,0.26757100000004486
6.8259599999995535,0.26740400000004483
6.827629999999553,0.2672370000000448
6.829299999999553,0.267070000000045
6.830969999999553,0.26690300000004474
6.832639999999553,0.26673600000004494
6.834309999999553,0.2665690000000449
6.8359799999995525,0.2664020000000449
6.837649999999552,0.2662350000000451
6.839319999999552,0.2660680000000448
6.840989999999552,0.265901000000045
6.842659999999552,0.2657340000000452
6.844329999999552,0.26556700000004496
6.8459999999995516,0.26540000000004516
6.847669999999551,0.2652330000000449
6.849339999999551,0.2650660000000451
6.851009999999551,0.2648990000000453
6.852679999999551,0.26473200000004504
6.854349999999551,0.26456500000004524
6.856019999999551,0.264398000000045
6.85768999999955,0.2642310000000452
6.85935999999955,0.2640640000000454
6.86102999999955,0.2638970000000451
6.86269999999955,0.2637300000000453
6.86436999999955,0.26356300000004507
6.86603999999955,0.26339600000004526
6.8677099999995495,0.26322900000004545
6.869379999999549,0.2630620000000452
6.871049999999549,0.2628950000000454
6.872719999999549,0.26272800000004515
6.874389999999549,0.26256100000004534
6.876059999999549,0.2623940000000453
6.8777299999995485,0.2622270000000453
6.879399999999548,0.2620600000000455
6.881069999999548,0.26189300000004523
6.882739999999548,0.2617260000000454
6.884409999999548,0.2615590000000454
6.886079999999548,0.26139200000004537
6.8877499999995475,0.26122500000004556
6.889419999999547,0.2610580000000453
6.891089999999547,0.2608910000000455
6.892759999999547,0.2607240000000455
6.894429999999547,0.26055700000004545
6.896099999999547,0.26039000000004564
6.8977699999995465,0.2602230000000454
6.899439999999546,0.2600560000000456
6.901109999999546,0.25988900000004556
6.902779999999546,0.2597220000000455
6.904449999999546,0.2595550000000457
6.906119999999546,0.25938800000004547
6.907789999999546,0.25922100000004566
6.909459999999545,0.25905400000004564
6.911129999999545,0.2588870000000456
6.912799999999545,0.2587200000000458
6.914469999999545,0.25855300000004555
6.916139999999545,0.25838600000004575
6.917809999999545,0.2582190000000457
6.919479999999544,0.2580520000000457
6.921149999999544,0.2578850000000459
6.922819999999544,0.25771800000004563
6.924489999999544,0.2575510000000458
6.926159999999544,0.2573840000000458
6.927829999999544,0.25721700000004577
6.9294999999995435,0.25705000000004596
6.931169999999543,0.2568830000000457
6.932839999999543,0.2567160000000459
6.934509999999543,0.2565490000000459
6.936179999999543,0.25638200000004585
6.937849999999543,0.25621500000004604
6.9395199999995425,0.2560480000000458
6.941189999999542,0.255881000000046
6.942859999999542,0.25571400000004596
6.944529999999542,0.25554700000004593
6.946199999999542,0.2553800000000461
6.947869999999542,0.2552130000000459
6.9495399999995415,0.25504600000004607
6.951209999999541,0.25487900000004604
6.952879999999541,0.254712000000046
6.954549999999541,0.2545450000000462
6.956219999999541,0.25437800000004596
6.957889999999541,0.25421100000004615
6.959559999999541,0.2540440000000461
6.96122999999954,0.2538770000000461
6.96289999999954,0.25371000000004607
6.96456999999954,0.25354300000004604
6.96623999999954,0.25337600000004623
6.96790999999954,0.2532090000000462
6.96957999999954,0.2530420000000462
6.971249999999539,0.25287500000004615
6.972919999999539,0.2527080000000461
6.974589999999539,0.2525410000000463
6.976259999999539,0.2523740000000463
6.977929999999539,0.25220700000004626
6.979599999999539,0.2520400000000462
6.9812699999995385,0.2518730000000462
6.982939999999538,0.2517060000000464
6.984609999999538,0.25153900000004636
6.986279999999538,0.25137200000004634
6.987949999999538,0.2512050000000463
6.989619999999538,0.2510380000000463
6.9912899999995375,0.2508710000000465
6.992959999999537,0.25070400000004645
6.994629999999537,0.2505370000000464
6.996299999999537,0.2503700000000464
6.997969999999537,0.25020300000004636
6.999639999999537,0.25003600000004655
7.0013099999995365,0.24986900000004653
7.002979999999536,0.2497020000000465
7.004649999999536,0.24953500000004647
7.006319999999536,0.24936800000004644
7.007989999999536,0.24920100000004664
7.009659999999536,0.2490340000000466
7.0113299999995355,0.24886700000004658
7.012999999999535,0.24870000000004655
7.014669999999535,0.24853300000004652
7.016339999999535,0.24836600000004672
7.018009999999535,0.2481990000000467
7.019679999999535,0.24803200000004666
7.021349999999535,0.24786500000004663
7.023019999999534,0.2476980000000466
7.024689999999534,0.2475310000000468
7.026359999999534,0.24736400000004677
7.028029999999534,0.24719700000004674
7.029699999999534,0.2470300000000467
7.031369999999534,0.24686300000004668
7.033039999999533,0.24669600000004666
7.034709999999533,0.24652900000004685
7.036379999999533,0.24636200000004682
7.038049999999533,0.2461950000000468
7.039719999999533,0.24602800000004676
7.041389999999533,0.24586100000004674
7.0430599999995325,0.24569400000004693
7.044729999999532,0.2455270000000469
7.046399999999532,0.24536000000004687
7.048069999999532,0.24519300000004685
7.049739999999532,0.24502600000004682
7.051409999999532,0.244859000000047
7.0530799999995315,0.24469200000004698
7.054749999999531,0.24452500000004695
7.056419999999531,0.24435800000004693
7.058089999999531,0.2441910000000469
7.059759999999531,0.2440240000000471
7.061429999999531,0.24385700000004706
7.0630999999995305,0.24369000000004704
7.06476999999953,0.243523000000047
7.06643999999953,0.24335600000004698
7.06810999999953,0.24318900000004717
7.06977999999953,0.24302200000004714
7.07144999999953,0.24285500000004712
7.07311999999953,0.2426880000000471
7.074789999999529,0.24252100000004706
7.076459999999529,0.24235400000004725
7.078129999999529,0.24218700000004723
7.079799999999529,0.2420200000000472
7.081469999999529,0.24185300000004717
7.083139999999529,0.24168600000004714
7.084809999999528,0.24151900000004733
7.086479999999528,0.2413520000000473
7.088149999999528,0.24118500000004728
7.089819999999528,0.24101800000004725
7.091489999999528,0.24085100000004722
7.093159999999528,0.24068400000004742
7.0948299999995275,0.2405170000000474
7.096499999999527,0.24035000000004736
7.098169999999527,0.24018300000004733
7.099839999999527,0.2400160000000473
7.101509999999527,0.2398490000000475
7.103179999999527,0.23968200000004747
7.1048499999995265,0.23951500000004744
7.106519999999526,0.2393480000000474
7.108189999999526,0.23918100000004738
7.109859999999526,0.23901400000004758
7.111529999999526,0.23884700000004755
7.113199999999526,0.23868000000004752
7.1148699999995255,0.2385130000000475
7.116539999999525,0.23834600000004746
7.118209999999525,0.23817900000004766
7.119879999999525,0.23801200000004763
7.121549999999525,0.2378450000000476
7.123219999999525,0.23767800000004757
7.1248899999995245,0.23751100000004755
7.126559999999524,0.23734400000004774
7.128229999999524,0.2371770000000477
7.129899999999524,0.23701000000004768
7.131569999999524,0.23684300000004765
7.133239999999524,0.23667600000004763
7.134909999999524,0.23650900000004782
7.136579999999523,0.23634200000004757
7.138249999999523,0.23617500000004776
7.139919999999523,0.23600800000004796
7.141589999999523,0.2358410000000477
7.143259999999523,0.2356740000000479
7.144929999999523,0.23550700000004765
7.1465999999995224,0.23534000000004784
7.148269999999522,0.23517300000004804
7.149939999999522,0.2350060000000478
7.151609999999522,0.23483900000004798
7.153279999999522,0.23467200000004773
7.154949999999522,0.23450500000004793
7.1566199999995215,0.23433800000004812
7.158289999999521,0.23417100000004787
7.159959999999521,0.23400400000004806
7.161629999999521,0.2338370000000478
7.163299999999521,0.233670000000048
7.164969999999521,0.2335030000000482
7.1666399999995205,0.23333600000004795
7.16830999999952,0.23316900000004814
7.16997999999952,0.2330020000000479
7.17164999999952,0.2328350000000481
7.17331999999952,0.23266800000004828
7.17498999999952,0.23250100000004803
7.1766599999995195,0.23233400000004822
7.178329999999519,0.23216700000004797
7.179999999999519,0.23200000000004817
7.181669999999519,0.23183300000004836
7.183339999999519,0.2316660000000481
7.185009999999519,0.2314990000000483
7.186679999999519,0.23133200000004805
7.188349999999518,0.23116500000004825
7.190019999999518,0.23099800000004844
7.191689999999518,0.2308310000000482
7.193359999999518,0.23066400000004839
7.195029999999518,0.23049700000004814
7.196699999999518,0.23033000000004833
7.198369999999517,0.23016300000004852
7.200039999999517,0.22999600000004827
7.201709999999517,0.22982900000004847
7.203379999999517,0.22966200000004822
7.205049999999517,0.2294950000000484
7.206719999999517,0.2293280000000486
7.2083899999995165,0.22916100000004835
7.210059999999516,0.22899400000004855
7.211729999999516,0.2288270000000483
7.213399999999516,0.2286600000000485
7.215069999999516,0.22849300000004868
7.216739999999516,0.22832600000004843
7.2184099999995155,0.22815900000004863
7.220079999999515,0.22799200000004838
7.221749999999515,0.22782500000004857
7.223419999999515,0.22765800000004877
7.225089999999515,0.22749100000004852
7.226759999999515,0.2273240000000487
7.2284299999995145,0.22715700000004846
7.230099999999514,0.22699000000004865
7.231769999999514,0.22682300000004885
7.233439999999514,0.2266560000000486
7.235109999999514,0.2264890000000488
7.236779999999514,0.22632200000004854
7.2384499999995136,0.22615500000004873
7.240119999999513,0.22598800000004893
7.241789999999513,0.22582100000004868
7.243459999999513,0.22565400000004887
7.245129999999513,0.22548700000004862
7.246799999999513,0.22532000000004881
7.248469999999513,0.225153000000049
7.250139999999512,0.22498600000004876
7.251809999999512,0.22481900000004895
7.253479999999512,0.2246520000000487
7.255149999999512,0.2244850000000489
7.256819999999512,0.2243180000000491
7.258489999999512,0.22415100000004884
7.2601599999995114,0.22398400000004903
7.261829999999511,0.22381700000004878
7.263499999999511,0.22365000000004898
7.265169999999511,0.22348300000004917
7.266839999999511,0.22331600000004892
7.268509999999511,0.2231490000000491
7.2701799999995105,0.22298200000004886
7.27184999999951,0.22281500000004906
7.27351999999951,0.22264800000004925
7.27518999999951,0.222481000000049
7.27685999999951,0.2223140000000492
7.27852999999951,0.22214700000004894
7.2801999999995095,0.22198000000004914
7.281869999999509,0.22181300000004933
7.283539999999509,0.22164600000004908
7.285209999999509,0.22147900000004928
7.286879999999509,0.22131200000004903
7.288549999999509,0.22114500000004922
7.2902199999995085,0.2209780000000494
7.291889999999508,0.22081100000004916
7.293559999999508,0.22064400000004936
7.295229999999508,0.2204770000000491
7.296899999999508,0.2203100000000493
7.298569999999508,0.2201430000000495
7.300239999999508,0.21997600000004924
7.301909999999507,0.21980900000004944
7.303579999999507,0.2196420000000492
7.305249999999507,0.21947500000004938
7.306919999999507,0.21930800000004957
7.308589999999507,0.21914100000004932
7.310259999999507,0.21897400000004952
7.311929999999506,0.21880700000004927
7.313599999999506,0.21864000000004946
7.315269999999506,0.21847300000004966
7.316939999999506,0.2183060000000494
7.318609999999506,0.2181390000000496
7.320279999999506,0.21797200000004957
7.3219499999995055,0.21780500000004954
7.323619999999505,0.21763800000004974
7.325289999999505,0.21747100000004949
7.326959999999505,0.21730400000004968
7.328629999999505,0.21713700000004965
7.330299999999505,0.21697000000004962
7.3319699999995045,0.21680300000004982
7.333639999999504,0.21663600000004957
7.335309999999504,0.21646900000004976
7.336979999999504,0.21630200000004995
7.338649999999504,0.2161350000000497
7.340319999999504,0.2159680000000499
7.3419899999995035,0.21580100000004965
7.343659999999503,0.21563400000004984
7.345329999999503,0.21546700000005004
7.346999999999503,0.21530000000004978
7.348669999999503,0.21513300000004998
7.350339999999503,0.21496600000004973
7.3520099999995026,0.21479900000004992
7.353679999999502,0.21463200000005012
7.355349999999502,0.21446500000004987
7.357019999999502,0.21429800000005006
7.358689999999502,0.2141310000000498
7.360359999999502,0.21396400000005
7.362029999999502,0.2137970000000502
7.363699999999501,0.21363000000004995
7.365369999999501,0.21346300000005014
7.367039999999501,0.2132960000000499
7.368709999999501,0.21312900000005008
7.370379999999501,0.21296200000005028
7.372049999999501,0.21279500000005003
7.3737199999995005,0.21262800000005022
7.3753899999995,0.21246100000004997
7.3770599999995,0.21229400000005016
7.3787299999995,0.21212700000005036
7.3803999999995,0.2119600000000501
7.3820699999995,0.2117930000000503
7.3837399999994995,0.21162600000005005
7.385409999999499,0.21145900000005025
7.387079999999499,0.21129200000005044
7.388749999999499,0.2111250000000502
7.390419999999499,0.21095800000005038
7.392089999999499,0.21079100000005013
7.3937599999994985,0.21062400000005033
7.395429999999498,0.21045700000005052
7.397099999999498,0.21029000000005027
7.398769999999498,0.21012300000005046
7.400439999999498,0.2099560000000502
7.402109999999498,0.2097890000000504
7.4037799999994975,0.2096220000000506
7.405449999999497,0.20945500000005035
7.407119999999497,0.20928800000005054
7.408789999999497,0.2091210000000503
7.410459999999497,0.2089540000000505
7.412129999999497,0.20878700000005068
7.413799999999497,0.20862000000005043
7.415469999999496,0.20845300000005063
7.417139999999496,0.20828600000005038
7.418809999999496,0.20811900000005057
7.420479999999496,0.20795200000005076
7.422149999999496,0.2077850000000505
7.423819999999496,0.2076180000000507
7.425489999999495,0.20745100000005046
7.427159999999495,0.20728400000005065
7.428829999999495,0.20711700000005084
7.430499999999495,0.2069500000000506
7.432169999999495,0.2067830000000508
7.433839999999495,0.20661600000005054
7.4355099999994945,0.20644900000005073
7.437179999999494,0.20628200000005092
7.438849999999494,0.20611500000005067
7.440519999999494,0.20594800000005087
7.442189999999494,0.20578100000005062
7.443859999999494,0.2056140000000508
7.4455299999994935,0.205447000000051
7.447199999999493,0.20528000000005076
7.448869999999493,0.20511300000005095
7.450539999999493,0.2049460000000507
7.452209999999493,0.2047790000000509
7.453879999999493,0.2046120000000511
7.4555499999994925,0.20444500000005084
7.457219999999492,0.20427800000005103
7.458889999999492,0.20411100000005078
7.460559999999492,0.20394400000005097
7.462229999999492,0.20377700000005117
7.463899999999492,0.20361000000005092
7.465569999999492,0.2034430000000511
7.467239999999491,0.20327600000005086
7.468909999999491,0.20310900000005105
7.470579999999491,0.20294200000005125
7.472249999999491,0.202775000000051
7.473919999999491,0.2026080000000512
7.475589999999491,0.20244100000005094
7.47725999999949,0.20227400000005114
7.47892999999949,0.20210700000005133
7.48059999999949,0.20194000000005108
7.48226999999949,0.20177300000005127
7.48393999999949,0.20160600000005102
7.48560999999949,0.20143900000005122
7.4872799999994895,0.2012720000000514
7.488949999999489,0.20110500000005116
7.490619999999489,0.20093800000005135
7.492289999999489,0.2007710000000511
7.493959999999489,0.2006040000000513
7.495629999999489,0.2004370000000515
7.4972999999994885,0.20027000000005124
7.498969999999488,0.20010300000005143
7.500639999999488,0.19993600000005163
7.502309999999488,0.19976900000005138
7.503979999999488,0.19960200000005113
7.505649999999488,0.19943500000005154
7.5073199999994875,0.19926800000005152
7.508989999999487,0.1991010000000515
7.510659999999487,0.19893400000005146
7.512329999999487,0.19876700000005143
7.513999999999487,0.19860000000005162
7.515669999999487,0.19843300000005137
7.5173399999994865,0.19826600000005157
7.519009999999486,0.19809900000005154
7.520679999999486,0.1979320000000515
7.522349999999486,0.1977650000000517
7.524019999999486,0.19759800000005145
7.525689999999486,0.19743100000005165
7.527359999999486,0.19726400000005162
7.529029999999485,0.1970970000000516
7.530699999999485,0.19693000000005156
7.532369999999485,0.19676300000005154
7.534039999999485,0.19659600000005195
7.535709999999485,0.1964290000000517
7.537379999999485,0.19626200000005145
7.539049999999484,0.19609500000005187
7.540719999999484,0.19592800000005184
7.542389999999484,0.1957610000000518
7.544059999999484,0.19559400000005178
7.545729999999484,0.19542700000005175
7.547399999999484,0.19526000000005195
7.5490699999994835,0.1950930000000517
7.550739999999483,0.1949260000000519
7.552409999999483,0.19475900000005186
7.554079999999483,0.19459200000005183
7.555749999999483,0.19442500000005203
7.557419999999483,0.19425800000005178
7.5590899999994825,0.19409100000005197
7.560759999999482,0.19392400000005194
7.562429999999482,0.19375700000005192
7.564099999999482,0.1935900000000519
7.565769999999482,0.19342300000005186
7.567439999999482,0.19325600000005227
7.5691099999994815,0.19308900000005202
7.570779999999481,0.19292200000005177
7.572449999999481,0.1927550000000522
7.574119999999481,0.19258800000005216
7.575789999999481,0.19242100000005213
7.577459999999481,0.1922540000000521
7.579129999999481,0.19208700000005208
7.58079999999948,0.19192000000005227
7.58246999999948,0.19175300000005202
7.58413999999948,0.19158600000005221
7.58580999999948,0.1914190000000522
7.58747999999948,0.19125200000005216
7.58914999999948,0.19108500000005235
7.590819999999479,0.1909180000000521
7.592489999999479,0.1907510000000523
7.594159999999479,0.19058400000005227
7.595829999999479,0.19041700000005224
7.597499999999479,0.1902500000000522
7.599169999999479,0.19008300000005218
7.6008399999994785,0.1899160000000526
7.602509999999478,0.18974900000005235
7.604179999999478,0.1895820000000521
7.605849999999478,0.1894150000000525
7.607519999999478,0.18924800000005249
7.609189999999478,0.18908100000005246
7.6108599999994775,0.18891400000005243
7.612529999999477,0.1887470000000524
7.614199999999477,0.1885800000000526
7.615869999999477,0.18841300000005234
7.617539999999477,0.18824600000005254
7.619209999999477,0.1880790000000525
7.6208799999994765,0.18791200000005248
7.622549999999476,0.18774500000005268
7.624219999999476,0.18757800000005243
7.625889999999476,0.18741100000005262
7.627559999999476,0.1872440000000526
7.629229999999476,0.18707700000005256
7.6308999999994755,0.18691000000005253
7.632569999999475,0.1867430000000525
7.634239999999475,0.18657600000005292
7.635909999999475,0.18640900000005267
7.637579999999475,0.18624200000005242
7.639249999999475,0.18607500000005284
7.640919999999475,0.1859080000000528
7.642589999999474,0.18574100000005256
7.644259999999474,0.18557400000005275
7.645929999999474,0.18540700000005272
7.647599999999474,0.18524000000005292
7.649269999999474,0.18507300000005267
7.650939999999474,0.18490600000005264
7.6526099999994734,0.18473900000005283
7.654279999999473,0.1845720000000528
7.655949999999473,0.184405000000053
7.657619999999473,0.18423800000005275
7.659289999999473,0.18407100000005272
7.660959999999473,0.18390400000005291
7.6626299999994725,0.18373700000005289
7.664299999999472,0.18357000000005286
7.665969999999472,0.18340300000005283
7.667639999999472,0.18323600000005302
7.669309999999472,0.183069000000053
7.670979999999472,0.18290200000005274
7.6726499999994715,0.18273500000005316
7.674319999999471,0.18256800000005313
7.675989999999471,0.18240100000005288
7.677659999999471,0.18223400000005308
7.679329999999471,0.18206700000005305
7.680999999999471,0.18190000000005324
7.6826699999994705,0.181733000000053
7.68433999999947,0.18156600000005296
7.68600999999947,0.18139900000005316
7.68767999999947,0.18123200000005313
7.68934999999947,0.1810650000000531
7.69101999999947,0.18089800000005307
7.69268999999947,0.18073100000005304
7.694359999999469,0.18056400000005324
7.696029999999469,0.1803970000000532
7.697699999999469,0.18023000000005318
7.699369999999469,0.18006300000005315
7.701039999999469,0.17989600000005312
7.702709999999469,0.17972900000005332
7.704379999999468,0.17956200000005307
7.706049999999468,0.17939500000005326
7.707719999999468,0.17922800000005346
7.709389999999468,0.1790610000000532
7.711059999999468,0.17889400000005318
7.712729999999468,0.17872700000005337
7.7143999999994675,0.17856000000005356
7.716069999999467,0.17839300000005331
7.717739999999467,0.1782260000000533
7.719409999999467,0.17805900000005348
7.721079999999467,0.17789200000005345
7.722749999999467,0.17772500000005342
7.7244199999994665,0.1775580000000534
7.726089999999466,0.17739100000005337
7.727759999999466,0.17722400000005356
7.729429999999466,0.17705700000005353
7.731099999999466,0.1768900000000535
7.732769999999466,0.17672300000005348
7.7344399999994655,0.17655600000005345
7.736109999999465,0.17638900000005364
7.737779999999465,0.1762220000000534
7.739449999999465,0.17605500000005359
7.741119999999465,0.17588800000005378
7.742789999999465,0.17572100000005353
7.7444599999994646,0.1755540000000535
7.746129999999464,0.1753870000000537
7.747799999999464,0.1752200000000539
7.749469999999464,0.17505300000005364
7.751139999999464,0.1748860000000536
7.752809999999464,0.1747190000000538
7.754479999999464,0.17455200000005378
7.756149999999463,0.17438500000005375
7.757819999999463,0.17421800000005372
7.759489999999463,0.1740510000000537
7.761159999999463,0.17388400000005388
7.762829999999463,0.17371700000005386
7.764499999999463,0.17355000000005383
7.7661699999994624,0.1733830000000538
7.767839999999462,0.17321600000005377
7.769509999999462,0.17304900000005397
7.771179999999462,0.17288200000005371
7.772849999999462,0.1727150000000539
7.774519999999462,0.1725480000000541
7.7761899999994615,0.17238100000005385
7.777859999999461,0.17221400000005382
7.779529999999461,0.17204700000005402
7.781199999999461,0.1718800000000542
7.782869999999461,0.17171300000005396
7.784539999999461,0.17154600000005393
7.7862099999994605,0.17137900000005413
7.78787999999946,0.1712120000000541
7.78954999999946,0.17104500000005407
7.79121999999946,0.17087800000005404
7.79288999999946,0.17071100000005401
7.79455999999946,0.1705440000000542
7.7962299999994595,0.17037700000005418
7.797899999999459,0.17021000000005415
7.799569999999459,0.17004300000005412
7.801239999999459,0.1698760000000541
7.802909999999459,0.1697090000000543
7.804579999999459,0.16954200000005404
7.806249999999459,0.16937500000005423
7.807919999999458,0.16920800000005443
7.809589999999458,0.16904100000005418
7.811259999999458,0.16887400000005415
7.812929999999458,0.16870700000005434
7.814599999999458,0.16854000000005454
7.816269999999458,0.16837300000005428
7.817939999999457,0.16820600000005426
7.819609999999457,0.16803900000005445
7.821279999999457,0.16787200000005442
7.822949999999457,0.1677050000000544
7.824619999999457,0.16753800000005437
7.826289999999457,0.16737100000005434
7.8279599999994565,0.16720400000005453
7.829629999999456,0.1670370000000545
7.831299999999456,0.16687000000005447
7.832969999999456,0.16670300000005445
7.834639999999456,0.16653600000005442
7.836309999999456,0.1663690000000546
7.8379799999994555,0.16620200000005436
7.839649999999455,0.16603500000005433
7.841319999999455,0.16586800000005475
7.842989999999455,0.1657010000000545
7.844659999999455,0.16553400000005447
7.846329999999455,0.16536700000005466
7.8479999999994545,0.16520000000005464
7.849669999999454,0.1650330000000546
7.851339999999454,0.16486600000005458
7.853009999999454,0.16469900000005477
7.854679999999454,0.16453200000005475
7.856349999999454,0.1643650000000545
7.8580199999994536,0.1641980000000547
7.859689999999453,0.16403100000005466
7.861359999999453,0.16386400000005485
7.863029999999453,0.16369700000005483
7.864699999999453,0.16353000000005458
7.866369999999453,0.16336300000005477
7.868039999999453,0.16319600000005474
7.869709999999452,0.16302900000005494
7.871379999999452,0.16286200000005469
7.873049999999452,0.16269500000005466
7.874719999999452,0.16252800000005507
7.876389999999452,0.16236100000005482
7.878059999999452,0.1621940000000548
7.8797299999994515,0.162027000000055
7.881399999999451,0.16186000000005496
7.883069999999451,0.16169300000005493
7.884739999999451,0.1615260000000549
7.886409999999451,0.1613590000000551
7.888079999999451,0.16119200000005507
7.8897499999994505,0.16102500000005482
7.89141999999945,0.160858000000055
7.89308999999945,0.16069100000005498
7.89475999999945,0.16052400000005518
7.89642999999945,0.16035700000005515
7.89809999999945,0.1601900000000549
7.8997699999994495,0.1600230000000551
7.901439999999449,0.15985600000005507
7.903109999999449,0.15968900000005526
7.904779999999449,0.159522000000055
7.906449999999449,0.15935500000005498
7.908119999999449,0.1591880000000554
7.9097899999994485,0.15902100000005515
7.911459999999448,0.15885400000005512
7.913129999999448,0.1586870000000553
7.914799999999448,0.15852000000005528
7.916469999999448,0.15835300000005526
7.918139999999448,0.15818600000005523
7.919809999999448,0.15801900000005542
7.921479999999447,0.1578520000000554
7.923149999999447,0.15768500000005514
7.924819999999447,0.15751800000005534
7.926489999999447,0.1573510000000553
7.928159999999447,0.1571840000000555
7.929829999999447,0.15701700000005547
7.931499999999446,0.15685000000005522
7.933169999999446,0.15668300000005542
7.934839999999446,0.1565160000000554
7.936509999999446,0.15634900000005558
7.938179999999446,0.15618200000005533
7.939849999999446,0.1560150000000553
7.9415199999994455,0.15584800000005572
7.943189999999445,0.15568100000005547
7.944859999999445,0.15551400000005544
7.946529999999445,0.15534700000005564
7.948199999999445,0.1551800000000556
7.949869999999445,0.15501300000005558
7.9515399999994445,0.15484600000005555
7.953209999999444,0.15467900000005574
7.954879999999444,0.15451200000005572
7.956549999999444,0.15434500000005547
7.958219999999444,0.15417800000005566
7.959889999999444,0.15401100000005563
7.9615599999994435,0.15384400000005582
7.963229999999443,0.1536770000000558
7.964899999999443,0.15351000000005555
7.966569999999443,0.15334300000005574
7.968239999999443,0.1531760000000557
7.969909999999443,0.1530090000000559
7.971579999999443,0.15284200000005566
7.973249999999442,0.15267500000005563
7.974919999999442,0.15250800000005582
7.976589999999442,0.1523410000000558
7.978259999999442,0.15217400000005576
7.979929999999442,0.15200700000005574
7.981599999999442,0.15184000000005593
7.983269999999441,0.1516730000000559
7.984939999999441,0.15150600000005565
7.986609999999441,0.15133900000005607
7.988279999999441,0.15117200000005604
7.989949999999441,0.1510050000000558
7.991619999999441,0.15083800000005598
7.9932899999994405,0.15067100000005595
7.99495999999944,0.15050400000005615
7.99662999999944,0.1503370000000559
7.99829999999944,0.15017000000005587
7.99996999999944,0.15000300000005606
8.00163999999944,0.1498360000000558
8.003309999999441,0.14966900000005579
8.004979999999442,0.14950200000005598
8.006649999999443,0.14933500000005573
8.008319999999443,0.1491680000000557
8.009989999999444,0.14900100000005545
8.011659999999445,0.14883400000005542
8.013329999999446,0.14866700000005562
8.014999999999446,0.14850000000005537
8.016669999999447,0.14833300000005534
8.018339999999448,0.1481660000000551
8.020009999999449,0.14799900000005506
8.02167999999945,0.14783200000005525
8.02334999999945,0.147665000000055
8.02501999999945,0.14749800000005497
8.026689999999451,0.14733100000005472
8.028359999999452,0.1471640000000547
8.030029999999453,0.1469970000000549
8.031699999999454,0.14683000000005464
8.033369999999454,0.1466630000000546
8.035039999999455,0.14649600000005436
8.036709999999456,0.14632900000005433
8.038379999999457,0.14616200000005453
8.040049999999457,0.14599500000005428
8.041719999999458,0.14582800000005425
8.043389999999459,0.145661000000054
8.04505999999946,0.14549400000005397
8.04672999999946,0.14532700000005416
8.04839999999946,0.1451600000000539
8.050069999999462,0.14499300000005388
8.051739999999462,0.14482600000005363
8.053409999999463,0.1446590000000536
8.055079999999464,0.1444920000000538
8.056749999999465,0.14432500000005355
8.058419999999465,0.14415800000005352
8.060089999999466,0.14399100000005327
8.061759999999467,0.14382400000005324
8.063429999999467,0.14365700000005344
8.065099999999468,0.14349000000005319
8.066769999999469,0.14332300000005316
8.06843999999947,0.1431560000000529
8.07010999999947,0.14298900000005288
8.071779999999471,0.14282200000005307
8.073449999999472,0.14265500000005282
8.075119999999472,0.1424880000000528
8.076789999999473,0.14232100000005254
8.078459999999474,0.14215400000005252
8.080129999999475,0.1419870000000527
8.081799999999475,0.14182000000005246
8.083469999999476,0.14165300000005243
8.085139999999477,0.14148600000005218
8.086809999999478,0.14131900000005215
8.088479999999478,0.14115200000005235
8.090149999999479,0.1409850000000521
8.09181999999948,0.14081800000005207
8.09348999999948,0.14065100000005182
8.095159999999481,0.1404840000000518
8.096829999999482,0.14031700000005198
8.098499999999483,0.14015000000005173
8.100169999999483,0.1399830000000517
8.101839999999484,0.13981600000005145
8.103509999999485,0.13964900000005143
8.105179999999486,0.13948200000005162
8.106849999999486,0.13931500000005137
8.108519999999487,0.13914800000005134
8.110189999999488,0.1389810000000511
8.111859999999488,0.13881400000005106
8.11352999999949,0.13864700000005126
8.11519999999949,0.138480000000051
8.11686999999949,0.13831300000005098
8.118539999999491,0.13814600000005073
8.120209999999492,0.1379790000000507
8.121879999999493,0.1378120000000509
8.123549999999494,0.13764500000005064
8.125219999999494,0.13747800000005062
8.126889999999495,0.13731100000005036
8.128559999999496,0.13714400000005034
8.130229999999496,0.13697700000005053
8.131899999999497,0.13681000000005028
8.133569999999498,0.13664300000005025
8.135239999999499,0.13647600000005
8.1369099999995,0.13630900000004997
8.1385799999995,0.13614200000004995
8.1402499999995,0.13597500000004992
8.141919999999502,0.1358080000000499
8.143589999999502,0.13564100000004964
8.145259999999503,0.1354740000000496
8.146929999999504,0.13530700000004958
8.148599999999504,0.13514000000004955
8.150269999999505,0.13497300000004953
8.151939999999506,0.13480600000004928
8.153609999999507,0.13463900000004925
8.155279999999507,0.13447200000004922
8.156949999999508,0.1343050000000492
8.158619999999509,0.13413800000004916
8.16028999999951,0.1339710000000489
8.16195999999951,0.13380400000004888
8.163629999999511,0.13363700000004886
8.165299999999512,0.13347000000004883
8.166969999999512,0.1333030000000488
8.168639999999513,0.13313600000004855
8.170309999999514,0.13296900000004852
8.171979999999515,0.1328020000000485
8.173649999999515,0.13263500000004846
8.175319999999516,0.13246800000004844
8.176989999999517,0.13230100000004819
8.178659999999518,0.13213400000004816
8.180329999999518,0.13196700000004813
8.181999999999519,0.1318000000000481
8.18366999999952,0.13163300000004807
8.18533999999952,0.13146600000004782
8.187009999999521,0.1312990000000478
8.188679999999522,0.13113200000004777
8.190349999999523,0.13096500000004774
8.192019999999523,0.1307980000000477
8.193689999999524,0.13063100000004746
8.195359999999525,0.13046400000004743
8.197029999999526,0.1302970000000474
8.198699999999526,0.13013000000004737
8.200369999999527,0.12996300000004735
8.202039999999528,0.1297960000000471
8.203709999999528,0.12962900000004707
8.20537999999953,0.12946200000004704
8.20704999999953,0.129295000000047
8.20871999999953,0.12912800000004698
8.210389999999531,0.12896100000004673
8.212059999999532,0.1287940000000467
8.213729999999533,0.12862700000004668
8.215399999999534,0.12846000000004665
8.217069999999534,0.12829300000004662
8.218739999999535,0.12812600000004637
8.220409999999536,0.12795900000004634
8.222079999999536,0.1277920000000463
8.223749999999537,0.12762500000004628
8.225419999999538,0.12745800000004626
8.227089999999539,0.127291000000046
8.22875999999954,0.12712400000004598
8.23042999999954,0.12695700000004595
8.23209999999954,0.12679000000004592
8.233769999999542,0.1266230000000459
8.235439999999542,0.12645600000004564
8.237109999999543,0.12628900000004561
8.238779999999544,0.1261220000000456
8.240449999999544,0.12595500000004556
8.242119999999545,0.12578800000004553
8.243789999999546,0.12562100000004528
8.245459999999547,0.12545400000004525
8.247129999999547,0.12528700000004522
8.248799999999548,0.1251200000000452
8.250469999999549,0.12495300000004517
8.25213999999955,0.12478600000004492
8.25380999999955,0.12461900000004489
8.255479999999551,0.12445200000004486
8.257149999999552,0.12428500000004483
8.258819999999552,0.1241180000000448
8.260489999999553,0.12395100000004455
8.262159999999554,0.12378400000004453
8.263829999999555,0.1236170000000445
8.265499999999555,0.12345000000004447
8.267169999999556,0.12328300000004444
8.268839999999557,0.12311600000004419
8.270509999999557,0.12294900000004416
8.272179999999558,0.12278200000004413
8.273849999999559,0.1226150000000441
8.27551999999956,0.12244800000004408
8.27718999999956,0.12228100000004383
8.278859999999561,0.1221140000000438
8.280529999999562,0.12194700000004377
8.282199999999563,0.12178000000004374
8.283869999999563,0.12161300000004371
8.285539999999564,0.12144600000004346
8.287209999999565,0.12127900000004344
8.288879999999565,0.12111200000004341
8.290549999999566,0.12094500000004338
8.292219999999567,0.12077800000004335
8.293889999999568,0.1206110000000431
8.295559999999568,0.12044400000004307
8.29722999999957,0.12027700000004304
8.29889999999957,0.12011000000004302
8.30056999999957,0.11994300000004299
8.302239999999571,0.11977600000004274
8.303909999999572,0.11960900000004271
8.305579999999573,0.11944200000004268
8.307249999999573,0.11927500000004265
8.308919999999574,0.11910800000004262
8.310589999999575,0.11894100000004237
8.312259999999576,0.11877400000004235
8.313929999999576,0.11860700000004232
8.315599999999577,0.11844000000004229
8.317269999999578,0.11827300000004226
8.318939999999579,0.11810600000004201
8.32060999999958,0.11793900000004198
8.32227999999958,0.11777200000004195
8.32394999999958,0.11760500000004193
8.325619999999581,0.1174380000000419
8.327289999999582,0.11727100000004165
8.328959999999583,0.11710400000004162
8.330629999999584,0.11693700000004159
8.332299999999584,0.11677000000004156
8.333969999999585,0.11660300000004153
8.335639999999586,0.11643600000004128
8.337309999999587,0.11626900000004126
8.338979999999587,0.11610200000004123
8.340649999999588,0.1159350000000412
8.342319999999589,0.11576800000004095
8.34398999999959,0.11560100000004092
8.34565999999959,0.11543400000004089
8.347329999999591,0.11526700000004086
8.348999999999592,0.11510000000004084
8.350669999999592,0.11493300000004059
8.352339999999593,0.11476600000004056
8.354009999999594,0.11459900000004053
8.355679999999595,0.1144320000000405
8.357349999999595,0.11426500000004047
8.359019999999596,0.11409800000004022
8.360689999999597,0.1139310000000402
8.362359999999597,0.11376400000004017
8.364029999999598,0.11359700000004014
8.365699999999599,0.11343000000004011
8.3673699999996,0.11326300000003986
8.3690399999996,0.11309600000003983
8.370709999999601,0.1129290000000398
8.372379999999602,0.11276200000003977
8.374049999999603,0.11259500000003975
8.375719999999603,0.1124280000000395
8.377389999999604,0.11226100000003947
8.379059999999605,0.11209400000003944
8.380729999999605,0.11192700000003941
8.382399999999606,0.11176000000003938
8.384069999999607,0.11159300000003913
8.385739999999608,0.1114260000000391
8.387409999999608,0.11125900000003908
8.389079999999609,0.11109200000003883
8.39074999999961,0.11092500000003902
8.39241999999961,0.11075800000003877
8.394089999999611,0.11059100000003874
8.395759999999612,0.11042400000003871
8.397429999999613,0.11025700000003846
8.399099999999613,0.11009000000003866
8.400769999999614,0.1099230000000384
8.402439999999615,0.10975600000003838
8.404109999999616,0.10958900000003835
8.405779999999616,0.1094220000000381
8.407449999999617,0.1092550000000383
8.409119999999618,0.10908800000003804
8.410789999999619,0.10892100000003802
8.41245999999962,0.10875400000003799
8.41412999999962,0.10858700000003774
8.41579999999962,0.10842000000003793
8.417469999999621,0.10825300000003768
8.419139999999622,0.10808600000003765
8.420809999999623,0.10791900000003762
8.422479999999624,0.10775200000003737
8.424149999999624,0.10758500000003757
8.425819999999625,0.10741800000003732
8.427489999999626,0.10725100000003729
8.429159999999627,0.10708400000003726
8.430829999999627,0.10691700000003701
8.432499999999628,0.1067500000000372
8.434169999999629,0.10658300000003695
8.43583999999963,0.10641600000003693
8.43750999999963,0.1062490000000369
8.43917999999963,0.10608200000003665
8.440849999999632,0.10591500000003684
8.442519999999632,0.10574800000003659
8.444189999999633,0.10558100000003656
8.445859999999634,0.10541400000003653
8.447529999999634,0.10524700000003628
8.449199999999635,0.10508000000003648
8.450869999999636,0.10491300000003623
8.452539999999637,0.1047460000000362
8.454209999999637,0.10457900000003617
8.455879999999638,0.10441200000003592
8.457549999999639,0.10424500000003611
8.45921999999964,0.10407800000003586
8.46088999999964,0.10391100000003584
8.462559999999641,0.10374400000003581
8.464229999999642,0.10357700000003556
8.465899999999642,0.10341000000003575
8.467569999999643,0.1032430000000355
8.469239999999644,0.10307600000003547
8.470909999999645,0.10290900000003544
8.472579999999645,0.1027420000000352
8.474249999999646,0.10257500000003539
8.475919999999647,0.10240800000003514
8.477589999999648,0.10224100000003511
8.479259999999648,0.10207400000003508
8.480929999999649,0.10190700000003483
8.48259999999965,0.10174000000003502
8.48426999999965,0.10157300000003477
8.485939999999651,0.10140600000003475
8.487609999999652,0.10123900000003472
8.489279999999653,0.10107200000003447
8.490949999999653,0.10090500000003466
8.492619999999654,0.10073800000003441
8.494289999999655,0.10057100000003438
8.495959999999656,0.10040400000003435
8.497629999999656,0.1002370000000341
8.499299999999657,0.1000700000000343
8.500969999999658,0.1002909999998971
8.502639999999658,0.10079199999989741
8.50430999999966,0.10129299999989771
8.50597999999966,0.10179399999989802
8.50764999999966,0.10229499999989788
8.509319999999661,0.10279599999989819
8.510989999999662,0.1032969999998985
8.512659999999663,0.1037979999998988
8.514329999999664,0.10429899999989911
8.515999999999664,0.10479999999989897
8.517669999999665,0.10530099999989928
8.519339999999666,0.10580199999989959
8.521009999999666,0.1063029999998999
8.522679999999667,0.1068039999999002
8.524349999999668,0.10730499999990006
8.526019999999669,0.10780599999990037
8.52768999999967,0.10830699999990068
8.52935999999967,0.10880799999990098
8.53102999999967,0.10930899999990129
8.532699999999672,0.10980999999990115
8.534369999999672,0.11031099999990146
8.536039999999673,0.11081199999990177
8.537709999999674,0.11131299999990207
8.539379999999674,0.11181399999990216
8.541049999999675,0.11231499999990224
8.542719999999676,0.11281599999990255
8.544389999999677,0.11331699999990286
8.546059999999677,0.11381799999990316
8.547729999999678,0.11431899999990325
8.549399999999679,0.11481999999990333
8.55106999999968,0.11532099999990364
8.55273999999968,0.11582199999990395
8.554409999999681,0.11632299999990425
8.556079999999682,0.11682399999990434
8.557749999999682,0.11732499999990442
8.559419999999683,0.11782599999990473
8.561089999999684,0.11832699999990504
8.562759999999685,0.11882799999990534
8.564429999999685,0.11932899999990543
8.566099999999686,0.11982999999990551
8.567769999999687,0.12033099999990582
8.569439999999688,0.12083199999990613
8.571109999999688,0.12133299999990643
8.572779999999689,0.12183399999990652
8.57444999999969,0.1223349999999066
8.57611999999969,0.12283599999990691
8.577789999999691,0.12333699999990722
8.579459999999692,0.12383799999990752
8.581129999999693,0.1243389999999076
8.582799999999693,0.12483999999990769
8.584469999999694,0.125340999999908
8.586139999999695,0.1258419999999083
8.587809999999696,0.1263429999999086
8.589479999999696,0.1268439999999087
8.591149999999697,0.12734499999990878
8.592819999999698,0.1278459999999091
8.594489999999698,0.1283469999999094
8.5961599999997,0.1288479999999097
8.5978299999997,0.1293489999999098
8.5994999999997,0.12984999999990987
8.601169999999701,0.13035099999991018
8.602839999999702,0.13085199999991048
8.604509999999703,0.1313529999999108
8.606179999999704,0.13185399999991088
8.607849999999704,0.13235499999991096
8.609519999999705,0.13285599999991127
8.611189999999706,0.13335699999991157
8.612859999999706,0.13385799999991188
8.614529999999707,0.13435899999991197
8.616199999999708,0.13485999999991205
8.617869999999709,0.13536099999991236
8.61953999999971,0.13586199999991266
8.62120999999971,0.13636299999991297
8.62287999999971,0.13686399999991306
8.624549999999712,0.13736499999991314
8.626219999999712,0.13786599999991345
8.627889999999713,0.13836699999991375
8.629559999999714,0.13886799999991406
8.631229999999714,0.13936899999991414
8.632899999999715,0.13986999999991423
8.634569999999716,0.14037099999991454
8.636239999999717,0.14087199999991484
8.637909999999717,0.14137299999991493
8.639579999999718,0.14187399999991523
8.641249999999719,0.14237499999991532
8.64291999999972,0.14287599999991563
8.64458999999972,0.14337699999991593
8.646259999999721,0.14387799999991602
8.647929999999722,0.14437899999991632
8.649599999999722,0.1448799999999164
8.651269999999723,0.14538099999991672
8.652939999999724,0.14588199999991702
8.654609999999725,0.1463829999999171
8.656279999999725,0.14688399999991741
8.657949999999726,0.1473849999999175
8.659619999999727,0.1478859999999178
8.661289999999727,0.1483869999999181
8.662959999999728,0.1488879999999182
8.664629999999729,0.1493889999999185
8.66629999999973,0.1498899999999186
8.66796999999973,0.1503909999999189
8.669639999999731,0.1508919999999192
8.671309999999732,0.1513929999999193
8.672979999999733,0.1518939999999196
8.674649999999733,0.15239499999991968
8.676319999999734,0.15289599999991998
8.677989999999735,0.1533969999999203
8.679659999999735,0.15389799999992038
8.681329999999736,0.15439899999992068
8.682999999999737,0.154899999999921
8.684669999999738,0.15540099999992107
8.686339999999738,0.15590199999992138
8.688009999999739,0.15640299999992147
8.68967999999974,0.15690399999992177
8.69134999999974,0.15740499999992208
8.693019999999741,0.15790599999992216
8.694689999999742,0.15840699999992247
8.696359999999743,0.15890799999992256
8.698029999999743,0.15940899999992286
8.699699999999744,0.15990999999992317
8.701369999999745,0.16041099999992325
8.703039999999746,0.16091199999992334
8.704709999999746,0.16141299999992365
8.706379999999747,0.16191399999992395
8.708049999999748,0.16241499999992426
8.709719999999749,0.16291599999992434
8.71138999999975,0.16341699999992443
8.71305999999975,0.16391799999992474
8.71472999999975,0.16441899999992504
8.716399999999751,0.16491999999992535
8.718069999999752,0.16542099999992543
8.719739999999753,0.16592199999992552
8.721409999999754,0.16642299999992582
8.723079999999754,0.16692399999992613
8.724749999999755,0.16742499999992644
8.726419999999756,0.16792599999992652
8.728089999999757,0.1684269999999266
8.729759999999757,0.16892799999992691
8.731429999999758,0.16942899999992722
8.733099999999759,0.16992999999992753
8.73476999999976,0.1704309999999276
8.73643999999976,0.1709319999999277
8.738109999999761,0.171432999999928
8.739779999999762,0.1719339999999283
8.741449999999762,0.17243499999992862
8.743119999999763,0.1729359999999287
8.744789999999764,0.1734369999999288
8.746459999999765,0.1739379999999291
8.748129999999765,0.1744389999999294
8.749799999999766,0.1749399999999297
8.751469999999767,0.1754409999999298
8.753139999999767,0.17594199999992988
8.754809999999768,0.1764429999999304
8.756479999999769,0.1769439999999305
8.75814999999977,0.17744499999993057
8.75981999999977,0.17794599999993088
8.761489999999771,0.17844699999993097
8.763159999999772,0.1789479999999315
8.764829999999773,0.17944899999993158
8.766499999999773,0.17994999999993166
8.768169999999774,0.18045099999993197
8.769839999999775,0.18095199999993206
8.771509999999775,0.18145299999993258
8.773179999999776,0.18195399999993267
8.774849999999777,0.18245499999993275
8.776519999999778,0.18295599999993306
8.778189999999778,0.18345699999993315
8.779859999999779,0.18395799999993367
8.78152999999978,0.18445899999993376
8.78319999999978,0.18495999999993384
8.784869999999781,0.18546099999993415
8.786539999999782,0.18596199999993424
8.788209999999783,0.18646299999993476
8.789879999999783,0.18696399999993485
8.791549999999784,0.18746499999993493
8.793219999999785,0.18796599999993524
8.794889999999786,0.18846699999993533
8.796559999999786,0.18896799999993585
8.798229999999787,0.18946899999993594
8.799899999999788,0.18996999999993602
8.801569999999789,0.19047099999993633
8.80323999999979,0.19097199999993641
8.80490999999979,0.19147299999993694
8.80657999999979,0.19197399999993703
8.808249999999791,0.1924749999999371
8.809919999999792,0.19297599999993742
8.811589999999793,0.1934769999999375
8.813259999999794,0.19397799999993803
8.814929999999794,0.19447899999993812
8.816599999999795,0.1949799999999382
8.818269999999796,0.1954809999999385
8.819939999999796,0.1959819999999386
8.821609999999797,0.19648299999993912
8.823279999999798,0.1969839999999392
8.824949999999799,0.1974849999999393
8.8266199999998,0.1979859999999396
8.8282899999998,0.19848699999993968
8.8299599999998,0.1989879999999402
8.831629999999802,0.1994889999999403
8.833299999999802,0.19998999999994038
8.834969999999803,0.2004909999999407
8.836639999999804,0.20099199999994077
8.838309999999804,0.2014929999999413
8.839979999999805,0.2019939999999414
8.841649999999806,0.20249499999994147
8.843319999999807,0.20299599999994178
8.844989999999807,0.20349699999994186
8.846659999999808,0.2039979999999424
8.848329999999809,0.20449899999994248
8.84999999999981,0.20499999999994256
8.85166999999981,0.20550099999994287
8.853339999999811,0.20600199999994295
8.855009999999812,0.20650299999994348
8.856679999999812,0.20700399999994357
8.858349999999813,0.20750499999994365
8.860019999999814,0.20800599999994396
8.861689999999815,0.20850699999994404
8.863359999999815,0.20900799999994457
8.865029999999816,0.20950899999994466
8.866699999999817,0.21000999999994474
8.868369999999818,0.21051099999994505
8.870039999999818,0.21101199999994513
8.871709999999819,0.21151299999994566
8.87337999999982,0.21201399999994575
8.87504999999982,0.21251499999994583
8.876719999999821,0.21301599999994614
8.878389999999822,0.21351699999994622
8.880059999999823,0.21401799999994675
8.881729999999823,0.21451899999994684
8.883399999999824,0.21501999999994692
8.885069999999825,0.21552099999994723
8.886739999999826,0.2160219999999473
8.888409999999826,0.21652299999994784
8.890079999999827,0.21702399999994793
8.891749999999828,0.21752499999994845
8.893419999999828,0.21802599999994832
8.89508999999983,0.2185269999999484
8.89675999999983,0.21902799999994893
8.89842999999983,0.21952899999994901
8.900099999999831,0.22002999999994954
8.901769999999832,0.2205309999999494
8.903439999999833,0.2210319999999495
8.905109999999834,0.22153299999995002
8.906779999999834,0.2220339999999501
8.908449999999835,0.22253499999995063
8.910119999999836,0.2230359999999505
8.911789999999836,0.22353699999995058
8.913459999999837,0.2240379999999511
8.915129999999838,0.2245389999999512
8.916799999999839,0.22503999999995172
8.91846999999984,0.22554099999995159
8.92013999999984,0.22604199999995167
8.92180999999984,0.2265429999999522
8.923479999999842,0.22704399999995228
8.925149999999842,0.2275449999999528
8.926819999999843,0.22804599999995268
8.928489999999844,0.22854699999995276
8.930159999999844,0.2290479999999533
8.931829999999845,0.22954899999995337
8.933499999999846,0.2300499999999539
8.935169999999847,0.23055099999995377
8.936839999999847,0.23105199999995385
8.938509999999848,0.23155299999995438
8.940179999999849,0.23205399999995446
8.94184999999985,0.232554999999955
8.94351999999985,0.23305599999995485
8.945189999999851,0.23355699999995494
8.946859999999852,0.23405799999995547
8.948529999999852,0.23455899999995555
8.950199999999853,0.23505999999995608
8.951869999999854,0.23556099999995594
8.953539999999855,0.23606199999995603
8.955209999999855,0.23656299999995656
8.956879999999856,0.23706399999995664
8.958549999999857,0.23756499999995717
8.960219999999858,0.23806599999995703
8.961889999999858,0.23856699999995712
8.963559999999859,0.23906799999995765
8.96522999999986,0.23956899999995773
8.96689999999986,0.24006999999995826
8.968569999999861,0.24057099999995812
8.970239999999862,0.2410719999999582
8.971909999999863,0.24157299999995874
8.973579999999863,0.24207399999995882
8.975249999999864,0.24257499999995935
8.976919999999865,0.24307599999995944
8.978589999999866,0.2435769999999593
8.980259999999866,0.24407799999995983
8.981929999999867,0.2445789999999599
8.983599999999868,0.24507999999996044
8.985269999999868,0.24558099999996053
8.98693999999987,0.2460819999999604
8.98860999999987,0.24658299999996092
8.99027999999987,0.247083999999961
8.991949999999871,0.24758499999996153
8.993619999999872,0.24808599999996162
8.995289999999873,0.24858699999996148
8.996959999999874,0.249087999999962
8.998629999999874,0.2495889999999621
9.000299999999875,0.2500899999999626
9.001969999999876,0.2505909999999627
9.003639999999876,0.25109199999996257
9.005309999999877,0.2515929999999631
9.006979999999878,0.2520939999999632
9.008649999999879,0.2525949999999637
9.01031999999988,0.2530959999999638
9.01198999999988,0.25359699999996366
9.01365999999988,0.2540979999999642
9.015329999999881,0.25459899999996427
9.016999999999882,0.2550999999999648
9.018669999999883,0.2556009999999649
9.020339999999884,0.25610199999996475
9.022009999999884,0.2566029999999653
9.023679999999885,0.25710399999996536
9.025349999999886,0.2576049999999659
9.027019999999887,0.258105999999966
9.028689999999887,0.25860699999996584
9.030359999999888,0.25910799999996637
9.032029999999889,0.25960899999996645
9.03369999999989,0.260109999999967
9.03536999999989,0.26061099999996706
9.037039999999891,0.2611119999999669
9.038709999999892,0.26161299999996745
9.040379999999892,0.26211399999996754
9.042049999999893,0.26261499999996807
9.043719999999894,0.26311599999996815
9.045389999999895,0.263616999999968
9.047059999999895,0.26411799999996854
9.048729999999896,0.26461899999996863
9.050399999999897,0.26511999999996916
9.052069999999897,0.26562099999996924
9.053739999999898,0.2661219999999691
9.055409999999899,0.26662299999996963
9.0570799999999,0.2671239999999697
9.0587499999999,0.26762499999997025
9.060419999999901,0.26812599999997033
9.062089999999902,0.2686269999999702
9.063759999999903,0.2691279999999707
9.065429999999903,0.2696289999999708
9.067099999999904,0.27012999999997134
9.068769999999905,0.2706309999999714
9.070439999999905,0.2711319999999713
9.072109999999906,0.2716329999999718
9.073779999999907,0.2721339999999719
9.075449999999908,0.2726349999999724
9.077119999999908,0.2731359999999725
9.078789999999909,0.2736369999999724
9.08045999999991,0.2741379999999729
9.08212999999991,0.274638999999973
9.083799999999911,0.2751399999999735
9.085469999999912,0.2756409999999736
9.087139999999913,0.27614199999997346
9.088809999999913,0.276642999999974
9.090479999999914,0.2771439999999741
9.092149999999915,0.2776449999999746
9.093819999999916,0.2781459999999747
9.095489999999916,0.27864699999997455
9.097159999999917,0.2791479999999751
9.098829999999918,0.27964899999997517
9.100499999999919,0.2801499999999757
9.10216999999992,0.2806509999999758
9.10383999999992,0.28115199999997564
9.10550999999992,0.2816529999999762
9.107179999999921,0.28215399999997626
9.108849999999922,0.2826549999999768
9.110519999999923,0.28315599999997687
9.112189999999924,0.28365699999997673
9.113859999999924,0.28415799999997726
9.115529999999925,0.28465899999997735
9.117199999999926,0.2851599999999779
9.118869999999927,0.28566099999997796
9.120539999999927,0.28616199999997827
9.122209999999928,0.28666299999997835
9.123879999999929,0.28716399999997844
9.12554999999993,0.28766499999997897
9.12721999999993,0.28816599999997905
9.128889999999931,0.28866699999997936
9.130559999999932,0.28916799999997944
9.132229999999932,0.2896689999999795
9.133899999999933,0.29016999999998005
9.135569999999934,0.29067099999998014
9.137239999999935,0.29117199999998045
9.138909999999935,0.29167299999998053
9.140579999999936,0.2921739999999806
9.142249999999937,0.29267499999998114
9.143919999999937,0.29317599999998123
9.145589999999938,0.29367699999998154
9.147259999999939,0.2941779999999816
9.14892999999994,0.2946789999999817
9.15059999999994,0.29517999999998223
9.152269999999941,0.2956809999999823
9.153939999999942,0.2961819999999826
9.155609999999943,0.2966829999999827
9.157279999999943,0.2971839999999828
9.158949999999944,0.2976849999999833
9.160619999999945,0.2981859999999834
9.162289999999945,0.2986869999999837
9.163959999999946,0.2991879999999838
9.165629999999947,0.2996889999999839
9.167299999999948,0.3001899999999844
9.168969999999948,0.3006909999999845
9.170639999999949,0.3011919999999848
9.17230999999995,0.3016929999999849
9.17397999999995,0.302193999999985
9.175649999999951,0.3026949999999855
9.177319999999952,0.3031959999999856
9.178989999999953,0.3036969999999859
9.180659999999953,0.304197999999986
9.182329999999954,0.30469899999998606
9.183999999999955,0.3051999999999866
9.185669999999956,0.3057009999999867
9.187339999999956,0.306201999999987
9.189009999999957,0.30670299999998707
9.190679999999958,0.30720399999998715
9.192349999999958,0.3077049999999877
9.19401999999996,0.30820599999998777
9.19568999999996,0.3087069999999881
9.19735999999996,0.30920799999998816
9.199029999999961,0.30970899999998824
9.200699999999962,0.3102099999999888
9.202369999999963,0.31071099999998886
9.204039999999964,0.31121199999998916
9.205709999999964,0.31171299999998925
9.207379999999965,0.31221399999998933
9.209049999999966,0.31271499999998986
9.210719999999966,0.31321599999998995
9.212389999999967,0.31371699999999025
9.214059999999968,0.31421799999999034
9.215729999999969,0.3147189999999904
9.21739999999997,0.31521999999999095
9.21906999999997,0.31572099999999104
9.22073999999997,0.31622199999999134
9.222409999999972,0.31672299999999143
9.224079999999972,0.3172239999999915
9.225749999999973,0.31772499999999204
9.227419999999974,0.3182259999999921
9.229089999999974,0.31872699999999243
9.230759999999975,0.3192279999999925
9.232429999999976,0.3197289999999926
9.234099999999977,0.32022999999999313
9.235769999999977,0.3207309999999932
9.237439999999978,0.3212319999999935
9.239109999999979,0.3217329999999936
9.24077999999998,0.3222339999999937
9.24244999999998,0.3227349999999942
9.244119999999981,0.3232359999999943
9.245789999999982,0.3237369999999946
9.247459999999982,0.3242379999999947
9.249129999999983,0.3247389999999948
9.250799999999984,0.3252399999999953
9.252469999999985,0.3257409999999954
9.254139999999985,0.3262419999999957
9.255809999999986,0.3267429999999958
9.257479999999987,0.32724399999999587
9.259149999999988,0.3277449999999964
9.260819999999988,0.3282459999999965
9.262489999999989,0.3287469999999968
9.26415999999999,0.3292479999999969
9.26582999999999,0.32974899999999696
9.267499999999991,0.3302499999999975
9.269169999999992,0.3307509999999976
9.270839999999993,0.3312519999999979
9.272509999999993,0.33175299999999797
9.274179999999994,0.33225399999999805
9.275849999999995,0.3327549999999986
9.277519999999996,0.33325599999999866
9.279189999999996,0.33375699999999897
9.280859999999997,0.33425799999999906
9.282529999999998,0.33475899999999914
9.284199999999998,0.33525999999999967
9.28587,0.33576099999999975
9.28754,0.33626200000000006
9.28921,0.33676300000000015
9.290880000000001,0.33726400000000023
9.292550000000002,0.33776500000000076
9.294220000000003,0.33826600000000084
9.295890000000004,0.33876700000000115
9.297560000000004,0.33926800000000124
9.299230000000005,0.3397690000000013
9.300900000000006,0.34027000000000185
9.302570000000006,0.34077100000000193
9.304240000000007,0.34127200000000224
9.305910000000008,0.3417730000000023
9.307580000000009,0.3422740000000024
9.30925000000001,0.34277500000000294
9.31092000000001,0.343276000000003
9.31259000000001,0.34377700000000333
9.314260000000012,0.3442780000000034
9.315930000000012,0.3447790000000035
9.317600000000013,0.34528000000000403
9.319270000000014,0.3457810000000041
9.320940000000014,0.3462820000000044
9.322610000000015,0.3467830000000045
9.324280000000016,0.3472840000000046
9.325950000000017,0.3477850000000051
9.327620000000017,0.3482860000000052
9.329290000000018,0.3487870000000055
9.330960000000019,0.3492880000000056
9.33263000000002,0.3497890000000057
9.33430000000002,0.3502900000000062
9.335970000000021,0.3507910000000063
9.337640000000022,0.3512920000000066
9.339310000000022,0.3517930000000067
9.340980000000023,0.35229400000000677
9.342650000000024,0.3527950000000073
9.344320000000025,0.3532960000000074
9.345990000000025,0.3537970000000077
9.347660000000026,0.3542980000000078
9.349330000000027,0.35479900000000786
9.351000000000028,0.3553000000000084
9.352670000000028,0.35580100000000847
9.354340000000029,0.3563020000000088
9.35601000000003,0.35680300000000886
9.35768000000003,0.35730400000000895
9.359350000000031,0.3578050000000095
9.361020000000032,0.35830600000000956
9.362690000000033,0.35880700000000987
9.364360000000033,0.35930800000000995
9.366030000000034,0.35980900000001004
9.367700000000035,0.36031000000001057
9.369370000000036,0.36081100000001065
9.371040000000036,0.36131200000001096
9.372710000000037,0.36181300000001104
9.374380000000038,0.3623140000000111
9.376050000000038,0.36281500000001166
9.37772000000004,0.36331600000001174
9.37939000000004,0.36381700000001205
9.38106000000004,0.36431800000001213
9.382730000000041,0.3648190000000122
9.384400000000042,0.36532000000001275
9.386070000000043,0.36582100000001283
9.387740000000043,0.36632200000001336
9.389410000000044,0.3668230000000132
9.391080000000045,0.36732400000001375
9.392750000000046,0.36782500000001384
9.394420000000046,0.3683260000000139
9.396090000000047,0.36882700000001445
9.397760000000048,0.3693280000000143
9.399430000000049,0.36982900000001484
9.40110000000005,0.3703300000000149
9.40277000000005,0.370831000000015
9.40444000000005,0.37133200000001554
9.406110000000051,0.3718330000000154
9.407780000000052,0.37233400000001593
9.409450000000053,0.372835000000016
9.411120000000054,0.3733360000000161
9.412790000000054,0.37383700000001663
9.414460000000055,0.3743380000000165
9.416130000000056,0.374839000000017
9.417800000000057,0.3753400000000171
9.419470000000057,0.3758410000000172
9.421140000000058,0.3763420000000177
9.422810000000059,0.3768430000000176
9.42448000000006,0.3773440000000181
9.42615000000006,0.3778450000000182
9.427820000000061,0.3783460000000183
9.429490000000062,0.3788470000000188
9.431160000000062,0.37934800000001867
9.432830000000063,0.3798490000000192
9.434500000000064,0.3803500000000193
9.436170000000065,0.38085100000001937
9.437840000000065,0.3813520000000199
9.439510000000066,0.38185300000001976
9.441180000000067,0.3823540000000203
9.442850000000067,0.3828550000000204
9.444520000000068,0.38335600000002046
9.446190000000069,0.383857000000021
9.44786000000007,0.38435800000002085
9.44953000000007,0.3848590000000214
9.451200000000071,0.38536000000002146
9.452870000000072,0.38586100000002155
9.454540000000073,0.3863620000000221
9.456210000000073,0.38686300000002194
9.457880000000074,0.38736400000002247
9.459550000000075,0.38786500000002255
9.461220000000075,0.38836600000002264
9.462890000000076,0.38886700000002317
9.464560000000077,0.38936800000002303
9.466230000000078,0.38986900000002356
9.467900000000078,0.39037000000002364
9.469570000000079,0.3908710000000237
9.47124000000008,0.39137200000002426
9.47291000000008,0.3918730000000241
9.474580000000081,0.39237400000002465
9.476250000000082,0.39287500000002473
9.477920000000083,0.3933760000000248
9.479590000000083,0.39387700000002535
9.481260000000084,0.3943780000000252
9.482930000000085,0.39487900000002574
9.484600000000086,0.3953800000000258
9.486270000000086,0.3958810000000259
9.487940000000087,0.39638200000002644
9.489610000000088,0.3968830000000263
9.491280000000089,0.3973840000000268
9.49295000000009,0.3978850000000269
9.49462000000009,0.398386000000027
9.49629000000009,0.3988870000000275
9.497960000000091,0.3993880000000274
9.499630000000092,0.3998890000000279
9.501300000000093,0.40000000000000013
9.502970000000094,0.3999999999999999
9.504640000000094,0.40000000000000013
9.506310000000095,0.40000000000000013
9.507980000000096,0.40000000000000036
9.509650000000097,0.40000000000000013
9.511320000000097,0.3999999999999999
9.512990000000098,0.40000000000000013
9.514660000000099,0.40000000000000013
9.5163300000001,0.40000000000000036
9.5180000000001,0.40000000000000013
9.5196700000001,0.3999999999999999
9.521340000000102,0.40000000000000013
9.523010000000102,0.40000000000000013
9.524680000000103,0.40000000000000036
9.526350000000104,0.40000000000000013
9.528020000000105,0.3999999999999999
9.529690000000105,0.40000000000000013
9.531360000000106,0.40000000000000013
9.533030000000107,0.40000000000000036
9.534700000000107,0.40000000000000013
9.536370000000108,0.3999999999999999
9.538040000000109,0.40000000000000013
9.53971000000011,0.40000000000000013
9.54138000000011,0.40000000000000036
9.543050000000111,0.40000000000000013
9.544720000000112,0.3999999999999999
9.546390000000113,0.40000000000000036
9.548060000000113,0.40000000000000013
9.549730000000114,0.40000000000000036
9.551400000000115,0.40000000000000013
9.553070000000115,0.3999999999999999
9.554740000000116,0.40000000000000036
9.556410000000117,0.40000000000000013
9.558080000000118,0.40000000000000036
9.559750000000118,0.40000000000000013
9.561420000000119,0.3999999999999999
9.56309000000012,0.40000000000000036
9.56476000000012,0.40000000000000013
9.566430000000121,0.40000000000000036
9.568100000000122,0.40000000000000013
9.569770000000123,0.3999999999999999
9.571440000000123,0.40000000000000036
9.573110000000124,0.40000000000000013
9.574780000000125,0.40000000000000036
9.576450000000126,0.40000000000000013
9.578120000000126,0.3999999999999999
9.579790000000127,0.40000000000000036
9.581460000000128,0.40000000000000013
9.583130000000128,0.40000000000000036
9.58480000000013,0.40000000000000013
9.58647000000013,0.3999999999999999
9.58814000000013,0.40000000000000036
9.589810000000131,0.40000000000000013
9.591480000000132,0.40000000000000036
9.593150000000133,0.40000000000000013
9.594820000000134,0.3999999999999999
9.596490000000134,0.40000000000000036
9.598160000000135,0.40000000000000013
9.599830000000136,0.40000000000000036
9.601500000000136,0.40000000000000013
9.603170000000137,0.3999999999999999
9.604840000000138,0.40000000000000036
9.606510000000139,0.40000000000000013
9.60818000000014,0.40000000000000036
9.60985000000014,0.40000000000000013
9.61152000000014,0.3999999999999999
9.613190000000142,0.40000000000000036
9.614860000000142,0.40000000000000013
9.616530000000143,0.40000000000000036
9.618200000000144,0.40000000000000013
9.619870000000144,0.40000000000000036
9.621540000000145,0.40000000000000036
9.623210000000146,0.40000000000000013
9.624880000000147,0.40000000000000036
9.626550000000147,0.40000000000000013
9.628220000000148,0.40000000000000036
9.629890000000149,0.40000000000000036
9.63156000000015,0.40000000000000013
9.63323000000015,0.40000000000000036
9.634900000000151,0.40000000000000013
9.636570000000152,0.4000000000000006
9.638240000000152,0.40000000000000036
9.639910000000153,0.40000000000000013
9.641580000000154,0.40000000000000036
9.643250000000155,0.40000000000000013
9.644920000000155,0.4000000000000006
9.646590000000156,0.40000000000000036
9.648260000000157,0.40000000000000013
9.649930000000158,0.40000000000000036
9.651600000000158,0.40000000000000013
9.653270000000159,0.4000000000000006
9.65494000000016,0.40000000000000036
9.65661000000016,0.40000000000000013
9.658280000000161,0.40000000000000036
9.659950000000162,0.40000000000000013
9.661620000000163,0.4000000000000006
9.663290000000163,0.40000000000000036
9.664960000000164,0.40000000000000013
9.666630000000165,0.40000000000000036
9.668300000000166,0.40000000000000013
9.669970000000166,0.4000000000000006
9.671640000000167,0.40000000000000036
9.673310000000168,0.40000000000000013
9.674980000000168,0.40000000000000036
9.67665000000017,0.40000000000000013
9.67832000000017,0.4000000000000006
9.67999000000017,0.40000000000000036
9.681660000000171,0.40000000000000013
9.683330000000172,0.40000000000000036
9.685000000000173,0.40000000000000013
9.686670000000174,0.4000000000000006
9.688340000000174,0.40000000000000036
9.690010000000175,0.40000000000000013
9.691680000000176,0.40000000000000036
9.693350000000176,0.40000000000000013
9.695020000000177,0.4000000000000006
9.696690000000178,0.40000000000000036
9.698360000000179,0.40000000000000013
9.70003000000018,0.40000000000000036
9.70170000000018,0.40000000000000036
9.70337000000018,0.4000000000000006
9.705040000000182,0.40000000000000036
9.706710000000182,0.40000000000000013
9.708380000000183,0.40000000000000036
9.710050000000184,0.40000000000000036
9.711720000000184,0.4000000000000006
9.713390000000185,0.40000000000000036
9.715060000000186,0.40000000000000013
9.716730000000187,0.40000000000000036
9.718400000000187,0.40000000000000036
9.720070000000188,0.4000000000000006
9.721740000000189,0.40000000000000036
9.72341000000019,0.40000000000000013
9.72508000000019,0.40000000000000036
9.726750000000191,0.40000000000000036
9.728420000000192,0.4000000000000006
9.730090000000192,0.40000000000000036
9.731760000000193,0.40000000000000013
9.733430000000194,0.40000000000000036
9.735100000000195,0.40000000000000036
9.736770000000195,0.4000000000000006
9.738440000000196,0.40000000000000036
9.740110000000197,0.40000000000000013
9.741780000000198,0.40000000000000036
9.743450000000198,0.40000000000000036
9.745120000000199,0.4000000000000006
9.7467900000002,0.40000000000000036
9.7484600000002,0.40000000000000013
9.750130000000201,0.40000000000000036
9.751800000000202,0.40000000000000036
9.753470000000203,0.40000000000000036
9.755140000000203,0.40000000000000036
9.756810000000204,0.40000000000000036
9.758480000000205,0.40000000000000036
9.760150000000205,0.40000000000000036
9.761820000000206,0.40000000000000036
9.763490000000207,0.40000000000000036
9.765160000000208,0.40000000000000036
9.766830000000208,0.40000000000000036
9.76850000000021,0.40000000000000036
9.77017000000021,0.40000000000000036
9.77184000000021,0.40000000000000036
9.773510000000211,0.40000000000000036
9.775180000000212,0.40000000000000036
9.776850000000213,0.40000000000000036
9.778520000000213,0.40000000000000036
9.780190000000214,0.40000000000000036
9.781860000000215,0.40000000000000036
9.783530000000216,0.40000000000000036
9.785200000000216,0.40000000000000036
9.786870000000217,0.40000000000000036
9.788540000000218,0.40000000000000036
9.790210000000219,0.40000000000000036
9.79188000000022,0.40000000000000036
9.79355000000022,0.40000000000000036
9.79522000000022,0.40000000000000036
9.796890000000221,0.40000000000000036
9.798560000000222,0.40000000000000036
9.800230000000223,0.40000000000000036
9.801900000000224,0.40000000000000036
9.803570000000224,0.40000000000000036
9.805240000000225,0.40000000000000036
9.806910000000226,0.40000000000000036
9.808580000000227,0.40000000000000036
9.810250000000227,0.40000000000000036
9.811920000000228,0.40000000000000036
9.813590000000229,0.40000000000000036
9.81526000000023,0.40000000000000036
9.81693000000023,0.40000000000000036
9.818600000000231,0.40000000000000036
9.820270000000232,0.40000000000000036
9.821940000000232,0.40000000000000036
9.823610000000233,0.40000000000000036
9.825280000000234,0.40000000000000036
9.826950000000235,0.40000000000000036
9.828620000000235,0.40000000000000036
9.830290000000236,0.40000000000000036
9.831960000000237,0.40000000000000036
9.833630000000237,0.40000000000000036
9.835300000000238,0.40000000000000036
9.836970000000239,0.40000000000000036
9.83864000000024,0.40000000000000036
9.84031000000024,0.40000000000000036
9.841980000000241,0.40000000000000036
9.843650000000242,0.40000000000000036
9.845320000000243,0.40000000000000036
9.846990000000243,0.40000000000000036
9.848660000000244,0.40000000000000036
9.850330000000245,0.40000000000000036
9.852000000000245,0.40000000000000036
9.853670000000246,0.40000000000000036
9.855340000000247,0.40000000000000036
9.857010000000248,0.40000000000000036
9.858680000000248,0.40000000000000036
9.860350000000249,0.40000000000000036
9.86202000000025,0.40000000000000036
9.86369000000025,0.40000000000000036
9.865360000000251,0.40000000000000036
9.867030000000252,0.40000000000000036
9.868700000000253,0.40000000000000036
9.870370000000253,0.40000000000000036
9.872040000000254,0.40000000000000036
9.873710000000255,0.40000000000000036
9.875380000000256,0.40000000000000036
9.877050000000256,0.40000000000000036
9.878720000000257,0.40000000000000036
9.880390000000258,0.40000000000000036
9.882060000000259,0.40000000000000036
9.88373000000026,0.40000000000000036
9.88540000000026,0.40000000000000036
9.88707000000026,0.40000000000000036
9.888740000000261,0.40000000000000036
9.890410000000262,0.40000000000000036
9.892080000000263,0.40000000000000036
9.893750000000264,0.40000000000000036
9.895420000000264,0.40000000000000036
9.897090000000265,0.40000000000000036
9.898760000000266,0.40000000000000036
9.900430000000267,0.40000000000000036
9.902100000000267,0.40000000000000036
9.903770000000268,0.40000000000000036
9.905440000000269,0.40000000000000036
9.90711000000027,0.40000000000000036
9.90878000000027,0.40000000000000036
9.91045000000027,0.40000000000000036
9.912120000000272,0.40000000000000036
9.913790000000272,0.40000000000000036
9.915460000000273,0.40000000000000036
9.917130000000274,0.40000000000000036
9.918800000000275,0.40000000000000036
9.920470000000275,0.40000000000000036
9.922140000000276,0.40000000000000036
9.923810000000277,0.40000000000000036
9.925480000000277,0.40000000000000036
9.927150000000278,0.40000000000000036
9.928820000000279,0.40000000000000036
9.93049000000028,0.40000000000000036
9.93216000000028,0.40000000000000036
9.933830000000281,0.40000000000000036
9.935500000000282,0.40000000000000036
9.937170000000282,0.40000000000000036
9.938840000000283,0.40000000000000036
9.940510000000284,0.40000000000000036
9.942180000000285,0.40000000000000036
9.943850000000285,0.40000000000000036
9.945520000000286,0.40000000000000036
9.947190000000287,0.40000000000000036
9.948860000000288,0.40000000000000036
9.950530000000288,0.40000000000000036
9.952200000000289,0.40000000000000036
9.95387000000029,0.40000000000000036
9.95554000000029,0.40000000000000036
9.957210000000291,0.40000000000000036
9.958880000000292,0.40000000000000036
9.960550000000293,0.40000000000000036
9.962220000000293,0.40000000000000036
9.963890000000294,0.40000000000000036
9.965560000000295,0.40000000000000036
9.967230000000296,0.40000000000000036
9.968900000000296,0.40000000000000036
9.970570000000297,0.40000000000000036
9.972240000000298,0.40000000000000036
9.973910000000298,0.40000000000000036
9.9755800000003,0.40000000000000036
9.9772500000003,0.40000000000000036
9.9789200000003,0.40000000000000036
9.980590000000301,0.40000000000000036
9.982260000000302,0.40000000000000036
9.983930000000303,0.40000000000000036
9.985600000000304,0.40000000000000036
9.987270000000304,0.40000000000000036
9.988940000000305,0.40000000000000036
9.990610000000306,0.40000000000000036
9.992280000000306,0.40000000000000036
9.993950000000307,0.40000000000000036
9.995620000000308,0.40000000000000036
9.997290000000309,0.40000000000000036
9.99896000000031,0.40000000000000036
10.00063000000031,0.40000000000000036
10.00230000000031,0.40000000000000036
10.003970000000312,0.40000000000000036
10.005640000000312,0.40000000000000036
10.007310000000313,0.40000000000000036
10.008980000000314,0.40000000000000036
10.010650000000314,0.40000000000000036
10.012320000000315,0.40000000000000036
10.013990000000316,0.40000000000000036
10.015660000000317,0.40000000000000036
10.017330000000317,0.40000000000000036
10.019000000000318,0.40000000000000036
10.020670000000319,0.40000000000000036
10.02234000000032,0.40000000000000036
10.02401000000032,0.40000000000000036
10.025680000000321,0.40000000000000036
10.027350000000322,0.40000000000000036
10.029020000000322,0.40000000000000036
10.030690000000323,0.40000000000000036
10.032360000000324,0.3999999999999999
10.034030000000325,0.40000000000000036
10.035700000000325,0.40000000000000036
10.037370000000326,0.40000000000000036
10.039040000000327,0.40000000000000036
10.040710000000328,0.3999999999999999
10.042380000000328,0.40000000000000036
10.044050000000329,0.40000000000000036
10.04572000000033,0.40000000000000036
10.04739000000033,0.40000000000000036
10.049060000000331,0.3999999999999999
10.050730000000332,0.40000000000000036
10.052400000000333,0.40000000000000036
10.054070000000333,0.40000000000000036
10.055740000000334,0.40000000000000036
10.057410000000335,0.3999999999999999
10.059080000000336,0.40000000000000036
10.060750000000336,0.40000000000000036
10.062420000000337,0.40000000000000036
10.064090000000338,0.40000000000000036
10.065760000000338,0.3999999999999999
10.06743000000034,0.40000000000000036
10.06910000000034,0.40000000000000036
10.07077000000034,0.40000000000000036
10.072440000000341,0.40000000000000036
10.074110000000342,0.3999999999999999
10.075780000000343,0.40000000000000036
10.077450000000344,0.40000000000000036
10.079120000000344,0.40000000000000036
10.080790000000345,0.40000000000000036
10.082460000000346,0.3999999999999999
10.084130000000346,0.40000000000000036
10.085800000000347,0.40000000000000036
10.087470000000348,0.40000000000000036
10.089140000000349,0.40000000000000036
10.09081000000035,0.3999999999999999
10.09248000000035,0.40000000000000036
10.09415000000035,0.40000000000000036
10.095820000000352,0.40000000000000036
10.097490000000352,0.40000000000000036
10.099160000000353,0.3999999999999999
10.100830000000354,0.40000000000000036
10.102500000000354,0.40000000000000036
10.104170000000355,0.3999999999999999
10.105840000000356,0.40000000000000036
10.107510000000357,0.3999999999999999
10.109180000000357,0.40000000000000036
10.110850000000358,0.40000000000000036
10.112520000000359,0.3999999999999999
10.11419000000036,0.40000000000000036
10.11586000000036,0.3999999999999999
10.117530000000361,0.40000000000000036
10.119200000000362,0.3999999999999999
10.120870000000362,0.3999999999999999
10.122540000000363,0.40000000000000036
10.124210000000364,0.3999999999999999
10.125880000000365,0.40000000000000036
10.127550000000365,0.3999999999999999
10.129220000000366,0.3999999999999999
10.130890000000367,0.40000000000000036
10.132560000000367,0.3999999999999999
10.134230000000368,0.40000000000000036
10.135900000000369,0.3999999999999999
10.13757000000037,0.3999999999999999
10.13924000000037,0.40000000000000036
10.140910000000371,0.3999999999999999
10.142580000000372,0.40000000000000036
10.144250000000373,0.3999999999999999
10.145920000000373,0.3999999999999999
10.147590000000374,0.40000000000000036
10.149260000000375,0.3999999999999999
10.150930000000375,0.40000000000000036
10.152600000000376,0.3999999999999999
10.154270000000377,0.3999999999999999
10.155940000000378,0.40000000000000036
10.157610000000378,0.3999999999999999
10.15928000000038,0.3999999999999999
10.16095000000038,0.3999999999999999
10.16262000000038,0.3999999999999999
10.164290000000381,0.40000000000000036
10.165960000000382,0.3999999999999999
10.167630000000383,0.3999999999999999
10.169300000000383,0.3999999999999999
10.170970000000384,0.3999999999999999
10.172640000000385,0.40000000000000036
10.174310000000386,0.3999999999999999
10.175980000000386,0.3999999999999999
10.177650000000387,0.3999999999999999
10.179320000000388,0.3999999999999999
10.180990000000389,0.40000000000000036
10.18266000000039,0.3999999999999999
10.18433000000039,0.3999999999999999
10.18600000000039,0.3999999999999999
10.187670000000391,0.3999999999999999
10.189340000000392,0.40000000000000036
10.191010000000393,0.3999999999999999
10.192680000000394,0.3999999999999999
10.194350000000394,0.3999999999999999
10.196020000000395,0.3999999999999999
10.197690000000396,0.40000000000000036
10.199360000000397,0.3999999999999999
10.201030000000397,0.3999999999999999
10.202700000000398,0.3999999999999999
10.204370000000399,0.3999999999999999
10.2060400000004,0.40000000000000036
10.2077100000004,0.3999999999999999
10.209380000000401,0.3999999999999999
10.211050000000402,0.3999999999999999
10.212720000000402,0.3999999999999999
10.214390000000403,0.40000000000000036
10.216060000000404,0.3999999999999999
10.217730000000405,0.3999999999999999
10.219400000000405,0.3999999999999999
10.221070000000406,0.3999999999999999
10.222740000000407,0.40000000000000036
10.224410000000407,0.3999999999999999
10.226080000000408,0.3999999999999999
10.227750000000409,0.3999999999999999
10.22942000000041,0.3999999999999999
10.23109000000041,0.3999999999999999
10.232760000000411,0.3999999999999999
10.234430000000412,0.3999999999999999
10.236100000000413,0.3999999999999999
10.237770000000413,0.3999999999999999
10.239440000000414,0.3999999999999999
10.241110000000415,0.3999999999999999
10.242780000000415,0.3999999999999999
10.244450000000416,0.3999999999999999
10.246120000000417,0.3999999999999999
10.247790000000418,0.3999999999999999
10.249460000000418,0.3999999999999999
10.251130000000419,0.3999999999999999
10.25280000000042,0.3999999999999999
10.25447000000042,0.3999999999999999
10.256140000000421,0.3999999999999999
10.257810000000422,0.3999999999999999
10.259480000000423,0.3999999999999999
10.261150000000423,0.3999999999999999
10.262820000000424,0.3999999999999999
10.264490000000425,0.3999999999999999
10.266160000000426,0.3999999999999999
10.267830000000426,0.3999999999999999
10.269500000000427,0.3999999999999999
10.271170000000428,0.3999999999999999
10.272840000000429,0.3999999999999999
10.27451000000043,0.3999999999999999
10.27618000000043,0.3999999999999999
10.27785000000043,0.3999999999999999
10.279520000000431,0.3999999999999999
10.281190000000432,0.3999999999999999
10.282860000000433,0.3999999999999999
10.284530000000434,0.3999999999999999
10.286200000000434,0.3999999999999999
10.287870000000435,0.3999999999999999
10.289540000000436,0.3999999999999999
10.291210000000437,0.3999999999999999
10.292880000000437,0.3999999999999999
10.294550000000438,0.3999999999999999
10.296220000000439,0.3999999999999999
10.29789000000044,0.3999999999999999
10.29956000000044,0.3999999999999999
10.30123000000044,0.3999999999999999
10.302900000000442,0.3999999999999999
10.304570000000442,0.3999999999999999
10.306240000000443,0.3999999999999999
10.307910000000444,0.3999999999999999
10.309580000000444,0.3999999999999999
10.311250000000445,0.3999999999999999
10.312920000000446,0.3999999999999999
10.314590000000447,0.3999999999999999
10.316260000000447,0.3999999999999999
10.317930000000448,0.3999999999999999
10.319600000000449,0.3999999999999999
10.32127000000045,0.3999999999999999
10.32294000000045,0.3999999999999999
10.324610000000451,0.3999999999999999
10.326280000000452,0.3999999999999999
10.327950000000452,0.3999999999999999
10.329620000000453,0.3999999999999999
10.331290000000454,0.3999999999999999
10.332960000000455,0.3999999999999999
10.334630000000455,0.3999999999999999
10.336300000000456,0.3999999999999999
10.337970000000457,0.3999999999999999
10.339640000000458,0.3999999999999999
10.341310000000458,0.3999999999999999
10.342980000000459,0.3999999999999999
10.34465000000046,0.3999999999999999
10.34632000000046,0.3999999999999999
10.347990000000461,0.3999999999999999
10.349660000000462,0.3999999999999999
10.351330000000463,0.3999999999999999
10.353000000000463,0.3999999999999999
10.354670000000464,0.3999999999999999
10.356340000000465,0.3999999999999999
10.358010000000466,0.3999999999999999
10.359680000000466,0.3999999999999999
10.361350000000467,0.3999999999999999
10.363020000000468,0.3999999999999999
10.364690000000468,0.3999999999999999
10.36636000000047,0.3999999999999999
10.36803000000047,0.3999999999999999
10.36970000000047,0.3999999999999999
10.371370000000471,0.3999999999999999
10.373040000000472,0.40000000000000036
10.374710000000473,0.3999999999999999
10.376380000000474,0.3999999999999999
10.378050000000474,0.3999999999999999
10.379720000000475,0.3999999999999999
10.381390000000476,0.40000000000000036
10.383060000000476,0.3999999999999999
10.384730000000477,0.3999999999999999
10.386400000000478,0.3999999999999999
10.388070000000479,0.3999999999999999
10.38974000000048,0.3999999999999999
10.39141000000048,0.3999999999999999
10.39308000000048,0.3999999999999999
10.394750000000482,0.3999999999999999
10.396420000000482,0.3999999999999999
10.398090000000483,0.3999999999999999
10.399760000000484,0.3999999999999999
10.401430000000484,0.3999999999999999
10.403100000000485,0.3999999999999999
10.404770000000486,0.3999999999999999
10.406440000000487,0.3999999999999999
10.408110000000487,0.3999999999999999
10.409780000000488,0.3999999999999999
10.411450000000489,0.3999999999999999
10.41312000000049,0.3999999999999999
10.41479000000049,0.3999999999999999
10.416460000000491,0.3999999999999999
10.418130000000492,0.3999999999999999
10.419800000000492,0.3999999999999999
10.421470000000493,0.3999999999999999
10.423140000000494,0.3999999999999999
10.424810000000495,0.3999999999999999
10.426480000000495,0.3999999999999999
10.428150000000496,0.3999999999999999
10.429820000000497,0.3999999999999999
10.431490000000498,0.3999999999999999
10.433160000000498,0.3999999999999999
10.434830000000499,0.3999999999999999
10.4365000000005,0.3999999999999999
10.4381700000005,0.3999999999999999
10.439840000000501,0.3999999999999999
10.441510000000502,0.3999999999999999
10.443180000000503,0.3999999999999999
10.444850000000503,0.3999999999999999
10.446520000000504,0.3999999999999999
10.448190000000505,0.3999999999999999
10.449860000000506,0.3999999999999999
10.451530000000506,0.3999999999999999
10.453200000000507,0.3999999999999999
10.454870000000508,0.3999999999999999
10.456540000000508,0.3999999999999999
10.45821000000051,0.3999999999999999
10.45988000000051,0.3999999999999999
10.46155000000051,0.3999999999999999
10.463220000000511,0.3999999999999999
10.464890000000512,0.3999999999999999
10.466560000000513,0.3999999999999999
10.468230000000514,0.3999999999999999
10.469900000000514,0.3999999999999999
10.471570000000515,0.3999999999999999
10.473240000000516,0.3999999999999999
10.474910000000516,0.3999999999999999
10.476580000000517,0.3999999999999999
10.478250000000518,0.3999999999999999
10.479920000000519,0.3999999999999999
10.48159000000052,0.3999999999999999
10.48326000000052,0.3999999999999999
10.48493000000052,0.3999999999999999
10.486600000000522,0.3999999999999999
10.488270000000522,0.3999999999999999
10.489940000000523,0.3999999999999999
10.491610000000524,0.3999999999999999
10.493280000000524,0.3999999999999999
10.494950000000525,0.3999999999999999
10.496620000000526,0.3999999999999999
10.498290000000527,0.3999999999999999
10.499960000000527,0.3999999999999999
10.501630000000528,0.4003260000001059
10.503300000000529,0.4006600000001055
10.50497000000053,0.400994000000106
10.50664000000053,0.4013280000001056
10.508310000000531,0.4016620000001061
10.509980000000532,0.4019960000001066
10.511650000000532,0.4023300000001062
10.513320000000533,0.4026640000001067
10.514990000000534,0.4029980000001063
10.516660000000535,0.4033320000001068
10.518330000000535,0.40366600000010733
10.520000000000536,0.40400000000010694
10.521670000000537,0.40433400000010744
10.523340000000537,0.4046680000001075
10.525010000000538,0.40500200000010755
10.526680000000539,0.40533600000010805
10.52835000000054,0.40567000000010767
10.53002000000054,0.40600400000010817
10.531690000000541,0.4063380000001082
10.533360000000542,0.4066720000001083
10.535030000000543,0.4070060000001088
10.536700000000543,0.4073400000001084
10.538370000000544,0.4076740000001089
10.540040000000545,0.40800800000010895
10.541710000000545,0.408342000000109
10.543380000000546,0.4086760000001095
10.545050000000547,0.4090100000001091
10.546720000000548,0.4093440000001096
10.548390000000548,0.4096780000001097
10.550060000000549,0.41001200000010973
10.55173000000055,0.41034600000011023
10.55340000000055,0.4106800000001103
10.555070000000551,0.41101400000011035
10.556740000000552,0.4113480000001104
10.558410000000553,0.41168200000011046
10.560080000000553,0.41201600000011096
10.561750000000554,0.412350000000111
10.563420000000555,0.4126840000001111
10.565090000000556,0.41301800000011113
10.566760000000556,0.4133520000001112
10.568430000000557,0.4136860000001117
10.570100000000558,0.41402000000011174
10.571770000000559,0.4143540000001118
10.57344000000056,0.41468800000011186
10.57511000000056,0.4150220000001119
10.57678000000056,0.4153560000001124
10.578450000000561,0.41569000000011247
10.580120000000562,0.4160240000001125
10.581790000000563,0.4163580000001126
10.583460000000564,0.41669200000011264
10.585130000000564,0.41702600000011314
10.586800000000565,0.4173600000001132
10.588470000000566,0.41769400000011325
10.590140000000567,0.4180280000001133
10.591810000000567,0.4183620000001138
10.593480000000568,0.41869600000011387
10.595150000000569,0.4190300000001139
10.59682000000057,0.419364000000114
10.59849000000057,0.41969800000011404
10.600160000000571,0.42003200000011454
10.601830000000572,0.4203660000001146
10.603500000000572,0.42070000000011465
10.605170000000573,0.4210340000001147
10.606840000000574,0.42136800000011476
10.608510000000575,0.42170200000011526
10.610180000000575,0.4220360000001153
10.611850000000576,0.4223700000001154
10.613520000000577,0.42270400000011543
10.615190000000577,0.4230380000001155
10.616860000000578,0.423372000000116
10.618530000000579,0.4237060000001156
10.62020000000058,0.4240400000001161
10.62187000000058,0.4243740000001166
10.623540000000581,0.4247080000001162
10.625210000000582,0.4250420000001167
10.626880000000583,0.4253760000001163
10.628550000000583,0.42571000000011683
10.630220000000584,0.42604400000011733
10.631890000000585,0.42637800000011694
10.633560000000585,0.42671200000011744
10.635230000000586,0.42704600000011705
10.636900000000587,0.42738000000011755
10.638570000000588,0.42771400000011806
10.640240000000588,0.42804800000011767
10.641910000000589,0.42838200000011817
10.64358000000059,0.4287160000001178
10.64525000000059,0.4290500000001183
10.646920000000591,0.4293840000001188
10.648590000000592,0.4297180000001184
10.650260000000593,0.4300520000001189
10.651930000000593,0.4303860000001185
10.653600000000594,0.430720000000119
10.655270000000595,0.4310540000001195
10.656940000000596,0.4313880000001191
10.658610000000596,0.4317220000001196
10.660280000000597,0.4320560000001197
10.661950000000598,0.43239000000011973
10.663620000000599,0.43272400000012023
10.6652900000006,0.43305800000011985
10.6669600000006,0.43339200000012035
10.6686300000006,0.4337260000001204
10.670300000000601,0.43406000000012046
10.671970000000602,0.43439400000012096
10.673640000000603,0.4347280000001206
10.675310000000604,0.4350620000001211
10.676980000000604,0.43539600000012113
10.678650000000605,0.4357300000001212
10.680320000000606,0.4360640000001217
10.681990000000606,0.4363980000001213
10.683660000000607,0.4367320000001218
10.685330000000608,0.43706600000012186
10.687000000000609,0.4374000000001219
10.68867000000061,0.4377340000001224
10.69034000000061,0.43806800000012247
10.69201000000061,0.4384020000001225
10.693680000000612,0.4387360000001226
10.695350000000612,0.43907000000012264
10.697020000000613,0.43940400000012314
10.698690000000614,0.4397380000001232
10.700360000000614,0.44007200000012325
10.702030000000615,0.4404060000001233
10.703700000000616,0.44074000000012337
10.705370000000617,0.44107400000012387
10.707040000000617,0.4414080000001239
10.708710000000618,0.441742000000124
10.710380000000619,0.44207600000012404
10.71205000000062,0.4424100000001241
10.71372000000062,0.4427440000001246
10.715390000000621,0.44307800000012465
10.717060000000622,0.4434120000001247
10.718730000000622,0.44374600000012476
10.720400000000623,0.44408000000012526
10.722070000000624,0.4444140000001253
10.723740000000625,0.4447480000001254
10.725410000000625,0.44508200000012543
10.727080000000626,0.4454160000001255
10.728750000000627,0.445750000000126
10.730420000000628,0.44608400000012605
10.732090000000628,0.4464180000001261
10.733760000000629,0.44675200000012616
10.73543000000063,0.4470860000001262
10.73710000000063,0.4474200000001267
10.738770000000631,0.4477540000001268
10.740440000000632,0.44808800000012683
10.742110000000633,0.4484220000001269
10.743780000000633,0.44875600000012694
10.745450000000634,0.44909000000012744
10.747120000000635,0.4494240000001275
10.748790000000636,0.44975800000012756
10.750460000000636,0.45009200000012806
10.752130000000637,0.45042600000012767
10.753800000000638,0.45076000000012817
10.755470000000638,0.4510940000001282
10.75714000000064,0.4514280000001283
10.75881000000064,0.4517620000001288
10.76048000000064,0.4520960000001284
10.762150000000641,0.4524300000001289
10.763820000000642,0.45276400000012895
10.765490000000643,0.453098000000129
10.767160000000644,0.4534320000001295
10.768830000000644,0.4537660000001291
10.770500000000645,0.4541000000001296
10.772170000000646,0.4544340000001297
10.773840000000646,0.45476800000012974
10.775510000000647,0.45510200000013024
10.777180000000648,0.45543600000012985
10.778850000000649,0.45577000000013035
10.78052000000065,0.4561040000001304
10.78219000000065,0.45643800000013046
10.78386000000065,0.45677200000013096
10.785530000000652,0.4571060000001306
10.787200000000652,0.4574400000001311
10.788870000000653,0.4577740000001316
10.790540000000654,0.4581080000001312
10.792210000000654,0.4584420000001317
10.793880000000655,0.4587760000001313
10.795550000000656,0.4591100000001318
10.797220000000657,0.4594440000001323
10.798890000000657,0.4597780000001319
10.800560000000658,0.4601120000001324
10.802230000000659,0.460446000000132
10.80390000000066,0.46078000000013253
10.80557000000066,0.46111400000013303
10.807240000000661,0.46144800000013264
10.808910000000662,0.46178200000013314
10.810580000000662,0.46211600000013275
10.812250000000663,0.46245000000013325
10.813920000000664,0.46278400000013376
10.815590000000665,0.46311800000013337
10.817260000000665,0.46345200000013387
10.818930000000666,0.4637860000001339
10.820600000000667,0.464120000000134
10.822270000000668,0.4644540000001345
10.823940000000668,0.4647880000001341
10.825610000000669,0.4651220000001346
10.82728000000067,0.46545600000013465
10.82895000000067,0.4657900000001347
10.830620000000671,0.4661240000001352
10.832290000000672,0.4664580000001348
10.833960000000673,0.4667920000001353
10.835630000000673,0.4671260000001354
10.837300000000674,0.46746000000013543
10.838970000000675,0.46779400000013593
10.840640000000676,0.46812800000013555
10.842310000000676,0.46846200000013605
10.843980000000677,0.4687960000001361
10.845650000000678,0.46913000000013616
10.847320000000678,0.46946400000013666
10.84899000000068,0.4697980000001363
10.85066000000068,0.4701320000001368
10.85233000000068,0.47046600000013683
10.854000000000681,0.4708000000001369
10.855670000000682,0.4711340000001374
10.857340000000683,0.47146800000013744
10.859010000000684,0.4718020000001375
10.860680000000684,0.47213600000013756
10.862350000000685,0.4724700000001376
10.864020000000686,0.4728040000001381
10.865690000000686,0.47313800000013817
10.867360000000687,0.4734720000001382
10.869030000000688,0.4738060000001383
10.870700000000689,0.47414000000013834
10.87237000000069,0.47447400000013884
10.87404000000069,0.4748080000001389
10.87571000000069,0.47514200000013895
10.877380000000691,0.475476000000139
10.879050000000692,0.47581000000013907
10.880720000000693,0.47614400000013957
10.882390000000694,0.4764780000001396
10.884060000000694,0.4768120000001397
10.885730000000695,0.47714600000013974
10.887400000000696,0.47748000000014024
10.889070000000697,0.47781400000013985
10.890740000000697,0.47814800000014035
10.892410000000698,0.4784820000001404
10.894080000000699,0.47881600000014046
10.8957500000007,0.47915000000014096
10.8974200000007,0.4794840000001406
10.899090000000701,0.4798180000001411
10.900760000000702,0.48015200000014113
10.902430000000702,0.4804860000001412
10.904100000000703,0.4808200000001417
10.905770000000704,0.4811540000001413
10.907440000000705,0.4814880000001418
10.909110000000705,0.48182200000014186
10.910780000000706,0.4821560000001419
10.912450000000707,0.4824900000001424
10.914120000000707,0.48282400000014203
10.915790000000708,0.48315800000014253
10.917460000000709,0.4834920000001426
10.91913000000071,0.48382600000014264
10.92080000000071,0.48416000000014314
10.922470000000711,0.48449400000014275
10.924140000000712,0.48482800000014326
10.925810000000713,0.48516200000014376
10.927480000000713,0.48549600000014337
10.929150000000714,0.48583000000014387
10.930820000000715,0.4861640000001435
10.932490000000715,0.486498000000144
10.934160000000716,0.4868320000001445
10.935830000000717,0.4871660000001441
10.937500000000718,0.4875000000001446
10.939170000000718,0.4878340000001442
10.940840000000719,0.4881680000001447
10.94251000000072,0.4885020000001452
10.94418000000072,0.4888360000001448
10.945850000000721,0.4891700000001453
10.947520000000722,0.48950400000014493
10.949190000000723,0.48983800000014543
10.950860000000723,0.49017200000014594
10.952530000000724,0.49050600000014555
10.954200000000725,0.49084000000014605
10.955870000000726,0.4911740000001461
10.957540000000726,0.49150800000014616
10.959210000000727,0.49184200000014666
10.960880000000728,0.4921760000001463
10.962550000000729,0.4925100000001468
10.96422000000073,0.49284400000014683
10.96589000000073,0.4931780000001469
10.96756000000073,0.4935120000001474
10.969230000000731,0.493846000000147
10.970900000000732,0.4941800000001475
10.972570000000733,0.49451400000014756
10.974240000000734,0.4948480000001476
10.975910000000734,0.4951820000001481
10.977580000000735,0.4955160000001477
10.979250000000736,0.4958500000001482
10.980920000000737,0.4961840000001483
10.982590000000737,0.49651800000014834
10.984260000000738,0.49685200000014884
10.985930000000739,0.49718600000014845
10.98760000000074,0.49752000000014895
10.98927000000074,0.497854000000149
10.990940000000741,0.49818800000014907
10.992610000000742,0.49852200000014957
10.994280000000742,0.4988560000001496
10.995950000000743,0.4991900000001497
10.997620000000744,0.49952400000014974
10.999290000000745,0.4998580000001498
11.000960000000745,0.5001920000001503
11.002630000000746,0.5005260000001504
11.004300000000747,0.5008600000001504
11.005970000000747,0.5011940000001505
11.007640000000748,0.5015280000001505
11.009310000000749,0.501862000000151
11.01098000000075,0.5021960000001511
11.01265000000075,0.5025300000001511
11.014320000000751,0.5028640000001512
11.015990000000752,0.5031980000001512
11.017660000000753,0.5035320000001517
11.019330000000753,0.5038660000001518
11.021000000000754,0.5042000000001519
11.022670000000755,0.5045340000001519
11.024340000000755,0.504868000000152
11.026010000000756,0.5052020000001525
11.027680000000757,0.5055360000001525
11.029350000000758,0.5058700000001526
11.031020000000758,0.5062040000001531
11.032690000000759,0.5065380000001527
11.03436000000076,0.5068720000001532
11.03603000000076,0.5072060000001533
11.037700000000761,0.5075400000001533
11.039370000000762,0.5078740000001538
11.041040000000763,0.5082080000001534
11.042710000000763,0.5085420000001539
11.044380000000764,0.508876000000154
11.046050000000765,0.509210000000154
11.047720000000766,0.5095440000001545
11.049390000000766,0.5098780000001542
11.051060000000767,0.5102120000001547
11.052730000000768,0.5105460000001547
11.054400000000769,0.5108800000001548
11.05607000000077,0.5112140000001553
11.05774000000077,0.5115480000001549
11.05941000000077,0.5118820000001554
11.061080000000771,0.5122160000001554
11.062750000000772,0.5125500000001555
11.064420000000773,0.512884000000156
11.066090000000774,0.5132180000001556
11.067760000000774,0.5135520000001561
11.069430000000775,0.5138860000001562
11.071100000000776,0.5142200000001562
11.072770000000776,0.5145540000001567
11.074440000000777,0.5148880000001563
11.076110000000778,0.5152220000001568
11.077780000000779,0.5155560000001569
11.07945000000078,0.515890000000157
11.08112000000078,0.5162240000001574
11.08279000000078,0.5165580000001571
11.084460000000782,0.5168920000001576
11.086130000000782,0.5172260000001576
11.087800000000783,0.5175600000001577
11.089470000000784,0.5178940000001582
11.091140000000784,0.5182280000001578
11.092810000000785,0.5185620000001583
11.094480000000786,0.5188960000001583
11.096150000000787,0.5192300000001584
11.097820000000787,0.5195640000001589
11.099490000000788,0.5198980000001585
11.101160000000789,0.520232000000159
11.10283000000079,0.5205660000001595
11.10450000000079,0.5209000000001591
11.106170000000791,0.5212340000001596
11.107840000000792,0.5215680000001592
11.109510000000792,0.5219020000001597
11.111180000000793,0.5222360000001602
11.112850000000794,0.5225700000001599
11.114520000000795,0.5229040000001604
11.116190000000795,0.52323800000016
11.117860000000796,0.5235720000001605
11.119530000000797,0.523906000000161
11.121200000000798,0.5242400000001606
11.122870000000798,0.5245740000001611
11.124540000000799,0.5249080000001607
11.1262100000008,0.5252420000001612
11.1278800000008,0.5255760000001617
11.129550000000801,0.5259100000001613
11.131220000000802,0.5262440000001618
11.132890000000803,0.5265780000001614
11.134560000000803,0.5269120000001619
11.136230000000804,0.5272460000001624
11.137900000000805,0.527580000000162
11.139570000000806,0.5279140000001625
11.141240000000806,0.5282480000001621
11.142910000000807,0.5285820000001626
11.144580000000808,0.5289160000001631
11.146250000000808,0.5292500000001628
11.14792000000081,0.5295840000001633
11.14959000000081,0.5299180000001629
11.15126000000081,0.5302520000001634
11.152930000000811,0.5305860000001639
11.154600000000812,0.5309200000001635
11.156270000000813,0.531254000000164
11.157940000000814,0.531588000000164
11.159610000000814,0.5319220000001641
11.161280000000815,0.5322560000001646
11.162950000000816,0.5325900000001642
11.164620000000816,0.5329240000001647
11.166290000000817,0.5332580000001648
11.167960000000818,0.5335920000001648
11.169630000000819,0.5339260000001653
11.17130000000082,0.5342600000001649
11.17297000000082,0.5345940000001654
11.17464000000082,0.5349280000001655
11.176310000000822,0.5352620000001655
11.177980000000822,0.535596000000166
11.179650000000823,0.5359300000001657
11.181320000000824,0.5362640000001662
11.182990000000824,0.5365980000001662
11.184660000000825,0.5369320000001663
11.186330000000826,0.5372660000001668
11.188000000000827,0.5376000000001664
11.189670000000827,0.5379340000001669
11.191340000000828,0.5382680000001674
11.193010000000829,0.538602000000167
11.19468000000083,0.5389360000001675
11.19635000000083,0.5392700000001671
11.198020000000831,0.5396040000001676
11.199690000000832,0.5399380000001681
11.201360000000832,0.5402720000001677
11.203030000000833,0.5406060000001682
11.204700000000834,0.5409400000001678
11.206370000000835,0.5412740000001683
11.208040000000835,0.5416080000001688
11.209710000000836,0.5419420000001685
11.211380000000837,0.542276000000169
11.213050000000838,0.5426100000001686
11.214720000000838,0.5429440000001691
11.216390000000839,0.5432780000001696
11.21806000000084,0.5436120000001692
11.21973000000084,0.5439460000001697
11.221400000000841,0.5442800000001697
11.223070000000842,0.5446140000001698
11.224740000000843,0.5449480000001703
11.226410000000843,0.5452820000001699
11.228080000000844,0.5456160000001704
11.229750000000845,0.5459500000001709
11.231420000000846,0.5462840000001705
11.233090000000846,0.546618000000171
11.234760000000847,0.5469520000001706
11.236430000000848,0.5472860000001711
11.238100000000848,0.5476200000001716
11.23977000000085,0.5479540000001712
11.24144000000085,0.5482880000001717
11.24311000000085,0.5486220000001714
11.244780000000851,0.5489560000001719
11.246450000000852,0.5492900000001724
11.248120000000853,0.549624000000172
11.249790000000853,0.5499580000001725
11.251460000000854,0.5502920000001725
11.253130000000855,0.5506260000001726
11.254800000000856,0.5509600000001731
11.256470000000856,0.5512940000001727
11.258140000000857,0.5516280000001732
11.259810000000858,0.5519620000001733
11.261480000000859,0.5522960000001733
11.26315000000086,0.5526300000001738
11.26482000000086,0.5529640000001734
11.26649000000086,0.5532980000001739
11.268160000000861,0.553632000000174
11.269830000000862,0.553966000000174
11.271500000000863,0.5543000000001745
11.273170000000864,0.5546340000001742
11.274840000000864,0.5549680000001747
11.276510000000865,0.5553020000001747
11.278180000000866,0.5556360000001748
11.279850000000867,0.5559700000001753
11.281520000000867,0.5563040000001749
11.283190000000868,0.5566380000001754
11.284860000000869,0.5569720000001754
11.28653000000087,0.5573060000001755
11.28820000000087,0.557640000000176
11.289870000000871,0.557974000000176
11.291540000000872,0.5583080000001761
11.293210000000872,0.5586420000001762
11.294880000000873,0.5589760000001762
11.296550000000874,0.5593100000001767
11.298220000000875,0.5596440000001768
11.299890000000875,0.5599780000001768
11.301560000000876,0.5603120000001769
11.303230000000877,0.560646000000177
11.304900000000877,0.5609800000001774
11.306570000000878,0.5613140000001775
11.308240000000879,0.5616480000001776
11.30991000000088,0.5619820000001776
11.31158000000088,0.5623160000001777
11.313250000000881,0.5626500000001782
11.314920000000882,0.5629840000001782
11.316590000000883,0.5633180000001783
11.318260000000883,0.5636520000001783
11.319930000000884,0.5639860000001788
11.321600000000885,0.5643200000001789
11.323270000000885,0.564654000000179
11.324940000000886,0.564988000000179
11.326610000000887,0.5653220000001791
11.328280000000888,0.5656560000001796
11.329950000000888,0.5659900000001796
11.331620000000889,0.5663240000001797
11.33329000000089,0.5666580000001797
11.33496000000089,0.5669920000001798
11.336630000000891,0.5673260000001803
11.338300000000892,0.5676600000001804
11.339970000000893,0.5679940000001804
11.341640000000893,0.5683280000001805
11.343310000000894,0.5686620000001805
11.344980000000895,0.568996000000181
11.346650000000896,0.5693300000001811
11.348320000000896,0.5696640000001811
11.349990000000897,0.5699980000001812
11.351660000000898,0.5703320000001812
11.353330000000899,0.5706660000001818
11.3550000000009,0.5710000000001818
11.3566700000009,0.5713340000001819
11.3583400000009,0.5716680000001824
11.360010000000901,0.572002000000182
11.361680000000902,0.5723360000001825
11.363350000000903,0.5726700000001825
11.365020000000904,0.5730040000001826
11.366690000000904,0.5733380000001831
11.368360000000905,0.5736720000001827
11.370030000000906,0.5740060000001832
11.371700000000907,0.5743400000001828
11.373370000000907,0.5746740000001833
11.375040000000908,0.5750080000001838
11.376710000000909,0.5753420000001834
11.37838000000091,0.5756760000001839
11.38005000000091,0.5760100000001835
11.38172000000091,0.576344000000184
11.383390000000912,0.5766780000001845
11.385060000000912,0.5770120000001842
11.386730000000913,0.5773460000001847
11.388400000000914,0.5776800000001847
11.390070000000915,0.5780140000001848
11.391740000000915,0.5783480000001853
11.393410000000916,0.5786820000001849
11.395080000000917,0.5790160000001854
11.396750000000917,0.5793500000001854
11.398420000000918,0.5796840000001855
11.400090000000919,0.580018000000186
11.40176000000092,0.5803520000001856
11.40343000000092,0.5806860000001861
11.405100000000921,0.5810200000001862
11.406770000000922,0.5813540000001862
11.408440000000923,0.5816880000001867
11.410110000000923,0.5820220000001863
11.411780000000924,0.5823560000001868
11.413450000000925,0.5826900000001869
11.415120000000925,0.583024000000187
11.416790000000926,0.5833580000001874
11.418460000000927,0.5836920000001871
11.420130000000928,0.5840260000001876
11.421800000000928,0.5843600000001876
11.423470000000929,0.5846940000001877
11.42514000000093,0.5850280000001882
11.42681000000093,0.5853620000001882
11.428480000000931,0.5856960000001883
11.430150000000932,0.5860300000001883
11.431820000000933,0.5863640000001884
11.433490000000933,0.5866980000001889
11.435160000000934,0.587032000000189
11.436830000000935,0.587366000000189
11.438500000000936,0.5877000000001891
11.440170000000936,0.5880340000001891
11.441840000000937,0.5883680000001896
11.443510000000938,0.5887020000001897
11.445180000000938,0.5890360000001897
11.44685000000094,0.5893700000001898
11.44852000000094,0.5897040000001903
11.45019000000094,0.5900380000001904
11.451860000000941,0.5903720000001904
11.453530000000942,0.5907060000001905
11.455200000000943,0.5910400000001905
11.456870000000944,0.591374000000191
11.458540000000944,0.5917080000001911
11.460210000000945,0.5920420000001911
11.461880000000946,0.5923760000001912
11.463550000000946,0.5927100000001913
11.465220000000947,0.5930440000001918
11.466890000000948,0.5933780000001918
11.468560000000949,0.5937120000001919
11.47023000000095,0.5940460000001919
11.47190000000095,0.594380000000192
11.47357000000095,0.5947140000001925
11.475240000000952,0.5950480000001925
11.476910000000952,0.5953820000001926
11.478580000000953,0.5957160000001926
11.480250000000954,0.5960500000001927
11.481920000000954,0.5963840000001932
11.483590000000955,0.5967180000001933
11.485260000000956,0.5970520000001933
11.486930000000957,0.5973860000001934
11.488600000000957,0.5977200000001934
11.490270000000958,0.5980540000001939
11.491940000000959,0.598388000000194
11.49361000000096,0.598722000000194
11.49528000000096,0.5990560000001945
11.496950000000961,0.5993900000001942
11.498620000000962,0.5997240000001947
11.500290000000962,0.6000291128405659
11.501960000000963,0.6001967626460138
11.503630000000964,0.6003644124514613
11.505300000000965,0.6005320622569088
11.506970000000965,0.6006997120623563
11.508640000000966,0.6008673618678038
11.510310000000967,0.6010350116732517
11.511980000000968,0.6012026614786987
11.513650000000968,0.6013703112841466
11.515320000000969,0.6015379610895941
11.51699000000097,0.6017056108950416
11.51866000000097,0.6018732607004891
11.520330000000971,0.6020409105059366
11.522000000000972,0.602208560311384
11.523670000000973,0.602376210116832
11.525340000000973,0.602543859922279
11.527010000000974,0.6027115097277269
11.528680000000975,0.6028791595331744
11.530350000000976,0.6030468093386219
11.532020000000976,0.6032144591440698
11.533690000000977,0.6033821089495168
11.535360000000978,0.6035497587549647
11.537030000000978,0.6037174085604122
11.53870000000098,0.6038850583658597
11.54037000000098,0.6040527081713072
11.54204000000098,0.6042203579767547
11.543710000000981,0.6043880077822026
11.545380000000982,0.6045556575876501
11.547050000000983,0.6047233073930971
11.548720000000984,0.604890957198545
11.550390000000984,0.6050586070039925
11.552060000000985,0.60522625680944
11.553730000000986,0.6053939066148875
11.555400000000986,0.6055615564203349
11.557070000000987,0.6057292062257829
11.558740000000988,0.6058968560312303
11.560410000000989,0.6060645058366778
11.56208000000099,0.6062321556421253
11.56375000000099,0.6063998054475728
11.56542000000099,0.6065674552530207
11.567090000000992,0.6067351050584682
11.568760000000992,0.6069027548639152
11.570430000000993,0.6070704046693631
11.572100000000994,0.6072380544748106
11.573770000000994,0.6074057042802585
11.575440000000995,0.6075733540857056
11.577110000000996,0.607741003891153
11.578780000000997,0.607908653696601
11.580450000000997,0.6080763035020484
11.582120000000998,0.6082439533074959
11.583790000000999,0.6084116031129434
11.585460000001,0.6085792529183909
11.587130000001,0.6087469027238388
11.588800000001001,0.6089145525292863
11.590470000001002,0.6090822023347333
11.592140000001002,0.6092498521401812
11.593810000001003,0.6094175019456287
11.595480000001004,0.6095851517510766
11.597150000001005,0.6097528015565237
11.598820000001005,0.6099204513619711
11.600490000001006,0.6100881011674191
11.602160000001007,0.6102557509728666
11.603830000001008,0.610423400778314
11.605500000001008,0.6105910505837615
11.607170000001009,0.610758700389209
11.60884000000101,0.6109263501946569
11.61051000000101,0.6110940000001039
11.612180000001011,0.6112616498055519
11.613850000001012,0.6114292996109993
11.615520000001013,0.6115969494164468
11.617190000001013,0.6117645992218943
11.618860000001014,0.6119322490273418
11.620530000001015,0.6120998988327893
11.622200000001015,0.6122675486382372
11.623870000001016,0.6124351984436847
11.625540000001017,0.6126028482491321
11.627210000001018,0.6127704980545796
11.628880000001018,0.6129381478600271
11.63055000000102,0.613105797665475
11.63222000000102,0.613273447470922
11.63389000000102,0.61344109727637
11.635560000001021,0.6136087470818175
11.637230000001022,0.6137763968872649
11.638900000001023,0.6139440466927124
11.640570000001023,0.6141116964981599
11.642240000001024,0.6142793463036078
11.643910000001025,0.6144469961090553
11.645580000001026,0.6146146459145023
11.647250000001026,0.6147822957199502
11.648920000001027,0.6149499455253977
11.650590000001028,0.6151175953308456
11.652260000001029,0.6152852451362931
11.65393000000103,0.6154528949417402
11.65560000000103,0.6156205447471881
11.65727000000103,0.6157881945526356
11.658940000001031,0.615955844358083
11.660610000001032,0.6161234941635305
11.662280000001033,0.616291143968978
11.663950000001034,0.6164587937744259
11.665620000001034,0.6166264435798734
11.667290000001035,0.6167940933853204
11.668960000001036,0.6169617431907684
11.670630000001037,0.6171293929962158
11.672300000001037,0.6172970428016638
11.673970000001038,0.6174646926071108
11.675640000001039,0.6176323424125583
11.67731000000104,0.6177999922180062
11.67898000000104,0.6179676420234537
11.680650000001041,0.6181352918289016
11.682320000001042,0.6183029416343486
11.683990000001042,0.6184705914397961
11.685660000001043,0.618638241245244
11.687330000001044,0.6188058910506915
11.689000000001045,0.6189735408561385
11.690670000001045,0.6191411906615865
11.692340000001046,0.6193088404670339
11.694010000001047,0.6194764902724819
11.695680000001047,0.6196441400779289
11.697350000001048,0.6198117898833764
11.699020000001049,0.6199794396888243
11.70069000000105,0.6201470894942718
11.70236000000105,0.6203147392997193
11.704030000001051,0.6204823891051667
11.705700000001052,0.6206500389106142
11.707370000001053,0.6208176887160621
11.709040000001053,0.6209853385215096
11.710710000001054,0.6211529883269571
11.712380000001055,0.6213206381324046
11.714050000001055,0.621488287937852
11.715720000001056,0.6216559377433
11.717390000001057,0.621823587548747
11.719060000001058,0.6219912373541945
11.720730000001058,0.6221588871596424
11.722400000001059,0.6223265369650899
11.72407000000106,0.6224941867705374
11.72574000000106,0.6226618365759848
11.727410000001061,0.6228294863814323
11.729080000001062,0.6229971361868802
11.730750000001063,0.6231647859923273
11.732420000001063,0.6233324357977752
11.734090000001064,0.6235000856032227
11.735760000001065,0.6236677354086702
11.737430000001066,0.6238353852141181
11.739100000001066,0.6240030350195651
11.740770000001067,0.624170684825013
11.742440000001068,0.6243383346304605
11.744110000001069,0.624505984435908
11.74578000000107,0.6246736342413555
11.74745000000107,0.624841284046803
11.74912000000107,0.6250089338522509
11.750790000001071,0.6251765836576983
11.752460000001072,0.6253442334631454
11.754130000001073,0.6255118832685933
11.755800000001074,0.6256795330740408
11.757470000001074,0.6258471828794883
11.759140000001075,0.6260148326849357
11.760810000001076,0.6261824824903832
11.762480000001077,0.6263501322958311
11.764150000001077,0.6265177821012786
11.765820000001078,0.6266854319067257
11.767490000001079,0.6268530817121736
11.76916000000108,0.627020731517621
11.77083000000108,0.627188381323069
11.77250000000108,0.6273560311285165
11.774170000001082,0.6275236809339635
11.775840000001082,0.6276913307394114
11.777510000001083,0.6278589805448589
11.779180000001084,0.6280266303503068
11.780850000001085,0.6281942801557538
11.782520000001085,0.6283619299612013
11.784190000001086,0.6285295797666492
11.785860000001087,0.6286972295720967
11.787530000001087,0.6288648793775438
11.789200000001088,0.6290325291829917
11.790870000001089,0.6292001789884392
11.79254000000109,0.6293678287938871
11.79421000000109,0.6295354785993341
11.795880000001091,0.6297031284047816
11.797550000001092,0.6298707782102295
11.799220000001093,0.630038428015677
11.800890000001093,0.6302060778211245
11.802560000001094,0.630373727626572
11.804230000001095,0.6305413774320194
11.805900000001095,0.6307090272374674
11.807570000001096,0.6308766770429144
11.809240000001097,0.6310443268483623
11.810910000001098,0.6312119766538098
11.812580000001098,0.6313796264592573
11.814250000001099,0.6315472762647047
11.8159200000011,0.6317149260701522
11.8175900000011,0.6318825758755997
11.819260000001101,0.6320502256810476
11.820930000001102,0.6322178754864947
11.822600000001103,0.6323855252919426
11.824270000001103,0.6325531750973901
11.825940000001104,0.6327208249028375
11.827610000001105,0.632888474708285
11.829280000001106,0.6330561245137325
11.830950000001106,0.6332237743191804
11.832620000001107,0.6333914241246279
11.834290000001108,0.6335590739300749
11.835960000001108,0.6337267237355229
11.83763000000111,0.6338943735409703
11.83930000000111,0.6340620233464183
11.84097000000111,0.6342296731518653
11.842640000001111,0.6343973229573128
11.844310000001112,0.6345649727627607
11.845980000001113,0.6347326225682082
11.847650000001114,0.6349002723736556
11.849320000001114,0.6350679221791031
11.850990000001115,0.6352355719845506
11.852660000001116,0.6354032217899985
11.854330000001116,0.6355708715954456
11.856000000001117,0.635738521400893
11.857670000001118,0.635906171206341
11.859340000001119,0.6360738210117884
11.86101000000112,0.6362414708172359
11.86268000000112,0.6364091206226834
11.86435000000112,0.6365767704281309
11.866020000001122,0.6367444202335788
11.867690000001122,0.6369120700390258
11.869360000001123,0.6370797198444738
11.871030000001124,0.6372473696499212
11.872700000001124,0.6374150194553687
11.874370000001125,0.6375826692608162
11.876040000001126,0.6377503190662637
11.877710000001127,0.6379179688717116
11.879380000001127,0.6380856186771591
11.881050000001128,0.6382532684826061
11.882720000001129,0.638420918288054
11.88439000000113,0.6385885680935015
11.88606000000113,0.638756217898949
11.887730000001131,0.6389238677043969
11.889400000001132,0.6390915175098439
11.891070000001132,0.6392591673152919
11.892740000001133,0.6394268171207393
11.894410000001134,0.6395944669261864
11.896080000001135,0.6397621167316343
11.897750000001135,0.6399297665370818
11.899420000001136,0.6400974163425297
11.901090000001137,0.6402650661479772
11.902760000001138,0.6404327159534242
11.904430000001138,0.6406003657588721
11.906100000001139,0.6407680155643196
11.90777000000114,0.6409356653697675
11.90944000000114,0.6411033151752146
11.911110000001141,0.641270964980662
11.912780000001142,0.64143861478611
11.914450000001143,0.6416062645915575
11.916120000001143,0.6417739143970049
11.917790000001144,0.6419415642024524
11.919460000001145,0.6421092140078999
11.921130000001146,0.6422768638133478
11.922800000001146,0.6424445136187948
11.924470000001147,0.6426121634242423
11.926140000001148,0.6427798132296902
11.927810000001148,0.6429474630351377
11.92948000000115,0.6431135533981749
11.93115000000115,0.6432789320389518
11.93282000000115,0.6434443106797283
11.934490000001151,0.6436096893205052
11.936160000001152,0.6437750679612817
11.937830000001153,0.6439404466020591
11.939500000001154,0.6441058252428356
11.941170000001154,0.644271203883612
11.942840000001155,0.644436582524389
11.944510000001156,0.6446019611651659
11.946180000001156,0.6447673398059428
11.947850000001157,0.6449327184467193
11.949520000001158,0.6450980970874958
11.951190000001159,0.6452634757282731
11.95286000000116,0.6454288543690496
11.95453000000116,0.6455942330098261
11.95620000000116,0.645759611650603
11.957870000001162,0.64592499029138
11.959540000001162,0.6460903689321569
11.961210000001163,0.6462557475729334
11.962880000001164,0.6464211262137098
11.964550000001164,0.6465865048544872
11.966220000001165,0.6467518834952637
11.967890000001166,0.6469172621360406
11.969560000001167,0.6470826407768175
11.971230000001167,0.647248019417594
11.972900000001168,0.647413398058371
11.974570000001169,0.6475787766991474
11.97624000000117,0.6477441553399248
11.97791000000117,0.6479095339807013
11.979580000001171,0.6480749126214778
11.981250000001172,0.6482402912622547
11.982920000001172,0.6484056699030316
11.984590000001173,0.6485710485438085
11.986260000001174,0.648736427184585
11.987930000001175,0.6489018058253615
11.989600000001175,0.6490671844661389
11.991270000001176,0.6492325631069154
11.992940000001177,0.6493979417476918
11.994610000001177,0.6495633203884688
11.996280000001178,0.6497286990292457
11.997950000001179,0.6498940776700226
11.99962000000118,0.6500594563107991
12.00129000000118,0.6502248349515756
12.002960000001181,0.6503902135923529
12.004630000001182,0.6505555922331294
12.006300000001183,0.6507209708739063
12.007970000001183,0.6508863495146828
12.009640000001184,0.6510517281554598
12.011310000001185,0.6512171067962367
12.012980000001185,0.6513824854370132
12.014650000001186,0.6515478640777901
12.016320000001187,0.651713242718567
12.017990000001188,0.6518786213593435
12.019660000001188,0.6520440000001204
12.02133000000119,0.6522093786408969
12.02300000000119,0.6523747572816743
12.02467000000119,0.6525401359224507
12.026340000001191,0.6527055145632272
12.028010000001192,0.6528708932040042
12.029680000001193,0.6530362718447811
12.031350000001193,0.653201650485558
12.033020000001194,0.6533670291263345
12.034690000001195,0.653532407767111
12.036360000001196,0.6536977864078883
12.038030000001196,0.6538631650486648
12.039700000001197,0.6540285436894417
12.041370000001198,0.6541939223302182
12.043040000001199,0.6543593009709952
12.0447100000012,0.6545246796117721
12.0463800000012,0.6546900582525486
12.0480500000012,0.6548554368933255
12.049720000001201,0.6550208155341024
12.051390000001202,0.6551861941748789
12.053060000001203,0.6553515728156558
12.054730000001204,0.6555169514564323
12.056400000001204,0.6556823300972097
12.058070000001205,0.6558477087379861
12.059740000001206,0.6560130873787626
12.061410000001207,0.6561784660195396
12.063080000001207,0.6563438446603165
12.064750000001208,0.6565092233010934
12.066420000001209,0.6566746019418699
12.06809000000121,0.6568399805826464
12.06976000000121,0.6570053592234237
12.071430000001211,0.6571707937744433
12.073100000001212,0.6573384435798912
12.074770000001212,0.6575060933853383
12.076440000001213,0.6576737431907858
12.078110000001214,0.6578413929962337
12.079780000001215,0.6580090428016812
12.081450000001215,0.6581766926071286
12.083120000001216,0.6583443424125761
12.084790000001217,0.6585119922180236
12.086460000001217,0.6586796420234715
12.088130000001218,0.6588472918289185
12.089800000001219,0.6590149416343665
12.09147000000122,0.659182591439814
12.09314000000122,0.6593502412452614
12.094810000001221,0.6595178910507089
12.096480000001222,0.6596855408561564
12.098150000001223,0.6598531906616043
12.099820000001223,0.6600208404670518
12.101490000001224,0.6601884902724993
12.103160000001225,0.6603561400779467
12.104830000001225,0.6605237898833942
12.106500000001226,0.6606914396888421
12.108170000001227,0.6608590894942896
12.109840000001228,0.6610267392997367
12.111510000001228,0.6611943891051846
12.113180000001229,0.661362038910632
12.11485000000123,0.66152968871608
12.11652000000123,0.661697338521527
12.118190000001231,0.6618649883269745
12.119860000001232,0.6620326381324224
12.121530000001233,0.6622002879378699
12.123200000001233,0.6623679377433174
12.124870000001234,0.6625355875487648
12.126540000001235,0.6627032373542123
12.128210000001236,0.6628708871596602
12.129880000001236,0.6630385369651073
12.131550000001237,0.6632061867705552
12.133220000001238,0.6633738365760027
12.134890000001239,0.6635414863814502
12.13656000000124,0.6637091361868981
12.13823000000124,0.6638767859923451
12.13990000000124,0.664044435797793
12.141570000001241,0.6642120856032405
12.143240000001242,0.664379735408688
12.144910000001243,0.6645473852141355
12.146580000001244,0.664715035019583
12.148250000001244,0.6648826848250309
12.149920000001245,0.6650503346304784
12.151590000001246,0.6652179844359254
12.153260000001247,0.6653856342413733
12.154930000001247,0.6655532840468208
12.156600000001248,0.6657209338522687
12.158270000001249,0.6658885836577157
12.15994000000125,0.6660562334631632
12.16161000000125,0.6662238832686112
12.16328000000125,0.6663915330740586
12.164950000001252,0.6665591828795066
12.166620000001252,0.6667268326849536
12.168290000001253,0.6668944824904011
12.169960000001254,0.667062132295849
12.171630000001255,0.6672297821012965
12.173300000001255,0.6673974319067439
12.174970000001256,0.6675650817121914
12.176640000001257,0.6677327315176389
12.178310000001257,0.6679003813230868
12.179980000001258,0.6680680311285339
12.181650000001259,0.6682356809339818
12.18332000000126,0.6684033307394293
12.18499000000126,0.6685709805448767
12.186660000001261,0.6687386303503242
12.188330000001262,0.6689062801557717
12.190000000001262,0.6690739299612192
12.191670000001263,0.6692415797666671
12.193340000001264,0.6694092295721146
12.195010000001265,0.669576879377562
12.196680000001265,0.6697445291830095
12.198350000001266,0.669912178988457
12.200020000001267,0.6700798287939049
12.201690000001268,0.670247478599352
12.203360000001268,0.6704151284047999
12.205030000001269,0.6705827782102474
12.20670000000127,0.6707504280156948
12.20837000000127,0.6709180778211423
12.210040000001271,0.6710857276265898
12.211710000001272,0.6712533774320377
12.213380000001273,0.6714210272374852
12.215050000001273,0.6715886770429322
12.216720000001274,0.6717563268483802
12.218390000001275,0.6719239766538276
12.220060000001276,0.6720916264592751
12.221730000001276,0.6722592762647226
12.223400000001277,0.6724269260701701
12.225070000001278,0.672594575875618
12.226740000001278,0.6727622256810655
12.22841000000128,0.672929875486513
12.23008000000128,0.6730975252919604
12.23175000000128,0.6732651750974079
12.233420000001281,0.6734328249028558
12.235090000001282,0.6736004747083033
12.236760000001283,0.6737681245137503
12.238430000001284,0.6739357743191983
12.240100000001284,0.6741034241246457
12.241770000001285,0.6742710739300937
12.243440000001286,0.6744387237355407
12.245110000001286,0.6746063735409882
12.246780000001287,0.6747740233464361
12.248450000001288,0.6749416731518836
12.250120000001289,0.6751093229573306
12.25179000000129,0.6752769727627785
12.25346000000129,0.675444622568226
12.25513000000129,0.6756122723736739
12.256800000001292,0.6757799221791214
12.258470000001292,0.6759475719845685
12.260140000001293,0.6761152217900164
12.261810000001294,0.6762828715954639
12.263480000001294,0.6764505214009118
12.265150000001295,0.6766181712063588
12.266820000001296,0.6767858210118063
12.268490000001297,0.6769534708172542
12.270160000001297,0.6771211206227017
12.271830000001298,0.6772887704281492
12.273500000001299,0.6774564202335966
12.2751700000013,0.6776240700390441
12.2768400000013,0.677791719844492
12.278510000001301,0.6779593696499391
12.280180000001302,0.678127019455387
12.281850000001302,0.6782946692608345
12.283520000001303,0.678462319066282
12.285190000001304,0.6786299688717299
12.286860000001305,0.6787976186771769
12.288530000001305,0.6789652684826244
12.290200000001306,0.6791329182880723
12.291870000001307,0.6793005680935198
12.293540000001308,0.6794682178989673
12.295210000001308,0.6796358677044148
12.296880000001309,0.6798035175098622
12.29855000000131,0.6799711673153102
12.30022000000131,0.6801388171207572
12.301890000001311,0.6803064669262051
12.303560000001312,0.6804741167316526
12.305230000001313,0.6806417665371001
12.306900000001313,0.6808094163425475
12.308570000001314,0.680977066147995
12.310240000001315,0.681144715953443
12.311910000001316,0.6813123657588904
12.313580000001316,0.6814800155643375
12.315250000001317,0.6816476653697854
12.316920000001318,0.6818153151752329
12.318590000001318,0.6819829649806803
12.32026000000132,0.6821506147861283
12.32193000000132,0.6823182645915753
12.32360000000132,0.6824859143970232
12.325270000001321,0.6826535642024707
12.326940000001322,0.6828212140079182
12.328610000001323,0.6829888638133657
12.330280000001324,0.6831565136188131
12.331950000001324,0.683324163424261
12.333620000001325,0.6834918132297085
12.335290000001326,0.6836594630351556
12.336960000001326,0.6838271128406035
12.338630000001327,0.683994762646051
12.340300000001328,0.6841624124514989
12.341970000001329,0.6843300622569459
12.34364000000133,0.6844977120623934
12.34531000000133,0.6846653618678413
12.34698000000133,0.6848330116732888
12.348650000001332,0.6850006614787367
12.350320000001332,0.6851683112841838
12.351990000001333,0.6853359610896312
12.353660000001334,0.6855036108950792
12.355330000001334,0.6856712607005266
12.357000000001335,0.6858388349515918
12.358670000001336,0.6860042135923687
12.360340000001337,0.6861695922331452
12.362010000001337,0.6863349708739226
12.363680000001338,0.6865003495146991
12.365350000001339,0.6866657281554756
12.36702000000134,0.6868311067962525
12.36869000000134,0.6869964854370294
12.370360000001341,0.6871618640778063
12.372030000001342,0.6873272427185828
12.373700000001342,0.6874926213593593
12.375370000001343,0.6876580000001362
12.377040000001344,0.6878233786409131
12.378710000001345,0.6879887572816901
12.380380000001345,0.6881541359224665
12.382050000001346,0.688319514563243
12.383720000001347,0.6884848932040204
12.385390000001347,0.6886502718447969
12.387060000001348,0.6888156504855734
12.388730000001349,0.6889810291263503
12.39040000000135,0.6891464077671272
12.39207000000135,0.6893117864079041
12.393740000001351,0.6894771650486806
12.395410000001352,0.6896425436894571
12.397080000001353,0.6898079223302345
12.398750000001353,0.689973300971011
12.400420000001354,0.6901386796117879
12.402090000001355,0.6903040582525644
12.403760000001355,0.6904694368933413
12.405430000001356,0.6906348155341182
12.407100000001357,0.6908001941748947
12.408770000001358,0.6909655728156716
12.410440000001358,0.6911309514564485
12.412110000001359,0.691296330097225
12.41378000000136,0.691461708738002
12.41545000000136,0.6916270873787784
12.417120000001361,0.6917924660195554
12.418790000001362,0.6919578446603323
12.420460000001363,0.6921232233011088
12.422130000001363,0.6922886019418857
12.423800000001364,0.6924539805826622
12.425470000001365,0.6926193592234391
12.427140000001366,0.692784737864216
12.428810000001366,0.6929501165049925
12.430480000001367,0.6931154951457694
12.432150000001368,0.6932808737865463
12.433820000001369,0.6934462524273228
12.43549000000137,0.6936116310680998
12.43716000000137,0.6937770097088762
12.43883000000137,0.6939423883496536
12.440500000001371,0.6941077669904301
12.442170000001372,0.6942731456312066
12.443840000001373,0.6944385242719835
12.445510000001374,0.6946039029127604
12.447180000001374,0.6947692815535373
12.448850000001375,0.6949346601943138
12.450520000001376,0.6951000388350903
12.452190000001377,0.6952654174758672
12.453860000001377,0.6954307961166442
12.455530000001378,0.6955961747574206
12.457200000001379,0.6957615533981976
12.45887000000138,0.695926932038974
12.46054000000138,0.6960923106797514
12.462210000001381,0.6962576893205279
12.463880000001382,0.6964230679613044
12.465550000001382,0.6965884466020813
12.467220000001383,0.6967538252428582
12.468890000001384,0.6969192038836352
12.470560000001385,0.6970845825244116
12.472230000001385,0.6972499611651881
12.473900000001386,0.6974153398059655
12.475570000001387,0.697580718446742
12.477240000001387,0.6977460970875189
12.478910000001388,0.6979114757282954
12.480580000001389,0.6980768543690723
12.48225000000139,0.6982422330098492
12.48392000000139,0.6984076116506257
12.485590000001391,0.6985729902914026
12.487260000001392,0.6987383689321796
12.488930000001393,0.698903747572956
12.490600000001393,0.699069126213733
12.492270000001394,0.6992345048545094
12.493940000001395,0.6993998834952859
12.495610000001395,0.6995652621360633
12.497280000001396,0.6997306407768398
12.498950000001397,0.6998960194176167
12.500620000001398,0.7000617587550058
12.502290000001398,0.7002281089495588
12.503960000001399,0.7003944591441114
12.5056300000014,0.7005608093386635
12.5073000000014,0.7007271595332165
12.508970000001401,0.7008935097277686
12.510640000001402,0.7010598599223217
12.512310000001403,0.7012262101168742
12.513980000001403,0.7013925603114264
12.515650000001404,0.7015589105059794
12.517320000001405,0.7017252607005315
12.518990000001406,0.701891610895085
12.520660000001406,0.7020579610896371
12.522330000001407,0.7022243112841893
12.524000000001408,0.7023906614787423
12.525670000001409,0.7025570116732949
12.52734000000141,0.7027233618678479
12.52901000000141,0.7028897120624
12.53068000000141,0.7030560622569522
12.532350000001411,0.7032224124515056
12.534020000001412,0.7033887626460578
12.535690000001413,0.7035551128406099
12.537360000001414,0.7037214630351629
12.539030000001414,0.703887813229715
12.540700000001415,0.7040541634242685
12.542370000001416,0.7042205136188207
12.544040000001417,0.7043868638133728
12.545710000001417,0.7045532140079258
12.547380000001418,0.7047195642024784
12.549050000001419,0.7048859143970314
12.55072000000142,0.7050522645915835
12.55239000000142,0.7052186147861357
12.55406000000142,0.7053849649806891
12.555730000001422,0.7055513151752413
12.557400000001422,0.7057176653697943
12.559070000001423,0.7058840155643464
12.560740000001424,0.706050365758899
12.562410000001424,0.706216715953452
12.564080000001425,0.7063830661480042
12.565750000001426,0.7065494163425572
12.567420000001427,0.7067157665371093
12.569090000001427,0.7068821167316619
12.570760000001428,0.7070484669262149
12.572430000001429,0.7072148171207671
12.57410000000143,0.7073811673153201
12.57577000000143,0.7075475175098727
12.577440000001431,0.7077138677044248
12.579110000001432,0.7078802178989778
12.580780000001432,0.70804656809353
12.582450000001433,0.7082129182880834
12.584120000001434,0.7083792684826355
12.585790000001435,0.7085456186771877
12.587460000001435,0.7087119688717407
12.589130000001436,0.7088783190662933
12.590800000001437,0.7090446692608463
12.592470000001438,0.7092110194553984
12.594140000001438,0.7093773696499506
12.595810000001439,0.709543719844504
12.59748000000144,0.7097100700390562
12.59915000000144,0.7098764202336083
12.600820000001441,0.7100427704281613
12.602490000001442,0.7102091206227135
12.604160000001443,0.7103754708172669
12.605830000001443,0.7105418210118191
12.607500000001444,0.7107081712063712
12.609170000001445,0.7108745214009242
12.610840000001446,0.7110408715954768
12.612510000001446,0.7112072217900298
12.614180000001447,0.711373571984582
12.615850000001448,0.7115399221791341
12.617520000001448,0.7117062723736876
12.61919000000145,0.7118726225682397
12.62086000000145,0.7120389727627927
12.62253000000145,0.7122053229573448
12.624200000001451,0.7123716731518974
12.625870000001452,0.7125380233464504
12.627540000001453,0.7127043735410026
12.629210000001454,0.7128707237355556
12.630880000001454,0.7130370739301082
12.632550000001455,0.7132034241246603
12.634220000001456,0.7133697743192133
12.635890000001456,0.7135361245137655
12.637560000001457,0.7137024747083185
12.639230000001458,0.7138688249028711
12.640900000001459,0.7140351750974232
12.64257000000146,0.7142015252919762
12.64424000000146,0.7143678754865284
12.64591000000146,0.7145342256810818
12.647580000001462,0.714700575875634
12.649250000001462,0.714866926070187
12.650920000001463,0.7150332762647391
12.652590000001464,0.7151996264592917
12.654260000001464,0.7153659766538447
12.655930000001465,0.7155323268483968
12.657600000001466,0.7156986770429499
12.659270000001467,0.715865027237502
12.660940000001467,0.7160313774320546
12.662610000001468,0.7161977276266076
12.664280000001469,0.7163640778211597
12.66595000000147,0.7165304280157128
12.66762000000147,0.7166967782102653
12.669290000001471,0.7168631284048175
12.670960000001472,0.7170294785993705
12.672630000001472,0.7171958287939226
12.674300000001473,0.7173621789884761
12.675970000001474,0.7175285291830282
12.677640000001475,0.7176948793775804
12.679310000001475,0.7178612295721334
12.680980000001476,0.718027579766686
12.682650000001477,0.718193929961239
12.684320000001478,0.7183602801557911
12.685990000001478,0.7185266303503433
12.687660000001479,0.7186929805448967
12.68933000000148,0.7188593307394489
12.69100000000148,0.7190256809340019
12.692670000001481,0.719192031128554
12.694340000001482,0.719358381323107
12.696010000001483,0.7195247315176596
12.697680000001483,0.7196910817122117
12.699350000001484,0.7198574319067648
12.701020000001485,0.7200237821013169
12.702690000001486,0.7201901322958704
12.704360000001486,0.7203564824904225
12.706030000001487,0.7205228326849746
12.707700000001488,0.7206891828795277
12.709370000001488,0.7208555330740802
12.71104000000149,0.7210218832686333
12.71271000000149,0.7211882334631854
12.71438000000149,0.7213545836577375
12.716050000001491,0.721520933852291
12.717720000001492,0.7216872840468431
12.719390000001493,0.7218536342413961
12.721060000001494,0.7220199844359483
12.722730000001494,0.7221863346305004
12.724400000001495,0.7223526848250539
12.726070000001496,0.722519035019606
12.727740000001496,0.722685385214159
12.729410000001497,0.7228517354087112
12.731080000001498,0.7230180856032646
12.732750000001499,0.7231844357978168
12.7344200000015,0.7233507859923689
12.7360900000015,0.7235171361869219
12.7377600000015,0.7236834863814745
12.739430000001501,0.7238498365760275
12.741100000001502,0.7240161867705797
12.742770000001503,0.7241825369651318
12.744440000001504,0.7243488871596853
12.746110000001504,0.7245152373542374
12.747780000001505,0.7246815875487904
12.749450000001506,0.7248479377433426
12.751120000001507,0.7250142879378947
12.752790000001507,0.7251806381324482
12.754460000001508,0.7253469883270003
12.756130000001509,0.7255133385215533
12.75780000000151,0.7256796887161054
12.75947000000151,0.725846038910658
12.761140000001511,0.726012389105211
12.762810000001512,0.7261787392997632
12.764480000001512,0.7263450894943162
12.766150000001513,0.7265114396888688
12.767820000001514,0.7266777898834209
12.769490000001515,0.7268441400779739
12.771160000001515,0.7270104902725261
12.772830000001516,0.7271768404670795
12.774500000001517,0.7273431906616317
12.776170000001517,0.7275095408561838
12.777840000001518,0.7276758910507368
12.779510000001519,0.7278422412452894
12.78118000000152,0.7280085914398415
12.78285000000152,0.7281749416343946
12.784520000001521,0.7283412918289467
12.786190000001522,0.7285076420234997
12.787860000001523,0.7286739922180523
12.789530000001523,0.7288403424126044
12.791200000001524,0.7290066926071574
12.792870000001525,0.7291730428017096
12.794540000001525,0.729339392996263
12.796210000001526,0.7295057431908152
12.797880000001527,0.7296720933853673
12.799550000001528,0.7298384435799203
12.801220000001528,0.7300047937744729
12.802890000001529,0.7301711439690259
12.80456000000153,0.7303374941635781
12.80623000000153,0.7305038443581302
12.807900000001531,0.7306701945526837
12.809570000001532,0.7308365447472358
12.811240000001533,0.7310028949417888
12.812910000001533,0.731169245136341
12.814580000001534,0.7313355953308935
12.816250000001535,0.7315019455254466
12.817920000001536,0.7316682957199987
12.819590000001536,0.7318346459145517
12.821260000001537,0.7320009961091043
12.822930000001538,0.7321673463036564
12.824600000001539,0.7323336964982095
12.82627000000154,0.7325000466927616
12.82794000000154,0.732666396887315
12.82961000000154,0.7328327470818672
12.831280000001541,0.7329990972764193
12.832950000001542,0.7331654474709723
12.834620000001543,0.7333317976655249
12.836290000001544,0.7334981478600779
12.837960000001544,0.7336644980546301
12.839630000001545,0.7338308482491822
12.841300000001546,0.7339971984437357
12.842970000001547,0.7341635486382878
12.844640000001547,0.7343298988328408
12.846310000001548,0.734496249027393
12.847980000001549,0.7346625992219455
12.84965000000155,0.7348289494164986
12.85132000000155,0.7349952996110507
12.852990000001551,0.7351616498056028
12.854660000001552,0.7353280000001563
12.856330000001552,0.7354943501947084
12.858000000001553,0.7356607003892615
12.859670000001554,0.7358270505838136
12.861340000001555,0.7359934007783662
12.863010000001555,0.7361597509729192
12.864680000001556,0.7363261011674713
12.866350000001557,0.7364924513620243
12.868020000001557,0.7366588015565769
12.869690000001558,0.7368251517511291
12.871360000001559,0.7369915019456821
12.87303000000156,0.7371578521402342
12.87470000000156,0.7373242023347877
12.876370000001561,0.7374905525293398
12.878040000001562,0.737656902723892
12.879710000001563,0.737823252918445
12.881380000001563,0.7379896031129975
12.883050000001564,0.7381559533075506
12.884720000001565,0.7383223035021027
12.886390000001565,0.7384886536966548
12.888060000001566,0.7386550038912083
12.889730000001567,0.7388213540857604
12.891400000001568,0.7389877042803135
12.893070000001568,0.7391540544748656
12.894740000001569,0.7393204046694182
12.89641000000157,0.7394867548639712
12.89808000000157,0.7396531050585233
12.899750000001571,0.7398194552530764
12.901420000001572,0.7399858054476289
12.903090000001573,0.7401521556421811
12.904760000001573,0.7403185058367341
12.906430000001574,0.7404848560312862
12.908100000001575,0.7406512062258388
12.909770000001576,0.7408175564203918
12.911440000001576,0.740983906614944
12.913110000001577,0.741150256809497
12.914780000001578,0.7413166070040496
12.916450000001579,0.7414829571986017
12.91812000000158,0.7416493073931547
12.91979000000158,0.7418156575877068
12.92146000000158,0.7419820077822603
12.923130000001581,0.7421483579768124
12.924800000001582,0.7423147081713646
12.926470000001583,0.7424810583659176
12.928140000001584,0.7426474085604702
12.929810000001584,0.7428157669904527
12.931480000001585,0.7429843883496758
12.933150000001586,0.743153009708899
12.934820000001586,0.7433216310681225
12.936490000001587,0.7434902524273457
12.938160000001588,0.7436588737865697
12.939830000001589,0.7438274951457928
12.94150000000159,0.7439961165050155
12.94317000000159,0.7441647378642395
12.94484000000159,0.7443333592234627
12.946510000001592,0.7445019805826867
12.948180000001592,0.7446706019419094
12.949850000001593,0.7448392233011325
12.951520000001594,0.7450078446603565
12.953190000001594,0.7451764660195797
12.954860000001595,0.7453450873788032
12.956530000001596,0.7455137087380264
12.958200000001597,0.7456823300972495
12.959870000001597,0.7458509514564735
12.961540000001598,0.7460195728156962
12.963210000001599,0.7461881941749202
12.9648800000016,0.7463568155341433
12.9665500000016,0.746525436893366
12.968220000001601,0.74669405825259
12.969890000001602,0.7468626796118132
12.971560000001602,0.7470313009710363
12.973230000001603,0.7471999223302599
12.974900000001604,0.747368543689483
12.976570000001605,0.747537165048707
12.978240000001605,0.7477057864079302
12.979910000001606,0.7478744077671529
12.981580000001607,0.7480430291263769
12.983250000001608,0.7482116504856
12.984920000001608,0.748380271844824
12.986590000001609,0.7485488932040467
12.98826000000161,0.7487175145632698
12.98993000000161,0.7488861359224939
12.991600000001611,0.749054757281717
12.993270000001612,0.7492233786409406
12.994940000001613,0.7493920000001637
12.996610000001613,0.7495606213593868
12.998280000001614,0.7497292427186109
12.999950000001615,0.7498978640778335
13.001620000001616,0.7500664854370576
13.003290000001616,0.7502351067962807
13.004960000001617,0.7504037281555038
13.006630000001618,0.7505723495147274
13.008300000001618,0.7507409708739505
13.00997000000162,0.7509095922331745
13.01164000000162,0.7510782135923977
13.01331000000162,0.7512468349516204
13.014980000001621,0.7514154563108444
13.016650000001622,0.7515840776700675
13.018320000001623,0.7517526990292915
13.019990000001624,0.7519213203885142
13.021660000001624,0.7520899417477382
13.023330000001625,0.7522585631069614
13.025000000001626,0.7524271844661845
13.026670000001626,0.7525958058254081
13.028340000001627,0.7527644271846312
13.030010000001628,0.7529330485438552
13.031680000001629,0.7531016699030784
13.03335000000163,0.753270291262301
13.03502000000163,0.7534389126215251
13.03669000000163,0.7536075339807482
13.038360000001632,0.7537761553399722
13.040030000001632,0.7539447766991949
13.041700000001633,0.754113398058418
13.043370000001634,0.7542820194176421
13.045040000001634,0.7544506407768652
13.046710000001635,0.7546192621360888
13.048380000001636,0.7547878834953119
13.050050000001637,0.754956504854535
13.051720000001637,0.755125126213759
13.053390000001638,0.7552937475729817
13.055060000001639,0.7554623689322058
13.05673000000164,0.7556309902914289
13.05840000000164,0.755799611650652
13.060070000001641,0.7559682330098756
13.061740000001642,0.7561368543690987
13.063410000001642,0.7563054757283227
13.065080000001643,0.7564740970875459
13.066750000001644,0.7566427184467694
13.068420000001645,0.7568113398059926
13.070090000001645,0.7569799611652157
13.071760000001646,0.757148077821177
13.073430000001647,0.7573144280157296
13.075100000001648,0.7574807782102826
13.076770000001648,0.7576471284048347
13.078440000001649,0.7578134785993869
13.08011000000165,0.7579798287939403
13.08178000000165,0.7581461789884925
13.083450000001651,0.7583125291830455
13.085120000001652,0.7584788793775976
13.086790000001653,0.7586452295721497
13.088460000001653,0.7588115797667032
13.090130000001654,0.7589779299612553
13.091800000001655,0.7591442801558084
13.093470000001656,0.7593106303503605
13.095140000001656,0.7594769805449131
13.096810000001657,0.7596433307394661
13.098480000001658,0.7598096809340182
13.100150000001658,0.7599760311285713
13.10182000000166,0.7601423813231238
13.10349000000166,0.7603087315176769
13.10516000000166,0.760475081712229
13.106830000001661,0.7606414319067811
13.108500000001662,0.7608077821013346
13.110170000001663,0.7609741322958867
13.111840000001663,0.7611404824904398
13.113510000001664,0.7613068326849919
13.115180000001665,0.761473182879544
13.116850000001666,0.7616395330740975
13.118520000001666,0.7618058832686496
13.120190000001667,0.7619722334632026
13.121860000001668,0.7621385836577548
13.123530000001669,0.7623049338523074
13.12520000000167,0.7624712840468604
13.12687000000167,0.7626376342414125
13.12854000000167,0.7628039844359655
13.130210000001671,0.7629703346305181
13.131880000001672,0.7631366848250702
13.133550000001673,0.7633030350196233
13.135220000001674,0.7634693852141754
13.136890000001674,0.7636357354087289
13.138560000001675,0.763802085603281
13.140230000001676,0.7639684357978331
13.141900000001677,0.7641347859923862
13.143570000001677,0.7643011361869387
13.145240000001678,0.7644674863814918
13.146910000001679,0.7646338365760439
13.14858000000168,0.764800186770596
13.15025000000168,0.764966536965149
13.151920000001681,0.7651328871597016
13.153590000001682,0.7652992373542546
13.155260000001682,0.7654655875488068
13.156930000001683,0.7656319377433589
13.158600000001684,0.7657982879379124
13.160270000001685,0.7659646381324645
13.161940000001685,0.7661309883270166
13.163610000001686,0.7662973385215697
13.165280000001687,0.7664636887161222
13.166950000001687,0.7666300389106753
13.168620000001688,0.7667963891052274
13.170290000001689,0.7669627392997795
13.17196000000169,0.767129089494333
13.17363000000169,0.7672954396888851
13.175300000001691,0.7674617898834382
13.176970000001692,0.7676281400779903
13.178640000001693,0.7677944902725424
13.180310000001693,0.7679608404670959
13.181980000001694,0.768127190661648
13.183650000001695,0.768293540856201
13.185320000001695,0.7684598910507532
13.186990000001696,0.7686262412453058
13.188660000001697,0.7687925914398588
13.190330000001698,0.7689589416344109
13.192000000001698,0.7691252918289639
13.193670000001699,0.7692916420235165
13.1953400000017,0.7694579922180687
13.1970100000017,0.7696243424126217
13.198680000001701,0.7697906926071738
13.200350000001702,0.7699570428017273
13.202020000001703,0.7701233929962794
13.203690000001703,0.7702897431908315
13.205360000001704,0.7704560933853846
13.207030000001705,0.7706224435799367
13.208700000001706,0.7707887937744902
13.210370000001706,0.7709551439690423
13.212040000001707,0.7711214941635944
13.213710000001708,0.7712878443581475
13.215380000001709,0.7714541945527
13.21705000000171,0.7716205447472522
13.21872000000171,0.7717868949418052
13.22039000000171,0.7719532451363573
13.222060000001711,0.7721195953309108
13.223730000001712,0.7722859455254629
13.225400000001713,0.7724522957200151
13.227070000001714,0.7726186459145681
13.228740000001714,0.7727849961091207
13.230410000001715,0.7729513463036737
13.232080000001716,0.7731176964982258
13.233750000001717,0.773284046692778
13.235420000001717,0.773450396887331
13.237090000001718,0.7736167470818835
13.238760000001719,0.7737830972764366
13.24043000000172,0.7739494474709887
13.24210000000172,0.7741157976655408
13.24377000000172,0.7742821478600943
13.245440000001722,0.7744484980546464
13.247110000001722,0.7746148482491995
13.248780000001723,0.7747811984437516
13.250450000001724,0.7749475486383042
13.252120000001725,0.7751138988328572
13.253790000001725,0.7752802490274093
13.255460000001726,0.7754465992219624
13.257130000001727,0.7756129494165149
13.258800000001727,0.7757792996110671
13.260470000001728,0.7759456498056201
13.262140000001729,0.7761120000001722
13.26381000000173,0.7762783501947257
13.26548000000173,0.7764447003892778
13.267150000001731,0.77661105058383
13.268820000001732,0.776777400778383
13.270490000001733,0.7769437509729351
13.272160000001733,0.7771101011674886
13.273830000001734,0.7772764513620407
13.275500000001735,0.7774428015565937
13.277170000001735,0.7776091517511459
13.278840000001736,0.7777755019456984
13.280510000001737,0.7779418521402515
13.282180000001738,0.7781082023348036
13.283850000001738,0.7782745525293566
13.285520000001739,0.7784409027239092
13.28719000000174,0.7786072529184613
13.28886000000174,0.7787736031130144
13.290530000001741,0.7789399533075665
13.292200000001742,0.77910630350212
13.293870000001743,0.7792726536966721
13.295540000001743,0.7794390038912242
13.297210000001744,0.7796053540857772
13.298880000001745,0.7797717042803294
13.300550000001746,0.7799380544748828
13.302220000001746,0.780104404669435
13.303890000001747,0.7802707548639871
13.305560000001748,0.7804371050585401
13.307230000001748,0.7806034552530927
13.30890000000175,0.7807698054476457
13.31057000000175,0.7809361556421979
13.31224000000175,0.7811025058367509
13.313910000001751,0.7812688560313035
13.315580000001752,0.7814352062258556
13.317250000001753,0.7816015564204086
13.318920000001754,0.7817679066149608
13.320590000001754,0.7819342568095142
13.322260000001755,0.7821006070040664
13.323930000001756,0.7822669571986185
13.325600000001756,0.7824333073931715
13.327270000001757,0.7825996575877241
13.328940000001758,0.7827660077822771
13.330610000001759,0.7829323579768293
13.33228000000176,0.7830987081713814
13.33395000000176,0.7832650583659344
13.33562000000176,0.783431408560487
13.337290000001762,0.78359775875504
13.338960000001762,0.7837641089495921
13.340630000001763,0.7839304591441443
13.342300000001764,0.7840968093386977
13.343970000001764,0.7842631595332499
13.345640000001765,0.7844295097278029
13.347310000001766,0.784595859922355
13.348980000001767,0.7847622101169076
13.350650000001767,0.7849285603114606
13.352320000001768,0.7850949105060128
13.353990000001769,0.7852612607005658
13.35566000000177,0.7854276108951184
13.35733000000177,0.7855944854370729
13.359000000001771,0.7857631067962956
13.360670000001772,0.7859317281555187
13.362340000001772,0.7861003495147427
13.364010000001773,0.7862689708739659
13.365680000001774,0.7864375922331894
13.367350000001775,0.7866062135924126
13.369020000001775,0.7867748349516357
13.370690000001776,0.7869434563108597
13.372360000001777,0.7871120776700828
13.374030000001778,0.7872806990293064
13.375700000001778,0.7874493203885296
13.377370000001779,0.7876179417477527
13.37904000000178,0.7877865631069767
13.38071000000178,0.7879551844661994
13.382380000001781,0.7881238058254234
13.384050000001782,0.7882924271846465
13.385720000001783,0.7884610485438697
13.387390000001783,0.7886296699030932
13.389060000001784,0.7887982912623164
13.390730000001785,0.7889669126215404
13.392400000001786,0.7891355339807635
13.394070000001786,0.7893041553399862
13.395740000001787,0.7894727766992102
13.397410000001788,0.7896413980584334
13.399080000001788,0.7898100194176574
13.40075000000179,0.7899786407768801
13.40242000000179,0.7901472621361032
13.40409000000179,0.7903158834953272
13.405760000001791,0.7904845048545504
13.407430000001792,0.790653126213773
13.409100000001793,0.7908217475729971
13.410770000001794,0.7909903689322202
13.412440000001794,0.7911589902914442
13.414110000001795,0.7913276116506669
13.415780000001796,0.79149623300989
13.417450000001796,0.791664854369114
13.419120000001797,0.7918334757283372
13.420790000001798,0.7920020970875612
13.422460000001799,0.7921707184467839
13.4241300000018,0.792339339806007
13.4258000000018,0.792507961165231
13.4274700000018,0.7926765825244542
13.429140000001802,0.7928452038836777
13.430810000001802,0.7930138252429009
13.432480000001803,0.793182446602124
13.434150000001804,0.793351067961348
13.435820000001804,0.7935196893205707
13.437490000001805,0.7936883106797947
13.439160000001806,0.7938569320390179
13.440830000001807,0.794025553398241
13.442500000001807,0.7941941747574646
13.444170000001808,0.7943627961166877
13.445840000001809,0.7945314174759117
13.44751000000181,0.7947000388351348
13.44918000000181,0.7948686601943575
13.450850000001811,0.7950372815535816
13.452520000001812,0.7952059029128047
13.454190000001812,0.7953745242720287
13.455860000001813,0.7955431456312514
13.457530000001814,0.7957117669904745
13.459200000001815,0.7958803883496985
13.460870000001815,0.7960490097089217
13.462540000001816,0.7962176310681457
13.464210000001817,0.7963862524273684
13.465880000001818,0.7965548737865915
13.467550000001818,0.7967234951458155
13.469220000001819,0.7968921165050387
13.47089000000182,0.7970607378642622
13.47256000000182,0.7972293592234854
13.474230000001821,0.7973979805827085
13.475900000001822,0.7975666019419325
13.477570000001823,0.7977352233011552
13.479240000001823,0.7979038446603783
13.480910000001824,0.7980724660196024
13.482580000001825,0.7982410873788255
13.484250000001825,0.7984097087380491
13.485920000001826,0.7985783300972722
13.487590000001827,0.7987469514564953
13.489260000001828,0.7989155728157193
13.490930000001828,0.799084194174942
13.49260000000183,0.799252815534166
13.49427000000183,0.7994214368933892
13.49594000000183,0.7995900582526123
13.497610000001831,0.7997586796118359
13.499280000001832,0.799927300971059
13.500950000001833,0.7998099999996313
13.502620000001833,0.7994759999996317
13.504290000001834,0.7991419999996321
13.505960000001835,0.7988079999996316
13.507630000001836,0.7984739999996311
13.509300000001836,0.7981399999996306
13.510970000001837,0.797805999999631
13.512640000001838,0.7974719999996314
13.514310000001839,0.7971379999996309
13.51598000000184,0.7968039999996304
13.51765000000184,0.7964699999996299
13.51932000000184,0.7961359999996303
13.520990000001841,0.7958019999996306
13.522660000001842,0.7954679999996301
13.524330000001843,0.7951339999996305
13.526000000001844,0.7947999999996291
13.527670000001844,0.7944659999996295
13.529340000001845,0.7941319999996299
13.531010000001846,0.7937979999996294
13.532680000001847,0.7934639999996298
13.534350000001847,0.7931299999996293
13.536020000001848,0.7927959999996288
13.537690000001849,0.7924619999996292
13.53936000000185,0.7921279999996287
13.54103000000185,0.7917939999996291
13.542700000001851,0.7914599999996286
13.544370000001852,0.7911259999996281
13.546040000001852,0.7907919999996285
13.547710000001853,0.790457999999628
13.549380000001854,0.7901239999996283
13.551050000001855,0.7897899999996287
13.552720000001855,0.7894559999996273
13.554390000001856,0.7891219999996277
13.556060000001857,0.7887879999996272
13.557730000001857,0.7884539999996276
13.559400000001858,0.788119999999628
13.561070000001859,0.7877859999996266
13.56274000000186,0.787451999999627
13.56441000000186,0.7871179999996265
13.566080000001861,0.7867839999996269
13.567750000001862,0.7864499999996273
13.569420000001863,0.7861159999996259
13.571090000001863,0.7857819999996263
13.572760000001864,0.7854479999996258
13.574430000001865,0.7851139999996262
13.576100000001865,0.7847799999996266
13.577770000001866,0.7844459999996252
13.579440000001867,0.7841119999996256
13.581110000001868,0.783777999999625
13.582780000001868,0.7834439999996254
13.584450000001869,0.7831099999996258
13.58612000000187,0.7827759999996253
13.58779000000187,0.7824419999996248
13.589460000001871,0.7821079999996243
13.591130000001872,0.7817739999996247
13.592800000001873,0.7814399999996251
13.594470000001873,0.7811059999996246
13.596140000001874,0.7807719999996241
13.597810000001875,0.7804379999996245
13.599480000001876,0.780103999999624
13.601150000001876,0.7797699999996244
13.602820000001877,0.7794359999996239
13.604490000001878,0.7791019999996234
13.606160000001879,0.7787679999996238
13.60783000000188,0.7784339999996233
13.60950000000188,0.7780999999996236
13.61117000000188,0.7777659999996231
13.612840000001881,0.7774319999996226
13.614510000001882,0.777097999999623
13.616180000001883,0.7767639999996225
13.617850000001884,0.7764299999996229
13.619520000001884,0.7760959999996224
13.621190000001885,0.7757619999996228
13.622860000001886,0.7754279999996223
13.624530000001887,0.7750939999996218
13.626200000001887,0.7747599999996222
13.627870000001888,0.7744259999996217
13.629540000001889,0.7740919999996221
13.63121000000189,0.7737579999996216
13.63288000000189,0.7734239999996211
13.63455000000189,0.7730899999996215
13.636220000001892,0.772755999999621
13.637890000001892,0.7724219999996214
13.639560000001893,0.7720879999996209
13.641230000001894,0.7717539999996204
13.642900000001895,0.7714199999996207
13.644570000001895,0.7710859999996202
13.646240000001896,0.7707519999996206
13.647910000001897,0.7704179999996192
13.649580000001897,0.7700839999996196
13.651250000001898,0.76974999999962
13.652920000001899,0.7694159999996195
13.6545900000019,0.7690819999996199
13.6562600000019,0.7687479999996194
13.657930000001901,0.7684139999996189
13.659600000001902,0.7680799999996193
13.661270000001903,0.7677459999996188
13.662940000001903,0.7674119999996192
13.664610000001904,0.7670779999996187
13.666280000001905,0.7667439999996182
13.667950000001905,0.7664099999996186
13.669620000001906,0.7660759999996181
13.671290000001907,0.7657419999996185
13.672960000001908,0.765407999999618
13.674630000001908,0.7650739999996174
13.676300000001909,0.7647399999996178
13.67797000000191,0.7644059999996173
13.67964000000191,0.7640719999996177
13.681310000001911,0.7637379999996172
13.682980000001912,0.7634039999996167
13.684650000001913,0.7630699999996171
13.686320000001913,0.7627359999996166
13.687990000001914,0.762401999999617
13.689660000001915,0.7620679999996165
13.691330000001916,0.761733999999616
13.693000000001916,0.7613999999996155
13.694670000001917,0.7610659999996159
13.696340000001918,0.7607319999996163
13.698010000001918,0.7603979999996158
13.69968000000192,0.7600639999996153
13.70135000000192,0.7597299999996148
13.70302000000192,0.7593959999996152
13.704690000001921,0.7590619999996155
13.706360000001922,0.758727999999615
13.708030000001923,0.7583939999996145
13.709700000001924,0.758059999999614
13.711370000001924,0.7577259999996144
13.713040000001925,0.7573919999996148
13.714710000001926,0.7570579999996143
13.716380000001926,0.7567239999996138
13.718050000001927,0.7563899999996133
13.719720000001928,0.7560559999996137
13.721390000001929,0.7557219999996141
13.72306000000193,0.7553879999996136
13.72473000000193,0.7550539999996131
13.72640000000193,0.7547199999996126
13.728070000001932,0.754385999999613
13.729740000001932,0.7540519999996134
13.731410000001933,0.7537179999996129
13.733080000001934,0.7533839999996124
13.734750000001934,0.7530499999996119
13.736420000001935,0.7527159999996123
13.738090000001936,0.7523819999996118
13.739760000001937,0.7520479999996121
13.741430000001937,0.7517139999996116
13.743100000001938,0.7513799999996111
13.744770000001939,0.7510459999996115
13.74644000000194,0.750711999999611
13.74811000000194,0.7503779999996114
13.749780000001941,0.7500439999996109
13.751450000001942,0.7497099999996104
13.753120000001942,0.7493759999996108
13.754790000001943,0.7490419999996103
13.756460000001944,0.7487079999996107
13.758130000001945,0.7483739999996102
13.759800000001945,0.7480399999996097
13.761470000001946,0.7477059999996101
13.763140000001947,0.7473719999996096
13.764810000001948,0.74703799999961
13.766480000001948,0.7467039999996095
13.768150000001949,0.746369999999609
13.76982000000195,0.7460359999996093
13.77149000000195,0.7457019999996088
13.773160000001951,0.7453679999996092
13.774830000001952,0.7450339999996087
13.776500000001953,0.7446999999996082
13.778170000001953,0.7443659999996086
13.779840000001954,0.7440319999996081
13.781510000001955,0.7436979999996085
13.783180000001956,0.743363999999608
13.784850000001956,0.7430299999996075
13.786520000001957,0.7426959999996079
13.788190000001958,0.7423619999996083
13.789860000001958,0.7420279999996078
13.79153000000196,0.7416939999996073
13.79320000000196,0.7413599999996068
13.79487000000196,0.7410259999996072
13.796540000001961,0.7406919999996076
13.798210000001962,0.740357999999607
13.799880000001963,0.7400239999996066
13.801550000001964,0.739689999999606
13.803220000001964,0.7393559999996064
13.804890000001965,0.7390219999996068
13.806560000001966,0.7386879999996063
13.808230000001966,0.7383539999996058
13.809900000001967,0.7380199999996053
13.811570000001968,0.7376859999996057
13.813240000001969,0.7373519999996061
13.81491000000197,0.7370179999996056
13.81658000000197,0.7366839999996051
13.81825000000197,0.7363499999996046
13.819920000001972,0.736015999999605
13.821590000001972,0.7356819999996054
13.823260000001973,0.7353479999996049
13.824930000001974,0.7350139999996044
13.826600000001974,0.7346799999996039
13.828270000001975,0.7343459999996043
13.829940000001976,0.7340119999996046
13.831610000001977,0.7336779999996041
13.833280000001977,0.7333439999996036
13.834950000001978,0.7330099999996031
13.836620000001979,0.7326759999996035
13.83829000000198,0.7323419999996039
13.83996000000198,0.7320079999996034
13.841630000001981,0.7316739999996029
13.843300000001982,0.7313399999996024
13.844970000001982,0.7310059999996028
13.846640000001983,0.7306719999996032
13.848310000001984,0.7303379999996027
13.849980000001985,0.7300039999996022
13.851650000001985,0.7296699999996026
13.853320000001986,0.7293359999996021
13.854990000001987,0.7290019999996025
13.856660000001987,0.728667999999602
13.858330000001988,0.7283339999996015
13.860000000001989,0.7279999999996019
13.86167000000199,0.7276659999996014
13.86334000000199,0.7273319999996017
13.865010000001991,0.7269979999996012
13.866680000001992,0.7266639999996007
13.868350000001993,0.7263299999996011
13.870020000001993,0.7259959999996006
13.871690000001994,0.725661999999601
13.873360000001995,0.7253279999996005
13.875030000001995,0.7249939999996
13.876700000001996,0.7246599999996004
13.878370000001997,0.7243259999995999
13.880040000001998,0.7239919999996003
13.881710000001998,0.7236579999995998
13.883380000002,0.7233239999995993
13.885050000002,0.7229899999995997
13.886720000002,0.7226559999995992
13.888390000002001,0.7223219999995996
13.890060000002002,0.7219879999995991
13.891730000002003,0.7216539999995986
13.893400000002003,0.721319999999599
13.895070000002004,0.7209859999995984
13.896740000002005,0.7206519999995988
13.898410000002006,0.7203179999995983
13.900080000002006,0.7199839999995978
13.901750000002007,0.7196499999995982
13.903420000002008,0.7193159999995977
13.905090000002009,0.7189819999995981
13.90676000000201,0.7186479999995985
13.90843000000201,0.7183139999995971
13.91010000000201,0.7179799999995975
13.911770000002011,0.717645999999597
13.913440000002012,0.7173119999995974
13.915110000002013,0.7169779999995978
13.916780000002014,0.7166439999995964
13.918450000002014,0.7163099999995968
13.920120000002015,0.7159759999995963
13.921790000002016,0.7156419999995967
13.923460000002017,0.715307999999597
13.925130000002017,0.7149739999995957
13.926800000002018,0.714639999999596
13.928470000002019,0.7143059999995955
13.93014000000202,0.7139719999995959
13.93181000000202,0.7136379999995963
13.933480000002021,0.7133039999995949
13.935150000002022,0.7129699999995953
13.936820000002022,0.7126359999995948
13.938490000002023,0.7123019999995952
13.940160000002024,0.7119679999995956
13.941830000002025,0.7116339999995942
13.943500000002025,0.7112999999995946
13.945170000002026,0.7109659999995941
13.946840000002027,0.7106319999995945
13.948510000002027,0.7102979999995949
13.950180000002028,0.7099639999995935
13.951850000002029,0.7096299999995939
13.95352000000203,0.7092959999995934
13.95519000000203,0.7089619999995938
13.956860000002031,0.7086279999995941
13.958530000002032,0.7082939999995927
13.960200000002033,0.7079599999995931
13.961870000002033,0.7076259999995926
13.963540000002034,0.707291999999593
13.965210000002035,0.7069579999995934
13.966880000002035,0.706623999999592
13.968550000002036,0.7062899999995924
13.970220000002037,0.7059559999995919
13.971890000002038,0.7056219999995923
13.973560000002038,0.7052879999995927
13.975230000002039,0.7049539999995913
13.97690000000204,0.7046199999995917
13.97857000000204,0.7042859999995921
13.980240000002041,0.7039519999995916
13.981910000002042,0.703617999999592
13.983580000002043,0.7032839999995906
13.985250000002043,0.702949999999591
13.986920000002044,0.7026159999995913
13.988590000002045,0.7022819999995908
13.990260000002046,0.7019479999995912
13.991930000002046,0.7016139999995898
13.993600000002047,0.7012799999995902
13.995270000002048,0.7009459999995906
13.996940000002049,0.7006119999995901
13.99861000000205,0.7002779999995905
14.00028000000205,0.6999439999995891
14.00195000000205,0.6996099999995895
14.003620000002051,0.6992759999995899
14.005290000002052,0.6989419999995894
14.006960000002053,0.6986079999995898
14.008630000002054,0.6982739999995884
14.010300000002054,0.6979399999995888
14.011970000002055,0.6976059999995892
14.013640000002056,0.6972719999995887
14.015310000002057,0.696937999999589
14.016980000002057,0.6966039999995886
14.018650000002058,0.696269999999588
14.020320000002059,0.6959359999995884
14.02199000000206,0.6956019999995879
14.02366000000206,0.6952679999995883
14.02533000000206,0.6949339999995878
14.027000000002062,0.6945999999995873
14.028670000002062,0.6942659999995868
14.030340000002063,0.6939319999995872
14.032010000002064,0.6935979999995876
14.033680000002065,0.6932639999995871
14.035350000002065,0.6929299999995866
14.037020000002066,0.6925959999995861
14.038690000002067,0.6922619999995865
14.040360000002067,0.6919279999995869
14.042030000002068,0.6915939999995864
14.043700000002069,0.6912599999995859
14.04537000000207,0.6909259999995854
14.04704000000207,0.6905919999995858
14.048710000002071,0.6902579999995861
14.050380000002072,0.6899239999995856
14.052050000002072,0.689589999999586
14.053720000002073,0.6892559999995846
14.055390000002074,0.688921999999585
14.057060000002075,0.6885879999995854
14.058730000002075,0.6882539999995849
14.060400000002076,0.6879199999995853
14.062070000002077,0.6875859999995839
14.063740000002078,0.6872519999995843
14.065410000002078,0.6869179999995838
14.067080000002079,0.6865839999995842
14.06875000000208,0.6862499999995846
14.07042000000208,0.6859159999995832
14.072090000002081,0.6855819999995836
14.073760000002082,0.6852479999995831
14.075430000002083,0.6849139999995835
14.077100000002083,0.6845799999995839
14.078770000002084,0.6842459999995825
14.080440000002085,0.6839119999995829
14.082110000002086,0.6835779999995824
14.083780000002086,0.6832439999995827
14.085450000002087,0.6829099999995831
14.087120000002088,0.6825759999995826
14.088790000002088,0.6822419999995821
14.09046000000209,0.6819079999995816
14.09213000000209,0.681573999999582
14.09380000000209,0.6812399999995824
14.095470000002091,0.6809059999995819
14.097140000002092,0.6805719999995814
14.098810000002093,0.6802379999995809
14.100480000002094,0.6799039999995813
14.102150000002094,0.6795699999995817
14.103820000002095,0.6792359999995812
14.105490000002096,0.6789019999995807
14.107160000002096,0.6785679999995802
14.108830000002097,0.6782339999995806
14.110500000002098,0.6778999999995801
14.112170000002099,0.6775659999995804
14.1138400000021,0.67723199999958
14.1155100000021,0.6768979999995794
14.1171800000021,0.6765639999995798
14.118850000002102,0.6762299999995793
14.120520000002102,0.6758959999995797
14.122190000002103,0.6755619999995801
14.123860000002104,0.6752279999995787
14.125530000002104,0.6748939999995791
14.127200000002105,0.6745599999995786
14.128870000002106,0.674225999999579
14.130540000002107,0.6738919999995794
14.132210000002107,0.673557999999578
14.133880000002108,0.6732239999995784
14.135550000002109,0.6728899999995779
14.13722000000211,0.6725559999995783
14.13889000000211,0.6722219999995787
14.140560000002111,0.6718879999995773
14.142230000002112,0.6715539999995777
14.143900000002112,0.6712199999995772
14.145570000002113,0.6708859999995775
14.147240000002114,0.6705519999995779
14.148910000002115,0.6702179999995765
14.150580000002115,0.6698839999995769
14.152250000002116,0.6695499999995764
14.153920000002117,0.6692159999995768
14.155590000002118,0.6688819999995772
14.157260000002118,0.6685479999995767
14.158930000002119,0.6682139999995762
14.16060000000212,0.6678799999995766
14.16227000000212,0.6675459999995761
14.163940000002121,0.6672119999995765
14.165610000002122,0.666877999999576
14.167280000002123,0.6665439999995755
14.168950000002123,0.6662099999995759
14.170620000002124,0.6658759999995754
14.172290000002125,0.6655419999995758
14.173960000002126,0.6652079999995753
14.175630000002126,0.6648739999995747
14.177300000002127,0.6645399999995751
14.178970000002128,0.6642059999995746
14.180640000002128,0.663871999999575
14.18231000000213,0.6635379999995745
14.18398000000213,0.663203999999574
14.18565000000213,0.6628699999995744
14.187320000002131,0.6625359999995739
14.188990000002132,0.6622019999995743
14.190660000002133,0.6618679999995738
14.192330000002134,0.6615339999995733
14.194000000002134,0.6611999999995737
14.195670000002135,0.6608659999995732
14.197340000002136,0.6605319999995736
14.199010000002136,0.6601979999995731
14.200680000002137,0.6598639999995726
14.202350000002138,0.659529999999573
14.204020000002139,0.6591959999995725
14.20569000000214,0.6588619999995728
14.20736000000214,0.6585279999995723
14.20903000000214,0.6581939999995718
14.210700000002142,0.6578599999995722
14.212370000002142,0.6575259999995717
14.214040000002143,0.6571919999995721
14.215710000002144,0.6568579999995716
14.217380000002144,0.6565239999995711
14.219050000002145,0.6561899999995715
14.220720000002146,0.655855999999571
14.222390000002147,0.6555219999995714
14.224060000002147,0.6551879999995718
14.225730000002148,0.6548539999995704
14.227400000002149,0.6545199999995708
14.22907000000215,0.6541859999995703
14.23074000000215,0.6538519999995707
14.232410000002151,0.653517999999571
14.234080000002152,0.6531839999995697
14.235750000002152,0.65284999999957
14.237420000002153,0.6525159999995696
14.239090000002154,0.6521819999995699
14.240760000002155,0.6518479999995703
14.242430000002155,0.6515139999995689
14.244100000002156,0.6511799999995693
14.245770000002157,0.6508459999995688
14.247440000002157,0.6505119999995692
14.249110000002158,0.6501779999995696
14.250780000002159,0.6498439999995682
14.25245000000216,0.6495099999995686
14.25412000000216,0.6491759999995681
14.255790000002161,0.6488419999995685
14.257460000002162,0.6485079999995689
14.259130000002163,0.6481739999995675
14.260800000002163,0.6478399999995679
14.262470000002164,0.6475059999995674
14.264140000002165,0.6471719999995678
14.265810000002165,0.6468379999995681
14.267480000002166,0.6465039999995668
14.269150000002167,0.6461699999995671
14.270820000002168,0.6458359999995666
14.272490000002168,0.645501999999567
14.27416000000217,0.6451679999995665
14.27583000000217,0.644833999999566
14.27750000000217,0.6444999999995664
14.279170000002171,0.6441659999995659
14.280840000002172,0.6438319999995663
14.282510000002173,0.6434979999995658
14.284180000002173,0.6431639999995653
14.285850000002174,0.6428299999995657
14.287520000002175,0.6424959999995652
14.289190000002176,0.6421619999995656
14.290860000002176,0.6418279999995651
14.292530000002177,0.6414939999995646
14.294200000002178,0.641159999999565
14.295870000002179,0.6408259999995645
14.29754000000218,0.6404919999995649
14.29921000000218,0.6401579999995644
14.30088000000218,0.6398239999995639
14.302550000002181,0.6394899999995642
14.304220000002182,0.6391559999995637
14.305890000002183,0.6388219999995641
14.307560000002184,0.6384879999995636
14.309230000002184,0.6381539999995631
14.310900000002185,0.6378199999995635
14.312570000002186,0.637485999999563
14.314240000002187,0.6371519999995634
14.315910000002187,0.6368179999995629
14.317580000002188,0.6364839999995624
14.319250000002189,0.6361499999995619
14.32092000000219,0.6358159999995623
14.32259000000219,0.6354819999995627
14.324260000002191,0.6351479999995622
14.325930000002192,0.6348139999995617
14.327600000002192,0.6344799999995612
14.329270000002193,0.6341459999995616
14.330940000002194,0.633811999999562
14.332610000002195,0.6334779999995614
14.334280000002195,0.633143999999561
14.335950000002196,0.6328099999995604
14.337620000002197,0.6324759999995608
14.339290000002197,0.6321419999995612
14.340960000002198,0.6318079999995607
14.342630000002199,0.6314739999995602
14.3443000000022,0.6311399999995597
14.3459700000022,0.6308059999995601
14.347640000002201,0.6304719999995605
14.349310000002202,0.63013799999956
14.350980000002203,0.6298039999995604
14.352650000002203,0.629469999999559
14.354320000002204,0.6291359999995594
14.355990000002205,0.6288019999995589
14.357660000002205,0.6284679999995593
14.359330000002206,0.6281339999995597
14.361000000002207,0.6277999999995583
14.362670000002208,0.6274659999995587
14.364340000002208,0.6271319999995582
14.366010000002209,0.6267979999995585
14.36768000000221,0.6264639999995589
14.36935000000221,0.6261299999995575
14.371020000002211,0.6257959999995579
14.372690000002212,0.6254619999995574
14.374360000002213,0.6251279999995578
14.376030000002213,0.6247939999995582
14.377700000002214,0.6244599999995568
14.379370000002215,0.6241259999995572
14.381040000002216,0.6237919999995567
14.382710000002216,0.6234579999995571
14.384380000002217,0.6231239999995575
14.386050000002218,0.622789999999557
14.387720000002219,0.6224559999995565
14.38939000000222,0.622121999999556
14.39106000000222,0.6217879999995564
14.39273000000222,0.6214539999995567
14.394400000002221,0.6211199999995562
14.396070000002222,0.6207859999995557
14.397740000002223,0.6204519999995552
14.399410000002224,0.6201179999995556
14.401080000002224,0.619783999999556
14.402750000002225,0.6194499999995555
14.404420000002226,0.619115999999555
14.406090000002227,0.6187819999995554
14.407760000002227,0.6184479999995549
14.409430000002228,0.6181139999995553
14.411100000002229,0.6177799999995548
14.41277000000223,0.6174459999995543
14.41444000000223,0.6171119999995547
14.41611000000223,0.6167779999995542
14.417780000002232,0.6164439999995546
14.419450000002232,0.6161099999995541
14.421120000002233,0.6157759999995545
14.422790000002234,0.615441999999554
14.424460000002234,0.6151079999995535
14.426130000002235,0.6147739999995538
14.427800000002236,0.6144399999995533
14.429470000002237,0.6141059999995537
14.431140000002237,0.6137719999995532
14.432810000002238,0.6134379999995527
14.434480000002239,0.6131039999995531
14.43615000000224,0.6127699999995526
14.43782000000224,0.612435999999553
14.439490000002241,0.6121019999995525
14.441160000002242,0.611767999999552
14.442830000002242,0.6114339999995524
14.444500000002243,0.6110999999995519
14.446170000002244,0.6107659999995523
14.447840000002245,0.6104319999995518
14.449510000002245,0.6100979999995513
14.451180000002246,0.6097639999995517
14.452850000002247,0.6094299999995512
14.454520000002248,0.6090959999995516
14.456190000002248,0.6087619999995519
14.457860000002249,0.6084279999995506
14.45953000000225,0.6080939999995509
14.46120000000225,0.6077599999995504
14.462870000002251,0.6074259999995508
14.464540000002252,0.6070919999995512
14.466210000002253,0.6067579999995498
14.467880000002253,0.6064239999995502
14.469550000002254,0.6060899999995497
14.471220000002255,0.6057559999995501
14.472890000002256,0.6054219999995505
14.474560000002256,0.6050879999995491
14.476230000002257,0.6047539999995495
14.477900000002258,0.6044199999995499
14.479570000002258,0.6040859999995494
14.48124000000226,0.6037519999995498
14.48291000000226,0.6034179999995493
14.48458000000226,0.6030839999995488
14.486250000002261,0.6027499999995491
14.487920000002262,0.6024159999995486
14.489590000002263,0.602081999999549
14.491260000002264,0.6017479999995485
14.492930000002264,0.601413999999548
14.494600000002265,0.6010799999995484
14.496270000002266,0.6007459999995479
14.497940000002266,0.6004119999995483
14.499610000002267,0.6000779999995478
14.501280000002268,0.5998719999997748
14.502950000002269,0.5997049999997746
14.50462000000227,0.5995379999997743
14.50629000000227,0.599370999999775
14.50796000000227,0.5992039999997747
14.509630000002272,0.5990369999997744
14.511300000002272,0.5988699999997742
14.512970000002273,0.5987029999997739
14.514640000002274,0.5985359999997746
14.516310000002274,0.5983689999997743
14.517980000002275,0.5982019999997741
14.519650000002276,0.5980349999997738
14.521320000002277,0.5978679999997736
14.522990000002277,0.5977009999997733
14.524660000002278,0.597533999999774
14.526330000002279,0.5973669999997737
14.52800000000228,0.5971999999997735
14.52967000000228,0.5970329999997732
14.531340000002281,0.596865999999773
14.533010000002282,0.5966989999997736
14.534680000002282,0.5965319999997734
14.536350000002283,0.5963649999997731
14.538020000002284,0.5961979999997729
14.539690000002285,0.5960309999997726
14.541360000002285,0.5958639999997732
14.543030000002286,0.595696999999773
14.544700000002287,0.5955299999997727
14.546370000002288,0.5953629999997725
14.548040000002288,0.5951959999997722
14.549710000002289,0.5950289999997729
14.55138000000229,0.5948619999997726
14.55305000000229,0.5946949999997724
14.554720000002291,0.5945279999997721
14.556390000002292,0.5943609999997719
14.558060000002293,0.5941939999997716
14.559730000002293,0.5940269999997723
14.561400000002294,0.593859999999772
14.563070000002295,0.5936929999997718
14.564740000002296,0.5935259999997715
14.566410000002296,0.5933589999997713
14.568080000002297,0.5931919999997719
14.569750000002298,0.5930249999997717
14.571420000002298,0.5928579999997714
14.5730900000023,0.5926909999997712
14.5747600000023,0.5925239999997709
14.5764300000023,0.5923569999997715
14.578100000002301,0.5921899999997713
14.579770000002302,0.592022999999771
14.581440000002303,0.5918559999997708
14.583110000002304,0.5916889999997705
14.584780000002304,0.5915219999997703
14.586450000002305,0.5913549999997709
14.588120000002306,0.5911879999997707
14.589790000002306,0.5910209999997704
14.591460000002307,0.5908539999997702
14.593130000002308,0.5906869999997699
14.594800000002309,0.5905199999997706
14.59647000000231,0.5903529999997703
14.59814000000231,0.5901859999997701
14.59981000000231,0.5900189999997698
14.601480000002311,0.5898519999997696
14.603150000002312,0.5896849999997702
14.604820000002313,0.58951799999977
14.606490000002314,0.5893509999997697
14.608160000002314,0.5891839999997694
14.609830000002315,0.5890169999997692
14.611500000002316,0.5888499999997698
14.613170000002317,0.5886829999997696
14.614840000002317,0.5885159999997693
14.616510000002318,0.5883489999997691
14.618180000002319,0.5881819999997688
14.61985000000232,0.5880149999997686
14.62152000000232,0.5878479999997692
14.623190000002321,0.587680999999769
14.624860000002322,0.5875139999997687
14.626530000002322,0.5873469999997685
14.628200000002323,0.5871799999997682
14.629870000002324,0.5870129999997689
14.631540000002325,0.5868459999997686
14.633210000002325,0.5866789999997684
14.634880000002326,0.5865119999997681
14.636550000002327,0.5863449999997679
14.638220000002327,0.5861779999997685
14.639890000002328,0.5860109999997682
14.641560000002329,0.585843999999768
14.64323000000233,0.5856769999997677
14.64490000000233,0.5855099999997675
14.646570000002331,0.5853429999997681
14.648240000002332,0.5851759999997679
14.649910000002333,0.5850089999997676
14.651580000002333,0.5848419999997674
14.653250000002334,0.5846749999997671
14.654920000002335,0.5845079999997669
14.656590000002335,0.5843409999997675
14.658260000002336,0.5841739999997673
14.659930000002337,0.584006999999767
14.661600000002338,0.5838399999997668
14.663270000002338,0.5836729999997665
14.664940000002339,0.5835059999997672
14.66661000000234,0.5833389999997669
14.66828000000234,0.5831719999997667
14.669950000002341,0.5830049999997664
14.671620000002342,0.5828379999997662
14.673290000002343,0.5826709999997668
14.674960000002343,0.5825039999997665
14.676630000002344,0.5823369999997663
14.678300000002345,0.582169999999766
14.679970000002346,0.5820029999997658
14.681640000002346,0.5818359999997664
14.683310000002347,0.5816689999997662
14.684980000002348,0.5815019999997659
14.686650000002349,0.5813349999997657
14.68832000000235,0.5811679999997654
14.68999000000235,0.5810009999997661
14.69166000000235,0.5808339999997658
14.693330000002351,0.5806669999997656
14.695000000002352,0.5804999999997653
14.696670000002353,0.5803329999997651
14.698340000002354,0.5801659999997657
14.700010000002354,0.5799989999997655
14.701680000002355,0.5798319999997652
14.703350000002356,0.579664999999765
14.705020000002357,0.5794979999997647
14.706690000002357,0.5793309999997653
14.708360000002358,0.5791639999997651
14.710030000002359,0.5789969999997648
14.71170000000236,0.5788299999997646
14.71337000000236,0.5786629999997643
14.715040000002361,0.578495999999765
14.716710000002362,0.5783289999997647
14.718380000002362,0.5781619999997645
14.720050000002363,0.5779949999997642
14.721720000002364,0.577827999999764
14.723390000002365,0.5776609999997646
14.725060000002365,0.5774939999997644
14.726730000002366,0.5773269999997641
14.728400000002367,0.5771599999997639
14.730070000002367,0.5769929999997636
14.731740000002368,0.5768259999997642
14.733410000002369,0.576658999999764
14.73508000000237,0.5764919999997637
14.73675000000237,0.5763249999997635
14.738420000002371,0.5761579999997632
14.740090000002372,0.5759909999997639
14.741760000002373,0.5758239999997636
14.743430000002373,0.5756569999997634
14.745100000002374,0.5754899999997631
14.746770000002375,0.5753229999997629
14.748440000002375,0.5751559999997635
14.750110000002376,0.5749889999997633
14.751780000002377,0.574821999999763
14.753450000002378,0.5746549999997628
14.755120000002378,0.5744879999997625
14.756790000002379,0.5743209999997632
14.75846000000238,0.5741539999997629
14.76013000000238,0.5739869999997627
14.761800000002381,0.5738199999997624
14.763470000002382,0.5736529999997622
14.765140000002383,0.5734859999997628
14.766810000002383,0.5733189999997625
14.768480000002384,0.5731519999997623
14.770150000002385,0.572984999999762
14.771820000002386,0.5728179999997618
14.773490000002386,0.5726509999997624
14.775160000002387,0.5724839999997622
14.776830000002388,0.5723169999997619
14.778500000002389,0.5721499999997617
14.78017000000239,0.5719829999997614
14.78184000000239,0.5718159999997621
14.78351000000239,0.5716489999997618
14.785180000002391,0.5714819999997616
14.786850000002392,0.5713149999997613
14.788520000002393,0.5711479999997611
14.790190000002394,0.5709809999997617
14.791860000002394,0.5708139999997615
14.793530000002395,0.5706469999997612
14.795200000002396,0.570479999999761
14.796870000002396,0.5703129999997607
14.798540000002397,0.5701459999997613
14.800210000002398,0.5699789999997611
14.801880000002399,0.5698119999997608
14.8035500000024,0.5696449999997606
14.8052200000024,0.5694779999997603
14.8068900000024,0.569310999999761
14.808560000002402,0.5691439999997607
14.810230000002402,0.5689769999997605
14.811900000002403,0.5688099999997602
14.813570000002404,0.56864299999976
14.815240000002404,0.5684759999997606
14.816910000002405,0.5683089999997604
14.818580000002406,0.5681419999997601
14.820250000002407,0.5679749999997599
14.821920000002407,0.5678079999997596
14.823590000002408,0.5676409999997603
14.825260000002409,0.56747399999976
14.82693000000241,0.5673069999997598
14.82860000000241,0.5671399999997595
14.830270000002411,0.5669729999997593
14.831940000002412,0.5668059999997599
14.833610000002412,0.5666389999997596
14.835280000002413,0.5664719999997594
14.836950000002414,0.5663049999997591
14.838620000002415,0.5661379999997589
14.840290000002415,0.5659709999997595
14.841960000002416,0.5658039999997593
14.843630000002417,0.565636999999759
14.845300000002418,0.5654699999997588
14.846970000002418,0.5653029999997585
14.848640000002419,0.5651359999997592
14.85031000000242,0.5649689999997589
14.85198000000242,0.5648019999997587
14.853650000002421,0.5646349999997584
14.855320000002422,0.5644679999997582
14.856990000002423,0.5643009999997588
14.858660000002423,0.5641339999997586
14.860330000002424,0.5639669999997583
14.862000000002425,0.563799999999758
14.863670000002426,0.5636329999997578
14.865340000002426,0.5634659999997584
14.867010000002427,0.5632989999997582
14.868680000002428,0.5631319999997579
14.870350000002428,0.5629649999997577
14.87202000000243,0.5627979999997574
14.87369000000243,0.5626309999997581
14.87536000000243,0.5624639999997578
14.877030000002431,0.5622969999997576
14.878700000002432,0.5621299999997573
14.880370000002433,0.5619629999997571
14.882040000002434,0.5617959999997577
14.883710000002434,0.5616289999997575
14.885380000002435,0.5614619999997572
14.887050000002436,0.561294999999757
14.888720000002436,0.5611279999997567
14.890390000002437,0.5609609999997573
14.892060000002438,0.5607939999997571
14.893730000002439,0.5606269999997568
14.89540000000244,0.5604599999997566
14.89707000000244,0.5602929999997563
14.89874000000244,0.560125999999757
14.900410000002442,0.5599589999997567
14.902080000002442,0.5597919999997565
14.903750000002443,0.5596249999997562
14.905420000002444,0.559457999999756
14.907090000002444,0.5592909999997566
14.908760000002445,0.5591239999997564
14.910430000002446,0.5589569999997561
14.912100000002447,0.5587899999997559
14.913770000002447,0.5586229999997556
14.915440000002448,0.5584559999997563
14.917110000002449,0.558288999999756
14.91878000000245,0.5581219999997558
14.92045000000245,0.5579549999997555
14.922120000002451,0.5577879999997553
14.923790000002452,0.5576209999997559
14.925460000002452,0.5574539999997556
14.927130000002453,0.5572869999997554
14.928800000002454,0.5571199999997551
14.930470000002455,0.5569529999997549
14.932140000002455,0.5567859999997555
14.933810000002456,0.5566189999997553
14.935480000002457,0.556451999999755
14.937150000002458,0.5562849999997548
14.938820000002458,0.5561179999997545
14.940490000002459,0.5559509999997552
14.94216000000246,0.5557839999997549
14.94383000000246,0.5556169999997547
14.945500000002461,0.5554499999997544
14.947170000002462,0.5552829999997542
14.948840000002463,0.5551159999997548
14.950510000002463,0.5549489999997546
14.952180000002464,0.5547819999997543
14.953850000002465,0.554614999999754
14.955520000002466,0.5544479999997538
14.957190000002466,0.5542809999997544
14.958860000002467,0.5541139999997542
14.960530000002468,0.5539469999997539
14.962200000002468,0.5537799999997537
14.96387000000247,0.5536129999997534
14.96554000000247,0.5534459999997541
14.96721000000247,0.5532789999997538
14.968880000002471,0.5531119999997536
14.970550000002472,0.5529449999997533
14.972220000002473,0.5527779999997531
14.973890000002473,0.5526109999997537
14.975560000002474,0.5524439999997535
14.977230000002475,0.5522769999997532
14.978900000002476,0.552109999999753
14.980570000002476,0.5519429999997527
14.982240000002477,0.5517759999997534
14.983910000002478,0.5516089999997531
14.985580000002479,0.5514419999997529
14.98725000000248,0.5512749999997526
14.98892000000248,0.5511079999997524
14.99059000000248,0.550940999999753
14.992260000002481,0.5507739999997527
14.993930000002482,0.5506069999997525
14.995600000002483,0.5504399999997522
14.997270000002484,0.550272999999752
14.998940000002484,0.5501059999997526
15.000610000002485,0.5499389999997524
15.002280000002486,0.549771999999753
15.003950000002487,0.5496049999997528
15.005620000002487,0.5494379999997525
15.007290000002488,0.5492709999997532
15.008960000002489,0.5491039999997529
15.01063000000249,0.5489369999997527
15.01230000000249,0.5487699999997524
15.013970000002491,0.5486029999997522
15.015640000002492,0.5484359999997528
15.017310000002492,0.5482689999997525
15.018980000002493,0.5481019999997523
15.020650000002494,0.547934999999752
15.022320000002495,0.5477679999997518
15.023990000002495,0.5476009999997515
15.025660000002496,0.5474339999997522
15.027330000002497,0.5472669999997519
15.029000000002497,0.5470999999997517
15.030670000002498,0.5469329999997514
15.032340000002499,0.5467659999997512
15.0340100000025,0.5465989999997518
15.0356800000025,0.5464319999997516
15.037350000002501,0.5462649999997513
15.039020000002502,0.5460979999997511
15.040690000002503,0.5459309999997508
15.042360000002503,0.5457639999997514
15.044030000002504,0.5455969999997512
15.045700000002505,0.545429999999751
15.047370000002505,0.5452629999997507
15.049040000002506,0.5450959999997504
15.050710000002507,0.5449289999997502
15.052380000002508,0.5447619999997508
15.054050000002508,0.5445949999997506
15.055720000002509,0.5444279999997503
15.05739000000251,0.5442609999997501
15.05906000000251,0.5440939999997498
15.060730000002511,0.5439269999997505
15.062400000002512,0.5437599999997502
15.064070000002513,0.54359299999975
15.065740000002513,0.5434259999997497
15.067410000002514,0.5432589999997495
15.069080000002515,0.5430919999997501
15.070750000002516,0.5429249999997499
15.072420000002516,0.5427579999997496
15.074090000002517,0.5425909999997494
15.075760000002518,0.5424239999997491
15.077430000002519,0.5422569999997497
15.07910000000252,0.5420899999997495
15.08077000000252,0.5419229999997492
15.08244000000252,0.541755999999749
15.084110000002521,0.5415889999997487
15.085780000002522,0.5414219999997485
15.087450000002523,0.5412549999997491
15.089120000002524,0.5410879999997489
15.090790000002524,0.5409209999997486
15.092460000002525,0.5407539999997484
15.094130000002526,0.5405869999997481
15.095800000002527,0.5404199999997488
15.097470000002527,0.5402529999997485
15.099140000002528,0.5400859999997483
15.100810000002529,0.539918999999748
15.10248000000253,0.5397519999997478
15.10415000000253,0.5395849999997484
15.105820000002531,0.5394179999997482
15.107490000002532,0.5392509999997479
15.109160000002532,0.5390839999997477
15.110830000002533,0.5389169999997474
15.112500000002534,0.538749999999748
15.114170000002535,0.5385829999997478
15.115840000002535,0.5384159999997475
15.117510000002536,0.5382489999997473
15.119180000002537,0.538081999999747
15.120850000002537,0.5379149999997468
15.122520000002538,0.5377479999997474
15.124190000002539,0.5375809999997472
15.12586000000254,0.5374139999997469
15.12753000000254,0.5372469999997467
15.129200000002541,0.5370799999997464
15.130870000002542,0.5369129999997471
15.132540000002543,0.5367459999997468
15.134210000002543,0.5365789999997466
15.135880000002544,0.5364119999997463
15.137550000002545,0.5362449999997461
15.139220000002545,0.5360779999997467
15.140890000002546,0.5359109999997465
15.142560000002547,0.5357439999997462
15.144230000002548,0.535576999999746
15.145900000002548,0.5354099999997457
15.147570000002549,0.5352429999997463
15.14924000000255,0.5350759999997461
15.15091000000255,0.5349089999997458
15.152580000002551,0.5347419999997456
15.154250000002552,0.5345749999997453
15.155920000002553,0.5344079999997451
15.157590000002553,0.5342409999997457
15.159260000002554,0.5340739999997455
15.160930000002555,0.5339069999997452
15.162600000002556,0.533739999999745
15.164270000002556,0.5335729999997447
15.165940000002557,0.5334059999997454
15.167610000002558,0.5332389999997451
15.169280000002558,0.5330719999997449
15.17095000000256,0.5329049999997446
15.17262000000256,0.5327379999997444
15.17429000000256,0.532570999999745
15.175960000002561,0.5324039999997447
15.177630000002562,0.5322369999997445
15.179300000002563,0.5320699999997442
15.180970000002564,0.531902999999744
15.182640000002564,0.5317359999997446
15.184310000002565,0.5315689999997444
15.185980000002566,0.5314019999997441
15.187650000002566,0.5312349999997439
15.189320000002567,0.5310679999997436
15.190990000002568,0.5309009999997443
15.192660000002569,0.530733999999744
15.19433000000257,0.5305669999997438
15.19600000000257,0.5303999999997435
15.19767000000257,0.5302329999997433
15.199340000002572,0.5300659999997439
15.201010000002572,0.5298989999997437
15.202680000002573,0.5297319999997434
15.204350000002574,0.5295649999997432
15.206020000002574,0.5293979999997429
15.207690000002575,0.5292309999997435
15.209360000002576,0.5290639999997433
15.211030000002577,0.528896999999743
15.212700000002577,0.5287299999997428
15.214370000002578,0.5285629999997425
15.216040000002579,0.5283959999997432
15.21771000000258,0.5282289999997429
15.21938000000258,0.5280619999997427
15.221050000002581,0.5278949999997424
15.222720000002582,0.5277279999997422
15.224390000002582,0.5275609999997428
15.226060000002583,0.5273939999997426
15.227730000002584,0.5272269999997423
15.229400000002585,0.5270599999997421
15.231070000002585,0.5268929999997418
15.232740000002586,0.5267259999997425
15.234410000002587,0.5265589999997422
15.236080000002588,0.526391999999742
15.237750000002588,0.5262249999997417
15.239420000002589,0.5260579999997415
15.24109000000259,0.5258909999997421
15.24276000000259,0.5257239999997418
15.244430000002591,0.5255569999997416
15.246100000002592,0.5253899999997413
15.247770000002593,0.5252229999997411
15.249440000002593,0.5250559999997417
15.251110000002594,0.5248889999997415
15.252780000002595,0.5247219999997412
15.254450000002596,0.524554999999741
15.256120000002596,0.5243879999997407
15.257790000002597,0.5242209999997414
15.259460000002598,0.5240539999997411
15.261130000002598,0.5238869999997409
15.2628000000026,0.5237199999997406
15.2644700000026,0.5235529999997404
15.2661400000026,0.523385999999741
15.267810000002601,0.5232189999997408
15.269480000002602,0.5230519999997405
15.271150000002603,0.5228849999997403
15.272820000002604,0.52271799999974
15.274490000002604,0.5225509999997406
15.276160000002605,0.5223839999997404
15.277830000002606,0.5222169999997401
15.279500000002606,0.5220499999997399
15.281170000002607,0.5218829999997396
15.282840000002608,0.5217159999997403
15.284510000002609,0.52154899999974
15.28618000000261,0.5213819999997398
15.28785000000261,0.5212149999997395
15.28952000000261,0.5210479999997393
15.291190000002612,0.5208809999997399
15.292860000002612,0.5207139999997397
15.294530000002613,0.5205469999997394
15.296200000002614,0.5203799999997392
15.297870000002614,0.5202129999997389
15.299540000002615,0.5200459999997395
15.301210000002616,0.5198789999997393
15.302880000002617,0.519711999999739
15.304550000002617,0.5195449999997388
15.306220000002618,0.5193779999997385
15.307890000002619,0.5192109999997392
15.30956000000262,0.5190439999997389
15.31123000000262,0.5188769999997387
15.312900000002621,0.5187099999997384
15.314570000002622,0.5185429999997382
15.316240000002622,0.5183759999997388
15.317910000002623,0.5182089999997386
15.319580000002624,0.5180419999997383
15.321250000002625,0.5178749999997381
15.322920000002625,0.5177079999997378
15.324590000002626,0.5175409999997385
15.326260000002627,0.5173739999997382
15.327930000002628,0.517206999999738
15.329600000002628,0.5170399999997377
15.331270000002629,0.5168729999997375
15.33294000000263,0.5167059999997381
15.33461000000263,0.5165389999997378
15.336280000002631,0.5163719999997376
15.337950000002632,0.5162049999997373
15.339620000002633,0.5160379999997371
15.341290000002633,0.5158709999997377
15.342960000002634,0.5157039999997375
15.344630000002635,0.5155369999997372
15.346300000002635,0.515369999999737
15.347970000002636,0.5152029999997367
15.349640000002637,0.5150359999997374
15.351310000002638,0.5148689999997371
15.352980000002638,0.5147019999997369
15.35465000000264,0.5145349999997366
15.35632000000264,0.5143679999997364
15.35799000000264,0.5142009999997361
15.359660000002641,0.5140339999997368
15.361330000002642,0.5138669999997365
15.363000000002643,0.5136999999997363
15.364670000002643,0.513532999999736
15.366340000002644,0.5133659999997358
15.368010000002645,0.5131989999997364
15.369680000002646,0.5130319999997361
15.371350000002646,0.5128649999997359
15.373020000002647,0.5126979999997356
15.374690000002648,0.5125309999997354
15.376360000002649,0.512363999999736
15.37803000000265,0.5121969999997358
15.37970000000265,0.5120299999997355
15.38137000000265,0.5118629999997353
15.383040000002651,0.511695999999735
15.384710000002652,0.5115289999997348
15.386380000002653,0.5113619999997354
15.388050000002654,0.5111949999997352
15.389720000002654,0.5110279999997349
15.391390000002655,0.5108609999997347
15.393060000002656,0.5106939999997344
15.394730000002657,0.510526999999735
15.396400000002657,0.5103599999997348
15.398070000002658,0.5101929999997346
15.399740000002659,0.5100259999997352
15.40141000000266,0.5098589999997349
15.40308000000266,0.5096919999997356
15.404750000002661,0.5095249999997353
15.406420000002662,0.5093579999997351
15.408090000002662,0.5091909999997348
15.409760000002663,0.5090239999997346
15.411430000002664,0.5088569999997352
15.413100000002665,0.508689999999735
15.414770000002665,0.5085229999997347
15.416440000002666,0.5083559999997345
15.418110000002667,0.5081889999997342
15.419780000002667,0.508021999999734
15.421450000002668,0.5078549999997346
15.423120000002669,0.5076879999997344
15.42479000000267,0.5075209999997341
15.42646000000267,0.5073539999997339
15.428130000002671,0.5071869999997336
15.429800000002672,0.5070199999997342
15.431470000002673,0.506852999999734
15.433140000002673,0.5066859999997337
15.434810000002674,0.5065189999997335
15.436480000002675,0.5063519999997332
15.438150000002675,0.5061849999997339
15.439820000002676,0.5060179999997336
15.441490000002677,0.5058509999997334
15.443160000002678,0.5056839999997331
15.444830000002678,0.5055169999997329
15.446500000002679,0.5053499999997335
15.44817000000268,0.5051829999997333
15.44984000000268,0.505015999999733
15.451510000002681,0.5048489999997328
15.453180000002682,0.5046819999997325
15.454850000002683,0.5045149999997323
15.456520000002683,0.5043479999997329
15.458190000002684,0.5041809999997326
15.459860000002685,0.5040139999997324
15.461530000002686,0.5038469999997321
15.463200000002686,0.5036799999997319
15.464870000002687,0.5035129999997325
15.466540000002688,0.5033459999997323
15.468210000002689,0.503178999999732
15.46988000000269,0.5030119999997318
15.47155000000269,0.5028449999997315
15.47322000000269,0.5026779999997322
15.474890000002691,0.5025109999997319
15.476560000002692,0.5023439999997317
15.478230000002693,0.5021769999997314
15.479900000002694,0.5020099999997312
15.481570000002694,0.5018429999997318
15.483240000002695,0.5016759999997316
15.484910000002696,0.5015089999997313
15.486580000002697,0.5013419999997311
15.488250000002697,0.5011749999997308
15.489920000002698,0.5010079999997306
15.491590000002699,0.5008409999997312
15.4932600000027,0.500673999999731
15.4949300000027,0.5005069999997307
15.4966000000027,0.5003399999997304
15.498270000002702,0.5001729999997302
15.499940000002702,0.5000059999997308
15.501610000002703,0.4993559999989152
15.503280000002704,0.4986879999989142
15.504950000002705,0.4980199999989141
15.506620000002705,0.497351999998914
15.508290000002706,0.4966839999989139
15.509960000002707,0.49601599999891377
15.511630000002707,0.49534799999891277
15.513300000002708,0.49467999999891266
15.514970000002709,0.49401199999891254
15.51664000000271,0.49334399999891243
15.51831000000271,0.4926759999989123
15.519980000002711,0.4920079999989113
15.521650000002712,0.4913399999989112
15.523320000002713,0.4906719999989111
15.524990000002713,0.490003999998911
15.526660000002714,0.48933599999891086
15.528330000002715,0.48866799999890986
15.530000000002715,0.48799999999890975
15.531670000002716,0.48733199999890964
15.533340000002717,0.4866639999989095
15.535010000002718,0.4859959999989094
15.536680000002718,0.4853279999989084
15.538350000002719,0.4846599999989083
15.54002000000272,0.4839919999989082
15.54169000000272,0.48332399999890807
15.543360000002721,0.48265599999890796
15.545030000002722,0.48198799999890696
15.546700000002723,0.48131999999890684
15.548370000002723,0.48065199999890673
15.550040000002724,0.4799839999989066
15.551710000002725,0.4793159999989065
15.553380000002726,0.4786479999989055
15.555050000002726,0.4779799999989054
15.556720000002727,0.4773119999989053
15.558390000002728,0.47664399999890517
15.560060000002728,0.47597599999890505
15.56173000000273,0.47530799999890405
15.56340000000273,0.47463999999890394
15.56507000000273,0.4739719999989038
15.566740000002731,0.4733039999989037
15.568410000002732,0.4726359999989036
15.570080000002733,0.4719679999989026
15.571750000002734,0.4712999999989025
15.573420000002734,0.4706319999989024
15.575090000002735,0.46996399999890226
15.576760000002736,0.46929599999890215
15.578430000002736,0.46862799999890115
15.580100000002737,0.46795999999890103
15.581770000002738,0.4672919999989009
15.583440000002739,0.4666239999989008
15.58511000000274,0.4659559999989007
15.58678000000274,0.4652879999988997
15.58845000000274,0.4646199999988996
15.590120000002742,0.46395199999889947
15.591790000002742,0.46328399999889935
15.593460000002743,0.46261599999889924
15.595130000002744,0.46194799999889824
15.596800000002744,0.4612799999988981
15.598470000002745,0.460611999998898
15.600140000002746,0.4599439999988979
15.601810000002747,0.4592759999988978
15.603480000002747,0.4586079999988968
15.605150000002748,0.4579399999988967
15.606820000002749,0.45727199999889656
15.60849000000275,0.45660399999889645
15.61016000000275,0.45593599999889634
15.611830000002751,0.45526799999889533
15.613500000002752,0.4545999999988952
15.615170000002752,0.4539319999988951
15.616840000002753,0.453263999998895
15.618510000002754,0.4525959999988949
15.620180000002755,0.4519279999988939
15.621850000002755,0.45125999999889377
15.623520000002756,0.45059199999889366
15.625190000002757,0.44992399999889354
15.626860000002758,0.44925599999889343
15.628530000002758,0.44858799999889243
15.630200000002759,0.4479199999988923
15.63187000000276,0.4472519999988922
15.63354000000276,0.4465839999988921
15.635210000002761,0.445915999998892
15.636880000002762,0.445247999998891
15.638550000002763,0.44457999999889086
15.640220000002763,0.44391199999889075
15.641890000002764,0.44324399999889064
15.643560000002765,0.4425759999988905
15.645230000002766,0.4419079999988895
15.646900000002766,0.4412399999988894
15.648570000002767,0.4405719999988893
15.650240000002768,0.4399039999988892
15.651910000002768,0.43923599999888907
15.65358000000277,0.43856799999888807
15.65525000000277,0.43789999999888796
15.65692000000277,0.43723199999888784
15.658590000002771,0.43656399999888773
15.660260000002772,0.4358959999988876
15.661930000002773,0.4352279999988866
15.663600000002774,0.4345599999988865
15.665270000002774,0.4338919999988864
15.666940000002775,0.4332239999988863
15.668610000002776,0.43255599999888616
15.670280000002776,0.43188799999888516
15.671950000002777,0.43121999999888505
15.673620000002778,0.43055199999888494
15.675290000002779,0.4298839999988848
15.67696000000278,0.4292159999988847
15.67863000000278,0.4285479999988837
15.68030000000278,0.4278799999988836
15.681970000002782,0.4272119999988835
15.683640000002782,0.42654399999888337
15.685310000002783,0.42587599999888326
15.686980000002784,0.42520799999888226
15.688650000002784,0.42453999999888214
15.690320000002785,0.42387199999888203
15.691990000002786,0.4232039999988819
15.693660000002787,0.4225359999988818
15.695330000002787,0.4218679999988808
15.697000000002788,0.4211999999988807
15.698670000002789,0.4205319999988806
15.70034000000279,0.41986399999888047
15.70201000000279,0.41919599999888035
15.703680000002791,0.41852799999887935
15.705350000002792,0.41785999999887924
15.707020000002792,0.4171919999988791
15.708690000002793,0.416523999998879
15.710360000002794,0.4158559999988789
15.712030000002795,0.4151879999988779
15.713700000002795,0.4145199999988778
15.715370000002796,0.4138519999988777
15.717040000002797,0.41318399999887756
15.718710000002797,0.41251599999887745
15.720380000002798,0.41184799999887645
15.722050000002799,0.41117999999887633
15.7237200000028,0.4105119999988762
15.7253900000028,0.4098439999988761
15.727060000002801,0.409175999998876
15.728730000002802,0.408507999998875
15.730400000002803,0.4078399999988749
15.732070000002803,0.40717199999887477
15.733740000002804,0.40650399999887465
15.735410000002805,0.40583599999887454
15.737080000002805,0.40516799999887354
15.738750000002806,0.4044999999988734
15.740420000002807,0.4038319999988733
15.742090000002808,0.4031639999988732
15.743760000002808,0.4024959999988731
15.74543000000281,0.4018279999988721
15.74710000000281,0.401159999998872
15.74877000000281,0.40049199999887186
15.750440000002811,0.39982399999887175
15.752110000002812,0.39915599999887164
15.753780000002813,0.39848799999887063
15.755450000002813,0.3978199999988705
15.757120000002814,0.3971519999988704
15.758790000002815,0.3964839999988703
15.760460000002816,0.3958159999988693
15.762130000002816,0.3951479999988692
15.763800000002817,0.39447999999886907
15.765470000002818,0.39381199999886896
15.767140000002819,0.39314399999886884
15.76881000000282,0.39247599999886784
15.77048000000282,0.39180799999886773
15.77215000000282,0.3911399999988676
15.773820000002821,0.3904719999988675
15.775490000002822,0.3898039999988674
15.777160000002823,0.3891359999988664
15.778830000002824,0.3884679999988663
15.780500000002824,0.38779999999886616
15.782170000002825,0.38713199999886605
15.783840000002826,0.38646399999886594
15.785510000002827,0.38579599999886494
15.787180000002827,0.3851279999988648
15.788850000002828,0.3844599999988647
15.790520000002829,0.3837919999988646
15.79219000000283,0.3831239999988645
15.79386000000283,0.3824559999988635
15.795530000002831,0.38178799999886337
15.797200000002832,0.38111999999886326
15.798870000002832,0.38045199999886314
15.800540000002833,0.37978399999886303
15.802210000002834,0.37911599999886203
15.803880000002835,0.3784479999988619
15.805550000002835,0.3777799999988618
15.807220000002836,0.3771119999988617
15.808890000002837,0.3764439999988616
15.810560000002837,0.3757759999988606
15.812230000002838,0.37510799999886046
15.813900000002839,0.37443999999886035
15.81557000000284,0.37377199999886024
15.81724000000284,0.3731039999988601
15.818910000002841,0.3724359999988591
15.820580000002842,0.371767999998859
15.822250000002843,0.3710999999988589
15.823920000002843,0.3704319999988588
15.825590000002844,0.3697639999988587
15.827260000002845,0.36909599999885767
15.828930000002845,0.36842799999885756
15.830600000002846,0.36775999999885745
15.832270000002847,0.36709199999885733
15.833940000002848,0.3664239999988572
15.835610000002848,0.3657559999988562
15.837280000002849,0.3650879999988561
15.83895000000285,0.364419999998856
15.84062000000285,0.3637519999988559
15.842290000002851,0.36308399999885577
15.843960000002852,0.36241599999885477
15.845630000002853,0.36174799999885465
15.847300000002853,0.36107999999885454
15.848970000002854,0.3604119999988544
15.850640000002855,0.3597439999988543
15.852310000002856,0.3590759999988533
15.853980000002856,0.3584079999988532
15.855650000002857,0.3577399999988531
15.857320000002858,0.357071999998853
15.858990000002859,0.35640399999885286
15.86066000000286,0.35573599999885186
15.86233000000286,0.35506799999885175
15.86400000000286,0.35439999999885163
15.865670000002861,0.3537319999988515
15.867340000002862,0.3530639999988514
15.869010000002863,0.3523959999988504
15.870680000002864,0.3517279999988503
15.872350000002864,0.3510599999988502
15.874020000002865,0.35039199999885007
15.875690000002866,0.34972399999884995
15.877360000002867,0.34905599999884895
15.879030000002867,0.34838799999884884
15.880700000002868,0.34771999999884873
15.882370000002869,0.3470519999988486
15.88404000000287,0.3463839999988485
15.88571000000287,0.3457159999988475
15.88738000000287,0.3450479999988474
15.889050000002872,0.3443799999988473
15.890720000002872,0.34371199999884716
15.892390000002873,0.34304399999884705
15.894060000002874,0.34237599999884605
15.895730000002875,0.34170799999884593
15.897400000002875,0.3410399999988458
15.899070000002876,0.3403719999988457
15.900740000002877,0.3397039999988456
15.902410000002877,0.3390359999988446
15.904080000002878,0.3383679999988445
15.905750000002879,0.33769999999884437
15.90742000000288,0.33703199999884426
15.90909000000288,0.33636399999884414
15.910760000002881,0.33569599999884314
15.912430000002882,0.33502799999884303
15.914100000002882,0.3343599999988429
15.915770000002883,0.3336919999988428
15.917440000002884,0.3330239999988427
15.919110000002885,0.3323559999988417
15.920780000002885,0.3316879999988416
15.922450000002886,0.33101999999884146
15.924120000002887,0.33035199999884135
15.925790000002888,0.32968399999884124
15.927460000002888,0.32901599999884024
15.929130000002889,0.3283479999988401
15.93080000000289,0.32767999999884
15.93247000000289,0.3270119999988399
15.934140000002891,0.3263439999988398
15.935810000002892,0.3256759999988388
15.937480000002893,0.32500799999883867
15.939150000002893,0.32433999999883856
15.940820000002894,0.32367199999883844
15.942490000002895,0.32300399999883833
15.944160000002896,0.32233599999883733
15.945830000002896,0.3216679999988372
15.947500000002897,0.3209999999988371
15.949170000002898,0.320331999998837
15.950840000002898,0.3196639999988369
15.9525100000029,0.3189959999988359
15.9541800000029,0.31832799999883576
15.9558500000029,0.31765999999883565
15.957520000002901,0.31699199999883554
15.959190000002902,0.3163239999988354
15.960860000002903,0.3156559999988344
15.962530000002904,0.3149879999988343
15.964200000002904,0.3143199999988342
15.965870000002905,0.3136519999988341
15.967540000002906,0.312983999998834
15.969210000002906,0.31231599999883297
15.970880000002907,0.31164799999883286
15.972550000002908,0.31097999999883275
15.974220000002909,0.31031199999883263
15.97589000000291,0.3096439999988325
15.97756000000291,0.3089759999988315
15.97923000000291,0.3083079999988314
15.980900000002912,0.3076399999988313
15.982570000002912,0.3069719999988312
15.984240000002913,0.30630399999883107
15.985910000002914,0.30563599999883007
15.987580000002914,0.30496799999882995
15.989250000002915,0.30429999999882984
15.990920000002916,0.3036319999988297
15.992590000002917,0.3029639999988296
15.994260000002917,0.3022959999988286
15.995930000002918,0.3016279999988285
15.997600000002919,0.3009599999988284
15.99927000000292,0.3002919999988283
16.00094000000292,0.2996239999988273
16.00261000000292,0.29895599999882627
16.00428000000292,0.29828799999882616
16.005950000002922,0.29761999999882605
16.007620000002923,0.29695199999882593
16.009290000002924,0.2962839999988258
16.010960000002925,0.2956159999988248
16.012630000002925,0.2949479999988247
16.014300000002926,0.2942799999988246
16.015970000002927,0.2936119999988245
16.017640000002928,0.29294399999882437
16.01931000000293,0.29227599999882337
16.02098000000293,0.29160799999882325
16.02265000000293,0.29093999999882314
16.02432000000293,0.290271999998823
16.02599000000293,0.2896039999988229
16.027660000002932,0.2889359999988219
16.029330000002933,0.2882679999988218
16.031000000002933,0.2875999999988217
16.032670000002934,0.2869319999988216
16.034340000002935,0.28626399999882146
16.036010000002936,0.28559599999882046
16.037680000002936,0.28492799999882035
16.039350000002937,0.28425999999882023
16.041020000002938,0.2835919999988201
16.04269000000294,0.28292399999882
16.04436000000294,0.282255999998819
16.04603000000294,0.2815879999988189
16.04770000000294,0.2809199999988188
16.04937000000294,0.28025199999881867
16.051040000002942,0.27958399999881856
16.052710000002943,0.27891599999881755
16.054380000002944,0.27824799999881744
16.056050000002944,0.27757999999881733
16.057720000002945,0.2769119999988172
16.059390000002946,0.2762439999988171
16.061060000002946,0.2755759999988161
16.062730000002947,0.274907999998816
16.064400000002948,0.2742399999988159
16.06607000000295,0.27357199999881576
16.06774000000295,0.27290399999881565
16.06941000000295,0.27223599999881465
16.07108000000295,0.27156799999881454
16.07275000000295,0.2708999999988144
16.074420000002952,0.2702319999988143
16.076090000002953,0.2695639999988142
16.077760000002954,0.2688959999988132
16.079430000002954,0.2682279999988131
16.081100000002955,0.26755999999881297
16.082770000002956,0.26689199999881286
16.084440000002957,0.26622399999881274
16.086110000002957,0.26555599999881174
16.087780000002958,0.26488799999881163
16.08945000000296,0.2642199999988115
16.09112000000296,0.2635519999988114
16.09279000000296,0.2628839999988113
16.09446000000296,0.2622159999988103
16.09613000000296,0.2615479999988102
16.097800000002962,0.26087999999881006
16.099470000002963,0.26021199999880995
16.101140000002964,0.25954399999880984
16.102810000002965,0.25887599999880884
16.104480000002965,0.2582079999988087
16.106150000002966,0.2575399999988086
16.107820000002967,0.2568719999988085
16.109490000002967,0.2562039999988084
16.111160000002968,0.2555359999988074
16.11283000000297,0.25486799999880727
16.11450000000297,0.25419999999880716
16.11617000000297,0.25353199999880704
16.11784000000297,0.25286399999880693
16.119510000002972,0.25219599999880593
16.121180000002973,0.2515279999988058
16.122850000002973,0.2508599999988057
16.124520000002974,0.2501919999988056
16.126190000002975,0.24952399999880548
16.127860000002975,0.24885599999880448
16.129530000002976,0.24818799999880437
16.131200000002977,0.24751999999880425
16.132870000002978,0.24685199999880414
16.13454000000298,0.24618399999880403
16.13621000000298,0.24551599999880303
16.13788000000298,0.2448479999988029
16.13955000000298,0.2441799999988028
16.14122000000298,0.2435119999988027
16.142890000002982,0.24284399999880257
16.144560000002983,0.24217599999880157
16.146230000002983,0.24150799999880146
16.147900000002984,0.24083999999880135
16.149570000002985,0.24017199999880123
16.151240000002986,0.23950399999880112
16.152910000002986,0.23883599999880012
16.154580000002987,0.2381679999988
16.156250000002988,0.2374999999987999
16.15792000000299,0.23683199999879978
16.15959000000299,0.23616399999879967
16.16126000000299,0.23549599999879867
16.16293000000299,0.23482799999879855
16.16460000000299,0.23415999999879844
16.166270000002992,0.23349199999879833
16.167940000002993,0.23282399999879821
16.169610000002994,0.2321559999987972
16.171280000002994,0.2314879999987971
16.172950000002995,0.230819999998797
16.174620000002996,0.23015199999879687
16.176290000002997,0.22948399999879676
16.177960000002997,0.22881599999879576
16.179630000002998,0.22814799999879565
16.181300000003,0.22747999999879553
16.182970000003,0.22681199999879542
16.184640000003,0.2261439999987953
16.186310000003,0.2254759999987943
16.187980000003,0.2248079999987942
16.189650000003002,0.22413999999879408
16.191320000003003,0.22347199999879397
16.192990000003004,0.22280399999879386
16.194660000003005,0.22213599999879285
16.196330000003005,0.22146799999879274
16.198000000003006,0.22079999999879263
16.199670000003007,0.22013199999879252
16.201340000003007,0.2194639999987924
16.203010000003008,0.2187959999987914
16.20468000000301,0.2181279999987913
16.20635000000301,0.21745999999879118
16.20802000000301,0.21679199999879106
16.20969000000301,0.21612399999879095
16.211360000003012,0.21545599999878995
16.213030000003013,0.21478799999878984
16.214700000003013,0.21411999999878972
16.216370000003014,0.2134519999987896
16.218040000003015,0.2127839999987895
16.219710000003015,0.2121159999987885
16.221380000003016,0.21144799999878838
16.223050000003017,0.21077999999878827
16.224720000003018,0.21011199999878816
16.22639000000302,0.20944399999878804
16.22806000000302,0.20877599999878704
16.22973000000302,0.20810799999878693
16.23140000000302,0.20743999999878682
16.23307000000302,0.2067719999987867
16.234740000003022,0.2061039999987857
16.236410000003023,0.2054359999987856
16.238080000003023,0.20476799999878548
16.239750000003024,0.20409999999878536
16.241420000003025,0.20343199999878525
16.243090000003026,0.20276399999878425
16.244760000003026,0.20209599999878414
16.246430000003027,0.20142799999878402
16.248100000003028,0.2007599999987839
16.24977000000303,0.2000919999987838
16.25144000000303,0.1994239999987828
16.25311000000303,0.19875599999878268
16.25478000000303,0.19808799999878257
16.25645000000303,0.19741999999878246
16.258120000003032,0.19675199999878235
16.259790000003033,0.19608399999878134
16.261460000003034,0.19541599999878123
16.263130000003034,0.19474799999878112
16.264800000003035,0.194079999998781
16.266470000003036,0.1934119999987809
16.268140000003037,0.1927439999987799
16.269810000003037,0.19207599999877978
16.271480000003038,0.19140799999877967
16.27315000000304,0.19073999999877955
16.27482000000304,0.19007199999877944
16.27649000000304,0.18940399999877844
16.27816000000304,0.18873599999877833
16.27983000000304,0.1880679999987782
16.281500000003042,0.1873999999987781
16.283170000003043,0.186731999998778
16.284840000003044,0.18606399999877699
16.286510000003044,0.18539599999877687
16.288180000003045,0.18472799999877676
16.289850000003046,0.18405999999877665
16.291520000003047,0.18339199999877653
16.293190000003047,0.18272399999877553
16.294860000003048,0.18205599999877542
16.29653000000305,0.1813879999987753
16.29820000000305,0.1807199999987752
16.29987000000305,0.18005199999877508
16.30154000000305,0.17938399999877408
16.30321000000305,0.17871599999877397
16.304880000003052,0.17804799999877385
16.306550000003053,0.17737999999877374
16.308220000003054,0.17671199999877363
16.309890000003055,0.17604399999877263
16.311560000003055,0.1753759999987725
16.313230000003056,0.1747079999987724
16.314900000003057,0.1740399999987723
16.316570000003058,0.17337199999877217
16.31824000000306,0.17270399999877117
16.31991000000306,0.17203599999877106
16.32158000000306,0.17136799999877095
16.32325000000306,0.17069999999877083
16.32492000000306,0.17003199999877072
16.326590000003062,0.16936399999876972
16.328260000003063,0.1686959999987696
16.329930000003063,0.1680279999987695
16.331600000003064,0.16735999999876938
16.333270000003065,0.16669199999876927
16.334940000003066,0.16602399999876827
16.336610000003066,0.16535599999876816
16.338280000003067,0.16468799999876804
16.339950000003068,0.16401999999876793
16.34162000000307,0.16335199999876782
16.34329000000307,0.16268399999876682
16.34496000000307,0.1620159999987667
16.34663000000307,0.1613479999987666
16.34830000000307,0.16067999999876648
16.349970000003072,0.16001199999876636
16.351640000003073,0.15934399999876536
16.353310000003074,0.15867599999876525
16.354980000003074,0.15800799999876514
16.356650000003075,0.15733999999876502
16.358320000003076,0.1566719999987649
16.359990000003076,0.1560039999987639
16.361660000003077,0.1553359999987638
16.363330000003078,0.15466799999876368
16.36500000000308,0.15399999999876357
16.36667000000308,0.15333199999876346
16.36834000000308,0.15266399999876246
16.37001000000308,0.15199599999876234
16.37168000000308,0.15132799999876223
16.373350000003082,0.15065999999876212
16.375020000003083,0.149991999998762
16.376690000003084,0.149323999998761
16.378360000003084,0.1486559999987609
16.380030000003085,0.14798799999876078
16.381700000003086,0.14731999999876066
16.383370000003087,0.14665199999876055
16.385040000003087,0.14598399999875955
16.386710000003088,0.14531599999875944
16.38838000000309,0.14464799999875932
16.39005000000309,0.1439799999987592
16.39172000000309,0.1433119999987591
16.39339000000309,0.1426439999987581
16.39506000000309,0.14197599999875798
16.396730000003092,0.14130799999875787
16.398400000003093,0.14063999999875776
16.400070000003094,0.13997199999875676
16.401740000003095,0.13930399999875576
16.403410000003095,0.13863599999875564
16.405080000003096,0.13796799999875553
16.406750000003097,0.13729999999875542
16.408420000003098,0.1366319999987553
16.4100900000031,0.1359639999987543
16.4117600000031,0.1352959999987542
16.4134300000031,0.13462799999875408
16.4151000000031,0.13395999999875396
16.4167700000031,0.13329199999875385
16.418440000003102,0.13262399999875285
16.420110000003103,0.13195599999875274
16.421780000003103,0.13128799999875262
16.423450000003104,0.1306199999987525
16.425120000003105,0.1299519999987524
16.426790000003106,0.1292839999987514
16.428460000003106,0.12861599999875128
16.430130000003107,0.12794799999875117
16.431800000003108,0.12727999999875106
16.43347000000311,0.12661199999875095
16.43514000000311,0.12594399999874994
16.43681000000311,0.12527599999874983
16.43848000000311,0.12460799999874972
16.44015000000311,0.1239399999987496
16.441820000003112,0.12327199999874949
16.443490000003113,0.12260399999874849
16.445160000003114,0.12193599999874838
16.446830000003114,0.12126799999874827
16.448500000003115,0.12059999999874815
16.450170000003116,0.11993199999874804
16.451840000003116,0.11926399999874704
16.453510000003117,0.11859599999874693
16.455180000003118,0.11792799999874681
16.45685000000312,0.1172599999987467
16.45852000000312,0.11659199999874659
16.46019000000312,0.11592399999874559
16.46186000000312,0.11525599999874547
16.46353000000312,0.11458799999874536
16.465200000003122,0.11391999999874525
16.466870000003123,0.11325199999874513
16.468540000003124,0.11258399999874413
16.470210000003124,0.11191599999874402
16.471880000003125,0.11124799999874391
16.473550000003126,0.1105799999987438
16.475220000003127,0.10991199999874368
16.476890000003127,0.10924399999874268
16.478560000003128,0.10857599999874257
16.48023000000313,0.10790799999874245
16.48190000000313,0.10723999999874234
16.48357000000313,0.10657199999874223
16.48524000000313,0.10590399999874123
16.48691000000313,0.10523599999874111
16.488580000003132,0.104567999998741
16.490250000003133,0.10389999999874089
16.491920000003134,0.10323199999874078
16.493590000003135,0.10256399999873977
16.495260000003135,0.10189599999873966
16.496930000003136,0.10122799999873955
16.498600000003137,0.10055999999873944
