TimeInc,Intensity
0.5,0.5
0.50167,0.5008349999999998
0.5033399999999999,0.50167
0.5050099999999998,0.502505
0.5066799999999998,0.5033399999999999
0.5083499999999997,0.5041749999999997
0.5100199999999997,0.5050099999999998
0.5116899999999996,0.5058449999999999
0.5133599999999996,0.5066799999999998
0.5150299999999995,0.5075149999999996
0.5166999999999995,0.5083499999999997
0.5183699999999994,0.5091849999999998
0.5200399999999994,0.5100199999999997
0.5217099999999993,0.5108549999999995
0.5233799999999993,0.5116899999999996
0.5250499999999992,0.5125249999999997
0.5267199999999992,0.5133599999999996
0.5283899999999991,0.5141949999999994
0.5300599999999991,0.5150299999999995
0.531729999999999,0.5158649999999996
0.533399999999999,0.5166999999999995
0.5350699999999989,0.5175349999999993
0.5367399999999989,0.5183699999999994
0.5384099999999988,0.5192049999999995
0.5400799999999988,0.5200399999999994
0.5417499999999987,0.5208749999999992
0.5434199999999987,0.5217099999999993
0.5450899999999986,0.5225449999999994
0.5467599999999986,0.5233799999999993
0.5484299999999985,0.5242149999999991
0.5500999999999985,0.5250499999999992
0.5517699999999984,0.5258849999999993
0.5534399999999984,0.5267199999999992
0.5551099999999983,0.527554999999999
0.5567799999999983,0.5283899999999991
0.5584499999999982,0.5292249999999992
0.5601199999999982,0.5300599999999991
0.5617899999999981,0.5308949999999989
0.5634599999999981,0.531729999999999
0.565129999999998,0.5325649999999991
0.566799999999998,0.533399999999999
0.5684699999999979,0.5342349999999988
0.5701399999999979,0.5350699999999989
0.5718099999999978,0.535904999999999
0.5734799999999978,0.5367399999999989
0.5751499999999977,0.5375749999999987
0.5768199999999977,0.5384099999999988
0.5784899999999976,0.5392449999999989
0.5801599999999976,0.5400799999999988
0.5818299999999975,0.5409149999999986
0.5834999999999975,0.5417499999999987
0.5851699999999974,0.5425849999999988
0.5868399999999974,0.5434199999999987
0.5885099999999973,0.5442549999999985
0.5901799999999973,0.5450899999999986
0.5918499999999972,0.5459249999999987
0.5935199999999972,0.5467599999999986
0.5951899999999971,0.5475949999999984
0.5968599999999971,0.5484299999999985
0.598529999999997,0.5492649999999986
0.600199999999997,0.5500999999999985
0.6018699999999969,0.5509349999999983
0.6035399999999969,0.5517699999999984
0.6052099999999968,0.5526049999999985
0.6068799999999968,0.5534399999999984
0.6085499999999967,0.5542749999999982
0.6102199999999967,0.5551099999999983
0.6118899999999966,0.5559449999999984
0.6135599999999966,0.5567799999999983
0.6152299999999965,0.5576149999999981
0.6168999999999965,0.5584499999999982
0.6185699999999964,0.5592849999999983
0.6202399999999963,0.5601199999999982
0.6219099999999963,0.560954999999998
0.6235799999999962,0.5617899999999981
0.6252499999999962,0.5626249999999982
0.6269199999999961,0.5634599999999981
0.6285899999999961,0.5642949999999979
0.630259999999996,0.565129999999998
0.631929999999996,0.565964999999998
0.6335999999999959,0.566799999999998
0.6352699999999959,0.5676349999999978
0.6369399999999958,0.5684699999999979
0.6386099999999958,0.569304999999998
0.6402799999999957,0.5701399999999979
0.6419499999999957,0.5709749999999977
0.6436199999999956,0.5718099999999978
0.6452899999999956,0.5726449999999979
0.6469599999999955,0.5734799999999977
0.6486299999999955,0.5743149999999975
0.6502999999999954,0.5751499999999976
0.6519699999999954,0.5759849999999976
0.6536399999999953,0.5768199999999976
0.6553099999999953,0.5776549999999974
0.6569799999999952,0.5784899999999975
0.6586499999999952,0.5793249999999975
0.6603199999999951,0.5801599999999975
0.6619899999999951,0.5809949999999973
0.663659999999995,0.5818299999999974
0.665329999999995,0.5826649999999974
0.6669999999999949,0.5834999999999974
0.6686699999999949,0.5843349999999972
0.6703399999999948,0.5851699999999973
0.6720099999999948,0.5860049999999973
0.6736799999999947,0.5868399999999973
0.6753499999999947,0.5876749999999971
0.6770199999999946,0.5885099999999972
0.6786899999999946,0.5893449999999972
0.6803599999999945,0.5901799999999972
0.6820299999999945,0.591014999999997
0.6836999999999944,0.5918499999999971
0.6853699999999944,0.5926849999999971
0.6870399999999943,0.593519999999997
0.6887099999999943,0.5943549999999969
0.6903799999999942,0.595189999999997
0.6920499999999942,0.596024999999997
0.6937199999999941,0.596859999999997
0.6953899999999941,0.5976949999999968
0.697059999999994,0.5985299999999969
0.698729999999994,0.5993649999999969
0.7003999999999939,0.6001999999999968
0.7020699999999939,0.6010349999999967
0.7037399999999938,0.6018699999999968
0.7054099999999938,0.6027049999999968
0.7070799999999937,0.6035399999999967
0.7087499999999937,0.6043749999999966
0.7104199999999936,0.6052099999999967
0.7120899999999936,0.6060449999999967
0.7137599999999935,0.6068799999999966
0.7154299999999935,0.6077149999999965
0.7170999999999934,0.6085499999999966
0.7187699999999934,0.6093849999999966
0.7204399999999933,0.6102199999999965
0.7221099999999933,0.6110549999999964
0.7237799999999932,0.6118899999999965
0.7254499999999932,0.6127249999999965
0.7271199999999931,0.6135599999999964
0.728789999999993,0.6143949999999962
0.730459999999993,0.6152299999999964
0.732129999999993,0.6160649999999964
0.7337999999999929,0.6168999999999963
0.7354699999999929,0.6177349999999961
0.7371399999999928,0.6185699999999963
0.7388099999999928,0.6194049999999963
0.7404799999999927,0.6202399999999962
0.7421499999999926,0.621074999999996
0.7438199999999926,0.6219099999999962
0.7454899999999925,0.6227449999999962
0.7471599999999925,0.6235799999999961
0.7488299999999924,0.624414999999996
0.7504999999999924,0.6252499999999961
0.7521699999999923,0.6260849999999961
0.7538399999999923,0.6269199999999959
0.7555099999999922,0.6277549999999957
0.7571799999999922,0.6285899999999959
0.7588499999999921,0.6294249999999959
0.7605199999999921,0.6302599999999958
0.762189999999992,0.6310949999999956
0.763859999999992,0.6319299999999958
0.7655299999999919,0.6327649999999958
0.7671999999999919,0.6335999999999957
0.7688699999999918,0.6344349999999955
0.7705399999999918,0.6352699999999957
0.7722099999999917,0.6361049999999957
0.7738799999999917,0.6369399999999956
0.7755499999999916,0.6377749999999954
0.7772199999999916,0.6386099999999956
0.7788899999999915,0.6394449999999956
0.7805599999999915,0.6402799999999955
0.7822299999999914,0.6411149999999953
0.7838999999999914,0.6419499999999955
0.7855699999999913,0.6427849999999955
0.7872399999999913,0.6436199999999954
0.7889099999999912,0.6444549999999952
0.7905799999999912,0.6452899999999954
0.7922499999999911,0.6461249999999954
0.7939199999999911,0.6469599999999953
0.795589999999991,0.6477949999999951
0.797259999999991,0.6486299999999952
0.7989299999999909,0.6494649999999953
0.8005999999999909,0.6502999999999952
0.8022699999999908,0.651134999999995
0.8039399999999908,0.651969999999995
0.8056099999999907,0.6528049999999952
0.8072799999999907,0.6536399999999951
0.8089499999999906,0.6544749999999949
0.8106199999999906,0.655309999999995
0.8122899999999905,0.6561449999999951
0.8139599999999905,0.656979999999995
0.8156299999999904,0.6578149999999948
0.8172999999999904,0.6586499999999949
0.8189699999999903,0.659484999999995
0.8206399999999903,0.6603199999999949
0.8223099999999902,0.6611549999999947
0.8239799999999902,0.6619899999999947
0.8256499999999901,0.6628249999999949
0.8273199999999901,0.6636599999999948
0.82898999999999,0.6644949999999946
0.83065999999999,0.6653299999999946
0.8323299999999899,0.6661649999999948
0.8339999999999899,0.6669999999999947
0.8356699999999898,0.6678349999999945
0.8373399999999898,0.6686699999999945
0.8390099999999897,0.6695049999999947
0.8406799999999897,0.6703399999999946
0.8423499999999896,0.6711749999999944
0.8440199999999896,0.6720099999999944
0.8456899999999895,0.6728449999999946
0.8473599999999895,0.6736799999999943
0.8490299999999894,0.6745149999999942
0.8506999999999894,0.6753499999999943
0.8523699999999893,0.6761849999999944
0.8540399999999893,0.6770199999999942
0.8557099999999892,0.6778549999999941
0.8573799999999892,0.6786899999999942
0.8590499999999891,0.6795249999999943
0.860719999999989,0.6803599999999941
0.862389999999989,0.681194999999994
0.864059999999989,0.6820299999999941
0.8657299999999889,0.6828649999999942
0.8673999999999888,0.683699999999994
0.8690699999999888,0.6845349999999939
0.8707399999999887,0.685369999999994
0.8724099999999887,0.6862049999999941
0.8740799999999886,0.6870399999999939
0.8757499999999886,0.6878749999999938
0.8774199999999885,0.6887099999999939
0.8790899999999885,0.689544999999994
0.8807599999999884,0.6903799999999938
0.8824299999999884,0.6912149999999937
0.8840999999999883,0.6920499999999938
0.8857699999999883,0.6928849999999939
0.8874399999999882,0.6937199999999937
0.8891099999999882,0.6945549999999936
0.8907799999999881,0.6953899999999937
0.8924499999999881,0.6962249999999938
0.894119999999988,0.6970599999999936
0.895789999999988,0.6978949999999935
0.8974599999999879,0.6987299999999936
0.8991299999999879,0.6995649999999937
0.9007999999999878,0.7003999999999935
0.9024699999999878,0.7012349999999934
0.9041399999999877,0.7020699999999935
0.9058099999999877,0.7029049999999936
0.9074799999999876,0.7037399999999934
0.9091499999999876,0.7045749999999933
0.9108199999999875,0.7054099999999934
0.9124899999999875,0.7062449999999935
0.9141599999999874,0.7070799999999933
0.9158299999999874,0.7079149999999932
0.9174999999999873,0.7087499999999933
0.9191699999999873,0.7095849999999934
0.9208399999999872,0.7104199999999932
0.9225099999999872,0.7112549999999931
0.9241799999999871,0.7120899999999932
0.9258499999999871,0.7129249999999933
0.927519999999987,0.7137599999999931
0.929189999999987,0.714594999999993
0.9308599999999869,0.7154299999999931
0.9325299999999869,0.7162649999999932
0.9341999999999868,0.717099999999993
0.9358699999999868,0.7179349999999929
0.9375399999999867,0.718769999999993
0.9392099999999867,0.7196049999999931
0.9408799999999866,0.7204399999999929
0.9425499999999866,0.7212749999999928
0.9442199999999865,0.7221099999999929
0.9458899999999865,0.722944999999993
0.9475599999999864,0.7237799999999928
0.9492299999999864,0.7246149999999927
0.9508999999999863,0.7254499999999928
0.9525699999999863,0.7262849999999929
0.9542399999999862,0.7271199999999927
0.9559099999999862,0.7279549999999926
0.9575799999999861,0.7287899999999927
0.9592499999999861,0.7296249999999928
0.960919999999986,0.7304599999999926
0.962589999999986,0.7312949999999925
0.9642599999999859,0.7321299999999926
0.9659299999999859,0.7329649999999927
0.9675999999999858,0.7337999999999925
0.9692699999999858,0.7346349999999924
0.9709399999999857,0.7354699999999925
0.9726099999999857,0.7363049999999925
0.9742799999999856,0.7371399999999924
0.9759499999999856,0.7379749999999923
0.9776199999999855,0.7388099999999924
0.9792899999999854,0.7396449999999924
0.9809599999999854,0.7404799999999923
0.9826299999999853,0.7413149999999922
0.9842999999999853,0.7421499999999923
0.9859699999999852,0.7429849999999923
0.9876399999999852,0.7438199999999923
0.9893099999999851,0.7446549999999921
0.9909799999999851,0.7454899999999922
0.992649999999985,0.7463249999999922
0.994319999999985,0.7471599999999922
0.9959899999999849,0.747994999999992
0.9976599999999849,0.7488299999999921
0.9993299999999848,0.7496649999999921
1.0009999999999848,0.7504999999999921
1.0026699999999849,0.7513349999999921
1.004339999999985,0.7521699999999921
1.006009999999985,0.7530049999999922
1.007679999999985,0.7538399999999922
1.009349999999985,0.7546749999999922
1.0110199999999852,0.7555099999999922
1.0126899999999852,0.7563449999999923
1.0143599999999853,0.7571799999999923
1.0160299999999853,0.7580149999999923
1.0176999999999854,0.7588499999999924
1.0193699999999855,0.7596849999999924
1.0210399999999855,0.7605199999999924
1.0227099999999856,0.7613549999999925
1.0243799999999856,0.7621899999999925
1.0260499999999857,0.7630249999999925
1.0277199999999858,0.7638599999999925
1.0293899999999858,0.7646949999999926
1.0310599999999859,0.7655299999999926
1.032729999999986,0.7663649999999926
1.034399999999986,0.7671999999999927
1.036069999999986,0.7680349999999927
1.0377399999999861,0.7688699999999927
1.0394099999999862,0.7697049999999928
1.0410799999999862,0.7705399999999928
1.0427499999999863,0.7713749999999928
1.0444199999999864,0.7722099999999928
1.0460899999999864,0.7730449999999929
1.0477599999999865,0.7738799999999929
1.0494299999999865,0.7747149999999929
1.0510999999999866,0.775549999999993
1.0527699999999867,0.776384999999993
1.0544399999999867,0.777219999999993
1.0561099999999868,0.7780549999999931
1.0577799999999868,0.7788899999999931
1.059449999999987,0.7797249999999931
1.061119999999987,0.7805599999999931
1.062789999999987,0.7813949999999932
1.064459999999987,0.7822299999999932
1.0661299999999871,0.7830649999999932
1.0677999999999872,0.7838999999999933
1.0694699999999873,0.7847349999999933
1.0711399999999873,0.7855699999999933
1.0728099999999874,0.7864049999999934
1.0744799999999874,0.7872399999999934
1.0761499999999875,0.7880749999999934
1.0778199999999876,0.7889099999999934
1.0794899999999876,0.7897449999999935
1.0811599999999877,0.7905799999999935
1.0828299999999877,0.7914149999999935
1.0844999999999878,0.7922499999999936
1.0861699999999879,0.7930849999999936
1.087839999999988,0.7939199999999936
1.089509999999988,0.7947549999999937
1.091179999999988,0.7955899999999937
1.092849999999988,0.7964249999999937
1.0945199999999882,0.7972599999999938
1.0961899999999882,0.7980949999999938
1.0978599999999883,0.7989299999999938
1.0995299999999884,0.7997649999999938
1.1011999999999884,0.8005999999999939
1.1028699999999885,0.8014349999999939
1.1045399999999885,0.8022699999999939
1.1062099999999886,0.803104999999994
1.1078799999999887,0.803939999999994
1.1095499999999887,0.804774999999994
1.1112199999999888,0.805609999999994
1.1128899999999888,0.8064449999999941
1.114559999999989,0.8072799999999941
1.116229999999989,0.8081149999999941
1.117899999999989,0.8089499999999942
1.119569999999989,0.8097849999999942
1.1212399999999891,0.8106199999999942
1.1229099999999892,0.8114549999999943
1.1245799999999893,0.8122899999999943
1.1262499999999893,0.8131249999999943
1.1279199999999894,0.8139599999999944
1.1295899999999894,0.8147949999999944
1.1312599999999895,0.8156299999999944
1.1329299999999896,0.8164649999999944
1.1345999999999896,0.8172999999999945
1.1362699999999897,0.8181349999999945
1.1379399999999897,0.8189699999999945
1.1396099999999898,0.8198049999999946
1.1412799999999899,0.8206399999999946
1.14294999999999,0.8214749999999946
1.14461999999999,0.8223099999999947
1.14628999999999,0.8231449999999947
1.14795999999999,0.8239799999999947
1.1496299999999902,0.8248149999999947
1.1512999999999902,0.8256499999999948
1.1529699999999903,0.8264849999999948
1.1546399999999903,0.8273199999999948
1.1563099999999904,0.8281549999999949
1.1579799999999905,0.8289899999999949
1.1596499999999905,0.8298249999999949
1.1613199999999906,0.830659999999995
1.1629899999999906,0.831494999999995
1.1646599999999907,0.832329999999995
1.1663299999999908,0.833164999999995
1.1679999999999908,0.8339999999999951
1.1696699999999909,0.8348349999999951
1.171339999999991,0.8356699999999951
1.173009999999991,0.8365049999999952
1.174679999999991,0.8373399999999952
1.1763499999999911,0.8381749999999952
1.1780199999999912,0.8390099999999953
1.1796899999999912,0.8398449999999953
1.1813599999999913,0.8406799999999953
1.1830299999999914,0.8415149999999954
1.1846999999999914,0.8423499999999954
1.1863699999999915,0.8431849999999954
1.1880399999999915,0.8440199999999954
1.1897099999999916,0.8448549999999955
1.1913799999999917,0.8456899999999955
1.1930499999999917,0.8465249999999955
1.1947199999999918,0.8473599999999956
1.1963899999999918,0.8481949999999956
1.198059999999992,0.8490299999999956
1.199729999999992,0.8498649999999957
1.201399999999992,0.8506999999999957
1.203069999999992,0.8515349999999957
1.2047399999999922,0.8523699999999957
1.2064099999999922,0.8532049999999958
1.2080799999999923,0.8540399999999958
1.2097499999999923,0.8548749999999958
1.2114199999999924,0.8557099999999959
1.2130899999999925,0.8565449999999959
1.2147599999999925,0.8573799999999959
1.2164299999999926,0.858214999999996
1.2180999999999926,0.859049999999996
1.2197699999999927,0.859884999999996
1.2214399999999928,0.860719999999996
1.2231099999999928,0.8615549999999961
1.2247799999999929,0.8623899999999961
1.226449999999993,0.8632249999999961
1.228119999999993,0.8640599999999962
1.229789999999993,0.8648949999999962
1.2314599999999931,0.8657299999999962
1.2331299999999932,0.8665649999999963
1.2347999999999932,0.8673999999999963
1.2364699999999933,0.8682349999999963
1.2381399999999934,0.8690699999999963
1.2398099999999934,0.8699049999999964
1.2414799999999935,0.8707399999999964
1.2431499999999935,0.8715749999999964
1.2448199999999936,0.8724099999999965
1.2464899999999937,0.8732449999999965
1.2481599999999937,0.8740799999999965
1.2498299999999938,0.8749149999999963
1.2514999999999938,0.8757499999999966
1.253169999999994,0.8765849999999964
1.254839999999994,0.8774199999999964
1.256509999999994,0.8782549999999965
1.258179999999994,0.8790899999999965
1.2598499999999941,0.8799249999999965
1.2615199999999942,0.8807599999999965
1.2631899999999943,0.8815949999999966
1.2648599999999943,0.8824299999999966
1.2665299999999944,0.8832649999999966
1.2681999999999944,0.8840999999999967
1.2698699999999945,0.8849349999999967
1.2715399999999946,0.8857699999999967
1.2732099999999946,0.8866049999999968
1.2748799999999947,0.8874399999999968
1.2765499999999947,0.8882749999999968
1.2782199999999948,0.8891099999999968
1.2798899999999949,0.8899449999999969
1.281559999999995,0.8907799999999969
1.283229999999995,0.8916149999999969
1.284899999999995,0.892449999999997
1.286569999999995,0.893284999999997
1.2882399999999952,0.894119999999997
1.2899099999999952,0.8949549999999971
1.2915799999999953,0.8957899999999971
1.2932499999999953,0.8966249999999971
1.2949199999999954,0.8974599999999971
1.2965899999999955,0.8982949999999972
1.2982599999999955,0.8991299999999972
1.2999299999999956,0.8999649999999972
1.3015999999999956,0.9007999999999973
1.3032699999999957,0.9016349999999973
1.3049399999999958,0.9024699999999973
1.3066099999999958,0.9033049999999974
1.308279999999996,0.9041399999999974
1.309949999999996,0.9049749999999974
1.311619999999996,0.9058099999999975
1.313289999999996,0.9066449999999975
1.3149599999999961,0.9074799999999975
1.3166299999999962,0.9083149999999975
1.3182999999999963,0.9091499999999976
1.3199699999999963,0.9099849999999976
1.3216399999999964,0.9108199999999976
1.3233099999999964,0.9116549999999977
1.3249799999999965,0.9124899999999977
1.3266499999999966,0.9133249999999977
1.3283199999999966,0.9141599999999978
1.3299899999999967,0.9149949999999978
1.3316599999999967,0.9158299999999978
1.3333299999999968,0.9166649999999978
1.3349999999999969,0.9174999999999979
1.336669999999997,0.9183349999999979
1.338339999999997,0.9191699999999979
1.340009999999997,0.920004999999998
1.341679999999997,0.920839999999998
1.3433499999999972,0.921674999999998
1.3450199999999972,0.922509999999998
1.3466899999999973,0.9233449999999981
1.3483599999999973,0.9241799999999981
1.3500299999999974,0.9250149999999981
1.3516999999999975,0.9258499999999982
1.3533699999999975,0.9266849999999982
1.3550399999999976,0.9275199999999982
1.3567099999999976,0.9283549999999983
1.3583799999999977,0.9291899999999983
1.3600499999999978,0.9300249999999983
1.3617199999999978,0.9308599999999984
1.3633899999999979,0.9316949999999984
1.365059999999998,0.9325299999999984
1.366729999999998,0.9333649999999984
1.368399999999998,0.9341999999999985
1.3700699999999981,0.9350349999999985
1.3717399999999982,0.9358699999999985
1.3734099999999982,0.9367049999999986
1.3750799999999983,0.9375399999999986
1.3767499999999984,0.9383749999999986
1.3784199999999984,0.9392099999999987
1.3800899999999985,0.9400449999999987
1.3817599999999985,0.9408799999999987
1.3834299999999986,0.9417149999999987
1.3850999999999987,0.9425499999999988
1.3867699999999987,0.9433849999999988
1.3884399999999988,0.9442199999999988
1.3901099999999988,0.9450549999999989
1.391779999999999,0.9458899999999989
1.393449999999999,0.9467249999999989
1.395119999999999,0.947559999999999
1.396789999999999,0.948394999999999
1.3984599999999991,0.949229999999999
1.4001299999999992,0.950064999999999
1.4017999999999993,0.9508999999999991
1.4034699999999993,0.9517349999999991
1.4051399999999994,0.9525699999999991
1.4068099999999994,0.9534049999999992
1.4084799999999995,0.9542399999999992
1.4101499999999996,0.9550749999999992
1.4118199999999996,0.9559099999999993
1.4134899999999997,0.9567449999999993
1.4151599999999998,0.9575799999999993
1.4168299999999998,0.9584149999999994
1.4184999999999999,0.9592499999999994
1.42017,0.9600849999999994
1.42184,0.9609199999999994
1.42351,0.9617549999999995
1.4251800000000001,0.9625899999999995
1.4268500000000002,0.9634249999999995
1.4285200000000002,0.9642599999999996
1.4301900000000003,0.9650949999999996
1.4318600000000004,0.9659299999999996
1.4335300000000004,0.9667649999999997
1.4352000000000005,0.9675999999999997
1.4368700000000005,0.9684349999999997
1.4385400000000006,0.9692699999999997
1.4402100000000007,0.9701049999999998
1.4418800000000007,0.9709399999999998
1.4435500000000008,0.9717749999999998
1.4452200000000008,0.9726099999999999
1.446890000000001,0.9734449999999999
1.448560000000001,0.9742799999999997
1.450230000000001,0.975115
1.451900000000001,0.9759499999999998
1.4535700000000011,0.9767849999999998
1.4552400000000012,0.9776199999999998
1.4569100000000013,0.9784549999999999
1.4585800000000013,0.9792899999999999
1.4602500000000014,0.9801249999999999
1.4619200000000014,0.9809599999999999
1.4635900000000015,0.981795
1.4652600000000016,0.98263
1.4669300000000016,0.983465
1.4686000000000017,0.9843000000000001
1.4702700000000017,0.9851350000000001
1.4719400000000018,0.9859700000000001
1.4736100000000019,0.9868050000000002
1.475280000000002,0.9876400000000002
1.476950000000002,0.9884750000000002
1.478620000000002,0.9893100000000002
1.480290000000002,0.9901450000000003
1.4819600000000022,0.9909800000000003
1.4836300000000022,0.9918150000000003
1.4853000000000023,0.9926500000000004
1.4869700000000023,0.9934850000000004
1.4886400000000024,0.9943200000000004
1.4903100000000025,0.9951550000000005
1.4919800000000025,0.9959900000000005
1.4936500000000026,0.9968250000000005
1.4953200000000026,0.9976600000000005
1.4969900000000027,0.9984950000000006
1.4986600000000028,0.9993300000000006
1.5003300000000028,1.000132256809338
1.5020000000000029,1.0008015564202335
1.503670000000003,1.001470856031129
1.505340000000003,1.0021401556420235
1.507010000000003,1.002809455252918
1.5086800000000031,1.0034787548638135
1.5103500000000032,1.0041480544747086
1.5120200000000033,1.0048173540856031
1.5136900000000033,1.0054866536964981
1.5153600000000034,1.0061559533073932
1.5170300000000034,1.0068252529182886
1.5187000000000035,1.0074945525291832
1.5203700000000036,1.0081638521400778
1.5220400000000036,1.0088331517509732
1.5237100000000037,1.0095024513618682
1.5253800000000037,1.0101717509727628
1.5270500000000038,1.0108410505836578
1.5287200000000039,1.0115103501945528
1.530390000000004,1.0121796498054483
1.532060000000004,1.0128489494163428
1.533730000000004,1.0135182490272374
1.535400000000004,1.0141875486381329
1.5370700000000042,1.0148568482490279
1.5387400000000042,1.015526147859923
1.5404100000000043,1.0161954474708175
1.5420800000000043,1.0168647470817125
1.5437500000000044,1.017534046692608
1.5454200000000045,1.0182033463035025
1.5470900000000045,1.018872645914397
1.5487600000000046,1.0195419455252925
1.5504300000000046,1.020211245136188
1.5521000000000047,1.0208805447470826
1.5537700000000048,1.0215498443579771
1.5554400000000048,1.0222191439688726
1.5571100000000049,1.0228884435797676
1.558780000000005,1.0235577431906622
1.560450000000005,1.0242270428015572
1.562120000000005,1.0248963424124522
1.5637900000000051,1.0255656420233477
1.5654600000000052,1.0262349416342422
1.5671300000000052,1.0269042412451368
1.5688000000000053,1.0275735408560323
1.5704700000000054,1.0282428404669273
1.5721400000000054,1.0289121400778223
1.5738100000000055,1.0295814396887168
1.5754800000000055,1.0302507392996119
1.5771500000000056,1.0309200389105073
1.5788200000000057,1.0315893385214019
1.5804900000000057,1.0322586381322965
1.5821600000000058,1.032927937743192
1.5838300000000058,1.033597237354087
1.585500000000006,1.034266536964982
1.587170000000006,1.0349358365758765
1.588840000000006,1.0356051361867715
1.590510000000006,1.036274435797667
1.5921800000000061,1.0369437354085616
1.5938500000000062,1.0376130350194561
1.5955200000000063,1.0382823346303516
1.5971900000000063,1.038951634241247
1.5988600000000064,1.0396209338521416
1.6005300000000064,1.0402902334630362
1.6022000000000065,1.0409595330739316
1.6038700000000066,1.0416288326848266
1.6055400000000066,1.0422981322957212
1.6072100000000067,1.0429674319066162
1.6088800000000067,1.0436367315175112
1.6105500000000068,1.0443060311284067
1.6122200000000069,1.0449753307393013
1.613890000000007,1.0456446303501958
1.615560000000007,1.0463139299610913
1.617230000000007,1.0469832295719863
1.6189000000000071,1.0476525291828813
1.6205700000000072,1.048321828793776
1.6222400000000072,1.048991128404671
1.6239100000000073,1.0496604280155664
1.6255800000000074,1.050329727626461
1.6272500000000074,1.0509990272373555
1.6289200000000075,1.051668326848251
1.6305900000000075,1.052337626459146
1.6322600000000076,1.053006926070041
1.6339300000000077,1.0536762256809356
1.6356000000000077,1.0543455252918306
1.6372700000000078,1.055014824902726
1.6389400000000078,1.0556841245136206
1.640610000000008,1.0563534241245152
1.642280000000008,1.0570227237354106
1.643950000000008,1.057692023346306
1.645620000000008,1.0583613229572006
1.6472900000000081,1.0590306225680952
1.6489600000000082,1.0596999221789907
1.6506300000000083,1.060369221789886
1.6523000000000083,1.0610385214007805
1.6539700000000084,1.0617078210116753
1.6556400000000084,1.0623771206225705
1.6573100000000085,1.0630464202334657
1.6589800000000086,1.0637157198443603
1.6606500000000086,1.064385019455255
1.6623200000000087,1.0650543190661503
1.6639900000000087,1.0657236186770456
1.6656600000000088,1.0663929182879401
1.6673300000000089,1.067062217898835
1.669000000000009,1.0677315175097302
1.670670000000009,1.0684008171206254
1.672340000000009,1.06907011673152
1.674010000000009,1.0697394163424148
1.6756800000000092,1.07040871595331
1.6773500000000092,1.0710780155642052
1.6790200000000093,1.0717473151750998
1.6806900000000093,1.0724166147859946
1.6823600000000094,1.0730859143968898
1.6840300000000095,1.073755214007785
1.6857000000000095,1.0744245136186796
1.6873700000000096,1.0750938132295744
1.6890400000000096,1.0757631128404697
1.6907100000000097,1.076432412451365
1.6923800000000098,1.0771017120622595
1.6940500000000098,1.0777710116731543
1.6957200000000099,1.0784403112840495
1.69739000000001,1.0791096108949447
1.69906000000001,1.0797789105058395
1.70073000000001,1.080448210116734
1.7024000000000101,1.0811175097276293
1.7040700000000102,1.0817868093385246
1.7057400000000102,1.0824561089494193
1.7074100000000103,1.083125408560314
1.7090800000000104,1.0837947081712092
1.7107500000000104,1.0844640077821044
1.7124200000000105,1.0851333073929992
1.7140900000000105,1.0858026070038937
1.7157600000000106,1.086471906614789
1.7174300000000107,1.0871412062256842
1.7191000000000107,1.087810505836579
1.7207700000000108,1.0884798054474736
1.7224400000000109,1.0891491050583688
1.724110000000011,1.089818404669264
1.725780000000011,1.0904877042801588
1.727450000000011,1.0911570038910534
1.729120000000011,1.0918263035019486
1.7307900000000112,1.0924956031128439
1.7324600000000112,1.0931649027237387
1.7341300000000113,1.0938342023346332
1.7358000000000113,1.0945035019455285
1.7374700000000114,1.0951728015564237
1.7391400000000115,1.0958421011673185
1.7408100000000115,1.096511400778213
1.7424800000000116,1.0971807003891083
1.7441500000000116,1.0978500000000038
1.7458200000000117,1.0985192996108983
1.7474900000000118,1.099188599221793
1.7491600000000118,1.0998578988326881
1.7508300000000119,1.1005271984435836
1.752500000000012,1.1011964980544782
1.754170000000012,1.101865797665373
1.755840000000012,1.1025350972762684
1.7575100000000121,1.1032043968871634
1.7591800000000122,1.103873696498058
1.7608500000000122,1.1045429961089526
1.7625200000000123,1.105212295719848
1.7641900000000124,1.1058815953307435
1.7658600000000124,1.106550894941638
1.7675300000000125,1.1072201945525326
1.7692000000000125,1.107889494163428
1.7708700000000126,1.108558793774323
1.7725400000000127,1.1092280933852177
1.7742100000000127,1.1098973929961122
1.7758800000000128,1.1105666926070077
1.7775500000000128,1.1112359922179031
1.779220000000013,1.1119052918287977
1.780890000000013,1.1125745914396923
1.782560000000013,1.1132438910505877
1.784230000000013,1.1139131906614828
1.7859000000000131,1.1145824902723778
1.7875700000000132,1.115251789883272
1.7892400000000133,1.1159210894941674
1.7909100000000133,1.1165903891050624
1.7925800000000134,1.1172596887159574
1.7942500000000134,1.117928988326852
1.7959200000000135,1.1185982879377474
1.7975900000000136,1.1192675875486424
1.7992600000000136,1.1199368871595374
1.8009300000000137,1.1206061867704316
1.8026000000000137,1.1212754863813275
1.8042700000000138,1.1219447859922225
1.8059400000000139,1.122614085603117
1.807610000000014,1.1232833852140116
1.809280000000014,1.123952684824907
1.810950000000014,1.124621984435802
1.812620000000014,1.125291284046697
1.8142900000000142,1.1259605836575917
1.8159600000000142,1.1266298832684871
1.8176300000000143,1.1272991828793821
1.8193000000000144,1.1279684824902767
1.8209700000000144,1.1286377821011713
1.8226400000000145,1.1293070817120667
1.8243100000000145,1.1299763813229617
1.8259800000000146,1.1306456809338568
1.8276500000000147,1.1313149805447513
1.8293200000000147,1.1319842801556468
1.8309900000000148,1.1326535797665418
1.8326600000000148,1.1333228793774368
1.834330000000015,1.133992178988331
1.836000000000015,1.1346614785992264
1.837670000000015,1.1353307782101218
1.839340000000015,1.1360000778210164
1.8410100000000151,1.136669377431911
1.8426800000000152,1.1373386770428064
1.8443500000000153,1.1380079766537015
1.8460200000000153,1.1386772762645965
1.8476900000000154,1.1393465758754908
1.8493600000000154,1.1400158754863865
1.8510300000000155,1.1406851750972817
1.8527000000000156,1.141354474708176
1.8543700000000156,1.1420237743190709
1.8560400000000157,1.142693073929966
1.8577100000000157,1.1433623735408613
1.8593800000000158,1.1440316731517561
1.8610500000000159,1.144700972762651
1.862720000000016,1.1453702723735462
1.864390000000016,1.1460395719844414
1.866060000000016,1.1467088715953362
1.867730000000016,1.1473781712062305
1.8694000000000162,1.1480474708171258
1.8710700000000162,1.148716770428021
1.8727400000000163,1.1493860700389158
1.8744100000000163,1.1500553696498106
1.8760800000000164,1.1507246692607058
1.8777500000000165,1.151393968871601
1.8794200000000165,1.1520632684824959
1.8810900000000166,1.1527325680933902
1.8827600000000166,1.1534018677042854
1.8844300000000167,1.1540711673151811
1.8861000000000168,1.1547404669260755
1.8877700000000168,1.1554097665369703
1.8894400000000169,1.1560790661478655
1.891110000000017,1.1567483657587607
1.892780000000017,1.1574176653696555
1.894450000000017,1.1580869649805503
1.8961200000000171,1.1587562645914455
1.8977900000000172,1.1594255642023408
1.8994600000000172,1.1600948638132351
1.9011300000000173,1.16076416342413
1.9028000000000174,1.1614334630350251
1.9044700000000174,1.1621027626459204
1.9061400000000175,1.1627720622568152
1.9078100000000175,1.16344136186771
1.9094800000000176,1.1641106614786052
1.9111500000000177,1.1647799610895004
1.9128200000000177,1.1654492607003952
1.9144900000000178,1.1661185603112896
1.9161600000000178,1.1667878599221848
1.917830000000018,1.16745715953308
1.919500000000018,1.1681264591439748
1.921170000000018,1.1687957587548696
1.922840000000018,1.1694650583657649
1.9245100000000182,1.17013435797666
1.9261800000000182,1.170803657587555
1.9278500000000183,1.1714729571984492
1.9295200000000183,1.1721358139534943
1.9311900000000184,1.1727960465116343
1.9328600000000185,1.1734562790697733
1.9345300000000185,1.1741165116279129
1.9362000000000186,1.1747767441860528
1.9378700000000186,1.1754369767441923
1.9395400000000187,1.1760972093023319
1.9412100000000188,1.176757441860471
1.9428800000000188,1.177417674418611
1.9445500000000189,1.1780779069767509
1.946220000000019,1.17873813953489
1.947890000000019,1.1793983720930294
1.949560000000019,1.180058604651169
1.9512300000000191,1.180718837209309
1.9529000000000192,1.1813790697674484
1.9545700000000192,1.1820393023255875
1.9562400000000193,1.1826995348837275
1.9579100000000194,1.1833597674418674
1.9595800000000194,1.1840200000000065
1.9612500000000195,1.1846802325581456
1.9629200000000195,1.1853404651162855
1.9645900000000196,1.1860006976744255
1.9662600000000197,1.1866609302325646
1.9679300000000197,1.187321162790704
1.9696000000000198,1.1879813953488436
1.9712700000000198,1.1886416279069836
1.97294000000002,1.189301860465123
1.97461000000002,1.1899620930232622
1.97628000000002,1.1906223255814021
1.97795000000002,1.191282558139542
1.9796200000000201,1.1919427906976812
1.9812900000000202,1.1926030232558202
1.9829600000000203,1.1932632558139602
1.9846300000000203,1.1939234883721002
1.9863000000000204,1.1945837209302392
1.9879700000000204,1.1952439534883788
1.9896400000000205,1.1959041860465187
1.9913100000000206,1.1965644186046582
1.9929800000000206,1.1972246511627977
1.9946500000000207,1.1978848837209368
1.9963200000000207,1.1985451162790768
1.9979900000000208,1.1992053488372167
1.9996600000000209,1.1998655813953558
2.0013300000000207,1.2005330350194625
2.0030000000000205,1.201202334630357
2.0046700000000204,1.201871634241252
2.00634000000002,1.202540933852147
2.00801000000002,1.2032102334630417
2.00968000000002,1.2038795330739367
2.0113500000000197,1.2045488326848317
2.0130200000000196,1.2052181322957263
2.0146900000000194,1.2058874319066213
2.0163600000000192,1.2065567315175163
2.018030000000019,1.2072260311284109
2.019700000000019,1.2078953307393059
2.0213700000000188,1.208564630350201
2.0230400000000186,1.209233929961096
2.0247100000000184,1.2099032295719905
2.0263800000000183,1.2105725291828855
2.028050000000018,1.2112418287937805
2.029720000000018,1.211911128404675
2.031390000000018,1.21258042801557
2.0330600000000176,1.213249727626465
2.0347300000000175,1.2139190272373597
2.0364000000000173,1.2145883268482547
2.038070000000017,1.2152576264591497
2.039740000000017,1.2159269260700443
2.041410000000017,1.2165962256809393
2.0430800000000167,1.2172655252918343
2.0447500000000165,1.2179348249027293
2.0464200000000163,1.2186041245136239
2.048090000000016,1.219273424124519
2.049760000000016,1.219942723735414
2.051430000000016,1.2206120233463085
2.0531000000000157,1.2212813229572035
2.0547700000000155,1.2219506225680985
2.0564400000000154,1.222619922178993
2.058110000000015,1.223289221789888
2.059780000000015,1.223958521400783
2.061450000000015,1.224627821011678
2.0631200000000147,1.2252971206225727
2.0647900000000146,1.2259664202334677
2.0664600000000144,1.2266357198443627
2.0681300000000142,1.2273050194552573
2.069800000000014,1.2279743190661523
2.071470000000014,1.2286436186770473
2.0731400000000137,1.2293129182879419
2.0748100000000136,1.2299822178988369
2.0764800000000134,1.230651517509732
2.0781500000000133,1.2313208171206265
2.079820000000013,1.2319901167315215
2.081490000000013,1.2326594163424165
2.083160000000013,1.233328715953311
2.0848300000000126,1.233998015564206
2.0865000000000125,1.234667315175101
2.0881700000000123,1.235336614785996
2.089840000000012,1.2360059143968907
2.091510000000012,1.2366752140077857
2.093180000000012,1.2373445136186807
2.0948500000000116,1.2380138132295753
2.0965200000000115,1.2386831128404703
2.0981900000000113,1.2393524124513653
2.099860000000011,1.2400217120622599
2.101530000000011,1.2406910116731549
2.103200000000011,1.2413603112840499
2.1048700000000107,1.242029610894945
2.1065400000000105,1.2426989105058395
2.1082100000000104,1.2433682101167345
2.10988000000001,1.2440375097276295
2.11155000000001,1.244706809338524
2.11322000000001,1.245376108949419
2.1148900000000097,1.246045408560314
2.1165600000000095,1.2467147081712087
2.1182300000000094,1.2473840077821037
2.119900000000009,1.2480533073929987
2.121570000000009,1.2487226070038933
2.123240000000009,1.2493919066147883
2.1249100000000087,1.2500612062256833
2.1265800000000086,1.2507305058365779
2.1282500000000084,1.2513998054474729
2.1299200000000083,1.2520691050583679
2.131590000000008,1.252738404669263
2.133260000000008,1.2534077042801575
2.1349300000000078,1.2540770038910525
2.1366000000000076,1.2547463035019475
2.1382700000000074,1.255415603112842
2.1399400000000073,1.256084902723737
2.141610000000007,1.256754202334632
2.143280000000007,1.2574235019455267
2.144950000000007,1.2580928015564217
2.1466200000000066,1.2587621011673167
2.1482900000000065,1.2594314007782113
2.1499600000000063,1.2601007003891063
2.151630000000006,1.2607700000000013
2.153300000000006,1.2614392996108958
2.154970000000006,1.2621085992217909
2.1566400000000057,1.2627778988326859
2.1583100000000055,1.2634471984435804
2.1599800000000053,1.2641164980544755
2.161650000000005,1.2647857976653705
2.163320000000005,1.265455097276265
2.164990000000005,1.26612439688716
2.1666600000000047,1.266793696498055
2.1683300000000045,1.2674629961089496
2.1700000000000044,1.2681322957198446
2.171670000000004,1.2688015953307397
2.173340000000004,1.2694708949416342
2.175010000000004,1.2701401945525292
2.1766800000000037,1.2708094941634243
2.1783500000000036,1.2714787937743193
2.1800200000000034,1.2721480933852138
2.1816900000000032,1.2728173929961089
2.183360000000003,1.2734866926070039
2.185030000000003,1.2741559922178984
2.1867000000000028,1.2748252918287934
2.1883700000000026,1.2754945914396885
2.1900400000000024,1.276163891050583
2.1917100000000023,1.276833190661478
2.193380000000002,1.277502490272373
2.195050000000002,1.2781717898832676
2.196720000000002,1.2788410894941626
2.1983900000000016,1.2795103891050577
2.2000600000000015,1.2801796887159522
2.2017300000000013,1.2808489883268472
2.203400000000001,1.2815182879377423
2.205070000000001,1.2821875875486368
2.206740000000001,1.2828568871595318
2.2084100000000007,1.2835261867704268
2.2100800000000005,1.2841954863813214
2.2117500000000003,1.2848647859922164
2.21342,1.2855340856031114
2.21509,1.286203385214006
2.21676,1.286872684824901
2.2184299999999997,1.287541984435796
2.2200999999999995,1.2882112840466906
2.2217699999999994,1.2888805836575856
2.223439999999999,1.2895498832684806
2.225109999999999,1.2902191828793752
2.226779999999999,1.2908884824902702
2.2284499999999987,1.2915577821011652
2.2301199999999985,1.2922270817120598
2.2317899999999984,1.2928963813229548
2.2334599999999982,1.2935656809338498
2.235129999999998,1.2942349805447448
2.236799999999998,1.2949042801556394
2.2384699999999977,1.2955735797665344
2.2401399999999976,1.2962428793774294
2.2418099999999974,1.296912178988324
2.2434799999999973,1.297581478599219
2.245149999999997,1.298250778210114
2.246819999999997,1.2989200778210086
2.2484899999999968,1.2995893774319036
2.2501599999999966,1.3002586770427986
2.2518299999999964,1.3009279766536939
2.2534999999999963,1.3015972762645884
2.255169999999996,1.3022665758754834
2.256839999999996,1.3029358754863785
2.258509999999996,1.303605175097273
2.2601799999999956,1.304274474708168
2.2618499999999955,1.304943774319063
2.2635199999999953,1.3056130739299576
2.265189999999995,1.3062823735408526
2.266859999999995,1.3069516731517477
2.268529999999995,1.3076209727626422
2.2701999999999947,1.3082902723735372
2.2718699999999945,1.3089595719844322
2.2735399999999943,1.3096288715953268
2.275209999999994,1.3102981712062218
2.276879999999994,1.3109674708171168
2.278549999999994,1.3116367704280119
2.2802199999999937,1.3123060700389064
2.2818899999999935,1.3129753696498014
2.2835599999999934,1.3136446692606965
2.285229999999993,1.314313968871591
2.286899999999993,1.314983268482486
2.288569999999993,1.315652568093381
2.2902399999999927,1.3163218677042756
2.2919099999999926,1.3169911673151706
2.2935799999999924,1.3176604669260656
2.2952499999999922,1.3183297665369607
2.296919999999992,1.3189990661478552
2.298589999999992,1.3196683657587502
2.3002599999999918,1.3203376653696453
2.3019299999999916,1.3210069649805398
2.3035999999999914,1.3216762645914348
2.3052699999999913,1.3223455642023298
2.306939999999991,1.3230148638132244
2.308609999999991,1.3236841634241194
2.310279999999991,1.3243534630350144
2.3119499999999906,1.325022762645909
2.3136199999999905,1.325692062256804
2.3152899999999903,1.326361361867699
2.31695999999999,1.327030661478594
2.31862999999999,1.3276999610894886
2.32029999999999,1.3283692607003836
2.3219699999999897,1.3290385603112786
2.3236399999999895,1.3297078599221732
2.3253099999999893,1.3303771595330682
2.326979999999989,1.3310464591439632
2.328649999999989,1.3317157587548578
2.330319999999989,1.3323850583657528
2.3319899999999887,1.3330543579766478
2.3336599999999885,1.3337236575875424
2.3353299999999884,1.3343929571984374
2.336999999999988,1.3350622568093324
2.338669999999988,1.3357315564202275
2.340339999999988,1.336400856031122
2.3420099999999877,1.337070155642017
2.3436799999999876,1.337739455252912
2.3453499999999874,1.3384087548638066
2.3470199999999872,1.3390780544747016
2.348689999999987,1.3397473540855966
2.350359999999987,1.3404166536964912
2.3520299999999867,1.3410859533073862
2.3536999999999866,1.3417552529182812
2.3553699999999864,1.3424245525291758
2.3570399999999863,1.3430938521400708
2.358709999999986,1.3437631517509658
2.360379999999986,1.3444324513618608
2.3620499999999858,1.3451017509727554
2.3637199999999856,1.3457710505836504
2.3653899999999854,1.3464403501945454
2.3670599999999853,1.34710964980544
2.368729999999985,1.347778949416335
2.370399999999985,1.34844824902723
2.372069999999985,1.3491175486381246
2.3737399999999846,1.3497868482490196
2.3754099999999845,1.3504561478599146
2.3770799999999843,1.3511254474708092
2.378749999999984,1.3517947470817042
2.380419999999984,1.3524640466925992
2.382089999999984,1.3531333463034942
2.3837599999999837,1.3538026459143888
2.3854299999999835,1.3544719455252838
2.3870999999999833,1.3551412451361788
2.388769999999983,1.3558105447470734
2.390439999999983,1.3564798443579684
2.392109999999983,1.3571491439688634
2.3937799999999827,1.357818443579758
2.3954499999999825,1.358487743190653
2.3971199999999824,1.359157042801548
2.398789999999982,1.3598263424124426
2.400459999999982,1.3604956420233376
2.402129999999982,1.3611649416342326
2.4037999999999817,1.3618342412451276
2.4054699999999816,1.3625035408560222
2.4071399999999814,1.3631728404669172
2.4088099999999812,1.3638421400778122
2.410479999999981,1.3645114396887068
2.412149999999981,1.3651807392996018
2.4138199999999808,1.3658500389104968
2.4154899999999806,1.3665193385213914
2.4171599999999804,1.3671886381322864
2.4188299999999803,1.3678579377431814
2.42049999999998,1.3685272373540764
2.42216999999998,1.369196536964971
2.42383999999998,1.369865836575866
2.4255099999999796,1.370535136186761
2.4271799999999795,1.3712044357976556
2.4288499999999793,1.3718709302325485
2.430519999999979,1.3725311627906882
2.432189999999979,1.3731913953488275
2.433859999999979,1.3738516279069668
2.4355299999999787,1.3745118604651065
2.4371999999999785,1.3751720930232458
2.4388699999999783,1.3758323255813856
2.440539999999978,1.3764925581395249
2.442209999999978,1.3771527906976642
2.443879999999978,1.377813023255804
2.4455499999999777,1.3784732558139432
2.4472199999999775,1.379133488372083
2.4488899999999774,1.3797937209302225
2.450559999999977,1.3804539534883618
2.452229999999977,1.3811141860465015
2.453899999999977,1.3817744186046408
2.4555699999999767,1.38243465116278
2.4572399999999766,1.3830948837209198
2.4589099999999764,1.3837551162790591
2.4605799999999762,1.3844153488371989
2.462249999999976,1.3850755813953382
2.463919999999976,1.3857358139534774
2.4655899999999757,1.3863960465116172
2.4672599999999756,1.3870562790697565
2.4689299999999754,1.3877165116278962
2.4705999999999753,1.3883767441860355
2.472269999999975,1.3890369767441748
2.473939999999975,1.3896972093023146
2.4756099999999748,1.3903574418604538
2.4772799999999746,1.3910176744185936
2.4789499999999745,1.3916779069767329
2.4806199999999743,1.3923381395348722
2.482289999999974,1.392998372093012
2.483959999999974,1.3936586046511512
2.485629999999974,1.394318837209291
2.4872999999999736,1.3949790697674302
2.4889699999999735,1.3956393023255695
2.4906399999999733,1.3962995348837093
2.492309999999973,1.3969597674418486
2.493979999999973,1.3976199999999879
2.495649999999973,1.3982802325581276
2.4973199999999727,1.398940465116267
2.4989899999999725,1.3996006976744066
2.5006599999999723,1.3999999999999992
2.502329999999972,1.399999999999999
2.503999999999972,1.399999999999999
2.505669999999972,1.3999999999999992
2.5073399999999717,1.399999999999999
2.5090099999999715,1.399999999999999
2.5106799999999714,1.3999999999999992
2.512349999999971,1.3999999999999988
2.514019999999971,1.399999999999999
2.515689999999971,1.3999999999999992
2.5173599999999707,1.3999999999999988
2.5190299999999706,1.399999999999999
2.5206999999999704,1.3999999999999992
2.5223699999999702,1.3999999999999988
2.52403999999997,1.399999999999999
2.52570999999997,1.399999999999999
2.5273799999999698,1.3999999999999988
2.5290499999999696,1.399999999999999
2.5307199999999694,1.399999999999999
2.5323899999999693,1.3999999999999988
2.534059999999969,1.3999999999999988
2.535729999999969,1.399999999999999
2.537399999999969,1.3999999999999988
2.5390699999999686,1.3999999999999988
2.5407399999999685,1.399999999999999
2.5424099999999683,1.3999999999999986
2.544079999999968,1.3999999999999988
2.545749999999968,1.399999999999999
2.547419999999968,1.3999999999999986
2.5490899999999677,1.3999999999999988
2.5507599999999675,1.399999999999999
2.5524299999999673,1.3999999999999986
2.554099999999967,1.3999999999999988
2.555769999999967,1.3999999999999988
2.557439999999967,1.3999999999999986
2.5591099999999667,1.3999999999999988
2.5607799999999665,1.3999999999999988
2.5624499999999664,1.3999999999999986
2.564119999999966,1.3999999999999986
2.565789999999966,1.3999999999999988
2.567459999999966,1.3999999999999986
2.5691299999999657,1.3999999999999986
2.5707999999999656,1.3999999999999988
2.5724699999999654,1.3999999999999986
2.5741399999999652,1.3999999999999986
2.575809999999965,1.3999999999999988
2.577479999999965,1.3999999999999988
2.5791499999999647,1.3999999999999986
2.5808199999999646,1.3999999999999988
2.5824899999999644,1.3999999999999988
2.5841599999999643,1.3999999999999986
2.585829999999964,1.3999999999999986
2.587499999999964,1.3999999999999988
2.589169999999964,1.3999999999999986
2.5908399999999636,1.3999999999999986
2.5925099999999635,1.3999999999999988
2.5941799999999633,1.3999999999999986
2.595849999999963,1.3999999999999986
2.597519999999963,1.3999999999999988
2.599189999999963,1.3999999999999988
2.6008599999999626,1.3999999999999986
2.6025299999999625,1.3999999999999988
2.6041999999999623,1.3999999999999988
2.605869999999962,1.3999999999999986
2.607539999999962,1.3999999999999986
2.609209999999962,1.3999999999999988
2.6108799999999617,1.3999999999999986
2.6125499999999615,1.3999999999999986
2.6142199999999614,1.3999999999999988
2.615889999999961,1.3999999999999986
2.617559999999961,1.3999999999999986
2.619229999999961,1.3999999999999988
2.6208999999999607,1.3999999999999988
2.6225699999999605,1.3999999999999986
2.6242399999999604,1.3999999999999988
2.62590999999996,1.3999999999999988
2.62757999999996,1.3999999999999986
2.62924999999996,1.3999999999999986
2.6309199999999597,1.3999999999999988
2.6325899999999596,1.3999999999999986
2.6342599999999594,1.3999999999999986
2.6359299999999593,1.3999999999999988
2.637599999999959,1.3999999999999986
2.639269999999959,1.3999999999999986
2.6409399999999588,1.3999999999999988
2.6426099999999586,1.3999999999999988
2.6442799999999584,1.3999999999999986
2.6459499999999583,1.3999999999999988
2.647619999999958,1.3999999999999988
2.649289999999958,1.3999999999999986
2.650959999999958,1.3999999999999988
2.6526299999999576,1.3999999999999988
2.6542999999999575,1.3999999999999986
2.6559699999999573,1.3999999999999986
2.657639999999957,1.3999999999999988
2.659309999999957,1.3999999999999986
2.660979999999957,1.3999999999999986
2.6626499999999567,1.3999999999999988
2.6643199999999565,1.399999999999999
2.6659899999999563,1.3999999999999986
2.667659999999956,1.3999999999999988
2.669329999999956,1.399999999999999
2.670999999999956,1.3999999999999986
2.6726699999999557,1.3999999999999988
2.6743399999999555,1.3999999999999988
2.6760099999999554,1.3999999999999986
2.677679999999955,1.3999999999999988
2.679349999999955,1.3999999999999988
2.681019999999955,1.3999999999999986
2.6826899999999547,1.3999999999999988
2.6843599999999546,1.3999999999999988
2.6860299999999544,1.399999999999999
2.6876999999999542,1.3999999999999988
2.689369999999954,1.3999999999999988
2.691039999999954,1.399999999999999
2.6927099999999538,1.3999999999999986
2.6943799999999536,1.3999999999999988
2.6960499999999534,1.399999999999999
2.6977199999999533,1.3999999999999986
2.699389999999953,1.3999999999999988
2.701059999999953,1.399999999999999
2.702729999999953,1.3999999999999986
2.7043999999999526,1.3999999999999988
2.7060699999999525,1.399999999999999
2.7077399999999523,1.399999999999999
2.709409999999952,1.3999999999999988
2.711079999999952,1.3999999999999988
2.712749999999952,1.399999999999999
2.7144199999999516,1.3999999999999988
2.7160899999999515,1.3999999999999988
2.7177599999999513,1.399999999999999
2.719429999999951,1.3999999999999988
2.721099999999951,1.3999999999999988
2.722769999999951,1.399999999999999
2.7244399999999507,1.3999999999999988
2.7261099999999505,1.3999999999999988
2.7277799999999504,1.399999999999999
2.72944999999995,1.399999999999999
2.73111999999995,1.3999999999999988
2.73278999999995,1.399999999999999
2.7344599999999497,1.399999999999999
2.7361299999999495,1.3999999999999988
2.7377999999999494,1.399999999999999
2.7394699999999492,1.399999999999999
2.741139999999949,1.3999999999999988
2.742809999999949,1.399999999999999
2.7444799999999487,1.399999999999999
2.7461499999999486,1.3999999999999992
2.7478199999999484,1.3999999999999988
2.7494899999999483,1.399999999999999
2.751159999999948,1.3999999999999992
2.752829999999948,1.3999999999999988
2.7544999999999478,1.399999999999999
2.7561699999999476,1.3999999999999992
2.7578399999999474,1.3999999999999988
2.7595099999999473,1.399999999999999
2.761179999999947,1.3999999999999992
2.762849999999947,1.3999999999999988
2.764519999999947,1.399999999999999
2.7661899999999466,1.399999999999999
2.7678599999999465,1.3999999999999988
2.7695299999999463,1.399999999999999
2.771199999999946,1.399999999999999
2.772869999999946,1.3999999999999992
2.774539999999946,1.399999999999999
2.7762099999999457,1.399999999999999
2.7778799999999455,1.3999999999999992
2.7795499999999453,1.399999999999999
2.781219999999945,1.399999999999999
2.782889999999945,1.3999999999999992
2.784559999999945,1.399999999999999
2.7862299999999447,1.399999999999999
2.7878999999999445,1.399999999999999
2.7895699999999444,1.3999999999999995
2.791239999999944,1.399999999999999
2.792909999999944,1.399999999999999
2.794579999999944,1.3999999999999995
2.7962499999999437,1.399999999999999
2.7979199999999436,1.399999999999999
2.7995899999999434,1.3999999999999995
2.8012599999999432,1.399999999999999
2.802929999999943,1.399999999999999
2.804599999999943,1.399999999999999
2.8062699999999428,1.399999999999999
2.8079399999999426,1.399999999999999
2.8096099999999424,1.399999999999999
2.8112799999999423,1.3999999999999995
2.812949999999942,1.399999999999999
2.814619999999942,1.399999999999999
2.816289999999942,1.3999999999999995
2.8179599999999416,1.399999999999999
2.8196299999999415,1.399999999999999
2.8212999999999413,1.3999999999999995
2.822969999999941,1.399999999999999
2.824639999999941,1.399999999999999
2.826309999999941,1.399999999999999
2.8279799999999407,1.399999999999999
2.8296499999999405,1.399999999999999
2.8313199999999403,1.399999999999999
2.83298999999994,1.3999999999999995
2.83465999999994,1.399999999999999
2.83632999999994,1.399999999999999
2.8379999999999397,1.3999999999999995
2.8396699999999395,1.399999999999999
2.8413399999999394,1.399999999999999
2.843009999999939,1.3999999999999995
2.844679999999939,1.399999999999999
2.846349999999939,1.399999999999999
2.8480199999999387,1.399999999999999
2.8496899999999385,1.399999999999999
2.8513599999999384,1.399999999999999
2.8530299999999382,1.399999999999999
2.854699999999938,1.3999999999999995
2.856369999999938,1.399999999999999
2.8580399999999377,1.399999999999999
2.8597099999999376,1.3999999999999995
2.8613799999999374,1.399999999999999
2.8630499999999373,1.399999999999999
2.864719999999937,1.399999999999999
2.866389999999937,1.399999999999999
2.8680599999999368,1.399999999999999
2.8697299999999366,1.399999999999999
2.8713999999999364,1.399999999999999
2.8730699999999363,1.399999999999999
2.874739999999936,1.399999999999999
2.876409999999936,1.399999999999999
2.878079999999936,1.399999999999999
2.8797499999999356,1.399999999999999
2.8814199999999355,1.399999999999999
2.8830899999999353,1.399999999999999
2.884759999999935,1.399999999999999
2.886429999999935,1.3999999999999986
2.888099999999935,1.399999999999999
2.8897699999999347,1.399999999999999
2.8914399999999345,1.3999999999999986
2.8931099999999343,1.399999999999999
2.894779999999934,1.399999999999999
2.896449999999934,1.3999999999999986
2.898119999999934,1.399999999999999
2.8997899999999337,1.399999999999999
2.9014599999999335,1.3999999999999986
2.9031299999999334,1.399999999999999
2.904799999999933,1.399999999999999
2.906469999999933,1.3999999999999986
2.908139999999933,1.3999999999999986
2.9098099999999327,1.399999999999999
2.9114799999999326,1.3999999999999986
2.9131499999999324,1.3999999999999986
2.9148199999999322,1.399999999999999
2.916489999999932,1.3999999999999986
2.918159999999932,1.3999999999999986
2.9198299999999318,1.399999999999999
2.9214999999999316,1.3999999999999986
2.9231699999999314,1.3999999999999986
2.9248399999999313,1.399999999999999
2.926509999999931,1.3999999999999986
2.928179999999931,1.3999999999999986
2.929849999999931,1.3999999999999986
2.9315199999999306,1.399999999999999
2.9331899999999305,1.3999999999999986
2.9348599999999303,1.3999999999999986
2.93652999999993,1.3999999999999986
2.93819999999993,1.3999999999999986
2.93986999999993,1.399999999999999
2.9415399999999297,1.3999999999999986
2.9432099999999295,1.3999999999999986
2.9448799999999293,1.3999999999999986
2.946549999999929,1.3999999999999986
2.948219999999929,1.399999999999999
2.949889999999929,1.3999999999999986
2.9515599999999287,1.3999999999999986
2.9532299999999285,1.399999999999999
2.9548999999999284,1.3999999999999986
2.956569999999928,1.3999999999999986
2.958239999999928,1.3999999999999986
2.959909999999928,1.3999999999999986
2.9615799999999277,1.399999999999999
2.9632499999999276,1.3999999999999986
2.9649199999999274,1.3999999999999986
2.9665899999999272,1.3999999999999986
2.968259999999927,1.3999999999999986
2.969929999999927,1.399999999999999
2.9715999999999267,1.3999999999999986
2.9732699999999266,1.3999999999999986
2.9749399999999264,1.3999999999999986
2.9766099999999263,1.3999999999999986
2.978279999999926,1.399999999999999
2.979949999999926,1.3999999999999986
2.9816199999999258,1.3999999999999986
2.9832899999999256,1.3999999999999986
2.9849599999999255,1.3999999999999986
2.9866299999999253,1.399999999999999
2.988299999999925,1.3999999999999986
2.989969999999925,1.3999999999999986
2.991639999999925,1.399999999999999
2.9933099999999246,1.3999999999999986
2.9949799999999245,1.399999999999999
2.9966499999999243,1.3999999999999986
2.998319999999924,1.3999999999999986
2.999989999999924,1.399999999999999
3.001659999999924,1.3999999999999986
3.0033299999999237,1.3999999999999986
3.0049999999999235,1.3999999999999986
3.0066699999999233,1.3999999999999986
3.008339999999923,1.3999999999999986
3.010009999999923,1.3999999999999986
3.011679999999923,1.399999999999999
3.0133499999999227,1.3999999999999986
3.0150199999999225,1.3999999999999986
3.0166899999999224,1.399999999999999
3.018359999999922,1.3999999999999986
3.020029999999922,1.3999999999999986
3.021699999999922,1.3999999999999986
3.0233699999999217,1.3999999999999986
3.0250399999999216,1.3999999999999986
3.0267099999999214,1.3999999999999986
3.0283799999999212,1.3999999999999986
3.030049999999921,1.3999999999999986
3.031719999999921,1.3999999999999986
3.0333899999999208,1.399999999999999
3.0350599999999206,1.3999999999999986
3.0367299999999204,1.3999999999999986
3.0383999999999203,1.399999999999999
3.04006999999992,1.3999999999999986
3.04173999999992,1.3999999999999986
3.04340999999992,1.3999999999999986
3.0450799999999196,1.3999999999999986
3.0467499999999195,1.3999999999999986
3.0484199999999193,1.3999999999999986
3.050089999999919,1.3999999999999986
3.051759999999919,1.3999999999999986
3.053429999999919,1.3999999999999986
3.0550999999999187,1.399999999999999
3.0567699999999185,1.3999999999999986
3.0584399999999183,1.3999999999999986
3.060109999999918,1.399999999999999
3.061779999999918,1.3999999999999986
3.063449999999918,1.3999999999999986
3.0651199999999177,1.3999999999999986
3.0667899999999175,1.3999999999999986
3.0684599999999174,1.3999999999999986
3.070129999999917,1.3999999999999986
3.071799999999917,1.399999999999999
3.073469999999917,1.3999999999999986
3.0751399999999167,1.3999999999999986
3.0768099999999166,1.399999999999999
3.0784799999999164,1.3999999999999986
3.0801499999999162,1.3999999999999986
3.081819999999916,1.399999999999999
3.083489999999916,1.3999999999999986
3.0851599999999157,1.3999999999999986
3.0868299999999156,1.3999999999999986
3.0884999999999154,1.3999999999999986
3.0901699999999153,1.3999999999999986
3.091839999999915,1.3999999999999986
3.093509999999915,1.399999999999999
3.0951799999999148,1.3999999999999986
3.0968499999999146,1.3999999999999986
3.0985199999999145,1.399999999999999
3.1001899999999143,1.3999999999999986
3.101859999999914,1.3999999999999986
3.103529999999914,1.399999999999999
3.105199999999914,1.3999999999999986
3.1068699999999136,1.3999999999999986
3.1085399999999135,1.3999999999999986
3.1102099999999133,1.3999999999999986
3.111879999999913,1.3999999999999986
3.113549999999913,1.3999999999999986
3.115219999999913,1.399999999999999
3.1168899999999127,1.3999999999999986
3.1185599999999125,1.3999999999999986
3.1202299999999124,1.399999999999999
3.121899999999912,1.3999999999999986
3.123569999999912,1.3999999999999986
3.125239999999912,1.3999999999999986
3.1269099999999117,1.3999999999999986
3.1285799999999115,1.3999999999999986
3.1302499999999114,1.3999999999999986
3.131919999999911,1.3999999999999986
3.133589999999911,1.3999999999999986
3.135259999999911,1.3999999999999986
3.1369299999999107,1.399999999999999
3.1385999999999106,1.3999999999999986
3.1402699999999104,1.3999999999999986
3.1419399999999102,1.399999999999999
3.14360999999991,1.3999999999999986
3.14527999999991,1.3999999999999986
3.1469499999999098,1.399999999999999
3.1486199999999096,1.3999999999999986
3.1502899999999094,1.3999999999999986
3.1519599999999093,1.399999999999999
3.153629999999909,1.3999999999999986
3.155299999999909,1.3999999999999986
3.156969999999909,1.399999999999999
3.1586399999999086,1.3999999999999986
3.1603099999999085,1.3999999999999986
3.1619799999999083,1.399999999999999
3.163649999999908,1.3999999999999986
3.165319999999908,1.3999999999999986
3.166989999999908,1.399999999999999
3.1686599999999077,1.3999999999999986
3.1703299999999075,1.3999999999999986
3.1719999999999073,1.399999999999999
3.173669999999907,1.3999999999999986
3.175339999999907,1.3999999999999986
3.177009999999907,1.399999999999999
3.1786799999999067,1.3999999999999986
3.1803499999999065,1.3999999999999986
3.1820199999999064,1.399999999999999
3.183689999999906,1.3999999999999986
3.185359999999906,1.3999999999999986
3.187029999999906,1.3999999999999986
3.1886999999999057,1.3999999999999986
3.1903699999999056,1.3999999999999986
3.1920399999999054,1.3999999999999986
3.1937099999999052,1.3999999999999986
3.195379999999905,1.3999999999999986
3.197049999999905,1.3999999999999986
3.1987199999999048,1.3999999999999986
3.2003899999999046,1.3999999999999986
3.2020599999999044,1.3999999999999986
3.2037299999999043,1.3999999999999986
3.205399999999904,1.3999999999999986
3.207069999999904,1.3999999999999986
3.208739999999904,1.3999999999999986
3.2104099999999036,1.3999999999999986
3.2120799999999035,1.3999999999999986
3.2137499999999033,1.3999999999999986
3.215419999999903,1.3999999999999986
3.217089999999903,1.3999999999999981
3.218759999999903,1.399999999999999
3.2204299999999026,1.3999999999999986
3.2220999999999025,1.3999999999999981
3.2237699999999023,1.399999999999999
3.225439999999902,1.3999999999999986
3.227109999999902,1.3999999999999981
3.228779999999902,1.399999999999999
3.2304499999999017,1.3999999999999986
3.2321199999999015,1.3999999999999981
3.2337899999999014,1.3999999999999986
3.235459999999901,1.3999999999999986
3.237129999999901,1.3999999999999981
3.238799999999901,1.3999999999999986
3.2404699999999007,1.3999999999999986
3.2421399999999005,1.3999999999999981
3.2438099999999004,1.3999999999999986
3.2454799999999002,1.3999999999999986
3.2471499999999,1.3999999999999981
3.2488199999999,1.3999999999999986
3.2504899999998997,1.3999999999999986
3.2521599999998996,1.3999999999999981
3.2538299999998994,1.3999999999999986
3.2554999999998993,1.3999999999999981
3.257169999999899,1.3999999999999981
3.258839999999899,1.3999999999999986
3.2605099999998988,1.3999999999999981
3.2621799999998986,1.3999999999999981
3.2638499999998984,1.3999999999999986
3.2655199999998983,1.3999999999999981
3.267189999999898,1.3999999999999981
3.268859999999898,1.3999999999999986
3.270529999999898,1.3999999999999981
3.2721999999998976,1.3999999999999981
3.2738699999998975,1.3999999999999986
3.2755399999998973,1.3999999999999981
3.277209999999897,1.3999999999999977
3.278879999999897,1.3999999999999986
3.280549999999897,1.3999999999999981
3.2822199999998967,1.3999999999999977
3.2838899999998965,1.3999999999999986
3.2855599999998963,1.3999999999999981
3.287229999999896,1.3999999999999977
3.288899999999896,1.3999999999999986
3.290569999999896,1.3999999999999981
3.2922399999998957,1.3999999999999986
3.2939099999998955,1.3999999999999986
3.2955799999998954,1.3999999999999981
3.297249999999895,1.3999999999999986
3.298919999999895,1.3999999999999981
3.300589999999895,1.3999999999999981
3.3022599999998947,1.3999999999999986
3.3039299999998946,1.3999999999999981
3.3055999999998944,1.3999999999999981
3.3072699999998942,1.3999999999999986
3.308939999999894,1.3999999999999981
3.310609999999894,1.3999999999999981
3.3122799999998938,1.3999999999999986
3.3139499999998936,1.3999999999999981
3.3156199999998934,1.3999999999999986
3.3172899999998933,1.3999999999999986
3.318959999999893,1.3999999999999981
3.320629999999893,1.3999999999999986
3.322299999999893,1.3999999999999986
3.3239699999998926,1.3999999999999981
3.3256399999998925,1.3999999999999986
3.3273099999998923,1.3999999999999986
3.328979999999892,1.3999999999999981
3.330649999999892,1.3999999999999986
3.332319999999892,1.3999999999999986
3.3339899999998917,1.399999999999999
3.3356599999998915,1.3999999999999986
3.3373299999998913,1.3999999999999986
3.338999999999891,1.399999999999999
3.340669999999891,1.3999999999999986
3.342339999999891,1.3999999999999981
3.3440099999998907,1.399999999999999
3.3456799999998905,1.3999999999999986
3.3473499999998904,1.3999999999999981
3.34901999999989,1.399999999999999
3.35068999999989,1.3999999999999986
3.35235999999989,1.3999999999999981
3.3540299999998897,1.399999999999999
3.3556999999998895,1.3999999999999986
3.3573699999998894,1.399999999999999
3.3590399999998892,1.3999999999999986
3.360709999999889,1.3999999999999986
3.362379999999889,1.399999999999999
3.3640499999998887,1.3999999999999986
3.3657199999998886,1.3999999999999986
3.3673899999998884,1.399999999999999
3.3690599999998883,1.3999999999999986
3.370729999999888,1.3999999999999986
3.372399999999888,1.399999999999999
3.3740699999998878,1.3999999999999986
3.3757399999998876,1.3999999999999986
3.3774099999998874,1.399999999999999
3.3790799999998873,1.3999999999999986
3.380749999999887,1.3999999999999981
3.382419999999887,1.399999999999999
3.384089999999887,1.3999999999999986
3.3857599999998866,1.3999999999999981
3.3874299999998865,1.399999999999999
3.3890999999998863,1.3999999999999986
3.390769999999886,1.3999999999999981
3.392439999999886,1.399999999999999
3.394109999999886,1.3999999999999986
3.3957799999998857,1.3999999999999981
3.3974499999998855,1.399999999999999
3.3991199999998853,1.3999999999999986
3.400789999999885,1.3999999999999981
3.402459999999885,1.3999999999999986
3.404129999999885,1.3999999999999986
3.4057999999998847,1.3999999999999981
3.4074699999998845,1.3999999999999986
3.4091399999998844,1.3999999999999986
3.410809999999884,1.3999999999999981
3.412479999999884,1.3999999999999986
3.414149999999884,1.3999999999999986
3.4158199999998837,1.3999999999999981
3.4174899999998836,1.3999999999999986
3.4191599999998834,1.3999999999999986
3.4208299999998832,1.3999999999999981
3.422499999999883,1.3999999999999986
3.424169999999883,1.3999999999999981
3.4258399999998828,1.3999999999999981
3.4275099999998826,1.3999999999999986
3.4291799999998824,1.3999999999999977
3.4308499999998823,1.3999999999999981
3.432519999999882,1.3999999999999986
3.434189999999882,1.3999999999999977
3.435859999999882,1.3999999999999981
3.4375299999998816,1.3999999999999981
3.4391999999998815,1.3999999999999977
3.4408699999998813,1.3999999999999981
3.442539999999881,1.3999999999999981
3.444209999999881,1.3999999999999986
3.445879999999881,1.3999999999999977
3.4475499999998807,1.3999999999999981
3.4492199999998805,1.3999999999999986
3.4508899999998803,1.3999999999999977
3.45255999999988,1.3999999999999981
3.45422999999988,1.3999999999999986
3.45589999999988,1.3999999999999977
3.4575699999998797,1.3999999999999981
3.4592399999998795,1.3999999999999981
3.4609099999998794,1.3999999999999977
3.462579999999879,1.3999999999999981
3.464249999999879,1.3999999999999981
3.465919999999879,1.3999999999999977
3.4675899999998787,1.3999999999999977
3.4692599999998786,1.3999999999999981
3.4709299999998784,1.3999999999999986
3.4725999999998782,1.3999999999999977
3.474269999999878,1.3999999999999981
3.475939999999878,1.3999999999999981
3.4776099999998777,1.3999999999999977
3.4792799999998776,1.3999999999999981
3.4809499999998774,1.3999999999999981
3.4826199999998773,1.3999999999999977
3.484289999999877,1.3999999999999977
3.485959999999877,1.3999999999999981
3.4876299999998768,1.3999999999999977
3.4892999999998766,1.3999999999999977
3.4909699999998764,1.3999999999999981
3.4926399999998763,1.3999999999999977
3.494309999999876,1.3999999999999977
3.495979999999876,1.3999999999999981
3.497649999999876,1.3999999999999972
3.4993199999998756,1.3999999999999977
3.5009899999998755,1.4001972295719574
3.5026599999998753,1.400529929961062
3.504329999999875,1.4008626303501668
3.505999999999875,1.401195330739272
3.507669999999875,1.4015280311283767
3.5093399999998747,1.4018607315174823
3.5110099999998745,1.4021934319065874
3.5126799999998743,1.4025261322956921
3.514349999999874,1.4028588326847968
3.516019999999874,1.4031915330739029
3.517689999999874,1.4035242334630076
3.5193599999998737,1.4038569338521123
3.5210299999998735,1.4041896342412175
3.5226999999998734,1.4045223346303222
3.524369999999873,1.4048550350194278
3.526039999999873,1.405187735408533
3.527709999999873,1.4055204357976376
3.5293799999998727,1.4058531361867423
3.5310499999998726,1.4061858365758475
3.5327199999998724,1.406518536964953
3.5343899999998722,1.4068512373540578
3.536059999999872,1.407183937743163
3.537729999999872,1.4075166381322677
3.5393999999998718,1.4078493385213733
3.5410699999998716,1.4081820389104784
3.5427399999998714,1.4085147392995832
3.5444099999998713,1.4088474396886879
3.546079999999871,1.409180140077793
3.547749999999871,1.4095128404668986
3.549419999999871,1.4098455408560033
3.5510899999998706,1.4101782412451085
3.5527599999998705,1.4105109416342132
3.5544299999998703,1.4108436420233188
3.55609999999987,1.411176342412424
3.55776999999987,1.4115090428015287
3.55943999999987,1.4118417431906334
3.5611099999998697,1.4121744435797385
3.5627799999998695,1.4125071439688441
3.5644499999998693,1.4128398443579488
3.566119999999869,1.413172544747054
3.567789999999869,1.4135052451361587
3.569459999999869,1.4138379455252634
3.5711299999998687,1.4141706459143695
3.5727999999998685,1.4145033463034742
3.5744699999998684,1.414836046692579
3.576139999999868,1.415168747081684
3.577809999999868,1.4155014474707888
3.579479999999868,1.4158341478598935
3.5811499999998677,1.416166848248999
3.5828199999998676,1.4164995486381042
3.5844899999998674,1.416832249027209
3.5861599999998672,1.4171649494163137
3.587829999999867,1.4174976498054188
3.589499999999867,1.4178303501945244
3.5911699999998667,1.4181630505836291
3.5928399999998666,1.4184957509727343
3.5945099999998664,1.418828451361839
3.5961799999998663,1.4191611517509437
3.597849999999866,1.4194938521400497
3.599519999999866,1.4198265525291545
3.6011899999998658,1.4201592529182592
3.6028599999998656,1.4204919533073639
3.6045299999998655,1.420824653696469
3.6061999999998653,1.4211573540855746
3.607869999999865,1.4214900544746794
3.609539999999865,1.4218227548637845
3.611209999999865,1.4221554552528892
3.6128799999998646,1.422488155641994
3.6145499999998645,1.422820856031099
3.6162199999998643,1.4231535564202047
3.617889999999864,1.4234862568093094
3.619559999999864,1.4238189571984146
3.621229999999864,1.4241516575875193
3.6228999999998637,1.424484357976624
3.6245699999998635,1.4248170583657296
3.6262399999998634,1.4251497587548347
3.627909999999863,1.4254824591439395
3.629579999999863,1.4258151595330442
3.631249999999863,1.4261478599221493
3.6329199999998627,1.426480560311255
3.6345899999998625,1.4268132607003596
3.6362599999998624,1.4271459610894648
3.637929999999862,1.4274786614785695
3.639599999999862,1.427811361867675
3.641269999999862,1.4281440622567798
3.6429399999998617,1.428476762645885
3.6446099999998616,1.4288094630349897
3.6462799999998614,1.4291421634240944
3.6479499999998612,1.4294748638132004
3.649619999999861,1.4298075642023051
3.651289999999861,1.4301402645914099
3.6529599999998608,1.430472964980515
3.6546299999998606,1.4308056653696197
3.6562999999998604,1.4311383657587253
3.6579699999998603,1.4314710661478305
3.65963999999986,1.4318037665369352
3.66130999999986,1.43213646692604
3.66297999999986,1.4324691673151455
3.6646499999998596,1.4328018677042507
3.6663199999998595,1.4331345680933554
3.6679899999998593,1.43346726848246
3.669659999999859,1.4337999688715652
3.671329999999859,1.4341326692606708
3.672999999999859,1.4344653696497756
3.6746699999998587,1.4347980700388807
3.6763399999998585,1.4351307704279854
3.6780099999998583,1.435463470817091
3.679679999999858,1.4357961712061962
3.681349999999858,1.436128871595301
3.683019999999858,1.4364615719844056
3.6846899999998577,1.4367942723735103
3.6863599999998575,1.4371269727626164
3.6880299999998574,1.437459673151721
3.689699999999857,1.4377923735408258
3.691369999999857,1.438125073929931
3.693039999999857,1.4384577743190357
3.6947099999998567,1.4387904747081413
3.6963799999998566,1.4391231750972464
3.6980499999998564,1.4394558754863511
3.6997199999998562,1.4397885758754558
3.701389999999856,1.440121276264561
3.703059999999856,1.4404539766536657
3.7047299999998557,1.4407866770427713
3.7063999999998556,1.441119377431876
3.7080699999998554,1.4414520778209812
3.7097399999998553,1.4417847782100859
3.711409999999855,1.4421174785991906
3.713079999999855,1.4424501789882966
3.714749999999855,1.4427828793774014
3.7164199999998546,1.443115579766506
3.7180899999998545,1.4434482801556112
3.7197599999998543,1.443780980544716
3.721429999999854,1.4441136809338215
3.723099999999854,1.4444463813229267
3.724769999999854,1.4447790817120314
3.7264399999998536,1.445111782101136
3.7281099999998535,1.4454444824902408
3.7297799999998533,1.4457771828793469
3.731449999999853,1.4461098832684516
3.733119999999853,1.4464425836575563
3.734789999999853,1.4467752840466614
3.7364599999998527,1.4471079844357662
3.7381299999998525,1.4474406848248709
3.7397999999998524,1.447773385213977
3.741469999999852,1.4481060856030816
3.743139999999852,1.4484387859921863
3.744809999999852,1.4487714863812915
3.7464799999998517,1.4491041867703962
3.7481499999998515,1.4494368871595018
3.7498199999998514,1.4497695875486065
3.751489999999851,1.4501022879377117
3.753159999999851,1.4504349883268164
3.754829999999851,1.450767688715921
3.7564999999998507,1.4511003891050271
3.7581699999998506,1.4514330894941319
3.7598399999998504,1.4517657898832366
3.7615099999998503,1.4520984902723417
3.76317999999985,1.4524311906614473
3.76484999999985,1.452763891050552
3.7665199999998498,1.4530965914396572
3.7681899999998496,1.453429291828762
3.7698599999998494,1.4537619922178666
3.7715299999998493,1.4540946926069722
3.773199999999849,1.4544273929960774
3.774869999999849,1.454760093385182
3.776539999999849,1.4550927937742868
3.7782099999998486,1.455425494163392
3.7798799999998485,1.4557581945524976
3.7815499999998483,1.4560908949416023
3.783219999999848,1.4564235953307074
3.784889999999848,1.4567562957198121
3.786559999999848,1.4570889961089177
3.7882299999998477,1.457421696498023
3.7898999999998475,1.4577543968871276
3.7915699999998473,1.4580870972762323
3.793239999999847,1.458419797665337
3.794909999999847,1.458752498054443
3.796579999999847,1.4590851984435478
3.7982499999998467,1.4594178988326525
3.7999199999998465,1.4597505992217576
3.8015899999998464,1.4600832996108632
3.803259999999846,1.460415999999968
3.804929999999846,1.4607487003890731
3.806599999999846,1.4610814007781778
3.8082699999998457,1.4614141011672825
3.8099399999998456,1.4617468015563881
3.8116099999998454,1.4620795019454933
3.8132799999998452,1.462412202334598
3.814949999999845,1.4627449027237027
3.816619999999845,1.4630776031128079
3.8182899999998448,1.4634103035019135
3.8199599999998446,1.4637430038910182
3.8216299999998444,1.4640757042801233
3.8232999999998443,1.464408404669228
3.824969999999844,1.4647411050583328
3.826639999999844,1.4650738054474388
3.828309999999844,1.4654065058365435
3.8299799999998436,1.4657392062256482
3.8316499999998435,1.4660719066147534
3.8333199999998433,1.466404607003858
3.834989999999843,1.4667373073929628
3.836659999999843,1.4670700077820684
3.838329999999843,1.4674027081711736
3.8399999999998427,1.4677354085602783
3.8416699999998425,1.468068108949383
3.8433399999998423,1.4684008093384882
3.845009999999842,1.4687335097275938
3.846679999999842,1.4690662101166985
3.848349999999842,1.4693989105058036
3.8500199999998417,1.4697316108949083
3.8516899999998415,1.470064311284013
3.8533599999998414,1.4703970116731186
3.855029999999841,1.4707297120622238
3.856699999999841,1.4710624124513285
3.858369999999841,1.4713951128404332
3.8600399999998407,1.4717278132295384
3.8617099999998405,1.472060513618643
3.8633799999998404,1.4723932140077487
3.8650499999998402,1.4727259143968539
3.86671999999984,1.4730586147859586
3.86838999999984,1.4733913151750633
3.8700599999998397,1.4737240155641684
3.8717299999998396,1.474056715953274
3.8733999999998394,1.4743894163423787
3.8750699999998393,1.474722116731484
3.876739999999839,1.4750548171205886
3.878409999999839,1.4753875175096933
3.8800799999998388,1.4757202178987994
3.8817499999998386,1.476052918287904
3.8834199999998384,1.4763856186770088
3.8850899999998383,1.476718319066114
3.886759999999838,1.4770510194552187
3.888429999999838,1.4773837198443243
3.890099999999838,1.4777164202334294
3.8917699999998376,1.4780491206225341
3.8934399999998375,1.4783818210116388
3.8951099999998373,1.478714521400744
3.896779999999837,1.4790472217898487
3.898449999999837,1.4793799221789543
3.900119999999837,1.4797126225680595
3.9017899999998367,1.4800453229571642
3.9034599999998365,1.480378023346269
3.9051299999998363,1.480710723735374
3.906799999999836,1.4810434241244796
3.908469999999836,1.4813761245135844
3.910139999999836,1.4817088249026895
3.9118099999998357,1.4820415252917942
3.9134799999998355,1.482374225680899
3.9151499999998354,1.482706926070005
3.916819999999835,1.4830396264591097
3.918489999999835,1.4833723268482144
3.920159999999835,1.4837050272373196
3.9218299999998347,1.4840377276264243
3.9234999999998346,1.484370428015529
3.9251699999998344,1.484703128404635
3.9268399999998342,1.4850358287937397
3.928509999999834,1.4853694883720574
3.930179999999834,1.4857112558139174
3.9318499999998338,1.4860530232557778
3.9335199999998336,1.4863947906976391
3.9351899999998334,1.4867365581394991
3.9368599999998333,1.4870783255813596
3.938529999999833,1.4874200930232195
3.940199999999833,1.48776186046508
3.941869999999833,1.4881036279069413
3.9435399999998326,1.4884453953488013
3.9452099999998325,1.4887871627906617
3.9468799999998323,1.4891289302325217
3.948549999999832,1.489470697674383
3.950219999999832,1.4898124651162434
3.951889999999832,1.4901542325581034
3.9535599999998317,1.4904959999999638
3.9552299999998315,1.4908377674418243
3.9568999999998313,1.4911795348836852
3.958569999999831,1.4915213023255456
3.960239999999831,1.4918630697674056
3.961909999999831,1.492204837209266
3.9635799999998307,1.4925466046511264
3.9652499999998305,1.4928883720929873
3.9669199999998304,1.4932301395348477
3.96858999999983,1.4935719069767077
3.97025999999983,1.4939136744185681
3.97192999999983,1.4942554418604295
3.9735999999998297,1.4945972093022895
3.9752699999998296,1.4949389767441499
3.9769399999998294,1.4952807441860099
3.9786099999998292,1.4956225116278703
3.980279999999829,1.4959642790697316
3.981949999999829,1.4963060465115916
3.9836199999998287,1.496647813953452
3.9852899999998286,1.496989581395312
3.9869599999998284,1.4973313488371724
3.9886299999998283,1.4976731162790338
3.990299999999828,1.4980148837208938
3.991969999999828,1.4983566511627542
3.9936399999998278,1.4986984186046142
3.9953099999998276,1.4990401860464755
3.9969799999998274,1.499381953488336
3.9986499999998273,1.499723720930196
4.000319999999827,1.500063750972727
4.001989999999827,1.5003964513618318
4.003659999999827,1.5007291517509374
4.005329999999827,1.5010618521400425
4.0069999999998265,1.5013945525291472
4.008669999999826,1.501727252918252
4.010339999999826,1.5020599533073566
4.012009999999826,1.5023926536964627
4.013679999999826,1.5027253540855674
4.015349999999826,1.5030580544746721
4.0170199999998255,1.5033907548637773
4.018689999999825,1.503723455252882
4.020359999999825,1.5040561556419867
4.022029999999825,1.5043888560310927
4.023699999999825,1.5047215564201974
4.025369999999825,1.5050542568093022
4.0270399999998245,1.5053869571984073
4.028709999999824,1.505719657587512
4.030379999999824,1.5060523579766176
4.032049999999824,1.5063850583657223
4.033719999999824,1.5067177587548275
4.035389999999824,1.5070504591439322
4.037059999999824,1.507383159533037
4.038729999999823,1.507715859922143
4.040399999999823,1.5080485603112477
4.042069999999823,1.5083812607003524
4.043739999999823,1.5087139610894575
4.045409999999823,1.5090466614785623
4.047079999999823,1.5093793618676679
4.048749999999822,1.509712062256773
4.050419999999822,1.5100447626458777
4.052089999999822,1.5103774630349824
4.053759999999822,1.5107101634240871
4.055429999999822,1.5110428638131923
4.057099999999822,1.511375564202298
4.0587699999998215,1.5117082645914026
4.060439999999821,1.5120409649805078
4.062109999999821,1.5123736653696125
4.063779999999821,1.5127063657587172
4.065449999999821,1.5130390661478232
4.067119999999821,1.513371766536928
4.0687899999998205,1.5137044669260327
4.07045999999982,1.5140371673151378
4.07212999999982,1.5143698677042425
4.07379999999982,1.5147025680933481
4.07546999999982,1.5150352684824528
4.07713999999982,1.515367968871558
4.0788099999998195,1.5157006692606627
4.080479999999819,1.5160333696497683
4.082149999999819,1.5163660700388735
4.083819999999819,1.5166987704279782
4.085489999999819,1.517031470817083
4.087159999999819,1.517364171206188
4.0888299999998186,1.5176968715952937
4.090499999999818,1.5180295719843984
4.092169999999818,1.5183622723735035
4.093839999999818,1.5186949727626082
4.095509999999818,1.5190276731517138
4.097179999999818,1.5193603735408185
4.098849999999818,1.5196930739299237
4.100519999999817,1.5200257743190284
4.102189999999817,1.5203584747081331
4.103859999999817,1.5206911750972392
4.105529999999817,1.5210238754863439
4.107199999999817,1.5213565758754486
4.108869999999817,1.5216892762645537
4.1105399999998165,1.5220219766536585
4.112209999999816,1.522354677042764
4.113879999999816,1.5226873774318692
4.115549999999816,1.523020077820974
4.117219999999816,1.5233527782100786
4.118889999999816,1.5236854785991842
4.1205599999998155,1.5240181789882894
4.122229999999815,1.524350879377394
4.123899999999815,1.5246835797664988
4.125569999999815,1.525016280155604
4.127239999999815,1.5253489805447096
4.128909999999815,1.5256816809338143
4.1305799999998145,1.5260143813229194
4.132249999999814,1.5263470817120242
4.133919999999814,1.5266797821011289
4.135589999999814,1.5270124824902345
4.137259999999814,1.5273451828793396
4.138929999999814,1.5276778832684443
4.1405999999998135,1.528010583657549
4.142269999999813,1.5283432840466542
4.143939999999813,1.528675984435759
4.145609999999813,1.5290086848248645
4.147279999999813,1.5293413852139697
4.148949999999813,1.5296740856030744
4.150619999999813,1.530006785992179
4.152289999999812,1.5303394863812843
4.153959999999812,1.5306721867703899
4.155629999999812,1.5310048871594946
4.157299999999812,1.5313375875485997
4.158969999999812,1.5316702879377044
4.160639999999812,1.5320029883268091
4.162309999999811,1.5323356887159152
4.163979999999811,1.53266838910502
4.165649999999811,1.5330010894941246
4.167319999999811,1.5333337898832298
4.168989999999811,1.5336664902723345
4.170659999999811,1.5339991906614392
4.1723299999998105,1.5343318910505452
4.17399999999981,1.53466459143965
4.17566999999981,1.5349972918287547
4.17733999999981,1.5353299922178598
4.17900999999981,1.5356626926069645
4.18067999999981,1.5359953929960701
4.1823499999998095,1.5363280933851753
4.184019999999809,1.53666079377428
4.185689999999809,1.5369934941633847
4.187359999999809,1.5373261945524899
4.189029999999809,1.5376588949415955
4.190699999999809,1.5379915953307002
4.1923699999998085,1.5383242957198053
4.194039999999808,1.53865699610891
4.195709999999808,1.5389896964980148
4.197379999999808,1.5393223968871208
4.199049999999808,1.5396550972762255
4.200719999999808,1.5399877976653302
4.202389999999808,1.5403204980544354
4.204059999999807,1.54065319844354
4.205729999999807,1.5409858988326448
4.207399999999807,1.5413185992217509
4.209069999999807,1.5416512996108556
4.210739999999807,1.5419839999999603
4.212409999999807,1.5423167003890654
4.214079999999806,1.5426494007781701
4.215749999999806,1.5429821011672757
4.217419999999806,1.543314801556381
4.219089999999806,1.5436475019454852
4.220759999999806,1.5439802023345903
4.222429999999806,1.5443129027236955
4.2240999999998055,1.5446456031128006
4.225769999999805,1.5449783035019058
4.227439999999805,1.545311003891011
4.229109999999805,1.5456437042801152
4.230779999999805,1.5459764046692204
4.232449999999805,1.5463091050583264
4.2341199999998045,1.5466418054474307
4.235789999999804,1.5469745058365358
4.237459999999804,1.547307206225641
4.239129999999804,1.5476399066147453
4.240799999999804,1.5479726070038504
4.242469999999804,1.5483053073929565
4.2441399999998035,1.5486380077820607
4.245809999999803,1.5489707081711659
4.247479999999803,1.549303408560271
4.249149999999803,1.5496361089493753
4.250819999999803,1.5499688093384814
4.252489999999803,1.5503015097275865
4.2541599999998025,1.5506342101166908
4.255829999999802,1.550966910505796
4.257499999999802,1.551299610894901
4.259169999999802,1.5516323112840062
4.260839999999802,1.5519650116731114
4.262509999999802,1.5522977120622166
4.264179999999802,1.5526304124513208
4.265849999999801,1.5529631128404269
4.267519999999801,1.553295813229532
4.269189999999801,1.5536285136186363
4.270859999999801,1.5539612140077415
4.272529999999801,1.5542939143968466
4.274199999999801,1.5546266147859518
4.2758699999998,1.554959315175057
4.2775399999998,1.555292015564162
4.2792099999998,1.5556247159532663
4.2808799999998,1.5559574163423724
4.2825499999998,1.5562901167314775
4.2842199999998,1.5566228171205818
4.2858899999997995,1.556955517509687
4.287559999999799,1.5572882178987921
4.289229999999799,1.5576209182878973
4.290899999999799,1.5579536186770024
4.292569999999799,1.5582863190661076
4.294239999999799,1.5586190194552119
4.2959099999997985,1.558951719844317
4.297579999999798,1.559284420233423
4.299249999999798,1.5596171206225273
4.300919999999798,1.5599498210116325
4.302589999999798,1.5602825214007368
4.304259999999798,1.5606152217898428
4.3059299999997975,1.560947922178948
4.307599999999797,1.5612806225680522
4.309269999999797,1.5616133229571574
4.310939999999797,1.5619460233462625
4.312609999999797,1.5622787237353677
4.314279999999797,1.5626114241244728
4.315949999999797,1.562944124513578
4.317619999999796,1.5632768249026823
4.319289999999796,1.5636095252917874
4.320959999999796,1.5639422256808935
4.322629999999796,1.5642749260699977
4.324299999999796,1.564607626459103
4.325969999999796,1.5649403268482072
4.327639999999795,1.5652730272373123
4.329309999999795,1.5656057276264175
4.330979999999795,1.5659384280155226
4.332649999999795,1.5662711284046278
4.334319999999795,1.566603828793733
4.335989999999795,1.5669365291828372
4.3376599999997945,1.5672692295719424
4.339329999999794,1.5676019299610484
4.340999999999794,1.5679346303501527
4.342669999999794,1.5682673307392578
4.344339999999794,1.568600031128363
4.346009999999794,1.5689327315174673
4.3476799999997935,1.5692654319065733
4.349349999999793,1.5695981322956776
4.351019999999793,1.5699308326847827
4.352689999999793,1.5702635330738879
4.354359999999793,1.5705962334629922
4.356029999999793,1.5709289338520982
4.3576999999997925,1.5712616342412034
4.359369999999792,1.5715943346303076
4.361039999999792,1.5719270350194128
4.362709999999792,1.572259735408518
4.364379999999792,1.5725924357976222
4.366049999999792,1.5729251361867282
4.3677199999997915,1.5732578365758334
4.369389999999791,1.5735905369649377
4.371059999999791,1.5739232373540428
4.372729999999791,1.574255937743148
4.374399999999791,1.5745886381322531
4.376069999999791,1.5749213385213583
4.377739999999791,1.5752540389104634
4.37940999999979,1.5755867392995677
4.38107999999979,1.5759194396886729
4.38274999999979,1.576252140077779
4.38441999999979,1.5765848404668832
4.38608999999979,1.5769175408559883
4.38775999999979,1.5772502412450935
4.3894299999997894,1.5775829416341987
4.391099999999789,1.5779156420233038
4.392769999999789,1.578248342412409
4.394439999999789,1.5785810428015132
4.396109999999789,1.5789137431906184
4.397779999999789,1.5792464435797244
4.3994499999997885,1.5795791439688287
4.401119999999788,1.5799118443579339
4.402789999999788,1.580244544747039
4.404459999999788,1.5805772451361433
4.406129999999788,1.5809099455252493
4.407799999999788,1.5812426459143545
4.4094699999997875,1.5815753463034588
4.411139999999787,1.581908046692564
4.412809999999787,1.58224074708167
4.414479999999787,1.5825734474707742
4.416149999999787,1.5829061478598794
4.417819999999787,1.5832388482489845
4.4194899999997865,1.5835715486380888
4.421159999999786,1.5839042490271948
4.422829999999786,1.5842369494163
4.424499999999786,1.5845696498054043
4.426169999999786,1.5849023501945094
4.427839999999786,1.5852350505836155
4.429509999999786,1.58557413953484
4.431179999999785,1.5859159069767
4.432849999999785,1.5862576744185608
4.434519999999785,1.5865994418604208
4.436189999999785,1.5869412093022817
4.437859999999785,1.5872829767441416
4.439529999999785,1.5876247441860025
4.441199999999784,1.5879665116278625
4.442869999999784,1.5883082790697225
4.444539999999784,1.5886500465115843
4.446209999999784,1.5889918139534442
4.447879999999784,1.5893335813953042
4.449549999999784,1.589675348837165
4.4512199999997835,1.590017116279025
4.452889999999783,1.590358883720886
4.454559999999783,1.5907006511627468
4.456229999999783,1.5910424186046068
4.457899999999783,1.5913841860464668
4.459569999999783,1.5917259534883277
4.4612399999997825,1.5920677209301877
4.462909999999782,1.5924094883720485
4.464579999999782,1.5927512558139094
4.466249999999782,1.5930930232557694
4.467919999999782,1.5934347906976294
4.469589999999782,1.5937765581394894
4.4712599999997815,1.5941183255813511
4.472929999999781,1.5944600930232111
4.474599999999781,1.594801860465071
4.476269999999781,1.595143627906932
4.477939999999781,1.595485395348792
4.479609999999781,1.5958271627906528
4.4812799999997806,1.5961689302325137
4.48294999999978,1.5965106976743737
4.48461999999978,1.5968524651162337
4.48628999999978,1.5971942325580946
4.48795999999978,1.5975359999999545
4.48962999999978,1.5978777674418154
4.49129999999978,1.5982195348836763
4.492969999999779,1.5985613023255363
4.494639999999779,1.5989030697673963
4.496309999999779,1.5992448372092571
4.497979999999779,1.599586604651118
4.499649999999779,1.599928372092978
4.501319999999779,1.598548000000247
4.5029899999997784,1.596711000000247
4.504659999999778,1.5948740000002477
4.506329999999778,1.5930370000002467
4.507999999999778,1.5912000000002475
4.509669999999778,1.5893630000002474
4.511339999999778,1.5875260000002482
4.5130099999997775,1.5856890000002473
4.514679999999777,1.583852000000248
4.516349999999777,1.582015000000248
4.518019999999777,1.5801780000002488
4.519689999999777,1.5783410000002487
4.521359999999777,1.5765040000002486
4.5230299999997765,1.5746670000002485
4.524699999999776,1.5728300000002493
4.526369999999776,1.5709930000002492
4.528039999999776,1.56915600000025
4.529709999999776,1.567319000000249
4.531379999999776,1.5654820000002498
4.5330499999997755,1.5636450000002498
4.534719999999775,1.5618080000002506
4.536389999999775,1.5599710000002496
4.538059999999775,1.5581340000002504
4.539729999999775,1.5562970000002503
4.541399999999775,1.554460000000251
4.543069999999775,1.552623000000251
4.544739999999774,1.550786000000251
4.546409999999774,1.5489490000002508
4.548079999999774,1.5471120000002516
4.549749999999774,1.5452750000002515
4.551419999999774,1.5434380000002514
4.553089999999774,1.5416010000002514
4.554759999999773,1.5397640000002522
4.556429999999773,1.537927000000252
4.558099999999773,1.5360900000002529
4.559769999999773,1.5342530000002519
4.561439999999773,1.5324160000002527
4.563109999999773,1.5305790000002526
4.5647799999997725,1.5287420000002534
4.566449999999772,1.5269050000002533
4.568119999999772,1.5250680000002532
4.569789999999772,1.5232310000002531
4.571459999999772,1.521394000000254
4.573129999999772,1.5195570000002538
4.5747999999997715,1.5177200000002546
4.576469999999771,1.5158830000002537
4.578139999999771,1.5140460000002545
4.579809999999771,1.5122090000002544
4.581479999999771,1.5103720000002552
4.583149999999771,1.508535000000255
4.5848199999997705,1.5066980000002559
4.58648999999977,1.504861000000255
4.58815999999977,1.5030240000002557
4.58982999999977,1.5011870000002556
4.59149999999977,1.4993500000002564
4.59316999999977,1.4975130000002563
4.5948399999997696,1.4956760000002562
4.596509999999769,1.4938390000002562
4.598179999999769,1.492002000000257
4.599849999999769,1.4901650000002569
4.601519999999769,1.4883280000002577
4.603189999999769,1.4864910000002567
4.604859999999769,1.4846540000002575
4.606529999999768,1.4828170000002574
4.608199999999768,1.4809800000002582
4.609869999999768,1.4791430000002581
4.611539999999768,1.477306000000259
4.613209999999768,1.475469000000258
4.614879999999768,1.4736320000002587
4.6165499999997675,1.4717950000002586
4.618219999999767,1.4699580000002594
4.619889999999767,1.4681210000002594
4.621559999999767,1.4662840000002593
4.623229999999767,1.4644470000002592
4.624899999999767,1.46261000000026
4.6265699999997665,1.46077300000026
4.628239999999766,1.4589360000002607
4.629909999999766,1.4570990000002597
4.631579999999766,1.4552620000002605
4.633249999999766,1.4534250000002604
4.634919999999766,1.4515880000002612
4.6365899999997655,1.4497510000002602
4.638259999999765,1.447914000000261
4.639929999999765,1.446077000000261
4.641599999999765,1.4442400000002618
4.643269999999765,1.4424030000002617
4.644939999999765,1.4405660000002616
4.6466099999997645,1.4387290000002615
4.648279999999764,1.4368920000002623
4.649949999999764,1.4350550000002622
4.651619999999764,1.433218000000263
4.653289999999764,1.431381000000262
4.654959999999764,1.4295440000002628
4.656629999999764,1.4277070000002627
4.658299999999763,1.4258700000002635
4.659969999999763,1.4240330000002626
4.661639999999763,1.4221960000002634
4.663309999999763,1.4203590000002633
4.664979999999763,1.418522000000264
4.666649999999763,1.416685000000264
4.668319999999762,1.414848000000264
4.669989999999762,1.4130110000002638
4.671659999999762,1.4111740000002646
4.673329999999762,1.4093370000002645
4.674999999999762,1.4075000000002653
4.676669999999762,1.4056630000002643
4.6783399999997615,1.4038260000002651
4.680009999999761,1.401989000000265
4.681679999999761,1.4001520000002659
4.683349999999761,1.3983150000002649
4.685019999999761,1.3964780000002657
4.686689999999761,1.3946410000002656
4.6883599999997605,1.3928040000002664
4.69002999999976,1.3909670000002663
4.69169999999976,1.3891300000002662
4.69336999999976,1.3872930000002661
4.69503999999976,1.385456000000267
4.69670999999976,1.3836190000002668
4.6983799999997595,1.3817820000002667
4.700049999999759,1.3799450000002667
4.701719999999759,1.3781080000002675
4.703389999999759,1.3762710000002674
4.705059999999759,1.3744340000002682
4.706729999999759,1.372597000000268
4.708399999999759,1.3707600000002689
4.710069999999758,1.368923000000268
4.711739999999758,1.3670860000002687
4.713409999999758,1.3652490000002686
4.715079999999758,1.3634120000002694
4.716749999999758,1.3615750000002693
4.718419999999758,1.3597380000002692
4.720089999999757,1.3579010000002691
4.721759999999757,1.35606400000027
4.723429999999757,1.3542270000002699
4.725099999999757,1.3523900000002707
4.726769999999757,1.3505530000002697
4.728439999999757,1.3487160000002705
4.7301099999997565,1.3468790000002704
4.731779999999756,1.3450420000002712
4.733449999999756,1.343205000000271
4.735119999999756,1.341368000000271
4.736789999999756,1.339531000000271
4.738459999999756,1.3376940000002717
4.7401299999997555,1.3358570000002716
4.741799999999755,1.3340200000002724
4.743469999999755,1.3321830000002723
4.745139999999755,1.3303460000002723
4.746809999999755,1.3285090000002722
4.748479999999755,1.326672000000273
4.7501499999997545,1.3248350000002729
4.751819999999754,1.3229980000002737
4.753489999999754,1.3211610000002727
4.755159999999754,1.3193240000002735
4.756829999999754,1.3174870000002734
4.758499999999754,1.3156500000002742
4.7601699999997535,1.3138130000002741
4.761839999999753,1.311976000000274
4.763509999999753,1.310139000000274
4.765179999999753,1.3083020000002747
4.766849999999753,1.3064650000002747
4.768519999999753,1.3046280000002746
4.770189999999753,1.3027910000002745
4.771859999999752,1.3009540000002753
4.773529999999752,1.2991170000002752
4.775199999999752,1.297280000000276
4.776869999999752,1.295443000000275
4.778539999999752,1.2936060000002758
4.780209999999752,1.2917690000002757
4.781879999999751,1.2899320000002765
4.783549999999751,1.2880950000002755
4.785219999999751,1.2862580000002763
4.786889999999751,1.2844210000002763
4.788559999999751,1.282584000000277
4.790229999999751,1.280747000000277
4.7918999999997505,1.2789100000002769
4.79356999999975,1.2770730000002768
4.79523999999975,1.2752360000002776
4.79690999999975,1.2733990000002775
4.79857999999975,1.2715620000002783
4.80024999999975,1.2697250000002773
4.8019199999997495,1.2678880000002781
4.803589999999749,1.266051000000278
4.805259999999749,1.2642140000002788
4.806929999999749,1.2623770000002779
4.808599999999749,1.2605400000002787
4.810269999999749,1.2587030000002786
4.8119399999997485,1.2568660000002794
4.813609999999748,1.2550290000002793
4.815279999999748,1.2531920000002792
4.816949999999748,1.251355000000279
4.818619999999748,1.24951800000028
4.820289999999748,1.2476810000002798
4.821959999999748,1.2458440000002806
4.823629999999747,1.2440070000002796
4.825299999999747,1.2421700000002804
4.826969999999747,1.2403330000002804
4.828639999999747,1.2384960000002811
4.830309999999747,1.236659000000281
4.831979999999747,1.2348220000002819
4.833649999999746,1.2329850000002809
4.835319999999746,1.2311480000002817
4.836989999999746,1.2293110000002816
4.838659999999746,1.2274740000002824
4.840329999999746,1.2256370000002823
4.841999999999746,1.2238000000002822
4.8436699999997455,1.2219630000002821
4.845339999999745,1.220126000000283
4.847009999999745,1.2182890000002828
4.848679999999745,1.2164520000002836
4.850349999999745,1.2146150000002827
4.852019999999745,1.2127780000002835
4.8536899999997445,1.2109410000002834
4.855359999999744,1.2091040000002842
4.857029999999744,1.207267000000284
4.858699999999744,1.2054300000002849
4.860369999999744,1.203593000000284
4.862039999999744,1.2017560000002847
4.8637099999997435,1.1999190000002846
4.865379999999743,1.1980820000002854
4.867049999999743,1.1962450000002853
4.868719999999743,1.1944080000002852
4.870389999999743,1.1925710000002852
4.872059999999743,1.190734000000286
4.8737299999997425,1.1888970000002859
4.875399999999742,1.1870600000002867
4.877069999999742,1.1852230000002857
4.878739999999742,1.1833860000002865
4.880409999999742,1.1815490000002864
4.882079999999742,1.1797120000002872
4.883749999999742,1.177875000000287
4.885419999999741,1.176038000000287
4.887089999999741,1.174201000000287
4.888759999999741,1.1723640000002877
4.890429999999741,1.1705270000002876
4.892099999999741,1.1686900000002884
4.893769999999741,1.1668530000002884
4.89543999999974,1.1650160000002883
4.89710999999974,1.163179000000289
4.89877999999974,1.161342000000289
4.90044999999974,1.1595050000002889
4.90211999999974,1.1576680000002897
4.90378999999974,1.1558310000002887
4.9054599999997395,1.1539940000002895
4.907129999999739,1.1521570000002894
4.908799999999739,1.1503200000002902
4.910469999999739,1.1484830000002901
4.912139999999739,1.14664600000029
4.913809999999739,1.14480900000029
4.9154799999997385,1.1429720000002908
4.917149999999738,1.1411350000002907
4.918819999999738,1.1392980000002915
4.920489999999738,1.1374610000002905
4.922159999999738,1.1356240000002913
4.923829999999738,1.1337870000002912
4.9254999999997375,1.131950000000292
4.927169999999737,1.130113000000292
4.928839999999737,1.1282760000002927
4.930509999999737,1.1264390000002917
4.932179999999737,1.1246020000002925
4.933849999999737,1.1227650000002924
4.935519999999737,1.1209280000002932
4.937189999999736,1.1190910000002932
4.938859999999736,1.117254000000293
4.940529999999736,1.115417000000293
4.942199999999736,1.1135800000002938
4.943869999999736,1.1117430000002937
4.945539999999736,1.1099060000002945
4.947209999999735,1.1080690000002935
4.948879999999735,1.1062320000002943
4.950549999999735,1.1043950000002942
4.952219999999735,1.102558000000295
4.953889999999735,1.100721000000294
4.955559999999735,1.0988840000002948
4.9572299999997345,1.0970470000002948
4.958899999999734,1.0952100000002956
4.960569999999734,1.0933730000002955
4.962239999999734,1.0915360000002954
4.963909999999734,1.0896990000002953
4.965579999999734,1.087862000000296
4.9672499999997335,1.086025000000296
4.968919999999733,1.084188000000296
4.970589999999733,1.0823510000002958
4.972259999999733,1.0805140000002966
4.973929999999733,1.0786770000002965
4.975599999999733,1.0768400000002973
4.9772699999997325,1.0750030000002964
4.978939999999732,1.0731660000002972
4.980609999999732,1.071329000000297
4.982279999999732,1.0694920000002979
4.983949999999732,1.0676550000002978
4.985619999999732,1.0658180000002977
4.9872899999997315,1.0639810000002976
4.988959999999731,1.0621440000002984
4.990629999999731,1.0603070000002983
4.992299999999731,1.0584700000002982
4.993969999999731,1.0566330000002981
4.995639999999731,1.054796000000299
4.997309999999731,1.0529590000002989
4.99897999999973,1.0511220000002996
5.00064999999973,1.0492850000002987
5.00231999999973,1.0474480000002995
5.00398999999973,1.0456110000002994
5.00565999999973,1.0437740000003002
5.00732999999973,1.0419370000003
5.0089999999997294,1.0401000000003
5.010669999999729,1.0382630000003
5.012339999999729,1.0364260000003007
5.014009999999729,1.0345890000003006
5.015679999999729,1.0327520000003014
5.017349999999729,1.0309150000003013
5.0190199999997285,1.0290780000003013
5.020689999999728,1.0272410000003012
5.022359999999728,1.025404000000302
5.024029999999728,1.0235670000003019
5.025699999999728,1.0217300000003027
5.027369999999728,1.0198930000003017
5.0290399999997275,1.0180560000003025
5.030709999999727,1.0162190000003024
5.032379999999727,1.0143820000003032
5.034049999999727,1.0125450000003031
5.035719999999727,1.010708000000303
5.037389999999727,1.008871000000303
5.0390599999997265,1.0070340000003037
5.040729999999726,1.0051970000003037
5.042399999999726,1.0033600000003045
5.044069999999726,1.0015230000003035
5.045739999999726,0.9996860000003043
5.047409999999726,0.9978490000003042
5.049079999999726,0.996012000000305
5.050749999999725,0.9941750000003049
5.052419999999725,0.9923380000003057
5.054089999999725,0.9905010000003047
5.055759999999725,0.9886640000003055
5.057429999999725,0.9868270000003054
5.059099999999725,0.9849900000003062
5.060769999999724,0.9831530000003061
5.062439999999724,0.981316000000306
5.064109999999724,0.979479000000306
5.065779999999724,0.9776420000003068
5.067449999999724,0.9758050000003067
5.069119999999724,0.9739680000003075
5.0707899999997235,0.9721310000003065
5.072459999999723,0.9702940000003073
5.074129999999723,0.9684570000003072
5.075799999999723,0.966620000000308
5.077469999999723,0.964783000000307
5.079139999999723,0.9629460000003078
5.0808099999997225,0.9611090000003077
5.082479999999722,0.9592720000003085
5.084149999999722,0.9574350000003085
5.085819999999722,0.9555980000003084
5.087489999999722,0.9537610000003083
5.089159999999722,0.9519240000003091
5.0908299999997215,0.950087000000309
5.092499999999721,0.9482500000003098
5.094169999999721,0.9464130000003088
5.095839999999721,0.9445760000003096
5.097509999999721,0.9427390000003095
5.099179999999721,0.9409020000003094
5.1008499999997206,0.9390650000003093
5.10251999999972,0.9372280000003101
5.10418999999972,0.9353910000003101
5.10585999999972,0.9335540000003109
5.10752999999972,0.9317170000003108
5.10919999999972,0.9298800000003107
5.11086999999972,0.9280430000003106
5.112539999999719,0.9262060000003114
5.114209999999719,0.9243690000003113
5.115879999999719,0.9225320000003112
5.117549999999719,0.9206950000003111
5.119219999999719,0.9188580000003119
5.120889999999719,0.9170210000003118
5.1225599999997184,0.9151840000003126
5.124229999999718,0.9133470000003117
5.125899999999718,0.9115100000003125
5.127569999999718,0.9096730000003124
5.129239999999718,0.9078360000003132
5.130909999999718,0.9059990000003131
5.1325799999997175,0.904162000000313
5.134249999999717,0.9023250000003129
5.135919999999717,0.9004880000003137
5.137589999999717,0.8986510000003136
5.139259999999717,0.8968140000003144
5.140929999999717,0.8949770000003134
5.1425999999997165,0.8931400000003142
5.144269999999716,0.8913030000003141
5.145939999999716,0.889466000000315
5.147609999999716,0.8876290000003149
5.149279999999716,0.8857920000003157
5.150949999999716,0.8839550000003147
5.1526199999997155,0.8821180000003155
5.154289999999715,0.8802810000003154
5.155959999999715,0.8784440000003162
5.157629999999715,0.8766070000003161
5.159299999999715,0.874770000000316
5.160969999999715,0.8729330000003159
5.162639999999715,0.8710960000003167
5.164309999999714,0.8692590000003166
5.165979999999714,0.8674220000003174
5.167649999999714,0.8655850000003165
5.169319999999714,0.8637480000003173
5.170989999999714,0.8619110000003172
5.172659999999714,0.860074000000318
5.174329999999713,0.8582370000003179
5.175999999999713,0.8564000000003187
5.177669999999713,0.8545630000003177
5.179339999999713,0.8527260000003185
5.181009999999713,0.8508890000003184
5.182679999999713,0.8490520000003192
5.1843499999997125,0.8472150000003191
5.186019999999712,0.845378000000319
5.187689999999712,0.843541000000319
5.189359999999712,0.8417040000003198
5.191029999999712,0.8398670000003197
5.192699999999712,0.8380300000003205
5.1943699999997115,0.8361930000003195
5.196039999999711,0.8343560000003203
5.197709999999711,0.8325190000003202
5.199379999999711,0.830682000000321
5.201049999999711,0.8288450000003209
5.202719999999711,0.8270080000003208
5.2043899999997105,0.8251710000003207
5.20605999999971,0.8233340000003215
5.20772999999971,0.8214970000003214
5.20939999999971,0.8196600000003222
5.21106999999971,0.8178230000003222
5.21273999999971,0.8159860000003221
5.2144099999997096,0.814149000000322
5.216079999999709,0.8123120000003228
5.217749999999709,0.8104750000003227
5.219419999999709,0.8086380000003235
5.221089999999709,0.8068010000003225
5.222759999999709,0.8049640000003233
5.224429999999709,0.8031270000003232
5.226099999999708,0.801290000000324
5.227769999999708,0.7994530000003239
5.229439999999708,0.7976160000003238
5.231109999999708,0.7957790000003238
5.232779999999708,0.7939420000003246
5.234449999999708,0.7921050000003245
5.2361199999997075,0.7902680000003253
5.237789999999707,0.7884310000003252
5.239459999999707,0.7865940000003251
5.241129999999707,0.784757000000325
5.242799999999707,0.7829200000003258
5.244469999999707,0.7810830000003257
5.2461399999997065,0.7792460000003265
5.247809999999706,0.7774090000003255
5.249479999999706,0.7755720000003263
5.251149999999706,0.7737350000003262
5.252819999999706,0.771898000000327
5.254489999999706,0.770061000000327
5.2561599999997055,0.7682240000003269
5.257829999999705,0.7663870000003268
5.259499999999705,0.7645500000003276
5.261169999999705,0.7627130000003275
5.262839999999705,0.7608760000003274
5.264509999999705,0.7590390000003273
5.2661799999997045,0.7572020000003281
5.267849999999704,0.755365000000328
5.269519999999704,0.7535280000003288
5.271189999999704,0.7516910000003278
5.272859999999704,0.7498540000003286
5.274529999999704,0.7480170000003286
5.276199999999704,0.7461800000003294
5.277869999999703,0.7443430000003293
5.279539999999703,0.7425060000003292
5.281209999999703,0.7406690000003291
5.282879999999703,0.7388320000003299
5.284549999999703,0.7369950000003298
5.286219999999703,0.7351580000003297
5.287889999999702,0.7333210000003296
5.289559999999702,0.7314840000003304
5.291229999999702,0.7296470000003303
5.292899999999702,0.7278100000003311
5.294569999999702,0.7259730000003302
5.296239999999702,0.724136000000331
5.2979099999997015,0.7222990000003318
5.299579999999701,0.7204620000003317
5.301249999999701,0.7186250000003316
5.302919999999701,0.7167880000003315
5.304589999999701,0.7149510000003314
5.306259999999701,0.7131140000003322
5.3079299999997005,0.7112770000003321
5.3095999999997,0.709440000000332
5.3112699999997,0.7076030000003319
5.3129399999997,0.7057660000003327
5.3146099999997,0.7039290000003326
5.3162799999997,0.7020920000003334
5.3179499999996995,0.7002550000003325
5.319619999999699,0.6984180000003333
5.321289999999699,0.6965810000003332
5.322959999999699,0.694744000000334
5.324629999999699,0.6929070000003339
5.326299999999699,0.6910700000003338
5.327969999999699,0.6892330000003337
5.329639999999698,0.6873960000003345
5.331309999999698,0.6855590000003344
5.332979999999698,0.6837220000003352
5.334649999999698,0.6818850000003351
5.336319999999698,0.680048000000335
5.337989999999698,0.678211000000335
5.339659999999697,0.6763740000003358
5.341329999999697,0.6745370000003357
5.342999999999697,0.6727000000003365
5.344669999999697,0.6708630000003355
5.346339999999697,0.6690260000003363
5.348009999999697,0.6671890000003362
5.3496799999996965,0.665352000000337
5.351349999999696,0.6635150000003369
5.353019999999696,0.6616780000003368
5.354689999999696,0.6598410000003367
5.356359999999696,0.6580040000003375
5.358029999999696,0.6561670000003375
5.3596999999996955,0.6543300000003383
5.361369999999695,0.6524930000003382
5.363039999999695,0.6506560000003381
5.364709999999695,0.648819000000338
5.366379999999695,0.6469820000003388
5.368049999999695,0.6451450000003387
5.3697199999996945,0.6433080000003395
5.371389999999694,0.6414710000003385
5.373059999999694,0.6396340000003393
5.374729999999694,0.6377970000003392
5.376399999999694,0.63596000000034
5.378069999999694,0.6341230000003399
5.3797399999996935,0.6322860000003399
5.381409999999693,0.6304490000003398
5.383079999999693,0.6286120000003406
5.384749999999693,0.6267750000003405
5.386419999999693,0.6249380000003404
5.388089999999693,0.6231010000003403
5.389759999999693,0.6212640000003411
5.391429999999692,0.619427000000341
5.393099999999692,0.6175900000003418
5.394769999999692,0.6157530000003408
5.396439999999692,0.6139160000003416
5.398109999999692,0.6120790000003415
5.399779999999692,0.6102420000003423
5.401449999999691,0.6084050000003423
5.403119999999691,0.6065680000003422
5.404789999999691,0.6047310000003421
5.406459999999691,0.6028940000003429
5.408129999999691,0.6010570000003428
5.409799999999691,0.5992200000003427
5.4114699999996905,0.5973830000003426
5.41313999999969,0.5955460000003434
5.41480999999969,0.5937090000003433
5.41647999999969,0.5918720000003441
5.41814999999969,0.5900350000003431
5.41981999999969,0.588198000000344
5.4214899999996895,0.5863610000003439
5.423159999999689,0.5845240000003447
5.424829999999689,0.5826870000003446
5.426499999999689,0.5808500000003445
5.428169999999689,0.5790130000003444
5.429839999999689,0.5771760000003452
5.4315099999996885,0.5753390000003451
5.433179999999688,0.573502000000345
5.434849999999688,0.5716650000003449
5.436519999999688,0.5698280000003457
5.438189999999688,0.5679910000003456
5.439859999999688,0.5661540000003464
5.441529999999688,0.5643170000003455
5.443199999999687,0.5624800000003463
5.444869999999687,0.5606430000003462
5.446539999999687,0.558806000000347
5.448209999999687,0.5569690000003469
5.449879999999687,0.5551320000003468
5.451549999999687,0.5532950000003467
5.453219999999686,0.5514580000003475
5.454889999999686,0.5496210000003474
5.456559999999686,0.5477840000003482
5.458229999999686,0.5459470000003481
5.459899999999686,0.544110000000348
5.461569999999686,0.542273000000348
5.4632399999996855,0.5404360000003487
5.464909999999685,0.5385990000003487
5.466579999999685,0.5367620000003495
5.468249999999685,0.5349250000003485
5.469919999999685,0.5330880000003493
5.471589999999685,0.5312510000003492
5.4732599999996845,0.52941400000035
5.474929999999684,0.5275770000003499
5.476599999999684,0.5257400000003498
5.478269999999684,0.5239030000003497
5.479939999999684,0.5220660000003505
5.481609999999684,0.5202290000003504
5.4832799999996835,0.5183920000003512
5.484949999999683,0.5165550000003511
5.486619999999683,0.5147180000003511
5.488289999999683,0.512881000000351
5.489959999999683,0.5110440000003518
5.491629999999683,0.5092070000003517
5.4932999999996825,0.5073700000003525
5.494969999999682,0.5055330000003515
5.496639999999682,0.5036960000003523
5.498309999999682,0.5018590000003522
5.499979999999682,0.5000220000003521
5.501649999999682,0.4993400000001289
5.503319999999682,0.4986720000001279
5.504989999999681,0.4980040000001287
5.506659999999681,0.49733600000012856
5.508329999999681,0.49666800000012934
5.509999999999681,0.49600000000012834
5.511669999999681,0.4953320000001291
5.513339999999681,0.494664000000129
5.5150099999996804,0.4939960000001289
5.51667999999968,0.4933280000001288
5.51834999999968,0.49266000000012955
5.52001999999968,0.49199200000012855
5.52168999999968,0.4913240000001293
5.52335999999968,0.4906560000001292
5.5250299999996795,0.48998800000013
5.526699999999679,0.489320000000129
5.528369999999679,0.48865200000012976
5.530039999999679,0.48798400000012965
5.531709999999679,0.48731600000012953
5.533379999999679,0.4866480000001294
5.5350499999996785,0.4859800000001302
5.536719999999678,0.4853120000001292
5.538389999999678,0.48464400000012997
5.540059999999678,0.48397600000012986
5.541729999999678,0.48330800000013063
5.543399999999678,0.48264000000012963
5.5450699999996775,0.4819720000001304
5.546739999999677,0.4813040000001303
5.548409999999677,0.4806360000001302
5.550079999999677,0.47996800000013007
5.551749999999677,0.47930000000013084
5.553419999999677,0.47863200000012984
5.555089999999677,0.4779640000001306
5.556759999999676,0.4772960000001305
5.558429999999676,0.4766280000001313
5.560099999999676,0.4759600000001303
5.561769999999676,0.47529200000013105
5.563439999999676,0.47462400000013094
5.565109999999676,0.47395600000013083
5.566779999999675,0.4732880000001307
5.568449999999675,0.4726200000001315
5.570119999999675,0.4719520000001305
5.571789999999675,0.47128400000013126
5.573459999999675,0.47061600000013115
5.575129999999675,0.4699480000001319
5.5767999999996745,0.4692800000001309
5.578469999999674,0.4686120000001317
5.580139999999674,0.4679440000001316
5.581809999999674,0.4672760000001315
5.583479999999674,0.46660800000013136
5.585149999999674,0.46594000000013214
5.5868199999996735,0.46527200000013114
5.588489999999673,0.4646040000001319
5.590159999999673,0.4639360000001318
5.591829999999673,0.4632680000001326
5.593499999999673,0.4626000000001316
5.595169999999673,0.46193200000013235
5.5968399999996725,0.46126400000013223
5.598509999999672,0.4605960000001321
5.600179999999672,0.459928000000132
5.601849999999672,0.4592600000001328
5.603519999999672,0.4585920000001318
5.605189999999672,0.45792400000013256
5.6068599999996716,0.45725600000013245
5.608529999999671,0.4565880000001332
5.610199999999671,0.4559200000001322
5.611869999999671,0.455252000000133
5.613539999999671,0.4545840000001329
5.615209999999671,0.45391600000013277
5.616879999999671,0.45324800000013266
5.61854999999967,0.45258000000013343
5.62021999999967,0.45191200000013243
5.62188999999967,0.4512440000001332
5.62355999999967,0.4505760000001331
5.62522999999967,0.44990800000013387
5.62689999999967,0.44924000000013287
5.6285699999996694,0.44857200000013364
5.630239999999669,0.44790400000013353
5.631909999999669,0.4472360000001334
5.633579999999669,0.4465680000001333
5.635249999999669,0.4459000000001341
5.636919999999669,0.4452320000001331
5.6385899999996685,0.44456400000013385
5.640259999999668,0.44389600000013374
5.641929999999668,0.4432280000001345
5.643599999999668,0.4425600000001335
5.645269999999668,0.4418920000001343
5.646939999999668,0.4412240000001342
5.6486099999996675,0.44055600000013406
5.650279999999667,0.43988800000013395
5.651949999999667,0.4392200000001347
5.653619999999667,0.4385520000001337
5.655289999999667,0.4378840000001345
5.656959999999667,0.4372160000001344
5.6586299999996665,0.43654800000013516
5.660299999999666,0.43588000000013416
5.661969999999666,0.43521200000013494
5.663639999999666,0.4345440000001348
5.665309999999666,0.4338760000001347
5.666979999999666,0.4332080000001346
5.668649999999666,0.43254000000013537
5.670319999999665,0.43187200000013437
5.671989999999665,0.43120400000013515
5.673659999999665,0.43053600000013503
5.675329999999665,0.4298680000001358
5.676999999999665,0.4292000000001348
5.678669999999665,0.4285320000001356
5.680339999999664,0.42786400000013547
5.682009999999664,0.42719600000013536
5.683679999999664,0.42652800000013524
5.685349999999664,0.425860000000136
5.687019999999664,0.425192000000135
5.688689999999664,0.4245240000001358
5.6903599999996635,0.4238560000001357
5.692029999999663,0.42318800000013646
5.693699999999663,0.42252000000013545
5.695369999999663,0.42185200000013623
5.697039999999663,0.4211840000001361
5.698709999999663,0.420516000000136
5.7003799999996625,0.4198480000001359
5.702049999999662,0.41918000000013667
5.703719999999662,0.41851200000013566
5.705389999999662,0.41784400000013644
5.707059999999662,0.4171760000001363
5.708729999999662,0.4165080000001371
5.7103999999996615,0.4158400000001361
5.712069999999661,0.4151720000001369
5.713739999999661,0.41450400000013676
5.715409999999661,0.41383600000013665
5.717079999999661,0.41316800000013654
5.718749999999661,0.4125000000001373
5.7204199999996606,0.4118320000001363
5.72208999999966,0.4111640000001371
5.72375999999966,0.410496000000137
5.72542999999966,0.40982800000013775
5.72709999999966,0.40916000000013675
5.72876999999966,0.4084920000001375
5.73043999999966,0.4078240000001374
5.732109999999659,0.4071560000001373
5.733779999999659,0.4064880000001372
5.735449999999659,0.40582000000013796
5.737119999999659,0.40515200000013696
5.738789999999659,0.40448400000013773
5.740459999999659,0.4038160000001376
5.7421299999996585,0.4031480000001384
5.743799999999658,0.4024800000001374
5.745469999999658,0.40181200000013817
5.747139999999658,0.40114400000013806
5.748809999999658,0.40047600000013794
5.750479999999658,0.39980800000013783
5.7521499999996575,0.3991400000001386
5.753819999999657,0.3984720000001376
5.755489999999657,0.3978040000001384
5.757159999999657,0.39713600000013827
5.758829999999657,0.39646800000013815
5.760499999999657,0.39580000000013804
5.7621699999996565,0.3951320000001388
5.763839999999656,0.3944640000001387
5.765509999999656,0.3937960000001386
5.767179999999656,0.3931280000001385
5.768849999999656,0.39246000000013925
5.770519999999656,0.39179200000013825
5.7721899999996555,0.391124000000139
5.773859999999655,0.3904560000001389
5.775529999999655,0.3897880000001388
5.777199999999655,0.3891200000001387
5.778869999999655,0.38845200000013946
5.780539999999655,0.38778400000013935
5.782209999999655,0.38711600000013924
5.783879999999654,0.3864480000001391
5.785549999999654,0.3857800000001399
5.787219999999654,0.3851120000001389
5.788889999999654,0.3844440000001397
5.790559999999654,0.38377600000013956
5.792229999999654,0.38310800000013945
5.793899999999653,0.38244000000013934
5.795569999999653,0.3817720000001401
5.797239999999653,0.38110400000014
5.798909999999653,0.3804360000001399
5.800579999999653,0.37976800000013977
5.802249999999653,0.37910000000014055
5.8039199999996525,0.37843200000013955
5.805589999999652,0.3777640000001403
5.807259999999652,0.3770960000001402
5.808929999999652,0.3764280000001401
5.810599999999652,0.37576000000014
5.812269999999652,0.37509200000014076
5.8139399999996515,0.37442400000014064
5.815609999999651,0.37375600000014053
5.817279999999651,0.3730880000001404
5.818949999999651,0.3724200000001412
5.820619999999651,0.3717520000001402
5.822289999999651,0.37108400000014097
5.8239599999996505,0.37041600000014085
5.82562999999965,0.36974800000014074
5.82729999999965,0.36908000000014063
5.82896999999965,0.3684120000001414
5.83063999999965,0.3677440000001413
5.83230999999965,0.3670760000001412
5.83397999999965,0.36640800000014107
5.835649999999649,0.36574000000014184
5.837319999999649,0.36507200000014084
5.838989999999649,0.3644040000001416
5.840659999999649,0.3637360000001415
5.842329999999649,0.3630680000001414
5.843999999999649,0.3624000000001413
5.845669999999648,0.36173200000014205
5.847339999999648,0.36106400000014194
5.849009999999648,0.3603960000001418
5.850679999999648,0.3597280000001417
5.852349999999648,0.3590600000001425
5.854019999999648,0.3583920000001415
5.8556899999996475,0.35772400000014226
5.857359999999647,0.35705600000014215
5.859029999999647,0.35638800000014204
5.860699999999647,0.3557200000001419
5.862369999999647,0.3550520000001427
5.864039999999647,0.3543840000001426
5.8657099999996465,0.35371600000014247
5.867379999999646,0.35304800000014236
5.869049999999646,0.35238000000014313
5.870719999999646,0.35171200000014213
5.872389999999646,0.3510440000001429
5.874059999999646,0.3503760000001428
5.8757299999996455,0.3497080000001427
5.877399999999645,0.34904000000014257
5.879069999999645,0.34837200000014334
5.880739999999645,0.34770400000014323
5.882409999999645,0.3470360000001431
5.884079999999645,0.346368000000143
5.8857499999996445,0.3457000000001438
5.887419999999644,0.3450320000001428
5.889089999999644,0.34436400000014356
5.890759999999644,0.34369600000014344
5.892429999999644,0.34302800000014333
5.894099999999644,0.3423600000001432
5.895769999999644,0.341692000000144
5.897439999999643,0.3410240000001439
5.899109999999643,0.3403560000001429
5.900779999999643,0.33968800000014365
5.902449999999643,0.33902000000014443
5.904119999999643,0.3383520000001434
5.905789999999643,0.3376840000001442
5.907459999999642,0.3370160000001441
5.909129999999642,0.336348000000144
5.910799999999642,0.33568000000014386
5.912469999999642,0.33501200000014464
5.914139999999642,0.3343440000001445
5.915809999999642,0.3336760000001444
5.9174799999996415,0.3330080000001443
5.919149999999641,0.3323400000001451
5.920819999999641,0.3316720000001441
5.922489999999641,0.33100400000014485
5.924159999999641,0.33033600000014474
5.925829999999641,0.3296680000001446
5.9274999999996405,0.3290000000001445
5.92916999999964,0.3283320000001453
5.93083999999964,0.3276640000001452
5.93250999999964,0.32699600000014506
5.93417999999964,0.32632800000014495
5.93584999999964,0.3256600000001457
5.9375199999996395,0.3249920000001447
5.939189999999639,0.3243240000001455
5.940859999999639,0.3236560000001454
5.942529999999639,0.32298800000014527
5.944199999999639,0.32232000000014516
5.945869999999639,0.32165200000014593
5.947539999999639,0.3209840000001458
5.949209999999638,0.3203160000001457
5.950879999999638,0.3196480000001456
5.952549999999638,0.31898000000014637
5.954219999999638,0.31831200000014537
5.955889999999638,0.31764400000014614
5.957559999999638,0.31697600000014603
5.959229999999637,0.3163080000001459
5.960899999999637,0.3156400000001458
5.962569999999637,0.3149720000001466
5.964239999999637,0.31430400000014647
5.965909999999637,0.31363600000014635
5.967579999999637,0.31296800000014624
5.9692499999996365,0.312300000000147
5.970919999999636,0.311632000000146
5.972589999999636,0.3109640000001468
5.974259999999636,0.3102960000001467
5.975929999999636,0.30962800000014656
5.977599999999636,0.30896000000014645
5.9792699999996355,0.3082920000001472
5.980939999999635,0.3076240000001471
5.982609999999635,0.306956000000147
5.984279999999635,0.3062880000001469
5.985949999999635,0.30562000000014766
5.987619999999635,0.30495200000014666
5.9892899999996345,0.30428400000014744
5.990959999999634,0.3036160000001473
5.992629999999634,0.3029480000001472
5.994299999999634,0.3022800000001471
5.995969999999634,0.3016120000001479
5.997639999999634,0.30094400000014687
5.9993099999996335,0.30027600000014765
6.000979999999633,0.29960800000014753
6.002649999999633,0.2989400000001483
6.004319999999633,0.2982720000001473
6.005989999999633,0.2976040000001481
6.007659999999633,0.29693600000014797
6.009329999999633,0.29626800000014786
6.010999999999632,0.29560000000014774
6.012669999999632,0.2949320000001485
6.014339999999632,0.2942640000001475
6.016009999999632,0.2935960000001483
6.017679999999632,0.2929280000001482
6.019349999999632,0.29226000000014896
6.0210199999996314,0.29159200000014796
6.022689999999631,0.29092400000014873
6.024359999999631,0.2902560000001486
6.026029999999631,0.2895880000001485
6.027699999999631,0.2889200000001484
6.029369999999631,0.28825200000014917
6.0310399999996305,0.28758400000014817
6.03270999999963,0.28691600000014894
6.03437999999963,0.28624800000014883
6.03604999999963,0.2855800000001496
6.03771999999963,0.2849120000001486
6.03938999999963,0.2842440000001494
6.0410599999996295,0.28357600000014926
6.042729999999629,0.28290800000014915
6.044399999999629,0.28224000000014904
6.046069999999629,0.2815720000001498
6.047739999999629,0.2809040000001488
6.049409999999629,0.2802360000001496
6.0510799999996285,0.2795680000001495
6.052749999999628,0.27890000000015025
6.054419999999628,0.27823200000014925
6.056089999999628,0.27756400000015
6.057759999999628,0.2768960000001499
6.059429999999628,0.2762280000001498
6.061099999999628,0.2755600000001497
6.062769999999627,0.27489200000015046
6.064439999999627,0.27422400000014946
6.066109999999627,0.27355600000015023
6.067779999999627,0.2728880000001501
6.069449999999627,0.2722200000001509
6.071119999999627,0.2715520000001499
6.072789999999626,0.27088400000015067
6.074459999999626,0.27021600000015056
6.076129999999626,0.26954800000015045
6.077799999999626,0.26888000000015033
6.079469999999626,0.2682120000001511
6.081139999999626,0.2675440000001501
6.0828099999996255,0.2668760000001509
6.084479999999625,0.26620800000015077
6.086149999999625,0.26554000000015154
6.087819999999625,0.26487200000015054
6.089489999999625,0.2642040000001513
6.091159999999625,0.2635360000001512
6.0928299999996245,0.2628680000001511
6.094499999999624,0.262200000000151
6.096169999999624,0.26153200000015175
6.097839999999624,0.26086400000015075
6.099509999999624,0.26019600000015153
6.101179999999624,0.2595280000001514
6.1028499999996235,0.2588600000001522
6.104519999999623,0.2581920000001512
6.106189999999623,0.25752400000015196
6.107859999999623,0.25685600000015185
6.109529999999623,0.25618800000015174
6.111199999999623,0.2555200000001516
6.1128699999996226,0.2548520000001524
6.114539999999622,0.2541840000001514
6.116209999999622,0.2535160000001522
6.117879999999622,0.25284800000015206
6.119549999999622,0.25218000000015284
6.121219999999622,0.25151200000015184
6.122889999999622,0.2508440000001526
6.124559999999621,0.2501760000001525
6.126229999999621,0.24950800000015239
6.127899999999621,0.24884000000015227
6.129569999999621,0.24817200000015305
6.131239999999621,0.24750400000015205
6.132909999999621,0.24683600000015282
6.1345799999996204,0.2461680000001527
6.13624999999962,0.24550000000015348
6.13791999999962,0.24483200000015248
6.13958999999962,0.24416400000015326
6.14125999999962,0.24349600000015315
6.14292999999962,0.24282800000015303
6.1445999999996195,0.24216000000015292
6.146269999999619,0.2414920000001537
6.147939999999619,0.2408240000001527
6.149609999999619,0.24015600000015347
6.151279999999619,0.23948800000015336
6.152949999999619,0.23882000000015413
6.1546199999996185,0.23815200000015313
6.156289999999618,0.2374840000001539
6.157959999999618,0.2368160000001538
6.159629999999618,0.23614800000015368
6.161299999999618,0.23548000000015357
6.162969999999618,0.23481200000015434
6.1646399999996175,0.23414400000015334
6.166309999999617,0.23347600000015412
6.167979999999617,0.232808000000154
6.169649999999617,0.23214000000015478
6.171319999999617,0.23147200000015378
6.172989999999617,0.23080400000015455
6.174659999999617,0.23013600000015444
6.176329999999616,0.22946800000015433
6.177999999999616,0.2288000000001542
6.179669999999616,0.228132000000155
6.181339999999616,0.227464000000154
6.183009999999616,0.22679600000015476
6.184679999999616,0.22612800000015465
6.186349999999615,0.22546000000015542
6.188019999999615,0.22479200000015442
6.189689999999615,0.2241240000001552
6.191359999999615,0.2234560000001551
6.193029999999615,0.22278800000015497
6.194699999999615,0.22212000000015486
6.1963699999996145,0.22145200000015564
6.198039999999614,0.22078400000015463
6.199709999999614,0.2201160000001554
6.201379999999614,0.2194480000001553
6.203049999999614,0.21878000000015607
6.204719999999614,0.21811200000015507
6.2063899999996135,0.21744400000015585
6.208059999999613,0.21677600000015573
6.209729999999613,0.21610800000015562
6.211399999999613,0.2154400000001555
6.213069999999613,0.21477200000015628
6.214739999999613,0.21410400000015528
6.2164099999996125,0.21343600000015606
6.218079999999612,0.21276800000015594
6.219749999999612,0.21210000000015672
6.221419999999612,0.21143200000015572
6.223089999999612,0.2107640000001565
6.224759999999612,0.21009600000015638
6.2264299999996116,0.20942800000015627
6.228099999999611,0.20876000000015615
6.229769999999611,0.20809200000015693
6.231439999999611,0.20742400000015593
6.233109999999611,0.2067560000001567
6.234779999999611,0.2060880000001566
6.236449999999611,0.20542000000015648
6.23811999999961,0.20475200000015636
6.23978999999961,0.20408400000015714
6.24145999999961,0.20341600000015703
6.24312999999961,0.2027480000001569
6.24479999999961,0.2020800000001568
6.24646999999961,0.20141200000015758
6.2481399999996095,0.20074400000015657
6.249809999999609,0.20007600000015735
6.251479999999609,0.19940800000015724
6.253149999999609,0.198740000000158
6.254819999999609,0.198072000000157
6.256489999999609,0.1974040000001578
6.2581599999996085,0.19673600000015767
6.259829999999608,0.19606800000015756
6.261499999999608,0.19540000000015745
6.263169999999608,0.19473200000015822
6.264839999999608,0.19406400000015722
6.266509999999608,0.193396000000158
6.2681799999996075,0.19272800000015788
6.269849999999607,0.19206000000015777
6.271519999999607,0.19139200000015766
6.273189999999607,0.19072400000015843
6.274859999999607,0.19005600000015832
6.276529999999607,0.1893880000001582
6.2781999999996065,0.1887200000001581
6.279869999999606,0.18805200000015887
6.281539999999606,0.18738400000015787
6.283209999999606,0.18671600000015864
6.284879999999606,0.18604800000015853
6.286549999999606,0.18538000000015842
6.288219999999606,0.1847120000001583
6.289889999999605,0.18404400000015908
6.291559999999605,0.18337600000015897
6.293229999999605,0.18270800000015885
6.294899999999605,0.18204000000015874
6.296569999999605,0.18137200000015952
6.298239999999605,0.18070400000015852
6.299909999999604,0.1800360000001584
6.301579999999604,0.17936800000015918
6.303249999999604,0.17870000000015906
6.304919999999604,0.17803200000015895
6.306589999999604,0.17736400000015973
6.308259999999604,0.17669600000015961
6.3099299999996035,0.1760280000001595
6.311599999999603,0.1753600000001594
6.313269999999603,0.17469200000016016
6.314939999999603,0.17402400000015916
6.316609999999603,0.17335600000015994
6.318279999999603,0.17268800000015982
6.3199499999996025,0.1720200000001597
6.321619999999602,0.1713520000001596
6.323289999999602,0.17068400000016037
6.324959999999602,0.17001600000016026
6.326629999999602,0.16934800000016015
6.328299999999602,0.16868000000016004
6.3299699999996015,0.1680120000001608
6.331639999999601,0.1673440000001598
6.333309999999601,0.16667600000016058
6.334979999999601,0.16600800000016047
6.336649999999601,0.16534000000016036
6.338319999999601,0.16467200000016025
6.339989999999601,0.16400400000016102
6.3416599999996,0.1633360000001609
6.3433299999996,0.1626680000001608
6.3449999999996,0.16200000000016068
6.3466699999996,0.16133200000016146
6.3483399999996,0.16066400000016046
6.3500099999996,0.15999600000016123
6.351679999999599,0.15932800000016112
6.353349999999599,0.158660000000161
6.355019999999599,0.1579920000001609
6.356689999999599,0.15732400000016167
6.358359999999599,0.15665600000016155
6.360029999999599,0.15598800000016144
6.3616999999995985,0.15532000000016133
6.363369999999598,0.1546520000001621
6.365039999999598,0.1539840000001611
6.366709999999598,0.15331600000016188
6.368379999999598,0.15264800000016177
6.370049999999598,0.15198000000016165
6.3717199999995975,0.15131200000016154
6.373389999999597,0.15064400000016231
6.375059999999597,0.1499760000001622
6.376729999999597,0.1493080000001621
6.378399999999597,0.14864000000016198
6.380069999999597,0.14797200000016275
6.3817399999995965,0.14730400000016175
6.383409999999596,0.14663600000016253
6.385079999999596,0.1459680000001624
6.386749999999596,0.1453000000001623
6.388419999999596,0.1446320000001622
6.390089999999596,0.14396400000016296
6.3917599999995955,0.14329600000016285
6.393429999999595,0.14262800000016274
6.395099999999595,0.14196000000016262
6.396769999999595,0.1412920000001634
6.398439999999595,0.1406240000001624
6.400109999999595,0.13995600000016317
6.401779999999595,0.13928800000016306
6.403449999999594,0.13862000000016295
6.405119999999594,0.13795200000016283
6.406789999999594,0.1372840000001636
6.408459999999594,0.1366160000001635
6.410129999999594,0.13594800000016338
6.411799999999594,0.13528000000016327
6.413469999999593,0.13461200000016404
6.415139999999593,0.13394400000016304
6.416809999999593,0.13327600000016382
6.418479999999593,0.1326080000001637
6.420149999999593,0.1319400000001636
6.421819999999593,0.13127200000016348
6.4234899999995925,0.13060400000016426
6.425159999999592,0.12993600000016414
6.426829999999592,0.12926800000016403
6.428499999999592,0.12860000000016392
6.430169999999592,0.1279320000001647
6.431839999999592,0.1272640000001637
6.4335099999995915,0.12659600000016447
6.435179999999591,0.12592800000016435
6.436849999999591,0.12526000000016424
6.438519999999591,0.12459200000016413
6.440189999999591,0.1239240000001649
6.441859999999591,0.12325600000016479
6.4435299999995905,0.12258800000016468
6.44519999999959,0.12192000000016456
6.44686999999959,0.12125200000016534
6.44853999999959,0.12058400000016434
6.45020999999959,0.11991600000016511
6.45187999999959,0.119248000000165
6.45354999999959,0.11858000000016489
6.455219999999589,0.11791200000016477
6.456889999999589,0.11724400000016555
6.458559999999589,0.11657600000016544
6.460229999999589,0.11590800000016532
6.461899999999589,0.11524000000016521
6.463569999999589,0.11457200000016599
6.465239999999588,0.11390400000016498
6.466909999999588,0.11323600000016576
6.468579999999588,0.11256800000016565
6.470249999999588,0.11190000000016553
6.471919999999588,0.11123200000016542
6.473589999999588,0.1105640000001662
6.4752599999995875,0.10989600000016608
6.476929999999587,0.10922800000016597
6.478599999999587,0.10856000000016586
6.480269999999587,0.10789200000016663
6.481939999999587,0.10722400000016563
6.483609999999587,0.1065560000001664
6.4852799999995865,0.1058880000001663
6.486949999999586,0.10522000000016618
6.488619999999586,0.10455200000016607
6.490289999999586,0.10388400000016684
6.491959999999586,0.10321600000016673
6.493629999999586,0.10254800000016662
6.4952999999995855,0.1018800000001665
6.496969999999585,0.10121200000016728
6.498639999999585,0.10054400000016628
