TimeInc,Intensity
0.5,0.04666839512574539
0.50167,0.04666839512574539
0.5033399999999999,0.04666839512574539
0.5050099999999998,0.04666839512574539
0.5066799999999998,0.04666839512574539
0.5083499999999997,0.04666839512574539
0.5100199999999997,0.04666839512574539
0.5116899999999996,0.04666839512574539
0.5133599999999996,0.046668395125745415
0.5150299999999995,0.04666839512574539
0.5166999999999995,0.046668395125745415
0.5183699999999994,0.04666839512574539
0.5200399999999994,0.046668395125745415
0.5217099999999993,0.04666839512574539
0.5233799999999993,0.046668395125745415
0.5250499999999992,0.046668395125745415
0.5267199999999992,0.0466683951257454
0.5283899999999991,0.046668395125745374
0.5300599999999991,0.0466683951257454
0.531729999999999,0.0466683951257454
0.533399999999999,0.0466683951257454
0.5350699999999989,0.046668395125745374
0.5367399999999989,0.0466683951257454
0.5384099999999988,0.0466683951257454
0.5400799999999988,0.0466683951257454
0.5417499999999987,0.046668395125745374
0.5434199999999987,0.0466683951257454
0.5450899999999986,0.0466683951257454
0.5467599999999986,0.0466683951257454
0.5484299999999985,0.046668395125745374
0.5500999999999985,0.0466683951257454
0.5517699999999984,0.0466683951257454
0.5534399999999984,0.0466683951257454
0.5551099999999983,0.046668395125745374
0.5567799999999983,0.0466683951257454
0.5584499999999982,0.0466683951257454
0.5601199999999982,0.0466683951257454
0.5617899999999981,0.0466683951257454
0.5634599999999981,0.0466683951257454
0.565129999999998,0.0466683951257454
0.566799999999998,0.0466683951257454
0.5684699999999979,0.0466683951257454
0.5701399999999979,0.0466683951257454
0.5718099999999978,0.0466683951257454
0.5734799999999978,0.0466683951257454
0.5751499999999977,0.0466683951257454
0.5768199999999977,0.04666839512574539
0.5784899999999976,0.04666839512574539
0.5801599999999976,0.04666839512574539
0.5818299999999975,0.04666839512574539
0.5834999999999975,0.04666839512574539
0.5851699999999974,0.04666839512574539
0.5868399999999974,0.04666839512574539
0.5885099999999973,0.04666839512574539
0.5901799999999973,0.04666839512574539
0.5918499999999972,0.04666839512574539
0.5935199999999972,0.04666839512574539
0.5951899999999971,0.04666839512574539
0.5968599999999971,0.04666839512574539
0.598529999999997,0.046668395125745415
0.600199999999997,0.04666839512574539
0.6018699999999969,0.04666839512574539
0.6035399999999969,0.04666839512574539
0.6052099999999968,0.046668395125745415
0.6068799999999968,0.04666839512574539
0.6085499999999967,0.04666839512574539
0.6102199999999967,0.04666839512574539
0.6118899999999966,0.046668395125745415
0.6135599999999966,0.04666839512574539
0.6152299999999965,0.04666839512574539
0.6168999999999965,0.04666839512574539
0.6185699999999964,0.046668395125745415
0.6202399999999963,0.04666839512574539
0.6219099999999963,0.04666839512574539
0.6235799999999962,0.04666839512574539
0.6252499999999962,0.046668395125745415
0.6269199999999961,0.04666839512574539
0.6285899999999961,0.04666839512574539
0.630259999999996,0.04666839512574539
0.631929999999996,0.0466683951257454
0.6335999999999959,0.046668395125745374
0.6352699999999959,0.046668395125745374
0.6369399999999958,0.046668395125745374
0.6386099999999958,0.0466683951257454
0.6402799999999957,0.046668395125745374
0.6419499999999957,0.0466683951257454
0.6436199999999956,0.0466683951257454
0.6452899999999956,0.0466683951257454
0.6469599999999955,0.0466683951257454
0.6486299999999955,0.0466683951257454
0.6502999999999954,0.0466683951257454
0.6519699999999954,0.0466683951257454
0.6536399999999953,0.0466683951257454
0.6553099999999953,0.0466683951257454
0.6569799999999952,0.0466683951257454
0.6586499999999952,0.0466683951257454
0.6603199999999951,0.0466683951257454
0.6619899999999951,0.0466683951257454
0.663659999999995,0.0466683951257454
0.665329999999995,0.0466683951257454
0.6669999999999949,0.0466683951257454
0.6686699999999949,0.0466683951257454
0.6703399999999948,0.0466683951257454
0.6720099999999948,0.0466683951257454
0.6736799999999947,0.0466683951257454
0.6753499999999947,0.0466683951257454
0.6770199999999946,0.0466683951257454
0.6786899999999946,0.04666839512574539
0.6803599999999945,0.04666839512574539
0.6820299999999945,0.04666839512574539
0.6836999999999944,0.04666839512574539
0.6853699999999944,0.04666839512574539
0.6870399999999943,0.04666839512574539
0.6887099999999943,0.04666839512574539
0.6903799999999942,0.04666839512574539
0.6920499999999942,0.04666839512574539
0.6937199999999941,0.04666839512574539
0.6953899999999941,0.04666839512574539
0.697059999999994,0.04666839512574539
0.698729999999994,0.04666839512574539
0.7003999999999939,0.04666839512574539
0.7020699999999939,0.04666839512574539
0.7037399999999938,0.04666839512574539
0.7054099999999938,0.04666839512574539
0.7070799999999937,0.04666839512574539
0.7087499999999937,0.04666839512574539
0.7104199999999936,0.04666839512574539
0.7120899999999936,0.04666839512574539
0.7137599999999935,0.04666839512574539
0.7154299999999935,0.04666839512574539
0.7170999999999934,0.04666839512574539
0.7187699999999934,0.04666839512574539
0.7204399999999933,0.046668395125745415
0.7221099999999933,0.04666839512574539
0.7237799999999932,0.046668395125745415
0.7254499999999932,0.04666839512574539
0.7271199999999931,0.046668395125745415
0.728789999999993,0.04666839512574539
0.730459999999993,0.046668395125745415
0.732129999999993,0.046668395125745415
0.7337999999999929,0.046668395125745415
0.7354699999999929,0.04666839512574539
0.7371399999999928,0.0466683951257454
0.7388099999999928,0.0466683951257454
0.7404799999999927,0.0466683951257454
0.7421499999999926,0.046668395125745374
0.7438199999999926,0.0466683951257454
0.7454899999999925,0.0466683951257454
0.7471599999999925,0.0466683951257454
0.7488299999999924,0.046668395125745374
0.7504999999999924,0.0466683951257454
0.7521699999999923,0.0466683951257454
0.7538399999999923,0.0466683951257454
0.7555099999999922,0.046668395125745374
0.7571799999999922,0.0466683951257454
0.7588499999999921,0.0466683951257454
0.7605199999999921,0.0466683951257454
0.762189999999992,0.046668395125745374
0.763859999999992,0.0466683951257454
0.7655299999999919,0.0466683951257454
0.7671999999999919,0.0466683951257454
0.7688699999999918,0.0466683951257454
0.7705399999999918,0.0466683951257454
0.7722099999999917,0.0466683951257454
0.7738799999999917,0.0466683951257454
0.7755499999999916,0.0466683951257454
0.7772199999999916,0.0466683951257454
0.7788899999999915,0.0466683951257454
0.7805599999999915,0.0466683951257454
0.7822299999999914,0.04666839512574539
0.7838999999999914,0.04666839512574539
0.7855699999999913,0.04666839512574539
0.7872399999999913,0.04666839512574539
0.7889099999999912,0.04666839512574539
0.7905799999999912,0.04666839512574539
0.7922499999999911,0.04666839512574539
0.7939199999999911,0.04666839512574539
0.795589999999991,0.04666839512574539
0.797259999999991,0.04666839512574539
0.7989299999999909,0.04666839512574539
0.8005999999999909,0.04666839512574539
0.8022699999999908,0.04666839512574539
0.8039399999999908,0.04666839512574539
0.8056099999999907,0.046668395125745415
0.8072799999999907,0.04666839512574539
0.8089499999999906,0.04666839512574539
0.8106199999999906,0.04666839512574539
0.8122899999999905,0.046668395125745415
0.8139599999999905,0.04666839512574539
0.8156299999999904,0.04666839512574539
0.8172999999999904,0.04666839512574539
0.8189699999999903,0.046668395125745415
0.8206399999999903,0.04666839512574539
0.8223099999999902,0.04666839512574539
0.8239799999999902,0.04666839512574539
0.8256499999999901,0.046668395125745415
0.8273199999999901,0.04666839512574539
0.82898999999999,0.04666839512574539
0.83065999999999,0.04666839512574539
0.8323299999999899,0.046668395125745415
0.8339999999999899,0.04666839512574539
0.8356699999999898,0.04666839512574539
0.8373399999999898,0.04666839512574539
0.8390099999999897,0.046668395125745415
0.8406799999999897,0.04666839512574539
0.8423499999999896,0.046668395125745415
0.8440199999999896,0.046668395125745374
0.8456899999999895,0.0466683951257454
0.8473599999999895,0.046668395125745374
0.8490299999999894,0.0466683951257454
0.8506999999999894,0.046668395125745374
0.8523699999999893,0.0466683951257454
0.8540399999999893,0.046668395125745374
0.8557099999999892,0.0466683951257454
0.8573799999999892,0.046668395125745374
0.8590499999999891,0.0466683951257454
0.860719999999989,0.046668395125745374
0.862389999999989,0.0466683951257454
0.864059999999989,0.0466683951257454
0.8657299999999889,0.0466683951257454
0.8673999999999888,0.0466683951257454
0.8690699999999888,0.0466683951257454
0.8707399999999887,0.0466683951257454
0.8724099999999887,0.0466683951257454
0.8740799999999886,0.0466683951257454
0.8757499999999886,0.0466683951257454
0.8774199999999885,0.0466683951257454
0.8790899999999885,0.0466683951257454
0.8807599999999884,0.0466683951257454
0.8824299999999884,0.04666839512574539
0.8840999999999883,0.04666839512574539
0.8857699999999883,0.04666839512574539
0.8874399999999882,0.04666839512574539
0.8891099999999882,0.04666839512574539
0.8907799999999881,0.04666839512574539
0.8924499999999881,0.04666839512574539
0.894119999999988,0.04666839512574539
0.895789999999988,0.04666839512574539
0.8974599999999879,0.04666839512574539
0.8991299999999879,0.04666839512574539
0.9007999999999878,0.04666839512574539
0.9024699999999878,0.04666839512574539
0.9041399999999877,0.04666839512574539
0.9058099999999877,0.04666839512574539
0.9074799999999876,0.04666839512574539
0.9091499999999876,0.04666839512574539
0.9108199999999875,0.04666839512574539
0.9124899999999875,0.04666839512574539
0.9141599999999874,0.046668395125745415
0.9158299999999874,0.04666839512574539
0.9174999999999873,0.046668395125745415
0.9191699999999873,0.04666839512574539
0.9208399999999872,0.046668395125745415
0.9225099999999872,0.04666839512574539
0.9241799999999871,0.046668395125745415
0.9258499999999871,0.04666839512574539
0.927519999999987,0.046668395125745415
0.929189999999987,0.04666839512574539
0.9308599999999869,0.046668395125745415
0.9325299999999869,0.04666839512574539
0.9341999999999868,0.046668395125745415
0.9358699999999868,0.04666839512574539
0.9375399999999867,0.046668395125745415
0.9392099999999867,0.04666839512574539
0.9408799999999866,0.046668395125745415
0.9425499999999866,0.04666839512574539
0.9442199999999865,0.046668395125745415
0.9458899999999865,0.04666839512574539
0.9475599999999864,0.0466683951257454
0.9492299999999864,0.046668395125745374
0.9508999999999863,0.0466683951257454
0.9525699999999863,0.0466683951257454
0.9542399999999862,0.0466683951257454
0.9559099999999862,0.046668395125745374
0.9575799999999861,0.0466683951257454
0.9592499999999861,0.0466683951257454
0.960919999999986,0.0466683951257454
0.962589999999986,0.046668395125745374
0.9642599999999859,0.0466683951257454
0.9659299999999859,0.0466683951257454
0.9675999999999858,0.0466683951257454
0.9692699999999858,0.046668395125745374
0.9709399999999857,0.0466683951257454
0.9726099999999857,0.0466683951257454
0.9742799999999856,0.0466683951257454
0.9759499999999856,0.046668395125745374
0.9776199999999855,0.0466683951257454
0.9792899999999854,0.0466683951257454
0.9809599999999854,0.0466683951257454
0.9826299999999853,0.046668395125745374
0.9842999999999853,0.0466683951257454
0.9859699999999852,0.04666839512574539
0.9876399999999852,0.04666839512574539
0.9893099999999851,0.04666839512574539
0.9909799999999851,0.04666839512574539
0.992649999999985,0.04666839512574539
0.994319999999985,0.04666839512574539
0.9959899999999849,0.04666839512574539
0.9976599999999849,0.04666839512574539
0.9993299999999848,0.046668395125745415
1.0009999999999848,0.04666839512574539
1.0026699999999849,0.046668395125745415
1.004339999999985,0.04666839512574539
1.006009999999985,0.0466683951257454
1.007679999999985,0.0466683951257454
1.009349999999985,0.04666839512574539
1.0110199999999852,0.046668395125745415
1.0126899999999852,0.04666839512574539
1.0143599999999853,0.0466683951257454
1.0160299999999853,0.0466683951257454
1.0176999999999854,0.04666839512574539
1.0193699999999855,0.046668395125745415
1.0210399999999855,0.04666839512574539
1.0227099999999856,0.0466683951257454
1.0243799999999856,0.0466683951257454
1.0260499999999857,0.04666839512574539
1.0277199999999858,0.046668395125745415
1.0293899999999858,0.04666839512574539
1.0310599999999859,0.0466683951257454
1.032729999999986,0.04666839512574539
1.034399999999986,0.04666839512574539
1.036069999999986,0.046668395125745415
1.0377399999999861,0.04666839512574539
1.0394099999999862,0.04666839512574539
1.0410799999999862,0.04666839512574539
1.0427499999999863,0.04666839512574539
1.0444199999999864,0.046668395125745415
1.0460899999999864,0.04666839512574539
1.0477599999999865,0.04666839512574539
1.0494299999999865,0.04666839512574539
1.0510999999999866,0.04666839512574539
1.0527699999999867,0.046668395125745415
1.0544399999999867,0.04666839512574539
1.0561099999999868,0.04666839512574539
1.0577799999999868,0.04666839512574539
1.059449999999987,0.04666839512574539
1.061119999999987,0.046668395125745415
1.062789999999987,0.04666839512574539
1.064459999999987,0.04666839512574539
1.0661299999999871,0.04666839512574539
1.0677999999999872,0.04666839512574539
1.0694699999999873,0.046668395125745415
1.0711399999999873,0.04666839512574539
1.0728099999999874,0.04666839512574539
1.0744799999999874,0.04666839512574539
1.0761499999999875,0.04666839512574539
1.0778199999999876,0.046668395125745415
1.0794899999999876,0.04666839512574539
1.0811599999999877,0.04666839512574539
1.0828299999999877,0.04666839512574539
1.0844999999999878,0.04666839512574539
1.0861699999999879,0.046668395125745415
1.087839999999988,0.04666839512574539
1.089509999999988,0.04666839512574539
1.091179999999988,0.04666839512574539
1.092849999999988,0.04666839512574539
1.0945199999999882,0.046668395125745415
1.0961899999999882,0.04666839512574539
1.0978599999999883,0.04666839512574539
1.0995299999999884,0.04666839512574539
1.1011999999999884,0.04666839512574539
1.1028699999999885,0.046668395125745415
1.1045399999999885,0.04666839512574539
1.1062099999999886,0.04666839512574539
1.1078799999999887,0.04666839512574539
1.1095499999999887,0.04666839512574539
1.1112199999999888,0.046668395125745415
1.1128899999999888,0.04666839512574539
1.114559999999989,0.04666839512574539
1.116229999999989,0.04666839512574539
1.117899999999989,0.04666839512574539
1.119569999999989,0.046668395125745415
1.1212399999999891,0.04666839512574539
1.1229099999999892,0.04666839512574539
1.1245799999999893,0.04666839512574539
1.1262499999999893,0.04666839512574539
1.1279199999999894,0.046668395125745415
1.1295899999999894,0.04666839512574539
1.1312599999999895,0.04666839512574539
1.1329299999999896,0.04666839512574539
1.1345999999999896,0.04666839512574539
1.1362699999999897,0.046668395125745415
1.1379399999999897,0.04666839512574539
1.1396099999999898,0.04666839512574539
1.1412799999999899,0.04666839512574539
1.14294999999999,0.04666839512574539
1.14461999999999,0.046668395125745415
1.14628999999999,0.04666839512574539
1.14795999999999,0.04666839512574539
1.1496299999999902,0.04666839512574539
1.1512999999999902,0.04666839512574539
1.1529699999999903,0.046668395125745415
1.1546399999999903,0.04666839512574539
1.1563099999999904,0.04666839512574539
1.1579799999999905,0.04666839512574539
1.1596499999999905,0.04666839512574539
1.1613199999999906,0.046668395125745415
1.1629899999999906,0.046668395125745415
1.1646599999999907,0.04666839512574539
1.1663299999999908,0.04666839512574539
1.1679999999999908,0.04666839512574539
1.1696699999999909,0.046668395125745415
1.171339999999991,0.046668395125745415
1.173009999999991,0.04666839512574539
1.174679999999991,0.04666839512574539
1.1763499999999911,0.04666839512574539
1.1780199999999912,0.046668395125745415
1.1796899999999912,0.046668395125745415
1.1813599999999913,0.04666839512574539
1.1830299999999914,0.04666839512574539
1.1846999999999914,0.04666839512574539
1.1863699999999915,0.046668395125745415
1.1880399999999915,0.046668395125745415
1.1897099999999916,0.04666839512574539
1.1913799999999917,0.04666839512574539
1.1930499999999917,0.04666839512574539
1.1947199999999918,0.046668395125745415
1.1963899999999918,0.046668395125745415
1.198059999999992,0.04666839512574539
1.199729999999992,0.04666839512574539
1.201399999999992,0.04666839512574539
1.203069999999992,0.04666839512574539
1.2047399999999922,0.046668395125745415
1.2064099999999922,0.04666839512574539
1.2080799999999923,0.04666839512574539
1.2097499999999923,0.04666839512574539
1.2114199999999924,0.04666839512574539
1.2130899999999925,0.046668395125745415
1.2147599999999925,0.04666839512574539
1.2164299999999926,0.046668395125745415
1.2180999999999926,0.04666839512574539
1.2197699999999927,0.04666839512574539
1.2214399999999928,0.046668395125745415
1.2231099999999928,0.04666839512574539
1.2247799999999929,0.046668395125745415
1.226449999999993,0.04666839512574539
1.228119999999993,0.04666839512574539
1.229789999999993,0.04666839512574539
1.2314599999999931,0.04666839512574539
1.2331299999999932,0.046668395125745415
1.2347999999999932,0.04666839512574539
1.2364699999999933,0.04666839512574539
1.2381399999999934,0.04666839512574539
1.2398099999999934,0.04666839512574539
1.2414799999999935,0.046668395125745415
1.2431499999999935,0.04666839512574539
1.2448199999999936,0.04666839512574539
1.2464899999999937,0.04666839512574539
1.2481599999999937,0.04666839512574539
1.2498299999999938,0.046668395125745415
1.2514999999999938,0.04666839512574539
1.253169999999994,0.04666839512574539
1.254839999999994,0.04666839512574539
1.256509999999994,0.04666839512574539
1.258179999999994,0.046668395125745415
1.2598499999999941,0.04666839512574539
1.2615199999999942,0.04666839512574539
1.2631899999999943,0.04666839512574539
1.2648599999999943,0.04666839512574539
1.2665299999999944,0.046668395125745415
1.2681999999999944,0.04666839512574539
1.2698699999999945,0.04666839512574539
1.2715399999999946,0.04666839512574539
1.2732099999999946,0.04666839512574539
1.2748799999999947,0.046668395125745415
1.2765499999999947,0.04666839512574539
1.2782199999999948,0.04666839512574539
1.2798899999999949,0.04666839512574539
1.281559999999995,0.04666839512574539
1.283229999999995,0.046668395125745415
1.284899999999995,0.04666839512574539
1.286569999999995,0.04666839512574539
1.2882399999999952,0.04666839512574539
1.2899099999999952,0.04666839512574539
1.2915799999999953,0.046668395125745415
1.2932499999999953,0.04666839512574539
1.2949199999999954,0.04666839512574539
1.2965899999999955,0.04666839512574539
1.2982599999999955,0.04666839512574539
1.2999299999999956,0.046668395125745415
1.3015999999999956,0.04666839512574539
1.3032699999999957,0.04666839512574539
1.3049399999999958,0.04666839512574539
1.3066099999999958,0.04666839512574539
1.308279999999996,0.046668395125745415
1.309949999999996,0.04666839512574539
1.311619999999996,0.04666839512574539
1.313289999999996,0.04666839512574539
1.3149599999999961,0.04666839512574539
1.3166299999999962,0.046668395125745415
1.3182999999999963,0.04666839512574539
1.3199699999999963,0.04666839512574539
1.3216399999999964,0.04666839512574539
1.3233099999999964,0.04666839512574539
1.3249799999999965,0.046668395125745415
1.3266499999999966,0.04666839512574539
1.3283199999999966,0.04666839512574539
1.3299899999999967,0.04666839512574539
1.3316599999999967,0.04666839512574539
1.3333299999999968,0.046668395125745415
1.3349999999999969,0.04666839512574539
1.336669999999997,0.04666839512574539
1.338339999999997,0.04666839512574539
1.340009999999997,0.04666839512574539
1.341679999999997,0.046668395125745415
1.3433499999999972,0.04666839512574539
1.3450199999999972,0.04666839512574539
1.3466899999999973,0.04666839512574539
1.3483599999999973,0.04666839512574539
1.3500299999999974,0.046668395125745415
1.3516999999999975,0.04666839512574539
1.3533699999999975,0.04666839512574539
1.3550399999999976,0.04666839512574539
1.3567099999999976,0.04666839512574539
1.3583799999999977,0.046668395125745415
1.3600499999999978,0.04666839512574539
1.3617199999999978,0.04666839512574539
1.3633899999999979,0.04666839512574539
1.365059999999998,0.04666839512574539
1.366729999999998,0.046668395125745415
1.368399999999998,0.04666839512574539
1.3700699999999981,0.04666839512574539
1.3717399999999982,0.04666839512574539
1.3734099999999982,0.04666839512574539
1.3750799999999983,0.046668395125745415
1.3767499999999984,0.04666839512574539
1.3784199999999984,0.04666839512574539
1.3800899999999985,0.04666839512574539
1.3817599999999985,0.04666839512574539
1.3834299999999986,0.046668395125745415
1.3850999999999987,0.04666839512574539
1.3867699999999987,0.04666839512574539
1.3884399999999988,0.04666839512574539
1.3901099999999988,0.04666839512574539
1.391779999999999,0.046668395125745415
1.393449999999999,0.046668395125745415
1.395119999999999,0.04666839512574539
1.396789999999999,0.04666839512574539
1.3984599999999991,0.04666839512574539
1.4001299999999992,0.046668395125745415
1.4017999999999993,0.046668395125745415
1.4034699999999993,0.04666839512574539
1.4051399999999994,0.04666839512574539
1.4068099999999994,0.04666839512574539
1.4084799999999995,0.046668395125745415
1.4101499999999996,0.046668395125745415
1.4118199999999996,0.04666839512574539
1.4134899999999997,0.04666839512574539
1.4151599999999998,0.04666839512574539
1.4168299999999998,0.046668395125745415
1.4184999999999999,0.046668395125745415
1.42017,0.04666839512574539
1.42184,0.04666839512574539
1.42351,0.04666839512574539
1.4251800000000001,0.046668395125745415
1.4268500000000002,0.046668395125745415
1.4285200000000002,0.04666839512574539
1.4301900000000003,0.04666839512574539
1.4318600000000004,0.04666839512574539
1.4335300000000004,0.046668395125745415
1.4352000000000005,0.046668395125745415
1.4368700000000005,0.04666839512574539
1.4385400000000006,0.04666839512574539
1.4402100000000007,0.04666839512574539
1.4418800000000007,0.04666839512574539
1.4435500000000008,0.046668395125745415
1.4452200000000008,0.04666839512574539
1.446890000000001,0.04666839512574539
1.448560000000001,0.04666839512574539
1.450230000000001,0.04666839512574539
1.451900000000001,0.046668395125745415
1.4535700000000011,0.04666839512574539
1.4552400000000012,0.046668395125745415
1.4569100000000013,0.04666839512574539
1.4585800000000013,0.04666839512574539
1.4602500000000014,0.046668395125745415
1.4619200000000014,0.04666839512574539
1.4635900000000015,0.046668395125745415
1.4652600000000016,0.04666839512574539
1.4669300000000016,0.04666839512574539
1.4686000000000017,0.04666839512574539
1.4702700000000017,0.04666839512574539
1.4719400000000018,0.046668395125745415
1.4736100000000019,0.04666839512574539
1.475280000000002,0.04666839512574539
1.476950000000002,0.04666839512574539
1.478620000000002,0.04666839512574539
1.480290000000002,0.046668395125745415
1.4819600000000022,0.04666839512574539
1.4836300000000022,0.04666839512574539
1.4853000000000023,0.04666839512574539
1.4869700000000023,0.04666839512574539
1.4886400000000024,0.046668395125745415
1.4903100000000025,0.04666839512574539
1.4919800000000025,0.04666839512574539
1.4936500000000026,0.04666839512574539
1.4953200000000026,0.04666839512574539
1.4969900000000027,0.046668395125745415
1.4986600000000028,0.04666839512574539
1.5003300000000028,0.04666839512574539
1.5020000000000029,0.04666839512574539
1.503670000000003,0.04666839512574539
1.505340000000003,0.046668395125745415
1.507010000000003,0.04666839512574539
1.5086800000000031,0.04666839512574539
1.5103500000000032,0.046668395125745415
1.5120200000000033,0.04666839512574539
1.5136900000000033,0.04666839512574539
1.5153600000000034,0.04666839512574539
1.5170300000000034,0.04666839512574539
1.5187000000000035,0.04666839512574539
1.5203700000000036,0.04666839512574539
1.5220400000000036,0.046668395125745415
1.5237100000000037,0.046668395125745415
1.5253800000000037,0.04666839512574539
1.5270500000000038,0.04666839512574536
1.5287200000000039,0.04666839512574539
1.530390000000004,0.046668395125745415
1.532060000000004,0.04666839512574539
1.533730000000004,0.04666839512574539
1.535400000000004,0.04666839512574539
1.5370700000000042,0.04666839512574539
1.5387400000000042,0.046668395125745415
1.5404100000000043,0.04666839512574539
1.5420800000000043,0.04666839512574539
1.5437500000000044,0.046668395125745415
1.5454200000000045,0.04666839512574539
1.5470900000000045,0.04666839512574539
1.5487600000000046,0.04666839512574539
1.5504300000000046,0.04666839512574539
1.5521000000000047,0.04666839512574539
1.5537700000000048,0.04666839512574539
1.5554400000000048,0.046668395125745415
1.5571100000000049,0.046668395125745415
1.558780000000005,0.04666839512574539
1.560450000000005,0.04666839512574536
1.562120000000005,0.04666839512574539
1.5637900000000051,0.046668395125745415
1.5654600000000052,0.04666839512574539
1.5671300000000052,0.04666839512574539
1.5688000000000053,0.04666839512574539
1.5704700000000054,0.04666839512574539
1.5721400000000054,0.046668395125745415
1.5738100000000055,0.04666839512574539
1.5754800000000055,0.04666839512574539
1.5771500000000056,0.046668395125745415
1.5788200000000057,0.04666839512574539
1.5804900000000057,0.04666839512574539
1.5821600000000058,0.04666839512574539
1.5838300000000058,0.04666839512574539
1.585500000000006,0.04666839512574539
1.587170000000006,0.04666839512574539
1.588840000000006,0.046668395125745415
1.590510000000006,0.046668395125745415
1.5921800000000061,0.04666839512574539
1.5938500000000062,0.04666839512574536
1.5955200000000063,0.04666839512574539
1.5971900000000063,0.046668395125745415
1.5988600000000064,0.04666839512574539
1.6005300000000064,0.04666839512574539
1.6022000000000065,0.04666839512574539
1.6038700000000066,0.04666839512574539
1.6055400000000066,0.046668395125745415
1.6072100000000067,0.04666839512574539
1.6088800000000067,0.04666839512574539
1.6105500000000068,0.046668395125745415
1.6122200000000069,0.04666839512574539
1.613890000000007,0.04666839512574539
1.615560000000007,0.04666839512574539
1.617230000000007,0.04666839512574539
1.6189000000000071,0.04666839512574539
1.6205700000000072,0.04666839512574539
1.6222400000000072,0.046668395125745415
1.6239100000000073,0.046668395125745415
1.6255800000000074,0.04666839512574539
1.6272500000000074,0.04666839512574539
1.6289200000000075,0.04666839512574539
1.6305900000000075,0.046668395125745415
1.6322600000000076,0.046668395125745415
1.6339300000000077,0.04666839512574539
1.6356000000000077,0.04666839512574539
1.6372700000000078,0.04666839512574539
1.6389400000000078,0.046668395125745415
1.640610000000008,0.04666839512574539
1.642280000000008,0.04666839512574539
1.643950000000008,0.047434701069060614
1.645620000000008,0.04852641465464799
1.6472900000000081,0.04961812824023534
1.6489600000000082,0.05070984182582303
1.6506300000000083,0.05180155541141068
1.6523000000000083,0.05289326899699803
1.6539700000000084,0.05398498258258541
1.6556400000000084,0.055076696168173095
1.6573100000000085,0.05616840975376075
1.6589800000000086,0.0572601233393481
1.6606500000000086,0.05835183692493545
1.6623200000000087,0.059443550510523135
1.6639900000000087,0.06053526409611082
1.6656600000000088,0.06162697768169817
1.6673300000000089,0.06271869126728552
1.669000000000009,0.0638104048528732
1.670670000000009,0.06490211843846086
1.672340000000009,0.06599383202404824
1.674010000000009,0.06708554560963559
1.6756800000000092,0.06817725919522324
1.6773500000000092,0.06926897278081093
1.6790200000000093,0.07036068636639828
1.6806900000000093,0.07145239995198563
1.6823600000000094,0.07254411353757334
1.6840300000000095,0.07363582712316097
1.6857000000000095,0.07472754070874835
1.6873700000000096,0.0758192542943357
1.6890400000000096,0.07691096787992335
1.6907100000000097,0.07800268146551106
1.6923800000000098,0.07909439505109839
1.6940500000000098,0.08018610863668577
1.6957200000000099,0.08127782222227342
1.69739000000001,0.08236953580786108
1.69906000000001,0.08346124939344848
1.70073000000001,0.0845529629790358
1.7024000000000101,0.08564467656462349
1.7040700000000102,0.08673639015021117
1.7057400000000102,0.0878281037357985
1.7074100000000103,0.08891981732138587
1.7090800000000104,0.09001153090697356
1.7107500000000104,0.09110324449256121
1.7124200000000105,0.09219495807814859
1.7140900000000105,0.09328667166373592
1.7157600000000106,0.0943783852493236
1.7174300000000107,0.09547009883491125
1.7191000000000107,0.09656181242049863
1.7207700000000108,0.09765352600608601
1.7224400000000109,0.09874523959167364
1.724110000000011,0.09983695317726135
1.725780000000011,0.10092866676284867
1.727450000000011,0.10202038034843605
1.729120000000011,0.10311209393402371
1.7307900000000112,0.10420380751961139
1.7324600000000112,0.10529552110519877
1.7341300000000113,0.10638723469078609
1.7358000000000113,0.1074789482763738
1.7374700000000114,0.10857066186196146
1.7391400000000115,0.10966237544754881
1.7408100000000115,0.11075408903313613
1.7424800000000116,0.11184580261872384
1.7441500000000116,0.1129375162043115
1.7458200000000117,0.11402922978989888
1.7474900000000118,0.11512094337548623
1.7491600000000118,0.11621265696107388
1.7508300000000119,0.1173043705466616
1.752500000000012,0.11839608413224892
1.754170000000012,0.1194877977178363
1.755840000000012,0.12057951130342398
1.7575100000000121,0.12167122488901164
1.7591800000000122,0.12276293847459896
1.7608500000000122,0.12385465206018634
1.7625200000000123,0.12494636564577405
1.7641900000000124,0.12603807923136168
1.7658600000000124,0.12712979281694906
1.7675300000000125,0.12822150640253643
1.7692000000000125,0.1293132199881241
1.7708700000000126,0.13040493357371175
1.7725400000000127,0.1314966471592991
1.7742100000000127,0.13258836074488647
1.7758800000000128,0.13368007433047413
1.7775500000000128,0.13477178791606179
1.779220000000013,0.13586350150164916
1.780890000000013,0.13695521508723651
1.782560000000013,0.13804692867282417
1.784230000000013,0.13913864225841188
1.7859000000000131,0.14023035584399926
1.7875700000000132,0.14132206942958658
1.7892400000000133,0.14241378301517427
1.7909100000000133,0.14350549660076192
1.7925800000000134,0.1445972101863493
1.7942500000000134,0.14568892377193668
1.7959200000000135,0.14678063735752434
1.7975900000000136,0.14787235094311196
1.7992600000000136,0.14896406452869934
1.8009300000000137,0.15005577811428672
1.8026000000000137,0.15114749169987438
1.8042700000000138,0.1522392052854621
1.8059400000000139,0.15333091887104938
1.807610000000014,0.15442263245663676
1.809280000000014,0.15551434604222442
1.810950000000014,0.15660605962781213
1.812620000000014,0.15769777321339945
1.8142900000000142,0.1587894867989868
1.8159600000000142,0.1598812003845745
1.8176300000000143,0.16097291397016217
1.8193000000000144,0.16206462755574955
1.8209700000000144,0.16315634114133687
1.8226400000000145,0.16424805472692455
1.8243100000000145,0.1653397683125122
1.8259800000000146,0.1664314818980996
1.8276500000000147,0.16752319548368697
1.8293200000000147,0.16861490906927462
1.8309900000000148,0.16970662265486225
1.8326600000000148,0.17079833624044963
1.834330000000015,0.171890049826037
1.836000000000015,0.17298176341162466
1.837670000000015,0.17407347699721232
1.839340000000015,0.17516519058279967
1.8410100000000151,0.17625690416838705
1.8426800000000152,0.1773486177539747
1.8443500000000153,0.17844033133956239
1.8460200000000153,0.1795320449251498
1.8476900000000154,0.1806237585107371
1.8493600000000154,0.1817154720963248
1.8510300000000155,0.18280718568191245
1.8527000000000156,0.1838988992674998
1.8543700000000156,0.18499061285308716
1.8560400000000157,0.18608232643867484
1.8577100000000157,0.1871740400242625
1.8593800000000158,0.18826575360984987
1.8610500000000159,0.18935746719543722
1.862720000000016,0.1904491807810249
1.864390000000016,0.19154089436661254
1.866060000000016,0.1926326079521999
1.867730000000016,0.1937243215377873
1.8694000000000162,0.19481603512337492
1.8710700000000162,0.19590774870896266
1.8727400000000163,0.19699946229454995
1.8744100000000163,0.19809117588013733
1.8760800000000164,0.19918288946572504
1.8777500000000165,0.20027460305131267
1.8794200000000165,0.20136631663690002
1.8810900000000166,0.20245803022248737
1.8827600000000166,0.20354974380807508
1.8844300000000167,0.20464145739366274
1.8861000000000168,0.2057331709792501
1.8877700000000168,0.2068248845648375
1.8894400000000169,0.20791659815042512
1.891110000000017,0.20900831173601278
1.892780000000017,0.21010002532160016
1.894450000000017,0.2111917389071875
1.8961200000000171,0.2122834524927752
1.8977900000000172,0.21337516607836282
1.8994600000000172,0.2144668796639502
1.9011300000000173,0.21555859324953758
1.9028000000000174,0.2166503068351252
1.9044700000000174,0.2177420204207129
1.9061400000000175,0.21883373400630024
1.9078100000000175,0.21992544759188762
1.9094800000000176,0.22101716117747527
1.9111500000000177,0.22210887476306296
1.9128200000000177,0.22320058834865036
1.9144900000000178,0.22429230193423766
1.9161600000000178,0.22538401551982531
1.917830000000018,0.22647572910541303
1.919500000000018,0.22756744269100038
1.921170000000018,0.22865915627658773
1.922840000000018,0.2297508698621754
1.9245100000000182,0.23084258344776307
1.9261800000000182,0.23193429703335045
1.9278500000000183,0.2330260106189378
1.9295200000000183,0.23411611036296298
1.9311900000000184,0.2352055527838799
1.9328600000000185,0.23629499520479644
1.9345300000000185,0.23738443762571304
1.9362000000000186,0.23847388004662995
1.9378700000000186,0.23956332246754686
1.9395400000000187,0.24065276488846343
1.9412100000000188,0.24174220730938004
1.9428800000000188,0.24283164973029692
1.9445500000000189,0.24392109215121377
1.946220000000019,0.2450105345721304
1.947890000000019,0.24609997699304698
1.949560000000019,0.24718941941396386
1.9512300000000191,0.2482788618348808
1.9529000000000192,0.24936830425579737
1.9545700000000192,0.25045774667671394
1.9562400000000193,0.25154718909763085
1.9579100000000194,0.25263663151854776
1.9595800000000194,0.25372607393946434
1.9612500000000195,0.2548155163603809
1.9629200000000195,0.2559049587812978
1.9645900000000196,0.25699440120221473
1.9662600000000197,0.2580838436231313
1.9679300000000197,0.2591732860440479
1.9696000000000198,0.2602627284649648
1.9712700000000198,0.2613521708858817
1.97294000000002,0.26244161330679827
1.97461000000002,0.26353105572771485
1.97628000000002,0.26462049814863176
1.97795000000002,0.2657099405695486
1.9796200000000201,0.26679938299046524
1.9812900000000202,0.2678888254113818
1.9829600000000203,0.2689782678322987
1.9846300000000203,0.27006771025321563
1.9863000000000204,0.2711571526741322
1.9879700000000204,0.2722465950950488
1.9896400000000205,0.2733360375159657
1.9913100000000206,0.2744254799368826
1.9929800000000206,0.2755149223577992
1.9946500000000207,0.27660436477871575
1.9963200000000207,0.27769380719963266
1.9979900000000208,0.27878324962054957
1.9996600000000209,0.27987269204146614
2.0013300000000207,0.2809621344623827
2.0030000000000205,0.2820515768832993
2.0046700000000204,0.2831410193042159
2.00634000000002,0.28423046172513255
2.00801000000002,0.2853199041460491
2.00968000000002,0.2864093465669657
2.0113500000000197,0.2874987889878823
2.0130200000000196,0.2885882314087989
2.0146900000000194,0.28967767382971554
2.0163600000000192,0.29076711625063206
2.018030000000019,0.2918565586715487
2.019700000000019,0.29294600109246527
2.0213700000000188,0.2940354435133819
2.0230400000000186,0.29512488593429853
2.0247100000000184,0.29621432835521505
2.0263800000000183,0.2973037707761317
2.028050000000018,0.29839321319704826
2.029720000000018,0.2994826556179649
2.031390000000018,0.3005720980388815
2.0330600000000176,0.30166154045979804
2.0347300000000175,0.30275098288071467
2.0364000000000173,0.30384042530163125
2.038070000000017,0.3049298677225479
2.039740000000017,0.3060193101434645
2.041410000000017,0.307108752564381
2.0430800000000167,0.3081981949852977
2.0447500000000165,0.30928763740621423
2.0464200000000163,0.31037707982713086
2.048090000000016,0.3114665222480475
2.049760000000016,0.312555964668964
2.051430000000016,0.31364540708988065
2.0531000000000157,0.3147348495107972
2.0547700000000155,0.31582429193171385
2.0564400000000154,0.3169137343526304
2.058110000000015,0.31800317677354706
2.059780000000015,0.31909261919446363
2.061450000000015,0.3201820616153802
2.0631200000000147,0.32127150403629684
2.0647900000000146,0.3223609464572134
2.0664600000000144,0.32345038887813005
2.0681300000000142,0.3245398312990466
2.069800000000014,0.3256292737199632
2.071470000000014,0.32671882645027506
2.0731400000000137,0.32781054003586235
2.0748100000000136,0.3289022536214498
2.0764800000000134,0.3299939672070371
2.0781500000000133,0.33108568079262446
2.079820000000013,0.3321773943782119
2.081490000000013,0.3332691079637992
2.083160000000013,0.3343608215493867
2.0848300000000126,0.335452535134974
2.0865000000000125,0.3365442487205613
2.0881700000000123,0.3376359623061488
2.089840000000012,0.3387276758917361
2.091510000000012,0.33981938947732343
2.093180000000012,0.34091110306291084
2.0948500000000116,0.3420028166484982
2.0965200000000115,0.34309453023408565
2.0981900000000113,0.34418624381967294
2.099860000000011,0.34527795740526024
2.101530000000011,0.3463696709908477
2.103200000000011,0.34746138457643505
2.1048700000000107,0.34855309816202235
2.1065400000000105,0.3496448117476098
2.1082100000000104,0.3507365253331971
2.10988000000001,0.35182823891878445
2.11155000000001,0.3529199525043719
2.11322000000001,0.3540116660899592
2.1148900000000097,0.35510337967554667
2.1165600000000095,0.35619509326113397
2.1182300000000094,0.3572868068467213
2.119900000000009,0.3583785204323088
2.121570000000009,0.3594702340178961
2.123240000000009,0.36056194760348353
2.1249100000000087,0.36165366118907083
2.1265800000000086,0.3627453747746582
2.1282500000000084,0.36383708836024564
2.1299200000000083,0.36492880194583294
2.131590000000008,0.3660205155314203
2.133260000000008,0.3671122291170077
2.1349300000000078,0.36820394270259504
2.1366000000000076,0.3692956562881824
2.1382700000000074,0.3703873698737698
2.1399400000000073,0.3714790834593571
2.141610000000007,0.37257079704494456
2.143280000000007,0.3736625106305319
2.144950000000007,0.3747542242161192
2.1466200000000066,0.37584593780170666
2.1482900000000065,0.37693765138729396
2.1499600000000063,0.3780293649728814
2.151630000000006,0.37912107855846877
2.153300000000006,0.38021279214405607
2.154970000000006,0.38130450572964353
2.1566400000000057,0.3823962193152308
2.1583100000000055,0.3834879329008182
2.1599800000000053,0.38457964648640564
2.161650000000005,0.38567136007199293
2.163320000000005,0.3867630736575803
2.164990000000005,0.3878547872431677
2.1666600000000047,0.38894650082875504
2.1683300000000045,0.3900382144143425
2.1700000000000044,0.3911299279999298
2.171670000000004,0.39222164158551714
2.173340000000004,0.39331335517110455
2.175010000000004,0.3944050687566919
2.1766800000000037,0.39549678234227936
2.1783500000000036,0.39658849592786666
2.1800200000000034,0.397680209513454
2.1816900000000032,0.3987719230990414
2.183360000000003,0.39986363668462876
2.185030000000003,0.4009553502702161
2.1867000000000028,0.4020470638558035
2.1883700000000026,0.4031387774413908
2.1900400000000024,0.40423049102697817
2.1917100000000023,0.40532220461256563
2.193380000000002,0.4064139181981529
2.195050000000002,0.4075056317837404
2.196720000000002,0.4085973453693277
2.1983900000000016,0.40968905895491503
2.2000600000000015,0.4107807725405025
2.2017300000000013,0.4118724861260898
2.203400000000001,0.41296419971167725
2.205070000000001,0.41405591329726454
2.206740000000001,0.4151476268828519
2.2084100000000007,0.41623934046843936
2.2100800000000005,0.41733105405402665
2.2117500000000003,0.418422767639614
2.21342,0.4195144812252014
2.21509,0.42060619481078876
2.21676,0.4216979083963761
2.2184299999999997,0.4227896219819635
2.2200999999999995,0.42388133556755087
2.2217699999999994,0.42497304915313827
2.223439999999999,0.4260647627387256
2.225109999999999,0.427156476324313
2.226779999999999,0.4282481899099004
2.2284499999999987,0.4293399034954877
2.2301199999999985,0.43043161708107514
2.2317899999999984,0.4315233306666625
2.2334599999999982,0.43261504425224984
2.235129999999998,0.43370675783783724
2.236799999999998,0.43479847142342454
2.2384699999999977,0.4358901850090119
2.2401399999999976,0.43698189859459935
2.2418099999999974,0.43807361218018664
2.2434799999999973,0.4391653257657741
2.245149999999997,0.4402570393513614
2.246819999999997,0.44134875293694875
2.2484899999999968,0.4424404665225362
2.2501599999999966,0.4435321801081235
2.2518299999999964,0.44462389369371097
2.2534999999999963,0.44571560727929826
2.255169999999996,0.4468073208648856
2.256839999999996,0.4478990344504731
2.258509999999996,0.44899074803606037
2.2601799999999956,0.4500824616216477
2.2618499999999955,0.45117417520723513
2.2635199999999953,0.4522658887928225
2.265189999999995,0.45335760237840994
2.266859999999995,0.45444931596399724
2.268529999999995,0.4555410295495846
2.2701999999999947,0.456632743135172
2.2718699999999945,0.45772445672075934
2.2735399999999943,0.4588161703063468
2.275209999999994,0.4599078838919341
2.276879999999994,0.4609995974775214
2.278549999999994,0.46209131106310886
2.2802199999999937,0.4631830246486962
2.2818899999999935,0.4642747382342836
2.2835599999999934,0.46536645181987096
2.285229999999993,0.46645816540545826
2.286899999999993,0.4675498789910457
2.288569999999993,0.46864159257663307
2.2902399999999927,0.4697333061622205
2.2919099999999926,0.4708250197478078
2.2935799999999924,0.4719167333333951
2.2952499999999922,0.4730084469189826
2.296919999999992,0.47410016050456993
2.298589999999992,0.47519187409015723
2.3002599999999918,0.4762835876757447
2.3019299999999916,0.477375301261332
2.3035999999999914,0.47846701484691934
2.3052699999999913,0.4795587284325068
2.306939999999991,0.4806504420180941
2.308609999999991,0.48174215560368155
2.310279999999991,0.48283386918926885
2.3119499999999906,0.4839255827748563
2.3136199999999905,0.48501729636044366
2.3152899999999903,0.48610900994603096
2.31695999999999,0.4872007235316184
2.31862999999999,0.4882924371172057
2.32029999999999,0.48938415070279306
2.3219699999999897,0.4904758642883805
2.3236399999999895,0.4915675778739678
2.3253099999999893,0.4926592914595552
2.326979999999989,0.4937510050451426
2.328649999999989,0.4948427186307299
2.330319999999989,0.49593443221631733
2.3319899999999887,0.4970261458019047
2.3336599999999885,0.4981178593874921
2.3353299999999884,0.49920957297307944
2.336999999999988,0.5003012865586668
2.338669999999988,0.5013930001442541
2.340339999999988,0.5024847137298416
2.3420099999999877,0.5035764273154288
2.3436799999999876,0.5046681409010163
2.3453499999999874,0.5057598544866037
2.3470199999999872,0.506851568072191
2.348689999999987,0.5079432816577785
2.350359999999987,0.5090349952433657
2.3520299999999867,0.5101267088289532
2.3536999999999866,0.5112184224145405
2.3553699999999864,0.5123101360001279
2.3570399999999863,0.5134017196321812
2.358709999999986,0.5144911620530978
2.360379999999986,0.5155806044740144
2.3620499999999858,0.516670046894931
2.3637199999999856,0.5177594893158477
2.3653899999999854,0.5188489317367642
2.3670599999999853,0.5199383741576807
2.368729999999985,0.5210278165785974
2.370399999999985,0.522117258999514
2.372069999999985,0.5232067014204307
2.3737399999999846,0.5242961438413472
2.3754099999999845,0.5253855862622637
2.3770799999999843,0.5264750286831804
2.378749999999984,0.527564471104097
2.380419999999984,0.5286539135250137
2.382089999999984,0.5297433559459301
2.3837599999999837,0.5308327983668467
2.3854299999999835,0.5319222407877634
2.3870999999999833,0.53301168320868
2.388769999999983,0.5341011256295967
2.390439999999983,0.5351905680505131
2.392109999999983,0.5362800104714297
2.3937799999999827,0.5373694528923464
2.3954499999999825,0.538458895313263
2.3971199999999824,0.5395483377341797
2.398789999999982,0.5406377801550961
2.400459999999982,0.5417272225760127
2.402129999999982,0.5428166649969294
2.4037999999999817,0.543906107417846
2.4054699999999816,0.5449955498387626
2.4071399999999814,0.5460849922596791
2.4088099999999812,0.5471744346805958
2.410479999999981,0.5482638771015124
2.412149999999981,0.5493533195224289
2.4138199999999808,0.5504427619433455
2.4154899999999806,0.5515322043642621
2.4171599999999804,0.5526216467851787
2.4188299999999803,0.5537110892060952
2.42049999999998,0.5548005316270119
2.42216999999998,0.5558899740479285
2.42383999999998,0.5569794164688451
2.4255099999999796,0.5580688588897618
2.4271799999999795,0.5591583013106782
2.4288499999999793,0.5602477437315949
2.430519999999979,0.5613371861525115
2.432189999999979,0.5624266285734281
2.433859999999979,0.5635160709943446
2.4355299999999787,0.5646055134152612
2.4371999999999785,0.5656949558361779
2.4388699999999783,0.5667843982570945
2.440539999999978,0.567873840678011
2.442209999999978,0.5689632830989277
2.443879999999978,0.5700527255198442
2.4455499999999777,0.5711421679407609
2.4472199999999775,0.5722316103616775
2.4488899999999774,0.573321052782594
2.450559999999977,0.5744104952035106
2.452229999999977,0.5754999376244272
2.453899999999977,0.5765893800453439
2.4555699999999767,0.5776788224662605
2.4572399999999766,0.578768264887177
2.4589099999999764,0.5798577073080937
2.4605799999999762,0.5809471497290102
2.462249999999976,0.5820365921499268
2.463919999999976,0.5831260345708434
2.4655899999999757,0.58421547699176
2.4672599999999756,0.5853049194126767
2.4689299999999754,0.5863943618335932
2.4705999999999753,0.5874838042545097
2.472269999999975,0.5885732466754264
2.473939999999975,0.589662689096343
2.4756099999999748,0.5907521315172597
2.4772799999999746,0.5918415739381762
2.4789499999999745,0.5929310163590927
2.4806199999999743,0.5940204587800094
2.482289999999974,0.595109901200926
2.483959999999974,0.5961993436218427
2.485629999999974,0.5972887860427591
2.4872999999999736,0.5983782284636757
2.4889699999999735,0.5994676708845924
2.4906399999999733,0.600557113305509
2.492309999999973,0.6016465557264257
2.493979999999973,0.6027359981473421
2.495649999999973,0.6038254405682587
2.4973199999999727,0.6049148829891754
2.4989899999999725,0.606004325410092
2.5006599999999723,0.6066984086077247
2.502329999999972,0.6067874723878647
2.503999999999972,0.6068765361680046
2.505669999999972,0.6069655999481447
2.5073399999999717,0.6070546637282848
2.5090099999999715,0.6071437275084246
2.5106799999999714,0.6072327912885647
2.512349999999971,0.6073218550687046
2.514019999999971,0.6074109188488447
2.515689999999971,0.6074999826289846
2.5173599999999707,0.6075890464091247
2.5190299999999706,0.6076781101892647
2.5206999999999704,0.6077671739694046
2.5223699999999702,0.6078562377495447
2.52403999999997,0.6079453015296847
2.52570999999997,0.6080343653098246
2.5273799999999698,0.6081234290899646
2.5290499999999696,0.6082124928701046
2.5307199999999694,0.6083015566502447
2.5323899999999693,0.6083906204303846
2.534059999999969,0.6084796842105247
2.535729999999969,0.6085687479906646
2.537399999999969,0.6086578117708046
2.5390699999999686,0.6087468755509446
2.5407399999999685,0.6088359393310847
2.5424099999999683,0.6089250031112245
2.544079999999968,0.6090140668913646
2.545749999999968,0.6091031306715046
2.547419999999968,0.6091921944516446
2.5490899999999677,0.6092812582317846
2.5507599999999675,0.6093703220119245
2.5524299999999673,0.6094593857920646
2.554099999999967,0.6095484495722046
2.555769999999967,0.6096375133523446
2.557439999999967,0.6097265771324847
2.5591099999999667,0.6098156409126245
2.5607799999999665,0.6099047046927646
2.5624499999999664,0.6099937684729045
2.564119999999966,0.6100828322530445
2.565789999999966,0.6101718960331846
2.567459999999966,0.6102609598133245
2.5691299999999657,0.6103500235934646
2.5707999999999656,0.6104390873736045
2.5724699999999654,0.6105281511537446
2.5741399999999652,0.6106172149338847
2.575809999999965,0.6107062787140245
2.577479999999965,0.6107953424941646
2.5791499999999647,0.6108844062743045
2.5808199999999646,0.6109734700544445
2.5824899999999644,0.6110625338345845
2.5841599999999643,0.6111515976147245
2.585829999999964,0.6112406613948645
2.587499999999964,0.6113297251750045
2.589169999999964,0.6114187889551446
2.5908399999999636,0.6115078527352846
2.5925099999999635,0.6115969165154245
2.5941799999999633,0.6116859802955645
2.595849999999963,0.6117750440757045
2.597519999999963,0.6118641078558444
2.599189999999963,0.6119531716359845
2.6008599999999626,0.6120422354161245
2.6025299999999625,0.6121312991962645
2.6041999999999623,0.6122203629764045
2.605869999999962,0.6123094267565445
2.607539999999962,0.6123984905366845
2.609209999999962,0.6124875543168244
2.6108799999999617,0.6125766180969645
2.6125499999999615,0.6126656818771044
2.6142199999999614,0.6127547456572444
2.615889999999961,0.6128438094373845
2.617559999999961,0.6129328732175244
2.619229999999961,0.6130219369976645
2.6208999999999607,0.6131110007778044
2.6225699999999605,0.6132000645579445
2.6242399999999604,0.6132891283380845
2.62590999999996,0.6133781921182244
2.62757999999996,0.6134672558983645
2.62924999999996,0.6135563196785043
2.6309199999999597,0.6136453834586444
2.6325899999999596,0.6137344472387845
2.6342599999999594,0.6138235110189244
2.6359299999999593,0.6139125747990645
2.637599999999959,0.6140016385792044
2.639269999999959,0.6140907023593444
2.6409399999999588,0.6141797661394844
2.6426099999999586,0.6142688299196244
2.6442799999999584,0.613375859922204
2.6459499999999583,0.6123732101167565
2.647619999999958,0.6113705603113092
2.649289999999958,0.6103679105058619
2.650959999999958,0.6093652607004144
2.6526299999999576,0.6083626108949671
2.6542999999999575,0.6073599610895197
2.6559699999999573,0.6063573112840723
2.657639999999957,0.605354661478625
2.659309999999957,0.6043520116731775
2.660979999999957,0.6033493618677302
2.6626499999999567,0.6023467120622829
2.6643199999999565,0.6013440622568355
2.6659899999999563,0.6003414124513882
2.667659999999956,0.5993387626459408
2.669329999999956,0.5983361128404934
2.670999999999956,0.597333463035046
2.6726699999999557,0.5963308132295986
2.6743399999999555,0.5953281634241513
2.6760099999999554,0.5943255136187039
2.677679999999955,0.5933228638132565
2.679349999999955,0.5923202140078091
2.681019999999955,0.5913175642023618
2.6826899999999547,0.5903149143969144
2.6843599999999546,0.589312264591467
2.6860299999999544,0.5883096147860196
2.6876999999999542,0.5873069649805722
2.689369999999954,0.5863043151751248
2.691039999999954,0.5853016653696775
2.6927099999999538,0.5842990155642301
2.6943799999999536,0.5832963657587829
2.6960499999999534,0.5822937159533353
2.6977199999999533,0.5812910661478881
2.699389999999953,0.5802884163424407
2.701059999999953,0.5792857665369933
2.702729999999953,0.5782831167315459
2.7043999999999526,0.5772804669260985
2.7060699999999525,0.5762778171206512
2.7077399999999523,0.5752751673152039
2.709409999999952,0.5742725175097564
2.711079999999952,0.5732698677043091
2.712749999999952,0.5722672178988616
2.7144199999999516,0.5712645680934143
2.7160899999999515,0.5702619182879669
2.7177599999999513,0.5692592684825195
2.719429999999951,0.5682566186770722
2.721099999999951,0.5672539688716247
2.722769999999951,0.5662513190661774
2.7244399999999507,0.5652486692607301
2.7261099999999505,0.5642460194552826
2.7277799999999504,0.5632433696498353
2.72944999999995,0.562240719844388
2.73111999999995,0.5612380700389406
2.73278999999995,0.5602354202334933
2.7344599999999497,0.5592327704280458
2.7361299999999495,0.5582301206225985
2.7377999999999494,0.557227470817151
2.7394699999999492,0.5562248210117037
2.741139999999949,0.5552221712062564
2.742809999999949,0.554219521400809
2.7444799999999487,0.5532168715953616
2.7461499999999486,0.5522142217899142
2.7478199999999484,0.5512115719844668
2.7494899999999483,0.5502089221790195
2.751159999999948,0.549206272373572
2.752829999999948,0.5482036225681247
2.7544999999999478,0.5472009727626773
2.7561699999999476,0.54619832295723
2.7578399999999474,0.5451956731517826
2.7595099999999473,0.5441930233463352
2.761179999999947,0.5431903735408878
2.762849999999947,0.5421877237354404
2.764519999999947,0.541185073929993
2.7661899999999466,0.5401824241245458
2.7678599999999465,0.5391797743190984
2.7695299999999463,0.5381771245136511
2.771199999999946,0.5371744747082036
2.772869999999946,0.5361718249027563
2.774539999999946,0.5351691750973089
2.7762099999999457,0.5341665252918615
2.7778799999999455,0.5331638754864141
2.7795499999999453,0.5321612256809667
2.781219999999945,0.5311585758755194
2.782889999999945,0.5301559260700721
2.784559999999945,0.5291532762646246
2.7862299999999447,0.5281506264591773
2.7878999999999445,0.5271479766537298
2.7895699999999444,0.5261453268482825
2.791239999999944,0.5251426770428351
2.792909999999944,0.5241400272373877
2.794579999999944,0.5231373774319403
2.7962499999999437,0.5221347276264929
2.7979199999999436,0.5211320778210456
2.7995899999999434,0.5201294280155984
2.8012599999999432,0.5191267782101509
2.802929999999943,0.5181241284047036
2.804599999999943,0.5171214785992562
2.8062699999999428,0.5161188287938088
2.8079399999999426,0.5151161789883614
2.8096099999999424,0.514113529182914
2.8112799999999423,0.5131108793774667
2.812949999999942,0.5121082295720192
2.814619999999942,0.5111055797665719
2.816289999999942,0.5101029299611246
2.8179599999999416,0.5091002801556772
2.8196299999999415,0.5080976303502298
2.8212999999999413,0.5070949805447824
2.822969999999941,0.506092330739335
2.824639999999941,0.5050896809338877
2.826309999999941,0.5040870311284402
2.8279799999999407,0.5030843813229929
2.8296499999999405,0.5020817315175455
2.8313199999999403,0.5010790817120983
2.83298999999994,0.5000764319066509
2.83465999999994,0.4990737821012034
2.83632999999994,0.4980711322957561
2.8379999999999397,0.49706848249030866
2.8396699999999395,0.4960658326848613
2.8413399999999394,0.495063182879414
2.843009999999939,0.4940605330739666
2.844679999999939,0.49305788326851924
2.846349999999939,0.4920552334630718
2.8480199999999387,0.49105258365762444
2.8496899999999385,0.49004993385217716
2.8513599999999384,0.4890472840467297
2.8530299999999382,0.48804463424128236
2.854699999999938,0.4870419844358349
2.856369999999938,0.4860393346303876
2.8580399999999377,0.4850366848249403
2.8597099999999376,0.4840340350194928
2.8613799999999374,0.4830313852140455
2.8630499999999373,0.4820287354085981
2.864719999999937,0.48102608560315074
2.866389999999937,0.4800234357977034
2.8680599999999368,0.47902078599225595
2.8697299999999366,0.47801813618680866
2.8713999999999364,0.4770154863813612
2.8730699999999363,0.47601283657591387
2.874739999999936,0.4750101867704665
2.876409999999936,0.47400753696501907
2.878079999999936,0.4730048871595718
2.8797499999999356,0.47200223735412433
2.8814199999999355,0.470999587548677
2.8830899999999353,0.4699969377432297
2.884759999999935,0.46899428793778225
2.886429999999935,0.4679916381323349
2.888099999999935,0.4669889883268875
2.8897699999999347,0.46598633852144017
2.8914399999999345,0.4649836887159928
2.8931099999999343,0.4639810389105454
2.894779999999934,0.46297838910509803
2.896449999999934,0.46197573929965063
2.898119999999934,0.4609730894942033
2.8997899999999337,0.45997043968875595
2.9014599999999335,0.45896778988330855
2.9031299999999334,0.4579651400778612
2.904799999999933,0.45696249027241376
2.906469999999933,0.4559598404669664
2.908139999999933,0.4549571906615191
2.9098099999999327,0.4539545408560717
2.9114799999999326,0.45295189105062433
2.9131499999999324,0.4519492412451769
2.9148199999999322,0.4509465914397296
2.916489999999932,0.44994394163428225
2.918159999999932,0.4489412918288348
2.9198299999999318,0.44793864202338746
2.9214999999999316,0.44693599221794
2.9231699999999314,0.4459333424124927
2.9248399999999313,0.4449306926070454
2.926509999999931,0.4439280428015979
2.928179999999931,0.44292539299615064
2.929849999999931,0.4419248058252843
2.9315199999999306,0.44092442718450775
2.9331899999999305,0.4399240485437312
2.9348599999999303,0.4389236699029545
2.93652999999993,0.437923291262178
2.93819999999993,0.4369229126214013
2.93986999999993,0.43592253398062475
2.9415399999999297,0.4349221553398482
2.9432099999999295,0.4339217766990715
2.9448799999999293,0.432921398058295
2.946549999999929,0.4319210194175183
2.948219999999929,0.43092064077674175
2.949889999999929,0.4299202621359652
2.9515599999999287,0.4289198834951885
2.9532299999999285,0.427919504854412
2.9548999999999284,0.4269191262136353
2.956569999999928,0.42591874757285875
2.958239999999928,0.4249183689320822
2.959909999999928,0.4239179902913055
2.9615799999999277,0.422917611650529
2.9632499999999276,0.4219172330097523
2.9649199999999274,0.42091685436897575
2.9665899999999272,0.4199164757281992
2.968259999999927,0.4189160970874225
2.969929999999927,0.417915718446646
2.9715999999999267,0.4169153398058693
2.9732699999999266,0.41591496116509274
2.9749399999999264,0.4149145825243162
2.9766099999999263,0.4139142038835395
2.978279999999926,0.412913825242763
2.979949999999926,0.4119134466019863
2.9816199999999258,0.41091306796120974
2.9832899999999256,0.4099126893204332
2.9849599999999255,0.4089123106796565
2.9866299999999253,0.40791193203888
2.988299999999925,0.4069115533981033
2.989969999999925,0.40591117475732674
2.991639999999925,0.4049107961165502
2.9933099999999246,0.4039104174757735
2.9949799999999245,0.402910038834997
2.9966499999999243,0.4019096601942203
2.998319999999924,0.40090928155344374
2.999989999999924,0.3999089029126672
3.001659999999924,0.3989085242718905
3.0033299999999237,0.39790814563111393
3.0049999999999235,0.3969077669903373
3.0066699999999233,0.39590738834956074
3.008339999999923,0.3949070097087842
3.010009999999923,0.3939066310680075
3.011679999999923,0.39290625242723093
3.0133499999999227,0.3919058737864543
3.0150199999999225,0.39090549514567774
3.0166899999999224,0.3899051165049012
3.018359999999922,0.3889047378641245
3.020029999999922,0.3879043592233479
3.021699999999922,0.38690398058257125
3.0233699999999217,0.38590360194179474
3.0250399999999216,0.38490322330101817
3.0267099999999214,0.3839028446602415
3.0283799999999212,0.3829024660194649
3.030049999999921,0.38190208737868825
3.031719999999921,0.38090170873791174
3.0333899999999208,0.37990133009713517
3.0350599999999206,0.3789009514563585
3.0367299999999204,0.3779005728155819
3.0383999999999203,0.37690019417480525
3.04006999999992,0.37589981553402874
3.04173999999992,0.37489943689325217
3.04340999999992,0.3738990582524755
3.0450799999999196,0.3728986796116989
3.0467499999999195,0.37189830097092225
3.0484199999999193,0.37089792233014574
3.050089999999919,0.36989754368936917
3.051759999999919,0.3688971650485925
3.053429999999919,0.3678967864078159
3.0550999999999187,0.36689640776703925
3.0567699999999185,0.36589602912626273
3.0584399999999183,0.36489565048548617
3.060109999999918,0.3638952718447095
3.061779999999918,0.3628948932039329
3.063449999999918,0.36189451456315624
3.0651199999999177,0.36089413592237973
3.0667899999999175,0.35989375728160317
3.0684599999999174,0.3588933786408265
3.070129999999917,0.3578930000000499
3.071799999999917,0.35689206225685943
3.073469999999917,0.35588941245141203
3.0751399999999167,0.35488676264596475
3.0768099999999166,0.35388411284051735
3.0784799999999164,0.35288146303506995
3.0801499999999162,0.35187881322962256
3.081819999999916,0.35087616342417527
3.083489999999916,0.34987351361872787
3.0851599999999157,0.3488708638132805
3.0868299999999156,0.3478682140078331
3.0884999999999154,0.3468655642023857
3.0901699999999153,0.3458629143969384
3.091839999999915,0.344860264591491
3.093509999999915,0.3438576147860436
3.0951799999999148,0.3428549649805963
3.0968499999999146,0.3418523151751488
3.0985199999999145,0.3408496653697015
3.1001899999999143,0.3398470155642541
3.101859999999914,0.3388443657588067
3.103529999999914,0.33784171595335943
3.105199999999914,0.3368390661479119
3.1068699999999136,0.33583641634246464
3.1085399999999135,0.33483376653701735
3.1102099999999133,0.33383111673156984
3.111879999999913,0.33282846692612256
3.113549999999913,0.33182581712067505
3.115219999999913,0.33082316731522776
3.1168899999999127,0.3298205175097805
3.1185599999999125,0.32881786770433297
3.1202299999999124,0.3278152178988857
3.121899999999912,0.3268125680934383
3.123569999999912,0.3258099182879909
3.125239999999912,0.3248072684825436
3.1269099999999117,0.3238046186770961
3.1285799999999115,0.3228019688716488
3.1302499999999114,0.3217993190662014
3.131919999999911,0.320796669260754
3.133589999999911,0.3197940194553067
3.135259999999911,0.3187913696498593
3.1369299999999107,0.3177887198444119
3.1385999999999106,0.31678607003896453
3.1402699999999104,0.31578342023351713
3.1419399999999102,0.31478077042806984
3.14360999999991,0.31377812062262245
3.14527999999991,0.31277547081717505
3.1469499999999098,0.31177282101172765
3.1486199999999096,0.31077017120628037
3.1502899999999094,0.30976752140083297
3.1519599999999093,0.30876487159538557
3.153629999999909,0.3077622217899382
3.155299999999909,0.3067595719844908
3.156969999999909,0.3057569221790435
3.1586399999999086,0.3047542723735961
3.1603099999999085,0.3037516225681487
3.1619799999999083,0.3027489727627014
3.163649999999908,0.3017463229572539
3.165319999999908,0.3007436731518066
3.166989999999908,0.2997410233463593
3.1686599999999077,0.2987383735409118
3.1703299999999075,0.29773572373546453
3.1719999999999073,0.296733073930017
3.173669999999907,0.29573042412456974
3.175339999999907,0.29472777431912245
3.177009999999907,0.29372512451367494
3.1786799999999067,0.29272247470822765
3.1803499999999065,0.29171982490278014
3.1820199999999064,0.29071717509733286
3.183689999999906,0.28971452529188557
3.185359999999906,0.28871187548643806
3.187029999999906,0.2877092256809908
3.1886999999999057,0.2867065758755434
3.1903699999999056,0.285703926070096
3.1920399999999054,0.2847012762646487
3.1937099999999052,0.2836986264592013
3.195379999999905,0.2826959766537539
3.197049999999905,0.2816933268483065
3.1987199999999048,0.2806906770428591
3.2003899999999046,0.2796880272374118
3.2020599999999044,0.2786853774319644
3.2037299999999043,0.277682727626517
3.205399999999904,0.2766800778210696
3.207069999999904,0.27567742801562223
3.208739999999904,0.27467477821017494
3.2104099999999036,0.27367212840472754
3.2120799999999035,0.27266947859928015
3.2137499999999033,0.27166682879383275
3.215419999999903,0.27066417898838546
3.217089999999903,0.26966152918293806
3.218759999999903,0.26865887937749067
3.2204299999999026,0.26765622957204327
3.2220999999999025,0.26665357976659587
3.2237699999999023,0.2656509299611486
3.225439999999902,0.2646482801557012
3.227109999999902,0.2636456303502538
3.228779999999902,0.2626429805448064
3.2304499999999017,0.261640330739359
3.2321199999999015,0.2606376809339117
3.2337899999999014,0.2596350311284643
3.235459999999901,0.2586323813230169
3.237129999999901,0.2576297315175696
3.238799999999901,0.2566270817121221
3.2404699999999007,0.25562443190667483
3.2421399999999005,0.25462178210122743
3.2438099999999004,0.25361913229578004
3.2454799999999002,0.25261648249033275
3.2471499999999,0.25161383268488524
3.2488199999999,0.25061118287943795
3.2504899999998997,0.24960853307399056
3.2521599999998996,0.24860588326854316
3.2538299999998994,0.24760323346309587
3.2554999999998993,0.24660058365764836
3.257169999999899,0.24559793385220108
3.258839999999899,0.2445952840467538
3.2605099999998988,0.24359263424130628
3.2621799999998986,0.242589984435859
3.2638499999998984,0.2415873346304115
3.2655199999998983,0.2405846848249642
3.267189999999898,0.23958203501951691
3.268859999999898,0.2385793852140694
3.270529999999898,0.23757673540862212
3.2721999999998976,0.2365740856031746
3.2738699999998975,0.23557143579772732
3.2755399999998973,0.23456878599228004
3.277209999999897,0.23356613618683253
3.278879999999897,0.23256348638138524
3.280549999999897,0.23156083657593785
3.2822199999998967,0.23055818677049045
3.2838899999998965,0.22955553696504316
3.2855599999998963,0.22855288715959565
3.287229999999896,0.22755023735414837
3.288899999999896,0.22654758754870097
3.290569999999896,0.22554493774325357
3.2922399999998957,0.22454228793780628
3.2939099999998955,0.22353963813235878
3.2955799999998954,0.2225369883269115
3.297249999999895,0.2215343385214641
3.298919999999895,0.2205316887160167
3.300589999999895,0.2195290389105694
3.3022599999998947,0.218526389105122
3.3039299999998946,0.2175237392996746
3.3055999999998944,0.21652108949422721
3.3072699999998942,0.21551843968877982
3.308939999999894,0.21451578988333253
3.310609999999894,0.21351314007788502
3.3122799999998938,0.21251049027243774
3.3139499999998936,0.21150784046699034
3.3156199999998934,0.21050519066154294
3.3172899999998933,0.20950254085609554
3.318959999999893,0.20849989105064826
3.320629999999893,0.20749724124520086
3.322299999999893,0.20649459143975346
3.3239699999998926,0.20549194163430617
3.3256399999998925,0.20448929182885867
3.3273099999998923,0.20348664202341138
3.328979999999892,0.20248399221796398
3.330649999999892,0.20148134241251658
3.332319999999892,0.2004786926070692
3.3339899999998917,0.1994760428016218
3.3356599999998915,0.1984733929961745
3.3373299999998913,0.1974707431907271
3.338999999999891,0.1964680933852797
3.340669999999891,0.19546544357983242
3.342339999999891,0.1944627937743849
3.3440099999998907,0.19346014396893763
3.3456799999998905,0.19245749416349034
3.3473499999998904,0.19145484435804283
3.34901999999989,0.19045219455259554
3.35068999999989,0.18944954474714804
3.35235999999989,0.18844689494170075
3.3540299999998897,0.18744424513625335
3.3556999999998895,0.18644159533080595
3.3573699999998894,0.18543952427191135
3.3590399999998892,0.18443914563113462
3.360709999999889,0.1834387669903581
3.362379999999889,0.1824383883495816
3.3640499999998887,0.18143800970880486
3.3657199999998886,0.18043763106802835
3.3673899999998884,0.17943725242725161
3.3690599999998883,0.1784368737864751
3.370729999999888,0.1774364951456986
3.372399999999888,0.17643611650492186
3.3740699999998878,0.17543573786414535
3.3757399999998876,0.1744353592233686
3.3774099999998874,0.1734349805825921
3.3790799999998873,0.1724346019418156
3.380749999999887,0.17143422330103886
3.382419999999887,0.17043384466026235
3.384089999999887,0.1694334660194856
3.3857599999998866,0.1684330873787091
3.3874299999998865,0.16743270873793248
3.3890999999998863,0.16643233009715586
3.390769999999886,0.16543195145637934
3.392439999999886,0.1644315728156026
3.394109999999886,0.1634311941748261
3.3957799999998857,0.16243081553404948
3.3974499999998855,0.16143043689327286
3.3991199999998853,0.16043005825249634
3.400789999999885,0.1594296796117196
3.402459999999885,0.1584293009709431
3.404129999999885,0.15742892233016648
3.4057999999998847,0.15642854368938985
3.4074699999998845,0.15542816504861334
3.4091399999998844,0.1544277864078366
3.410809999999884,0.1534274077670601
3.412479999999884,0.15242702912628348
3.414149999999884,0.15142665048550685
3.4158199999998837,0.15042627184473034
3.4174899999998836,0.1494258932039536
3.4191599999998834,0.1484255145631771
3.4208299999998832,0.14742513592240047
3.422499999999883,0.14642475728162385
3.424169999999883,0.14542437864084734
3.4258399999998828,0.1444240000000706
3.4275099999998826,0.1434236213592941
3.4291799999998824,0.14242324271851747
3.4308499999998823,0.14142286407774085
3.432519999999882,0.14042248543696434
3.434189999999882,0.1394221067961876
3.435859999999882,0.1384217281554111
3.4375299999998816,0.13742134951463447
3.4391999999998815,0.13642097087385785
3.4408699999998813,0.13542059223308134
3.442539999999881,0.1344202135923046
3.444209999999881,0.1334198349515281
3.445879999999881,0.13241945631075147
3.4475499999998807,0.13141907766997485
3.4492199999998805,0.13041869902919834
3.4508899999998803,0.1294183203884216
3.45255999999988,0.1284179417476451
3.45422999999988,0.12741756310686847
3.45589999999988,0.12641718446609185
3.4575699999998797,0.12541680582531534
3.4592399999998795,0.1244164271845386
3.4609099999998794,0.12341604854376209
3.462579999999879,0.12241566990298547
3.464249999999879,0.12141529126220885
3.465919999999879,0.12041491262143222
3.4675899999998787,0.1194145339806556
3.4692599999998786,0.11841415533987909
3.4709299999998784,0.11741377669910247
3.4725999999998782,0.11641339805832585
3.474269999999878,0.11541301941754933
3.475939999999878,0.1144126407767726
3.4776099999998777,0.11341226213599609
3.4792799999998776,0.11241188349521947
3.4809499999998774,0.11141150485444284
3.4826199999998773,0.11041112621366622
3.484289999999877,0.1094107475728896
3.485959999999877,0.10841036893211309
3.4876299999998768,0.10740999029133647
3.4892999999998766,0.10640961165055984
3.4909699999998764,0.10540923300978333
3.4926399999998763,0.1044088543690066
3.494309999999876,0.10340847572823009
3.495979999999876,0.10240809708745346
3.497649999999876,0.10140771844667684
3.4993199999998756,0.10040733980590022
3.5009899999998755,0.1000989999999875
3.5026599999998753,0.10026599999998742
3.504329999999875,0.10043299999998734
3.505999999999875,0.10059999999998737
3.507669999999875,0.1007669999999874
3.5093399999998747,0.10093399999998742
3.5110099999998745,0.10110099999998734
3.5126799999998743,0.10126799999998726
3.514349999999874,0.10143499999998729
3.516019999999874,0.10160199999998731
3.517689999999874,0.10176899999998734
3.5193599999998737,0.10193599999998726
3.5210299999998735,0.10210299999998718
3.5226999999998734,0.1022699999999872
3.524369999999873,0.10243699999998723
3.526039999999873,0.10260399999998726
3.527709999999873,0.10277099999998718
3.5293799999998727,0.1029379999999871
3.5310499999998726,0.10310499999998712
3.5327199999998724,0.10327199999998715
3.5343899999998722,0.10343899999998718
3.536059999999872,0.1036059999999871
3.537729999999872,0.10377299999998701
3.5393999999998718,0.10393999999998704
3.5410699999998716,0.10410699999998707
3.5427399999998714,0.1042739999999871
3.5444099999998713,0.10444099999998702
3.546079999999871,0.10460799999998693
3.547749999999871,0.10477499999998696
3.549419999999871,0.10494199999998699
3.5510899999998706,0.10510899999998702
3.5527599999998705,0.10527599999998694
3.5544299999998703,0.10544299999998685
3.55609999999987,0.10560999999998688
3.55776999999987,0.10577699999998691
3.55943999999987,0.10594399999998694
3.5611099999998697,0.10611099999998685
3.5627799999998695,0.10627799999998677
3.5644499999998693,0.1064449999999868
3.566119999999869,0.10661199999998683
3.567789999999869,0.10677899999998686
3.569459999999869,0.10694599999998677
3.5711299999998687,0.10711299999998669
3.5727999999998685,0.10727999999998672
3.5744699999998684,0.10744699999998675
3.576139999999868,0.10761399999998678
3.577809999999868,0.10778099999998669
3.579479999999868,0.10794799999998661
3.5811499999998677,0.10811499999998664
3.5828199999998676,0.10828199999998667
3.5844899999998674,0.1084489999999867
3.5861599999998672,0.10861599999998661
3.587829999999867,0.10878299999998653
3.589499999999867,0.10894999999998656
3.5911699999998667,0.10911699999998659
3.5928399999998666,0.10928399999998661
3.5945099999998664,0.10945099999998653
3.5961799999998663,0.10961799999998645
3.597849999999866,0.10978499999998648
3.599519999999866,0.1099519999999865
3.6011899999998658,0.11011899999998653
3.6028599999998656,0.11028599999998645
3.6045299999998655,0.11045299999998637
3.6061999999998653,0.1106199999999864
3.607869999999865,0.11078699999998642
3.609539999999865,0.11095399999998645
3.611209999999865,0.11112099999998637
3.6128799999998646,0.11128799999998629
3.6145499999998645,0.11145499999998632
3.6162199999998643,0.11162199999998634
3.617889999999864,0.11178899999998637
3.619559999999864,0.11195599999998629
3.621229999999864,0.1121229999999862
3.6228999999998637,0.11228999999998623
3.6245699999998635,0.11245699999998626
3.6262399999998634,0.11262399999998629
3.627909999999863,0.11279099999998621
3.629579999999863,0.11295799999998613
3.631249999999863,0.11312499999998615
3.6329199999998627,0.11329199999998618
3.6345899999998625,0.11345899999998621
3.6362599999998624,0.11362599999998613
3.637929999999862,0.11379299999998604
3.639599999999862,0.11395999999998607
3.641269999999862,0.1141269999999861
3.6429399999998617,0.11429399999998613
3.6446099999998616,0.11446099999998605
3.6462799999998614,0.11462799999998596
3.6479499999998612,0.11479499999998599
3.649619999999861,0.11496199999998602
3.651289999999861,0.11512899999998605
3.6529599999998608,0.11529599999998597
3.6546299999998606,0.11546299999998588
3.6562999999998604,0.11562999999998591
3.6579699999998603,0.11579699999998594
3.65963999999986,0.11596399999998597
3.66130999999986,0.11613099999998588
3.66297999999986,0.1162979999999858
3.6646499999998596,0.11646499999998583
3.6663199999998595,0.11663199999998586
3.6679899999998593,0.11679899999998589
3.669659999999859,0.1169659999999858
3.671329999999859,0.11713299999998572
3.672999999999859,0.11729999999998575
3.6746699999998587,0.11746699999998567
3.6763399999998585,0.1176339999999858
3.6780099999998583,0.11780099999998572
3.679679999999858,0.11796799999998564
3.681349999999858,0.11813499999998567
3.683019999999858,0.11830199999998559
3.6846899999998577,0.11846899999998572
3.6863599999998575,0.11863599999998564
3.6880299999998574,0.11880299999998556
3.689699999999857,0.11896999999998559
3.691369999999857,0.1191369999999855
3.693039999999857,0.11930399999998564
3.6947099999998567,0.11947099999998556
3.6963799999998566,0.11963799999998548
3.6980499999998564,0.1198049999999855
3.6997199999998562,0.11997199999998542
3.701389999999856,0.12013899999998556
3.703059999999856,0.12030599999998548
3.7047299999998557,0.1204729999999854
3.7063999999998556,0.12063999999998543
3.7080699999998554,0.12080699999998534
3.7097399999998553,0.12097399999998548
3.711409999999855,0.1211409999999854
3.713079999999855,0.12130799999998532
3.714749999999855,0.12147499999998534
3.7164199999998546,0.12164199999998526
3.7180899999998545,0.1218089999999854
3.7197599999998543,0.12197599999998532
3.721429999999854,0.12214299999998524
3.723099999999854,0.12230999999998526
3.724769999999854,0.12247699999998518
3.7264399999998536,0.12264399999998532
3.7281099999998535,0.12281099999998524
3.7297799999998533,0.12297799999998515
3.731449999999853,0.12314499999998518
3.733119999999853,0.1233119999999851
3.734789999999853,0.12347899999998524
3.7364599999998527,0.12364599999998516
3.7381299999998525,0.12381299999998507
3.7397999999998524,0.1239799999999851
3.741469999999852,0.12414699999998502
3.743139999999852,0.12431399999998516
3.744809999999852,0.12448099999998508
3.7464799999998517,0.12464799999998499
3.7481499999998515,0.12481499999998502
3.7498199999998514,0.12498199999998494
3.751489999999851,0.12514899999998508
3.753159999999851,0.125315999999985
3.754829999999851,0.1254829999999849
3.7564999999998507,0.12564999999998494
3.7581699999998506,0.12581699999998486
3.7598399999998504,0.125983999999985
3.7615099999998503,0.12615099999998491
3.76317999999985,0.12631799999998483
3.76484999999985,0.12648499999998486
3.7665199999998498,0.12665199999998478
3.7681899999998496,0.12681899999998492
3.7698599999998494,0.12698599999998483
3.7715299999998493,0.12715299999998475
3.773199999999849,0.12731999999998478
3.774869999999849,0.1274869999999847
3.776539999999849,0.12765399999998484
3.7782099999998486,0.12782099999998475
3.7798799999998485,0.12798799999998467
3.7815499999998483,0.1281549999999847
3.783219999999848,0.12832199999998462
3.784889999999848,0.12848899999998475
3.786559999999848,0.12865599999998467
3.7882299999998477,0.1288229999999846
3.7898999999998475,0.12898999999998462
3.7915699999998473,0.12915699999998453
3.793239999999847,0.12932399999998467
3.794909999999847,0.1294909999999846
3.796579999999847,0.1296579999999845
3.7982499999998467,0.12982499999998454
3.7999199999998465,0.12999199999998445
3.8015899999998464,0.1301589999999846
3.803259999999846,0.1303259999999845
3.804929999999846,0.13049299999998443
3.806599999999846,0.13065999999998446
3.8082699999998457,0.13082699999998437
3.8099399999998456,0.1309939999999845
3.8116099999998454,0.13116099999998443
3.8132799999998452,0.13132799999998435
3.814949999999845,0.13149499999998437
3.816619999999845,0.1316619999999843
3.8182899999998448,0.13182899999998443
3.8199599999998446,0.13199599999998435
3.8216299999998444,0.13216299999998427
3.8232999999998443,0.1323299999999843
3.824969999999844,0.1324969999999842
3.826639999999844,0.13266399999998435
3.828309999999844,0.13283099999998427
3.8299799999998436,0.13299799999998418
3.8316499999998435,0.1331649999999842
3.8333199999998433,0.13333199999998413
3.834989999999843,0.13349899999998427
3.836659999999843,0.1336659999999842
3.838329999999843,0.1338329999999841
3.8399999999998427,0.13399999999998413
3.8416699999998425,0.13416699999998405
3.8433399999998423,0.1343339999999842
3.845009999999842,0.1345009999999841
3.846679999999842,0.13466799999998402
3.848349999999842,0.13483499999998405
3.8500199999998417,0.13500199999998397
3.8516899999998415,0.1351689999999841
3.8533599999998414,0.13533599999998402
3.855029999999841,0.13550299999998394
3.856699999999841,0.13566999999998397
3.858369999999841,0.1358369999999839
3.8600399999998407,0.13600399999998403
3.8617099999998405,0.13617099999998394
3.8633799999998404,0.13633799999998386
3.8650499999998402,0.1365049999999839
3.86671999999984,0.1366719999999838
3.86838999999984,0.13683899999998395
3.8700599999998397,0.13700599999998386
3.8717299999998396,0.13717299999998378
3.8733999999998394,0.1373399999999838
3.8750699999998393,0.13750699999998373
3.876739999999839,0.13767399999998386
3.878409999999839,0.13784099999998378
3.8800799999998388,0.1380079999999837
3.8817499999998386,0.13817499999998373
3.8834199999998384,0.13834199999998364
3.8850899999998383,0.13850899999998378
3.886759999999838,0.1386759999999837
3.888429999999838,0.13884299999998362
3.890099999999838,0.13900999999998365
3.8917699999998376,0.13917699999998356
3.8934399999998375,0.1393439999999837
3.8951099999998373,0.13951099999998362
3.896779999999837,0.13967799999998354
3.898449999999837,0.13984499999998357
3.900119999999837,0.14001199999998348
3.9017899999998367,0.14017899999998362
3.9034599999998365,0.14034599999998354
3.9051299999998363,0.14051299999998346
3.906799999999836,0.14067999999998348
3.908469999999836,0.1408469999999834
3.910139999999836,0.14101399999998354
3.9118099999998357,0.14118099999998346
3.9134799999998355,0.14134799999998338
3.9151499999998354,0.1415149999999834
3.916819999999835,0.14168199999998332
3.918489999999835,0.14184899999998346
3.920159999999835,0.14201599999998338
3.9218299999998347,0.1421829999999833
3.9234999999998346,0.14234999999998332
3.9251699999998344,0.14251699999998324
3.9268399999998342,0.14268399999998338
3.928509999999834,0.1428509999999833
3.930179999999834,0.14301799999998321
3.9318499999998338,0.14318499999998324
3.9335199999998336,0.14335199999998316
3.9351899999998334,0.1435189999999833
3.9368599999998333,0.14368599999998322
3.938529999999833,0.14385299999998313
3.940199999999833,0.14401999999998316
3.941869999999833,0.14418699999998308
3.9435399999998326,0.14435399999998322
3.9452099999998325,0.14452099999998314
3.9468799999998323,0.14468799999998305
3.948549999999832,0.14485499999998308
3.950219999999832,0.145021999999983
3.951889999999832,0.14518899999998314
3.9535599999998317,0.14535599999998305
3.9552299999998315,0.14552299999998297
3.9568999999998313,0.145689999999983
3.958569999999831,0.14585699999998292
3.960239999999831,0.14602399999998306
3.961909999999831,0.14619099999998297
3.9635799999998307,0.1463579999999829
3.9652499999998305,0.14652499999998292
3.9669199999998304,0.14669199999998284
3.96858999999983,0.14685899999998298
3.97025999999983,0.1470259999999829
3.97192999999983,0.1471929999999828
3.9735999999998297,0.14735999999998284
3.9752699999998296,0.14752699999998276
3.9769399999998294,0.1476939999999829
3.9786099999998292,0.1478609999999828
3.980279999999829,0.14802799999998273
3.981949999999829,0.14819499999998276
3.9836199999998287,0.14836199999998267
3.9852899999998286,0.1485289999999828
3.9869599999998284,0.14869599999998273
3.9886299999998283,0.14886299999998265
3.990299999999828,0.14902999999998268
3.991969999999828,0.1491969999999826
3.9936399999998278,0.14936399999998273
3.9953099999998276,0.14953099999998265
3.9969799999998274,0.14969799999998257
3.9986499999998273,0.1498649999999826
4.000319999999827,0.1500319999999825
4.001989999999827,0.15019899999998265
4.003659999999827,0.15036599999998246
4.005329999999827,0.1505329999999825
4.0069999999998265,0.15069999999998263
4.008669999999826,0.15086699999998243
4.010339999999826,0.15103399999998257
4.012009999999826,0.15120099999998238
4.013679999999826,0.1513679999999824
4.015349999999826,0.15153499999998254
4.0170199999998255,0.15170199999998235
4.018689999999825,0.1518689999999825
4.020359999999825,0.1520359999999823
4.022029999999825,0.15220299999998232
4.023699999999825,0.15236999999998246
4.025369999999825,0.15253699999998227
4.0270399999998245,0.1527039999999824
4.028709999999824,0.15287099999998222
4.030379999999824,0.15303799999998224
4.032049999999824,0.15320499999998238
4.033719999999824,0.1533719999999822
4.035389999999824,0.15353899999998233
4.037059999999824,0.15370599999998213
4.038729999999823,0.15387299999998216
4.040399999999823,0.1540399999999823
4.042069999999823,0.1542069999999821
4.043739999999823,0.15437399999998225
4.045409999999823,0.15454099999998205
4.047079999999823,0.15470799999998208
4.048749999999822,0.15487499999998222
4.050419999999822,0.15504199999998203
4.052089999999822,0.15520899999998217
4.053759999999822,0.15537599999998197
4.055429999999822,0.155542999999982
4.057099999999822,0.15570999999998214
4.0587699999998215,0.15587699999998195
4.060439999999821,0.15604399999998209
4.062109999999821,0.1562109999999819
4.063779999999821,0.15637799999998192
4.065449999999821,0.15654499999998206
4.067119999999821,0.15671199999998187
4.0687899999998205,0.156878999999982
4.07045999999982,0.1570459999999818
4.07212999999982,0.15721299999998184
4.07379999999982,0.15737999999998198
4.07546999999982,0.15754699999998178
4.07713999999982,0.15771399999998192
4.0788099999998195,0.15788099999998173
4.080479999999819,0.15804799999998176
4.082149999999819,0.1582149999999819
4.083819999999819,0.1583819999999817
4.085489999999819,0.15854899999998184
4.087159999999819,0.15871599999998165
4.0888299999998186,0.15888299999998168
4.090499999999818,0.15904999999998182
4.092169999999818,0.15921699999998162
4.093839999999818,0.15938399999998176
4.095509999999818,0.15955099999998157
4.097179999999818,0.1597179999999816
4.098849999999818,0.15988499999998174
4.100519999999817,0.16005199999998154
4.102189999999817,0.16021899999998168
4.103859999999817,0.1603859999999815
4.105529999999817,0.16055299999998152
4.107199999999817,0.16071999999998166
4.108869999999817,0.16088699999998146
4.1105399999998165,0.1610539999999816
4.112209999999816,0.1612209999999814
4.113879999999816,0.16138799999998144
4.115549999999816,0.16155499999998157
4.117219999999816,0.16172199999998138
4.118889999999816,0.16188899999998152
4.1205599999998155,0.16205599999998133
4.122229999999815,0.16222299999998135
4.123899999999815,0.1623899999999815
4.125569999999815,0.1625569999999813
4.127239999999815,0.16272399999998144
4.128909999999815,0.16289099999998125
4.1305799999998145,0.16305799999998127
4.132249999999814,0.1632249999999814
4.133919999999814,0.16339199999998122
4.135589999999814,0.16355899999998136
4.137259999999814,0.1637259999999814
4.138929999999814,0.1638929999999812
4.1405999999998135,0.16405999999998133
4.142269999999813,0.16422699999998114
4.143939999999813,0.16439399999998128
4.145609999999813,0.1645609999999813
4.147279999999813,0.1647279999999811
4.148949999999813,0.16489499999998125
4.150619999999813,0.16506199999998106
4.152289999999812,0.1652289999999812
4.153959999999812,0.16539599999998122
4.155629999999812,0.16556299999998103
4.157299999999812,0.16572999999998117
4.158969999999812,0.16589699999998098
4.160639999999812,0.16606399999998112
4.162309999999811,0.16623099999998114
4.163979999999811,0.16639799999998095
4.165649999999811,0.1665649999999811
4.167319999999811,0.1667319999999809
4.168989999999811,0.16689899999998103
4.170659999999811,0.16706599999998106
4.1723299999998105,0.16723299999998087
4.17399999999981,0.167399999999981
4.17566999999981,0.16756699999998081
4.17733999999981,0.16773399999998095
4.17900999999981,0.16790099999998098
4.18067999999981,0.1680679999999808
4.1823499999998095,0.16823499999998093
4.184019999999809,0.16840199999998073
4.185689999999809,0.16856899999998087
4.187359999999809,0.1687359999999809
4.189029999999809,0.1689029999999807
4.190699999999809,0.16906999999998085
4.1923699999998085,0.16923699999998065
4.194039999999808,0.1694039999999808
4.195709999999808,0.16957099999998082
4.197379999999808,0.16973799999998063
4.199049999999808,0.16990499999998077
4.200719999999808,0.17007199999998057
4.202389999999808,0.1702389999999807
4.204059999999807,0.17040599999998074
4.205729999999807,0.17057299999998055
4.207399999999807,0.17073999999998068
4.209069999999807,0.1709069999999805
4.210739999999807,0.17107399999998063
4.212409999999807,0.17124099999998066
4.214079999999806,0.17140799999998046
4.215749999999806,0.1715749999999806
4.217419999999806,0.1717419999999804
4.219089999999806,0.17190899999998055
4.220759999999806,0.17207599999998058
4.222429999999806,0.17224299999998038
4.2240999999998055,0.17240999999998052
4.225769999999805,0.17257699999998033
4.227439999999805,0.17274399999998047
4.229109999999805,0.1729109999999805
4.230779999999805,0.1730779999999803
4.232449999999805,0.17324499999998044
4.2341199999998045,0.17341199999998025
4.235789999999804,0.1735789999999804
4.237459999999804,0.17374599999998042
4.239129999999804,0.17391299999998022
4.240799999999804,0.17407999999998036
4.242469999999804,0.17424699999998017
4.2441399999998035,0.1744139999999803
4.245809999999803,0.17458099999998034
4.247479999999803,0.17474799999998014
4.249149999999803,0.17491499999998028
4.250819999999803,0.1750819999999801
4.252489999999803,0.17524899999998023
4.2541599999998025,0.17541599999998025
4.255829999999802,0.17558299999998006
4.257499999999802,0.1757499999999802
4.259169999999802,0.17591699999998
4.260839999999802,0.17608399999998015
4.262509999999802,0.17625099999998017
4.264179999999802,0.17641799999997998
4.265849999999801,0.17658499999998012
4.267519999999801,0.17675199999997993
4.269189999999801,0.17691899999998006
4.270859999999801,0.1770859999999801
4.272529999999801,0.1772529999999799
4.274199999999801,0.17741999999998004
4.2758699999998,0.17758699999997984
4.2775399999998,0.17775399999997998
4.2792099999998,0.17792099999998
4.2808799999998,0.17808799999997982
4.2825499999998,0.17825499999997996
4.2842199999998,0.17842199999997976
4.2858899999997995,0.1785889999999799
4.287559999999799,0.17875599999997993
4.289229999999799,0.17892299999997974
4.290899999999799,0.17908999999997988
4.292569999999799,0.17925699999997968
4.294239999999799,0.17942399999997982
4.2959099999997985,0.17959099999997985
4.297579999999798,0.17975799999997966
4.299249999999798,0.1799249999999798
4.300919999999798,0.1800919999999796
4.302589999999798,0.18025899999997974
4.304259999999798,0.18042599999997977
4.3059299999997975,0.18059299999997958
4.307599999999797,0.18075999999997971
4.309269999999797,0.18092699999997952
4.310939999999797,0.18109399999997966
4.312609999999797,0.1812609999999797
4.314279999999797,0.1814279999999796
4.315949999999797,0.18159499999997963
4.317619999999796,0.18176199999997944
4.319289999999796,0.18192899999997958
4.320959999999796,0.1820959999999796
4.322629999999796,0.18226299999997952
4.324299999999796,0.18242999999997955
4.325969999999796,0.18259699999997936
4.327639999999795,0.1827639999999795
4.329309999999795,0.18293099999997953
4.330979999999795,0.18309799999997944
4.332649999999795,0.18326499999997947
4.334319999999795,0.18343199999997928
4.335989999999795,0.18359899999997942
4.3376599999997945,0.18376599999997945
4.339329999999794,0.18393299999997936
4.340999999999794,0.1840999999999794
4.342669999999794,0.18426699999997942
4.344339999999794,0.18443399999997934
4.346009999999794,0.18460099999997936
4.3476799999997935,0.18476799999997928
4.349349999999793,0.1849349999999793
4.351019999999793,0.18510199999997934
4.352689999999793,0.18526899999997926
4.354359999999793,0.18543599999997928
4.356029999999793,0.1856029999999792
4.3576999999997925,0.18576999999997923
4.359369999999792,0.18593699999997926
4.361039999999792,0.18610399999997917
4.362709999999792,0.1862709999999792
4.364379999999792,0.18643799999997912
4.366049999999792,0.18660499999997915
4.3677199999997915,0.18677199999997918
4.369389999999791,0.1869389999999791
4.371059999999791,0.18710599999997912
4.372729999999791,0.18727299999997904
4.374399999999791,0.18743999999997907
4.376069999999791,0.1876069999999791
4.377739999999791,0.187773999999979
4.37940999999979,0.18794099999997904
4.38107999999979,0.18810799999997896
4.38274999999979,0.188274999999979
4.38441999999979,0.18844199999997902
4.38608999999979,0.18860899999997893
4.38775999999979,0.18877599999997896
4.3894299999997894,0.18894299999997888
4.391099999999789,0.1891099999999789
4.392769999999789,0.18927699999997893
4.394439999999789,0.18944399999997885
4.396109999999789,0.18961099999997888
4.397779999999789,0.1897779999999788
4.3994499999997885,0.18994499999997883
4.401119999999788,0.19011199999997885
4.402789999999788,0.19027899999997877
4.404459999999788,0.1904459999999788
4.406129999999788,0.19061299999997872
4.407799999999788,0.19077999999997874
4.4094699999997875,0.19094699999997877
4.411139999999787,0.1911139999999787
4.412809999999787,0.19128099999997872
4.414479999999787,0.19144799999997864
4.416149999999787,0.19161499999997866
4.417819999999787,0.1917819999999787
4.4194899999997865,0.1919489999999786
4.421159999999786,0.19211599999997864
4.422829999999786,0.19228299999997855
4.424499999999786,0.19244999999997858
4.426169999999786,0.1926169999999786
4.427839999999786,0.19278399999997853
4.429509999999786,0.19295099999997856
4.431179999999785,0.19311799999997847
4.432849999999785,0.1932849999999785
4.434519999999785,0.19345199999997853
4.436189999999785,0.19361899999997845
4.437859999999785,0.19378599999997848
4.439529999999785,0.1939529999999784
4.441199999999784,0.19411999999997842
4.442869999999784,0.19428699999997845
4.444539999999784,0.19445399999997837
4.446209999999784,0.1946209999999784
4.447879999999784,0.1947879999999783
4.449549999999784,0.19495499999997834
4.4512199999997835,0.19512199999997837
4.452889999999783,0.19528899999997829
4.454559999999783,0.1954559999999783
4.456229999999783,0.19562299999997823
4.457899999999783,0.19578999999997826
4.459569999999783,0.1959569999999783
4.4612399999997825,0.1961239999999782
4.462909999999782,0.19629099999997823
4.464579999999782,0.19645799999997815
4.466249999999782,0.19662499999997818
4.467919999999782,0.1967919999999782
4.469589999999782,0.19695899999997812
4.4712599999997815,0.19712599999997815
4.472929999999781,0.19729299999997807
4.474599999999781,0.1974599999999781
4.476269999999781,0.19762699999997813
4.477939999999781,0.19779399999997804
4.479609999999781,0.19796099999997807
4.4812799999997806,0.198127999999978
4.48294999999978,0.19829499999997802
4.48461999999978,0.19846199999997804
4.48628999999978,0.19862899999997796
4.48795999999978,0.198795999999978
4.48962999999978,0.1989629999999779
4.49129999999978,0.19912999999997794
4.492969999999779,0.19929699999997796
4.494639999999779,0.19946399999997788
4.496309999999779,0.1996309999999779
4.497979999999779,0.19979799999997783
4.499649999999779,0.19996499999997785
4.501319999999779,0.20013199999997777
4.5029899999997784,0.2002989999999779
4.504659999999778,0.20046599999997772
4.506329999999778,0.20063299999997786
4.507999999999778,0.20079999999997777
4.509669999999778,0.2009669999999777
4.511339999999778,0.20113399999997783
4.5130099999997775,0.20130099999997764
4.514679999999777,0.20146799999997778
4.516349999999777,0.2016349999999777
4.518019999999777,0.2018019999999776
4.519689999999777,0.20196899999997775
4.521359999999777,0.20213599999997756
4.5230299999997765,0.2023029999999777
4.524699999999776,0.2024699999999776
4.526369999999776,0.20263699999997753
4.528039999999776,0.20280399999997767
4.529709999999776,0.20297099999997747
4.531379999999776,0.20313799999997761
4.5330499999997755,0.20330499999997753
4.534719999999775,0.20347199999997745
4.536389999999775,0.2036389999999776
4.538059999999775,0.2038059999999774
4.539729999999775,0.20397299999997753
4.541399999999775,0.20413999999997745
4.543069999999775,0.2043069999999776
4.544739999999774,0.2044739999999775
4.546409999999774,0.2046409999999773
4.548079999999774,0.20480799999997745
4.549749999999774,0.20497499999997737
4.551419999999774,0.2051419999999775
4.553089999999774,0.20530899999997743
4.554759999999773,0.20547599999997723
4.556429999999773,0.20564299999997737
4.558099999999773,0.2058099999999773
4.559769999999773,0.20597699999997743
4.561439999999773,0.20614399999997735
4.563109999999773,0.20631099999997715
4.5647799999997725,0.2064779999999773
4.566449999999772,0.2066449999999772
4.568119999999772,0.20681199999997735
4.569789999999772,0.20697899999997726
4.571459999999772,0.20714599999997707
4.573129999999772,0.2073129999999772
4.5747999999997715,0.20747999999997713
4.576469999999771,0.20764699999997727
4.578139999999771,0.20781399999997718
4.579809999999771,0.207980999999977
4.581479999999771,0.20814799999997713
4.583149999999771,0.20831499999997705
4.5848199999997705,0.20848199999997719
4.58648999999977,0.2086489999999771
4.58815999999977,0.2088159999999769
4.58982999999977,0.20898299999997705
4.59149999999977,0.20914999999997697
4.59316999999977,0.2093169999999771
4.5948399999997696,0.20948399999997702
4.596509999999769,0.20965099999997683
4.598179999999769,0.20981799999997697
4.599849999999769,0.20998499999997688
4.601519999999769,0.21015199999997702
4.603189999999769,0.21031899999997694
4.604859999999769,0.21048599999997675
4.606529999999768,0.2106529999999769
4.608199999999768,0.2108199999999768
4.609869999999768,0.21098699999997694
4.611539999999768,0.21115399999997686
4.613209999999768,0.21132099999997667
4.614879999999768,0.2114879999999768
4.6165499999997675,0.21165499999997672
4.618219999999767,0.21182199999997686
4.619889999999767,0.21198899999997678
4.621559999999767,0.2121559999999768
4.623229999999767,0.21232299999997672
4.624899999999767,0.21248999999997664
4.6265699999997665,0.21265699999997678
4.628239999999766,0.2128239999999767
4.629909999999766,0.21299099999997673
4.631579999999766,0.21315799999997664
4.633249999999766,0.21332499999997656
4.634919999999766,0.2134919999999767
4.6365899999997655,0.21365899999997662
4.638259999999765,0.21382599999997665
4.639929999999765,0.21399299999997656
4.641599999999765,0.21415999999997648
4.643269999999765,0.21432699999997662
4.644939999999765,0.21449399999997654
4.6466099999997645,0.21466099999997657
4.648279999999764,0.21482799999997648
4.649949999999764,0.2149949999999764
4.651619999999764,0.21516199999997654
4.653289999999764,0.21532899999997646
4.654959999999764,0.21549599999997648
4.656629999999764,0.2156629999999764
4.658299999999763,0.21582999999997632
4.659969999999763,0.21599699999997646
4.661639999999763,0.21616399999997638
4.663309999999763,0.2163309999999764
4.664979999999763,0.21649799999997632
4.666649999999763,0.21666499999997624
4.668319999999762,0.21683199999997638
4.669989999999762,0.2169989999999763
4.671659999999762,0.21716599999997632
4.673329999999762,0.21733299999997624
4.674999999999762,0.21749999999997616
4.676669999999762,0.2176669999999763
4.6783399999997615,0.2178339999999762
4.680009999999761,0.21800099999997635
4.681679999999761,0.21816799999997616
4.683349999999761,0.21833499999997608
4.685019999999761,0.21850199999997622
4.686689999999761,0.21866899999997613
4.6883599999997605,0.21883599999997627
4.69002999999976,0.21900299999997608
4.69169999999976,0.219169999999976
4.69336999999976,0.21933699999997613
4.69503999999976,0.21950399999997605
4.69670999999976,0.2196709999999762
4.6983799999997595,0.219837999999976
4.700049999999759,0.22000499999997591
4.701719999999759,0.22017199999997605
4.703389999999759,0.22033899999997597
4.705059999999759,0.2205059999999761
4.706729999999759,0.22067299999997592
4.708399999999759,0.22083999999997583
4.710069999999758,0.22100699999997597
4.711739999999758,0.2211739999999759
4.713409999999758,0.22134099999997603
4.715079999999758,0.22150799999997584
4.716749999999758,0.22167499999997575
4.718419999999758,0.2218419999999759
4.720089999999757,0.2220089999999758
4.721759999999757,0.22217599999997595
4.723429999999757,0.22234299999997575
4.725099999999757,0.2225099999999759
4.726769999999757,0.2226769999999758
4.728439999999757,0.22284399999997573
4.7301099999997565,0.22301099999997587
4.731779999999756,0.22317799999997567
4.733449999999756,0.2233449999999758
4.735119999999756,0.22351199999997573
4.736789999999756,0.22367899999997565
4.738459999999756,0.2238459999999758
4.7401299999997555,0.2240129999999756
4.741799999999755,0.22417999999997573
4.743469999999755,0.22434699999997565
4.745139999999755,0.22451399999997557
4.746809999999755,0.2246809999999757
4.748479999999755,0.2248479999999755
4.7501499999997545,0.22501499999997565
4.751819999999754,0.22518199999997557
4.753489999999754,0.22534899999997549
4.755159999999754,0.22551599999997562
4.756829999999754,0.22568299999997543
4.758499999999754,0.22584999999997557
4.7601699999997535,0.2260169999999755
4.761839999999753,0.2261839999999754
4.763509999999753,0.22635099999997554
4.765179999999753,0.22651799999997535
4.766849999999753,0.2266849999999755
4.768519999999753,0.2268519999999754
4.770189999999753,0.22701899999997532
4.771859999999752,0.22718599999997546
4.773529999999752,0.22735299999997527
4.775199999999752,0.2275199999999754
4.776869999999752,0.22768699999997533
4.778539999999752,0.22785399999997547
4.780209999999752,0.22802099999997538
4.781879999999751,0.2281879999999752
4.783549999999751,0.22835499999997533
4.785219999999751,0.22852199999997524
4.786889999999751,0.22868899999997538
4.788559999999751,0.2288559999999753
4.790229999999751,0.2290229999999751
4.7918999999997505,0.22918999999997525
4.79356999999975,0.22935699999997516
4.79523999999975,0.2295239999999753
4.79690999999975,0.22969099999997522
4.79857999999975,0.22985799999997503
4.80024999999975,0.23002499999997517
4.8019199999997495,0.23019199999997508
4.803589999999749,0.23035899999997522
4.805259999999749,0.23052599999997514
4.806929999999749,0.23069299999997495
4.808599999999749,0.23085999999997509
4.810269999999749,0.231026999999975
4.8119399999997485,0.23119399999997514
4.813609999999748,0.23136099999997506
4.815279999999748,0.23152799999997487
4.816949999999748,0.231694999999975
4.818619999999748,0.23186199999997492
4.820289999999748,0.23202899999997506
4.821959999999748,0.23219599999997498
4.823629999999747,0.23236299999997478
4.825299999999747,0.23252999999997492
4.826969999999747,0.23269699999997484
4.828639999999747,0.23286399999997498
4.830309999999747,0.2330309999999749
4.831979999999747,0.2331979999999747
4.833649999999746,0.23336499999997484
4.835319999999746,0.23353199999997476
4.836989999999746,0.2336989999999749
4.838659999999746,0.23386599999997482
4.840329999999746,0.23403299999997462
4.841999999999746,0.23419999999997476
4.8436699999997455,0.23436699999997468
4.845339999999745,0.23453399999997482
4.847009999999745,0.23470099999997474
4.848679999999745,0.23486799999997454
4.850349999999745,0.23503499999997468
4.852019999999745,0.2352019999999746
4.8536899999997445,0.23536899999997474
4.855359999999744,0.23553599999997465
4.857029999999744,0.23570299999997446
4.858699999999744,0.2358699999999746
4.860369999999744,0.23603699999997452
4.862039999999744,0.23620399999997466
4.8637099999997435,0.23637099999997457
4.865379999999743,0.23653799999997438
4.867049999999743,0.23670499999997452
4.868719999999743,0.23687199999997444
4.870389999999743,0.23703899999997458
4.872059999999743,0.2372059999999745
4.8737299999997425,0.2373729999999743
4.875399999999742,0.23753999999997444
4.877069999999742,0.23770699999997436
4.878739999999742,0.2378739999999745
4.880409999999742,0.2380409999999744
4.882079999999742,0.23820799999997444
4.883749999999742,0.23837499999997436
4.885419999999741,0.23854199999997427
4.887089999999741,0.2387089999999744
4.888759999999741,0.23887599999997433
4.890429999999741,0.23904299999997436
4.892099999999741,0.23920999999997428
4.893769999999741,0.2393769999999742
4.89543999999974,0.23954399999997433
4.89710999999974,0.23971099999997425
4.89877999999974,0.23987799999997428
4.90044999999974,0.2400449999999742
4.90211999999974,0.2402119999999741
4.90378999999974,0.24037899999997425
4.9054599999997395,0.24054599999997417
4.907129999999739,0.2407129999999742
4.908799999999739,0.24087999999997411
4.910469999999739,0.24104699999997403
4.912139999999739,0.24121399999997417
4.913809999999739,0.2413809999999741
4.9154799999997385,0.24154799999997412
4.917149999999738,0.24171499999997403
4.918819999999738,0.24188199999997395
4.920489999999738,0.2420489999999741
4.922159999999738,0.242215999999974
4.923829999999738,0.24238299999997404
4.9254999999997375,0.24254999999997395
4.927169999999737,0.24271699999997387
4.928839999999737,0.242883999999974
4.930509999999737,0.24305099999997393
4.932179999999737,0.24321799999997396
4.933849999999737,0.24338499999997387
4.935519999999737,0.2435519999999738
4.937189999999736,0.24371899999997393
4.938859999999736,0.24388599999997385
4.940529999999736,0.24405299999997387
4.942199999999736,0.2442199999999738
4.943869999999736,0.2443869999999737
4.945539999999736,0.24455399999997385
4.947209999999735,0.24472099999997377
4.948879999999735,0.2448879999999738
4.950549999999735,0.2450549999999737
4.952219999999735,0.24522199999997385
4.953889999999735,0.24538899999997377
4.955559999999735,0.24555599999997368
4.9572299999997345,0.2457229999999737
4.958899999999734,0.24588999999997363
4.960569999999734,0.24605699999997377
4.962239999999734,0.2462239999999737
4.963909999999734,0.2463909999999736
4.965579999999734,0.24655799999997363
4.9672499999997335,0.24672499999997355
4.968919999999733,0.2468919999999737
4.970589999999733,0.2470589999999736
4.972259999999733,0.24722599999997352
4.973929999999733,0.24739299999997355
4.975599999999733,0.24755999999997347
4.9772699999997325,0.2477269999999736
4.978939999999732,0.24789399999997352
4.980609999999732,0.24806099999997344
4.982279999999732,0.24822799999997347
4.983949999999732,0.2483949999999734
4.985619999999732,0.24856199999997353
4.9872899999997315,0.24872899999997344
4.988959999999731,0.24889599999997336
4.990629999999731,0.2490629999999734
4.992299999999731,0.2492299999999733
4.993969999999731,0.24939699999997345
4.995639999999731,0.24956399999997336
4.997309999999731,0.24973099999997328
4.99897999999973,0.2498979999999733
5.00064999999973,0.25006499999997334
5.00231999999973,0.25023199999997336
5.00398999999973,0.25039899999997317
5.00565999999973,0.2505659999999732
5.00732999999973,0.2507329999999732
5.0089999999997294,0.25089999999997326
5.010669999999729,0.2510669999999733
5.012339999999729,0.2512339999999731
5.014009999999729,0.2514009999999731
5.015679999999729,0.25156799999997315
5.017349999999729,0.2517349999999732
5.0190199999997285,0.2519019999999732
5.020689999999728,0.252068999999973
5.022359999999728,0.25223599999997304
5.024029999999728,0.25240299999997307
5.025699999999728,0.2525699999999731
5.027369999999728,0.2527369999999731
5.0290399999997275,0.25290399999997293
5.030709999999727,0.25307099999997296
5.032379999999727,0.253237999999973
5.034049999999727,0.253404999999973
5.035719999999727,0.25357199999997304
5.037389999999727,0.25373899999997285
5.0390599999997265,0.2539059999999729
5.040729999999726,0.2540729999999729
5.042399999999726,0.25423999999997293
5.044069999999726,0.25440699999997296
5.045739999999726,0.25457399999997277
5.047409999999726,0.2547409999999728
5.049079999999726,0.2549079999999728
5.050749999999725,0.25507499999997285
5.052419999999725,0.2552419999999729
5.054089999999725,0.2554089999999727
5.055759999999725,0.25557599999997294
5.057429999999725,0.25574299999997274
5.059099999999725,0.25590999999997277
5.060769999999724,0.2560769999999728
5.062439999999724,0.2562439999999726
5.064109999999724,0.25641099999997286
5.065779999999724,0.25657799999997266
5.067449999999724,0.2567449999999727
5.069119999999724,0.2569119999999727
5.0707899999997235,0.2570789999999725
5.072459999999723,0.2572459999999728
5.074129999999723,0.2574129999999726
5.075799999999723,0.2575799999999726
5.077469999999723,0.25774699999997264
5.079139999999723,0.25791399999997244
5.0808099999997225,0.2580809999999727
5.082479999999722,0.2582479999999725
5.084149999999722,0.25841499999997253
5.085819999999722,0.25858199999997256
5.087489999999722,0.25874899999997236
5.089159999999722,0.2589159999999726
5.0908299999997215,0.2590829999999724
5.092499999999721,0.25924999999997245
5.094169999999721,0.2594169999999725
5.095839999999721,0.2595839999999723
5.097509999999721,0.25975099999997253
5.099179999999721,0.25991799999997234
5.1008499999997206,0.26008499999997237
5.10251999999972,0.2602519999999724
5.10418999999972,0.2604189999999722
5.10585999999972,0.26058599999997245
5.10752999999972,0.26075299999997226
5.10919999999972,0.2609199999999725
5.11086999999972,0.2610869999999723
5.112539999999719,0.2612539999999721
5.114209999999719,0.26142099999997237
5.115879999999719,0.2615879999999722
5.117549999999719,0.2617549999999724
5.119219999999719,0.26192199999997223
5.120889999999719,0.26208899999997204
5.1225599999997184,0.2622559999999723
5.124229999999718,0.2624229999999721
5.125899999999718,0.26258999999997235
5.127569999999718,0.26275699999997215
5.129239999999718,0.26292399999997196
5.130909999999718,0.2630909999999722
5.1325799999997175,0.263257999999972
5.134249999999717,0.26342499999997226
5.135919999999717,0.26359199999997207
5.137589999999717,0.2637589999999719
5.139259999999717,0.2639259999999721
5.140929999999717,0.26409299999997193
5.1425999999997165,0.26425999999997196
5.144269999999716,0.264426999999972
5.145939999999716,0.2645939999999718
5.147609999999716,0.26476099999997205
5.149279999999716,0.26492799999997185
5.150949999999716,0.2650949999999719
5.1526199999997155,0.2652619999999719
5.154289999999715,0.2654289999999717
5.155959999999715,0.26559599999997197
5.157629999999715,0.26576299999997177
5.159299999999715,0.2659299999999718
5.160969999999715,0.26609699999997183
5.162639999999715,0.26626399999997163
5.164309999999714,0.2664309999999719
5.165979999999714,0.2665979999999717
5.167649999999714,0.2667649999999717
5.169319999999714,0.26693199999997175
5.170989999999714,0.26709899999997155
5.172659999999714,0.2672659999999718
5.174329999999713,0.2674329999999716
5.175999999999713,0.26759999999997164
5.177669999999713,0.26776699999997167
5.179339999999713,0.2679339999999715
5.181009999999713,0.2681009999999717
5.182679999999713,0.26826799999997153
5.1843499999997125,0.26843499999997156
5.186019999999712,0.2686019999999716
5.187689999999712,0.2687689999999714
5.189359999999712,0.26893599999997164
5.191029999999712,0.26910299999997145
5.192699999999712,0.2692699999999715
5.1943699999997115,0.2694369999999715
5.196039999999711,0.2696039999999713
5.197709999999711,0.26977099999997156
5.199379999999711,0.26993799999997137
5.201049999999711,0.2701049999999714
5.202719999999711,0.2702719999999714
5.2043899999997105,0.27043899999997123
5.20605999999971,0.2706059999999715
5.20772999999971,0.2707729999999713
5.20939999999971,0.2709399999999713
5.21106999999971,0.27110699999997134
5.21273999999971,0.27127399999997115
5.2144099999997096,0.2714409999999714
5.216079999999709,0.2716079999999712
5.217749999999709,0.27177499999997123
5.219419999999709,0.27194199999997126
5.221089999999709,0.27210899999997107
5.222759999999709,0.2722759999999713
5.224429999999709,0.2724429999999711
5.226099999999708,0.27260999999997115
5.227769999999708,0.2727769999999712
5.229439999999708,0.272943999999971
5.231109999999708,0.27311099999997124
5.232779999999708,0.27327799999997104
5.234449999999708,0.2734449999999711
5.2361199999997075,0.2736119999999711
5.237789999999707,0.2737789999999709
5.239459999999707,0.27394599999997116
5.241129999999707,0.27411299999997096
5.242799999999707,0.274279999999971
5.244469999999707,0.274446999999971
5.2461399999997065,0.2746139999999708
5.247809999999706,0.2747809999999711
5.249479999999706,0.2749479999999709
5.251149999999706,0.2751149999999709
5.252819999999706,0.27528199999997094
5.254489999999706,0.27544899999997075
5.2561599999997055,0.275615999999971
5.257829999999705,0.2757829999999708
5.259499999999705,0.27594999999997083
5.261169999999705,0.27611699999997086
5.262839999999705,0.27628399999997066
5.264509999999705,0.2764509999999709
5.2661799999997045,0.2766179999999707
5.267849999999704,0.27678499999997075
5.269519999999704,0.2769519999999708
5.271189999999704,0.2771189999999706
5.272859999999704,0.27728599999997083
5.274529999999704,0.27745299999997064
5.276199999999704,0.27761999999997067
5.277869999999703,0.2777869999999707
5.279539999999703,0.2779539999999705
5.281209999999703,0.27812099999997075
5.282879999999703,0.27828799999997056
5.284549999999703,0.2784549999999706
5.286219999999703,0.2786219999999706
5.287889999999702,0.2787889999999704
5.289559999999702,0.27895599999997067
5.291229999999702,0.2791229999999705
5.292899999999702,0.2792899999999705
5.294569999999702,0.27945699999997053
5.296239999999702,0.27962399999997034
5.2979099999997015,0.2797909999999706
5.299579999999701,0.2799579999999704
5.301249999999701,0.2801249999999704
5.302919999999701,0.28029199999997045
5.304589999999701,0.28045899999997026
5.306259999999701,0.2806259999999705
5.3079299999997005,0.2807929999999703
5.3095999999997,0.28095999999997034
5.3112699999997,0.2811269999999704
5.3129399999997,0.2812939999999702
5.3146099999997,0.28146099999997043
5.3162799999997,0.28162799999997024
5.3179499999996995,0.28179499999997026
5.319619999999699,0.2819619999999703
5.321289999999699,0.2821289999999701
5.322959999999699,0.28229599999997035
5.324629999999699,0.28246299999997015
5.326299999999699,0.2826299999999702
5.327969999999699,0.2827969999999702
5.329639999999698,0.28296399999997
5.331309999999698,0.28313099999997027
5.332979999999698,0.2832979999999701
5.334649999999698,0.2834649999999701
5.336319999999698,0.28363199999997013
5.337989999999698,0.28379899999996994
5.339659999999697,0.28396599999996996
5.341329999999697,0.28413299999997
5.342999999999697,0.28429999999997
5.344669999999697,0.28446699999997005
5.346339999999697,0.28463399999996986
5.348009999999697,0.2848009999999699
5.3496799999996965,0.2849679999999699
5.351349999999696,0.28513499999996994
5.353019999999696,0.28530199999996997
5.354689999999696,0.2854689999999698
5.356359999999696,0.2856359999999698
5.358029999999696,0.28580299999996983
5.3596999999996955,0.28596999999996986
5.361369999999695,0.2861369999999699
5.363039999999695,0.2863039999999697
5.364709999999695,0.2864709999999697
5.366379999999695,0.28663799999996975
5.368049999999695,0.2868049999999698
5.3697199999996945,0.2869719999999698
5.371389999999694,0.2871389999999696
5.373059999999694,0.28730599999996964
5.374729999999694,0.28747299999996967
5.376399999999694,0.2876399999999697
5.378069999999694,0.2878069999999697
5.3797399999996935,0.28797399999996953
5.381409999999693,0.28814099999996956
5.383079999999693,0.2883079999999696
5.384749999999693,0.2884749999999696
5.386419999999693,0.28864199999996965
5.388089999999693,0.28880899999996945
5.389759999999693,0.2889759999999695
5.391429999999692,0.2891429999999695
5.393099999999692,0.28930999999996954
5.394769999999692,0.28947699999996956
5.396439999999692,0.28964399999996937
5.398109999999692,0.2898109999999694
5.399779999999692,0.2899779999999694
5.401449999999691,0.29014499999996946
5.403119999999691,0.2903119999999695
5.404789999999691,0.2904789999999693
5.406459999999691,0.2906459999999693
5.408129999999691,0.29081299999996935
5.409799999999691,0.29097999999996915
5.4114699999996905,0.2911469999999694
5.41313999999969,0.2913139999999692
5.41480999999969,0.29148099999996924
5.41647999999969,0.29164799999996927
5.41814999999969,0.29181499999996907
5.41981999999969,0.2919819999999693
5.4214899999996895,0.29214899999996913
5.423159999999689,0.29231599999996916
5.424829999999689,0.2924829999999692
5.426499999999689,0.292649999999969
5.428169999999689,0.29281699999996924
5.429839999999689,0.29298399999996905
5.4315099999996885,0.2931509999999691
5.433179999999688,0.2933179999999691
5.434849999999688,0.2934849999999689
5.436519999999688,0.29365199999996916
5.438189999999688,0.29381899999996897
5.439859999999688,0.293985999999969
5.441529999999688,0.294152999999969
5.443199999999687,0.29431999999996883
5.444869999999687,0.2944869999999691
5.446539999999687,0.2946539999999689
5.448209999999687,0.2948209999999689
5.449879999999687,0.29498799999996894
5.451549999999687,0.29515499999996875
5.453219999999686,0.295321999999969
5.454889999999686,0.2954889999999688
5.456559999999686,0.29565599999996883
5.458229999999686,0.29582299999996886
5.459899999999686,0.29598999999996867
5.461569999999686,0.2961569999999689
5.4632399999996855,0.2963239999999687
5.464909999999685,0.29649099999996875
5.466579999999685,0.2966579999999688
5.468249999999685,0.2968249999999686
5.469919999999685,0.29699199999996884
5.471589999999685,0.29715899999996864
5.4732599999996845,0.29732599999996867
5.474929999999684,0.2974929999999687
5.476599999999684,0.2976599999999685
5.478269999999684,0.29782699999996876
5.479939999999684,0.29799399999996856
5.481609999999684,0.2981609999999686
5.4832799999996835,0.2983279999999686
5.484949999999683,0.2984949999999684
5.486619999999683,0.2986619999999687
5.488289999999683,0.2988289999999685
5.489959999999683,0.2989959999999685
5.491629999999683,0.29916299999996854
5.4932999999996825,0.29932999999996834
5.494969999999682,0.2994969999999686
5.496639999999682,0.2996639999999684
5.498309999999682,0.29983099999996843
5.499979999999682,0.29999799999996846
5.501649999999682,0.30099372180431994
5.503319999999682,0.30199948872161286
5.504989999999681,0.30300525563890623
5.506659999999681,0.3040110225561994
5.508329999999681,0.3050167894734923
5.509999999999681,0.3060225563907857
5.511669999999681,0.3070283233080786
5.513339999999681,0.30803409022537176
5.5150099999996804,0.30903985714266513
5.51667999999968,0.31004562405995806
5.51834999999968,0.3110513909772512
5.52001999999968,0.31205715789454436
5.52168999999968,0.3130629248118375
5.52335999999968,0.31406869172913066
5.5250299999996795,0.3150744586464238
5.526699999999679,0.31608022556371695
5.528369999999679,0.3170859924810099
5.530039999999679,0.31809175939830303
5.531709999999679,0.3190975263155964
5.533379999999679,0.32010329323288933
5.5350499999996785,0.3211090601501825
5.536719999999678,0.32211482706747563
5.538389999999678,0.3231205939847688
5.540059999999678,0.3241263609020619
5.541729999999678,0.3251321278193551
5.543399999999678,0.3261378947366482
5.5450699999996775,0.32714366165394115
5.546739999999677,0.3281494285712345
5.548409999999677,0.32915519548852745
5.550079999999677,0.3301609624058206
5.551749999999677,0.331166729323114
5.553419999999677,0.3321724962404069
5.555089999999677,0.33317826315770005
5.556759999999676,0.3341840300749932
5.558429999999676,0.33518979699228635
5.560099999999676,0.3361955639095795
5.561769999999676,0.3372013308268724
5.563439999999676,0.3382070977441658
5.565109999999676,0.3392128646614587
5.566779999999675,0.3402186315787519
5.568449999999675,0.34122439849604524
5.570119999999675,0.34223016541333817
5.571789999999675,0.3432359323306313
5.573459999999675,0.34424169924792447
5.575129999999675,0.3452474661652176
5.5767999999996745,0.34625323308251077
5.578469999999674,0.3472589999998039
5.580139999999674,0.34826476691709707
5.581809999999674,0.34927053383439
5.583479999999674,0.35027630075168337
5.585149999999674,0.3512820676689765
5.5868199999996735,0.35228783458626944
5.588489999999673,0.3532936015035628
5.590159999999673,0.35429936842085574
5.591829999999673,0.3553051353381489
5.593499999999673,0.35631090225544226
5.595169999999673,0.3573166691727352
5.5968399999996725,0.35832243609002834
5.598509999999672,0.3593282030073215
5.600179999999672,0.36033396992461464
5.601849999999672,0.3613397368419078
5.603519999999672,0.3623455037592007
5.605189999999672,0.3633512706764941
5.6068599999996716,0.364357037593787
5.608529999999671,0.36536280451108016
5.610199999999671,0.36636857142837354
5.611869999999671,0.36737199999980263
5.613539999999671,0.3683739999998026
5.615209999999671,0.3693759999998023
5.616879999999671,0.37037799999980225
5.61854999999967,0.371379999999802
5.62021999999967,0.37238199999980215
5.62188999999967,0.3733839999998021
5.62355999999967,0.3743859999998018
5.62522999999967,0.37538799999980177
5.62689999999967,0.3763899999998017
5.6285699999996694,0.37739199999980166
5.630239999999669,0.3783939999998016
5.631909999999669,0.37939599999980134
5.633579999999669,0.3803979999998013
5.635249999999669,0.38139999999980123
5.636919999999669,0.3824019999998012
5.6385899999996685,0.3834039999998011
5.640259999999668,0.38440599999980085
5.641929999999668,0.3854079999998008
5.643599999999668,0.38640999999980075
5.645269999999668,0.3874119999998007
5.646939999999668,0.38841399999980064
5.6486099999996675,0.38941599999980037
5.650279999999667,0.39041799999980054
5.651949999999667,0.39141999999980026
5.653619999999667,0.3924219999998002
5.655289999999667,0.39342399999980016
5.656959999999667,0.3944259999997999
5.6586299999996665,0.39542799999980005
5.660299999999666,0.3964299999997998
5.661969999999666,0.3974319999997997
5.663639999999666,0.39843399999979967
5.665309999999666,0.3994359999997996
5.666979999999666,0.40043799999979957
5.668649999999666,0.4014399999997993
5.670319999999665,0.40244199999979924
5.671989999999665,0.4034439999997992
5.673659999999665,0.40444599999979913
5.675329999999665,0.4054479999997991
5.676999999999665,0.4064499999997988
5.678669999999665,0.40745199999979875
5.680339999999664,0.4084539999997987
5.682009999999664,0.40945599999979865
5.683679999999664,0.4104579999997986
5.685349999999664,0.4114599999997983
5.687019999999664,0.41246199999979827
5.688689999999664,0.4134639999997982
5.6903599999996635,0.41446599999979816
5.692029999999663,0.4154679999997981
5.693699999999663,0.41646999999979784
5.695369999999663,0.4174719999997978
5.697039999999663,0.41847399999979795
5.698709999999663,0.4194759999997977
5.7003799999996625,0.4204779999997976
5.702049999999662,0.42147999999979735
5.703719999999662,0.4224819999997973
5.705389999999662,0.42348399999979747
5.707059999999662,0.4244859999997972
5.708729999999662,0.42548799999979714
5.7103999999996615,0.42648999999979686
5.712069999999661,0.42749199999979703
5.713739999999661,0.428493999999797
5.715409999999661,0.4294959999997967
5.717079999999661,0.43049799999979665
5.718749999999661,0.4314999999997964
5.7204199999996606,0.43250199999979655
5.72208999999966,0.4335039999997963
5.72375999999966,0.4345059999997962
5.72542999999966,0.43550799999979617
5.72709999999966,0.4365099999997959
5.72876999999966,0.43751199999979606
5.73043999999966,0.4385139999997958
5.732109999999659,0.43951599999979574
5.733779999999659,0.4405179999997957
5.735449999999659,0.44151999999979563
5.737119999999659,0.4425219999997956
5.738789999999659,0.4435239999997953
5.740459999999659,0.44452599999979525
5.7421299999996585,0.4455279999997954
5.743799999999658,0.44652999999979515
5.745469999999658,0.4475319999997951
5.747139999999658,0.4485339999997948
5.748809999999658,0.44953599999979477
5.750479999999658,0.45053799999979494
5.7521499999996575,0.45153999999979466
5.753819999999657,0.4525419999997946
5.755489999999657,0.45354399999979433
5.757159999999657,0.4545459999997945
5.758829999999657,0.45554799999979445
5.760499999999657,0.4565499999997942
5.7621699999996565,0.4575519999997941
5.763839999999656,0.45855399999979407
5.765509999999656,0.459555999999794
5.767179999999656,0.46055799999979397
5.768849999999656,0.4615599999997937
5.770519999999656,0.46256199999979364
5.7721899999996555,0.4635639999997936
5.773859999999655,0.46456599999979353
5.775529999999655,0.46556799999979326
5.777199999999655,0.4665699999997932
5.778869999999655,0.4675719999997934
5.780539999999655,0.4685739999997931
5.782209999999655,0.46957599999979305
5.783879999999654,0.4705779999997928
5.785549999999654,0.47157999999979294
5.787219999999654,0.4725819999997929
5.788889999999654,0.4735839999997926
5.790559999999654,0.47458599999979256
5.792229999999654,0.4755879999997923
5.793899999999653,0.47658999999979246
5.795569999999653,0.4775919999997924
5.797239999999653,0.47859399999979213
5.798909999999653,0.4795959999997921
5.800579999999653,0.480597999999792
5.802249999999653,0.481599999999792
5.8039199999996525,0.4826019999997919
5.805589999999652,0.48360399999979164
5.807259999999652,0.4846059999997918
5.808929999999652,0.48560799999979154
5.810599999999652,0.4866099999997915
5.812269999999652,0.48761199999979143
5.8139399999996515,0.48861399999979116
5.815609999999651,0.48961599999979133
5.817279999999651,0.49061799999979105
5.818949999999651,0.491619999999791
5.820619999999651,0.49262199999979095
5.822289999999651,0.4936239999997909
5.8239599999996505,0.49462599999979084
5.82562999999965,0.49562799999979057
5.82729999999965,0.4966299999997905
5.82896999999965,0.4976319999997907
5.83063999999965,0.4986339999997904
5.83230999999965,0.49963599999979036
5.83397999999965,0.5006379999997901
5.835649999999649,0.50163999999979
5.837319999999649,0.5026419999997902
5.838989999999649,0.5036439999997899
5.840659999999649,0.5046459999997899
5.842329999999649,0.5056479999997896
5.843999999999649,0.5066499999997898
5.845669999999648,0.5076519999997897
5.847339999999648,0.5086539999997894
5.849009999999648,0.5096559999997894
5.850679999999648,0.5106579999997893
5.852349999999648,0.5116599999997893
5.854019999999648,0.5126619999997892
5.8556899999996475,0.513663999999789
5.857359999999647,0.5146659999997889
5.859029999999647,0.5156679999997889
5.860699999999647,0.5166699999997888
5.862369999999647,0.5176719999997887
5.864039999999647,0.5186739999997885
5.8657099999996465,0.5196759999997886
5.867379999999646,0.5206779999997884
5.869049999999646,0.5216799999997883
5.870719999999646,0.5226819999997883
5.872389999999646,0.5236839999997882
5.874059999999646,0.5246859999997882
5.8757299999996455,0.5256879999997879
5.877399999999645,0.5266899999997878
5.879069999999645,0.5276919999997876
5.880739999999645,0.5286939999997877
5.882409999999645,0.5296959999997877
5.884079999999645,0.5306979999997874
5.8857499999996445,0.5316999999997873
5.887419999999644,0.5327019999997873
5.889089999999644,0.5337039999997872
5.890759999999644,0.5347059999997872
5.892429999999644,0.5357079999997869
5.894099999999644,0.5367099999997871
5.895769999999644,0.5377119999997868
5.897439999999643,0.5387139999997868
5.899109999999643,0.5397159999997867
5.900779999999643,0.5407179999997864
5.902449999999643,0.5417199999997866
5.904119999999643,0.5427219999997863
5.905789999999643,0.5437239999997863
5.907459999999642,0.5447259999997862
5.909129999999642,0.5457279999997862
5.910799999999642,0.5467299999997861
5.912469999999642,0.5477319999997858
5.914139999999642,0.5487339999997858
5.915809999999642,0.549735999999786
5.9174799999996415,0.5507379999997857
5.919149999999641,0.5517399999997856
5.920819999999641,0.5527419999997853
5.922489999999641,0.5537439999997853
5.924159999999641,0.5547459999997855
5.925829999999641,0.5557479999997852
5.9274999999996405,0.5567499999997851
5.92916999999964,0.5577519999997849
5.93083999999964,0.558753999999785
5.93250999999964,0.559755999999785
5.93417999999964,0.5607579999997847
5.93584999999964,0.5617599999997847
5.9375199999996395,0.5627619999997846
5.939189999999639,0.5637639999997845
5.940859999999639,0.5647659999997845
5.942529999999639,0.5657679999997842
5.944199999999639,0.5667699999997842
5.945869999999639,0.5677719999997841
5.947539999999639,0.5687739999997841
5.949209999999638,0.569775999999784
5.950879999999638,0.5707779999997837
5.952549999999638,0.5717799999997837
5.954219999999638,0.5727819999997836
5.955889999999638,0.5737839999997836
5.957559999999638,0.5747859999997833
5.959229999999637,0.5757879999997833
5.960899999999637,0.5767899999997834
5.962569999999637,0.5777919999997831
5.964239999999637,0.5787939999997831
5.965909999999637,0.5797959999997828
5.967579999999637,0.5807979999997828
5.9692499999996365,0.5817999999997829
5.970919999999636,0.5828019999997827
5.972589999999636,0.5838039999997826
5.974259999999636,0.5848059999997823
5.975929999999636,0.5858079999997823
5.977599999999636,0.5868099999997825
5.9792699999996355,0.5878119999997822
5.980939999999635,0.5888139999997821
5.982609999999635,0.5898159999997818
5.984279999999635,0.590817999999782
5.985949999999635,0.591819999999782
5.987619999999635,0.5928219999997817
5.9892899999996345,0.5938239999997816
5.990959999999634,0.5948259999997814
5.992629999999634,0.5958279999997815
5.994299999999634,0.5968299999997815
5.995969999999634,0.5978319999997812
5.997639999999634,0.5988339999997812
5.9993099999996335,0.5998359999997809
6.000979999999633,0.600837999999781
6.002649999999633,0.601839999999781
6.004319999999633,0.6028419999997807
6.005989999999633,0.6038439999997807
6.007659999999633,0.6048459999997806
6.009329999999633,0.6058479999997806
6.010999999999632,0.6068499999997805
6.012669999999632,0.6078519999997802
6.014339999999632,0.6088539999997802
6.016009999999632,0.6098559999997801
6.017679999999632,0.6108579999997801
6.019349999999632,0.61185999999978
6.0210199999996314,0.6128619999997797
6.022689999999631,0.6138639999997799
6.024359999999631,0.6148659999997796
6.026029999999631,0.6158679999997796
6.027699999999631,0.6168699999997795
6.029369999999631,0.6178719999997793
6.0310399999996305,0.6188739999997794
6.03270999999963,0.6198759999997792
6.03437999999963,0.6208779999997791
6.03604999999963,0.621879999999779
6.03771999999963,0.6228819999997788
6.03938999999963,0.623883999999779
6.0410599999996295,0.6248859999997787
6.042729999999629,0.6258879999997786
6.044399999999629,0.6268899999997786
6.046069999999629,0.6278919999997783
6.047739999999629,0.6288939999997785
6.049409999999629,0.6298959999997782
6.0510799999996285,0.6308979999997781
6.052749999999628,0.6318999999997779
6.054419999999628,0.632901999999778
6.056089999999628,0.633903999999778
6.057759999999628,0.6349059999997777
6.059429999999628,0.6359079999997777
6.061099999999628,0.6369099999997774
6.062769999999627,0.6379119999997775
6.064439999999627,0.6389139999997775
6.066109999999627,0.6399159999997772
6.067779999999627,0.6409179999997772
6.069449999999627,0.6419199999997771
6.071119999999627,0.6429219999997771
6.072789999999626,0.643923999999777
6.074459999999626,0.6449259999997767
6.076129999999626,0.6459279999997767
6.077799999999626,0.6469299999997766
6.079469999999626,0.6479319999997766
6.081139999999626,0.6489339999997765
6.0828099999996255,0.6499359999997762
6.084479999999625,0.6509379999997762
6.086149999999625,0.6519399999997761
6.087819999999625,0.6529419999997761
6.089489999999625,0.653943999999776
6.091159999999625,0.6549459999997758
6.0928299999996245,0.6559479999997759
6.094499999999624,0.6569499999997757
6.096169999999624,0.6579519999997756
6.097839999999624,0.6589539999997756
6.099509999999624,0.6599559999997753
6.101179999999624,0.6609579999997754
6.1028499999996235,0.6619599999997752
6.104519999999623,0.6629619999997751
6.106189999999623,0.6639639999997751
6.107859999999623,0.6649659999997748
6.109529999999623,0.665967999999775
6.111199999999623,0.6669699999997747
6.1128699999996226,0.6679719999997746
6.114539999999622,0.6689739999997744
6.116209999999622,0.6699759999997745
6.117879999999622,0.6709779999997745
6.119549999999622,0.6719799999997742
6.121219999999622,0.6729819999997741
6.122889999999622,0.6739839999997739
6.124559999999621,0.674985999999774
6.126229999999621,0.675987999999774
6.127899999999621,0.6769899999997737
6.129569999999621,0.6779919999997737
6.131239999999621,0.6789939999997734
6.132909999999621,0.6799959999997736
6.1345799999996204,0.6809979999997735
6.13624999999962,0.6819999999997732
6.13791999999962,0.6830019999997732
6.13958999999962,0.6840039999997731
6.14125999999962,0.6850059999997731
6.14292999999962,0.686007999999773
6.1445999999996195,0.6870099999997727
6.146269999999619,0.6880119999997727
6.147939999999619,0.6890139999997726
6.149609999999619,0.6900159999997726
6.151279999999619,0.6910179999997725
6.152949999999619,0.6920199999997723
6.1546199999996185,0.6930219999997724
6.156289999999618,0.6940239999997722
6.157959999999618,0.6950259999997721
6.159629999999618,0.696027999999772
6.161299999999618,0.6970299999997718
6.162969999999618,0.698031999999772
6.1646399999996175,0.6990339999997717
6.166309999999617,0.7000359999997716
6.167979999999617,0.7010379999997718
6.169649999999617,0.7020399999997713
6.171319999999617,0.7030419999997715
6.172989999999617,0.704043999999771
6.174659999999617,0.7050459999997711
6.176329999999616,0.7060479999997713
6.177999999999616,0.7070499999997708
6.179669999999616,0.708051999999771
6.181339999999616,0.7090539999997709
6.183009999999616,0.7100559999997706
6.184679999999616,0.7110579999997708
6.186349999999615,0.7120599999997703
6.188019999999615,0.7130619999997705
6.189689999999615,0.7140639999997704
6.191359999999615,0.7150659999997702
6.193029999999615,0.7160679999997703
6.194699999999615,0.7170699999997698
6.1963699999996145,0.71807199999977
6.198039999999614,0.71907399999977
6.199709999999614,0.7200759999997697
6.201379999999614,0.7210779999997698
6.203049999999614,0.7220799999997698
6.204719999999614,0.7230819999997695
6.2063899999996135,0.7240839999997695
6.208059999999613,0.7250859999997692
6.209729999999613,0.7260879999997694
6.211399999999613,0.7270899999997693
6.213069999999613,0.728091999999769
6.214739999999613,0.729093999999769
6.2164099999996125,0.7300959999997687
6.218079999999612,0.7310979999997689
6.219749999999612,0.7320999999997688
6.221419999999612,0.7331019999997685
6.223089999999612,0.7341039999997685
6.224759999999612,0.7351059999997687
6.2264299999996116,0.7361079999997684
6.228099999999611,0.7371099999997683
6.229769999999611,0.7381119999997681
6.231439999999611,0.739113999999768
6.233109999999611,0.7401159999997682
6.234779999999611,0.7411179999997679
6.236449999999611,0.7421199999997679
6.23811999999961,0.7431219999997676
6.23978999999961,0.7441239999997675
6.24145999999961,0.7451259999997677
6.24312999999961,0.7461279999997674
6.24479999999961,0.7471299999997674
6.24646999999961,0.7481319999997675
6.2481399999996095,0.749133999999767
6.249809999999609,0.7501359999997672
6.251479999999609,0.7511379999997669
6.253149999999609,0.7521399999997669
6.254819999999609,0.753141999999767
6.256489999999609,0.7541439999997666
6.2581599999996085,0.7551459999997667
6.259829999999608,0.7561479999997665
6.261499999999608,0.7571499999997664
6.263169999999608,0.7581519999997666
6.264839999999608,0.7591539999997661
6.266509999999608,0.7601559999997662
6.2681799999996075,0.7611579999997664
6.269849999999607,0.7621599999997659
6.271519999999607,0.7631619999997661
6.273189999999607,0.7641639999997656
6.274859999999607,0.7651659999997658
6.276529999999607,0.7661679999997659
6.2781999999996065,0.7671699999997654
6.279869999999606,0.7681719999997656
6.281539999999606,0.7691739999997651
6.283209999999606,0.7701759999997653
6.284879999999606,0.7711779999997654
6.286549999999606,0.7721799999997649
6.288219999999606,0.7731819999997651
6.289889999999605,0.7741839999997651
6.291559999999605,0.7751859999997648
6.293229999999605,0.776187999999765
6.294899999999605,0.7771899999997645
6.296569999999605,0.7781919999997646
6.298239999999605,0.7791939999997646
6.299909999999604,0.7801959999997643
6.301579999999604,0.7811979999997645
6.303249999999604,0.782199999999764
6.304919999999604,0.7832019999997641
6.306589999999604,0.7842039999997641
6.308259999999604,0.7852059999997638
6.3099299999996035,0.786207999999764
6.311599999999603,0.7872099999997639
6.313269999999603,0.7882119999997637
6.314939999999603,0.7892139999997636
6.316609999999603,0.7902159999997633
6.318279999999603,0.7912179999997635
6.3199499999996025,0.7922199999997634
6.321619999999602,0.7932219999997632
6.323289999999602,0.7942239999997631
6.324959999999602,0.7952259999997628
6.326629999999602,0.796227999999763
6.328299999999602,0.797229999999763
6.3299699999996015,0.7982319999997627
6.331639999999601,0.7992339999997626
6.333309999999601,0.8002359999997628
6.334979999999601,0.8012379999997625
6.336649999999601,0.8022399999997625
6.338319999999601,0.8032419999997622
6.339989999999601,0.8042439999997621
6.3416599999996,0.8052459999997623
6.3433299999996,0.806247999999762
6.3449999999996,0.807249999999762
6.3466699999996,0.8082519999997617
6.3483399999996,0.8092539999997617
6.3500099999996,0.8102559999997618
6.351679999999599,0.8112579999997616
6.353349999999599,0.8122599999997615
6.355019999999599,0.8132619999997617
6.356689999999599,0.8142639999997612
6.358359999999599,0.8152659999997613
6.360029999999599,0.8162679999997611
6.3616999999995985,0.817269999999761
6.363369999999598,0.8182719999997612
6.365039999999598,0.8192739999997607
6.366709999999598,0.8202759999997609
6.368379999999598,0.8212779999997606
6.370049999999598,0.8222799999997605
6.3717199999995975,0.8232819999997607
6.373389999999597,0.8242839999997602
6.375059999999597,0.8252859999997604
6.376729999999597,0.8262879999997605
6.378399999999597,0.82728999999976
6.380069999999597,0.8282919999997602
6.3817399999995965,0.8292939999997597
6.383409999999596,0.8302959999997599
6.385079999999596,0.8312979999997601
6.386749999999596,0.8322999999997596
6.388419999999596,0.8333019999997597
6.390089999999596,0.8343039999997592
6.3917599999995955,0.8353059999997594
6.393429999999595,0.8363079999997596
6.395099999999595,0.8373099999997591
6.396769999999595,0.8383119999997592
6.398439999999595,0.8393139999997588
6.400109999999595,0.8403159999997589
6.401779999999595,0.8413179999997591
6.403449999999594,0.8423199999997586
6.405119999999594,0.8433219999997588
6.406789999999594,0.8443239999997589
6.408459999999594,0.8453259999997584
6.410129999999594,0.8463279999997586
6.411799999999594,0.8473299999997581
6.413469999999593,0.8483319999997583
6.415139999999593,0.8493339999997584
6.416809999999593,0.850335999999758
6.418479999999593,0.8513379999997581
6.420149999999593,0.8523399999997576
6.421819999999593,0.8533419999997578
6.4234899999995925,0.854343999999758
6.425159999999592,0.8553459999997575
6.426829999999592,0.8563479999997576
6.428499999999592,0.8573499999997576
6.430169999999592,0.8583519999997573
6.431839999999592,0.8593539999997575
6.4335099999995915,0.860355999999757
6.435179999999591,0.8613579999997572
6.436849999999591,0.8623599999997571
6.438519999999591,0.8633619999997568
6.440189999999591,0.864363999999757
6.441859999999591,0.8653659999997565
6.4435299999995905,0.8663679999997567
6.44519999999959,0.8673699999997566
6.44686999999959,0.8683719999997563
6.44853999999959,0.8693739999997565
6.45020999999959,0.8703759999997565
6.45187999999959,0.8713779999997562
6.45354999999959,0.8723799999997561
6.455219999999589,0.8733819999997559
6.456889999999589,0.874383999999756
6.458559999999589,0.875385999999756
6.460229999999589,0.8763879999997557
6.461899999999589,0.8773899999997556
6.463569999999589,0.8783919999997554
6.465239999999588,0.8793939999997555
6.466909999999588,0.8803959999997555
6.468579999999588,0.8813979999997552
6.470249999999588,0.8823999999997552
6.471919999999588,0.8834019999997553
6.473589999999588,0.884403999999755
6.4752599999995875,0.885405999999755
6.476929999999587,0.8864079999997547
6.478599999999587,0.8874099999997547
6.480269999999587,0.8884119999997548
6.481939999999587,0.8894139999997546
6.483609999999587,0.8904159999997545
6.4852799999995865,0.8914179999997542
6.486949999999586,0.8924199999997542
6.488619999999586,0.8934219999997544
6.490289999999586,0.8944239999997541
6.491959999999586,0.895425999999754
6.493629999999586,0.8964279999997542
6.4952999999995855,0.8974299999997537
6.496969999999585,0.8984319999997539
6.498639999999585,0.8994339999997536
6.500309999999585,1.0002492107041576
6.501979999999585,1.00159173288639
6.503649999999585,1.0029342550686229
6.5053199999995845,1.0042767772508558
6.506989999999584,1.0056192994330884
6.508659999999584,1.006961821615321
6.510329999999584,1.0083043437975536
6.511999999999584,1.0096468659797866
6.513669999999584,1.0109893881620189
6.515339999999584,1.0123319103442519
6.517009999999583,1.0136744325264844
6.518679999999583,1.0150169547087171
6.520349999999583,1.01635947689095
6.522019999999583,1.0177019990731826
6.523689999999583,1.0190445212554153
6.525359999999583,1.0203870434376479
6.527029999999582,1.0217295656198808
6.528699999999582,1.0230720878021131
6.530369999999582,1.024414609984346
6.532039999999582,1.0257571321665786
6.533709999999582,1.0270996543488113
6.535379999999582,1.0284421765310443
6.5370499999995815,1.0297846987132768
6.538719999999581,1.0311272208955096
6.540389999999581,1.032469743077742
6.542059999999581,1.033812265259975
6.543729999999581,1.0351547874422076
6.545399999999581,1.0364973096244403
6.5470699999995805,1.0378398318066728
6.54873999999958,1.0391823539889058
6.55040999999958,1.0405248761711385
6.55207999999958,1.041867398353371
6.55374999999958,1.043209920535604
6.55541999999958,1.0445524427178363
6.5570899999995795,1.0458949649000693
6.558759999999579,1.0472362888349658
6.560429999999579,1.048565370974276
6.562099999999579,1.0498944531135863
6.563769999999579,1.0512235352528967
6.565439999999579,1.0525526173922068
6.567109999999579,1.0538816995315177
6.568779999999578,1.055210781670828
6.570449999999578,1.0565398638101384
6.572119999999578,1.0578689459494486
6.573789999999578,1.059198028088759
6.575459999999578,1.0605271102280698
6.577129999999578,1.06185619236738
6.578799999999577,1.0631852745066903
6.580469999999577,1.0645143566460007
6.582139999999577,1.0658434387853108
6.583809999999577,1.0671725209246212
6.585479999999577,1.068501603063932
6.587149999999577,1.0698306852032422
6.5888199999995765,1.0711597673425526
6.590489999999576,1.072488849481863
6.592159999999576,1.0738179316211731
6.593829999999576,1.075147013760484
6.595499999999576,1.0764760958997943
6.597169999999576,1.0778051780391045
6.5988399999995755,1.0791342601784149
6.600509999999575,1.0804633423177252
6.602179999999575,1.0817924244570354
6.603849999999575,1.0831215065963462
6.605519999999575,1.0844505887356566
6.607189999999575,1.0857796708749667
6.6088599999995745,1.0871087530142771
6.610529999999574,1.0884378351535875
6.612199999999574,1.0897699999996642
6.613869999999574,1.0911028490562678
6.615539999999574,1.0924356981128713
6.617209999999574,1.0937685471694747
6.6188799999995735,1.0951013962260783
6.620549999999573,1.0964342452826823
6.622219999999573,1.0977670943392859
6.623889999999573,1.0990999433958892
6.625559999999573,1.1004327924524928
6.627229999999573,1.1017656415090964
6.628899999999573,1.1030984905657004
6.630569999999572,1.104431339622304
6.632239999999572,1.1057641886789074
6.633909999999572,1.107097037735511
6.635579999999572,1.108429886792115
6.637249999999572,1.1097627358487185
6.638919999999572,1.1110955849053221
6.6405899999995714,1.1124284339619255
6.642259999999571,1.113761283018529
6.643929999999571,1.115094132075133
6.645599999999571,1.1164269811317367
6.647269999999571,1.11775983018834
6.648939999999571,1.1190926792449436
6.6506099999995705,1.1204255283015476
6.65227999999957,1.1217583773581512
6.65394999999957,1.1230912264147548
6.65561999999957,1.1244240754713581
6.65728999999957,1.1257569245279617
6.65895999999957,1.1270897735845657
6.6606299999995695,1.1284226226411693
6.662299999999569,1.129755471697773
6.663969999999569,1.1310883207543763
6.665639999999569,1.1324211698109798
6.667309999999569,1.1337540188675839
6.668979999999569,1.1350868679241874
6.6706499999995685,1.1364197169807908
6.672319999999568,1.1377525660373944
6.673989999999568,1.1390854150939984
6.675659999999568,1.140418264150602
6.677329999999568,1.1417511132072056
6.678999999999568,1.143083962263809
6.680669999999568,1.1444168113204125
6.682339999999567,1.1457496603770165
6.684009999999567,1.1470825094336201
6.685679999999567,1.1484153584902237
6.687349999999567,1.149748207546827
6.689019999999567,1.1510810566034306
6.690689999999567,1.1524139056600347
6.692359999999566,1.1537467547166382
6.694029999999566,1.1550796037732416
6.695699999999566,1.1564124528298452
6.697369999999566,1.1577453018864492
6.699039999999566,1.1590781509430528
6.700709999999566,1.1604109999996564
6.7023799999995655,1.1617438490562597
6.704049999999565,1.1630766981128633
6.705719999999565,1.1644095471694673
6.707389999999565,1.165742396226071
6.709059999999565,1.1670752452826743
6.710729999999565,1.1684080943392778
6.7123999999995645,1.1697409433958814
6.714069999999564,1.1710737924524854
6.715739999999564,1.172406641509089
6.717409999999564,1.1737394905656924
6.719079999999564,1.175072339622296
6.720749999999564,1.1764051886789
6.7224199999995635,1.1777380377355036
6.724089999999563,1.1790708867921071
6.725759999999563,1.1804037358487105
6.727429999999563,1.181736584905314
6.729099999999563,1.183069433961918
6.730769999999563,1.1844022830185217
6.7324399999995626,1.185735132075125
6.734109999999562,1.1870679811317286
6.735779999999562,1.1884048720375644
6.737449999999562,1.1897511611370901
6.739119999999562,1.191097450236616
6.740789999999562,1.1924437393361422
6.742459999999562,1.193790028435668
6.744129999999561,1.1951363175351941
6.745799999999561,1.1964826066347198
6.747469999999561,1.1978288957342458
6.749139999999561,1.1991751848337715
6.750809999999561,1.2005214739332977
6.752479999999561,1.2018677630328238
6.7541499999995604,1.2032140521323493
6.75581999999956,1.2045603412318755
6.75748999999956,1.2059066303314012
6.75915999999956,1.2072529194309274
6.76082999999956,1.2085992085304529
6.76249999999956,1.209945497629979
6.7641699999995595,1.2112917867295048
6.765839999999559,1.212638075829031
6.767509999999559,1.213984364928557
6.769179999999559,1.2153306540280826
6.770849999999559,1.2166769431276088
6.772519999999559,1.2180232322271345
6.7741899999995585,1.2193695213266607
6.775859999999558,1.2207158104261862
6.777529999999558,1.2220620995257123
6.779199999999558,1.223408388625238
6.780869999999558,1.2247546777247642
6.782539999999558,1.2261009668242902
6.7842099999995575,1.2274472559238159
6.785879999999557,1.228793545023342
6.787549999999557,1.2301398341228678
6.789219999999557,1.231486123222394
6.790889999999557,1.2328324123219194
6.792559999999557,1.2341787014214456
6.794229999999557,1.235522245282667
6.795899999999556,1.2368550943392707
6.797569999999556,1.238187943395874
6.799239999999556,1.2395207924524776
6.800909999999556,1.2408536415090816
6.802579999999556,1.2421864905656852
6.804249999999556,1.2435193396222886
6.805919999999555,1.2448521886788921
6.807589999999555,1.2461850377354957
6.809259999999555,1.2475178867920997
6.810929999999555,1.2488507358487033
6.812599999999555,1.2501835849053067
6.814269999999555,1.2515164339619103
6.8159399999995545,1.2528492830185138
6.817609999999554,1.2541821320751179
6.819279999999554,1.2555149811317212
6.820949999999554,1.2568478301883248
6.822619999999554,1.2581806792449284
6.824289999999554,1.2595135283015324
6.8259599999995535,1.2608463773581358
6.827629999999553,1.2621792264147393
6.829299999999553,1.263512075471343
6.830969999999553,1.2648449245279465
6.832639999999553,1.2661777735845505
6.834309999999553,1.2675106226411539
6.8359799999995525,1.2688434716977575
6.837649999999552,1.270176320754361
6.839319999999552,1.271509169810965
6.840989999999552,1.2728420188675684
6.842659999999552,1.274174867924172
6.844329999999552,1.2755077169807756
6.8459999999995516,1.2768405660373792
6.847669999999551,1.2781734150939832
6.849339999999551,1.2795062641505865
6.851009999999551,1.2808391132071901
6.852679999999551,1.2821719622637937
6.854349999999551,1.2835048113203973
6.856019999999551,1.284837660377001
6.85768999999955,1.2861705094336047
6.85935999999955,1.2875033584902082
6.86102999999955,1.2888362075468118
6.86269999999955,1.2901690566034152
6.86436999999955,1.2915019056600192
6.86603999999955,1.2928347547166228
6.8677099999995495,1.2941676037732264
6.869379999999549,1.29550045282983
6.871049999999549,1.2968333018864333
6.872719999999549,1.298166150943037
6.874389999999549,1.299498999999641
6.876059999999549,1.3008318490562445
6.8777299999995485,1.3021646981128479
6.879399999999548,1.3034975471694514
6.881069999999548,1.304830396226055
6.882739999999548,1.306163245282659
6.884409999999548,1.3074960943392624
6.886079999999548,1.308828943395866
6.8877499999995475,1.3101617924524696
6.889419999999547,1.3114946415090731
6.891089999999547,1.3128274905656772
6.892759999999547,1.3141603396222805
6.894429999999547,1.315493188678884
6.896099999999547,1.3168260377354877
6.8977699999995465,1.3181588867920913
6.899439999999546,1.3194917358486946
6.901109999999546,1.3208245849052986
6.902779999999546,1.3221574339619022
6.904449999999546,1.3234902830185058
6.906119999999546,1.3248231320751094
6.907789999999546,1.3261559811317127
6.909459999999545,1.3274888301883168
6.911129999999545,1.3288216792449203
6.912799999999545,1.330154528301524
6.914469999999545,1.3314873773581273
6.916139999999545,1.3328202264147309
6.917809999999545,1.3341530754713349
6.919479999999544,1.3354859245279385
6.921149999999544,1.3368187735845418
6.922819999999544,1.3381516226411454
6.924489999999544,1.3394844716977494
6.926159999999544,1.340817320754353
6.927829999999544,1.3421501698109566
6.9294999999995435,1.34348301886756
6.931169999999543,1.3448158679241635
6.932839999999543,1.3461487169807675
6.934509999999543,1.3474815660373711
6.936179999999543,1.3488144150939745
6.937849999999543,1.350147264150578
6.9395199999995425,1.3514801132071816
6.941189999999542,1.3528129622637857
6.942859999999542,1.354145811320389
6.944529999999542,1.3554786603769926
6.946199999999542,1.3568115094335962
6.947869999999542,1.3581443584902002
6.9495399999995415,1.3594772075468038
6.951209999999541,1.3608100566034071
6.952879999999541,1.3621429056600107
6.954549999999541,1.3634757547166143
6.956219999999541,1.3648086037732183
6.957889999999541,1.3661414528298217
6.959559999999541,1.3674743018864253
6.96122999999954,1.3688071509430288
6.96289999999954,1.3701399999996324
6.96456999999954,1.3714728490562365
6.96623999999954,1.3728056981128398
6.96790999999954,1.3741385471694434
6.96957999999954,1.375471396226047
6.971249999999539,1.376809834122851
6.972919999999539,1.3781561232223771
6.974589999999539,1.3795024123219026
6.976259999999539,1.3808487014214288
6.977929999999539,1.3821949905209545
6.979599999999539,1.3835412796204807
6.9812699999995385,1.3848875687200062
6.982939999999538,1.3862338578195323
6.984609999999538,1.387580146919058
6.986279999999538,1.3889264360185842
6.987949999999538,1.3902727251181104
6.989619999999538,1.391619014217636
6.9912899999995375,1.392965303317162
6.992959999999537,1.3943115924166878
6.994629999999537,1.395657881516214
6.996299999999537,1.3970041706157397
6.997969999999537,1.3983504597152656
6.999639999999537,1.3996967488147918
7.0013099999995365,1.4010430379143175
7.002979999999536,1.4023893270138437
7.004649999999536,1.4037356161133692
7.006319999999536,1.4050819052128953
7.007989999999536,1.406428194312421
7.009659999999536,1.4077744834119472
7.0113299999995355,1.409120772511473
7.012999999999535,1.4104670616109989
7.014669999999535,1.411813350710525
7.016339999999535,1.4131596398100508
7.018009999999535,1.414505928909577
7.019679999999535,1.4158522180091024
7.021349999999535,1.4171985071086286
7.023019999999534,1.4185447962081543
7.024689999999534,1.4198910853076805
7.026359999999534,1.4212373744072062
7.028029999999534,1.4225836635067322
7.029699999999534,1.4239256603769854
7.031369999999534,1.425258509433589
7.033039999999533,1.4265913584901926
7.034709999999533,1.4279242075467962
7.036379999999533,1.4292570566034
7.038049999999533,1.4305899056600035
7.039719999999533,1.4319227547166071
7.041389999999533,1.4332556037732107
7.0430599999995325,1.4345884528298143
7.044729999999532,1.435921301886418
7.046399999999532,1.4372541509430217
7.048069999999532,1.4385869999996252
7.049739999999532,1.4399198490562288
7.051409999999532,1.4412526981128326
7.0530799999995315,1.4425855471694362
7.054749999999531,1.4439183962260398
7.056419999999531,1.4452512452826434
7.058089999999531,1.446584094339247
7.059759999999531,1.4479169433958508
7.061429999999531,1.4492497924524543
7.0630999999995305,1.450582641509058
7.06476999999953,1.4519154905656615
7.06643999999953,1.4532483396222649
7.06810999999953,1.4545811886788689
7.06977999999953,1.4559140377354725
7.07144999999953,1.457246886792076
7.07311999999953,1.4585797358486796
7.074789999999529,1.4599125849052834
7.076459999999529,1.461245433961887
7.078129999999529,1.4625782830184906
7.079799999999529,1.4639111320750942
7.081469999999529,1.4652439811316977
7.083139999999529,1.4665768301883015
7.084809999999528,1.4679096792449051
7.086479999999528,1.4692425283015087
7.088149999999528,1.4705753773581123
7.089819999999528,1.4719082264147156
7.091489999999528,1.4732410754713197
7.093159999999528,1.4745739245279232
7.0948299999995275,1.4759067735845268
7.096499999999527,1.4772396226411304
7.098169999999527,1.4785724716977342
7.099839999999527,1.4799053207543378
7.101509999999527,1.4812381698109414
7.103179999999527,1.482571018867545
7.1048499999995265,1.4839038679241485
7.106519999999526,1.4852367169807523
7.108189999999526,1.486569566037356
7.109859999999526,1.4879024150939595
7.111529999999526,1.489235264150563
7.113199999999526,1.4905681132071664
7.1148699999995255,1.4919009622637704
7.116539999999525,1.493233811320374
7.118209999999525,1.4945666603769776
7.119879999999525,1.4958995094335812
7.121549999999525,1.497232358490185
7.123219999999525,1.4985652075467886
7.1248899999995245,1.4998980566033921
7.126559999999524,1.5012309056599957
7.128229999999524,1.5025637547165993
7.129899999999524,1.5038966037732031
7.131569999999524,1.5052294528298067
7.133239999999524,1.5065623018864103
7.134909999999524,1.5078951509430139
7.136579999999523,1.5092279999996177
7.138249999999523,1.5105608490562212
7.139919999999523,1.5118936981128248
7.141589999999523,1.5132265471694284
7.143259999999523,1.514559396226032
7.144929999999523,1.5158922452826358
7.1465999999995224,1.5172250943392394
7.148269999999522,1.518557943395843
7.149939999999522,1.5198907924524465
7.151609999999522,1.5212236415090499
7.153279999999522,1.522556490565654
7.154949999999522,1.5238893396222575
7.1566199999995215,1.525222188678861
7.158289999999521,1.5265550377354646
7.159959999999521,1.527887886792068
7.161629999999521,1.529220735848672
7.163299999999521,1.5305535849052756
7.164969999999521,1.5318864339618792
7.1666399999995205,1.5332192830184828
7.16830999999952,1.5345521320750861
7.16997999999952,1.53588498113169
7.17164999999952,1.5372178301882937
7.17331999999952,1.538550679244897
7.17498999999952,1.5398835283015009
7.1766599999995195,1.5412163773581042
7.178329999999519,1.5425492264147076
7.179999999999519,1.5438820754713118
7.181669999999519,1.5452149245279152
7.183339999999519,1.546547773584519
7.185009999999519,1.5478806226411224
7.186679999999519,1.5492134716977257
7.188349999999518,1.5505463207543295
7.190019999999518,1.5518791698109333
7.191689999999518,1.5532120188675371
7.193359999999518,1.5545448679241405
7.195029999999518,1.5558777169807438
7.196699999999518,1.5572105660373476
7.198369999999517,1.5585434150939514
7.200039999999517,1.5598762641505548
7.201709999999517,1.5612091132071586
7.203379999999517,1.562541962263762
7.205049999999517,1.5638748113203658
7.206719999999517,1.5652147962081377
7.2083899999995165,1.5665610853076637
7.210059999999516,1.5679073744071896
7.211729999999516,1.5692536635067156
7.213399999999516,1.5705999526062415
7.215069999999516,1.5719462417057675
7.216739999999516,1.573292530805293
7.2184099999995155,1.5746388199048194
7.220079999999515,1.5759851090043453
7.221749999999515,1.5773313981038712
7.223419999999515,1.5786776872033972
7.225089999999515,1.5800239763029227
7.226759999999515,1.581370265402449
7.2284299999995145,1.5827165545019746
7.230099999999514,1.5840628436015005
7.231769999999514,1.5854091327010265
7.233439999999514,1.5867554218005524
7.235109999999514,1.5881017109000788
7.236779999999514,1.5894479999996043
7.2384499999995136,1.5907942890991302
7.240119999999513,1.5921405781986562
7.241789999999513,1.5934868672981821
7.243459999999513,1.594833156397708
7.245129999999513,1.596179445497234
7.246799999999513,1.5975257345967595
7.248469999999513,1.598872023696286
7.250139999999512,1.6002183127958118
7.251809999999512,1.6015646018953373
7.253479999999512,1.6029108909948637
7.255149999999512,1.6042571800943892
7.256819999999512,1.6056034691939156
7.258489999999512,1.606949758293441
7.2601599999995114,1.608296047392967
7.261829999999511,1.6096423364924934
7.263499999999511,1.610988625592019
7.265169999999511,1.6123290754713042
7.266839999999511,1.6136619245279076
7.268509999999511,1.614994773584511
7.2701799999995105,1.6163276226411147
7.27184999999951,1.6176604716977185
7.27351999999951,1.618993320754322
7.27518999999951,1.6203261698109257
7.27685999999951,1.621659018867529
7.27852999999951,1.6229918679241329
7.2801999999995095,1.6243247169807367
7.281869999999509,1.62565756603734
7.283539999999509,1.6269904150939438
7.285209999999509,1.6283232641505472
7.286879999999509,1.6296561132071514
7.288549999999509,1.6309889622637548
7.2902199999995085,1.6323218113203581
7.291889999999508,1.633654660376962
7.293559999999508,1.6349875094335653
7.295229999999508,1.636320358490169
7.296899999999508,1.637653207546773
7.298569999999508,1.6389860566033763
7.300239999999508,1.64031890565998
7.301909999999507,1.6416517547165834
7.303579999999507,1.6429846037731872
7.305249999999507,1.644317452829791
7.306919999999507,1.6456503018863944
7.308589999999507,1.6469831509429982
7.310259999999507,1.648315999999602
7.311929999999506,1.6496488490562053
7.313599999999506,1.6509816981128091
7.315269999999506,1.6523145471694125
7.316939999999506,1.6536473962260159
7.318609999999506,1.65498024528262
7.320279999999506,1.6563130943392235
7.3219499999995055,1.6576459433958273
7.323619999999505,1.6589787924524306
7.325289999999505,1.6603116415090344
7.326959999999505,1.6616444905656382
7.328629999999505,1.6629773396222416
7.330299999999505,1.6643101886788454
7.3319699999995045,1.6656430377354488
7.333639999999504,1.6669758867920526
7.335309999999504,1.6683087358486564
7.336979999999504,1.6696415849052597
7.338649999999504,1.670974433961863
7.340319999999504,1.6723072830184669
7.3419899999995035,1.6736401320750707
7.343659999999503,1.6749729811316745
7.345329999999503,1.6763058301882778
7.346999999999503,1.6776386792448812
7.348669999999503,1.6789715283014854
7.350339999999503,1.6803043773580888
7.3520099999995026,1.6816372264146926
7.353679999999502,1.682970075471296
7.355349999999502,1.6843029245278993
7.357019999999502,1.6856357735845036
7.358689999999502,1.686968622641107
7.360359999999502,1.6883014716977103
7.362029999999502,1.689634320754314
7.363699999999501,1.6909671698109174
7.365369999999501,1.6923000188675217
7.367039999999501,1.693632867924125
7.368709999999501,1.6949657169807284
7.370379999999501,1.6962985660373322
7.372049999999501,1.697631415093936
7.3737199999995005,1.6989642641505398
7.3753899999995,1.7002971132071432
7.3770599999995,1.7016299622637465
7.3787299999995,1.7029628113203503
7.3803999999995,1.7042956603769541
7.3820699999995,1.7056285094335575
7.3837399999994995,1.7069613584901613
7.385409999999499,1.7082942075467646
7.387079999999499,1.7096270566033684
7.388749999999499,1.7109599056599722
7.390419999999499,1.7122927547165756
7.392089999999499,1.7136256037731794
7.3937599999994985,1.7149584528297828
7.395429999999498,1.7162913018863866
7.397099999999498,1.7176241509429904
7.398769999999498,1.7189569999995937
7.400439999999498,1.7202898490561975
7.402109999999498,1.7216226981128009
7.4037799999994975,1.7229555471694042
7.405449999999497,1.724288396226008
7.407119999999497,1.7256212452826118
7.408789999999497,1.7269540943392157
7.410459999999497,1.728286943395819
7.412129999999497,1.7296197924524224
7.413799999999497,1.7309526415090262
7.415469999999496,1.73228549056563
7.417139999999496,1.7336183396222338
7.418809999999496,1.7349511886788371
7.420479999999496,1.7362840377354405
7.422149999999496,1.7376168867920443
7.423819999999496,1.738949735848648
7.425489999999495,1.7402825849052515
7.427159999999495,1.7416154339618553
7.428829999999495,1.7429482830184586
7.430499999999495,1.7442811320750624
7.432169999999495,1.7456139811316658
7.433839999999495,1.7469468301882696
7.4355099999994945,1.7482796792448734
7.437179999999494,1.7496125283014767
7.438849999999494,1.7509453773580805
7.440519999999494,1.752278226414684
7.442189999999494,1.7536110754712873
7.443859999999494,1.7549439245278915
7.4455299999994935,1.7562767735844953
7.447199999999493,1.7576096226410982
7.448869999999493,1.7589424716977025
7.450539999999493,1.7602753207543063
7.452209999999493,1.7616081698109096
7.453879999999493,1.7629410188675134
7.4555499999994925,1.7642738679241163
7.457219999999492,1.7656067169807206
7.458889999999492,1.7669395660373244
7.460559999999492,1.7682724150939277
7.462229999999492,1.7696052641505315
7.463899999999492,1.7709381132071353
7.465569999999492,1.7722709622637387
7.467239999999491,1.7736038113203425
7.468909999999491,1.7749366603769463
7.470579999999491,1.7762695094335497
7.472249999999491,1.7776023584901535
7.473919999999491,1.7789352075467577
7.475589999999491,1.7802680566033606
7.47725999999949,1.7816009056599644
7.47892999999949,1.7829337547165678
7.48059999999949,1.7842666037731716
7.48226999999949,1.7855994528297758
7.48393999999949,1.7869323018863787
7.48560999999949,1.7882651509429826
7.4872799999994895,1.7895979999995868
7.488949999999489,1.7909308490561897
7.490619999999489,1.7922636981127935
7.492289999999489,1.7935965471693978
7.493959999999489,1.7949293962260007
7.495629999999489,1.796262245282605
7.4972999999994885,1.7975950943392087
7.498969999999488,1.7989279433958116
7.500639999999488,1.6996126440283046
7.502309999999488,1.6986018870388695
7.503979999999488,1.697591130049434
7.505649999999488,1.6965803730600015
7.5073199999994875,1.6955696160705678
7.508989999999487,1.6945588590811327
7.510659999999487,1.6935481020916971
7.512329999999487,1.6925373451022643
7.513999999999487,1.691526588112831
7.515669999999487,1.6905158311233954
7.5173399999994865,1.6895050741339603
7.519009999999486,1.6884943171445275
7.520679999999486,1.6874835601550942
7.522349999999486,1.6864728031656586
7.524019999999486,1.685462046176223
7.525689999999486,1.6844512891867907
7.527359999999486,1.683440532197357
7.529029999999485,1.6824297752079218
7.530699999999485,1.6814190182184863
7.532369999999485,1.6804082612290538
7.534039999999485,1.67939750423962
7.535709999999485,1.678386747250185
7.537379999999485,1.6773759902607503
7.539049999999484,1.6763652332713166
7.540719999999484,1.6753544762818833
7.542389999999484,1.6743437192924477
7.544059999999484,1.6733329623030135
7.545729999999484,1.6723222053135798
7.547399999999484,1.6713114483241465
7.5490699999994835,1.670300691334711
7.550739999999483,1.6692899343452767
7.552409999999483,1.668279177355843
7.554079999999483,1.6672684203664092
7.555749999999483,1.6662576633769741
7.557419999999483,1.6652469063875395
7.5590899999994825,1.6642400034623064
7.560759999999482,1.6632426865157952
7.562429999999482,1.6622453695692823
7.564099999999482,1.6612480526227702
7.565769999999482,1.660250735676259
7.567439999999482,1.6592534187297474
7.5691099999994815,1.6582561017832345
7.570779999999481,1.6572587848367224
7.572449999999481,1.6562614678902112
7.574119999999481,1.6552641509437
7.575789999999481,1.6542668339971875
7.577459999999481,1.6532695170506746
7.579129999999481,1.6522722001041634
7.58079999999948,1.6512748831576523
7.58246999999948,1.6502775662111402
7.58413999999948,1.6492802492646268
7.58580999999948,1.6482829323181156
7.58747999999948,1.6472856153716045
7.58914999999948,1.6462882984250924
7.590819999999479,1.6452909814785794
7.592489999999479,1.6442936645320683
7.594159999999479,1.6432963475855566
7.595829999999479,1.6422990306390446
7.597499999999479,1.6413017136925316
7.599169999999479,1.6403043967460205
7.6008399999994785,1.6393070797995093
7.602509999999478,1.6383097628529968
7.604179999999478,1.6373124459064838
7.605849999999478,1.6363151289599727
7.607519999999478,1.6353178120134615
7.609189999999478,1.6343204950669485
7.6108599999994775,1.6333231781204365
7.612529999999477,1.6323258611739249
7.614199999999477,1.6313285442274137
7.615869999999477,1.6303312272809007
7.617539999999477,1.6293339103343887
7.619209999999477,1.6283365933878775
7.6208799999994765,1.627339276441366
7.622549999999476,1.626341959494853
7.624219999999476,1.6253446425483409
7.625889999999476,1.6243473256018297
7.627559999999476,1.623350008655318
7.629229999999476,1.6223526917088051
7.6308999999994755,1.6213553747622922
7.632569999999475,1.620358057815782
7.634239999999475,1.6193607408692707
7.635909999999475,1.6183634239227573
7.637579999999475,1.6173661069762444
7.639249999999475,1.616368790029734
7.640919999999475,1.615371473083223
7.642589999999474,1.6143741561367095
7.644259999999474,1.6133768391901966
7.645929999999474,1.6123795222436863
7.647599999999474,1.6113822052971751
7.649269999999474,1.6103848883506622
7.650939999999474,1.6093875714041488
7.6526099999994734,1.6083902544576385
7.654279999999473,1.6073929375111273
7.655949999999473,1.6063956205646144
7.657619999999473,1.6053983036181014
7.659289999999473,1.6044009866715907
7.660959999999473,1.6034036697250795
7.6626299999994725,1.6024063527785666
7.664299999999472,1.6014090358320536
7.665969999999472,1.6004117188855433
7.667639999999472,1.5994144019390317
7.669309999999472,1.5984170849925188
7.670979999999472,1.5974197680460058
7.6726499999994715,1.5964224510994955
7.674319999999471,1.595425134152984
7.675989999999471,1.594427817206471
7.677659999999471,1.593430500259958
7.679329999999471,1.5924331833134469
7.680999999999471,1.5914358663669366
7.6826699999994705,1.5904385494204232
7.68433999999947,1.5894412324739102
7.68600999999947,1.588443915527399
7.68767999999947,1.5874465985808888
7.68934999999947,1.5864492816343754
7.69101999999947,1.5854519646878624
7.69268999999947,1.5844546477413513
7.694359999999469,1.583457330794841
7.696029999999469,1.582460013848328
7.697699999999469,1.5814626969018146
7.699369999999469,1.5804653799553035
7.701039999999469,1.5794680630087932
7.702709999999469,1.5784707460622802
7.704379999999468,1.5774734291157673
7.706049999999468,1.5764761121692557
7.707719999999468,1.5754787952227454
7.709389999999468,1.5744814782762324
7.711059999999468,1.5734841613297195
7.712729999999468,1.5724868443832078
7.7143999999994675,1.5714895274366976
7.716069999999467,1.5704922104901846
7.717739999999467,1.5694948935436717
7.719409999999467,1.5684975765971605
7.721079999999467,1.5675002596506498
7.722749999999467,1.5665029427041368
7.7244199999994665,1.5655056257576239
7.726089999999466,1.5645083088111127
7.727759999999466,1.563510991864602
7.729429999999466,1.562513674918089
7.731099999999466,1.561516357971576
7.732769999999466,1.560519041025065
7.7344399999994655,1.5595217240785537
7.736109999999465,1.5585177094659453
7.737779999999465,1.5575069524765102
7.739449999999465,1.5564961954870764
7.741119999999465,1.555485438497643
7.742789999999465,1.5544746815082084
7.7444599999994646,1.553463924518773
7.746129999999464,1.5524531675293396
7.747799999999464,1.5514424105399058
7.749469999999464,1.5504316535504716
7.751139999999464,1.549420896561036
7.752809999999464,1.5484101395716028
7.754479999999464,1.547399382582169
7.756149999999463,1.546388625592734
7.757819999999463,1.5453778686032993
7.759489999999463,1.5443671116138655
7.761159999999463,1.5433563546244322
7.762829999999463,1.5423455976349967
7.764499999999463,1.5413348406455625
7.7661699999994624,1.5403240836561287
7.767839999999462,1.5393133266666954
7.769509999999462,1.5383025696772599
7.771179999999462,1.5372918126878252
7.772849999999462,1.5362798809389395
7.774519999999462,1.5352635186686832
7.7761899999994615,1.5342471563984246
7.777859999999461,1.5332307941281655
7.779529999999461,1.5322144318579087
7.781199999999461,1.5311980695876524
7.782869999999461,1.5301817073173938
7.784539999999461,1.5291653450471347
7.7862099999994605,1.5281489827768784
7.78787999999946,1.5271326205066216
7.78954999999946,1.5261162582363625
7.79121999999946,1.5250998959661048
7.79288999999946,1.5240835336958476
7.79455999999946,1.5230725724807592
7.7962299999994595,1.5220696502534237
7.797899999999459,1.5210667280260872
7.799569999999459,1.5200638057987526
7.801239999999459,1.5190608835714183
7.802909999999459,1.5180579613440819
7.804579999999459,1.5170550391167454
7.806249999999459,1.5160521168894117
7.807919999999458,1.515049194662077
7.809589999999458,1.51404627243474
7.811259999999458,1.5130433502074045
7.812929999999458,1.5120404279800699
7.814599999999458,1.5110375057527352
7.816269999999458,1.5100345835253992
7.817939999999457,1.5090316612980628
7.819609999999457,1.508028739070728
7.821279999999457,1.5070258168433943
7.822949999999457,1.5060228946160579
7.824619999999457,1.505019972388721
7.826289999999457,1.5040170501613872
7.8279599999994565,1.5030141279340525
7.829629999999456,1.502011205706716
7.831299999999456,1.5010082834793796
7.832969999999456,1.5000053612520454
7.834639999999456,1.4990024390247108
7.836309999999456,1.4979995167973752
7.8379799999994555,1.4969965945700388
7.839649999999455,1.4959936723427036
7.841319999999455,1.4949907501153699
7.842989999999455,1.4939878278880334
7.844659999999455,1.492984905660697
7.846329999999455,1.4919819834333623
7.8479999999994545,1.490979061206028
7.849669999999454,1.4899761389786916
7.851339999999454,1.4889732167513552
7.853009999999454,1.4879702945240214
7.854679999999454,1.4869673722966867
7.856349999999454,1.4859644500693499
7.8580199999994536,1.4849615278420143
7.859689999999453,1.4839586056146796
7.861359999999453,1.4829556833873458
7.863029999999453,1.4819527611600094
7.864699999999453,1.480953493739861
7.866369999999453,1.4799561767933498
7.868039999999453,1.4789588598468395
7.869709999999452,1.4779615429003266
7.871379999999452,1.4769642259538136
7.873049999999452,1.475966909007302
7.874719999999452,1.4749695920607917
7.876389999999452,1.4739722751142788
7.878059999999452,1.4729749581677658
7.8797299999994515,1.4719776412212546
7.881399999999451,1.4709803242747443
7.883069999999451,1.469983007328231
7.884739999999451,1.468985690381718
7.886409999999451,1.4679883734352068
7.888079999999451,1.4669910564886957
7.8897499999994505,1.4659937395421836
7.89141999999945,1.4649964225956702
7.89308999999945,1.463999105649159
7.89475999999945,1.4630017887026479
7.89642999999945,1.4620044717561358
7.89809999999945,1.4610071548096228
7.8997699999994495,1.4600098378631112
7.901439999999449,1.4590125209166
7.903109999999449,1.458015203970088
7.904779999999449,1.457017887023575
7.906449999999449,1.4560205700770639
7.908119999999449,1.4550232531305527
7.9097899999994485,1.4540259361840393
7.911459999999448,1.4530286192375272
7.913129999999448,1.452031302291016
7.914799999999448,1.451033985344505
7.916469999999448,1.450036668397992
7.918139999999448,1.4490393514514794
7.919809999999448,1.4480420345049683
7.921479999999447,1.447044717558457
7.923149999999447,1.4460474006119441
7.924819999999447,1.4450500836654316
7.926489999999447,1.4440527667189205
7.928159999999447,1.4430554497724093
7.929829999999447,1.4420581328258963
7.931499999999446,1.4410608158793834
7.933169999999446,1.4400634989328727
7.934839999999446,1.4390661819863615
7.936509999999446,1.4380688650398485
7.938179999999446,1.4370715480933356
7.939849999999446,1.4360742311468249
7.9415199999994455,1.4350769142003137
7.943189999999445,1.4340795972538007
7.944859999999445,1.4330822803072878
7.946529999999445,1.4320849633607775
7.948199999999445,1.431087646414266
7.949869999999445,1.430090329467753
7.9515399999994445,1.42909301252124
7.953209999999444,1.4280956955747297
7.954879999999444,1.4270983786282185
7.956549999999444,1.4261010616817051
7.958219999999444,1.4251037447351922
7.959889999999444,1.424106427788682
7.9615599999994435,1.4231091108421707
7.963229999999443,1.4221117938956573
7.964899999999443,1.4211144769491444
7.966569999999443,1.420117160002634
7.968239999999443,1.419119843056123
7.969909999999443,1.41812252610961
7.971579999999443,1.4171169645060324
7.973249999999442,1.4161062075166
7.974919999999442,1.4150954505271662
7.976589999999442,1.4140846935377307
7.978259999999442,1.4130739365482956
7.979929999999442,1.4120631795588627
7.981599999999442,1.4110524225694294
7.983269999999441,1.4100416655799939
7.984939999999441,1.4090309085905588
7.986609999999441,1.408020151601126
7.988279999999441,1.4070093946116926
7.989949999999441,1.405998637622257
7.991619999999441,1.4049878806328215
7.9932899999994405,1.4039771236433891
7.99495999999944,1.4029663666539554
7.99662999999944,1.4019556096645203
7.99829999999944,1.4009448526750856
7.99996999999944,1.3999340956856523
8.00163999999944,1.3989233386962172
8.003309999999441,1.397912581706783
8.004979999999442,1.396901824717348
8.006649999999443,1.3958910677279128
8.008319999999443,1.3948803107384786
8.009989999999444,1.3938695537490435
8.011659999999445,1.3928587967596084
8.013329999999446,1.3918480397701742
8.014999999999446,1.3908372827807391
8.016669999999447,1.389826525791304
8.018339999999448,1.3888157688018699
8.020009999999449,1.3878050118124348
8.02167999999945,1.3867942548230006
8.02334999999945,1.3857834978335655
8.02501999999945,1.3847727408441304
8.026689999999451,1.3837619838546962
8.028359999999452,1.382751226865261
8.030029999999453,1.381747417921963
8.031699999999454,1.380750100975451
8.033369999999454,1.3797527840289385
8.035039999999455,1.3787554670824256
8.036709999999456,1.377758150135914
8.038379999999457,1.376760833189401
8.040049999999457,1.375763516242888
8.041719999999458,1.3747661992963764
8.043389999999459,1.3737688823498635
8.04505999999946,1.3727715654033519
8.04672999999946,1.371774248456839
8.04839999999946,1.370776931510326
8.050069999999462,1.3697796145638144
8.051739999999462,1.3687822976173014
8.053409999999463,1.367784980670789
8.055079999999464,1.3667876637242768
8.056749999999465,1.365790346777764
8.058419999999465,1.3647930298312514
8.060089999999466,1.3637957128847393
8.061759999999467,1.3627983959382264
8.063429999999467,1.3618010789917139
8.065099999999468,1.3608037620452018
8.066769999999469,1.3598064450986893
8.06843999999947,1.3588091281521764
8.07010999999947,1.3578118112056643
8.071779999999471,1.3568144942591518
8.073449999999472,1.3558171773126388
8.075119999999472,1.3548198603661272
8.076789999999473,1.3538225434196143
8.078459999999474,1.3528252264731013
8.080129999999475,1.3518279095265897
8.081799999999475,1.3508305925800768
8.083469999999476,1.3498332756335643
8.085139999999477,1.3488359586870522
8.086809999999478,1.3478386417405392
8.088479999999478,1.3468413247940267
8.090149999999479,1.3458440078475147
8.09181999999948,1.3448466909010017
8.09348999999948,1.3438493739544892
8.095159999999481,1.3428520570079772
8.096829999999482,1.3418547400614647
8.098499999999483,1.3408574231149517
8.100169999999483,1.3398601061684396
8.101839999999484,1.3388627892219271
8.103509999999485,1.3378654722754142
8.105179999999486,1.3368681553289026
8.106849999999486,1.3358708383823896
8.108519999999487,1.3348735214358767
8.110189999999488,1.333876204489365
8.111859999999488,1.332878887542852
8.11352999999949,1.3318815705963392
8.11519999999949,1.3308842536498275
8.11686999999949,1.3298869367033146
8.118539999999491,1.328889619756802
8.120209999999492,1.32789230281029
8.121879999999493,1.326894985863777
8.123549999999494,1.3258976689172655
8.125219999999494,1.3249003519707525
8.126889999999495,1.32390303502424
8.128559999999496,1.322905718077728
8.130229999999496,1.321908401131215
8.131899999999497,1.3209110841847025
8.133569999999498,1.3199137672381904
8.135239999999499,1.318916450291678
8.1369099999995,1.3179164519100954
8.1385799999995,1.3169135296827599
8.1402499999995,1.3159106074554239
8.141919999999502,1.3149076852280883
8.143589999999502,1.3139047630007519
8.145259999999503,1.3129018407734159
8.146929999999504,1.3118989185460803
8.148599999999504,1.3108959963187443
8.150269999999505,1.3098930740914088
8.151939999999506,1.3088901518640723
8.153609999999507,1.3078872296367363
8.155279999999507,1.3068843074094008
8.156949999999508,1.3058813851820648
8.158619999999509,1.3048784629547292
8.16028999999951,1.3038755407273932
8.16195999999951,1.3028726185000576
8.163629999999511,1.3018696962727212
8.165299999999512,1.3008667740453852
8.166969999999512,1.2998638518180496
8.168639999999513,1.2988609295907136
8.170309999999514,1.297858007363378
8.171979999999515,1.296855085136042
8.173649999999515,1.2958521629087065
8.175319999999516,1.29484924068137
8.176989999999517,1.293846318454034
8.178659999999518,1.2928433962266985
8.180329999999518,1.2918404739993625
8.181999999999519,1.290837551772027
8.18366999999952,1.2898346295446905
8.18533999999952,1.2888317073173554
8.187009999999521,1.287828785090019
8.188679999999522,1.286825862862683
8.190349999999523,1.2858229406353474
8.192019999999523,1.284820018408011
8.193689999999524,1.2838170961806759
8.195359999999525,1.2828141739533394
8.197029999999526,1.2818112517260043
8.198699999999526,1.2808083294986679
8.200369999999527,1.2798054072713319
8.202039999999528,1.2788024850439963
8.203709999999528,1.2777995628166599
8.20537999999953,1.2767966405893247
8.20704999999953,1.275783926713955
8.20871999999953,1.2747675644436973
8.210389999999531,1.2737512021734387
8.212059999999532,1.2727348399031801
8.213729999999533,1.2717184776329225
8.215399999999534,1.2707021153626639
8.217069999999534,1.2696857530924062
8.218739999999535,1.2686693908221476
8.220409999999536,1.267653028551889
8.222079999999536,1.2666366662816313
8.223749999999537,1.2656203040113727
8.225419999999538,1.264603941741115
8.227089999999539,1.2635875794708564
8.22875999999954,1.2625763786834043
8.23042999999954,1.2615656216939692
8.23209999999954,1.260554864704535
8.233769999999542,1.2595441077151
8.235439999999542,1.2585333507256649
8.237109999999543,1.2575225937362307
8.238779999999544,1.2565118367467956
8.240449999999544,1.2555010797573605
8.242119999999545,1.2544903227679267
8.243789999999546,1.2534795657784916
8.245459999999547,1.2524688087890565
8.247129999999547,1.2514580517996223
8.248799999999548,1.2504472948101872
8.250469999999549,1.2494365378207521
8.25213999999955,1.248425780831318
8.25380999999955,1.2474150238418829
8.255479999999551,1.2464042668524478
8.257149999999552,1.2453935098630136
8.258819999999552,1.2443827528735785
8.260489999999553,1.2433719958841434
8.262159999999554,1.2423612388947092
8.263829999999555,1.241350481905274
8.265499999999555,1.2403482199529452
8.267169999999556,1.2393509030064336
8.268839999999557,1.2383535860599206
8.270509999999557,1.2373562691134077
8.272179999999558,1.236358952166896
8.273849999999559,1.2353616352203831
8.27551999999956,1.2343643182738706
8.27718999999956,1.2333670013273585
8.278859999999561,1.2323696843808456
8.280529999999562,1.231372367434333
8.282199999999563,1.230375050487821
8.283869999999563,1.229377733541308
8.285539999999564,1.2283804165947956
8.287209999999565,1.2273830996482835
8.288879999999565,1.226385782701771
8.290549999999566,1.225388465755258
8.292219999999567,1.224391148808746
8.293889999999568,1.2233938318622335
8.295559999999568,1.2223965149157214
8.29722999999957,1.221399197969209
8.29889999999957,1.220401881022696
8.30056999999957,1.219404564076184
8.302239999999571,1.2184072471296714
8.303909999999572,1.2174099301831585
8.305579999999573,1.2164126132366464
8.307249999999573,1.215415296290134
8.308919999999574,1.214417979343621
8.310589999999575,1.2134206623971093
8.312259999999576,1.2124233454505964
8.313929999999576,1.2114260285040834
8.315599999999577,1.2104287115575718
8.317269999999578,1.2094313946110589
8.318939999999579,1.2084340776645464
8.32060999999958,1.2074367607180343
8.32227999999958,1.2064394437715213
8.32394999999958,1.2054421268250088
8.325619999999581,1.2044448098784968
8.327289999999582,1.2034474929319843
8.328959999999583,1.2024501759854713
8.330629999999584,1.2014528590389593
8.332299999999584,1.2004555420924468
8.333969999999585,1.1994582251459338
8.335639999999586,1.1984609081994217
8.337309999999587,1.1974635912529092
8.338979999999587,1.1964662743063963
8.340649999999588,1.1954689573598847
8.342319999999589,1.1944716404133717
8.34398999999959,1.1934743234668588
8.34565999999959,1.1924770065203472
8.347329999999591,1.1914796895738342
8.348999999999592,1.1904823726273217
8.350669999999592,1.1894850556808096
8.352339999999593,1.1884877387342967
8.354009999999594,1.1874904217877842
8.355679999999595,1.1864931048412721
8.357349999999595,1.1854957878947596
8.359019999999596,1.1844984709482467
8.360689999999597,1.1835011540017346
8.362359999999597,1.182503837055222
8.364029999999598,1.1815065201087092
8.365699999999599,1.180509203162197
8.3673699999996,1.1795118862156846
8.3690399999996,1.1785145692691716
8.370709999999601,1.17751725232266
8.372379999999602,1.176519935376147
8.374049999999603,1.1755226184296341
8.375719999999603,1.1745253014831225
8.377389999999604,1.1735279845366096
8.379059999999605,1.172530667590097
8.380729999999605,1.171533350643585
8.382399999999606,1.170536033697072
8.384069999999607,1.1695387167505604
8.385739999999608,1.1685413998040475
8.387409999999608,1.167544082857535
8.389079999999609,1.166546765911023
8.39074999999961,1.16554944896451
8.39241999999961,1.1645521320179975
8.394089999999611,1.1635548150714854
8.395759999999612,1.1625574981249729
8.397429999999613,1.16156018117846
8.399099999999613,1.1605628642319483
8.400769999999614,1.1595655472854354
8.402439999999615,1.1585682303389224
8.404109999999616,1.1575709133924108
8.405779999999616,1.1565735964458979
8.407449999999617,1.1555762794993854
8.409119999999618,1.154578186838695
8.410789999999619,1.1535752646113586
8.41245999999962,1.1525723423840235
8.41412999999962,1.151569420156687
8.41579999999962,1.150566497929352
8.417469999999621,1.1495635757020155
8.419139999999622,1.1485606534746804
8.420809999999623,1.147557731247344
8.422479999999624,1.1465548090200075
8.424149999999624,1.1455518867926724
8.425819999999625,1.144548964565336
8.427489999999626,1.1435460423380008
8.429159999999627,1.1425431201106644
8.430829999999627,1.1415401978833288
8.432499999999628,1.1405372756559928
8.434169999999629,1.1395343534286564
8.43583999999963,1.1385314312013213
8.43750999999963,1.1375285089739848
8.43917999999963,1.1365255867466493
8.440849999999632,1.1355226645193133
8.442519999999632,1.1345197422919782
8.444189999999633,1.1335168200646413
8.445859999999634,1.1325138978373053
8.447529999999634,1.1315109756099702
8.449199999999635,1.1305080533826333
8.450869999999636,1.1295051311552982
8.452539999999637,1.1285022089279622
8.454209999999637,1.1274992867006262
8.455879999999638,1.1264963644732902
8.457549999999639,1.1254934422459542
8.45921999999964,1.1244905200186182
8.46088999999964,1.1234875977912822
8.462559999999641,1.122484675563947
8.464229999999642,1.1214817533366102
8.465899999999642,1.1204788311092742
8.467569999999643,1.119475908881939
8.469239999999644,1.1184729866546022
8.470909999999645,1.117470064427267
8.472579999999645,1.1164671421999302
8.474249999999646,1.115464219972595
8.475919999999647,1.114461297745259
8.477589999999648,1.1134583755179221
8.479259999999648,1.112455453290587
8.480929999999649,1.111452531063251
8.48259999999965,1.110449608835915
8.48426999999965,1.109446686608579
8.485939999999651,1.108443764381244
8.487609999999652,1.107440842153907
8.489279999999653,1.106437919926571
8.490949999999653,1.105434997699236
8.492619999999654,1.104432075471899
8.494289999999655,1.103429153244564
8.495959999999656,1.102426231017228
8.497629999999656,1.101423308789892
8.499299999999657,1.100420386562556
8.500969999999658,1.0998072980617302
8.502639999999658,1.0994755328689312
8.50430999999966,1.099143767676133
8.50597999999966,1.098812002483335
8.50764999999966,1.0984802372905351
8.509319999999661,1.098148472097737
8.510989999999662,1.097816706904939
8.512659999999663,1.097484941712139
8.514329999999664,1.097153176519341
8.515999999999664,1.0968214113265429
8.517669999999665,1.096489646133744
8.519339999999666,1.096157880940945
8.521009999999666,1.0958261157481468
8.522679999999667,1.0954943505553478
8.524349999999668,1.0951625853625497
8.526019999999669,1.0948308201697499
8.52768999999967,1.0944990549769518
8.52935999999967,1.0941672897841537
8.53102999999967,1.0938355245913538
8.532699999999672,1.0935037593985557
8.534369999999672,1.0931719942057576
8.536039999999673,1.0928402290129586
8.537709999999674,1.0925084638201596
8.539379999999674,1.0921766986273616
8.541049999999675,1.0918449334345626
8.542719999999676,1.0915131682417645
8.544389999999677,1.0911814030489655
8.546059999999677,1.0908496378561665
8.547729999999678,1.0905178726633684
8.549399999999679,1.0901861074705685
8.55106999999968,1.0898543422777704
8.55273999999968,1.0895225770849724
8.554409999999681,1.0891908118921734
8.556079999999682,1.0888590466993744
8.557749999999682,1.0885272815065763
8.559419999999683,1.0881955163137773
8.561089999999684,1.0878637511209783
8.562759999999685,1.0875319859281802
8.564429999999685,1.0872002207353813
8.566099999999686,1.0868684555425832
8.567769999999687,1.0865366903497842
8.569439999999688,1.0862049251569852
8.571109999999688,1.085873159964187
8.572779999999689,1.0855413947713881
8.57444999999969,1.0852096295785891
8.57611999999969,1.084877864385791
8.577789999999691,1.084546099192992
8.579459999999692,1.084214334000193
8.581129999999693,1.083882568807395
8.582799999999693,1.083550803614596
8.584469999999694,1.083219038421798
8.586139999999695,1.082887273228999
8.587809999999696,1.0825555080362
8.589479999999696,1.0822237428434018
8.591149999999697,1.0818919776506037
8.592819999999698,1.0815602124578039
8.594489999999698,1.0812284472650058
8.5961599999997,1.0808966820722068
8.5978299999997,1.0805649168794078
8.5994999999997,1.0802331516866097
8.601169999999701,1.0799013864938107
8.602839999999702,1.0795696213010126
8.604509999999703,1.0792378561082137
8.606179999999704,1.0789060909154147
8.607849999999704,1.0785743257226166
8.609519999999705,1.0782425605298176
8.611189999999706,1.0779099908257415
8.612859999999706,1.0775744587156497
8.614529999999707,1.077238926605558
8.616199999999708,1.0769033944954653
8.617869999999709,1.0765678623853745
8.61953999999971,1.0762323302752828
8.62120999999971,1.0758967981651901
8.62287999999971,1.0755612660550984
8.624549999999712,1.0752257339450075
8.626219999999712,1.074890201834915
8.627889999999713,1.0745546697248232
8.629559999999714,1.0742191376147314
8.631229999999714,1.0738836055046388
8.632899999999715,1.073548073394548
8.634569999999716,1.0732125412844562
8.636239999999717,1.0728770091743636
8.637909999999717,1.0725414770642718
8.639579999999718,1.07220594495418
8.641249999999719,1.0718704128440883
8.64291999999972,1.0715348807339966
8.64458999999972,1.0711993486239049
8.646259999999721,1.0708638165138122
8.647929999999722,1.0705282844037214
8.649599999999722,1.0701927522936296
8.651269999999723,1.069857220183537
8.652939999999724,1.0695216880734453
8.654609999999725,1.0691861559633535
8.656279999999725,1.0688506238532618
8.657949999999726,1.06851509174317
8.659619999999727,1.0681795596330783
8.661289999999727,1.0678440275229857
8.662959999999728,1.067508495412894
8.664629999999729,1.067172963302803
8.66629999999973,1.0668374311927105
8.66796999999973,1.0665018990826187
8.669639999999731,1.066166366972527
8.671309999999732,1.0658308348624352
8.672979999999733,1.0654953027523435
8.674649999999733,1.0651597706422518
8.676319999999734,1.0648242385321591
8.677989999999735,1.0644887064220674
8.679659999999735,1.0641531743119765
8.681329999999736,1.063817642201884
8.682999999999737,1.0634821100917922
8.684669999999738,1.0631465779816995
8.686339999999738,1.0628110458716078
8.688009999999739,1.062475513761517
8.68967999999974,1.0621399816514243
8.69134999999974,1.0618044495413326
8.693019999999741,1.0614689174312408
8.694689999999742,1.061133385321149
8.696359999999743,1.0607978532110574
8.698029999999743,1.0604623211009656
8.699699999999744,1.060126788990873
8.701369999999745,1.0597912568807812
8.703039999999746,1.0594557247706904
8.704709999999746,1.0591201926605978
8.706379999999747,1.058784660550506
8.708049999999748,1.0584491284404143
8.709719999999749,1.0581135963303225
8.71138999999975,1.0577780642202308
8.71305999999975,1.057442532110139
8.71472999999975,1.0571070000000464
8.716399999999751,1.0567714678899547
8.718069999999752,1.0564359357798638
8.719739999999753,1.0561004036697712
8.721409999999754,1.0557648715596795
8.723079999999754,1.0554293394495877
8.724749999999755,1.055093807339495
8.726419999999756,1.0547582752294042
8.728089999999757,1.0544227431193125
8.729759999999757,1.0540872110092199
8.731429999999758,1.0537516788991281
8.733099999999759,1.0534161467890364
8.73476999999976,1.0530806146789446
8.73643999999976,1.052745082568853
8.738109999999761,1.0524095504587612
8.739779999999762,1.0520740183486685
8.741449999999762,1.0517384862385768
8.743119999999763,1.051402954128486
8.744789999999764,1.0510674220183933
8.746459999999765,1.0507318899083016
8.748129999999765,1.0503963577982098
8.749799999999766,1.0500608256881172
8.751469999999767,1.0497252935780264
8.753139999999767,1.0493897614679346
8.754809999999768,1.049054229357842
8.756479999999769,1.0487186972477502
8.75814999999977,1.0483831651376585
8.75981999999977,1.0480476330275668
8.761489999999771,1.047712100917475
8.763159999999772,1.0473765688073833
8.764829999999773,1.0470410366972907
8.766499999999773,1.046705504587199
8.768169999999774,1.046369972477108
8.769839999999775,1.0460344403670154
8.771509999999775,1.0456989082569237
8.773179999999776,1.0453656585366273
8.774849999999777,1.0450357317073582
8.776519999999778,1.0447058048780908
8.778189999999778,1.0443758780488217
8.779859999999779,1.0440459512195535
8.78152999999978,1.0437160243902852
8.78319999999978,1.043386097561016
8.784869999999781,1.0430561707317487
8.786539999999782,1.0427262439024796
8.788209999999783,1.0423963170732113
8.789879999999783,1.0420663902439422
8.791549999999784,1.041736463414674
8.793219999999785,1.0414065365854066
8.794889999999786,1.0410766097561375
8.796559999999786,1.0407466829268692
8.798229999999787,1.0404167560976
8.799899999999788,1.0400868292683318
8.801569999999789,1.0397569024390645
8.80323999999979,1.0394269756097954
8.80490999999979,1.039097048780527
8.80657999999979,1.038767121951258
8.808249999999791,1.0384371951219897
8.809919999999792,1.0381072682927215
8.811589999999793,1.0377773414634532
8.813259999999794,1.037447414634185
8.814929999999794,1.0371174878049159
8.816599999999795,1.0367875609756476
8.818269999999796,1.0364576341463794
8.819939999999796,1.0361277073171111
8.821609999999797,1.035797780487842
8.823279999999798,1.0354678536585737
8.824949999999799,1.0351379268293055
8.8266199999998,1.0348080000000373
8.8282899999998,1.034478073170769
8.8299599999998,1.0341481463414999
8.831629999999802,1.0338182195122316
8.833299999999802,1.0334882926829625
8.834969999999803,1.0331583658536951
8.836639999999804,1.032828439024427
8.838309999999804,1.0324985121951578
8.839979999999805,1.0321685853658895
8.841649999999806,1.0318386585366204
8.843319999999807,1.031508731707353
8.844989999999807,1.0311788048780839
8.846659999999808,1.0308488780488156
8.848329999999809,1.0305189512195474
8.84999999999981,1.0301890243902783
8.85166999999981,1.029859097561011
8.853339999999811,1.0295291707317418
8.855009999999812,1.0291992439024735
8.856679999999812,1.0288693170732044
8.858349999999813,1.0285393902439361
8.860019999999814,1.0282094634146688
8.861689999999815,1.0278795365853997
8.863359999999815,1.0275496097561314
8.865029999999816,1.0272149204893308
8.866699999999817,1.0268793883792382
8.868369999999818,1.0265438562691473
8.870039999999818,1.0262083241590556
8.871709999999819,1.025872792048963
8.87337999999982,1.0255372599388712
8.87504999999982,1.0252017278287795
8.876719999999821,1.0248661957186878
8.878389999999822,1.024530663608596
8.880059999999823,1.0241951314985043
8.881729999999823,1.0238595993884116
8.883399999999824,1.02352406727832
8.885069999999825,1.023188535168229
8.886739999999826,1.0228530030581364
8.888409999999826,1.0225174709480447
8.890079999999827,1.022181938837953
8.891749999999828,1.0218464067278603
8.893419999999828,1.0215108746177695
8.89508999999983,1.0211753425076777
8.89675999999983,1.020839810397585
8.89842999999983,1.0205042782874933
8.900099999999831,1.0201687461774016
8.901769999999832,1.0198332140673099
8.903439999999833,1.0194976819572181
8.905109999999834,1.0191621498471264
8.906779999999834,1.0188266177370338
8.908449999999835,1.018491085626942
8.910119999999836,1.0181555535168512
8.911789999999836,1.0178200214067585
8.913459999999837,1.0174844892966668
8.915129999999838,1.017148957186575
8.916799999999839,1.0168134250764824
8.91846999999984,1.0164778929663916
8.92013999999984,1.0161423608562998
8.92180999999984,1.0158068287462072
8.923479999999842,1.0154712966361155
8.925149999999842,1.0151357645260237
8.926819999999843,1.014800232415932
8.928489999999844,1.0144647003058402
8.930159999999844,1.0141291681957485
8.931829999999845,1.0137936360856559
8.933499999999846,1.0134581039755641
8.935169999999847,1.0131225718654733
8.936839999999847,1.0127870397553806
8.938509999999848,1.012451507645289
8.940179999999849,1.0121159755351963
8.94184999999985,1.0117804434251045
8.94351999999985,1.0114449113150137
8.945189999999851,1.011109379204921
8.946859999999852,1.0107738470948293
8.948529999999852,1.0104383149847376
8.950199999999853,1.010102782874645
8.951869999999854,1.009767250764554
8.953539999999855,1.0094317186544624
8.955209999999855,1.0090961865443697
8.956879999999856,1.008760654434278
8.958549999999857,1.0084251223241871
8.960219999999858,1.0080895902140945
8.961889999999858,1.0077540581040028
8.963559999999859,1.007418525993911
8.96522999999986,1.0070829938838184
8.96689999999986,1.0067474617737275
8.968569999999861,1.0064119296636358
8.970239999999862,1.0060763975535432
8.971909999999863,1.0057408654434514
8.973579999999863,1.0054053333333588
8.975249999999864,1.005069801223268
8.976919999999865,1.0047342691131762
8.978589999999866,1.0043987370030836
8.980259999999866,1.0040632048929918
8.981929999999867,1.003727672782901
8.983599999999868,1.0033921406728084
8.985269999999868,1.0030566085627166
8.98693999999987,1.0027210764526249
8.98860999999987,1.0023855443425322
8.99027999999987,1.0020500122324414
8.991949999999871,1.0017144801223496
8.993619999999872,1.001378948012257
8.995289999999873,1.0010434159021653
8.996959999999874,1.0007078837920726
8.998629999999874,1.0003723516819818
9.000299999999875,1.00003681957189
9.001969999999876,0.9997012874617974
9.003639999999876,0.9993657553517057
9.005309999999877,0.9990302232416148
9.006979999999878,0.9986946911315222
9.008649999999879,0.9983591590214305
9.01031999999988,0.9980236269113387
9.01198999999988,0.9976880948012461
9.01365999999988,0.9973525626911552
9.015329999999881,0.9970170305810635
9.016999999999882,0.9966814984709709
9.018669999999883,0.9963459663608791
9.020339999999884,0.9960104342507865
9.022009999999884,0.9956749021406957
9.023679999999885,0.9953393700306039
9.025349999999886,0.9950038379205113
9.027019999999887,0.9946683058104195
9.028689999999887,0.9943327737003287
9.030359999999888,0.9939972415902361
9.032029999999889,0.9936617094801443
9.03369999999989,0.9933261773700526
9.03536999999989,0.99299064525996
9.037039999999891,0.9926551131498691
9.038709999999892,0.9923195810397774
9.040379999999892,0.9919840489296847
9.042049999999893,0.991648516819593
9.043719999999894,0.9913129847095004
9.045389999999895,0.9909774525994095
9.047059999999895,0.9906419204893178
9.048729999999896,0.9903063883792251
9.050399999999897,0.9899708562691334
9.052069999999897,0.9896353241590425
9.053739999999898,0.9892997920489499
9.055409999999899,0.9889642599388582
9.0570799999999,0.9886287278287664
9.0587499999999,0.9882931957186738
9.060419999999901,0.987957663608583
9.062089999999902,0.9876221314984912
9.063759999999903,0.9872865993883986
9.065429999999903,0.9869510672783068
9.067099999999904,0.9866155351682151
9.068769999999905,0.9862800030581234
9.070439999999905,0.9859444709480316
9.072109999999906,0.9856089388379399
9.073779999999907,0.9852734067278472
9.075449999999908,0.9849378746177555
9.077119999999908,0.9846023425076647
9.078789999999909,0.984266810397572
9.08045999999991,0.9839312782874803
9.08212999999991,0.9835957461773885
9.083799999999911,0.9832602140672959
9.085469999999912,0.9829246819572051
9.087139999999913,0.9825891498471133
9.088809999999913,0.9822536177370207
9.090479999999914,0.981918085626929
9.092149999999915,0.9815825535168372
9.093819999999916,0.9812470214067455
9.095489999999916,0.9809114892966537
9.097159999999917,0.980575957186562
9.098829999999918,0.9802404250764694
9.100499999999919,0.9799048929663776
9.10216999999992,0.9795693608562868
9.10383999999992,0.9792338287461941
9.10550999999992,0.9788982966361024
9.107179999999921,0.9785627645260107
9.108849999999922,0.978227232415918
9.110519999999923,0.9778917003058272
9.112189999999924,0.9775561681957345
9.113859999999924,0.9772206360856428
9.115529999999925,0.9768851039755511
9.117199999999926,0.9765495718654584
9.118869999999927,0.9762140397553676
9.120539999999927,0.9758785076452758
9.122209999999928,0.9755429755351832
9.123879999999929,0.9752074434250915
9.12554999999993,0.9748719113149997
9.12721999999993,0.974536379204908
9.128889999999931,0.9742008470948162
9.130559999999932,0.9738653149847245
9.132229999999932,0.9735297828746319
9.133899999999933,0.9731942507645401
9.135569999999934,0.9728587186544493
9.137239999999935,0.9725269756097701
9.138909999999935,0.9721970487805018
9.140579999999936,0.9718671219512327
9.142249999999937,0.9715371951219645
9.143919999999937,0.9712072682926971
9.145589999999938,0.970877341463428
9.147259999999939,0.9705474146341597
9.14892999999994,0.9702174878048906
9.15059999999994,0.9698875609756223
9.152269999999941,0.9695576341463541
9.153939999999942,0.9692277073170859
9.155609999999943,0.9688977804878176
9.157279999999943,0.9685678536585485
9.158949999999944,0.9682379268292802
9.160619999999945,0.967908000000012
9.162289999999945,0.9675780731707437
9.163959999999946,0.9672481463414746
9.165629999999947,0.9669182195122064
9.167299999999948,0.9665882926829381
9.168969999999948,0.9662583658536699
9.170639999999949,0.9659284390244016
9.17230999999995,0.9655985121951325
9.17397999999995,0.9652685853658642
9.175649999999951,0.964938658536596
9.177319999999952,0.9646087317073277
9.178989999999953,0.9642788048780595
9.180659999999953,0.9639488780487904
9.182329999999954,0.9636189512195221
9.183999999999955,0.9632890243902539
9.185669999999956,0.9629590975609856
9.187339999999956,0.9626291707317174
9.189009999999957,0.9622992439024483
9.190679999999958,0.96196931707318
9.192349999999958,0.9616393902439118
9.19401999999996,0.9613094634146435
9.19568999999996,0.9609795365853744
9.19735999999996,0.9606496097561061
9.199029999999961,0.9603196829268379
9.200699999999962,0.9599897560975696
9.202369999999963,0.9596598292683014
9.204039999999964,0.9593299024390323
9.205709999999964,0.958999975609764
9.207379999999965,0.9586700487804958
9.209049999999966,0.9583401219512275
9.210719999999966,0.9580101951219593
9.212389999999967,0.9576802682926902
9.214059999999968,0.9573503414634219
9.215729999999969,0.9570204146341537
9.21739999999997,0.9566904878048854
9.21906999999997,0.9563605609756163
9.22073999999997,0.956030634146348
9.222409999999972,0.9557007073170807
9.224079999999972,0.9553707804878115
9.225749999999973,0.9550408536585433
9.227419999999974,0.9547102629969482
9.229089999999974,0.9543747308868564
9.230759999999975,0.9540391987767647
9.232429999999976,0.953703666666673
9.234099999999977,0.9533681345565812
9.235769999999977,0.9530326024464886
9.237439999999978,0.9526970703363968
9.239109999999979,0.952361538226306
9.24077999999998,0.9520260061162134
9.24244999999998,0.9516904740061216
9.244119999999981,0.9513549418960299
9.245789999999982,0.9510194097859381
9.247459999999982,0.9506838776758464
9.249129999999983,0.9503483455657546
9.250799999999984,0.950012813455662
9.252469999999985,0.9496772813455703
9.254139999999985,0.9493417492354794
9.255809999999986,0.9490062171253868
9.257479999999987,0.9486706850152951
9.259149999999988,0.9483351529052033
9.260819999999988,0.9479996207951107
9.262489999999989,0.9476640886850198
9.26415999999999,0.9473285565749281
9.26582999999999,0.9469930244648355
9.267499999999991,0.9466574923547437
9.269169999999992,0.9463219602446529
9.270839999999993,0.9459864281345602
9.272509999999993,0.9456508960244685
9.274179999999994,0.9453153639143768
9.275849999999995,0.9449798318042841
9.277519999999996,0.9446442996941933
9.279189999999996,0.9443087675841015
9.280859999999997,0.9439732354740089
9.282529999999998,0.9436377033639172
9.284199999999998,0.9433021712538245
9.28587,0.9429666391437337
9.28754,0.942631107033642
9.28921,0.9422955749235493
9.290880000000001,0.9419600428134576
9.292550000000002,0.9416245107033658
9.294220000000003,0.9412889785932741
9.295890000000004,0.9409534464831824
9.297560000000004,0.9406179143730906
9.299230000000005,0.940282382262998
9.300900000000006,0.9399468501529062
9.302570000000006,0.9396113180428154
9.304240000000007,0.9392757859327228
9.305910000000008,0.938940253822631
9.307580000000009,0.9386047217125393
9.30925000000001,0.9382691896024467
9.31092000000001,0.9379336574923558
9.31259000000001,0.9375981253822641
9.314260000000012,0.9372625932721714
9.315930000000012,0.9369270611620797
9.317600000000013,0.936591529051988
9.319270000000014,0.9362559969418962
9.320940000000014,0.9359204648318045
9.322610000000015,0.9355849327217127
9.324280000000016,0.9352494006116201
9.325950000000017,0.9349138685015284
9.327620000000017,0.9345783363914375
9.329290000000018,0.9342428042813449
9.330960000000019,0.9339072721712531
9.33263000000002,0.9335717400611614
9.33430000000002,0.9332362079510688
9.335970000000021,0.9329006758409779
9.337640000000022,0.9325651437308862
9.339310000000022,0.9322296116207935
9.340980000000023,0.9318940795107018
9.342650000000024,0.9315585474006101
9.344320000000025,0.9312230152905183
9.345990000000025,0.9308874831804266
9.347660000000026,0.9305519510703348
9.349330000000027,0.9302164189602422
9.351000000000028,0.9298808868501505
9.352670000000028,0.9295453547400596
9.354340000000029,0.929209822629967
9.35601000000003,0.9288742905198752
9.35768000000003,0.9285387584097835
9.359350000000031,0.9282032262996909
9.361020000000032,0.9278676941896
9.362690000000033,0.9275321620795083
9.364360000000033,0.9271966299694157
9.366030000000034,0.9268610978593239
9.367700000000035,0.9265255657492313
9.369370000000036,0.9261900336391404
9.371040000000036,0.9258545015290487
9.372710000000037,0.9255189694189561
9.374380000000038,0.9251834373088643
9.376050000000038,0.9248479051987726
9.37772000000004,0.9245123730886808
9.37939000000004,0.9241768409785891
9.38106000000004,0.9238413088684974
9.382730000000041,0.9235057767584047
9.384400000000042,0.923170244648313
9.386070000000043,0.9228347125382221
9.387740000000043,0.9224991804281295
9.389410000000044,0.9221636483180378
9.391080000000045,0.921828116207946
9.392750000000046,0.9214925840978534
9.394420000000046,0.9211570519877625
9.396090000000047,0.9208215198776708
9.397760000000048,0.9204859877675782
9.399430000000049,0.9201504556574864
9.40110000000005,0.9198149235473947
9.40277000000005,0.919479391437303
9.40444000000005,0.9191438593272112
9.406110000000051,0.9188083272171195
9.407780000000052,0.9184727951070268
9.409450000000053,0.9181391463414563
9.411120000000054,0.917809219512189
9.412790000000054,0.9174792926829207
9.414460000000055,0.9171493658536516
9.416130000000056,0.9168194390243833
9.417800000000057,0.9164895121951142
9.419470000000057,0.9161595853658469
9.421140000000058,0.9158296585365786
9.422810000000059,0.9154997317073095
9.42448000000006,0.9151698048780412
9.42615000000006,0.9148398780487721
9.427820000000061,0.9145099512195047
9.429490000000062,0.9141800243902356
9.431160000000062,0.9138500975609674
9.432830000000063,0.9135201707316991
9.434500000000064,0.91319024390243
9.436170000000065,0.9128603170731626
9.437840000000065,0.9125303902438935
9.439510000000066,0.9122004634146252
9.441180000000067,0.9118705365853561
9.442850000000067,0.9115406097560879
9.444520000000068,0.9112106829268205
9.446190000000069,0.9108807560975514
9.44786000000007,0.9105508292682831
9.44953000000007,0.910220902439014
9.451200000000071,0.9098909756097457
9.452870000000072,0.9095610487804775
9.454540000000073,0.9092311219512093
9.456210000000073,0.908901195121941
9.457880000000074,0.9085712682926719
9.459550000000075,0.9082413414634036
9.461220000000075,0.9079114146341354
9.462890000000076,0.9075814878048671
9.464560000000077,0.907251560975598
9.466230000000078,0.9069216341463298
9.467900000000078,0.9065917073170615
9.469570000000079,0.9062617804877933
9.47124000000008,0.905931853658525
9.47291000000008,0.9056019268292559
9.474580000000081,0.9052719999999876
9.476250000000082,0.9049420731707185
9.477920000000083,0.9046121463414512
9.479590000000083,0.9042822195121829
9.481260000000084,0.9039522926829138
9.482930000000085,0.9036223658536455
9.484600000000086,0.9032924390243764
9.486270000000086,0.902962512195109
9.487940000000087,0.9026325853658408
9.489610000000088,0.9023026585365717
9.491280000000089,0.9019727317073034
9.49295000000009,0.9016428048780343
9.49462000000009,0.9013128780487669
9.49629000000009,0.9009829512194978
9.497960000000091,0.9006530243902295
9.499630000000092,0.9003230975609613
9.501300000000093,0.9998670676691672
9.502970000000094,0.9996963007518742
9.504640000000094,0.9995255338345803
9.506310000000095,0.9993547669172873
9.507980000000096,0.9991839999999943
9.509650000000097,0.9990132330827004
9.511320000000097,0.9988424661654074
9.512990000000098,0.9986716992481144
9.514660000000099,0.9985009323308205
9.5163300000001,0.9983301654135275
9.5180000000001,0.9981593984962345
9.5196700000001,0.9979886315789415
9.521340000000102,0.9978178646616476
9.523010000000102,0.9976470977443537
9.524680000000103,0.9974763308270616
9.526350000000104,0.9973055639097677
9.528020000000105,0.9971347969924746
9.529690000000105,0.9969640300751808
9.531360000000106,0.9967932631578877
9.533030000000107,0.9966224962405947
9.534700000000107,0.9964517293233008
9.536370000000108,0.9962809624060078
9.538040000000109,0.9961101954887148
9.53971000000011,0.9959394285714209
9.54138000000011,0.9957686616541279
9.543050000000111,0.9955978947368349
9.544720000000112,0.995427127819541
9.546390000000113,0.995256360902248
9.548060000000113,0.9950855939849541
9.549730000000114,0.994914827067662
9.551400000000115,0.9947440601503681
9.553070000000115,0.9945732932330742
9.554740000000116,0.9944025263157821
9.556410000000117,0.9942317593984882
9.558080000000118,0.9940609924811952
9.559750000000118,0.9938902255639013
9.561420000000119,0.9937194586466083
9.56309000000012,0.9935486917293153
9.56476000000012,0.9933779248120214
9.566430000000121,0.9932071578947292
9.568100000000122,0.9930363909774353
9.569770000000123,0.9928656240601414
9.571440000000123,0.9926948571428484
9.573110000000124,0.9925240902255554
9.574780000000125,0.9923533233082624
9.576450000000126,0.9921825563909685
9.578120000000126,0.9920117894736746
9.579790000000127,0.9918410225563825
9.581460000000128,0.9916702556390886
9.583130000000128,0.9914994887217956
9.58480000000013,0.9913287218045026
9.58647000000013,0.9911579548872087
9.58814000000013,0.9909871879699157
9.589810000000131,0.9908164210526218
9.591480000000132,0.9906456541353297
9.593150000000133,0.9904748872180358
9.594820000000134,0.9903041203007419
9.596490000000134,0.9901333533834498
9.598160000000135,0.9899625864661559
9.599830000000136,0.989791819548862
9.601500000000136,0.989621052631569
9.603170000000137,0.989450285714276
9.604840000000138,0.989279518796983
9.606510000000139,0.989108751879689
9.60818000000014,0.9889379849623952
9.60985000000014,0.988767218045103
9.61152000000014,0.9885979999999899
9.613190000000142,0.9884309999999905
9.614860000000142,0.9882639999999903
9.616530000000143,0.9880969999999891
9.618200000000144,0.9879299999999898
9.619870000000144,0.9877629999999895
9.621540000000145,0.9875959999999901
9.623210000000146,0.987428999999989
9.624880000000147,0.9872619999999888
9.626550000000147,0.9870949999999894
9.628220000000148,0.9869279999999891
9.629890000000149,0.9867609999999898
9.63156000000015,0.9865939999999886
9.63323000000015,0.9864269999999884
9.634900000000151,0.986259999999989
9.636570000000152,0.9860929999999888
9.638240000000152,0.9859259999999894
9.639910000000153,0.9857589999999883
9.641580000000154,0.985591999999988
9.643250000000155,0.9854249999999887
9.644920000000155,0.9852579999999884
9.646590000000156,0.9850909999999882
9.648260000000157,0.9849239999999879
9.649930000000158,0.9847569999999886
9.651600000000158,0.9845899999999883
9.653270000000159,0.9844229999999881
9.65494000000016,0.9842559999999878
9.65661000000016,0.9840889999999876
9.658280000000161,0.9839219999999882
9.659950000000162,0.983754999999988
9.661620000000163,0.9835879999999877
9.663290000000163,0.9834209999999874
9.664960000000164,0.9832539999999872
9.666630000000165,0.9830869999999878
9.668300000000166,0.9829199999999876
9.669970000000166,0.9827529999999864
9.671640000000167,0.9825859999999871
9.673310000000168,0.9824189999999868
9.674980000000168,0.9822519999999875
9.67665000000017,0.9820849999999872
9.67832000000017,0.9819179999999861
9.67999000000017,0.9817509999999867
9.681660000000171,0.9815839999999865
9.683330000000172,0.9814169999999871
9.685000000000173,0.9812499999999869
9.686670000000174,0.9810829999999857
9.688340000000174,0.9809159999999864
9.690010000000175,0.9807489999999861
9.691680000000176,0.9805819999999867
9.693350000000176,0.9804149999999856
9.695020000000177,0.9802479999999862
9.696690000000178,0.980080999999986
9.698360000000179,0.9799139999999857
9.70003000000018,0.9797469999999864
9.70170000000018,0.9795799999999852
9.70337000000018,0.9794129999999859
9.705040000000182,0.9792459999999856
9.706710000000182,0.9790789999999854
9.708380000000183,0.978911999999986
9.710050000000184,0.9787449999999849
9.711720000000184,0.9785779999999855
9.713390000000185,0.9784109999999853
9.715060000000186,0.978243999999985
9.716730000000187,0.9780769999999848
9.718400000000187,0.9779099999999845
9.720070000000188,0.9777429999999852
9.721740000000189,0.9775759999999849
9.72341000000019,0.9774089999999847
9.72508000000019,0.9772419999999844
9.726750000000191,0.9770749999999842
9.728420000000192,0.9769079999999848
9.730090000000192,0.9767409999999845
9.731760000000193,0.9765739999999852
9.733430000000194,0.976406999999984
9.735100000000195,0.9762399999999838
9.736770000000195,0.9760729999999844
9.738440000000196,0.9759059999999842
9.740110000000197,0.9757389999999848
9.741780000000198,0.9755719999999837
9.743450000000198,0.9754049999999834
9.745120000000199,0.9752379999999841
9.7467900000002,0.9750709999999838
9.7484600000002,0.9749039999999844
9.750130000000201,0.9747369999999833
9.751800000000202,0.9745699999999831
9.753470000000203,0.9744029999999837
9.755140000000203,0.9742359999999834
9.756810000000204,0.9740689999999841
9.758480000000205,0.973901999999983
9.760150000000205,0.9737349999999827
9.761820000000206,0.9735679999999833
9.763490000000207,0.9734009999999831
9.765160000000208,0.9732339999999837
9.766830000000208,0.9730669999999826
9.76850000000021,0.9728999999999823
9.77017000000021,0.972732999999983
9.77184000000021,0.9725659999999827
9.773510000000211,0.9723989999999834
9.775180000000212,0.9722319999999822
9.776850000000213,0.972064999999982
9.778520000000213,0.9718979999999826
9.780190000000214,0.9717309999999824
9.781860000000215,0.971563999999983
9.783530000000216,0.9713969999999819
9.785200000000216,0.9712299999999816
9.786870000000217,0.9710629999999822
9.788540000000218,0.970895999999982
9.790210000000219,0.9707289999999817
9.79188000000022,0.9705619999999815
9.79355000000022,0.9703949999999812
9.79522000000022,0.9702279999999819
9.796890000000221,0.9700609999999816
9.798560000000222,0.9698939999999814
9.800230000000223,0.9697269999999811
9.801900000000224,0.9695599999999809
9.803570000000224,0.9693929999999815
9.805240000000225,0.9692259999999813
9.806910000000226,0.969058999999981
9.808580000000227,0.9688919999999808
9.810250000000227,0.9687249999999805
9.811920000000228,0.9685579999999812
9.813590000000229,0.9683909999999809
9.81526000000023,0.9682239999999807
9.81693000000023,0.9680569999999804
9.818600000000231,0.9678899999999802
9.820270000000232,0.9677229999999808
9.821940000000232,0.9675559999999805
9.823610000000233,0.9673889999999803
9.825280000000234,0.96722199999998
9.826950000000235,0.9670549999999798
9.828620000000235,0.9668879999999804
9.830290000000236,0.9667209999999802
9.831960000000237,0.9665539999999799
9.833630000000237,0.9663869999999797
9.835300000000238,0.9662199999999794
9.836970000000239,0.9660529999999801
9.83864000000024,0.9658859999999798
9.84031000000024,0.9657189999999796
9.841980000000241,0.9655519999999793
9.843650000000242,0.9653849999999791
9.845320000000243,0.9652179999999788
9.846990000000243,0.9650509999999795
9.848660000000244,0.9648839999999792
9.850330000000245,0.964716999999979
9.852000000000245,0.9645499999999787
9.853670000000246,0.9643829999999785
9.855340000000247,0.9642159999999791
9.857010000000248,0.9640489999999788
9.858680000000248,0.9638819999999786
9.860350000000249,0.9637149999999783
9.86202000000025,0.9635479999999781
9.86369000000025,0.9633809999999787
9.865360000000251,0.9632139999999785
9.867030000000252,0.9630469999999782
9.868700000000253,0.962879999999978
9.870370000000253,0.9627129999999777
9.872040000000254,0.9625459999999784
9.873710000000255,0.9623789999999781
9.875380000000256,0.9622119999999779
9.877050000000256,0.9620449999999776
9.878720000000257,0.9618779999999774
9.880390000000258,0.961710999999978
9.882060000000259,0.9615439999999777
9.88373000000026,0.9613769999999775
9.88540000000026,0.9612099999999772
9.88707000000026,0.961042999999977
9.888740000000261,0.9608759999999776
9.890410000000262,0.9607089999999774
9.892080000000263,0.9605419999999771
9.893750000000264,0.9603749999999769
9.895420000000264,0.9602079999999766
9.897090000000265,0.9600409999999773
9.898760000000266,0.959873999999977
9.900430000000267,0.9597069999999768
9.902100000000267,0.9595399999999765
9.903770000000268,0.9593729999999763
9.905440000000269,0.9592059999999769
9.90711000000027,0.9590389999999767
9.90878000000027,0.9588719999999755
9.91045000000027,0.9587049999999762
9.912120000000272,0.9585379999999759
9.913790000000272,0.9583709999999765
9.915460000000273,0.9582039999999763
9.917130000000274,0.9580369999999752
9.918800000000275,0.9578699999999758
9.920470000000275,0.9577029999999755
9.922140000000276,0.9575359999999762
9.923810000000277,0.9573689999999759
9.925480000000277,0.9572019999999748
9.927150000000278,0.9570349999999754
9.928820000000279,0.9568679999999752
9.93049000000028,0.9567009999999758
9.93216000000028,0.9565339999999756
9.933830000000281,0.9563669999999744
9.935500000000282,0.9561999999999751
9.937170000000282,0.9560329999999748
9.938840000000283,0.9558659999999755
9.940510000000284,0.9556989999999752
9.942180000000285,0.9555319999999741
9.943850000000285,0.9553649999999747
9.945520000000286,0.9551979999999745
9.947190000000287,0.9550309999999751
9.948860000000288,0.9548639999999748
9.950530000000288,0.9546969999999737
9.952200000000289,0.9545299999999743
9.95387000000029,0.9543629999999741
9.95554000000029,0.9541959999999747
9.957210000000291,0.9540289999999736
9.958880000000292,0.9538619999999733
9.960550000000293,0.953694999999974
9.962220000000293,0.9535279999999737
9.963890000000294,0.9533609999999744
9.965560000000295,0.9531939999999732
9.967230000000296,0.953026999999973
9.968900000000296,0.9528599999999736
9.970570000000297,0.9526929999999734
9.972240000000298,0.9525259999999731
9.973910000000298,0.9523589999999729
9.9755800000003,0.9521919999999726
9.9772500000003,0.9520249999999733
9.9789200000003,0.951857999999973
9.980590000000301,0.9516909999999719
9.982260000000302,0.9515239999999725
9.983930000000303,0.9513569999999723
9.985600000000304,0.9511899999999729
9.987270000000304,0.9510229999999726
9.988940000000305,0.9508559999999715
9.990610000000306,0.9506889999999721
9.992280000000306,0.9505219999999719
9.993950000000307,0.9503549999999725
9.995620000000308,0.9501879999999723
9.997290000000309,0.9500209999999711
9.99896000000031,0.9498539999999718
10.00063000000031,0.9496869999999715
10.00230000000031,0.9495199999999722
10.003970000000312,0.949352999999971
10.005640000000312,0.9491859999999708
10.007310000000313,0.9490189999999714
10.008980000000314,0.9488519999999712
10.010650000000314,0.9486849999999718
10.012320000000315,0.9485179999999707
10.013990000000316,0.9483509999999704
10.015660000000317,0.948183999999971
10.017330000000317,0.9480169999999708
10.019000000000318,0.9478499999999714
10.020670000000319,0.9476829999999703
10.02234000000032,0.9475159999999709
10.02401000000032,0.9473489999999707
10.025680000000321,0.9471819999999704
10.027350000000322,0.9470149999999702
10.029020000000322,0.9468479999999699
10.030690000000323,0.9466809999999706
10.032360000000324,0.9465139999999703
10.034030000000325,0.9463469999999701
10.035700000000325,0.9461799999999698
10.037370000000326,0.9460129999999696
10.039040000000327,0.9458459999999702
10.040710000000328,0.94567899999997
10.042380000000328,0.9455119999999697
10.044050000000329,0.9453449999999695
10.04572000000033,0.9451779999999692
10.04739000000033,0.9450109999999698
10.049060000000331,0.9448439999999696
10.050730000000332,0.9446769999999685
10.052400000000333,0.9445099999999691
10.054070000000333,0.9443429999999688
10.055740000000334,0.9441759999999695
10.057410000000335,0.9440089999999692
10.059080000000336,0.9438419999999681
10.060750000000336,0.9436749999999687
10.062420000000337,0.9435079999999685
10.064090000000338,0.9433409999999691
10.065760000000338,0.9431739999999689
10.06743000000034,0.9430069999999686
10.06910000000034,0.9428399999999684
10.07077000000034,0.9426729999999681
10.072440000000341,0.9425059999999688
10.074110000000342,0.9423389999999685
10.075780000000343,0.9421719999999683
10.077450000000344,0.942004999999968
10.079120000000344,0.9418379999999678
10.080790000000345,0.9416709999999684
10.082460000000346,0.9415039999999681
10.084130000000346,0.9413369999999679
10.085800000000347,0.9411699999999676
10.087470000000348,0.9410029999999674
10.089140000000349,0.940835999999968
10.09081000000035,0.9406689999999678
10.09248000000035,0.9405019999999675
10.09415000000035,0.9403349999999673
10.095820000000352,0.940167999999967
10.097490000000352,0.9400009999999677
10.099160000000353,0.9398339999999674
10.100830000000354,0.9396669999999672
10.102500000000354,0.9394999999999669
10.104170000000355,0.9393329999999667
10.105840000000356,0.9391659999999673
10.107510000000357,0.938998999999967
10.109180000000357,0.9388319999999668
10.110850000000358,0.9386649999999666
10.112520000000359,0.9384979999999672
10.11419000000036,0.9383309999999669
10.11586000000036,0.9381639999999667
10.117530000000361,0.9379969999999664
10.119200000000362,0.9378299999999662
10.120870000000362,0.9376629999999668
10.122540000000363,0.9374959999999666
10.124210000000364,0.9373289999999663
10.125880000000365,0.9371619999999661
10.127550000000365,0.9369949999999658
10.129220000000366,0.9368279999999665
10.130890000000367,0.9366609999999662
10.132560000000367,0.936493999999966
10.134230000000368,0.9363269999999657
10.135900000000369,0.9361599999999655
10.13757000000037,0.9359929999999661
10.13924000000037,0.9358259999999659
10.140910000000371,0.9356589999999656
10.142580000000372,0.9354919999999654
10.144250000000373,0.9353249999999651
10.145920000000373,0.9351579999999657
10.147590000000374,0.9349909999999655
10.149260000000375,0.9348239999999652
10.150930000000375,0.934656999999965
10.152600000000376,0.9344899999999647
10.154270000000377,0.9343229999999654
10.155940000000378,0.9341559999999651
10.157610000000378,0.9339889999999649
10.15928000000038,0.9338219999999646
10.16095000000038,0.9336549999999644
10.16262000000038,0.9334879999999641
10.164290000000381,0.9333209999999648
10.165960000000382,0.9331539999999645
10.167630000000383,0.9329869999999643
10.169300000000383,0.932819999999964
10.170970000000384,0.9326529999999638
10.172640000000385,0.9324859999999644
10.174310000000386,0.9323189999999641
10.175980000000386,0.9321519999999639
10.177650000000387,0.9319849999999636
10.179320000000388,0.9318179999999634
10.180990000000389,0.931650999999964
10.18266000000039,0.9314839999999629
10.18433000000039,0.9313169999999635
10.18600000000039,0.9311499999999633
10.187670000000391,0.930982999999963
10.189340000000392,0.9308159999999637
10.191010000000393,0.9306489999999625
10.192680000000394,0.9304819999999632
10.194350000000394,0.9303149999999629
10.196020000000395,0.9301479999999627
10.197690000000396,0.9299809999999633
10.199360000000397,0.9298139999999622
10.201030000000397,0.9296469999999628
10.202700000000398,0.9294799999999626
10.204370000000399,0.9293129999999623
10.2060400000004,0.9291459999999621
10.2077100000004,0.9289789999999618
10.209380000000401,0.9288119999999624
10.211050000000402,0.9286449999999622
10.212720000000402,0.928477999999962
10.214390000000403,0.9283109999999617
10.216060000000404,0.9281439999999614
10.217730000000405,0.9279769999999621
10.219400000000405,0.9278099999999618
10.221070000000406,0.9276429999999616
10.222740000000407,0.9274759999999613
10.224410000000407,0.9273089999999611
10.226080000000408,0.9271419999999608
10.227750000000409,0.9269749999999615
10.22942000000041,0.9268079999999603
10.23109000000041,0.926640999999961
10.232760000000411,0.9264739999999607
10.234430000000412,0.9263069999999605
10.236100000000413,0.9261399999999611
10.237770000000413,0.92597299999996
10.239440000000414,0.9258059999999606
10.241110000000415,0.9256389999999604
10.242780000000415,0.9254719999999601
10.244450000000416,0.9253049999999607
10.246120000000417,0.9251379999999596
10.247790000000418,0.9249709999999602
10.249460000000418,0.92480399999996
10.251130000000419,0.9246369999999597
10.25280000000042,0.9244699999999595
10.25447000000042,0.9243029999999592
10.256140000000421,0.9241359999999599
10.257810000000422,0.9239689999999596
10.259480000000423,0.9238019999999594
10.261150000000423,0.9236349999999591
10.262820000000424,0.9234679999999589
10.264490000000425,0.9233009999999595
10.266160000000426,0.9231339999999593
10.267830000000426,0.9229669999999581
10.269500000000427,0.9227999999999588
10.271170000000428,0.9226329999999585
10.272840000000429,0.9224659999999592
10.27451000000043,0.9222989999999589
10.27618000000043,0.9221319999999587
10.27785000000043,0.9219649999999584
10.279520000000431,0.9217979999999582
10.281190000000432,0.9216309999999588
10.282860000000433,0.9214639999999585
10.284530000000434,0.9212969999999583
10.286200000000434,0.921129999999958
10.287870000000435,0.9209629999999578
10.289540000000436,0.9207959999999584
10.291210000000437,0.9206289999999582
10.292880000000437,0.9204619999999579
10.294550000000438,0.9202949999999577
10.296220000000439,0.9201279999999574
10.29789000000044,0.9199609999999581
10.29956000000044,0.9197939999999578
10.30123000000044,0.9196269999999576
10.302900000000442,0.9194599999999573
10.304570000000442,0.9192929999999571
10.306240000000443,0.9191259999999577
10.307910000000444,0.9189589999999574
10.309580000000444,0.9187919999999572
10.311250000000445,0.918624999999957
10.312920000000446,0.9184579999999567
10.314590000000447,0.9182909999999573
10.316260000000447,0.9181239999999571
10.317930000000448,0.9179569999999568
10.319600000000449,0.9177899999999566
10.32127000000045,0.9176229999999572
10.32294000000045,0.917455999999957
10.324610000000451,0.9172889999999567
10.326280000000452,0.9171219999999565
10.327950000000452,0.9169549999999562
10.329620000000453,0.9167879999999569
10.331290000000454,0.9166209999999566
10.332960000000455,0.9164539999999564
10.334630000000455,0.9162869999999561
10.336300000000456,0.9161199999999559
10.337970000000457,0.9159529999999565
10.339640000000458,0.9157859999999562
10.341310000000458,0.915618999999956
10.342980000000459,0.9154519999999557
10.34465000000046,0.9152849999999555
10.34632000000046,0.9151179999999561
10.347990000000461,0.9149509999999559
10.349660000000462,0.9147839999999556
10.351330000000463,0.9146169999999554
10.353000000000463,0.9144499999999551
10.354670000000464,0.9142829999999558
10.356340000000465,0.9141159999999555
10.358010000000466,0.9139489999999562
10.359680000000466,0.913781999999955
10.361350000000467,0.9136149999999548
10.363020000000468,0.9134479999999554
10.364690000000468,0.9132809999999552
10.36636000000047,0.9131139999999558
10.36803000000047,0.9129469999999547
10.36970000000047,0.9127799999999544
10.371370000000471,0.912612999999955
10.373040000000472,0.9124459999999548
10.374710000000473,0.9122789999999554
10.376380000000474,0.9121119999999543
10.378050000000474,0.911944999999954
10.379720000000475,0.9117779999999547
10.381390000000476,0.9116109999999544
10.383060000000476,0.9114439999999551
10.384730000000477,0.9112769999999539
10.386400000000478,0.9111099999999537
10.388070000000479,0.9109429999999543
10.38974000000048,0.9107759999999541
10.39141000000048,0.9106089999999547
10.39308000000048,0.9104419999999536
10.394750000000482,0.9102749999999533
10.396420000000482,0.910107999999954
10.398090000000483,0.9099409999999537
10.399760000000484,0.9097739999999543
10.401430000000484,0.9096069999999532
10.403100000000485,0.909439999999953
10.404770000000486,0.9092729999999536
10.406440000000487,0.9091059999999533
10.408110000000487,0.9089389999999531
10.409780000000488,0.9087719999999528
10.411450000000489,0.9086049999999526
10.41312000000049,0.9084379999999532
10.41479000000049,0.908270999999953
10.416460000000491,0.9081039999999527
10.418130000000492,0.9079369999999525
10.419800000000492,0.9077699999999522
10.421470000000493,0.9076029999999529
10.423140000000494,0.9074359999999526
10.424810000000495,0.9072689999999524
10.426480000000495,0.9071019999999521
10.428150000000496,0.9069349999999519
10.429820000000497,0.9067679999999525
10.431490000000498,0.9066009999999523
10.433160000000498,0.906433999999952
10.434830000000499,0.9062669999999518
10.4365000000005,0.9060999999999515
10.4381700000005,0.9059329999999521
10.439840000000501,0.9057659999999519
10.441510000000502,0.9055989999999516
10.443180000000503,0.9054319999999514
10.444850000000503,0.9052649999999511
10.446520000000504,0.9050979999999518
10.448190000000505,0.9049309999999515
10.449860000000506,0.9047639999999513
10.451530000000506,0.904596999999951
10.453200000000507,0.9044299999999508
10.454870000000508,0.9042629999999514
10.456540000000508,0.9040959999999512
10.45821000000051,0.9039289999999509
10.45988000000051,0.9037619999999507
10.46155000000051,0.9035949999999504
10.463220000000511,0.903427999999951
10.464890000000512,0.9032609999999508
10.466560000000513,0.9030939999999505
10.468230000000514,0.9029269999999503
10.469900000000514,0.90275999999995
10.471570000000515,0.9025929999999498
10.473240000000516,0.9024259999999504
10.474910000000516,0.9022589999999502
10.476580000000517,0.9020919999999499
10.478250000000518,0.9019249999999497
10.479920000000519,0.9017579999999494
10.48159000000052,0.9015909999999501
10.48326000000052,0.9014239999999498
10.48493000000052,0.9012569999999496
10.486600000000522,0.9010899999999493
10.488270000000522,0.9009229999999491
10.489940000000523,0.9007559999999497
10.491610000000524,0.9005889999999495
10.493280000000524,0.9004219999999492
10.494950000000525,0.900254999999949
10.496620000000526,0.9000879999999487
10.498290000000527,0.8999209999999493
10.499960000000527,0.8143679998125455
10.501630000000528,0.8042845714299451
10.503300000000529,0.8086742857156617
10.50497000000053,0.8130640000013782
10.50664000000053,0.8174537142870939
10.508310000000531,0.8218434285728096
10.509980000000532,0.8262331428585252
10.511650000000532,0.8306228571442418
10.513320000000533,0.8350125714299583
10.514990000000534,0.839402285715674
10.516660000000535,0.8437920000013905
10.518330000000535,0.8481817142871062
10.520000000000536,0.8525714285728228
10.521670000000537,0.8569611428585393
10.523340000000537,0.861350857144255
10.525010000000538,0.8657405714299715
10.526680000000539,0.8701302857156872
10.52835000000054,0.8745200000014037
10.53002000000054,0.8788821132089355
10.531690000000541,0.8832178113221447
10.533360000000542,0.8875535094353548
10.535030000000543,0.8918892075485649
10.536700000000543,0.8962249056617742
10.538370000000544,0.9005606037749843
10.540040000000545,0.9048963018881926
10.541710000000545,0.9092320000014027
10.543380000000546,0.9135676981146128
10.545050000000547,0.917903396227822
10.546720000000548,0.9222390943410321
10.548390000000548,0.9265747924542413
10.550060000000549,0.9309104905674506
10.55173000000055,0.9352461886806607
10.55340000000055,0.9395818867938699
10.555070000000551,0.94391758490708
10.556740000000552,0.9482532830202892
10.558410000000553,0.9525889811334993
10.560080000000553,0.9569246792467085
10.561750000000554,0.9612603773599178
10.563420000000555,0.9655960754731279
10.565090000000556,0.9699317735863371
10.566760000000556,0.9742674716995463
10.568430000000557,0.9786031698127564
10.570100000000558,0.9829388679259656
10.571770000000559,0.9872745660391757
10.57344000000056,0.991610264152385
10.57511000000056,0.9959459622655942
10.57678000000056,1.0002816603788043
10.578450000000561,1.0046173584920135
10.580120000000562,1.0089530566052236
10.581790000000563,1.013288754718432
10.583460000000564,1.017624452831642
10.585130000000564,1.0219601509448522
10.586800000000565,1.0262958490580614
10.588470000000566,1.0306315471712715
10.590140000000567,1.0349672452844798
10.591810000000567,1.03930294339769
10.593480000000568,1.0436386415109
10.595150000000569,1.0479743396241092
10.59682000000057,1.0523100377373193
10.59849000000057,1.0566457358505295
10.600160000000571,1.0609814339637378
10.601830000000572,1.065317132076948
10.603500000000572,1.0696528301901571
10.605170000000573,1.0739885283033672
10.606840000000574,1.0783242264165773
10.608510000000575,1.0826599245297865
10.610180000000575,1.0869956226429958
10.611850000000576,1.091331320756205
10.613520000000577,1.095667018869415
10.615190000000577,1.1000027169826252
10.616860000000578,1.1043384150958344
10.618530000000579,1.1086741132090436
10.62020000000058,1.1130098113222529
10.62187000000058,1.117345509435463
10.623540000000581,1.121681207548673
10.625210000000582,1.1260169056618823
10.626880000000583,1.1303526037750915
10.628550000000583,1.1346883018883007
10.630220000000584,1.1390240000015108
10.631890000000585,1.143359698114721
10.633560000000585,1.1476953962279293
10.635230000000586,1.1520310943411394
10.636900000000587,1.1563667924543486
10.638570000000588,1.1607024905675587
10.640240000000588,1.1650381886807688
10.641910000000589,1.1693738867939771
10.64358000000059,1.1737095849071872
10.64525000000059,1.1780452830203965
10.646920000000591,1.1823809811336066
10.648590000000592,1.186716679246815
10.650260000000593,1.191052377360025
10.651930000000593,1.1953880754732351
10.653600000000594,1.1997237735864443
10.655270000000595,1.2040594716996544
10.656940000000596,1.2083951698128628
10.658610000000596,1.2127308679260729
10.660280000000597,1.217066566039283
10.661950000000598,1.2214022641524922
10.663620000000599,1.2257379622657014
10.6652900000006,1.2300736603789106
10.6669600000006,1.2344093584921207
10.6686300000006,1.2387450566053309
10.670300000000601,1.24308075471854
10.671970000000602,1.2474164528317493
10.673640000000603,1.2517521509449585
10.675310000000604,1.2560878490581686
10.676980000000604,1.2604235471713787
10.678650000000605,1.264759245284588
10.680320000000606,1.2690949433977972
10.681990000000606,1.2734306415110064
10.683660000000607,1.2777663396242165
10.685330000000608,1.2821020377374266
10.687000000000609,1.2864377358506358
10.68867000000061,1.290773433963845
10.69034000000061,1.2951091320770542
10.69201000000061,1.2994448301902644
10.693680000000612,1.3037805283034736
10.695350000000612,1.3081162264166837
10.697020000000613,1.3124519245298938
10.698690000000614,1.316787622643103
10.700360000000614,1.3211233207563122
10.702030000000615,1.3254590188695214
10.703700000000616,1.3297947169827316
10.705370000000617,1.3341304150959417
10.707040000000617,1.3384661132091509
10.708710000000618,1.34280181132236
10.710380000000619,1.3471375094355693
10.71205000000062,1.3514732075487794
10.71372000000062,1.3558089056619895
10.715390000000621,1.3601446037751987
10.717060000000622,1.364480301888408
10.718730000000622,1.3688160000016172
10.720400000000623,1.3731516981148273
10.722070000000624,1.3774873962280374
10.723740000000625,1.3818230943412457
10.725410000000625,1.3861587924544558
10.727080000000626,1.390494490567665
10.728750000000627,1.3948301886808752
10.730420000000628,1.3991658867940835
10.732090000000628,1.4035015849072936
10.733760000000629,1.4078372830205037
10.73543000000063,1.4121779047635625
10.73710000000063,1.416567619049279
10.738770000000631,1.4209573333349947
10.740440000000632,1.4253470476207113
10.742110000000633,1.4297367619064278
10.743780000000633,1.4341264761921435
10.745450000000634,1.43851619047786
10.747120000000635,1.4429059047635757
10.748790000000636,1.4472956190492923
10.750460000000636,1.4516853333350088
10.752130000000637,1.4560750476207245
10.753800000000638,1.460464761906441
10.755470000000638,1.4648544761921567
10.75714000000064,1.4692441904778732
10.75881000000064,1.4736339047635898
10.76048000000064,1.4780236190493055
10.762150000000641,1.482413333335022
10.763820000000642,1.4868030476207377
10.765490000000643,1.491158943397898
10.767160000000644,1.4954946415111081
10.768830000000644,1.4998303396243173
10.770500000000645,1.5041660377375266
10.772170000000646,1.5085017358507358
10.773840000000646,1.5128374339639459
10.775510000000647,1.517173132077156
10.777180000000648,1.5215088301903643
10.778850000000649,1.5258445283035744
10.78052000000065,1.5301802264167836
10.78219000000065,1.5345159245299937
10.78386000000065,1.5388516226432039
10.785530000000652,1.5431873207564122
10.787200000000652,1.5475230188696223
10.788870000000653,1.5518587169828324
10.790540000000654,1.5561944150960416
10.792210000000654,1.5605301132092508
10.793880000000655,1.56486581132246
10.795550000000656,1.569201509435671
10.797220000000657,1.5735372075488803
10.798890000000657,1.5778729056620886
10.800560000000658,1.5822086037752996
10.802230000000659,1.586544301888508
10.80390000000066,1.5908800000017171
10.80557000000066,1.5952156981149281
10.807240000000661,1.5995513962281365
10.808910000000662,1.6038870943413475
10.810580000000662,1.6082227924545558
10.812250000000663,1.612558490567765
10.813920000000664,1.616894188680976
10.815590000000665,1.6212298867941843
10.817260000000665,1.6255655849073953
10.818930000000666,1.6299012830206037
10.820600000000667,1.6342369811338129
10.822270000000668,1.6385726792470239
10.823940000000668,1.6429083773602322
10.825610000000669,1.6472440754734414
10.82728000000067,1.6515797735866515
10.82895000000067,1.6559154716998608
10.830620000000671,1.6602511698130717
10.832290000000672,1.66458686792628
10.833960000000673,1.6689225660394893
10.835630000000673,1.6732582641526994
10.837300000000674,1.6775939622659086
10.838970000000675,1.6819296603791196
10.840640000000676,1.686265358492328
10.842310000000676,1.6906010566055372
10.843980000000677,1.6949367547187482
10.845650000000678,1.6992724528319565
10.847320000000678,1.7036081509451675
10.84899000000068,1.7079438490583758
10.85066000000068,1.712279547171585
10.85233000000068,1.716615245284796
10.854000000000681,1.7209509433980044
10.855670000000682,1.7252866415112154
10.857340000000683,1.7296223396244237
10.859010000000684,1.733958037737633
10.860680000000684,1.738293735850844
10.862350000000685,1.7426294339640522
10.864020000000686,1.7469651320772632
10.865690000000686,1.7513008301904716
10.867360000000687,1.7556365283036826
10.869030000000688,1.7599722264168918
10.870700000000689,1.7643079245301019
10.87237000000069,1.768643622643311
10.87404000000069,1.7729793207565194
10.87571000000069,1.7773150188697304
10.877380000000691,1.7816507169829396
10.879050000000692,1.7859864150961497
10.880720000000693,1.790322113209359
10.882390000000694,1.794657811322569
10.884060000000694,1.7989935094357783
10.885730000000695,1.8033292075489875
10.887400000000696,1.8076649056621976
10.889070000000697,1.8120006037754068
10.890740000000697,1.816336301888617
10.892410000000698,1.8206720000018262
10.894080000000699,1.8250076981150354
10.8957500000007,1.8293433962282455
10.8974200000007,1.8336790943414547
10.899090000000701,1.8380147924546648
10.900760000000702,1.842350490567874
10.902430000000702,1.8466861886810833
10.904100000000703,1.8510218867942934
10.905770000000704,1.8553575849075026
10.907440000000705,1.8596932830207136
10.909110000000705,1.864028981133922
10.910780000000706,1.8683646792471311
10.912450000000707,1.8727003773603412
10.914120000000707,1.8770360754735504
10.915790000000708,1.8813717735867597
10.917460000000709,1.8857074716999698
10.91913000000071,1.890043169813179
10.92080000000071,1.894378867926389
10.922470000000711,1.8987145660395983
10.924140000000712,1.9030502641528075
10.925810000000713,1.9073859622660176
10.927480000000713,1.9117216603792269
10.929150000000714,1.916057358492437
10.930820000000715,1.9203930566056462
10.932490000000715,1.9247287547188554
10.934160000000716,1.9290644528320655
10.935830000000717,1.9334001509452747
10.937500000000718,1.937735849058483
10.939170000000718,1.942071547171694
10.940840000000719,1.9464072452849033
10.94251000000072,1.9507429433981134
10.94418000000072,1.9550786415113226
10.945850000000721,1.959414339624531
10.947520000000722,1.963750037737742
10.949190000000723,1.9680857358509511
10.950860000000723,1.9724214339641613
10.952530000000724,1.9767571320773705
10.954200000000725,1.9810928301905788
10.955870000000726,1.9854285283037898
10.957540000000726,1.989764226416999
10.959210000000727,1.9940999245302091
10.960880000000728,1.9984356226434183
10.962550000000729,2.0027713207566267
10.96422000000073,2.0071070188698377
10.96589000000073,2.011442716983047
10.96756000000073,2.015778415096255
10.969230000000731,2.020114113209466
10.970900000000732,2.0244498113226754
10.972570000000733,2.0287855094358855
10.974240000000734,2.0331212075490948
10.975910000000734,2.037456905662303
10.977580000000735,2.041792603775514
10.979250000000736,2.0461283018887233
10.980920000000737,2.0504640000019334
10.982590000000737,2.0547996981151426
10.984260000000738,2.059135396228351
10.985930000000739,2.063471094341562
10.98760000000074,2.067806792454771
10.98927000000074,2.0721424905679813
10.990940000000741,2.0764781886811905
10.992610000000742,2.080813886794399
10.994280000000742,2.08514958490761
10.995950000000743,2.089485283020819
10.997620000000744,2.0938209811340274
10.999290000000745,2.0981566792472384
11.000960000000745,2.1025234285734093
11.002630000000746,2.106913142859126
11.004300000000747,2.1113028571448424
11.005970000000747,2.115692571430558
11.007640000000748,2.1200822857162747
11.009310000000749,2.1244720000019903
11.01098000000075,2.128861714287707
11.01265000000075,2.1332514285734234
11.014320000000751,2.137641142859139
11.015990000000752,2.1420308571448556
11.017660000000753,2.1464205714305713
11.019330000000753,2.150810285716288
11.021000000000754,2.1552000000020044
11.022670000000755,2.15958971428772
11.024340000000755,2.1639794285734366
11.026010000000756,2.168369142859154
11.027680000000757,2.1727588571448706
11.029350000000758,2.1771426415114226
11.031020000000758,2.1814783396246336
11.032690000000759,2.1858140377378428
11.03436000000076,2.190149735851053
11.03603000000076,2.194485433964262
11.037700000000761,2.1988211320774704
11.039370000000762,2.2031568301906814
11.041040000000763,2.2074925283038906
11.042710000000763,2.2118282264171008
11.044380000000764,2.21616392453031
11.046050000000765,2.2204996226435183
11.047720000000766,2.2248353207567293
11.049390000000766,2.2291710188699385
11.051060000000767,2.2335067169831486
11.052730000000768,2.237842415096358
11.054400000000769,2.242178113209566
11.05607000000077,2.246513811322777
11.05774000000077,2.2508495094359864
11.05941000000077,2.2551852075491947
11.061080000000771,2.2595209056624057
11.062750000000772,2.263856603775614
11.064420000000773,2.268192301888825
11.066090000000774,2.2725280000020334
11.067760000000774,2.2768636981152426
11.069430000000775,2.2811993962284536
11.071100000000776,2.285535094341662
11.072770000000776,2.289870792454873
11.074440000000777,2.2942064905680812
11.076110000000778,2.2985421886812905
11.077780000000779,2.3028778867945014
11.07945000000078,2.30721358490771
11.08112000000078,2.311549283020919
11.08279000000078,2.315884981134129
11.084460000000782,2.3202206792473383
11.086130000000782,2.3245563773605493
11.087800000000783,2.3288920754737577
11.089470000000784,2.333227773586967
11.091140000000784,2.337563471700177
11.092810000000785,2.341899169813386
11.094480000000786,2.346234867926597
11.096150000000787,2.3505705660398055
11.097820000000787,2.3549062641530147
11.099490000000788,2.359241962266225
11.101160000000789,2.363577660379434
11.10283000000079,2.367913358492645
11.10450000000079,2.3722490566058534
11.106170000000791,2.3765847547190626
11.107840000000792,2.3809204528322727
11.109510000000792,2.385256150945482
11.111180000000793,2.3895918490586903
11.112850000000794,2.3939275471719013
11.114520000000795,2.3982632452851105
11.116190000000795,2.4025989433983206
11.117860000000796,2.40693464151153
11.119530000000797,2.411270339624738
11.121200000000798,2.415606037737949
11.122870000000798,2.4199417358511583
11.124540000000799,2.4242774339643685
11.1262100000008,2.4286131320775777
11.1278800000008,2.432948830190786
11.129550000000801,2.437284528303997
11.131220000000802,2.441620226417206
11.132890000000803,2.4459559245304163
11.134560000000803,2.4502916226436255
11.136230000000804,2.454627320756834
11.137900000000805,2.458963018870045
11.139570000000806,2.463298716983254
11.141240000000806,2.4676344150964624
11.142910000000807,2.4719701132096734
11.144580000000808,2.4763058113228817
11.146250000000808,2.4806415094360927
11.14792000000081,2.484977207549302
11.14959000000081,2.4893129056625103
11.15126000000081,2.4936486037757213
11.152930000000811,2.4979843018889296
11.154600000000812,2.5023200000021406
11.156270000000813,2.50665569811535
11.157940000000814,2.51099139622856
11.159610000000814,2.515327094341769
11.161280000000815,2.51966279245498
11.162950000000816,2.5239984905681885
11.164620000000816,2.5283341886813995
11.166290000000817,2.532669886794608
11.167960000000818,2.537005584907817
11.169630000000819,2.541341283021028
11.17130000000082,2.5456769811342363
11.17297000000082,2.5500126792474473
11.17464000000082,2.5543483773606557
11.176310000000822,2.5586840754738667
11.177980000000822,2.563019773587076
11.179650000000823,2.567355471700284
11.181320000000824,2.571691169813495
11.182990000000824,2.5760268679267035
11.184660000000825,2.5803625660399145
11.186330000000826,2.5846982641531238
11.188000000000827,2.589033962266332
11.189670000000827,2.593369660379543
11.191340000000828,2.5977053584927514
11.193010000000829,2.6020410566059624
11.19468000000083,2.6063767547191716
11.19635000000083,2.61071245283238
11.198020000000831,2.615048150945591
11.199690000000832,2.6193838490587993
11.201360000000832,2.6237195471720085
11.203030000000833,2.6280552452852195
11.204700000000834,2.632390943398428
11.206370000000835,2.636726641511639
11.208040000000835,2.641062339624847
11.209710000000836,2.6453980377380564
11.211380000000837,2.6497337358512674
11.213050000000838,2.6540694339644757
11.214720000000838,2.6584051320776867
11.216390000000839,2.662740830190895
11.21806000000084,2.6670765283041042
11.21973000000084,2.6714122264173152
11.221400000000841,2.6757479245305236
11.223070000000842,2.680083622643733
11.224740000000843,2.684419320756944
11.226410000000843,2.688755018870152
11.228080000000844,2.693090716983363
11.229750000000845,2.6974264150965714
11.231420000000846,2.7017621132097807
11.233090000000846,2.7060978113229917
11.234760000000847,2.7104335094362
11.236430000000848,2.714806476192745
11.238100000000848,2.7191961904784607
11.23977000000085,2.7235859047641773
11.24144000000085,2.727975619049892
11.24311000000085,2.7323653333356077
11.244780000000851,2.7367550476213243
11.246450000000852,2.74114476190704
11.248120000000853,2.7455344761927565
11.249790000000853,2.749924190478473
11.251460000000854,2.7543139047641887
11.253130000000855,2.7587036190499052
11.254800000000856,2.763093333335621
11.256470000000856,2.7674830476213375
11.258140000000857,2.771872761907054
11.259810000000858,2.7762624761927697
11.261480000000859,2.780652190478486
11.26315000000086,2.785041904764202
11.26482000000086,2.789419471700385
11.26649000000086,2.7937551698135943
11.268160000000861,2.7980908679268044
11.269830000000862,2.8024265660400136
11.271500000000863,2.8067622641532237
11.273170000000864,2.811097962266433
11.274840000000864,2.8154336603796413
11.276510000000865,2.8197693584928523
11.278180000000866,2.8241050566060615
11.279850000000867,2.8284407547192716
11.281520000000867,2.832776452832481
11.283190000000868,2.837112150945691
11.284860000000869,2.8414478490589
11.28653000000087,2.845783547172111
11.28820000000087,2.8501192452853195
11.289870000000871,2.8544549433985287
11.291540000000872,2.858790641511739
11.293210000000872,2.863126339624948
11.294880000000873,2.867462037738159
11.296550000000874,2.8717977358513673
11.298220000000875,2.8761334339645783
11.299890000000875,2.8804691320777867
11.301560000000876,2.884804830190996
11.303230000000877,2.889140528304207
11.304900000000877,2.893476226417415
11.306570000000878,2.897811924530626
11.308240000000879,2.9021476226438345
11.30991000000088,2.9064833207570437
11.31158000000088,2.9108190188702547
11.313250000000881,2.915154716983463
11.314920000000882,2.9194904150966723
11.316590000000883,2.9238261132098824
11.318260000000883,2.9281618113230916
11.319930000000884,2.9324975094363017
11.321600000000885,2.936833207549511
11.323270000000885,2.94116890566272
11.324940000000886,2.9455046037759303
11.326610000000887,2.9498403018891395
11.328280000000888,2.9541760000023496
11.329950000000888,2.958511698115559
11.331620000000889,2.962847396228768
11.33329000000089,2.967183094341978
11.33496000000089,2.9715187924551874
11.336630000000891,2.9758544905683957
11.338300000000892,2.9801901886816067
11.339970000000893,2.984525886794816
11.341640000000893,2.988861584908026
11.343310000000894,2.9931972830212352
11.344980000000895,2.9975329811344436
11.346650000000896,3.0018686792476545
11.348320000000896,3.0062043773608638
11.349990000000897,3.010540075474074
11.351660000000898,3.014875773587283
11.353330000000899,3.0192114717004914
11.3550000000009,3.0235471698137024
11.3566700000009,3.0278828679269107
11.3583400000009,3.0322185660401217
11.360010000000901,3.036554264153331
11.361680000000902,3.0408899622665393
11.363350000000903,3.0452256603797503
11.365020000000904,3.0495613584929586
11.366690000000904,3.053897056606168
11.368360000000905,3.058232754719379
11.370030000000906,3.062568452832587
11.371700000000907,3.066904150945798
11.373370000000907,3.0712398490590065
11.375040000000908,3.0755755471722157
11.376710000000909,3.0799112452854267
11.37838000000091,3.084246943398635
11.38005000000091,3.088582641511846
11.38172000000091,3.0929183396250544
11.383390000000912,3.0972540377382636
11.385060000000912,3.1015897358514746
11.386730000000913,3.105925433964683
11.388400000000914,3.110261132077894
11.390070000000915,3.1145968301911022
11.391740000000915,3.1189325283043114
11.393410000000916,3.1232682264175224
11.395080000000917,3.1276039245307308
11.396750000000917,3.13193962264394
11.398420000000918,3.13627532075715
11.400090000000919,3.1406110188703593
11.40176000000092,3.1449467169835703
11.40343000000092,3.1492824150967786
11.405100000000921,3.153618113209988
11.406770000000922,3.157953811323198
11.408440000000923,3.162289509436407
11.410110000000923,3.166625207549618
11.411780000000924,3.1709609056628265
11.413450000000925,3.1752966037760357
11.415120000000925,3.1796323018892467
11.416790000000926,3.183968000002455
11.418460000000927,3.188303698115666
11.420130000000928,3.1926393962288744
11.421800000000928,3.1969750943420854
11.423470000000929,3.2013107924552946
11.42514000000093,3.2056464905685047
11.42681000000093,3.209982188681714
11.428480000000931,3.2143178867949223
11.430150000000932,3.2186535849081332
11.431820000000933,3.2229892830213425
11.433490000000933,3.2273249811345526
11.435160000000934,3.231660679247762
11.436830000000935,3.235996377360972
11.438500000000936,3.240332075474181
11.440170000000936,3.244667773587392
11.441840000000937,3.2490034717006004
11.443510000000938,3.2533391698138097
11.445180000000938,3.2576748679270198
11.44685000000094,3.262010566040229
11.44852000000094,3.26634626415344
11.45019000000094,3.2706819622666483
11.451860000000941,3.2750176603798575
11.453530000000942,3.2793533584930676
11.455200000000943,3.283689056606277
11.456870000000944,3.288024754719486
11.458540000000944,3.292360452832696
11.460210000000945,3.2966961509459054
11.461880000000946,3.3010318490591155
11.463550000000946,3.3053675471723247
11.465220000000947,3.309703245285534
11.466890000000948,3.314038943398744
11.468560000000949,3.3183746415119533
11.47023000000095,3.3227103396251643
11.47190000000095,3.3270460377383726
11.47357000000095,3.331381735851582
11.475240000000952,3.335717433964792
11.476910000000952,3.340053132078001
11.478580000000953,3.3443888301912104
11.480250000000954,3.3487245283044205
11.481920000000954,3.3530602264176297
11.483590000000955,3.35739592453084
11.485260000000956,3.361731622644049
11.486930000000957,3.3660673207572582
11.488600000000957,3.3704030188704683
11.490270000000958,3.3747387169836776
11.491940000000959,3.3790744150968877
11.49361000000096,3.383410113210097
11.49528000000096,3.387745811323306
11.496950000000961,3.392081509436516
11.498620000000962,3.3964172075497254
11.500290000000962,3.3998757142853684
11.501960000000963,3.399159999999654
11.503630000000964,3.398444285713939
11.505300000000965,3.3977285714282246
11.506970000000965,3.39701285714251
11.508640000000966,3.3962971428567954
11.510310000000967,3.395581428571081
11.511980000000968,3.394865714285366
11.513650000000968,3.3941499999996516
11.515320000000969,3.393434285713937
11.51699000000097,3.3927185714282224
11.51866000000097,3.3920028571425087
11.520330000000971,3.391287142856794
11.522000000000972,3.3905714285710795
11.523670000000973,3.389855714285365
11.525340000000973,3.3891399999996503
11.527010000000974,3.3884242857139357
11.528680000000975,3.387708571428221
11.530350000000976,3.387031132075152
11.532020000000976,3.386369433961944
11.533690000000977,3.3857077358487366
11.535360000000978,3.3850460377355285
11.537030000000978,3.3843843396223203
11.53870000000098,3.383722641509112
11.54037000000098,3.383060943395904
11.54204000000098,3.382399245282696
11.543710000000981,3.3817375471694886
11.545380000000982,3.3810758490562804
11.547050000000983,3.3804141509430723
11.548720000000984,3.379752452829864
11.550390000000984,3.379090754716656
11.552060000000985,3.378429056603448
11.553730000000986,3.3777673584902406
11.555400000000986,3.3771056603770324
11.557070000000987,3.3764439622638243
11.558740000000988,3.375782264150616
11.560410000000989,3.375120566037408
11.56208000000099,3.3744588679242
11.56375000000099,3.3737971698109925
11.56542000000099,3.3731354716977844
11.567090000000992,3.3724737735845762
11.568760000000992,3.371812075471368
11.570430000000993,3.371150377358161
11.572100000000994,3.3704886792449527
11.573770000000994,3.3698269811317445
11.575440000000995,3.3691652830185363
11.577110000000996,3.368503584905328
11.578780000000997,3.367841886792121
11.580450000000997,3.3671801886789128
11.582120000000998,3.3665184905657046
11.583790000000999,3.3658567924524982
11.585460000001,3.365195094339291
11.587130000001,3.364533396226083
11.588800000001001,3.3638716981128747
11.590470000001002,3.3632099999996665
11.592140000001002,3.3625483018864584
11.593810000001003,3.361886603773251
11.595480000001004,3.361224905660043
11.597150000001005,3.360563207546835
11.598820000001005,3.3599015094336266
11.600490000001006,3.3592398113204185
11.602160000001007,3.3585781132072103
11.603830000001008,3.357916415094003
11.605500000001008,3.357254716980795
11.607170000001009,3.3565930188675868
11.60884000000101,3.3559313207543786
11.61051000000101,3.3552696226411705
11.612180000001011,3.3546079245279623
11.613850000001012,3.353946226414755
11.615520000001013,3.353284528301547
11.617190000001013,3.3526228301883387
11.618860000001014,3.3519611320751306
11.620530000001015,3.3512994339619224
11.622200000001015,3.350637735848715
11.623870000001016,3.349976037735507
11.625540000001017,3.349314339622299
11.627210000001018,3.3486526415090907
11.628880000001018,3.3479909433958825
11.63055000000102,3.3473292452826753
11.63222000000102,3.346667547169467
11.63389000000102,3.346005849056259
11.635560000001021,3.345344150943051
11.637230000001022,3.3446824528298436
11.638900000001023,3.3440207547166354
11.640570000001023,3.3433590566034272
11.642240000001024,3.342697358490219
11.643910000001025,3.342035660377011
11.645580000001026,3.3413739622638037
11.647250000001026,3.3407122641505955
11.648920000001027,3.3400505660373874
11.650590000001028,3.339388867924179
11.652260000001029,3.338727169810972
11.65393000000103,3.338065471697764
11.65560000000103,3.3374037735845556
11.65727000000103,3.3367420754713475
11.658940000001031,3.3360803773581393
11.660610000001032,3.335418679244932
11.662280000001033,3.334756981131724
11.663950000001034,3.3340952830185158
11.665620000001034,3.3334335849053076
11.667290000001035,3.3327718867921003
11.668960000001036,3.332110188678892
11.670630000001037,3.331448490565684
11.672300000001037,3.330786792452476
11.673970000001038,3.3301250943392677
11.675640000001039,3.3294633962260605
11.67731000000104,3.3288016981128523
11.67898000000104,3.328139999999644
11.680650000001041,3.327478301886436
11.682320000001042,3.326816603773228
11.683990000001042,3.3261549056600206
11.685660000001043,3.3254932075468124
11.687330000001044,3.3248315094336043
11.689000000001045,3.324169811320396
11.690670000001045,3.323508113207188
11.692340000001046,3.32284641509398
11.694010000001047,3.3221847169807726
11.695680000001047,3.3215230188675644
11.697350000001048,3.3208613207543562
11.699020000001049,3.320199622641148
11.70069000000105,3.31953792452794
11.70236000000105,3.318876226414732
11.704030000001051,3.3182145283015245
11.705700000001052,3.3175528301883164
11.707370000001053,3.316891132075108
11.709040000001053,3.3162294339619
11.710710000001054,3.315567735848692
11.712380000001055,3.3149060377354846
11.714050000001055,3.3142443396222765
11.715720000001056,3.3135826415090683
11.717390000001057,3.31292094339586
11.719060000001058,3.312259245282652
11.720730000001058,3.3115975471694448
11.722400000001059,3.3109358490562366
11.72407000000106,3.3102741509430285
11.72574000000106,3.3096124528298203
11.727410000001061,3.308950754716613
11.729080000001062,3.308289056603405
11.730750000001063,3.3076273584901967
11.732420000001063,3.3069656603769886
11.734090000001064,3.3063039622637813
11.735760000001065,3.305626666666262
11.737430000001066,3.3049109523805473
11.739100000001066,3.3041952380948327
11.740770000001067,3.303479523809118
11.742440000001068,3.3027638095234035
11.744110000001069,3.302048095237689
11.74578000000107,3.3013323809519743
11.74745000000107,3.3006166666662597
11.74912000000107,3.299900952380545
11.750790000001071,3.2991852380948323
11.752460000001072,3.2984695238091177
11.754130000001073,3.297753809523403
11.755800000001074,3.2970380952376885
11.757470000001074,3.296322380951974
11.759140000001075,3.2956066666662593
11.760810000001076,3.2948909523805447
11.762480000001077,3.29417523809483
11.764150000001077,3.2934595238091156
11.765820000001078,3.292788301886419
11.767490000001079,3.2921266037732106
11.76916000000108,3.2914649056600025
11.77083000000108,3.2908032075467943
11.77250000000108,3.290141509433586
11.774170000001082,3.289479811320379
11.775840000001082,3.2888181132071708
11.777510000001083,3.2881564150939626
11.779180000001084,3.2874947169807545
11.780850000001085,3.286833018867547
11.782520000001085,3.286171320754339
11.784190000001086,3.285509622641131
11.785860000001087,3.2848479245279227
11.787530000001087,3.2841862264147146
11.789200000001088,3.2835245283015073
11.790870000001089,3.282862830188299
11.79254000000109,3.282201132075091
11.79421000000109,3.2815394339618837
11.795880000001091,3.2808777358486747
11.797550000001092,3.2802160377354674
11.799220000001093,3.27955433962226
11.800890000001093,3.278892641509051
11.802560000001094,3.278230943395844
11.804230000001095,3.277569245282635
11.805900000001095,3.2769075471694276
11.807570000001096,3.2762458490562203
11.809240000001097,3.2755841509430113
11.810910000001098,3.274922452829804
11.812580000001098,3.274260754716595
11.814250000001099,3.2735990566033877
11.8159200000011,3.2729373584901804
11.8175900000011,3.2722756603769714
11.819260000001101,3.271613962263764
11.820930000001102,3.270952264150555
11.822600000001103,3.270290566037348
11.824270000001103,3.2696288679241405
11.825940000001104,3.2689671698109315
11.827610000001105,3.2683054716977242
11.829280000001106,3.267643773584517
11.830950000001106,3.266982075471308
11.832620000001107,3.2663203773581007
11.834290000001108,3.2656586792448916
11.835960000001108,3.2649969811316844
11.83763000000111,3.264335283018477
11.83930000000111,3.263673584905268
11.84097000000111,3.263011886792061
11.842640000001111,3.2623501886788517
11.844310000001112,3.2616884905656445
11.845980000001113,3.261026792452437
11.847650000001114,3.260365094339228
11.849320000001114,3.259703396226021
11.850990000001115,3.259041698112812
11.852660000001116,3.2583799999996046
11.854330000001116,3.2577183018863973
11.856000000001117,3.2570566037731883
11.857670000001118,3.256394905659981
11.859340000001119,3.255733207546772
11.86101000000112,3.2550715094335647
11.86268000000112,3.2544098113203557
11.86435000000112,3.2537481132071484
11.866020000001122,3.253086415093941
11.867690000001122,3.252424716980732
11.869360000001123,3.251763018867525
11.871030000001124,3.251101320754316
11.872700000001124,3.2504396226411085
11.874370000001125,3.2497779245278995
11.876040000001126,3.249116226414692
11.877710000001127,3.248454528301483
11.879380000001127,3.247792830188276
11.881050000001128,3.2471311320750686
11.882720000001129,3.2464694339618596
11.88439000000113,3.2458077358486523
11.88606000000113,3.2451460377354433
11.887730000001131,3.244484339622236
11.889400000001132,3.2438226415090288
11.891070000001132,3.2431609433958197
11.892740000001133,3.2424992452826125
11.894410000001134,3.2418375471694034
11.896080000001135,3.241175849056196
11.897750000001135,3.240514150942989
11.899420000001136,3.23985245282978
11.901090000001137,3.2391907547165726
11.902760000001138,3.2385290566033635
11.904430000001138,3.2378673584901563
11.906100000001139,3.237205660376949
11.90777000000114,3.23654396226374
11.90944000000114,3.2358822641505327
11.911110000001141,3.2352205660373237
11.912780000001142,3.2345588679241164
11.914450000001143,3.233897169810909
11.916120000001143,3.2332354716977
11.917790000001144,3.2325737735844946
11.919460000001145,3.2319120754712873
11.921130000001146,3.2312503773580783
11.922800000001146,3.230588679244871
11.924470000001147,3.229926981131662
11.926140000001148,3.2292652830184547
11.927810000001148,3.2286035849052475
11.92948000000115,3.2279418867920384
11.93115000000115,3.227280188678831
11.93282000000115,3.226618490565622
11.934490000001151,3.225956792452415
11.936160000001152,3.2252950943392076
11.937830000001153,3.2246333962259985
11.939500000001154,3.2239716981127913
11.941170000001154,3.223309999999584
11.942840000001155,3.222648301886375
11.944510000001156,3.2219866037731677
11.946180000001156,3.2213249056599587
11.947850000001157,3.2206632075467514
11.949520000001158,3.220001509433544
11.951190000001159,3.219339811320335
11.95286000000116,3.218678113207128
11.95453000000116,3.218016415093919
11.95620000000116,3.2173547169807115
11.957870000001162,3.2166930188675043
11.959540000001162,3.216031320754295
11.961210000001163,3.215369622641088
11.962880000001164,3.214707924527879
11.964550000001164,3.2140462264146716
11.966220000001165,3.2133845283014644
11.967890000001166,3.2127228301882553
11.969560000001167,3.212061132075048
11.971230000001167,3.211399433961841
11.972900000001168,3.2107377358486318
11.974570000001169,3.2100760377354245
11.97624000000117,3.2094143396222155
11.97791000000117,3.208752641509008
11.979580000001171,3.208090943395801
11.981250000001172,3.207429245282592
11.982920000001172,3.2067675471693846
11.984590000001173,3.2061058490561756
11.986260000001174,3.2054441509429683
11.987930000001175,3.204782452829761
11.989600000001175,3.204120754716552
11.991270000001176,3.2034590566033447
11.992940000001177,3.2027973584901357
11.994610000001177,3.2021356603769284
11.996280000001178,3.201473962263721
11.997950000001179,3.200812264150512
11.99962000000118,3.200150566037305
12.00129000000118,3.1994471428566733
12.002960000001181,3.1987314285709587
12.004630000001182,3.198015714285244
12.006300000001183,3.1972999999995295
12.007970000001183,3.196584285713815
12.009640000001184,3.1958685714281003
12.011310000001185,3.1951528571423857
12.012980000001185,3.194437142856671
12.014650000001186,3.1937214285709565
12.016320000001187,3.193005714285242
12.017990000001188,3.1922899999995273
12.019660000001188,3.191574285713811
12.02133000000119,3.1908585714280964
12.02300000000119,3.1901428571423818
12.02467000000119,3.189427142856667
12.026340000001191,3.1887114285709526
12.028010000001192,3.187995714285238
12.029680000001193,3.187296603773147
12.031350000001193,3.1866349056599397
12.033020000001194,3.1859732075467324
12.034690000001195,3.1853115094335234
12.036360000001196,3.184649811320316
12.038030000001196,3.183988113207107
12.039700000001197,3.1833264150939
12.041370000001198,3.1826647169806925
12.043040000001199,3.1820030188674835
12.0447100000012,3.1813413207542762
12.0463800000012,3.180679622641067
12.0480500000012,3.18001792452786
12.049720000001201,3.1793562264146527
12.051390000001202,3.1786945283014436
12.053060000001203,3.1780328301882363
12.054730000001204,3.177371132075029
12.056400000001204,3.17670943396182
12.058070000001205,3.1760477358486128
12.059740000001206,3.1753860377354037
12.061410000001207,3.1747243396221965
12.063080000001207,3.174062641508989
12.064750000001208,3.17340094339578
12.066420000001209,3.172739245282573
12.06809000000121,3.172077547169364
12.06976000000121,3.1714158490561566
12.071430000001211,3.1707541509429493
12.073100000001212,3.1700924528297403
12.074770000001212,3.169430754716533
12.076440000001213,3.168769056603324
12.078110000001214,3.1681073584901167
12.079780000001215,3.1674456603769094
12.081450000001215,3.1667839622637004
12.083120000001216,3.166122264150493
12.084790000001217,3.1654605660372876
12.086460000001217,3.1647988679240786
12.088130000001218,3.1641371698108713
12.089800000001219,3.1634754716976623
12.09147000000122,3.162813773584455
12.09314000000122,3.1621520754712478
12.094810000001221,3.1614903773580387
12.096480000001222,3.1608286792448315
12.098150000001223,3.1601669811316224
12.099820000001223,3.159505283018415
12.101490000001224,3.158843584905208
12.103160000001225,3.158181886791999
12.104830000001225,3.1575201886787916
12.106500000001226,3.1568584905655825
12.108170000001227,3.1561967924523753
12.109840000001228,3.155535094339168
12.111510000001228,3.154873396225959
12.113180000001229,3.1542116981127517
12.11485000000123,3.1535499999995444
12.11652000000123,3.1528883018863354
12.118190000001231,3.152226603773128
12.119860000001232,3.151564905659919
12.121530000001233,3.150903207546712
12.123200000001233,3.1502415094335046
12.124870000001234,3.1495798113202955
12.126540000001235,3.1489181132070883
12.128210000001236,3.148256415093879
12.129880000001236,3.147594716980672
12.131550000001237,3.1469330188674647
12.133220000001238,3.1462713207542556
12.134890000001239,3.1456096226410484
12.13656000000124,3.1449479245278393
12.13823000000124,3.144286226414632
12.13990000000124,3.143624528301425
12.141570000001241,3.1429628301882158
12.143240000001242,3.1423011320750085
12.144910000001243,3.1416394339618012
12.146580000001244,3.140977735848592
12.148250000001244,3.140316037735385
12.149920000001245,3.139654339622176
12.151590000001246,3.1389926415089686
12.153260000001247,3.1383309433957596
12.154930000001247,3.1376692452825523
12.156600000001248,3.1370075471693433
12.158270000001249,3.136345849056136
12.15994000000125,3.1356841509429287
12.16161000000125,3.1350224528297197
12.16328000000125,3.1343607547165124
12.164950000001252,3.1336990566033034
12.166620000001252,3.133037358490096
12.168290000001253,3.132375660376887
12.169960000001254,3.13171396226368
12.171630000001255,3.1310522641504708
12.173300000001255,3.1303905660372635
12.174970000001256,3.1297288679240562
12.176640000001257,3.129067169810847
12.178310000001257,3.12840547169764
12.179980000001258,3.127743773584431
12.181650000001259,3.1270820754712236
12.18332000000126,3.1264203773580164
12.18499000000126,3.1257586792448073
12.186660000001261,3.1250969811316
12.188330000001262,3.124435283018391
12.190000000001262,3.1237735849051838
12.191670000001263,3.1231118867919765
12.193340000001264,3.1224501886787674
12.195010000001265,3.12178849056556
12.196680000001265,3.121126792452351
12.198350000001266,3.120465094339144
12.200020000001267,3.1198033962259366
12.201690000001268,3.1191416981127276
12.203360000001268,3.1184799999995203
12.205030000001269,3.117818301886313
12.20670000000127,3.117156603773104
12.20837000000127,3.1164949056598967
12.210040000001271,3.1158332075466877
12.211710000001272,3.1151715094334804
12.213380000001273,3.114509811320273
12.215050000001273,3.113848113207064
12.216720000001274,3.113186415093857
12.218390000001275,3.112524716980648
12.220060000001276,3.1118630188674405
12.221730000001276,3.1112013207542333
12.223400000001277,3.1105396226410242
12.225070000001278,3.109877924527817
12.226740000001278,3.1092162264146097
12.22841000000128,3.1085545283014007
12.23008000000128,3.1078928301881934
12.23175000000128,3.1072311320749844
12.233420000001281,3.106569433961777
12.235090000001282,3.10590773584857
12.236760000001283,3.105198095237565
12.238430000001284,3.1044823809518505
12.240100000001284,3.103766666666136
12.241770000001285,3.1030509523804213
12.243440000001286,3.1023352380947067
12.245110000001286,3.101619523808992
12.246780000001287,3.1009038095232775
12.248450000001288,3.100188095237563
12.250120000001289,3.099472380951852
12.25179000000129,3.0987566666661372
12.25346000000129,3.0980409523804227
12.25513000000129,3.097325238094708
12.256800000001292,3.0966095238089935
12.258470000001292,3.095893809523279
12.260140000001293,3.0951780952375643
12.261810000001294,3.0944623809518497
12.263480000001294,3.093746666666135
12.265150000001295,3.0930537735844155
12.266820000001296,3.092392075471208
12.268490000001297,3.091730377357999
12.270160000001297,3.091068679244792
12.271830000001298,3.090406981131583
12.273500000001299,3.0897452830183756
12.2751700000013,3.0890835849051665
12.2768400000013,3.0884218867919593
12.278510000001301,3.0877601886787502
12.280180000001302,3.087098490565543
12.281850000001302,3.086436792452334
12.283520000001303,3.0857750943391267
12.285190000001304,3.0851133962259194
12.286860000001305,3.0844516981127104
12.288530000001305,3.083789999999503
12.290200000001306,3.083128301886294
12.291870000001307,3.082466603773087
12.293540000001308,3.0818049056598777
12.295210000001308,3.0811432075466705
12.296880000001309,3.080481509433463
12.29855000000131,3.079819811320254
12.30022000000131,3.079158113207047
12.301890000001311,3.078496415093838
12.303560000001312,3.0778347169806306
12.305230000001313,3.0771730188674233
12.306900000001313,3.0765113207542143
12.308570000001314,3.075849622641007
12.310240000001315,3.075187924527798
12.311910000001316,3.0745262264145907
12.313580000001316,3.0738645283013835
12.315250000001317,3.0732028301881744
12.316920000001318,3.072541132074967
12.318590000001318,3.07187943396176
12.32026000000132,3.071217735848551
12.32193000000132,3.0705560377353436
12.32360000000132,3.0698943396221345
12.325270000001321,3.0692326415089273
12.326940000001322,3.06857094339572
12.328610000001323,3.067909245282511
12.330280000001324,3.0672475471693037
12.331950000001324,3.0665858490560947
12.333620000001325,3.0659241509428874
12.335290000001326,3.06526245282968
12.336960000001326,3.064600754716471
12.338630000001327,3.063939056603264
12.340300000001328,3.0632773584900566
12.341970000001329,3.0626156603768475
12.34364000000133,3.0619539622636402
12.34531000000133,3.061292264150431
12.34698000000133,3.060630566037224
12.348650000001332,3.0599688679240167
12.350320000001332,3.0593071698108076
12.351990000001333,3.0586454716976004
12.353660000001334,3.0579837735843913
12.355330000001334,3.057322075471184
12.357000000001335,3.056660377357977
12.358670000001336,3.0559986792447678
12.360340000001337,3.0553369811315605
12.362010000001337,3.0546752830183515
12.363680000001338,3.054013584905144
12.365350000001339,3.053351886791937
12.36702000000134,3.052690188678728
12.36869000000134,3.0520284905655206
12.370360000001341,3.0513667924523133
12.372030000001342,3.0507050943391043
12.373700000001342,3.050043396225897
12.375370000001343,3.049381698112688
12.377040000001344,3.0487199999994807
12.378710000001345,3.0480583018862735
12.380380000001345,3.0473966037730644
12.382050000001346,3.046734905659857
12.383720000001347,3.046073207546648
12.385390000001347,3.045411509433441
12.387060000001348,3.0447498113202336
12.388730000001349,3.0440881132070245
12.39040000000135,3.0434264150938173
12.39207000000135,3.0427647169806082
12.393740000001351,3.042103018867401
12.395410000001352,3.0414413207541937
12.397080000001353,3.0407796226409847
12.398750000001353,3.0401179245277774
12.400420000001354,3.03945622641457
12.402090000001355,3.038794528301361
12.403760000001355,3.038132830188154
12.405430000001356,3.037471132074945
12.407100000001357,3.0368094339617375
12.408770000001358,3.0361477358485303
12.410440000001358,3.035486037735321
12.412110000001359,3.034824339622114
12.41378000000136,3.034162641508905
12.41545000000136,3.0335009433956976
12.417120000001361,3.0328392452824904
12.418790000001362,3.032177547169283
12.420460000001363,3.031515849056076
12.422130000001363,3.030854150942867
12.423800000001364,3.0301924528296595
12.425470000001365,3.0295307547164505
12.427140000001366,3.0288690566032432
12.428810000001366,3.028207358490034
12.430480000001367,3.027545660376827
12.432150000001368,3.026883962263618
12.433820000001369,3.0262222641504106
12.43549000000137,3.0255605660372034
12.43716000000137,3.0248988679239943
12.43883000000137,3.024237169810787
12.440500000001371,3.023575471697578
12.442170000001372,3.0229137735843707
12.443840000001373,3.0222520754711617
12.445510000001374,3.0215903773579544
12.447180000001374,3.020928679244747
12.448850000001375,3.020266981131538
12.450520000001376,3.019605283018331
12.452190000001377,3.018943584905122
12.453860000001377,3.0182818867919146
12.455530000001378,3.0176201886787073
12.457200000001379,3.0169584905654983
12.45887000000138,3.016296792452291
12.46054000000138,3.0156350943390837
12.462210000001381,3.0149733962258747
12.463880000001382,3.0143116981126674
12.465550000001382,3.0136499999994584
12.467220000001383,3.012988301886251
12.468890000001384,3.012326603773044
12.470560000001385,3.011664905659835
12.472230000001385,3.0110032075466275
12.473900000001386,3.0103415094334185
12.475570000001387,3.0096798113202112
12.477240000001387,3.009018113207004
12.478910000001388,3.008356415093795
12.480580000001389,3.0076947169805877
12.48225000000139,3.0070330188673804
12.48392000000139,3.0063713207541714
12.485590000001391,3.005709622640964
12.487260000001392,3.005047924527755
12.488930000001393,3.004386226414548
12.490600000001393,3.0037245283013405
12.492270000001394,3.0030628301881315
12.493940000001395,3.002401132074924
12.495610000001395,3.001739433961715
12.497280000001396,3.001077735848508
12.498950000001397,3.0004160377353006
12.500620000001398,2.9987599999971764
12.502290000001398,2.995419999997175
12.503960000001399,2.9920799999971734
12.5056300000014,2.988739999997172
12.5073000000014,2.9853999999971705
12.508970000001401,2.982059999997169
12.510640000001402,2.9787199999971676
12.512310000001403,2.975379999997166
12.513980000001403,2.9720399999971647
12.515650000001404,2.9686999999971633
12.517320000001405,2.965359999997162
12.518990000001406,2.9620199999971604
12.520660000001406,2.958679999997159
12.522330000001407,2.9553399999971575
12.524000000001408,2.951999999997156
12.525670000001409,2.9486599999971546
12.52734000000141,2.945319999997153
12.52901000000141,2.9419799999971517
12.53068000000141,2.93863999999715
12.532350000001411,2.9352999999971487
12.534020000001412,2.9319599999971473
12.535690000001413,2.928619999997146
12.537360000001414,2.9252799999971444
12.539030000001414,2.921939999997143
12.540700000001415,2.9185999999971415
12.542370000001416,2.91525999999714
12.544040000001417,2.9119199999971386
12.545710000001417,2.908579999997137
12.547380000001418,2.9052399999971357
12.549050000001419,2.901899999997134
12.55072000000142,2.8985599999971328
12.55239000000142,2.8952199999971313
12.55406000000142,2.89187999999713
12.555730000001422,2.8885399999971284
12.557400000001422,2.885199999997127
12.559070000001423,2.8818599999971255
12.560740000001424,2.878519999997124
12.562410000001424,2.8751799999971226
12.564080000001425,2.871839999997121
12.565750000001426,2.8684999999971197
12.567420000001427,2.8651599999971182
12.569090000001427,2.861819999997117
12.570760000001428,2.8584799999971153
12.572430000001429,2.855139999997114
12.57410000000143,2.8517999999971124
12.57577000000143,2.848459999997111
12.577440000001431,2.8451199999971095
12.579110000001432,2.841779999997108
12.580780000001432,2.8384399999971066
12.582450000001433,2.835099999997105
12.584120000001434,2.831759999997102
12.585790000001435,2.8284199999971005
12.587460000001435,2.825079999997099
12.589130000001436,2.8217399999970976
12.590800000001437,2.818399999997096
12.592470000001438,2.8150599999970947
12.594140000001438,2.811719999997093
12.595810000001439,2.8083799999970918
12.59748000000144,2.8050399999970903
12.59915000000144,2.801699999997089
12.600820000001441,2.7983599999970874
12.602490000001442,2.795019999997086
12.604160000001443,2.7916799999970845
12.605830000001443,2.788339999997083
12.607500000001444,2.7849999999970816
12.609170000001445,2.78165999999708
12.610840000001446,2.7783199999970787
12.612510000001446,2.7749799999970772
12.614180000001447,2.7716399999970758
12.615850000001448,2.7682999999970743
12.617520000001448,2.764959999997073
12.61919000000145,2.7616199999970714
12.62086000000145,2.75827999999707
12.62253000000145,2.7549399999970685
12.624200000001451,2.751599999997067
12.625870000001452,2.7482599999970656
12.627540000001453,2.744919999997064
12.629210000001454,2.7415799999970627
12.630880000001454,2.7382399999970612
12.632550000001455,2.73489999999706
12.634220000001456,2.7315599999970583
12.635890000001456,2.728219999997057
12.637560000001457,2.7248799999970554
12.639230000001458,2.721539999997054
12.640900000001459,2.7181999999970525
12.64257000000146,2.714859999997051
12.64424000000146,2.7115199999970496
12.64591000000146,2.708179999997048
12.647580000001462,2.7048399999970467
12.649250000001462,2.7014999999970453
12.650920000001463,2.698159999997044
12.652590000001464,2.6948199999970424
12.654260000001464,2.691479999997041
12.655930000001465,2.6881399999970395
12.657600000001466,2.684799999997038
12.659270000001467,2.6814599999970365
12.660940000001467,2.678119999997035
12.662610000001468,2.6747799999970336
12.664280000001469,2.671439999997032
12.66595000000147,2.6680999999970307
12.66762000000147,2.6647599999970293
12.669290000001471,2.661419999997028
12.670960000001472,2.6580799999970264
12.672630000001472,2.654739999997025
12.674300000001473,2.6513999999970235
12.675970000001474,2.648059999997022
12.677640000001475,2.6447199999970206
12.679310000001475,2.641379999997019
12.680980000001476,2.6380399999970177
12.682650000001477,2.634699999997016
12.684320000001478,2.6313599999970148
12.685990000001478,2.6280199999970133
12.687660000001479,2.624679999997012
12.68933000000148,2.6213399999970104
12.69100000000148,2.617999999997009
12.692670000001481,2.6146599999970075
12.694340000001482,2.611319999997006
12.696010000001483,2.6079799999970046
12.697680000001483,2.604639999997003
12.699350000001484,2.6012999999970017
12.701020000001485,2.5979599999970002
12.702690000001486,2.5946199999969988
12.704360000001486,2.5912799999969973
12.706030000001487,2.587939999996996
12.707700000001488,2.5845999999969944
12.709370000001488,2.581259999996993
12.71104000000149,2.5779199999969915
12.71271000000149,2.57457999999699
12.71438000000149,2.5712399999969886
12.716050000001491,2.567899999996987
12.717720000001492,2.5645599999969857
12.719390000001493,2.5612199999969842
12.721060000001494,2.557879999996983
12.722730000001494,2.5545399999969813
12.724400000001495,2.55119999999698
12.726070000001496,2.5478599999969784
12.727740000001496,2.544519999996977
12.729410000001497,2.5411799999969755
12.731080000001498,2.537839999996974
12.732750000001499,2.5344999999969726
12.7344200000015,2.531159999996971
12.7360900000015,2.5278199999969697
12.7377600000015,2.5244799999969683
12.739430000001501,2.521139999996967
12.741100000001502,2.5177999999969654
12.742770000001503,2.514459999996964
12.744440000001504,2.5111199999969624
12.746110000001504,2.507779999996961
12.747780000001505,2.5044399999969595
12.749450000001506,2.501099999996958
12.751120000001507,2.4977599999969566
12.752790000001507,2.494419999996955
12.754460000001508,2.4910799999969537
12.756130000001509,2.4877399999969523
12.75780000000151,2.484399999996951
12.75947000000151,2.4810599999969494
12.761140000001511,2.477719999996948
12.762810000001512,2.4743799999969465
12.764480000001512,2.471039999996945
12.766150000001513,2.4676999999969436
12.767820000001514,2.464359999996942
12.769490000001515,2.4610199999969407
12.771160000001515,2.457679999996939
12.772830000001516,2.4543399999969377
12.774500000001517,2.4509999999969363
12.776170000001517,2.447659999996935
12.777840000001518,2.4443199999969334
12.779510000001519,2.440979999996932
12.78118000000152,2.4376399999969305
12.78285000000152,2.434299999996929
12.784520000001521,2.4309599999969276
12.786190000001522,2.427619999996926
12.787860000001523,2.4242799999969247
12.789530000001523,2.420939999996923
12.791200000001524,2.4175999999969218
12.792870000001525,2.4142599999969203
12.794540000001525,2.410919999996919
12.796210000001526,2.4075799999969174
12.797880000001527,2.404239999996916
12.799550000001528,2.4008999999969145
12.801220000001528,2.397559999996913
12.802890000001529,2.3942199999969116
12.80456000000153,2.39087999999691
12.80623000000153,2.3875399999969087
12.807900000001531,2.3841999999969072
12.809570000001532,2.380859999996906
12.811240000001533,2.3775199999969043
12.812910000001533,2.374179999996903
12.814580000001534,2.3708399999969014
12.816250000001535,2.3674999999969
12.817920000001536,2.3641599999968985
12.819590000001536,2.360819999996897
12.821260000001537,2.3574799999968956
12.822930000001538,2.354139999996894
12.824600000001539,2.3507999999968927
12.82627000000154,2.3474599999968913
12.82794000000154,2.34411999999689
12.82961000000154,2.3407799999968883
12.831280000001541,2.337439999996887
12.832950000001542,2.3340999999968854
12.834620000001543,2.330759999996884
12.836290000001544,2.3274199999968825
12.837960000001544,2.324079999996881
12.839630000001545,2.3207399999968796
12.841300000001546,2.317399999996878
12.842970000001547,2.3140599999968767
12.844640000001547,2.3107199999968753
12.846310000001548,2.307379999996874
12.847980000001549,2.3040399999968724
12.84965000000155,2.300699999996871
12.85132000000155,2.2973599999968695
12.852990000001551,2.294019999996868
12.854660000001552,2.2906799999968666
12.856330000001552,2.287339999996865
12.858000000001553,2.2839999999968637
12.859670000001554,2.280659999996862
12.861340000001555,2.2773199999968607
12.863010000001555,2.2739799999968593
12.864680000001556,2.270639999996858
12.866350000001557,2.2672999999968564
12.868020000001557,2.263959999996855
12.869690000001558,2.2606199999968535
12.871360000001559,2.257279999996852
12.87303000000156,2.2539399999968506
12.87470000000156,2.250599999996849
12.876370000001561,2.2472599999968477
12.878040000001562,2.243919999996846
12.879710000001563,2.2405799999968448
12.881380000001563,2.2372399999968433
12.883050000001564,2.233899999996842
12.884720000001565,2.2305599999968404
12.886390000001565,2.227219999996839
12.888060000001566,2.2238799999968375
12.889730000001567,2.220539999996836
12.891400000001568,2.2171999999968346
12.893070000001568,2.213859999996833
12.894740000001569,2.2105199999968317
12.89641000000157,2.2071799999968302
12.89808000000157,2.203839999996829
12.899750000001571,2.2004999999968273
12.901420000001572,2.197159999996826
12.903090000001573,2.1938199999968244
12.904760000001573,2.190479999996823
12.906430000001574,2.1871399999968215
12.908100000001575,2.18379999999682
12.909770000001576,2.1804599999968186
12.911440000001576,2.177119999996817
12.913110000001577,2.1737799999968157
12.914780000001578,2.1704399999968143
12.916450000001579,2.167099999996813
12.91812000000158,2.1637599999968096
12.91979000000158,2.160419999996808
12.92146000000158,2.1570799999968067
12.923130000001581,2.153739999996805
12.924800000001582,2.1503999999968038
12.926470000001583,2.1470599999968023
12.928140000001584,2.143719999996801
12.929810000001584,2.1403799999967994
12.931480000001585,2.137039999996798
12.933150000001586,2.1336999999967965
12.934820000001586,2.130359999996795
12.936490000001587,2.1270199999967936
12.938160000001588,2.123679999996792
12.939830000001589,2.1203399999967907
12.94150000000159,2.1169999999967892
12.94317000000159,2.1136599999967878
12.94484000000159,2.1103199999967863
12.946510000001592,2.106979999996785
12.948180000001592,2.1036399999967834
12.949850000001593,2.100299999996782
12.951520000001594,2.0969599999967805
12.953190000001594,2.093619999996779
12.954860000001595,2.0902799999967776
12.956530000001596,2.086939999996776
12.958200000001597,2.0835999999967747
12.959870000001597,2.0802599999967732
12.961540000001598,2.076919999996772
12.963210000001599,2.0735799999967703
12.9648800000016,2.070239999996769
12.9665500000016,2.0668999999967674
12.968220000001601,2.063559999996766
12.969890000001602,2.0602199999967645
12.971560000001602,2.056879999996763
12.973230000001603,2.0535399999967616
12.974900000001604,2.05019999999676
12.976570000001605,2.0468599999967587
12.978240000001605,2.0435199999967573
12.979910000001606,2.040179999996756
12.981580000001607,2.0368399999967544
12.983250000001608,2.033499999996753
12.984920000001608,2.0301599999967515
12.986590000001609,2.02681999999675
12.98826000000161,2.0234799999967485
12.98993000000161,2.020139999996747
12.991600000001611,2.0167999999967456
12.993270000001612,2.013459999996744
12.994940000001613,2.0101199999967427
12.996610000001613,2.0067799999967413
12.998280000001614,2.00343999999674
12.999950000001615,2.0000999999967384
13.001620000001616,1.996759999996737
13.003290000001616,1.9934199999967355
13.004960000001617,1.990079999996734
13.006630000001618,1.9867399999967326
13.008300000001618,1.9833999999967311
13.00997000000162,1.9800599999967297
13.01164000000162,1.9767199999967282
13.01331000000162,1.9733799999967268
13.014980000001621,1.9700399999967253
13.016650000001622,1.9666999999967238
13.018320000001623,1.9633599999967224
13.019990000001624,1.960019999996721
13.021660000001624,1.9566799999967195
13.023330000001625,1.953339999996718
13.025000000001626,1.9499999999967166
13.026670000001626,1.9466599999967151
13.028340000001627,1.9433199999967137
13.030010000001628,1.9399799999967122
13.031680000001629,1.9366399999967108
13.03335000000163,1.9332999999967093
13.03502000000163,1.9299599999967079
13.03669000000163,1.9266199999967064
13.038360000001632,1.923279999996705
13.040030000001632,1.9199399999967035
13.041700000001633,1.916599999996702
13.043370000001634,1.9132599999967006
13.045040000001634,1.9099199999966991
13.046710000001635,1.9065799999966977
13.048380000001636,1.9032399999966962
13.050050000001637,1.8998999999966948
13.051720000001637,1.8965599999966933
13.053390000001638,1.8932199999966919
13.055060000001639,1.8898799999966904
13.05673000000164,1.886539999996689
13.05840000000164,1.8831999999966875
13.060070000001641,1.879859999996686
13.061740000001642,1.8765199999966846
13.063410000001642,1.8731799999966832
13.065080000001643,1.8698399999966817
13.066750000001644,1.8664999999966803
13.068420000001645,1.8631599999966788
13.070090000001645,1.8598199999966774
13.071760000001646,1.856479999996676
13.073430000001647,1.8531399999966744
13.075100000001648,1.849799999996673
13.076770000001648,1.8464599999966715
13.078440000001649,1.84311999999667
13.08011000000165,1.8397799999966686
13.08178000000165,1.8364399999966672
13.083450000001651,1.833099999996664
13.085120000001652,1.8297599999966625
13.086790000001653,1.826419999996661
13.088460000001653,1.8230799999966596
13.090130000001654,1.8197399999966581
13.091800000001655,1.8163999999966567
13.093470000001656,1.8130599999966552
13.095140000001656,1.8097199999966538
13.096810000001657,1.8063799999966523
13.098480000001658,1.8030399999966509
13.100150000001658,1.7996999999966494
13.10182000000166,1.796359999996648
13.10349000000166,1.7930199999966465
13.10516000000166,1.789679999996645
13.106830000001661,1.7863399999966436
13.108500000001662,1.7829999999966422
13.110170000001663,1.7796599999966407
13.111840000001663,1.7763199999966393
13.113510000001664,1.7729799999966378
13.115180000001665,1.7696399999966363
13.116850000001666,1.766299999996635
13.118520000001666,1.7629599999966334
13.120190000001667,1.759619999996632
13.121860000001668,1.7562799999966305
13.123530000001669,1.752939999996629
13.12520000000167,1.7495999999966276
13.12687000000167,1.7462599999966262
13.12854000000167,1.7429199999966247
13.130210000001671,1.7395799999966233
13.131880000001672,1.7362399999966218
13.133550000001673,1.7328999999966204
13.135220000001674,1.729559999996619
13.136890000001674,1.7262199999966175
13.138560000001675,1.722879999996616
13.140230000001676,1.7195399999966146
13.141900000001677,1.716199999996613
13.143570000001677,1.7128599999966116
13.145240000001678,1.7095199999966102
13.146910000001679,1.7061799999966087
13.14858000000168,1.7028399999966073
13.15025000000168,1.6994999999966058
13.151920000001681,1.6961599999966044
13.153590000001682,1.692819999996603
13.155260000001682,1.6894799999966015
13.156930000001683,1.6861399999966
13.158600000001684,1.6827999999965986
13.160270000001685,1.6794599999965971
13.161940000001685,1.6761199999965957
13.163610000001686,1.6727799999965942
13.165280000001687,1.6694399999965928
13.166950000001687,1.6660999999965913
13.168620000001688,1.6627599999965899
13.170290000001689,1.6594199999965884
13.17196000000169,1.656079999996587
13.17363000000169,1.6527399999965855
13.175300000001691,1.649399999996584
13.176970000001692,1.6460599999965826
13.178640000001693,1.6427199999965811
13.180310000001693,1.6393799999965797
13.181980000001694,1.6360399999965782
13.183650000001695,1.6326999999965768
13.185320000001695,1.6293599999965753
13.186990000001696,1.6260199999965739
13.188660000001697,1.6226799999965724
13.190330000001698,1.619339999996571
13.192000000001698,1.6159999999965695
13.193670000001699,1.612659999996568
13.1953400000017,1.6093199999965666
13.1970100000017,1.6059799999965652
13.198680000001701,1.6026399999965637
13.200350000001702,1.5992999999965622
13.202020000001703,1.5959599999965608
13.203690000001703,1.5926199999965593
13.205360000001704,1.589279999996558
13.207030000001705,1.5859399999965564
13.208700000001706,1.582599999996555
13.210370000001706,1.5792599999965535
13.212040000001707,1.575919999996552
13.213710000001708,1.5725799999965506
13.215380000001709,1.5692399999965492
13.21705000000171,1.5658999999965477
13.21872000000171,1.5625599999965463
13.22039000000171,1.5592199999965448
13.222060000001711,1.5558799999965434
13.223730000001712,1.552539999996542
13.225400000001713,1.5491999999965405
13.227070000001714,1.545859999996539
13.228740000001714,1.5425199999965375
13.230410000001715,1.539179999996536
13.232080000001716,1.5358399999965346
13.233750000001717,1.5324999999965332
13.235420000001717,1.5291599999965317
13.237090000001718,1.5258199999965303
13.238760000001719,1.5224799999965288
13.24043000000172,1.5191399999965274
13.24210000000172,1.515799999996526
13.24377000000172,1.5124599999965245
13.245440000001722,1.509119999996523
13.247110000001722,1.5057799999965216
13.248780000001723,1.5024399999965201
13.250450000001724,1.4990999999965187
13.252120000001725,1.4957599999965172
13.253790000001725,1.4924199999965158
13.255460000001726,1.4890799999965143
13.257130000001727,1.4857399999965129
13.258800000001727,1.4823999999965114
13.260470000001728,1.47905999999651
13.262140000001729,1.4757199999965085
13.26381000000173,1.472379999996507
13.26548000000173,1.4690399999965056
13.267150000001731,1.4656999999965041
13.268820000001732,1.4623599999965027
13.270490000001733,1.4590199999965012
13.272160000001733,1.4556799999964998
13.273830000001734,1.4523399999964983
13.275500000001735,1.4489999999964969
13.277170000001735,1.4456599999964954
13.278840000001736,1.442319999996494
13.280510000001737,1.4389799999964925
13.282180000001738,1.435639999996491
13.283850000001738,1.4322999999964896
13.285520000001739,1.4289599999964882
13.28719000000174,1.4256199999964867
13.28886000000174,1.4222799999964852
13.290530000001741,1.4189399999964838
13.292200000001742,1.4155999999964823
13.293870000001743,1.4122599999964809
13.295540000001743,1.4089199999964794
13.297210000001744,1.405579999996478
13.298880000001745,1.4022399999964765
13.300550000001746,1.398899999996475
13.302220000001746,1.3955599999964736
13.303890000001747,1.3922199999964722
13.305560000001748,1.3888799999964707
13.307230000001748,1.3855399999964693
13.30890000000175,1.3821999999964678
13.31057000000175,1.3788599999964664
13.31224000000175,1.375519999996465
13.313910000001751,1.3721799999964635
13.315580000001752,1.368839999996462
13.317250000001753,1.3654999999964605
13.318920000001754,1.362159999996459
13.320590000001754,1.3588199999964576
13.322260000001755,1.3554799999964562
13.323930000001756,1.3521399999964547
13.325600000001756,1.3487999999964533
13.327270000001757,1.3454599999964518
13.328940000001758,1.3421199999964504
13.330610000001759,1.338779999996449
13.33228000000176,1.3354399999964475
13.33395000000176,1.332099999996446
13.33562000000176,1.3287599999964446
13.337290000001762,1.325419999996443
13.338960000001762,1.3220799999964417
13.340630000001763,1.3187399999964402
13.342300000001764,1.3153999999964388
13.343970000001764,1.3120599999964373
13.345640000001765,1.3087199999964358
13.347310000001766,1.3053799999964344
13.348980000001767,1.302039999996433
13.350650000001767,1.2986999999964315
13.352320000001768,1.29535999999643
13.353990000001769,1.2920199999964286
13.35566000000177,1.2886799999964271
13.35733000000177,1.2853399999964257
13.359000000001771,1.2819999999964242
13.360670000001772,1.2786599999964228
13.362340000001772,1.2753199999964213
13.364010000001773,1.2719799999964199
13.365680000001774,1.2686399999964184
13.367350000001775,1.265299999996417
13.369020000001775,1.2619599999964155
13.370690000001776,1.258619999996414
13.372360000001777,1.2552799999964126
13.374030000001778,1.2519399999964111
13.375700000001778,1.2485999999964097
13.377370000001779,1.2452599999964082
13.37904000000178,1.2419199999964068
13.38071000000178,1.2385799999964053
13.382380000001781,1.2352399999964039
13.384050000001782,1.2318999999964024
13.385720000001783,1.228559999996401
13.387390000001783,1.2252199999963995
13.389060000001784,1.221879999996398
13.390730000001785,1.2185399999963966
13.392400000001786,1.2151999999963952
13.394070000001786,1.2118599999963937
13.395740000001787,1.2085199999963923
13.397410000001788,1.2051799999963908
13.399080000001788,1.2018399999963894
13.40075000000179,1.198499999996388
13.40242000000179,1.1951599999963864
13.40409000000179,1.191819999996385
13.405760000001791,1.1884799999963835
13.407430000001792,1.185139999996382
13.409100000001793,1.1817999999963806
13.410770000001794,1.1784599999963792
13.412440000001794,1.1751199999963777
13.414110000001795,1.1717799999963763
13.415780000001796,1.1684399999963748
13.417450000001796,1.1650999999963716
13.419120000001797,1.1617599999963701
13.420790000001798,1.1584199999963687
13.422460000001799,1.1550799999963672
13.4241300000018,1.1517399999963658
13.4258000000018,1.1483999999963643
13.4274700000018,1.1450599999963629
13.429140000001802,1.1417199999963614
13.430810000001802,1.13837999999636
13.432480000001803,1.1350399999963585
13.434150000001804,1.131699999996357
13.435820000001804,1.1283599999963556
13.437490000001805,1.1250199999963542
13.439160000001806,1.1216799999963527
13.440830000001807,1.1183399999963513
13.442500000001807,1.1149999999963498
13.444170000001808,1.1116599999963483
13.445840000001809,1.108319999996347
13.44751000000181,1.1049799999963454
13.44918000000181,1.101639999996344
13.450850000001811,1.0982999999963425
13.452520000001812,1.094959999996341
13.454190000001812,1.0916199999963396
13.455860000001813,1.0882799999963382
13.457530000001814,1.0849399999963367
13.459200000001815,1.0815999999963353
13.460870000001815,1.0782599999963338
13.462540000001816,1.0749199999963324
13.464210000001817,1.071579999996331
13.465880000001818,1.0682399999963295
13.467550000001818,1.064899999996328
13.469220000001819,1.0615599999963266
13.47089000000182,1.058219999996325
13.47256000000182,1.0548799999963236
13.474230000001821,1.0515399999963222
13.475900000001822,1.0481999999963207
13.477570000001823,1.0448599999963193
13.479240000001823,1.0415199999963178
13.480910000001824,1.0381799999963164
13.482580000001825,1.034839999996315
13.484250000001825,1.0314999999963135
13.485920000001826,1.028159999996312
13.487590000001827,1.0248199999963106
13.489260000001828,1.0214799999963091
13.490930000001828,1.0181399999963077
13.49260000000183,1.0147999999963062
13.49427000000183,1.0114599999963048
13.49594000000183,1.0081199999963033
13.497610000001831,1.0047799999963019
13.499280000001832,1.0014399999963004
13.500950000001833,0.9995249999990747
13.502620000001833,0.9986899999990762
13.504290000001834,0.997854999999074
13.505960000001835,0.9970199999990754
13.507630000001836,0.9961849999990733
13.509300000001836,0.9953499999990747
13.510970000001837,0.9945149999990726
13.512640000001838,0.993679999999074
13.514310000001839,0.9928449999990718
13.51598000000184,0.9920099999990732
13.51765000000184,0.9911749999990711
13.51932000000184,0.9903399999990725
13.520990000001841,0.9895049999990704
13.522660000001842,0.9886699999990718
13.524330000001843,0.9878349999990697
13.526000000001844,0.9869999999990711
13.527670000001844,0.9861649999990689
13.529340000001845,0.9853299999990703
13.531010000001846,0.9844949999990682
13.532680000001847,0.9836599999990696
13.534350000001847,0.9828249999990675
13.536020000001848,0.9819899999990689
13.537690000001849,0.9811549999990667
13.53936000000185,0.9803199999990682
13.54103000000185,0.979484999999066
13.542700000001851,0.9786499999990674
13.544370000001852,0.9778149999990653
13.546040000001852,0.9769799999990667
13.547710000001853,0.9761449999990646
13.549380000001854,0.975309999999066
13.551050000001855,0.9744749999990638
13.552720000001855,0.9736399999990653
13.554390000001856,0.9728049999990631
13.556060000001857,0.9719699999990645
13.557730000001857,0.9711349999990624
13.559400000001858,0.9702999999990638
13.561070000001859,0.9694649999990617
13.56274000000186,0.9686299999990631
13.56441000000186,0.9677949999990609
13.566080000001861,0.9669599999990623
13.567750000001862,0.9661249999990602
13.569420000001863,0.9652899999990616
13.571090000001863,0.9644549999990595
13.572760000001864,0.9636199999990609
13.574430000001865,0.9627849999990588
13.576100000001865,0.9619499999990602
13.577770000001866,0.961114999999058
13.579440000001867,0.9602799999990594
13.581110000001868,0.9594449999990573
13.582780000001868,0.9586099999990587
13.584450000001869,0.9577749999990566
13.58612000000187,0.956939999999058
13.58779000000187,0.9561049999990558
13.589460000001871,0.9552699999990573
13.591130000001872,0.9544349999990551
13.592800000001873,0.9535999999990565
13.594470000001873,0.9527649999990544
13.596140000001874,0.9519299999990558
13.597810000001875,0.9510949999990537
13.599480000001876,0.9502599999990551
13.601150000001876,0.9494249999990529
13.602820000001877,0.9485899999990544
13.604490000001878,0.9477549999990522
13.606160000001879,0.9469199999990536
13.60783000000188,0.9460849999990515
13.60950000000188,0.9452499999990529
13.61117000000188,0.9444149999990508
13.612840000001881,0.9435799999990522
13.614510000001882,0.94274499999905
13.616180000001883,0.9419099999990515
13.617850000001884,0.9410749999990493
13.619520000001884,0.9402399999990507
13.621190000001885,0.9394049999990486
13.622860000001886,0.93856999999905
13.624530000001887,0.9377349999990479
13.626200000001887,0.9368999999990493
13.627870000001888,0.9360649999990471
13.629540000001889,0.9352299999990485
13.63121000000189,0.9343949999990464
13.63288000000189,0.9335599999990478
13.63455000000189,0.9327249999990457
13.636220000001892,0.9318899999990471
13.637890000001892,0.931054999999045
13.639560000001893,0.9302199999990464
13.641230000001894,0.9293849999990442
13.642900000001895,0.9285499999990456
13.644570000001895,0.9277149999990435
13.646240000001896,0.9268799999990449
13.647910000001897,0.9260449999990428
13.649580000001897,0.9252099999990442
13.651250000001898,0.924374999999042
13.652920000001899,0.9235399999990435
13.6545900000019,0.9227049999990413
13.6562600000019,0.9218699999990427
13.657930000001901,0.9210349999990406
13.659600000001902,0.920199999999042
13.661270000001903,0.9193649999990399
13.662940000001903,0.9185299999990413
13.664610000001904,0.9176949999990391
13.666280000001905,0.9168599999990406
13.667950000001905,0.9160249999990384
13.669620000001906,0.9151899999990398
13.671290000001907,0.9143549999990377
13.672960000001908,0.9135199999990391
13.674630000001908,0.912684999999037
13.676300000001909,0.9118499999990384
13.67797000000191,0.9110149999990362
13.67964000000191,0.9101799999990376
13.681310000001911,0.9093449999990355
13.682980000001912,0.9085099999990369
13.684650000001913,0.9076749999990348
13.686320000001913,0.9068399999990362
13.687990000001914,0.906004999999034
13.689660000001915,0.9051699999990355
13.691330000001916,0.9043349999990333
13.693000000001916,0.9034999999990347
13.694670000001917,0.9026649999990326
13.696340000001918,0.901829999999034
13.698010000001918,0.9009949999990319
13.69968000000192,0.9001599999990333
13.70135000000192,0.8993249999990311
13.70302000000192,0.8984899999990326
13.704690000001921,0.8976549999990304
13.706360000001922,0.8968199999990318
13.708030000001923,0.8959849999990297
13.709700000001924,0.8951499999990311
13.711370000001924,0.894314999999029
13.713040000001925,0.8934799999990304
13.714710000001926,0.8926449999990282
13.716380000001926,0.8918099999990297
13.718050000001927,0.8909749999990275
13.719720000001928,0.8901399999990289
13.721390000001929,0.8893049999990268
13.72306000000193,0.8884699999990282
13.72473000000193,0.8876349999990261
13.72640000000193,0.8867999999990275
13.728070000001932,0.8859649999990253
13.729740000001932,0.8851299999990268
13.731410000001933,0.8842949999990246
13.733080000001934,0.883459999999026
13.734750000001934,0.8826249999990239
13.736420000001935,0.8817899999990253
13.738090000001936,0.8809549999990232
13.739760000001937,0.8801199999990246
13.741430000001937,0.8792849999990224
13.743100000001938,0.8784499999990238
13.744770000001939,0.8776149999990217
13.74644000000194,0.8767799999990231
13.74811000000194,0.875944999999021
13.749780000001941,0.8751099999990224
13.751450000001942,0.8742749999990185
13.753120000001942,0.8734399999990199
13.754790000001943,0.8726049999990177
13.756460000001944,0.8717699999990192
13.758130000001945,0.870934999999017
13.759800000001945,0.8700999999990184
13.761470000001946,0.8692649999990163
13.763140000001947,0.8684299999990177
13.764810000001948,0.8675949999990156
13.766480000001948,0.866759999999017
13.768150000001949,0.8659249999990148
13.76982000000195,0.8650899999990163
13.77149000000195,0.8642549999990141
13.773160000001951,0.8634199999990155
13.774830000001952,0.8625849999990134
13.776500000001953,0.8617499999990148
13.778170000001953,0.8609149999990127
13.779840000001954,0.8600799999990141
13.781510000001955,0.8592449999990119
13.783180000001956,0.8584099999990134
13.784850000001956,0.8575749999990112
13.786520000001957,0.8567399999990126
13.788190000001958,0.8559049999990105
13.789860000001958,0.8550699999990119
13.79153000000196,0.8542349999990098
13.79320000000196,0.8533999999990112
13.79487000000196,0.852564999999009
13.796540000001961,0.8517299999990104
13.798210000001962,0.8508949999990083
13.799880000001963,0.8500599999990097
13.801550000001964,0.8492249999990076
13.803220000001964,0.848389999999009
13.804890000001965,0.8475549999990069
13.806560000001966,0.8467199999990083
13.808230000001966,0.8458849999990061
13.809900000001967,0.8450499999990075
13.811570000001968,0.8442149999990054
13.813240000001969,0.8433799999990068
13.81491000000197,0.8425449999990047
13.81658000000197,0.8417099999990061
13.81825000000197,0.840874999999004
13.819920000001972,0.8400399999990054
13.821590000001972,0.8392049999990032
13.823260000001973,0.8383699999990046
13.824930000001974,0.8375349999990025
13.826600000001974,0.8366999999990039
13.828270000001975,0.8358649999990018
13.829940000001976,0.8350299999990032
13.831610000001977,0.834194999999001
13.833280000001977,0.8333599999990025
13.834950000001978,0.8325249999990003
13.836620000001979,0.8316899999990017
13.83829000000198,0.8308549999989996
13.83996000000198,0.830019999999001
13.841630000001981,0.8291849999989989
13.843300000001982,0.8283499999990003
13.844970000001982,0.8275149999989981
13.846640000001983,0.8266799999989995
13.848310000001984,0.8258449999989974
13.849980000001985,0.8250099999989988
13.851650000001985,0.8241749999989967
13.853320000001986,0.8233399999989981
13.854990000001987,0.822504999998996
13.856660000001987,0.8216699999989974
13.858330000001988,0.8208349999989952
13.860000000001989,0.8199999999989966
13.86167000000199,0.8191649999989945
13.86334000000199,0.8183299999989959
13.865010000001991,0.8174949999989938
13.866680000001992,0.8166599999989952
13.868350000001993,0.815824999998993
13.870020000001993,0.8149899999989945
13.871690000001994,0.8141549999989923
13.873360000001995,0.8133199999989937
13.875030000001995,0.8124849999989916
13.876700000001996,0.811649999998993
13.878370000001997,0.8108149999989909
13.880040000001998,0.8099799999989923
13.881710000001998,0.8091449999989901
13.883380000002,0.8083099999989916
13.885050000002,0.8074749999989894
13.886720000002,0.8066399999989908
13.888390000002001,0.8058049999989887
13.890060000002002,0.8049699999989901
13.891730000002003,0.804134999998988
13.893400000002003,0.8032999999989894
13.895070000002004,0.8024649999989872
13.896740000002005,0.8016299999989887
13.898410000002006,0.8007949999989865
13.900080000002006,0.7999599999989879
13.901750000002007,0.7991249999989876
13.903420000002008,0.7982899999989872
13.905090000002009,0.7974549999989868
13.90676000000201,0.7966199999989865
13.90843000000201,0.7957849999989861
13.91010000000201,0.7949499999989857
13.911770000002011,0.7941149999989854
13.913440000002012,0.793279999998985
13.915110000002013,0.7924449999989847
13.916780000002014,0.7916099999989843
13.918450000002014,0.7907749999989839
13.920120000002015,0.7899399999989836
13.921790000002016,0.7891049999989832
13.923460000002017,0.7882699999989828
13.925130000002017,0.7874349999989825
13.926800000002018,0.7865999999989821
13.928470000002019,0.7857649999989818
13.93014000000202,0.7849299999989814
13.93181000000202,0.784094999998981
13.933480000002021,0.7832599999989807
13.935150000002022,0.7824249999989803
13.936820000002022,0.7815899999989799
13.938490000002023,0.7807549999989796
13.940160000002024,0.7799199999989792
13.941830000002025,0.7790849999989788
13.943500000002025,0.7782499999989785
13.945170000002026,0.7774149999989781
13.946840000002027,0.7765799999989778
13.948510000002027,0.7757449999989774
13.950180000002028,0.774909999998977
13.951850000002029,0.7740749999989767
13.95352000000203,0.7732399999989763
13.95519000000203,0.7724049999989759
13.956860000002031,0.7715699999989756
13.958530000002032,0.7707349999989752
13.960200000002033,0.7698999999989748
13.961870000002033,0.7690649999989745
13.963540000002034,0.7682299999989741
13.965210000002035,0.7673949999989738
13.966880000002035,0.7665599999989734
13.968550000002036,0.765724999998973
13.970220000002037,0.7648899999989727
13.971890000002038,0.7640549999989723
13.973560000002038,0.7632199999989719
13.975230000002039,0.7623849999989716
13.97690000000204,0.7615499999989712
13.97857000000204,0.7607149999989709
13.980240000002041,0.7598799999989705
13.981910000002042,0.7590449999989701
13.983580000002043,0.7582099999989698
13.985250000002043,0.7573749999989694
13.986920000002044,0.756539999998969
13.988590000002045,0.7557049999989687
13.990260000002046,0.7548699999989683
13.991930000002046,0.754034999998968
13.993600000002047,0.7531999999989676
13.995270000002048,0.7523649999989672
13.996940000002049,0.7515299999989669
13.99861000000205,0.7506949999989665
14.00028000000205,0.7498599999989661
14.00195000000205,0.7490249999989658
14.003620000002051,0.7481899999989654
14.005290000002052,0.747354999998965
14.006960000002053,0.7465199999989647
14.008630000002054,0.7456849999989643
14.010300000002054,0.744849999998964
14.011970000002055,0.7440149999989636
14.013640000002056,0.7431799999989632
14.015310000002057,0.7423449999989629
14.016980000002057,0.7415099999989625
14.018650000002058,0.7406749999989621
14.020320000002059,0.7398399999989618
14.02199000000206,0.7390049999989614
14.02366000000206,0.738169999998961
14.02533000000206,0.7373349999989607
14.027000000002062,0.7364999999989603
14.028670000002062,0.73566499999896
14.030340000002063,0.7348299999989596
14.032010000002064,0.7339949999989592
14.033680000002065,0.7331599999989589
14.035350000002065,0.7323249999989585
14.037020000002066,0.7314899999989581
14.038690000002067,0.7306549999989578
14.040360000002067,0.7298199999989574
14.042030000002068,0.728984999998957
14.043700000002069,0.7281499999989567
14.04537000000207,0.7273149999989563
14.04704000000207,0.726479999998956
14.048710000002071,0.7256449999989556
14.050380000002072,0.7248099999989552
14.052050000002072,0.7239749999989549
14.053720000002073,0.7231399999989545
14.055390000002074,0.7223049999989541
14.057060000002075,0.7214699999989538
14.058730000002075,0.7206349999989534
14.060400000002076,0.719799999998953
14.062070000002077,0.7189649999989527
14.063740000002078,0.7181299999989523
14.065410000002078,0.717294999998952
14.067080000002079,0.7164599999989516
14.06875000000208,0.7156249999989512
14.07042000000208,0.7147899999989509
14.072090000002081,0.7139549999989505
14.073760000002082,0.7131199999989501
14.075430000002083,0.7122849999989498
14.077100000002083,0.7114499999989494
14.078770000002084,0.7106149999989491
14.080440000002085,0.7097799999989487
14.082110000002086,0.7089449999989483
14.083780000002086,0.708109999998948
14.085450000002087,0.7072749999989476
14.087120000002088,0.7064399999989472
14.088790000002088,0.7056049999989469
14.09046000000209,0.7047699999989465
14.09213000000209,0.7039349999989462
14.09380000000209,0.7030999999989458
14.095470000002091,0.7022649999989454
14.097140000002092,0.7014299999989451
14.098810000002093,0.7005949999989447
14.100480000002094,0.6997599999989443
14.102150000002094,0.6989249999989458
14.103820000002095,0.6980899999989436
14.105490000002096,0.697254999998945
14.107160000002096,0.6964199999989429
14.108830000002097,0.6955849999989443
14.110500000002098,0.6947499999989422
14.112170000002099,0.6939149999989436
14.1138400000021,0.6930799999989414
14.1155100000021,0.6922449999989428
14.1171800000021,0.6914099999989407
14.118850000002102,0.6905749999989421
14.120520000002102,0.68973999999894
14.122190000002103,0.6889049999989414
14.123860000002104,0.6880699999989393
14.125530000002104,0.6872349999989407
14.127200000002105,0.6863999999989385
14.128870000002106,0.6855649999989399
14.130540000002107,0.6847299999989378
14.132210000002107,0.6838949999989392
14.133880000002108,0.6830599999989371
14.135550000002109,0.6822249999989385
14.13722000000211,0.6813899999989363
14.13889000000211,0.6805549999989378
14.140560000002111,0.6797199999989356
14.142230000002112,0.678884999998937
14.143900000002112,0.6780499999989349
14.145570000002113,0.6772149999989363
14.147240000002114,0.6763799999989342
14.148910000002115,0.6755449999989356
14.150580000002115,0.6747099999989334
14.152250000002116,0.6738749999989349
14.153920000002117,0.6730399999989327
14.155590000002118,0.6722049999989341
14.157260000002118,0.671369999998932
14.158930000002119,0.6705349999989334
14.16060000000212,0.6696999999989313
14.16227000000212,0.6688649999989327
14.163940000002121,0.6680299999989305
14.165610000002122,0.667194999998932
14.167280000002123,0.6663599999989298
14.168950000002123,0.6655249999989312
14.170620000002124,0.6646899999989291
14.172290000002125,0.6638549999989305
14.173960000002126,0.6630199999989284
14.175630000002126,0.6621849999989298
14.177300000002127,0.6613499999989276
14.178970000002128,0.660514999998929
14.180640000002128,0.6596799999989269
14.18231000000213,0.6588449999989283
14.18398000000213,0.6580099999989262
14.18565000000213,0.6571749999989276
14.187320000002131,0.6563399999989254
14.188990000002132,0.6555049999989269
14.190660000002133,0.6546699999989247
14.192330000002134,0.6538349999989261
14.194000000002134,0.652999999998924
14.195670000002135,0.6521649999989254
14.197340000002136,0.6513299999989233
14.199010000002136,0.6504949999989247
14.200680000002137,0.6496599999989225
14.202350000002138,0.648824999998924
14.204020000002139,0.6479899999989218
14.20569000000214,0.6471549999989232
14.20736000000214,0.6463199999989211
14.20903000000214,0.6454849999989225
14.210700000002142,0.6446499999989204
14.212370000002142,0.6438149999989218
14.214040000002143,0.6429799999989196
14.215710000002144,0.642144999998921
14.217380000002144,0.6413099999989189
14.219050000002145,0.6404749999989203
14.220720000002146,0.6396399999989182
14.222390000002147,0.6388049999989196
14.224060000002147,0.6379699999989175
14.225730000002148,0.6371349999989189
14.227400000002149,0.6362999999989167
14.22907000000215,0.6354649999989181
14.23074000000215,0.634629999998916
14.232410000002151,0.6337949999989174
14.234080000002152,0.6329599999989153
14.235750000002152,0.6321249999989167
14.237420000002153,0.6312899999989146
14.239090000002154,0.630454999998916
14.240760000002155,0.6296199999989138
14.242430000002155,0.6287849999989152
14.244100000002156,0.6279499999989131
14.245770000002157,0.6271149999989145
14.247440000002157,0.6262799999989124
14.249110000002158,0.6254449999989138
14.250780000002159,0.6246099999989099
14.25245000000216,0.6237749999989113
14.25412000000216,0.6229399999989091
14.255790000002161,0.6221049999989106
14.257460000002162,0.6212699999989084
14.259130000002163,0.6204349999989098
14.260800000002163,0.6195999999989077
14.262470000002164,0.6187649999989091
14.264140000002165,0.617929999998907
14.265810000002165,0.6170949999989084
14.267480000002166,0.6162599999989062
14.269150000002167,0.6154249999989077
14.270820000002168,0.6145899999989055
14.272490000002168,0.6137549999989069
14.27416000000217,0.6129199999989048
14.27583000000217,0.6120849999989062
14.27750000000217,0.6112499999989041
14.279170000002171,0.6104149999989055
14.280840000002172,0.6095799999989033
14.282510000002173,0.6087449999989047
14.284180000002173,0.6079099999989026
14.285850000002174,0.607074999998904
14.287520000002175,0.6062399999989019
14.289190000002176,0.6054049999989033
14.290860000002176,0.6045699999989012
14.292530000002177,0.6037349999989026
14.294200000002178,0.6028999999989004
14.295870000002179,0.6020649999989018
14.29754000000218,0.6012299999988997
14.29921000000218,0.6003949999989011
14.30088000000218,0.599559999998899
14.302550000002181,0.5987249999989004
14.304220000002182,0.5978899999988982
14.305890000002183,0.5970549999988997
14.307560000002184,0.5962199999988975
14.309230000002184,0.5953849999988989
14.310900000002185,0.5945499999988968
14.312570000002186,0.5937149999988982
14.314240000002187,0.5928799999988961
14.315910000002187,0.5920449999988975
14.317580000002188,0.5912099999988953
14.319250000002189,0.5903749999988968
14.32092000000219,0.5895399999988946
14.32259000000219,0.588704999998896
14.324260000002191,0.5878699999988939
14.325930000002192,0.5870349999988953
14.327600000002192,0.5861999999988932
14.329270000002193,0.5853649999988946
14.330940000002194,0.5845299999988924
14.332610000002195,0.5836949999988938
14.334280000002195,0.5828599999988917
14.335950000002196,0.5820249999988931
14.337620000002197,0.581189999998891
14.339290000002197,0.5803549999988924
14.340960000002198,0.5795199999988903
14.342630000002199,0.5786849999988917
14.3443000000022,0.5778499999988895
14.3459700000022,0.5770149999988909
14.347640000002201,0.5761799999988888
14.349310000002202,0.5753449999988902
14.350980000002203,0.5745099999988881
14.352650000002203,0.5736749999988895
14.354320000002204,0.5728399999988874
14.355990000002205,0.5720049999988888
14.357660000002205,0.5711699999988866
14.359330000002206,0.570334999998888
14.361000000002207,0.5694999999988859
14.362670000002208,0.5686649999988873
14.364340000002208,0.5678299999988852
14.366010000002209,0.5669949999988866
14.36768000000221,0.5661599999988844
14.36935000000221,0.5653249999988859
14.371020000002211,0.5644899999988837
14.372690000002212,0.5636549999988851
14.374360000002213,0.562819999998883
14.376030000002213,0.5619849999988844
14.377700000002214,0.5611499999988823
14.379370000002215,0.5603149999988837
14.381040000002216,0.5594799999988815
14.382710000002216,0.558644999998883
14.384380000002217,0.5578099999988808
14.386050000002218,0.5569749999988822
14.387720000002219,0.5561399999988801
14.38939000000222,0.5553049999988815
14.39106000000222,0.5544699999988794
14.39273000000222,0.5536349999988808
14.394400000002221,0.5527999999988786
14.396070000002222,0.55196499999888
14.397740000002223,0.5511299999988779
14.399410000002224,0.5502949999988793
14.401080000002224,0.5494599999988772
14.402750000002225,0.5486249999988786
14.404420000002226,0.5477899999988765
14.406090000002227,0.5469549999988779
14.407760000002227,0.5461199999988757
14.409430000002228,0.5452849999988771
14.411100000002229,0.544449999998875
14.41277000000223,0.5436149999988764
14.41444000000223,0.5427799999988743
14.41611000000223,0.5419449999988757
14.417780000002232,0.5411099999988735
14.419450000002232,0.540274999998875
14.421120000002233,0.5394399999988728
14.422790000002234,0.5386049999988742
14.424460000002234,0.5377699999988721
14.426130000002235,0.5369349999988735
14.427800000002236,0.5360999999988714
14.429470000002237,0.5352649999988728
14.431140000002237,0.5344299999988706
14.432810000002238,0.533594999998872
14.434480000002239,0.5327599999988699
14.43615000000224,0.5319249999988713
14.43782000000224,0.5310899999988692
14.439490000002241,0.5302549999988706
14.441160000002242,0.5294199999988685
14.442830000002242,0.5285849999988699
14.444500000002243,0.5277499999988677
14.446170000002244,0.5269149999988691
14.447840000002245,0.526079999998867
14.449510000002245,0.5252449999988684
14.451180000002246,0.5244099999988663
14.452850000002247,0.5235749999988677
14.454520000002248,0.5227399999988656
14.456190000002248,0.521904999998867
14.457860000002249,0.5210699999988648
14.45953000000225,0.5202349999988662
14.46120000000225,0.5193999999988641
14.462870000002251,0.5185649999988655
14.464540000002252,0.5177299999988634
14.466210000002253,0.5168949999988648
14.467880000002253,0.5160599999988627
14.469550000002254,0.5152249999988641
14.471220000002255,0.5143899999988619
14.472890000002256,0.5135549999988633
14.474560000002256,0.5127199999988612
14.476230000002257,0.5118849999988626
14.477900000002258,0.5110499999988605
14.479570000002258,0.5102149999988619
14.48124000000226,0.5093799999988597
14.48291000000226,0.5085449999988612
14.48458000000226,0.507709999998859
14.486250000002261,0.5068749999988604
14.487920000002262,0.5060399999988583
14.489590000002263,0.5052049999988597
14.491260000002264,0.5043699999988576
14.492930000002264,0.503534999998859
14.494600000002265,0.5026999999988568
14.496270000002266,0.5018649999988583
14.497940000002266,0.5010299999988561
14.499610000002267,0.5001949999988575
14.501280000002268,0.49961599999931217
14.502950000002269,0.4991149999993141
14.50462000000227,0.49861399999931244
14.50629000000227,0.49811299999931435
14.50796000000227,0.49761199999931094
14.509630000002272,0.49711099999931285
14.511300000002272,0.4966099999993112
14.512970000002273,0.4961089999993131
14.514640000002274,0.4956079999993115
14.516310000002274,0.4951069999993116
14.517980000002275,0.49460599999931
14.519650000002276,0.4941049999993119
14.521320000002277,0.49360399999931026
14.522990000002277,0.4931029999993122
14.524660000002278,0.49260199999930876
14.526330000002279,0.4921009999993107
14.52800000000228,0.49159999999930903
14.52967000000228,0.49109899999931095
14.531340000002281,0.4905979999993093
14.533010000002282,0.49009699999930945
14.534680000002282,0.4895959999993078
14.536350000002283,0.4890949999993097
14.538020000002284,0.4885939999993081
14.539690000002285,0.48809299999931
14.541360000002285,0.4875919999993066
14.543030000002286,0.4870909999993085
14.544700000002287,0.48658999999930685
14.546370000002288,0.48608899999930877
14.548040000002288,0.48558799999930713
14.549710000002289,0.48508699999930727
14.55138000000229,0.4845859999993056
14.55305000000229,0.48408499999930754
14.554720000002291,0.4835839999993059
14.556390000002292,0.4830829999993078
14.558060000002293,0.4825819999993044
14.559730000002293,0.4820809999993063
14.561400000002294,0.4815799999993047
14.563070000002295,0.4810789999993066
14.564740000002296,0.48057799999930495
14.566410000002296,0.4800769999993051
14.568080000002297,0.47957599999930345
14.569750000002298,0.47907499999930536
14.571420000002298,0.4785739999993037
14.5730900000023,0.47807299999930564
14.5747600000023,0.4775719999993022
14.5764300000023,0.47707099999930414
14.578100000002301,0.4765699999993025
14.579770000002302,0.4760689999993044
14.581440000002303,0.47556799999930277
14.583110000002304,0.4750669999993029
14.584780000002304,0.47456599999930127
14.586450000002305,0.4740649999993032
14.588120000002306,0.47356399999930154
14.589790000002306,0.47306299999930346
14.591460000002307,0.47256199999930004
14.593130000002308,0.47206099999930196
14.594800000002309,0.4715599999993003
14.59647000000231,0.47105899999930223
14.59814000000231,0.4705579999993006
14.59981000000231,0.47005699999930073
14.601480000002311,0.4695559999992991
14.603150000002312,0.469054999999301
14.604820000002313,0.46855399999929936
14.606490000002314,0.4680529999993013
14.608160000002314,0.46755199999929786
14.609830000002315,0.4670509999992998
14.611500000002316,0.46654999999929814
14.613170000002317,0.46604899999930005
14.614840000002317,0.4655479999992984
14.616510000002318,0.46504699999929855
14.618180000002319,0.4645459999992969
14.61985000000232,0.4640449999992988
14.62152000000232,0.4635439999992972
14.623190000002321,0.4630429999992991
14.624860000002322,0.4625419999992957
14.626530000002322,0.4620409999992976
14.628200000002323,0.46153999999929596
14.629870000002324,0.46103899999929787
14.631540000002325,0.46053799999929623
14.633210000002325,0.46003699999929637
14.634880000002326,0.45953599999929473
14.636550000002327,0.45903499999929664
14.638220000002327,0.458533999999295
14.639890000002328,0.4580329999992969
14.641560000002329,0.4575319999992935
14.64323000000233,0.4570309999992954
14.64490000000233,0.4565299999992938
14.646570000002331,0.4560289999992957
14.648240000002332,0.45552799999929405
14.649910000002333,0.4550269999992942
14.651580000002333,0.45452599999929255
14.653250000002334,0.45402499999929447
14.654920000002335,0.4535239999992928
14.656590000002335,0.45302299999929474
14.658260000002336,0.4525219999992913
14.659930000002337,0.45202099999929324
14.661600000002338,0.4515199999992916
14.663270000002338,0.4510189999992935
14.664940000002339,0.4505179999992919
14.66661000000234,0.450016999999292
14.66828000000234,0.44951599999929037
14.669950000002341,0.4490149999992923
14.671620000002342,0.44851399999929065
14.673290000002343,0.44801299999929256
14.674960000002343,0.44751199999928915
14.676630000002344,0.44701099999929106
14.678300000002345,0.4465099999992894
14.679970000002346,0.44600899999929133
14.681640000002346,0.4455079999992897
14.683310000002347,0.44500699999928983
14.684980000002348,0.4445059999992882
14.686650000002349,0.4440049999992901
14.68832000000235,0.44350399999928847
14.68999000000235,0.4430029999992904
14.69166000000235,0.44250199999928697
14.693330000002351,0.4420009999992889
14.695000000002352,0.44149999999928724
14.696670000002353,0.44099899999928915
14.698340000002354,0.4404979999992875
14.700010000002354,0.43999699999928765
14.701680000002355,0.439495999999286
14.703350000002356,0.4389949999992879
14.705020000002357,0.4384939999992863
14.706690000002357,0.4379929999992882
14.708360000002358,0.4374919999992848
14.710030000002359,0.4369909999992867
14.71170000000236,0.43648999999928506
14.71337000000236,0.435988999999287
14.715040000002361,0.43548799999928534
14.716710000002362,0.4349869999992855
14.718380000002362,0.43448599999928383
14.720050000002363,0.43398499999928575
14.721720000002364,0.4334839999992841
14.723390000002365,0.432982999999286
14.725060000002365,0.4324819999992826
14.726730000002366,0.4319809999992845
14.728400000002367,0.4314799999992829
14.730070000002367,0.4309789999992848
14.731740000002368,0.43047799999928316
14.733410000002369,0.4299769999992833
14.73508000000237,0.42947599999928165
14.73675000000237,0.42897499999928357
14.738420000002371,0.42847399999928193
14.740090000002372,0.42797299999928384
14.741760000002373,0.4274719999992804
14.743430000002373,0.42697099999928234
14.745100000002374,0.4264699999992807
14.746770000002375,0.4259689999992826
14.748440000002375,0.425467999999281
14.750110000002376,0.4249669999992811
14.751780000002377,0.4244659999992795
14.753450000002378,0.4239649999992814
14.755120000002378,0.42346399999927975
14.756790000002379,0.4229629999992799
14.75846000000238,0.42246199999927825
14.76013000000238,0.42196099999928016
14.761800000002381,0.4214599999992785
14.763470000002382,0.42095899999928044
14.765140000002383,0.420457999999277
14.766810000002383,0.41995699999927893
14.768480000002384,0.4194559999992773
14.770150000002385,0.4189549999992792
14.771820000002386,0.41845399999927757
14.773490000002386,0.4179529999992777
14.775160000002387,0.41745199999927607
14.776830000002388,0.416950999999278
14.778500000002389,0.41644999999927634
14.78017000000239,0.41594899999927826
14.78184000000239,0.41544799999927484
14.78351000000239,0.41494699999927676
14.785180000002391,0.4144459999992751
14.786850000002392,0.41394499999927703
14.788520000002393,0.4134439999992754
14.790190000002394,0.41294299999927553
14.791860000002394,0.4124419999992739
14.793530000002395,0.4119409999992758
14.795200000002396,0.41143999999927416
14.796870000002396,0.4109389999992761
14.798540000002397,0.41043799999927266
14.800210000002398,0.4099369999992746
14.801880000002399,0.40943599999927294
14.8035500000024,0.40893499999927485
14.8052200000024,0.4084339999992732
14.8068900000024,0.40793299999927335
14.808560000002402,0.4074319999992717
14.810230000002402,0.4069309999992736
14.811900000002403,0.406429999999272
14.813570000002404,0.4059289999992739
14.815240000002404,0.4054279999992705
14.816910000002405,0.4049269999992724
14.818580000002406,0.40442599999927076
14.820250000002407,0.40392499999927267
14.821920000002407,0.40342399999927103
14.823590000002408,0.40292299999927117
14.825260000002409,0.40242199999926953
14.82693000000241,0.40192099999927144
14.82860000000241,0.4014199999992698
14.830270000002411,0.4009189999992717
14.831940000002412,0.4004179999992683
14.833610000002412,0.3999169999992702
14.835280000002413,0.3994159999992686
14.836950000002414,0.3989149999992705
14.838620000002415,0.39841399999926885
14.840290000002415,0.397912999999269
14.841960000002416,0.39741199999926735
14.843630000002417,0.39691099999926927
14.845300000002418,0.3964099999992676
14.846970000002418,0.39590899999926954
14.848640000002419,0.3954079999992661
14.85031000000242,0.39490699999926804
14.85198000000242,0.3944059999992664
14.853650000002421,0.3939049999992683
14.855320000002422,0.3934039999992667
14.856990000002423,0.3929029999992668
14.858660000002423,0.39240199999926517
14.860330000002424,0.3919009999992671
14.862000000002425,0.39139999999926545
14.863670000002426,0.39089899999926736
14.865340000002426,0.39039799999926394
14.867010000002427,0.38989699999926586
14.868680000002428,0.3893959999992642
14.870350000002428,0.38889499999926613
14.87202000000243,0.3883939999992645
14.87369000000243,0.38789299999926463
14.87536000000243,0.387391999999263
14.877030000002431,0.3868909999992649
14.878700000002432,0.38638999999926327
14.880370000002433,0.3858889999992652
14.882040000002434,0.38538799999926177
14.883710000002434,0.3848869999992637
14.885380000002435,0.38438599999926204
14.887050000002436,0.38388499999926395
14.888720000002436,0.3833839999992623
14.890390000002437,0.38288299999926245
14.892060000002438,0.3823819999992608
14.893730000002439,0.3818809999992627
14.89540000000244,0.3813799999992611
14.89707000000244,0.380878999999263
14.89874000000244,0.3803779999992596
14.900410000002442,0.3798769999992597
14.902080000002442,0.37937599999925986
14.903750000002443,0.37887499999926
14.905420000002444,0.37837399999926014
14.907090000002444,0.3778729999992585
14.908760000002445,0.37737199999925863
14.910430000002446,0.37687099999925877
14.912100000002447,0.3763699999992589
14.913770000002447,0.37586899999925905
14.915440000002448,0.3753679999992574
14.917110000002449,0.37486699999925754
14.91878000000245,0.3743659999992577
14.92045000000245,0.3738649999992578
14.922120000002451,0.37336399999925796
14.923790000002452,0.3728629999992563
14.925460000002452,0.37236199999925645
14.927130000002453,0.3718609999992566
14.928800000002454,0.37135999999925673
14.930470000002455,0.37085899999925687
14.932140000002455,0.3703579999992552
14.933810000002456,0.36985699999925536
14.935480000002457,0.3693559999992555
14.937150000002458,0.36885499999925564
14.938820000002458,0.3683539999992558
14.940490000002459,0.36785299999925414
14.94216000000246,0.3673519999992543
14.94383000000246,0.3668509999992544
14.945500000002461,0.36634999999925455
14.947170000002462,0.3658489999992547
14.948840000002463,0.36534799999925305
14.950510000002463,0.3648469999992532
14.952180000002464,0.3643459999992533
14.953850000002465,0.36384499999925346
14.955520000002466,0.3633439999992536
14.957190000002466,0.36284299999925196
14.958860000002467,0.3623419999992521
14.960530000002468,0.36184099999925223
14.962200000002468,0.36133999999925237
14.96387000000247,0.3608389999992525
14.96554000000247,0.36033799999925087
14.96721000000247,0.359836999999251
14.968880000002471,0.35933599999925114
14.970550000002472,0.3588349999992513
14.972220000002473,0.3583339999992514
14.973890000002473,0.3578329999992498
14.975560000002474,0.3573319999992499
14.977230000002475,0.35683099999925005
14.978900000002476,0.3563299999992502
14.980570000002476,0.35582899999925033
14.982240000002477,0.3553279999992487
14.983910000002478,0.3548269999992488
14.985580000002479,0.35432599999924896
14.98725000000248,0.3538249999992491
14.98892000000248,0.35332399999924924
14.99059000000248,0.3528229999992476
14.992260000002481,0.35232199999924774
14.993930000002482,0.3518209999992479
14.995600000002483,0.351319999999248
14.997270000002484,0.35081899999924815
14.998940000002484,0.3503179999992465
15.000610000002485,0.34981699999924665
15.002280000002486,0.3493159999992468
15.003950000002487,0.3488149999992469
15.005620000002487,0.34831399999924706
15.007290000002488,0.3478129999992454
15.008960000002489,0.34731199999924556
15.01063000000249,0.3468109999992457
15.01230000000249,0.34630999999924583
15.013970000002491,0.34580899999924597
15.015640000002492,0.34530799999924433
15.017310000002492,0.34480699999924447
15.018980000002493,0.3443059999992446
15.020650000002494,0.34380499999924474
15.022320000002495,0.3433039999992449
15.023990000002495,0.34280299999924324
15.025660000002496,0.3423019999992434
15.027330000002497,0.3418009999992435
15.029000000002497,0.34129999999924365
15.030670000002498,0.3407989999992438
15.032340000002499,0.34029799999924215
15.0340100000025,0.3397969999992423
15.0356800000025,0.3392959999992424
15.037350000002501,0.33879499999924256
15.039020000002502,0.3382939999992427
15.040690000002503,0.33779299999924106
15.042360000002503,0.3372919999992412
15.044030000002504,0.33679099999924134
15.045700000002505,0.3362899999992415
15.047370000002505,0.3357889999992416
15.049040000002506,0.33528799999923997
15.050710000002507,0.3347869999992401
15.052380000002508,0.33428599999924025
15.054050000002508,0.3337849999992404
15.055720000002509,0.3332839999992405
15.05739000000251,0.3327829999992389
15.05906000000251,0.332281999999239
15.060730000002511,0.33178099999923916
15.062400000002512,0.3312799999992393
15.064070000002513,0.33077899999923943
15.065740000002513,0.3302779999992378
15.067410000002514,0.32977699999923793
15.069080000002515,0.32927599999923807
15.070750000002516,0.3287749999992382
15.072420000002516,0.32827399999923834
15.074090000002517,0.3277729999992367
15.075760000002518,0.32727199999923684
15.077430000002519,0.326770999999237
15.07910000000252,0.3262699999992371
15.08077000000252,0.32576899999923725
15.08244000000252,0.3252679999992356
15.084110000002521,0.32476699999923575
15.085780000002522,0.3242659999992359
15.087450000002523,0.323764999999236
15.089120000002524,0.32326399999923616
15.090790000002524,0.3227629999992345
15.092460000002525,0.32226199999923466
15.094130000002526,0.3217609999992348
15.095800000002527,0.32125999999923494
15.097470000002527,0.3207589999992351
15.099140000002528,0.32025799999923343
15.100810000002529,0.3197569999992318
15.10248000000253,0.3192559999992337
15.10415000000253,0.31875499999923207
15.105820000002531,0.318253999999234
15.107490000002532,0.31775299999923057
15.109160000002532,0.3172519999992325
15.110830000002533,0.31675099999923084
15.112500000002534,0.31624999999923276
15.114170000002535,0.3157489999992311
15.115840000002535,0.31524799999923125
15.117510000002536,0.3147469999992296
15.119180000002537,0.31424599999923153
15.120850000002537,0.3137449999992299
15.122520000002538,0.3132439999992318
15.124190000002539,0.3127429999992284
15.12586000000254,0.3122419999992303
15.12753000000254,0.31174099999922866
15.129200000002541,0.3112399999992306
15.130870000002542,0.31073899999922894
15.132540000002543,0.3102379999992291
15.134210000002543,0.30973699999922744
15.135880000002544,0.30923599999922935
15.137550000002545,0.3087349999992277
15.139220000002545,0.3082339999992296
15.140890000002546,0.3077329999992262
15.142560000002547,0.3072319999992281
15.144230000002548,0.3067309999992265
15.145900000002548,0.3062299999992284
15.147570000002549,0.30572899999922676
15.14924000000255,0.3052279999992269
15.15091000000255,0.30472699999922526
15.152580000002551,0.30422599999922717
15.154250000002552,0.30372499999922553
15.155920000002553,0.30322399999922744
15.157590000002553,0.30272299999922403
15.159260000002554,0.30222199999922594
15.160930000002555,0.3017209999992243
15.162600000002556,0.3012199999992262
15.164270000002556,0.3007189999992246
15.165940000002557,0.3002179999992247
15.167610000002558,0.2997169999992231
15.169280000002558,0.299215999999225
15.17095000000256,0.29871499999922335
15.17262000000256,0.29821399999922527
15.17429000000256,0.29771299999922185
15.175960000002561,0.29721199999922376
15.177630000002562,0.2967109999992221
15.179300000002563,0.29620999999922404
15.180970000002564,0.2957089999992224
15.182640000002564,0.29520799999922254
15.184310000002565,0.2947069999992209
15.185980000002566,0.2942059999992228
15.187650000002566,0.2937049999992212
15.189320000002567,0.2932039999992231
15.190990000002568,0.29270299999921967
15.192660000002569,0.2922019999992216
15.19433000000257,0.29170099999921995
15.19600000000257,0.29119999999922186
15.19767000000257,0.2906989999992202
15.199340000002572,0.29019799999922036
15.201010000002572,0.2896969999992187
15.202680000002573,0.28919599999922063
15.204350000002574,0.288694999999219
15.206020000002574,0.2881939999992209
15.207690000002575,0.2876929999992175
15.209360000002576,0.2871919999992194
15.211030000002577,0.28669099999921777
15.212700000002577,0.2861899999992197
15.214370000002578,0.28568899999921804
15.216040000002579,0.2851879999992182
15.21771000000258,0.28468699999921654
15.21938000000258,0.28418599999921845
15.221050000002581,0.2836849999992168
15.222720000002582,0.2831839999992187
15.224390000002582,0.2826829999992153
15.226060000002583,0.2821819999992172
15.227730000002584,0.2816809999992156
15.229400000002585,0.2811799999992175
15.231070000002585,0.28067899999921586
15.232740000002586,0.280177999999216
15.234410000002587,0.27967699999921436
15.236080000002588,0.2791759999992163
15.237750000002588,0.27867499999921463
15.239420000002589,0.27817399999921655
15.24109000000259,0.27767299999921313
15.24276000000259,0.27717199999921505
15.244430000002591,0.2766709999992134
15.246100000002592,0.2761699999992153
15.247770000002593,0.2756689999992119
15.249440000002593,0.2751679999992138
15.251110000002594,0.2746669999992122
15.252780000002595,0.2741659999992141
15.254450000002596,0.27366499999921245
15.256120000002596,0.2731639999992126
15.257790000002597,0.27266299999921095
15.259460000002598,0.27216199999921287
15.261130000002598,0.27166099999921123
15.2628000000026,0.27115999999921314
15.2644700000026,0.2706589999992097
15.2661400000026,0.27015799999921164
15.267810000002601,0.26965699999921
15.269480000002602,0.2691559999992119
15.271150000002603,0.2686549999992103
15.272820000002604,0.2681539999992104
15.274490000002604,0.2676529999992088
15.276160000002605,0.2671519999992107
15.277830000002606,0.26665099999920905
15.279500000002606,0.26614999999921096
15.281170000002607,0.26564899999920755
15.282840000002608,0.26514799999920946
15.284510000002609,0.2646469999992078
15.28618000000261,0.26414599999920974
15.28785000000261,0.2636449999992081
15.28952000000261,0.26314399999920823
15.291190000002612,0.2626429999992066
15.292860000002612,0.2621419999992085
15.294530000002613,0.26164099999920687
15.296200000002614,0.2611399999992088
15.297870000002614,0.26063899999920537
15.299540000002615,0.2601379999992073
15.301210000002616,0.25963699999920564
15.302880000002617,0.25913599999920756
15.304550000002617,0.2586349999992059
15.306220000002618,0.25813399999920605
15.307890000002619,0.2576329999992044
15.30956000000262,0.25713199999920633
15.31123000000262,0.2566309999992047
15.312900000002621,0.2561299999992066
15.314570000002622,0.2556289999992032
15.316240000002622,0.2551279999992051
15.317910000002623,0.25462699999920346
15.319580000002624,0.2541259999992054
15.321250000002625,0.25362499999920374
15.322920000002625,0.2531239999992039
15.324590000002626,0.25262299999920224
15.326260000002627,0.25212199999920415
15.327930000002628,0.2516209999992025
15.329600000002628,0.2511199999992044
15.331270000002629,0.250618999999201
15.33294000000263,0.2501179999992029
15.33461000000263,0.24961699999920128
15.336280000002631,0.2491159999992032
15.337950000002632,0.24861499999920156
15.339620000002633,0.2481139999992017
15.341290000002633,0.24761299999920006
15.342960000002634,0.24711199999920197
15.344630000002635,0.24661099999920033
15.346300000002635,0.24610999999920224
15.347970000002636,0.24560899999919883
15.349640000002637,0.24510799999920074
15.351310000002638,0.2446069999991991
15.352980000002638,0.24410599999920102
15.35465000000264,0.24360499999919938
15.35632000000264,0.24310399999919952
15.35799000000264,0.24260299999919788
15.359660000002641,0.2421019999991998
15.361330000002642,0.24160099999919815
15.363000000002643,0.24109999999920007
15.364670000002643,0.24059899999919665
15.366340000002644,0.24009799999919856
15.368010000002645,0.23959699999919692
15.369680000002646,0.23909599999919884
15.371350000002646,0.2385949999991972
15.373020000002647,0.23809399999919734
15.374690000002648,0.2375929999991957
15.376360000002649,0.2370919999991976
15.37803000000265,0.23659099999919597
15.37970000000265,0.23608999999919789
15.38137000000265,0.23558899999919447
15.383040000002651,0.23508799999919638
15.384710000002652,0.23458699999919475
15.386380000002653,0.23408599999919666
15.388050000002654,0.23358499999919502
15.389720000002654,0.23308399999919516
15.391390000002655,0.23258299999919352
15.393060000002656,0.23208199999919543
15.394730000002657,0.2315809999991938
15.396400000002657,0.2310799999991957
15.398070000002658,0.2305789999991923
15.399740000002659,0.2300779999991942
15.40141000000266,0.22957699999919257
15.40308000000266,0.22907599999919448
15.404750000002661,0.22857499999919284
15.406420000002662,0.22807399999919298
15.408090000002662,0.22757299999919134
15.409760000002663,0.22707199999919325
15.411430000002664,0.2265709999991916
15.413100000002665,0.22606999999919353
15.414770000002665,0.2255689999991901
15.416440000002666,0.22506799999919203
15.418110000002667,0.2245669999991904
15.419780000002667,0.2240659999991923
15.421450000002668,0.22356499999919066
15.423120000002669,0.2230639999991908
15.42479000000267,0.22256299999918916
15.42646000000267,0.22206199999919107
15.428130000002671,0.22156099999918943
15.429800000002672,0.22105999999919135
15.431470000002673,0.22055899999918793
15.433140000002673,0.22005799999918985
15.434810000002674,0.2195569999991882
15.436480000002675,0.21905599999919012
15.438150000002675,0.21855499999918848
15.439820000002676,0.21805399999918862
15.441490000002677,0.21755299999918698
15.443160000002678,0.2170519999991889
15.444830000002678,0.21655099999918725
15.446500000002679,0.21604999999918917
15.44817000000268,0.21554899999918575
15.44984000000268,0.21504799999918767
15.451510000002681,0.21454699999918603
15.453180000002682,0.21404599999918794
15.454850000002683,0.2135449999991863
15.456520000002683,0.21304399999918644
15.458190000002684,0.2125429999991848
15.459860000002685,0.21204199999918671
15.461530000002686,0.21154099999918508
15.463200000002686,0.211039999999187
15.464870000002687,0.21053899999918357
15.466540000002688,0.2100379999991855
15.468210000002689,0.20953699999918385
15.46988000000269,0.20903599999918576
15.47155000000269,0.20853499999918412
15.47322000000269,0.20803399999918426
15.474890000002691,0.20753299999918262
15.476560000002692,0.20703199999918453
15.478230000002693,0.2065309999991829
15.479900000002694,0.2060299999991848
15.481570000002694,0.2055289999991814
15.483240000002695,0.2050279999991833
15.484910000002696,0.20452699999918167
15.486580000002697,0.20402599999918358
15.488250000002697,0.20352499999918194
15.489920000002698,0.20302399999918208
15.491590000002699,0.20252299999918044
15.4932600000027,0.20202199999918236
15.4949300000027,0.20152099999918072
15.4966000000027,0.20101999999918263
15.498270000002702,0.20051899999917921
15.499940000002702,0.20001799999918113
15.501610000002703,0.19974699999957046
15.503280000002704,0.19948457142814213
15.504950000002705,0.19922214285671203
15.506620000002705,0.19895971428528547
15.508290000002706,0.19869728571385536
15.509960000002707,0.19843485714242703
15.511630000002707,0.1981724285709987
15.513300000002708,0.1979099999995686
15.514970000002709,0.19764757142814204
15.51664000000271,0.19738514285671194
15.51831000000271,0.1971227142852836
15.519980000002711,0.19686028571385528
15.521650000002712,0.19659785714242517
15.523320000002713,0.19633542857099862
15.524990000002713,0.1960729999995685
15.526660000002714,0.19581057142814018
15.528330000002715,0.19554814285671185
15.530000000002715,0.19528571428528174
15.531670000002716,0.1950232857138552
15.533340000002717,0.19476085714242508
15.535010000002718,0.19449842857099675
15.536680000002718,0.19423599999956842
15.538350000002719,0.1939735714281383
15.54002000000272,0.19371114285671176
15.54169000000272,0.19344871428528165
15.543360000002721,0.19318628571385332
15.545030000002722,0.192923857142425
15.546700000002723,0.19266142857099489
15.548370000002723,0.19239899999956833
15.550040000002724,0.19213657142813823
15.551710000002725,0.1918741428567099
15.553380000002726,0.19161171428528156
15.555050000002726,0.19134928571385146
15.556720000002727,0.1910868571424249
15.558390000002728,0.1908244285709948
15.560060000002728,0.19056199999956647
15.56173000000273,0.19029957142813814
15.56340000000273,0.19003714285670803
15.56507000000273,0.18977471428528148
15.566740000002731,0.18951228571385137
15.568410000002732,0.18924985714242304
15.570080000002733,0.1889874285709947
15.571750000002734,0.1887249999995646
15.573420000002734,0.18846257142813805
15.575090000002735,0.18820014285670794
15.576760000002736,0.1879377142852796
15.578430000002736,0.18767528571385128
15.580100000002737,0.18741285714242117
15.581770000002738,0.18715042857099462
15.583440000002739,0.1868879999995645
15.58511000000274,0.18662557142813618
15.58678000000274,0.18636314285670785
15.58845000000274,0.18610071428527775
15.590120000002742,0.1858382857138512
15.591790000002742,0.18557585714242109
15.593460000002743,0.18531342857099276
15.595130000002744,0.18505099999956443
15.596800000002744,0.18478857142813432
15.598470000002745,0.18452614285670776
15.600140000002746,0.18426371428527766
15.601810000002747,0.18400128571384933
15.603480000002747,0.183738857142421
15.605150000002748,0.1834764285709909
15.606820000002749,0.18321399999956434
15.60849000000275,0.18295157142813423
15.61016000000275,0.1826891428567059
15.611830000002751,0.18242671428527757
15.613500000002752,0.18216428571384746
15.615170000002752,0.1819018571424209
15.616840000002753,0.1816394285709908
15.618510000002754,0.18137699999956247
15.620180000002755,0.18111457142813414
15.621850000002755,0.18085214285670403
15.623520000002756,0.18058971428527748
15.625190000002757,0.18032728571384737
15.626860000002758,0.18006485714241904
15.628530000002758,0.1798024285709907
15.630200000002759,0.1795399999995606
15.63187000000276,0.17927757142813405
15.63354000000276,0.17901514285670395
15.635210000002761,0.17875271428527562
15.636880000002762,0.17849028571384729
15.638550000002763,0.17822785714241718
15.640220000002763,0.17796542857099062
15.641890000002764,0.17770299999956052
15.643560000002765,0.1774405714281322
15.645230000002766,0.17717814285670386
15.646900000002766,0.17691571428527375
15.648570000002767,0.1766532857138472
15.650240000002768,0.1763908571424171
15.651910000002768,0.17612842857098876
15.65358000000277,0.17586599999956043
15.65525000000277,0.17560357142813032
15.65692000000277,0.17534114285670377
15.658590000002771,0.17507871428527366
15.660260000002772,0.17481628571384533
15.661930000002773,0.174553857142417
15.663600000002774,0.1742914285709869
15.665270000002774,0.17402899999956034
15.666940000002775,0.17376657142813023
15.668610000002776,0.1735041428567019
15.670280000002776,0.17324171428527357
15.671950000002777,0.17297928571384347
15.673620000002778,0.1727168571424169
15.675290000002779,0.1724544285709868
15.67696000000278,0.17219199999955848
15.67863000000278,0.17192957142813015
15.68030000000278,0.17166714285670004
15.681970000002782,0.17140471428527349
15.683640000002782,0.17114228571384338
15.685310000002783,0.17087985714241505
15.686980000002784,0.17061742857098672
15.688650000002784,0.1703549999995566
15.690320000002785,0.17009257142813006
15.691990000002786,0.16983014285669995
15.693660000002787,0.16956771428527162
15.695330000002787,0.1693052857138433
15.697000000002788,0.16904285714241318
15.698670000002789,0.16878042857098663
15.70034000000279,0.16851799999955652
15.70201000000279,0.1682555714281282
15.703680000002791,0.16799314285669986
15.705350000002792,0.16773071428526976
15.707020000002792,0.1674682857138432
15.708690000002793,0.1672058571424131
15.710360000002794,0.16694342857098476
15.712030000002795,0.16668099999955643
15.713700000002795,0.16641857142812633
15.715370000002796,0.16615614285669977
15.717040000002797,0.16589371428526967
15.718710000002797,0.16563128571384134
15.720380000002798,0.165368857142413
15.722050000002799,0.1651064285709829
15.7237200000028,0.16484399999955635
15.7253900000028,0.16458157142812624
15.727060000002801,0.1643191428566979
15.728730000002802,0.16405671428526958
15.730400000002803,0.16379428571383947
15.732070000002803,0.16353185714241292
15.733740000002804,0.1632694285709828
15.735410000002805,0.16300699999955448
15.737080000002805,0.16274457142812615
15.738750000002806,0.16248214285669604
15.740420000002807,0.1622197142852695
15.742090000002808,0.16195728571383938
15.743760000002808,0.16169485714241105
15.74543000000281,0.16143242857098272
15.74710000000281,0.16116999999955262
15.74877000000281,0.16090757142812606
15.750440000002811,0.16064514285669595
15.752110000002812,0.16038271428526762
15.753780000002813,0.1601202857138393
15.755450000002813,0.15985785714241096
15.757120000002814,0.15959542857098263
15.758790000002815,0.15933299999955253
15.760460000002816,0.1590705714281242
15.762130000002816,0.15880814285669587
15.763800000002817,0.15854571428526754
15.765470000002818,0.1582832857138392
15.767140000002819,0.1580208571424091
15.76881000000282,0.15775842857098077
15.77048000000282,0.15749599999955244
15.77215000000282,0.1572335714281241
15.773820000002821,0.15697114285669578
15.775490000002822,0.15670871428526567
15.777160000002823,0.15644628571383734
15.778830000002824,0.156183857142409
15.780500000002824,0.15592142857098068
15.782170000002825,0.15565899999955235
15.783840000002826,0.15539657142812224
15.785510000002827,0.1551341428566939
15.787180000002827,0.15487171428526558
15.788850000002828,0.15460928571383725
15.790520000002829,0.15434685714240892
15.79219000000283,0.15408442857097882
15.79386000000283,0.15382199999955048
15.795530000002831,0.15355957142812215
15.797200000002832,0.15329714285669382
15.798870000002832,0.1530347142852655
15.800540000002833,0.1527722857138354
15.802210000002834,0.15250985714240706
15.803880000002835,0.15224742857097873
15.805550000002835,0.1519849999995504
15.807220000002836,0.15172257142812207
15.808890000002837,0.15146014285669196
15.810560000002837,0.15119771428526363
15.812230000002838,0.1509352857138353
15.813900000002839,0.15067285714240697
15.81557000000284,0.15041042857097864
15.81724000000284,0.15014799999954853
15.818910000002841,0.1498855714281202
15.820580000002842,0.14962314285669187
15.822250000002843,0.14936071428526354
15.823920000002843,0.1490982857138352
15.825590000002844,0.1488358571424051
15.827260000002845,0.14857342857097677
15.828930000002845,0.14831099999954844
15.830600000002846,0.1480485714281201
15.832270000002847,0.14778614285669178
15.833940000002848,0.14752371428526168
15.835610000002848,0.14726128571383335
15.837280000002849,0.14699885714240501
15.83895000000285,0.14673642857097668
15.84062000000285,0.14647399999954835
15.842290000002851,0.14621157142811825
15.843960000002852,0.14594914285668992
15.845630000002853,0.1456867142852616
15.847300000002853,0.14542428571383326
15.848970000002854,0.14516185714240493
15.850640000002855,0.14489942857097482
15.852310000002856,0.1446369999995465
15.853980000002856,0.14437457142811816
15.855650000002857,0.14411214285668983
15.857320000002858,0.1438497142852615
15.858990000002859,0.1435872857138314
15.86066000000286,0.14332485714240306
15.86233000000286,0.14306242857097473
15.86400000000286,0.1427999999995464
15.865670000002861,0.14253757142811807
15.867340000002862,0.14227514285668796
15.869010000002863,0.14201271428525963
15.870680000002864,0.1417502857138313
15.872350000002864,0.14148785714240297
15.874020000002865,0.14122542857097464
15.875690000002866,0.14096299999954454
15.877360000002867,0.1407005714281162
15.879030000002867,0.14043814285668788
15.880700000002868,0.14017571428525955
15.882370000002869,0.13991328571383121
15.88404000000287,0.1396508571424011
15.88571000000287,0.13938842857097278
15.88738000000287,0.13912599999954445
15.889050000002872,0.13886357142811612
15.890720000002872,0.1386011428566878
15.892390000002873,0.13833871428525768
15.894060000002874,0.13807628571382935
15.895730000002875,0.13781385714240102
15.897400000002875,0.1375514285709727
15.899070000002876,0.13728899999954436
15.900740000002877,0.13702657142811425
15.902410000002877,0.13676414285668592
15.904080000002878,0.1365017142852576
15.905750000002879,0.13623928571382926
15.90742000000288,0.13597685714240093
15.90909000000288,0.13571442857097082
15.910760000002881,0.1354519999995425
15.912430000002882,0.13518957142811416
15.914100000002882,0.13492714285668583
15.915770000002883,0.1346647142852575
15.917440000002884,0.1344022857138274
15.919110000002885,0.13413985714239907
15.920780000002885,0.13387742857097074
15.922450000002886,0.1336149999995424
15.924120000002887,0.13335257142811408
15.925790000002888,0.13309014285668397
15.927460000002888,0.13282771428525564
15.929130000002889,0.1325652857138273
15.93080000000289,0.13230285714239898
15.93247000000289,0.13204042857097065
15.934140000002891,0.13177799999954054
15.935810000002892,0.1315155714281122
15.937480000002893,0.13125314285668388
15.939150000002893,0.13099071428525555
15.940820000002894,0.13072828571382722
15.942490000002895,0.1304658571423971
15.944160000002896,0.13020342857096878
15.945830000002896,0.12994099999954045
15.947500000002897,0.12967857142811212
15.949170000002898,0.1294161428566838
15.950840000002898,0.12915371428525368
15.9525100000029,0.12889128571382535
15.9541800000029,0.12862885714239702
15.9558500000029,0.1283664285709687
15.957520000002901,0.12810399999954036
15.959190000002902,0.12784157142811026
15.960860000002903,0.12757914285668193
15.962530000002904,0.1273167142852536
15.964200000002904,0.12705428571382527
15.965870000002905,0.12679185714239694
15.967540000002906,0.12652942857096683
15.969210000002906,0.1262669999995385
15.970880000002907,0.12600457142811017
15.972550000002908,0.12574214285668184
15.974220000002909,0.1254797142852535
15.97589000000291,0.1252172857138234
15.97756000000291,0.12495485714239507
15.97923000000291,0.12469242857096674
15.980900000002912,0.12442999999953841
15.982570000002912,0.12416757142811008
15.984240000002913,0.12390514285667997
15.985910000002914,0.12364271428525164
15.987580000002914,0.12338028571382331
15.989250000002915,0.12311785714239498
15.990920000002916,0.12285542857096665
15.992590000002917,0.12259299999953654
15.994260000002917,0.12233057142810821
15.995930000002918,0.12206814285667988
15.997600000002919,0.12180571428525155
15.99927000000292,0.12154328571382322
16.00094000000292,0.12128085714239312
16.00261000000292,0.12101842857096479
16.00428000000292,0.12075599999953646
16.005950000002922,0.12049357142810813
16.007620000002923,0.1202311428566798
16.009290000002924,0.11996871428525147
16.010960000002925,0.11970628571382136
16.012630000002925,0.11944385714239303
16.014300000002926,0.1191814285709647
16.015970000002927,0.11891899999953637
16.017640000002928,0.11865657142810804
16.01931000000293,0.11839414285667793
16.02098000000293,0.1181317142852496
16.02265000000293,0.11786928571382127
16.02432000000293,0.11760685714239294
16.02599000000293,0.11734442857096461
16.027660000002932,0.1170819999995345
16.029330000002933,0.11681957142810617
16.031000000002933,0.11655714285667784
16.032670000002934,0.11629471428524951
16.034340000002935,0.11603228571382118
16.036010000002936,0.11576985714239107
16.037680000002936,0.11550742857096274
16.039350000002937,0.11524499999953441
16.041020000002938,0.11498257142810608
16.04269000000294,0.11472014285667775
16.04436000000294,0.11445771428524765
16.04603000000294,0.11419528571381932
16.04770000000294,0.11393285714239099
16.04937000000294,0.11367042857096266
16.051040000002942,0.11340799999953433
16.052710000002943,0.11314557142810422
16.054380000002944,0.11288314285667589
16.056050000002944,0.11262071428524756
16.057720000002945,0.11235828571381923
16.059390000002946,0.1120958571423909
16.061060000002946,0.11183342857096079
16.062730000002947,0.11157099999953246
16.064400000002948,0.11130857142810413
16.06607000000295,0.1110461428566758
16.06774000000295,0.11078371428524747
16.06941000000295,0.11052128571381736
16.07108000000295,0.11025885714238903
16.07275000000295,0.1099964285709607
16.074420000002952,0.10973399999953237
16.076090000002953,0.10947157142810404
16.077760000002954,0.10920914285667394
16.079430000002954,0.1089467142852456
16.081100000002955,0.10868428571381727
16.082770000002956,0.10842185714238894
16.084440000002957,0.10815942857096061
16.086110000002957,0.10789699999953051
16.087780000002958,0.10763457142810218
16.08945000000296,0.10737214285667385
16.09112000000296,0.10710971428524552
16.09279000000296,0.10684728571381719
16.09446000000296,0.10658485714238708
16.09613000000296,0.10632242857095875
16.097800000002962,0.10605999999953042
16.099470000002963,0.10579757142810209
16.101140000002964,0.10553514285667376
16.102810000002965,0.10527271428524365
16.104480000002965,0.10501028571381532
16.106150000002966,0.10474785714238699
16.107820000002967,0.10448542857095866
16.109490000002967,0.10422299999953033
16.111160000002968,0.10396057142810022
16.11283000000297,0.1036981428566719
16.11450000000297,0.10343571428524356
16.11617000000297,0.10317328571381523
16.11784000000297,0.1029108571423869
16.119510000002972,0.1026484285709568
16.121180000002973,0.10238599999952847
16.122850000002973,0.10212357142810013
16.124520000002974,0.1018611428566718
16.126190000002975,0.10159871428524347
16.127860000002975,0.10133628571381337
16.129530000002976,0.10107385714238504
16.131200000002977,0.10081142857095671
16.132870000002978,0.10054899999952838
16.13454000000298,0.10028657142810005
16.13621000000298,0.10002414285666994
16.13788000000298,0.09976171428524161
16.13955000000298,0.09949928571381328
16.14122000000298,0.09923685714238495
16.142890000002982,0.09897442857095662
16.144560000002983,0.09871199999952651
16.146230000002983,0.09844957142809818
16.147900000002984,0.09818714285666985
16.149570000002985,0.09792471428524152
16.151240000002986,0.09766228571381319
16.152910000002986,0.09739985714238308
16.154580000002987,0.09713742857095475
16.156250000002988,0.09687499999952642
16.15792000000299,0.09661257142809809
16.15959000000299,0.09635014285666976
16.16126000000299,0.09608771428523966
16.16293000000299,0.09582528571381133
16.16460000000299,0.095562857142383
16.166270000002992,0.09530042857095467
16.167940000002993,0.09503799999952633
16.169610000002994,0.09477557142809623
16.171280000002994,0.0945131428566679
16.172950000002995,0.09425071428523957
16.174620000002996,0.09398828571381124
16.176290000002997,0.0937258571423829
16.177960000002997,0.0934634285709528
16.179630000002998,0.09320099999952447
16.181300000003,0.09293857142809614
16.182970000003,0.09267614285666781
16.184640000003,0.09241371428523948
16.186310000003,0.09215128571380937
16.187980000003,0.09188885714238104
16.189650000003002,0.09162642857095271
16.191320000003003,0.09136399999952438
16.192990000003004,0.09110157142809605
16.194660000003005,0.09083914285666594
16.196330000003005,0.09057671428523761
16.198000000003006,0.09031428571380928
16.199670000003007,0.09005185714238095
16.201340000003007,0.08978942857095262
16.203010000003008,0.08952699999952252
16.20468000000301,0.08926457142809419
16.20635000000301,0.08900214285666586
16.20802000000301,0.08873971428523753
16.20969000000301,0.0884772857138092
16.211360000003012,0.08821485714237909
16.213030000003013,0.08795242857095076
16.214700000003013,0.08768999999952243
16.216370000003014,0.0874275714280941
16.218040000003015,0.08716514285666577
16.219710000003015,0.08690271428523566
16.221380000003016,0.08664028571380733
16.223050000003017,0.086377857142379
16.224720000003018,0.08611542857095067
16.22639000000302,0.08585299999952234
16.22806000000302,0.08559057142809223
16.22973000000302,0.0853281428566639
16.23140000000302,0.08506571428523557
16.23307000000302,0.08480328571380724
16.234740000003022,0.08454085714237891
16.236410000003023,0.0842784285709488
16.238080000003023,0.08401599999952047
16.239750000003024,0.08375357142809214
16.241420000003025,0.08349114285666381
16.243090000003026,0.08322871428523548
16.244760000003026,0.08296628571380538
16.246430000003027,0.08270385714237882
16.248100000003028,0.08244142857094872
16.24977000000303,0.08217899999952039
16.25144000000303,0.08191657142809206
16.25311000000303,0.08165414285666195
16.25478000000303,0.0813917142852354
16.25645000000303,0.08112928571380529
16.258120000003032,0.08086685714237696
16.259790000003033,0.08060442857094863
16.261460000003034,0.08034199999951852
16.263130000003034,0.08007957142809197
16.264800000003035,0.07981714285666186
16.266470000003036,0.07955471428523353
16.268140000003037,0.0792922857138052
16.269810000003037,0.07902985714237509
16.271480000003038,0.07876742857094854
16.27315000000304,0.07850499999951843
16.27482000000304,0.0782425714280901
16.27649000000304,0.07798014285666177
16.27816000000304,0.07771771428523166
16.27983000000304,0.07745528571380511
16.281500000003042,0.077192857142375
16.283170000003043,0.07693042857094667
16.284840000003044,0.07666799999951834
16.286510000003044,0.07640557142808824
16.288180000003045,0.07614314285666168
16.289850000003046,0.07588071428523158
16.291520000003047,0.07561828571380325
16.293190000003047,0.07535585714237492
16.294860000003048,0.07509342857094481
16.29653000000305,0.07483099999951826
16.29820000000305,0.07456857142808815
16.29987000000305,0.07430614285665982
16.30154000000305,0.07404371428523149
16.30321000000305,0.07378128571380138
16.304880000003052,0.07351885714237483
16.306550000003053,0.07325642857094472
16.308220000003054,0.07299399999951639
16.309890000003055,0.07273157142808806
16.311560000003055,0.07246914285665795
16.313230000003056,0.0722067142852314
16.314900000003057,0.07194428571380129
16.316570000003058,0.07168185714237296
16.31824000000306,0.07141942857094463
16.31991000000306,0.07115699999951453
16.32158000000306,0.07089457142808797
16.32325000000306,0.07063214285665786
16.32492000000306,0.07036971428522953
16.326590000003062,0.0701072857138012
16.328260000003063,0.0698448571423711
16.329930000003063,0.06958242857094454
16.331600000003064,0.06931999999951444
16.333270000003065,0.0690575714280861
16.334940000003066,0.06879514285665778
16.336610000003066,0.06853271428522767
16.338280000003067,0.06827028571380112
16.339950000003068,0.06800785714237101
16.34162000000307,0.06774542857094268
16.34329000000307,0.06748299999951435
16.34496000000307,0.06722057142808424
16.34663000000307,0.06695814285665769
16.34830000000307,0.06669571428522758
16.349970000003072,0.06643328571379925
16.351640000003073,0.06617085714237092
16.353310000003074,0.06590842857094081
16.354980000003074,0.06564599999951426
16.356650000003075,0.06538357142808415
16.358320000003076,0.06512114285665582
16.359990000003076,0.06485871428522749
16.361660000003077,0.06459628571379739
16.363330000003078,0.06433385714237083
16.36500000000308,0.06407142857094072
16.36667000000308,0.0638089999995124
16.36834000000308,0.06354657142808406
16.37001000000308,0.06328414285665396
16.37168000000308,0.0630217142852274
16.373350000003082,0.0627592857137973
16.375020000003083,0.06249685714236897
16.376690000003084,0.062234428570940636
16.378360000003084,0.06197199999951053
16.380030000003085,0.061709571428083976
16.381700000003086,0.06144714285665387
16.383370000003087,0.06118471428522554
16.385040000003087,0.06092228571379721
16.386710000003088,0.0606598571423671
16.38838000000309,0.06039742857094055
16.39005000000309,0.06013499999951044
16.39172000000309,0.05987257142808211
16.39339000000309,0.05961014285665378
16.39506000000309,0.059347714285223674
16.396730000003092,0.05908528571379712
16.398400000003093,0.05882285714236701
16.400070000003094,0.05856042857093868
16.401740000003095,0.05829799999951035
16.403410000003095,0.058035571428080246
16.405080000003096,0.05777314285665369
16.406750000003097,0.057510714285223585
16.408420000003098,0.057248285713795255
16.4100900000031,0.056985857142366925
16.4117600000031,0.05672342857093682
16.4134300000031,0.056460999999510264
16.4151000000031,0.05619857142808016
16.4167700000031,0.05593614285665183
16.418440000003102,0.0556737142852235
16.420110000003103,0.05541128571379339
16.421780000003103,0.055148857142366836
16.423450000003104,0.05488642857093673
16.425120000003105,0.0546239999995084
16.426790000003106,0.05436157142808007
16.428460000003106,0.05409914285664996
16.430130000003107,0.05383671428522341
16.431800000003108,0.0535742857137933
16.43347000000311,0.05331185714236497
16.43514000000311,0.05304942857093664
16.43681000000311,0.052786999999506534
16.43848000000311,0.05252457142807998
16.44015000000311,0.052262142856649874
16.441820000003112,0.05199971428522154
16.443490000003113,0.05173728571379321
16.445160000003114,0.051474857142363106
16.446830000003114,0.05121242857093655
16.448500000003115,0.050949999999506446
16.450170000003116,0.050687571428078115
16.451840000003116,0.050425142856649785
16.453510000003117,0.05016271428521968
16.455180000003118,0.049900285713793124
16.45685000000312,0.04963785714236302
16.45852000000312,0.04937542857093469
16.46019000000312,0.04911299999950636
16.46186000000312,0.04885057142807625
16.46353000000312,0.048588142856649696
16.465200000003122,0.04832571428521959
16.466870000003123,0.04806328571379126
16.468540000003124,0.04780085714236293
16.470210000003124,0.04753842857093282
16.471880000003125,0.04727599999950627
16.473550000003126,0.04701357142807616
16.475220000003127,0.04675114285664783
16.476890000003127,0.0464887142852195
16.478560000003128,0.046226285713789395
16.48023000000313,0.04596385714236284
16.48190000000313,0.045701428570932734
16.48357000000313,0.045438999999504404
16.48524000000313,0.04517657142807607
16.48691000000313,0.04491414285664597
16.488580000003132,0.04465171428521941
16.490250000003133,0.044389285713789306
16.491920000003134,0.044126857142360976
16.493590000003135,0.043864428570932645
16.495260000003135,0.04360199999950254
16.496930000003136,0.043339571428075985
16.498600000003137,0.04307714285664588
16.500270000003137,0.042857142857142705
16.501940000003138,0.04285714285714448
16.50361000000314,0.042857142857142705
16.50528000000314,0.04285714285714448
16.50695000000314,0.042857142857142705
16.50862000000314,0.042857142857142705
16.510290000003142,0.04285714285714448
16.511960000003143,0.042857142857142705
16.513630000003143,0.04285714285714448
16.515300000003144,0.042857142857142705
16.516970000003145,0.042857142857142705
16.518640000003145,0.04285714285714448
16.520310000003146,0.042857142857142705
16.521980000003147,0.04285714285714448
16.523650000003148,0.042857142857142705
16.52532000000315,0.042857142857142705
16.52699000000315,0.04285714285714448
16.52866000000315,0.042857142857142705
16.53033000000315,0.04285714285714448
16.53200000000315,0.042857142857142705
16.533670000003152,0.042857142857142705
16.535340000003153,0.04285714285714448
16.537010000003153,0.042857142857142705
16.538680000003154,0.04285714285714448
16.540350000003155,0.042857142857142705
16.542020000003156,0.042857142857142705
16.543690000003156,0.04285714285714448
16.545360000003157,0.042857142857142705
16.547030000003158,0.04285714285714448
16.54870000000316,0.042857142857142705
16.55037000000316,0.042857142857142705
16.55204000000316,0.04285714285714448
16.55371000000316,0.042857142857142705
16.55538000000316,0.04285714285714448
16.557050000003162,0.042857142857142705
16.558720000003163,0.042857142857142705
16.560390000003164,0.04285714285714448
16.562060000003164,0.042857142857142705
16.563730000003165,0.04285714285714448
16.565400000003166,0.042857142857142705
16.567070000003167,0.042857142857142705
16.568740000003167,0.04285714285714448
16.570410000003168,0.042857142857142705
16.57208000000317,0.04285714285714448
16.57375000000317,0.042857142857142705
16.57542000000317,0.042857142857142705
16.57709000000317,0.04285714285714448
16.57876000000317,0.042857142857142705
16.580430000003172,0.04285714285714448
16.582100000003173,0.042857142857142705
16.583770000003174,0.042857142857142705
16.585440000003175,0.04285714285714448
16.587110000003175,0.042857142857142705
16.588780000003176,0.04285714285714448
16.590450000003177,0.042857142857142705
16.592120000003177,0.042857142857142705
16.593790000003178,0.04285714285714448
16.59546000000318,0.042857142857142705
16.59713000000318,0.04285714285714448
16.59880000000318,0.042857142857142705
16.60047000000318,0.042857142857142705
16.602140000003182,0.04285714285714448
16.603810000003183,0.042857142857142705
16.605480000003183,0.04285714285714448
16.607150000003184,0.042857142857142705
16.608820000003185,0.042857142857142705
16.610490000003185,0.04285714285714448
16.612160000003186,0.042857142857142705
16.613830000003187,0.04285714285714448
16.615500000003188,0.04285714285714448
16.61717000000319,0.042857142857142705
16.61884000000319,0.04285714285714448
16.62051000000319,0.042857142857142705
16.62218000000319,0.04285714285714448
16.62385000000319,0.04285714285714448
16.625520000003192,0.042857142857142705
16.627190000003193,0.04285714285714448
16.628860000003193,0.042857142857142705
16.630530000003194,0.04285714285714448
16.632200000003195,0.04285714285714448
16.633870000003196,0.042857142857142705
16.635540000003196,0.04285714285714448
16.637210000003197,0.042857142857142705
16.638880000003198,0.04285714285714448
16.6405500000032,0.04285714285714448
16.6422200000032,0.042857142857142705
16.6438900000032,0.04285714285714448
16.6455600000032,0.042857142857142705
16.6472300000032,0.04285714285714448
16.648900000003202,0.04285714285714448
16.650570000003203,0.042857142857142705
16.652240000003204,0.04285714285714448
16.653910000003204,0.042857142857142705
16.655580000003205,0.04285714285714448
16.657250000003206,0.04285714285714448
16.658920000003206,0.042857142857142705
16.660590000003207,0.04285714285714448
16.662260000003208,0.042857142857142705
16.66393000000321,0.04285714285714448
16.66560000000321,0.04285714285714448
16.66727000000321,0.042857142857142705
16.66894000000321,0.04285714285714448
16.67061000000321,0.042857142857142705
16.672280000003212,0.042857142857142705
16.673950000003213,0.04285714285714448
16.675620000003214,0.042857142857142705
16.677290000003214,0.04285714285714448
16.678960000003215,0.042857142857142705
16.680630000003216,0.042857142857142705
16.682300000003217,0.04285714285714448
16.683970000003217,0.042857142857142705
16.685640000003218,0.04285714285714448
16.68731000000322,0.042857142857142705
16.68898000000322,0.042857142857142705
16.69065000000322,0.04285714285714448
16.69232000000322,0.042857142857142705
16.69399000000322,0.04285714285714448
16.695660000003222,0.042857142857142705
16.697330000003223,0.042857142857142705
16.699000000003224,0.04285714285714448
16.700670000003225,0.042857142857142705
16.702340000003225,0.04285714285714448
16.704010000003226,0.042857142857142705
16.705680000003227,0.042857142857142705
16.707350000003228,0.04285714285714448
16.70902000000323,0.042857142857142705
16.71069000000323,0.04285714285714448
16.71236000000323,0.042857142857142705
16.71403000000323,0.042857142857142705
16.71570000000323,0.04285714285714448
16.717370000003232,0.042857142857142705
16.719040000003233,0.04285714285714448
16.720710000003233,0.042857142857142705
16.722380000003234,0.042857142857142705
16.724050000003235,0.04285714285714448
16.725720000003236,0.042857142857142705
16.727390000003236,0.04285714285714448
16.729060000003237,0.042857142857142705
16.730730000003238,0.042857142857142705
16.73240000000324,0.04285714285714448
16.73407000000324,0.042857142857142705
16.73574000000324,0.04285714285714448
16.73741000000324,0.042857142857142705
16.73908000000324,0.042857142857142705
16.740750000003242,0.04285714285714448
16.742420000003243,0.042857142857142705
16.744090000003244,0.04285714285714448
16.745760000003244,0.042857142857142705
16.747430000003245,0.042857142857142705
16.749100000003246,0.04285714285714448
16.750770000003246,0.042857142857142705
16.752440000003247,0.04285714285714448
16.754110000003248,0.042857142857142705
16.75578000000325,0.042857142857142705
16.75745000000325,0.04285714285714448
16.75912000000325,0.042857142857142705
16.76079000000325,0.04285714285714448
16.76246000000325,0.042857142857142705
16.764130000003252,0.042857142857142705
16.765800000003253,0.04285714285714448
16.767470000003254,0.042857142857142705
16.769140000003254,0.04285714285714448
16.770810000003255,0.042857142857142705
16.772480000003256,0.042857142857142705
16.774150000003257,0.04285714285714448
16.775820000003257,0.042857142857142705
16.777490000003258,0.04285714285714448
16.77916000000326,0.042857142857142705
16.78083000000326,0.042857142857142705
16.78250000000326,0.04285714285714448
16.78417000000326,0.042857142857142705
16.78584000000326,0.04285714285714448
16.787510000003262,0.042857142857142705
16.789180000003263,0.042857142857142705
16.790850000003264,0.04285714285714448
16.792520000003265,0.042857142857142705
16.794190000003265,0.04285714285714448
16.795860000003266,0.042857142857142705
16.797530000003267,0.042857142857142705
16.799200000003268,0.04285714285714448
16.80087000000327,0.042857142857142705
16.80254000000327,0.04285714285714448
16.80421000000327,0.042857142857142705
16.80588000000327,0.042857142857142705
16.80755000000327,0.04285714285714448
16.809220000003272,0.042857142857142705
16.810890000003273,0.04285714285714448
16.812560000003273,0.042857142857142705
16.814230000003274,0.042857142857142705
16.815900000003275,0.04285714285714448
16.817570000003276,0.042857142857142705
16.819240000003276,0.04285714285714448
16.820910000003277,0.042857142857142705
16.822580000003278,0.042857142857142705
16.82425000000328,0.04285714285714448
16.82592000000328,0.042857142857142705
16.82759000000328,0.04285714285714448
16.82926000000328,0.042857142857142705
16.83093000000328,0.042857142857142705
16.832600000003282,0.04285714285714448
16.834270000003283,0.042857142857142705
16.835940000003284,0.04285714285714448
16.837610000003284,0.042857142857142705
16.839280000003285,0.042857142857142705
16.840950000003286,0.04285714285714448
16.842620000003286,0.042857142857142705
16.844290000003287,0.04285714285714448
16.845960000003288,0.042857142857142705
16.84763000000329,0.042857142857142705
16.84930000000329,0.04285714285714448
16.85097000000329,0.042857142857142705
16.85264000000329,0.04285714285714448
16.85431000000329,0.042857142857142705
16.855980000003292,0.042857142857142705
16.857650000003293,0.04285714285714448
16.859320000003294,0.042857142857142705
16.860990000003294,0.04285714285714448
16.862660000003295,0.042857142857142705
16.864330000003296,0.042857142857142705
16.866000000003297,0.04285714285714448
16.867670000003297,0.042857142857142705
16.869340000003298,0.04285714285714448
16.8710100000033,0.042857142857142705
16.8726800000033,0.042857142857142705
16.8743500000033,0.04285714285714448
16.8760200000033,0.042857142857142705
16.8776900000033,0.04285714285714448
16.879360000003302,0.042857142857142705
16.881030000003303,0.042857142857142705
16.882700000003304,0.04285714285714448
16.884370000003305,0.042857142857142705
16.886040000003305,0.04285714285714448
16.887710000003306,0.042857142857142705
16.889380000003307,0.042857142857142705
16.891050000003307,0.04285714285714448
16.892720000003308,0.042857142857142705
16.89439000000331,0.04285714285714448
16.89606000000331,0.042857142857142705
16.89773000000331,0.042857142857142705
16.89940000000331,0.04285714285714448
16.901070000003312,0.042857142857142705
16.902740000003313,0.04285714285714448
16.904410000003313,0.042857142857142705
16.906080000003314,0.042857142857142705
16.907750000003315,0.04285714285714448
16.909420000003315,0.042857142857142705
16.911090000003316,0.04285714285714448
16.912760000003317,0.042857142857142705
16.914430000003318,0.042857142857142705
16.91610000000332,0.04285714285714448
16.91777000000332,0.042857142857142705
16.91944000000332,0.04285714285714448
16.92111000000332,0.042857142857142705
16.92278000000332,0.042857142857142705
16.924450000003322,0.04285714285714448
16.926120000003323,0.042857142857142705
16.927790000003323,0.04285714285714448
16.929460000003324,0.042857142857142705
16.931130000003325,0.042857142857142705
16.932800000003326,0.04285714285714448
16.934470000003326,0.042857142857142705
16.936140000003327,0.04285714285714448
16.937810000003328,0.042857142857142705
16.93948000000333,0.042857142857142705
16.94115000000333,0.04285714285714448
16.94282000000333,0.042857142857142705
16.94449000000333,0.04285714285714448
16.94616000000333,0.042857142857142705
16.947830000003332,0.042857142857142705
16.949500000003333,0.04285714285714448
16.951170000003334,0.042857142857142705
16.952840000003334,0.04285714285714448
16.954510000003335,0.042857142857142705
16.956180000003336,0.042857142857142705
16.957850000003337,0.04285714285714448
16.959520000003337,0.042857142857142705
16.961190000003338,0.04285714285714448
16.96286000000334,0.042857142857142705
16.96453000000334,0.042857142857142705
16.96620000000334,0.04285714285714448
16.96787000000334,0.042857142857142705
16.96954000000334,0.04285714285714448
16.971210000003342,0.042857142857142705
16.972880000003343,0.042857142857142705
16.974550000003344,0.04285714285714448
16.976220000003345,0.042857142857142705
16.977890000003345,0.04285714285714448
16.979560000003346,0.042857142857142705
16.981230000003347,0.042857142857142705
16.982900000003347,0.04285714285714448
16.984570000003348,0.042857142857142705
16.98624000000335,0.04285714285714448
16.98791000000335,0.042857142857142705
16.98958000000335,0.042857142857142705
16.99125000000335,0.04285714285714448
16.992920000003352,0.042857142857142705
16.994590000003353,0.04285714285714448
16.996260000003353,0.042857142857142705
16.997930000003354,0.042857142857142705
16.999600000003355,0.04285714285714448
17.001270000003355,0.042857142857142705
17.002940000003356,0.04285714285714448
17.004610000003357,0.042857142857142705
17.006280000003358,0.042857142857142705
17.00795000000336,0.04285714285714448
17.00962000000336,0.042857142857142705
17.01129000000336,0.04285714285714448
17.01296000000336,0.042857142857142705
17.01463000000336,0.042857142857142705
17.016300000003362,0.04285714285714448
17.017970000003363,0.042857142857142705
17.019640000003363,0.04285714285714448
17.021310000003364,0.042857142857142705
17.022980000003365,0.042857142857142705
17.024650000003366,0.04285714285714448
17.026320000003366,0.042857142857142705
17.027990000003367,0.04285714285714448
17.029660000003368,0.042857142857142705
17.03133000000337,0.042857142857142705
17.03300000000337,0.04285714285714448
17.03467000000337,0.042857142857142705
17.03634000000337,0.04285714285714448
17.03801000000337,0.042857142857142705
17.039680000003372,0.042857142857142705
17.041350000003373,0.04285714285714448
17.043020000003374,0.042857142857142705
17.044690000003374,0.04285714285714448
17.046360000003375,0.042857142857142705
17.048030000003376,0.042857142857142705
17.049700000003376,0.04285714285714448
17.051370000003377,0.042857142857142705
17.053040000003378,0.04285714285714448
17.05471000000338,0.042857142857142705
17.05638000000338,0.042857142857142705
17.05805000000338,0.04285714285714448
17.05972000000338,0.042857142857142705
17.06139000000338,0.04285714285714448
17.063060000003382,0.042857142857142705
17.064730000003383,0.042857142857142705
17.066400000003384,0.04285714285714448
17.068070000003384,0.042857142857142705
17.069740000003385,0.04285714285714448
17.071410000003386,0.042857142857142705
17.073080000003387,0.042857142857142705
17.074750000003387,0.04285714285714448
17.076420000003388,0.042857142857142705
17.07809000000339,0.04285714285714448
17.07976000000339,0.042857142857142705
17.08143000000339,0.042857142857142705
17.08310000000339,0.04285714285714448
17.08477000000339,0.042857142857142705
17.086440000003392,0.04285714285714448
17.088110000003393,0.042857142857142705
17.089780000003394,0.042857142857142705
17.091450000003395,0.04285714285714448
17.093120000003395,0.042857142857142705
17.094790000003396,0.04285714285714448
17.096460000003397,0.042857142857142705
17.098130000003398,0.042857142857142705
17.0998000000034,0.04285714285714448
17.1014700000034,0.042857142857142705
17.1031400000034,0.04285714285714448
17.1048100000034,0.042857142857142705
17.1064800000034,0.042857142857142705
17.108150000003402,0.04285714285714448
17.109820000003403,0.042857142857142705
17.111490000003403,0.04285714285714448
17.113160000003404,0.042857142857142705
17.114830000003405,0.042857142857142705
17.116500000003406,0.04285714285714448
17.118170000003406,0.042857142857142705
17.119840000003407,0.04285714285714448
17.121510000003408,0.042857142857142705
17.12318000000341,0.042857142857142705
17.12485000000341,0.04285714285714448
17.12652000000341,0.042857142857142705
17.12819000000341,0.04285714285714448
17.12986000000341,0.042857142857142705
17.131530000003412,0.042857142857142705
17.133200000003413,0.04285714285714448
17.134870000003414,0.042857142857142705
17.136540000003414,0.04285714285714448
17.138210000003415,0.042857142857142705
17.139880000003416,0.042857142857142705
17.141550000003416,0.04285714285714448
17.143220000003417,0.042857142857142705
17.144890000003418,0.04285714285714448
17.14656000000342,0.042857142857142705
17.14823000000342,0.042857142857142705
17.14990000000342,0.04285714285714448
17.15157000000342,0.042857142857142705
17.15324000000342,0.04285714285714448
17.154910000003422,0.042857142857142705
17.156580000003423,0.042857142857142705
17.158250000003424,0.04285714285714448
17.159920000003424,0.042857142857142705
17.161590000003425,0.04285714285714448
17.163260000003426,0.042857142857142705
17.164930000003427,0.042857142857142705
17.166600000003427,0.04285714285714448
17.168270000003428,0.042857142857142705
17.16994000000343,0.04285714285714448
17.17161000000343,0.042857142857142705
17.17328000000343,0.042857142857142705
17.17495000000343,0.04285714285714448
17.17662000000343,0.042857142857142705
17.178290000003432,0.04285714285714448
17.179960000003433,0.042857142857142705
17.181630000003434,0.042857142857142705
17.183300000003435,0.04285714285714448
17.184970000003435,0.042857142857142705
17.186640000003436,0.04285714285714448
17.188310000003437,0.04285714285714448
17.189980000003438,0.042857142857142705
17.19165000000344,0.04285714285714448
17.19332000000344,0.042857142857142705
17.19499000000344,0.04285714285714448
17.19666000000344,0.042857142857142705
17.19833000000344,0.042857142857142705
17.200000000003442,0.04285714285714448
17.201670000003443,0.042857142857142705
17.203340000003443,0.04285714285714448
17.205010000003444,0.04285714285714448
17.206680000003445,0.042857142857142705
17.208350000003446,0.04285714285714448
17.210020000003446,0.042857142857142705
17.211690000003447,0.04285714285714448
17.213360000003448,0.04285714285714448
17.21503000000345,0.042857142857142705
17.21670000000345,0.04285714285714448
17.21837000000345,0.042857142857142705
17.22004000000345,0.04285714285714448
17.22171000000345,0.04285714285714448
17.223380000003452,0.042857142857142705
17.225050000003453,0.04285714285714448
17.226720000003453,0.042857142857142705
17.228390000003454,0.04285714285714448
17.230060000003455,0.04285714285714448
17.231730000003456,0.042857142857142705
17.233400000003456,0.04285714285714448
17.235070000003457,0.042857142857142705
17.236740000003458,0.04285714285714448
17.23841000000346,0.04285714285714448
17.24008000000346,0.042857142857142705
17.24175000000346,0.04285714285714448
17.24342000000346,0.042857142857142705
17.24509000000346,0.04285714285714448
17.246760000003462,0.04285714285714448
17.248430000003463,0.042857142857142705
17.250100000003464,0.04285714285714448
17.251770000003464,0.042857142857142705
17.253440000003465,0.04285714285714448
17.255110000003466,0.04285714285714448
17.256780000003467,0.042857142857142705
17.258450000003467,0.04285714285714448
17.260120000003468,0.042857142857142705
17.26179000000347,0.04285714285714448
17.26346000000347,0.04285714285714448
17.26513000000347,0.042857142857142705
17.26680000000347,0.04285714285714448
17.26847000000347,0.042857142857142705
17.270140000003472,0.042857142857142705
17.271810000003473,0.04285714285714448
17.273480000003474,0.042857142857142705
17.275150000003475,0.04285714285714448
17.276820000003475,0.042857142857142705
17.278490000003476,0.042857142857142705
17.280160000003477,0.04285714285714448
17.281830000003477,0.042857142857142705
17.283500000003478,0.04285714285714448
17.28517000000348,0.042857142857142705
17.28684000000348,0.042857142857142705
17.28851000000348,0.04285714285714448
17.29018000000348,0.042857142857142705
17.291850000003482,0.04285714285714448
17.293520000003483,0.042857142857142705
17.295190000003483,0.042857142857142705
17.296860000003484,0.04285714285714448
17.298530000003485,0.042857142857142705
17.300200000003485,0.04285714285714448
17.301870000003486,0.042857142857142705
17.303540000003487,0.042857142857142705
17.305210000003488,0.04285714285714448
17.30688000000349,0.042857142857142705
17.30855000000349,0.04285714285714448
17.31022000000349,0.042857142857142705
17.31189000000349,0.042857142857142705
17.31356000000349,0.04285714285714448
17.315230000003492,0.042857142857142705
17.316900000003493,0.04285714285714448
17.318570000003493,0.042857142857142705
17.320240000003494,0.042857142857142705
17.321910000003495,0.04285714285714448
17.323580000003496,0.042857142857142705
17.325250000003496,0.04285714285714448
17.326920000003497,0.042857142857142705
17.328590000003498,0.042857142857142705
17.3302600000035,0.04285714285714448
17.3319300000035,0.042857142857142705
17.3336000000035,0.04285714285714448
17.3352700000035,0.042857142857142705
17.3369400000035,0.042857142857142705
17.338610000003502,0.04285714285714448
17.340280000003503,0.042857142857142705
17.341950000003504,0.04285714285714448
17.343620000003504,0.042857142857142705
17.345290000003505,0.042857142857142705
17.346960000003506,0.04285714285714448
17.348630000003507,0.042857142857142705
17.350300000003507,0.04285714285714448
17.351970000003508,0.042857142857142705
17.35364000000351,0.042857142857142705
17.35531000000351,0.04285714285714448
17.35698000000351,0.042857142857142705
17.35865000000351,0.04285714285714448
17.36032000000351,0.042857142857142705
17.361990000003512,0.042857142857142705
17.363660000003513,0.04285714285714448
17.365330000003514,0.042857142857142705
17.367000000003515,0.04285714285714448
17.368670000003515,0.042857142857142705
17.370340000003516,0.042857142857142705
17.372010000003517,0.04285714285714448
17.373680000003517,0.042857142857142705
17.375350000003518,0.04285714285714448
17.37702000000352,0.042857142857142705
17.37869000000352,0.042857142857142705
17.38036000000352,0.04285714285714448
17.38203000000352,0.042857142857142705
17.383700000003522,0.04285714285714448
17.385370000003523,0.042857142857142705
17.387040000003523,0.042857142857142705
17.388710000003524,0.04285714285714448
17.390380000003525,0.042857142857142705
17.392050000003525,0.04285714285714448
17.393720000003526,0.042857142857142705
17.395390000003527,0.042857142857142705
17.397060000003528,0.04285714285714448
17.39873000000353,0.042857142857142705
17.40040000000353,0.04285714285714448
17.40207000000353,0.042857142857142705
17.40374000000353,0.042857142857142705
17.40541000000353,0.04285714285714448
17.407080000003532,0.042857142857142705
17.408750000003533,0.04285714285714448
17.410420000003533,0.042857142857142705
17.412090000003534,0.042857142857142705
17.413760000003535,0.04285714285714448
17.415430000003536,0.042857142857142705
17.417100000003536,0.04285714285714448
17.418770000003537,0.042857142857142705
17.420440000003538,0.042857142857142705
17.42211000000354,0.04285714285714448
17.42378000000354,0.042857142857142705
17.42545000000354,0.04285714285714448
17.42712000000354,0.042857142857142705
17.42879000000354,0.042857142857142705
17.430460000003542,0.04285714285714448
17.432130000003543,0.042857142857142705
17.433800000003544,0.04285714285714448
17.435470000003544,0.042857142857142705
17.437140000003545,0.042857142857142705
17.438810000003546,0.04285714285714448
17.440480000003546,0.042857142857142705
17.442150000003547,0.04285714285714448
17.443820000003548,0.042857142857142705
17.44549000000355,0.042857142857142705
17.44716000000355,0.04285714285714448
17.44883000000355,0.042857142857142705
17.45050000000355,0.04285714285714448
17.45217000000355,0.042857142857142705
17.453840000003552,0.042857142857142705
17.455510000003553,0.04285714285714448
17.457180000003554,0.042857142857142705
17.458850000003554,0.04285714285714448
17.460520000003555,0.042857142857142705
17.462190000003556,0.042857142857142705
17.463860000003557,0.04285714285714448
17.465530000003557,0.042857142857142705
17.467200000003558,0.04285714285714448
17.46887000000356,0.042857142857142705
17.47054000000356,0.042857142857142705
17.47221000000356,0.04285714285714448
17.47388000000356,0.042857142857142705
17.47555000000356,0.04285714285714448
17.477220000003562,0.042857142857142705
17.478890000003563,0.042857142857142705
17.480560000003564,0.04285714285714448
17.482230000003565,0.042857142857142705
17.483900000003565,0.04285714285714448
17.485570000003566,0.042857142857142705
17.487240000003567,0.042857142857142705
17.488910000003568,0.04285714285714448
17.49058000000357,0.042857142857142705
17.49225000000357,0.04285714285714448
17.49392000000357,0.042857142857142705
17.49559000000357,0.042857142857142705
17.49726000000357,0.04285714285714448
17.498930000003572,0.042857142857142705
17.500600000003573,0.04285714285714448
17.502270000003573,0.042857142857142705
17.503940000003574,0.042857142857142705
17.505610000003575,0.04285714285714448
17.507280000003576,0.042857142857142705
17.508950000003576,0.04285714285714448
17.510620000003577,0.042857142857142705
17.512290000003578,0.042857142857142705
17.51396000000358,0.04285714285714448
17.51563000000358,0.042857142857142705
17.51730000000358,0.04285714285714448
17.51897000000358,0.042857142857142705
17.52064000000358,0.042857142857142705
17.522310000003582,0.04285714285714448
17.523980000003583,0.042857142857142705
17.525650000003584,0.04285714285714448
17.527320000003584,0.042857142857142705
17.528990000003585,0.042857142857142705
17.530660000003586,0.04285714285714448
17.532330000003586,0.042857142857142705
17.534000000003587,0.04285714285714448
17.535670000003588,0.042857142857142705
17.53734000000359,0.042857142857142705
17.53901000000359,0.04285714285714448
17.54068000000359,0.042857142857142705
17.54235000000359,0.04285714285714448
17.54402000000359,0.042857142857142705
17.545690000003592,0.042857142857142705
17.547360000003593,0.04285714285714448
17.549030000003594,0.042857142857142705
17.550700000003594,0.04285714285714448
17.552370000003595,0.042857142857142705
17.554040000003596,0.042857142857142705
17.555710000003597,0.04285714285714448
17.557380000003597,0.042857142857142705
17.559050000003598,0.04285714285714448
17.5607200000036,0.042857142857142705
17.5623900000036,0.042857142857142705
17.5640600000036,0.04285714285714448
17.5657300000036,0.042857142857142705
17.5674000000036,0.04285714285714448
17.569070000003602,0.042857142857142705
17.570740000003603,0.042857142857142705
17.572410000003604,0.04285714285714448
17.574080000003605,0.042857142857142705
17.575750000003605,0.04285714285714448
17.577420000003606,0.042857142857142705
17.579090000003607,0.042857142857142705
17.580760000003608,0.04285714285714448
17.58243000000361,0.042857142857142705
17.58410000000361,0.04285714285714448
17.58577000000361,0.042857142857142705
17.58744000000361,0.042857142857142705
17.58911000000361,0.04285714285714448
17.590780000003612,0.042857142857142705
17.592450000003613,0.04285714285714448
17.594120000003613,0.042857142857142705
17.595790000003614,0.042857142857142705
17.597460000003615,0.04285714285714448
17.599130000003615,0.042857142857142705
17.600800000003616,0.04285714285714448
17.602470000003617,0.042857142857142705
17.604140000003618,0.042857142857142705
17.60581000000362,0.04285714285714448
17.60748000000362,0.042857142857142705
17.60915000000362,0.04285714285714448
17.61082000000362,0.042857142857142705
17.61249000000362,0.042857142857142705
17.614160000003622,0.04285714285714448
17.615830000003623,0.042857142857142705
17.617500000003623,0.04285714285714448
17.619170000003624,0.042857142857142705
17.620840000003625,0.042857142857142705
17.622510000003626,0.04285714285714448
17.624180000003626,0.042857142857142705
17.625850000003627,0.04285714285714448
17.627520000003628,0.042857142857142705
17.62919000000363,0.042857142857142705
17.63086000000363,0.04285714285714448
17.63253000000363,0.042857142857142705
17.63420000000363,0.04285714285714448
17.63587000000363,0.042857142857142705
17.637540000003632,0.042857142857142705
17.639210000003633,0.04285714285714448
17.640880000003634,0.042857142857142705
17.642550000003634,0.04285714285714448
17.644220000003635,0.042857142857142705
17.645890000003636,0.042857142857142705
17.647560000003637,0.04285714285714448
17.649230000003637,0.042857142857142705
17.650900000003638,0.04285714285714448
17.65257000000364,0.042857142857142705
17.65424000000364,0.042857142857142705
17.65591000000364,0.04285714285714448
17.65758000000364,0.042857142857142705
17.65925000000364,0.04285714285714448
17.660920000003642,0.042857142857142705
17.662590000003643,0.042857142857142705
17.664260000003644,0.04285714285714448
17.665930000003645,0.042857142857142705
17.667600000003645,0.04285714285714448
17.669270000003646,0.042857142857142705
17.670940000003647,0.042857142857142705
17.672610000003647,0.04285714285714448
17.674280000003648,0.042857142857142705
17.67595000000365,0.04285714285714448
17.67762000000365,0.042857142857142705
17.67929000000365,0.042857142857142705
17.68096000000365,0.04285714285714448
17.682630000003652,0.042857142857142705
17.684300000003653,0.04285714285714448
17.685970000003653,0.042857142857142705
17.687640000003654,0.042857142857142705
17.689310000003655,0.04285714285714448
17.690980000003655,0.042857142857142705
17.692650000003656,0.04285714285714448
17.694320000003657,0.042857142857142705
17.695990000003658,0.042857142857142705
17.69766000000366,0.04285714285714448
17.69933000000366,0.042857142857142705
17.70100000000366,0.04285714285714448
17.70267000000366,0.042857142857142705
17.70434000000366,0.042857142857142705
17.706010000003662,0.04285714285714448
17.707680000003663,0.042857142857142705
17.709350000003663,0.04285714285714448
17.711020000003664,0.042857142857142705
17.712690000003665,0.042857142857142705
17.714360000003666,0.04285714285714448
17.716030000003666,0.042857142857142705
17.717700000003667,0.04285714285714448
17.719370000003668,0.042857142857142705
17.72104000000367,0.042857142857142705
17.72271000000367,0.04285714285714448
17.72438000000367,0.042857142857142705
17.72605000000367,0.04285714285714448
17.72772000000367,0.042857142857142705
17.729390000003672,0.042857142857142705
17.731060000003673,0.04285714285714448
17.732730000003674,0.042857142857142705
17.734400000003674,0.04285714285714448
17.736070000003675,0.042857142857142705
17.737740000003676,0.042857142857142705
17.739410000003677,0.04285714285714448
17.741080000003677,0.042857142857142705
17.742750000003678,0.04285714285714448
17.74442000000368,0.042857142857142705
17.74609000000368,0.042857142857142705
17.74776000000368,0.04285714285714448
17.74943000000368,0.042857142857142705
17.75110000000368,0.04285714285714448
17.752770000003682,0.042857142857142705
17.754440000003683,0.042857142857142705
17.756110000003684,0.04285714285714448
17.757780000003685,0.042857142857142705
17.759450000003685,0.04285714285714448
17.761120000003686,0.042857142857142705
17.762790000003687,0.042857142857142705
17.764460000003687,0.04285714285714448
17.766130000003688,0.042857142857142705
17.76780000000369,0.04285714285714448
17.76947000000369,0.042857142857142705
17.77114000000369,0.042857142857142705
17.77281000000369,0.04285714285714448
17.77448000000369,0.042857142857142705
17.776150000003692,0.04285714285714448
17.777820000003693,0.042857142857142705
17.779490000003694,0.042857142857142705
17.781160000003695,0.04285714285714448
17.782830000003695,0.042857142857142705
17.784500000003696,0.04285714285714448
17.786170000003697,0.042857142857142705
17.787840000003698,0.042857142857142705
17.7895100000037,0.04285714285714448
17.7911800000037,0.042857142857142705
17.7928500000037,0.04285714285714448
17.7945200000037,0.04285714285714448
17.7961900000037,0.042857142857142705
17.797860000003702,0.04285714285714448
17.799530000003703,0.042857142857142705
17.801200000003703,0.04285714285714448
17.802870000003704,0.042857142857142705
17.804540000003705,0.042857142857142705
17.806210000003706,0.04285714285714448
17.807880000003706,0.042857142857142705
17.809550000003707,0.04285714285714448
17.811220000003708,0.04285714285714448
17.81289000000371,0.042857142857142705
17.81456000000371,0.04285714285714448
17.81623000000371,0.042857142857142705
17.81790000000371,0.04285714285714448
17.81957000000371,0.04285714285714448
17.821240000003712,0.042857142857142705
17.822910000003713,0.04285714285714448
17.824580000003714,0.042857142857142705
17.826250000003714,0.04285714285714448
17.827920000003715,0.04285714285714448
17.829590000003716,0.042857142857142705
17.831260000003716,0.04285714285714448
17.832930000003717,0.042857142857142705
17.834600000003718,0.04318285714382064
17.83627000000372,0.04361228571525011
17.83794000000372,0.0440417142866778
17.83961000000372,0.04447114285810727
17.84128000000372,0.04490057142953496
17.84295000000372,0.04533000000096443
17.844620000003722,0.0457594285723939
17.846290000003723,0.04618885714382159
17.847960000003724,0.04661828571525106
17.849630000003724,0.047047714286678755
17.851300000003725,0.04747714285810822
17.852970000003726,0.04790657142953769
17.854640000003727,0.048336000000965385
17.856310000003727,0.04876542857239485
17.857980000003728,0.049194857143822546
17.85965000000373,0.04962428571525024
17.86132000000373,0.05005371428668148
17.86299000000373,0.050483142858109176
17.86466000000373,0.050912571429538644
17.86633000000373,0.05134200000096634
17.868000000003732,0.05177142857239403
17.869670000003733,0.052200857143825274
17.871340000003734,0.05263028571525297
17.873010000003735,0.053059714286682436
17.874680000003735,0.05348914285811013
17.876350000003736,0.05391857142953782
17.878020000003737,0.054348000000969066
17.879690000003738,0.05477742857239676
17.88136000000374,0.05520685714382623
17.88303000000374,0.05563628571525392
17.88470000000374,0.05606571428668161
17.88637000000374,0.05649514285811286
17.88804000000374,0.05692457142954055
17.889710000003742,0.05735400000097002
17.891380000003743,0.05778342857239771
17.893050000003743,0.0582128571438254
17.894720000003744,0.05864228571525665
17.896390000003745,0.05907171428668434
17.898060000003746,0.05950114285811381
17.899730000003746,0.0599305714295415
17.901400000003747,0.060360000000969194
17.903070000003748,0.06078942857240044
17.90474000000375,0.06121885714382813
17.90641000000375,0.0616482857152576
17.90808000000375,0.06207771428668529
17.90975000000375,0.06250714285811299
17.91142000000375,0.06293657142954423
17.913090000003752,0.06336600000097192
17.914760000003753,0.06379542857240139
17.916430000003754,0.06422485714382908
17.918100000003754,0.06465428571525678
17.919770000003755,0.06508371428668802
17.921440000003756,0.06551314285811571
17.923110000003756,0.06594257142954518
17.924780000003757,0.06637200000097288
17.926450000003758,0.06680142857240057
17.92812000000376,0.06723085714383181
17.92979000000376,0.0676602857152595
17.93146000000376,0.06808971428668897
17.93313000000376,0.06851914285811667
17.93480000000376,0.06894857142954436
17.936470000003762,0.0693780000009756
17.938140000003763,0.0698074285724033
17.939810000003764,0.07023685714383276
17.941480000003764,0.07066628571526046
17.943150000003765,0.07109571428668815
17.944820000003766,0.0715251428581194
17.946490000003767,0.07195457142954709
17.948160000003767,0.07238400000097656
17.949830000003768,0.07281342857240425
17.95150000000377,0.07324285714383194
17.95317000000377,0.07367228571526319
17.95484000000377,0.07410171428669088
17.95651000000377,0.07453114285812035
17.95818000000377,0.07496057142954804
17.959850000003772,0.07539000000097573
17.961520000003773,0.07581942857240698
17.963190000003774,0.07624885714383467
17.964860000003775,0.07667828571526414
17.966530000003775,0.07710771428669183
17.968200000003776,0.07753714285811952
17.969870000003777,0.07796657142955077
17.971540000003777,0.07839600000097846
17.973210000003778,0.07882542857240793
17.97488000000378,0.07925485714383562
17.97655000000378,0.07968428571526331
17.97822000000378,0.08011371428669456
17.97989000000378,0.08054314285812225
17.981560000003782,0.08097257142955172
17.983230000003783,0.08140200000097941
17.984900000003783,0.0818314285724071
17.986570000003784,0.08226085714383835
17.988240000003785,0.08269028571526604
17.989910000003785,0.08311971428669551
17.991580000003786,0.0835491428581232
17.993250000003787,0.0839785714295509
17.994920000003788,0.08440800000098214
17.99659000000379,0.08483742857240983
17.99826000000379,0.0852668571438393
17.99993000000379,0.085696285715267
18.00160000000379,0.08612571428669469
18.00327000000379,0.08655514285812593
18.004940000003792,0.08698457142955363
18.006610000003793,0.0874140000009831
18.008280000003793,0.08784342857241079
18.009950000003794,0.08827285714383848
18.011620000003795,0.08870228571526972
18.013290000003796,0.08913171428669742
18.014960000003796,0.08956114285812689
18.016630000003797,0.08999057142955458
18.018300000003798,0.09042000000098227
18.0199700000038,0.09084942857241352
18.0216400000038,0.09127885714384121
18.0233100000038,0.09170828571527068
18.0249800000038,0.09213771428669837
18.0266500000038,0.09256714285812606
18.028320000003802,0.0929965714295573
18.029990000003803,0.093426000000985
18.031660000003804,0.09385542857241447
18.033330000003804,0.09428485714384216
18.035000000003805,0.09471428571526985
18.036670000003806,0.0951437142867011
18.038340000003807,0.09557314285812879
18.040010000003807,0.09600257142955826
18.041680000003808,0.09643200000098595
18.04335000000381,0.09686142857241364
18.04502000000381,0.09729085714384489
18.04669000000381,0.09772028571527258
18.04836000000381,0.09814971428670205
18.05003000000381,0.09857914285812974
18.051700000003812,0.09900857142955743
18.053370000003813,0.09943800000098868
18.055040000003814,0.09986742857241637
18.056710000003815,0.10029685714384584
18.058380000003815,0.10072628571527353
18.060050000003816,0.10115571428670123
18.061720000003817,0.10158514285813247
18.063390000003817,0.10201457142956016
18.065060000003818,0.10244400000098963
18.06673000000382,0.10287342857241732
18.06840000000382,0.10330285714384502
18.07007000000382,0.10373228571527626
18.07174000000382,0.10416171428670395
18.073410000003822,0.10459114285813342
18.075080000003823,0.10502057142956112
18.076750000003823,0.10545000000098881
18.078420000003824,0.10587942857242005
18.080090000003825,0.10630885714384775
18.081760000003825,0.10673828571527721
18.083430000003826,0.10716771428670491
18.085100000003827,0.1075971428581326
18.086770000003828,0.10802657142956384
18.08844000000383,0.10845600000099154
18.09011000000383,0.108885428572421
18.09178000000383,0.1093148571438487
18.09345000000383,0.10974428571527639
18.09512000000383,0.11017371428670764
18.096790000003832,0.11060314285813533
18.098460000003833,0.1110325714295648
18.100130000003833,0.11146200000099249
18.101800000003834,0.11189142857242018
18.103470000003835,0.11232085714385143
18.105140000003836,0.11275028571527912
18.106810000003836,0.11317971428670859
18.108480000003837,0.11360914285813628
18.110150000003838,0.11403857142956397
18.11182000000384,0.11446800000099522
18.11349000000384,0.11489742857242291
18.11516000000384,0.11532685714385238
18.11683000000384,0.11575628571528007
18.11850000000384,0.11618571428670776
18.120170000003842,0.11661514285813901
18.121840000003843,0.1170445714295667
18.123510000003844,0.11747400000099617
18.125180000003844,0.11790342857242386
18.126850000003845,0.11833285714385156
18.128520000003846,0.1187622857152828
18.130190000003847,0.11919171428671049
18.131860000003847,0.11962114285813996
18.133530000003848,0.12005057142956765
18.13520000000385,0.12048000000099535
18.13687000000385,0.12090942857242659
18.13854000000385,0.12133885714385428
18.14021000000385,0.12176828571528375
18.14188000000385,0.12219771428671145
18.143550000003852,0.12262714285813914
18.145220000003853,0.12305657142957038
18.146890000003854,0.12348600000099808
18.148560000003854,0.12391542857242754
18.150230000003855,0.12434485714385524
18.151900000003856,0.12477428571528293
18.153570000003857,0.12520371428671417
18.155240000003857,0.12563314285814187
18.156910000003858,0.12606257142957134
18.15858000000386,0.12649200000099903
18.16025000000386,0.12692142857242672
18.16192000000386,0.12735085714385797
18.16359000000386,0.12778028571528566
18.16526000000386,0.12820971428671513
18.166930000003862,0.12863914285814282
18.168600000003863,0.1290685714295705
18.170270000003864,0.12949800000100176
18.171940000003865,0.12992742857242945
18.173610000003865,0.13035685714385892
18.175280000003866,0.1307862857152866
18.176950000003867,0.1312157142867143
18.178620000003868,0.13164514285814555
18.18029000000387,0.13207457142957324
18.18196000000387,0.1325040000010027
18.18363000000387,0.1329334285724304
18.18530000000387,0.1333628571438581
18.18697000000387,0.13379228571528934
18.188640000003872,0.13422171428671703
18.190310000003873,0.1346511428581465
18.191980000003873,0.1350805714295742
18.193650000003874,0.13551000000100188
18.195320000003875,0.13593942857243313
18.196990000003876,0.13636885714386082
18.198660000003876,0.1367982857152903
18.200330000003877,0.13722771428671798
18.202000000003878,0.13765714285814568
18.20367000000388,0.13808657142957692
18.20534000000388,0.1385160000010046
18.20701000000388,0.13894542857243408
18.20868000000388,0.13937485714386177
18.21035000000388,0.13980428571528947
18.212020000003882,0.1402337142867207
18.213690000003883,0.1406631428581484
18.215360000003884,0.14109257142957787
18.217030000003884,0.14152200000100557
18.218700000003885,0.14195142857243326
18.220370000003886,0.1423808571438645
18.222040000003886,0.1428102857152922
18.223710000003887,0.14323971428672166
18.225380000003888,0.14366914285814936
18.22705000000389,0.14409857142957705
18.22872000000389,0.1445280000010083
18.23039000000389,0.144957428572436
18.23206000000389,0.14538685714386546
18.23373000000389,0.14581628571529315
18.235400000003892,0.14624571428672084
18.237070000003893,0.14667514285815209
18.238740000003894,0.14710457142957978
18.240410000003894,0.14753400000100925
18.242080000003895,0.14796342857243694
18.243750000003896,0.14839285714386463
18.245420000003897,0.14882228571529588
18.247090000003897,0.14925171428672357
18.248760000003898,0.14968114285815304
18.2504300000039,0.15011057142958073
18.2521000000039,0.15054000000100842
18.2537700000039,0.15096942857243967
18.2554400000039,0.15139885714386736
18.2571100000039,0.15182828571529683
18.258780000003902,0.15225771428672452
18.260450000003903,0.1526871428581522
18.262120000003904,0.15311657142958346
18.263790000003905,0.15354600000101115
18.265460000003905,0.15397542857244062
18.267130000003906,0.1544048571438683
18.268800000003907,0.154834285715296
18.270470000003908,0.15526371428672725
18.27214000000391,0.15569314285815494
18.27381000000391,0.1561225714295844
18.27548000000391,0.1565520000010121
18.27715000000391,0.1569814285724398
18.27882000000391,0.15741085714387104
18.280490000003912,0.15784028571529873
18.282160000003913,0.1582697142867282
18.283830000003913,0.1586991428581559
18.285500000003914,0.1591285714295836
18.287170000003915,0.15955800000101483
18.288840000003916,0.15998742857244252
18.290510000003916,0.160416857143872
18.292180000003917,0.16084628571529969
18.293850000003918,0.16127571428672738
18.29552000000392,0.16170514285815862
18.29719000000392,0.16213457142958632
18.29886000000392,0.16256400000101578
18.30053000000392,0.16299342857244348
18.30220000000392,0.16342285714387117
18.303870000003922,0.16385228571530241
18.305540000003923,0.1642817142867301
18.307210000003924,0.16471114285815958
18.308880000003924,0.16514057142958727
18.310550000003925,0.16557000000101496
18.312220000003926,0.1659994285724462
18.313890000003926,0.1664288571438739
18.315560000003927,0.16685828571530337
18.317230000003928,0.16728771428673106
18.31890000000393,0.16771714285815875
18.32057000000393,0.16814657142959
18.32224000000393,0.1685760000010177
18.32391000000393,0.16900542857244716
18.32558000000393,0.16943485714387485
18.327250000003932,0.16986428571530254
18.328920000003933,0.1702937142867338
18.330590000003934,0.17072314285816148
18.332260000003934,0.17115257142959095
18.333930000003935,0.17158200000101864
18.335600000003936,0.17201142857244633
18.337270000003937,0.17244085714387758
18.338940000003937,0.17287028571530527
18.340610000003938,0.17329971428673474
18.34228000000394,0.17372914285816243
18.34395000000394,0.17415857142959013
18.34562000000394,0.17458800000102137
18.34729000000394,0.17501742857244906
18.34896000000394,0.17544685714387853
18.350630000003942,0.17587628571530622
18.352300000003943,0.17630571428673392
18.353970000003944,0.17673514285816516
18.355640000003945,0.17716457142959285
18.357310000003945,0.17759400000102232
18.358980000003946,0.17802342857245002
18.360650000003947,0.1784528571438777
18.362320000003947,0.17888228571530895
18.363990000003948,0.17931171428673665
18.36566000000395,0.17974114285816611
18.36733000000395,0.1801705714295938
18.36900000000395,0.1806000000010215
18.37067000000395,0.18102942857245274
18.372340000003952,0.18145885714388044
18.374010000003953,0.1818882857153099
18.375680000003953,0.1823177142867376
18.377350000003954,0.1827471428581653
18.379020000003955,0.18317657142959654
18.380690000003955,0.18360600000102423
18.382360000003956,0.1840354285724537
18.384030000003957,0.1844648571438814
18.385700000003958,0.18489428571530908
18.38737000000396,0.18532371428674033
18.38904000000396,0.18575314285816802
18.39071000000396,0.1861825714295975
18.39238000000396,0.18661200000102518
18.39405000000396,0.18704142857245287
18.395720000003962,0.18747085714388412
18.397390000003963,0.1879002857153118
18.399060000003963,0.18832971428674128
18.400730000003964,0.18875914285816897
18.402400000003965,0.18918857142959666
18.404070000003966,0.1896180000010279
18.405740000003966,0.1900474285724556
18.407410000003967,0.19047685714388507
18.409080000003968,0.19090628571531276
18.41075000000397,0.19133571428674045
18.41242000000397,0.1917651428581717
18.41409000000397,0.1921945714295994
18.41576000000397,0.19262400000102886
18.41743000000397,0.19305342857245655
18.419100000003972,0.19348285714388425
18.420770000003973,0.1939122857153155
18.422440000003974,0.19434171428674318
18.424110000003974,0.19477114285817265
18.425780000003975,0.19520057142960034
18.427450000003976,0.19563000000102804
18.429120000003977,0.19605942857245928
18.430790000003977,0.19648885714388697
18.432460000003978,0.19691828571531644
18.43413000000398,0.19734771428674414
18.43580000000398,0.19777714285817183
18.43747000000398,0.19820657142960307
18.43914000000398,0.19863600000103077
18.44081000000398,0.19906542857246023
18.442480000003982,0.19949485714388793
18.444150000003983,0.19992428571531562
18.445820000003984,0.20035371428674686
18.447490000003985,0.20078314285817456
18.449160000003985,0.20121257142960225
18.450830000003986,0.20164200000103172
18.452500000003987,0.2020714285724594
18.454170000003987,0.20250085714389066
18.455840000003988,0.20293028571531835
18.45751000000399,0.20335971428674782
18.45918000000399,0.2037891428581755
18.46085000000399,0.2042185714296032
18.46252000000399,0.20464800000103445
18.464190000003992,0.20507742857246214
18.465860000003993,0.20550685714388983
18.467530000003993,0.2059362857153193
18.469200000003994,0.206365714286747
18.470870000003995,0.20679514285817824
18.472540000003995,0.20722457142960593
18.474210000003996,0.20765400000103362
18.475880000003997,0.2080834285724631
18.477550000003998,0.20851285714389078
18.479220000004,0.20894228571532203
18.480890000004,0.20937171428674972
18.482560000004,0.20980114285817741
18.484230000004,0.21023057142960688
18.485900000004,0.21066000000103458
18.487570000004002,0.21108942857246582
18.489240000004003,0.2115188571438935
18.490910000004003,0.2119482857153212
18.492580000004004,0.21237771428675067
18.494250000004005,0.21280714285817837
18.495920000004006,0.2132365714296096
18.497590000004006,0.2136660000010373
18.499260000004007,0.214095428572465
