TimeInc,Intensity
0.5,0.1
0.50167,0.09991649999999999
0.5033399999999999,0.09983300000000002
0.5050099999999998,0.0997495
0.5066799999999998,0.09966600000000003
0.5083499999999997,0.09958250000000002
0.5100199999999997,0.099499
0.5116899999999996,0.09941550000000003
0.5133599999999996,0.09933200000000002
0.5150299999999995,0.09924850000000002
0.5166999999999995,0.09916500000000003
0.5183699999999994,0.09908150000000004
0.5200399999999994,0.09899800000000004
0.5217099999999993,0.09891450000000003
0.5233799999999993,0.09883100000000006
0.5250499999999992,0.09874750000000004
0.5267199999999992,0.09866400000000003
0.5283899999999991,0.09858050000000006
0.5300599999999991,0.09849700000000004
0.531729999999999,0.09841350000000007
0.533399999999999,0.09833000000000006
0.5350699999999989,0.09824650000000004
0.5367399999999989,0.09816300000000007
0.5384099999999988,0.09807950000000006
0.5400799999999988,0.09799600000000008
0.5417499999999987,0.09791250000000007
0.5434199999999987,0.09782900000000005
0.5450899999999986,0.09774550000000008
0.5467599999999986,0.09766200000000007
0.5484299999999985,0.09757850000000007
0.5500999999999985,0.09749500000000008
0.5517699999999984,0.0974115000000001
0.5534399999999984,0.0973280000000001
0.5551099999999983,0.09724450000000008
0.5567799999999983,0.09716100000000011
0.5584499999999982,0.0970775000000001
0.5601199999999982,0.09699400000000008
0.5617899999999981,0.09691050000000011
0.5634599999999981,0.0968270000000001
0.565129999999998,0.09674350000000012
0.566799999999998,0.09666000000000011
0.5684699999999979,0.09657650000000009
0.5701399999999979,0.09649300000000012
0.5718099999999978,0.0964095000000001
0.5734799999999978,0.09632600000000013
0.5751499999999977,0.09624250000000012
0.5768199999999977,0.0961590000000001
0.5784899999999976,0.09607550000000013
0.5801599999999976,0.09599200000000012
0.5818299999999975,0.09590850000000012
0.5834999999999975,0.09582500000000013
0.5851699999999974,0.09574150000000015
0.5868399999999974,0.09565800000000015
0.5885099999999973,0.09557450000000013
0.5901799999999973,0.09549100000000016
0.5918499999999972,0.09540750000000014
0.5935199999999972,0.09532400000000013
0.5951899999999971,0.09524050000000016
0.5968599999999971,0.09515700000000014
0.598529999999997,0.09507350000000017
0.600199999999997,0.09499000000000016
0.6018699999999969,0.09490650000000014
0.6035399999999969,0.09482300000000017
0.6052099999999968,0.09473950000000016
0.6068799999999968,0.09465600000000018
0.6085499999999967,0.09457250000000017
0.6102199999999967,0.09448900000000016
0.6118899999999966,0.09440550000000018
0.6135599999999966,0.09432200000000017
0.6152299999999965,0.09423850000000017
0.6168999999999965,0.09415500000000018
0.6185699999999964,0.0940715000000002
0.6202399999999963,0.0939880000000002
0.6219099999999963,0.09390450000000018
0.6235799999999962,0.09382100000000021
0.6252499999999962,0.0937375000000002
0.6269199999999961,0.09365400000000018
0.6285899999999961,0.09357050000000021
0.630259999999996,0.0934870000000002
0.631929999999996,0.09340350000000022
0.6335999999999959,0.09332000000000021
0.6352699999999959,0.0932365000000002
0.6369399999999958,0.09315300000000022
0.6386099999999958,0.09306950000000021
0.6402799999999957,0.09298600000000024
0.6419499999999957,0.09290250000000022
0.6436199999999956,0.0928190000000002
0.6452899999999956,0.09273550000000023
0.6469599999999955,0.09265200000000022
0.6486299999999955,0.09256850000000022
0.6502999999999954,0.09248500000000023
0.6519699999999954,0.09240150000000025
0.6536399999999953,0.09231800000000025
0.6553099999999953,0.09223450000000023
0.6569799999999952,0.09215100000000026
0.6586499999999952,0.09206750000000025
0.6603199999999951,0.09198400000000023
0.6619899999999951,0.09190050000000026
0.663659999999995,0.09181700000000025
0.665329999999995,0.09173350000000027
0.6669999999999949,0.09165000000000026
0.6686699999999949,0.09156650000000024
0.6703399999999948,0.09148300000000027
0.6720099999999948,0.09139950000000026
0.6736799999999947,0.09131600000000029
0.6753499999999947,0.09123250000000027
0.6770199999999946,0.09114900000000026
0.6786899999999946,0.09106550000000029
0.6803599999999945,0.09098200000000027
0.6820299999999945,0.09089850000000027
0.6836999999999944,0.09081500000000028
0.6853699999999944,0.0907315000000003
0.6870399999999943,0.0906480000000003
0.6887099999999943,0.09056450000000028
0.6903799999999942,0.09048100000000031
0.6920499999999942,0.0903975000000003
0.6937199999999941,0.09031400000000028
0.6953899999999941,0.09023050000000031
0.697059999999994,0.0901470000000003
0.698729999999994,0.09006350000000032
0.7003999999999939,0.08998000000000031
0.7020699999999939,0.0898965000000003
0.7037399999999938,0.08981300000000032
0.7054099999999938,0.08972950000000031
0.7070799999999937,0.08964600000000034
0.7087499999999937,0.08956250000000032
0.7104199999999936,0.08947900000000031
0.7120899999999936,0.08939550000000034
0.7137599999999935,0.08931200000000032
0.7154299999999935,0.08922850000000032
0.7170999999999934,0.08914500000000034
0.7187699999999934,0.08906150000000035
0.7204399999999933,0.08897800000000035
0.7221099999999933,0.08889450000000033
0.7237799999999932,0.08881100000000036
0.7254499999999932,0.08872750000000035
0.7271199999999931,0.08864400000000036
0.728789999999993,0.08856050000000036
0.730459999999993,0.08847700000000035
0.732129999999993,0.08839350000000037
0.7337999999999929,0.08831000000000036
0.7354699999999929,0.08822650000000035
0.7371399999999928,0.08814300000000037
0.7388099999999928,0.08805950000000039
0.7404799999999927,0.08797600000000039
0.7421499999999926,0.08789250000000037
0.7438199999999926,0.08780900000000039
0.7454899999999925,0.08772550000000039
0.7471599999999925,0.08764200000000037
0.7488299999999924,0.0875585000000004
0.7504999999999924,0.08747500000000039
0.7521699999999923,0.0873915000000004
0.7538399999999923,0.08730800000000039
0.7555099999999922,0.08722450000000037
0.7571799999999922,0.08714100000000041
0.7588499999999921,0.0870575000000004
0.7605199999999921,0.08697400000000041
0.762189999999992,0.0868905000000004
0.763859999999992,0.08680700000000038
0.7655299999999919,0.08672350000000043
0.7671999999999919,0.08664000000000041
0.7688699999999918,0.0865565000000004
0.7705399999999918,0.08647300000000041
0.7722099999999917,0.08638950000000042
0.7738799999999917,0.08630600000000044
0.7755499999999916,0.08622250000000042
0.7772199999999916,0.08613900000000044
0.7788899999999915,0.08605550000000042
0.7805599999999915,0.08597200000000041
0.7822299999999914,0.08588850000000045
0.7838999999999914,0.08580500000000044
0.7855699999999913,0.08572150000000045
0.7872399999999913,0.08563800000000044
0.7889099999999912,0.08555450000000042
0.7905799999999912,0.08547100000000046
0.7922499999999911,0.08538750000000045
0.7939199999999911,0.08530400000000046
0.795589999999991,0.08522050000000045
0.797259999999991,0.08513700000000043
0.7989299999999909,0.08505350000000048
0.8005999999999909,0.08497000000000046
0.8022699999999908,0.08488650000000045
0.8039399999999908,0.08480300000000046
0.8056099999999907,0.08471950000000047
0.8072799999999907,0.08463600000000049
0.8089499999999906,0.08455250000000047
0.8106199999999906,0.08446900000000049
0.8122899999999905,0.08438550000000047
0.8139599999999905,0.08430200000000046
0.8156299999999904,0.0842185000000005
0.8172999999999904,0.08413500000000049
0.8189699999999903,0.0840515000000005
0.8206399999999903,0.08396800000000049
0.8223099999999902,0.08388450000000047
0.8239799999999902,0.08380100000000051
0.8256499999999901,0.0837175000000005
0.8273199999999901,0.08363400000000051
0.82898999999999,0.0835505000000005
0.83065999999999,0.08346700000000049
0.8323299999999899,0.08338350000000053
0.8339999999999899,0.08330000000000051
0.8356699999999898,0.0832165000000005
0.8373399999999898,0.08313300000000051
0.8390099999999897,0.08304950000000053
0.8406799999999897,0.08296600000000054
0.8423499999999896,0.08288250000000053
0.8440199999999896,0.08279900000000054
0.8456899999999895,0.08271550000000052
0.8473599999999895,0.08263200000000051
0.8490299999999894,0.08254850000000055
0.8506999999999894,0.08246500000000054
0.8523699999999893,0.08238150000000055
0.8540399999999893,0.08229800000000054
0.8557099999999892,0.08221450000000052
0.8573799999999892,0.08213100000000056
0.8590499999999891,0.08204750000000055
0.860719999999989,0.08196400000000056
0.862389999999989,0.08188050000000055
0.864059999999989,0.08179700000000054
0.8657299999999889,0.08171350000000058
0.8673999999999888,0.08163000000000056
0.8690699999999888,0.08154650000000055
0.8707399999999887,0.08146300000000056
0.8724099999999887,0.08137950000000058
0.8740799999999886,0.08129600000000059
0.8757499999999886,0.08121250000000058
0.8774199999999885,0.08112900000000059
0.8790899999999885,0.08104550000000058
0.8807599999999884,0.08096200000000056
0.8824299999999884,0.0808785000000006
0.8840999999999883,0.08079500000000059
0.8857699999999883,0.0807115000000006
0.8874399999999882,0.08062800000000059
0.8891099999999882,0.08054450000000057
0.8907799999999881,0.08046100000000062
0.8924499999999881,0.0803775000000006
0.894119999999988,0.08029400000000061
0.895789999999988,0.0802105000000006
0.8974599999999879,0.08012700000000061
0.8991299999999879,0.08004350000000063
0.9007999999999878,0.07996000000000061
0.9024699999999878,0.07987650000000063
0.9041399999999877,0.07979300000000061
0.9058099999999877,0.07970950000000063
0.9074799999999876,0.07962600000000064
0.9091499999999876,0.07954250000000063
0.9108199999999875,0.07945900000000064
0.9124899999999875,0.07937550000000063
0.9141599999999874,0.07929200000000064
0.9158299999999874,0.07920850000000065
0.9174999999999873,0.07912500000000064
0.9191699999999873,0.07904150000000065
0.9208399999999872,0.07895800000000064
0.9225099999999872,0.07887450000000062
0.9241799999999871,0.07879100000000067
0.9258499999999871,0.07870750000000068
0.927519999999987,0.07862400000000067
0.929189999999987,0.07854050000000065
0.9308599999999869,0.07845700000000067
0.9325299999999869,0.07837350000000068
0.9341999999999868,0.07829000000000066
0.9358699999999868,0.07820650000000068
0.9375399999999867,0.07812300000000066
0.9392099999999867,0.07803950000000068
0.9408799999999866,0.07795600000000069
0.9425499999999866,0.07787250000000068
0.9442199999999865,0.07778900000000069
0.9458899999999865,0.07770550000000068
0.9475599999999864,0.07762200000000069
0.9492299999999864,0.0775385000000007
0.9508999999999863,0.07745500000000069
0.9525699999999863,0.0773715000000007
0.9542399999999862,0.07728800000000069
0.9559099999999862,0.07720450000000068
0.9575799999999861,0.07712100000000072
0.9592499999999861,0.07703750000000073
0.960919999999986,0.07695400000000072
0.962589999999986,0.0768705000000007
0.9642599999999859,0.07678700000000072
0.9659299999999859,0.07670350000000073
0.9675999999999858,0.07662000000000072
0.9692699999999858,0.07653650000000073
0.9709399999999857,0.07645300000000071
0.9726099999999857,0.07636950000000073
0.9742799999999856,0.07628600000000074
0.9759499999999856,0.07620250000000073
0.9776199999999855,0.07611900000000074
0.9792899999999854,0.07603550000000073
0.9809599999999854,0.07595200000000074
0.9826299999999853,0.07586850000000075
0.9842999999999853,0.07578500000000074
0.9859699999999852,0.07570150000000075
0.9876399999999852,0.07561800000000074
0.9893099999999851,0.07553450000000073
0.9909799999999851,0.07545100000000077
0.992649999999985,0.07536750000000078
0.994319999999985,0.07528400000000077
0.9959899999999849,0.07520050000000075
0.9976599999999849,0.07511700000000077
0.9993299999999848,0.07503350000000078
1.0009999999999848,0.07495000000000077
1.0026699999999849,0.07486650000000078
1.004339999999985,0.07478300000000077
1.006009999999985,0.07469950000000075
1.007679999999985,0.07461600000000077
1.009349999999985,0.07453250000000075
1.0110199999999852,0.07444900000000076
1.0126899999999852,0.07436550000000075
1.0143599999999853,0.07428200000000074
1.0160299999999853,0.07419850000000075
1.0176999999999854,0.07411500000000074
1.0193699999999855,0.07403150000000075
1.0210399999999855,0.07394800000000074
1.0227099999999856,0.07386450000000072
1.0243799999999856,0.07378100000000073
1.0260499999999857,0.07369750000000072
1.0277199999999858,0.07361400000000073
1.0293899999999858,0.07353050000000072
1.0310599999999859,0.0734470000000007
1.032729999999986,0.07336350000000072
1.034399999999986,0.0732800000000007
1.036069999999986,0.07319650000000072
1.0377399999999861,0.0731130000000007
1.0394099999999862,0.07302950000000069
1.0410799999999862,0.0729460000000007
1.0427499999999863,0.07286250000000069
1.0444199999999864,0.0727790000000007
1.0460899999999864,0.07269550000000069
1.0477599999999865,0.07261200000000068
1.0494299999999865,0.07252850000000069
1.0510999999999866,0.07244500000000068
1.0527699999999867,0.07236150000000069
1.0544399999999867,0.07227800000000068
1.0561099999999868,0.07219450000000066
1.0577799999999868,0.07211100000000067
1.059449999999987,0.07202750000000066
1.061119999999987,0.07194400000000067
1.062789999999987,0.07186050000000066
1.064459999999987,0.07177700000000065
1.0661299999999871,0.07169350000000066
1.0677999999999872,0.07161000000000065
1.0694699999999873,0.07152650000000066
1.0711399999999873,0.07144300000000064
1.0728099999999874,0.07135950000000063
1.0744799999999874,0.07127600000000064
1.0761499999999875,0.07119250000000063
1.0778199999999876,0.07110900000000064
1.0794899999999876,0.07102550000000063
1.0811599999999877,0.07094200000000062
1.0828299999999877,0.07085850000000063
1.0844999999999878,0.07077500000000062
1.0861699999999879,0.07069150000000063
1.087839999999988,0.07060800000000061
1.089509999999988,0.0705245000000006
1.091179999999988,0.07044100000000061
1.092849999999988,0.0703575000000006
1.0945199999999882,0.07027400000000061
1.0961899999999882,0.0701905000000006
1.0978599999999883,0.07010700000000059
1.0995299999999884,0.0700235000000006
1.1011999999999884,0.06994000000000059
1.1028699999999885,0.0698565000000006
1.1045399999999885,0.06977300000000058
1.1062099999999886,0.06968950000000057
1.1078799999999887,0.06960600000000058
1.1095499999999887,0.06952250000000057
1.1112199999999888,0.06943900000000058
1.1128899999999888,0.06935550000000057
1.114559999999989,0.06927200000000056
1.116229999999989,0.06918850000000057
1.117899999999989,0.06910500000000055
1.119569999999989,0.06902150000000057
1.1212399999999891,0.06893800000000055
1.1229099999999892,0.06885450000000054
1.1245799999999893,0.06877100000000055
1.1262499999999893,0.06868750000000054
1.1279199999999894,0.06860400000000055
1.1295899999999894,0.06852050000000054
1.1312599999999895,0.06843700000000055
1.1329299999999896,0.06835350000000054
1.1345999999999896,0.06827000000000052
1.1362699999999897,0.06818650000000054
1.1379399999999897,0.06810300000000052
1.1396099999999898,0.06801950000000054
1.1412799999999899,0.06793600000000052
1.14294999999999,0.06785250000000051
1.14461999999999,0.06776900000000052
1.14628999999999,0.06768550000000051
1.14795999999999,0.06760200000000052
1.1496299999999902,0.06751850000000051
1.1512999999999902,0.0674350000000005
1.1529699999999903,0.06735150000000051
1.1546399999999903,0.0672680000000005
1.1563099999999904,0.06718450000000051
1.1579799999999905,0.0671010000000005
1.1596499999999905,0.06701750000000048
1.1613199999999906,0.0669340000000005
1.1629899999999906,0.06685050000000048
1.1646599999999907,0.06676700000000049
1.1663299999999908,0.06668350000000048
1.1679999999999908,0.06660000000000046
1.1696699999999909,0.06651650000000048
1.171339999999991,0.06643300000000046
1.173009999999991,0.06634950000000048
1.174679999999991,0.06626600000000046
1.1763499999999911,0.06618250000000045
1.1780199999999912,0.06609900000000046
1.1796899999999912,0.06601550000000045
1.1813599999999913,0.06593200000000046
1.1830299999999914,0.06584850000000045
1.1846999999999914,0.06576500000000043
1.1863699999999915,0.06568150000000045
1.1880399999999915,0.06559800000000043
1.1897099999999916,0.06551450000000045
1.1913799999999917,0.06543100000000043
1.1930499999999917,0.06534750000000042
1.1947199999999918,0.06526400000000043
1.1963899999999918,0.06518050000000042
1.198059999999992,0.06509700000000043
1.199729999999992,0.06501350000000042
1.201399999999992,0.0649300000000004
1.203069999999992,0.06484650000000042
1.2047399999999922,0.0647630000000004
1.2064099999999922,0.06467950000000042
1.2080799999999923,0.0645960000000004
1.2097499999999923,0.06451250000000039
1.2114199999999924,0.0644290000000004
1.2130899999999925,0.06434550000000039
1.2147599999999925,0.0642620000000004
1.2164299999999926,0.06417850000000039
1.2180999999999926,0.06409500000000037
1.2197699999999927,0.06401150000000039
1.2214399999999928,0.06392800000000037
1.2231099999999928,0.06384450000000039
1.2247799999999929,0.06376100000000037
1.226449999999993,0.06367750000000036
1.228119999999993,0.06359400000000037
1.229789999999993,0.06351050000000036
1.2314599999999931,0.06342700000000037
1.2331299999999932,0.06334350000000036
1.2347999999999932,0.06326000000000034
1.2364699999999933,0.06317650000000036
1.2381399999999934,0.06309300000000034
1.2398099999999934,0.06300950000000036
1.2414799999999935,0.06292600000000034
1.2431499999999935,0.06284250000000033
1.2448199999999936,0.06275900000000034
1.2464899999999937,0.06267550000000033
1.2481599999999937,0.06259200000000034
1.2498299999999938,0.06250850000000033
1.2514999999999938,0.062425000000000314
1.253169999999994,0.06234150000000033
1.254839999999994,0.06225800000000031
1.256509999999994,0.0621745000000003
1.258179999999994,0.06209100000000031
1.2598499999999941,0.0620075000000003
1.2615199999999942,0.06192400000000031
1.2631899999999943,0.0618405000000003
1.2648599999999943,0.061757000000000284
1.2665299999999944,0.0616735000000003
1.2681999999999944,0.06159000000000028
1.2698699999999945,0.0615065000000003
1.2715399999999946,0.06142300000000028
1.2732099999999946,0.06133950000000027
1.2748799999999947,0.06125600000000028
1.2765499999999947,0.06117250000000027
1.2782199999999948,0.06108900000000028
1.2798899999999949,0.06100550000000027
1.281559999999995,0.060922000000000254
1.283229999999995,0.06083850000000027
1.284899999999995,0.06075500000000025
1.286569999999995,0.06067150000000027
1.2882399999999952,0.06058800000000025
1.2899099999999952,0.06050450000000024
1.2915799999999953,0.06042100000000025
1.2932499999999953,0.06033750000000024
1.2949199999999954,0.06025400000000025
1.2965899999999955,0.06017050000000024
1.2982599999999955,0.060087000000000224
1.2999299999999956,0.06000350000000024
1.3015999999999956,0.05992000000000022
1.3032699999999957,0.05983650000000024
1.3049399999999958,0.05975300000000022
1.3066099999999958,0.05966950000000021
1.308279999999996,0.05958600000000022
1.309949999999996,0.05950250000000021
1.311619999999996,0.05941900000000022
1.313289999999996,0.05933550000000021
1.3149599999999961,0.05925200000000019
1.3166299999999962,0.05916850000000021
1.3182999999999963,0.05908500000000019
1.3199699999999963,0.05900150000000021
1.3216399999999964,0.05891800000000019
1.3233099999999964,0.05883450000000018
1.3249799999999965,0.05875100000000019
1.3266499999999966,0.05866750000000018
1.3283199999999966,0.05858400000000019
1.3299899999999967,0.05850050000000018
1.3316599999999967,0.05841700000000016
1.3333299999999968,0.05833350000000018
1.3349999999999969,0.05825000000000016
1.336669999999997,0.058166500000000176
1.338339999999997,0.05808300000000016
1.340009999999997,0.05799950000000015
1.341679999999997,0.05791600000000016
1.3433499999999972,0.05783250000000015
1.3450199999999972,0.05774900000000016
1.3466899999999973,0.05766550000000015
1.3483599999999973,0.05758200000000013
1.3500299999999974,0.05749850000000015
1.3516999999999975,0.05741500000000013
1.3533699999999975,0.057331500000000146
1.3550399999999976,0.05724800000000013
1.3567099999999976,0.05716450000000012
1.3583799999999977,0.05708100000000013
1.3600499999999978,0.05699750000000012
1.3617199999999978,0.05691400000000013
1.3633899999999979,0.05683050000000012
1.365059999999998,0.0567470000000001
1.366729999999998,0.05666350000000012
1.368399999999998,0.0565800000000001
1.3700699999999981,0.056496500000000116
1.3717399999999982,0.0564130000000001
1.3734099999999982,0.05632950000000009
1.3750799999999983,0.0562460000000001
1.3767499999999984,0.05616250000000009
1.3784199999999984,0.0560790000000001
1.3800899999999985,0.05599550000000009
1.3817599999999985,0.05591200000000007
1.3834299999999986,0.055828500000000086
1.3850999999999987,0.05574500000000007
1.3867699999999987,0.055661500000000086
1.3884399999999988,0.05557800000000007
1.3901099999999988,0.05549450000000006
1.391779999999999,0.05541100000000007
1.393449999999999,0.05532750000000006
1.395119999999999,0.05524400000000007
1.396789999999999,0.05516050000000006
1.3984599999999991,0.05507700000000004
1.4001299999999992,0.054993500000000056
1.4017999999999993,0.05491000000000004
1.4034699999999993,0.054826500000000056
1.4051399999999994,0.05474300000000004
1.4068099999999994,0.05465950000000003
1.4084799999999995,0.05457600000000004
1.4101499999999996,0.05449250000000003
1.4118199999999996,0.05440900000000004
1.4134899999999997,0.05432550000000003
1.4151599999999998,0.05424200000000001
1.4168299999999998,0.054158500000000026
1.4184999999999999,0.05407500000000001
1.42017,0.053991500000000026
1.42184,0.05390800000000001
1.42351,0.0538245
1.4251800000000001,0.05374100000000001
1.4268500000000002,0.0536575
1.4285200000000002,0.05357400000000001
1.4301900000000003,0.053490499999999996
1.4318600000000004,0.05340699999999998
1.4335300000000004,0.053323499999999996
1.4352000000000005,0.05323999999999998
1.4368700000000005,0.053156499999999995
1.4385400000000006,0.05307299999999998
1.4402100000000007,0.05298949999999997
1.4418800000000007,0.05290599999999998
1.4435500000000008,0.05282249999999997
1.4452200000000008,0.05273899999999998
1.446890000000001,0.052655499999999966
1.448560000000001,0.05257199999999995
1.450230000000001,0.052488499999999966
1.451900000000001,0.05240499999999995
1.4535700000000011,0.052321499999999965
1.4552400000000012,0.05223799999999995
1.4569100000000013,0.05215449999999994
1.4585800000000013,0.05207099999999995
1.4602500000000014,0.05198749999999994
1.4619200000000014,0.05190399999999995
1.4635900000000015,0.051820499999999936
1.4652600000000016,0.05173699999999995
1.4669300000000016,0.051653499999999936
1.4686000000000017,0.05156999999999992
1.4702700000000017,0.051486499999999935
1.4719400000000018,0.05140299999999992
1.4736100000000019,0.051319499999999935
1.475280000000002,0.05123599999999992
1.476950000000002,0.051152499999999906
1.478620000000002,0.05106899999999992
1.480290000000002,0.050985499999999906
1.4819600000000022,0.05090199999999992
1.4836300000000022,0.050818499999999905
1.4853000000000023,0.05073499999999989
1.4869700000000023,0.050651499999999905
1.4886400000000024,0.05056799999999989
1.4903100000000025,0.050484499999999904
1.4919800000000025,0.05040099999999989
1.4936500000000026,0.050317499999999876
1.4953200000000026,0.05023399999999989
1.4969900000000027,0.050150499999999876
1.4986600000000028,0.05006699999999989
1.5003300000000028,0.04999999999999999
1.5020000000000029,0.04999999999999999
1.503670000000003,0.05000000000000002
1.505340000000003,0.05000000000000002
1.507010000000003,0.04999999999999999
1.5086800000000031,0.04999999999999999
1.5103500000000032,0.04999999999999999
1.5120200000000033,0.05000000000000002
1.5136900000000033,0.05000000000000002
1.5153600000000034,0.050000000000000044
1.5170300000000034,0.050000000000000044
1.5187000000000035,0.04999999999999999
1.5203700000000036,0.05000000000000002
1.5220400000000036,0.05000000000000002
1.5237100000000037,0.050000000000000044
1.5253800000000037,0.04999999999999999
1.5270500000000038,0.04999999999999999
1.5287200000000039,0.05000000000000002
1.530390000000004,0.05000000000000002
1.532060000000004,0.050000000000000044
1.533730000000004,0.04999999999999999
1.535400000000004,0.04999999999999999
1.5370700000000042,0.05000000000000002
1.5387400000000042,0.05000000000000002
1.5404100000000043,0.04999999999999999
1.5420800000000043,0.04999999999999999
1.5437500000000044,0.04999999999999999
1.5454200000000045,0.05000000000000002
1.5470900000000045,0.05000000000000002
1.5487600000000046,0.050000000000000044
1.5504300000000046,0.050000000000000044
1.5521000000000047,0.04999999999999999
1.5537700000000048,0.05000000000000002
1.5554400000000048,0.05000000000000002
1.5571100000000049,0.050000000000000044
1.558780000000005,0.04999999999999999
1.560450000000005,0.04999999999999999
1.562120000000005,0.05000000000000002
1.5637900000000051,0.05000000000000002
1.5654600000000052,0.050000000000000044
1.5671300000000052,0.04999999999999999
1.5688000000000053,0.04999999999999999
1.5704700000000054,0.05000000000000002
1.5721400000000054,0.05000000000000002
1.5738100000000055,0.04999999999999999
1.5754800000000055,0.04999999999999999
1.5771500000000056,0.04999999999999999
1.5788200000000057,0.05000000000000002
1.5804900000000057,0.05000000000000002
1.5821600000000058,0.050000000000000044
1.5838300000000058,0.050000000000000044
1.585500000000006,0.04999999999999999
1.587170000000006,0.05000000000000002
1.588840000000006,0.05000000000000002
1.590510000000006,0.050000000000000044
1.5921800000000061,0.04999999999999999
1.5938500000000062,0.04999999999999999
1.5955200000000063,0.05000000000000002
1.5971900000000063,0.05000000000000002
1.5988600000000064,0.050000000000000044
1.6005300000000064,0.04999999999999999
1.6022000000000065,0.04999999999999999
1.6038700000000066,0.05000000000000002
1.6055400000000066,0.05000000000000002
1.6072100000000067,0.04999999999999999
1.6088800000000067,0.04999999999999999
1.6105500000000068,0.04999999999999999
1.6122200000000069,0.05000000000000002
1.613890000000007,0.05000000000000002
1.615560000000007,0.050000000000000044
1.617230000000007,0.050000000000000044
1.6189000000000071,0.04999999999999999
1.6205700000000072,0.05000000000000002
1.6222400000000072,0.05000000000000002
1.6239100000000073,0.050000000000000044
1.6255800000000074,0.04999999999999999
1.6272500000000074,0.04999999999999999
1.6289200000000075,0.05000000000000002
1.6305900000000075,0.05000000000000002
1.6322600000000076,0.050000000000000044
1.6339300000000077,0.04999999999999999
1.6356000000000077,0.04999999999999999
1.6372700000000078,0.05000000000000002
1.6389400000000078,0.05000000000000002
1.640610000000008,0.04999999999999999
1.642280000000008,0.04999999999999999
1.643950000000008,0.04999999999999999
1.645620000000008,0.05000000000000002
1.6472900000000081,0.05000000000000002
1.6489600000000082,0.050000000000000044
1.6506300000000083,0.050000000000000044
1.6523000000000083,0.04999999999999999
1.6539700000000084,0.05000000000000002
1.6556400000000084,0.05000000000000002
1.6573100000000085,0.050000000000000044
1.6589800000000086,0.04999999999999999
1.6606500000000086,0.04999999999999999
1.6623200000000087,0.05000000000000002
1.6639900000000087,0.05000000000000002
1.6656600000000088,0.050000000000000044
1.6673300000000089,0.04999999999999999
1.669000000000009,0.04999999999999999
1.670670000000009,0.05000000000000002
1.672340000000009,0.05000000000000002
1.674010000000009,0.04999999999999999
1.6756800000000092,0.04999999999999999
1.6773500000000092,0.04999999999999999
1.6790200000000093,0.05000000000000002
1.6806900000000093,0.05000000000000002
1.6823600000000094,0.050000000000000044
1.6840300000000095,0.050000000000000044
1.6857000000000095,0.04999999999999999
1.6873700000000096,0.05000000000000002
1.6890400000000096,0.05000000000000002
1.6907100000000097,0.050000000000000044
1.6923800000000098,0.04999999999999999
1.6940500000000098,0.04999999999999999
1.6957200000000099,0.05000000000000002
1.69739000000001,0.05000000000000002
1.69906000000001,0.050000000000000044
1.70073000000001,0.04999999999999999
1.7024000000000101,0.04999999999999999
1.7040700000000102,0.05000000000000002
1.7057400000000102,0.05000000000000002
1.7074100000000103,0.04999999999999999
1.7090800000000104,0.050000000000000044
1.7107500000000104,0.050000000000000044
1.7124200000000105,0.05000000000000002
1.7140900000000105,0.05000000000000002
1.7157600000000106,0.050000000000000044
1.7174300000000107,0.050000000000000044
1.7191000000000107,0.04999999999999999
1.7207700000000108,0.05000000000000002
1.7224400000000109,0.05000000000000002
1.724110000000011,0.05000000000000002
1.725780000000011,0.050000000000000044
1.727450000000011,0.04999999999999999
1.729120000000011,0.05000000000000002
1.7307900000000112,0.05000000000000002
1.7324600000000112,0.05000000000000002
1.7341300000000113,0.04999999999999999
1.7358000000000113,0.04999999999999999
1.7374700000000114,0.05000000000000002
1.7391400000000115,0.05000000000000002
1.7408100000000115,0.05000000000000002
1.7424800000000116,0.050000000000000044
1.7441500000000116,0.050000000000000044
1.7458200000000117,0.05000000000000002
1.7474900000000118,0.05000000000000002
1.7491600000000118,0.05000000000000002
1.7508300000000119,0.050000000000000044
1.752500000000012,0.050000000000000044
1.754170000000012,0.05000000000000002
1.755840000000012,0.05000000000000002
1.7575100000000121,0.05000000000000002
1.7591800000000122,0.04999999999999999
1.7608500000000122,0.04999999999999999
1.7625200000000123,0.05000000000000002
1.7641900000000124,0.05000000000000002
1.7658600000000124,0.05000000000000002
1.7675300000000125,0.050000000000000044
1.7692000000000125,0.050000000000000044
1.7708700000000126,0.05000000000000007
1.7725400000000127,0.05000000000000002
1.7742100000000127,0.04999999999999996
1.7758800000000128,0.04999999999999999
1.7775500000000128,0.04999999999999999
1.779220000000013,0.05000000000000002
1.780890000000013,0.05000000000000002
1.782560000000013,0.05000000000000002
1.784230000000013,0.050000000000000044
1.7859000000000131,0.050000000000000044
1.7875700000000132,0.05000000000000002
1.7892400000000133,0.05000000000000002
1.7909100000000133,0.05000000000000002
1.7925800000000134,0.04999999999999999
1.7942500000000134,0.04999999999999999
1.7959200000000135,0.05000000000000002
1.7975900000000136,0.05000000000000002
1.7992600000000136,0.05000000000000002
1.8009300000000137,0.050000000000000044
1.8026000000000137,0.050000000000000044
1.8042700000000138,0.05000000000000007
1.8059400000000139,0.05000000000000002
1.807610000000014,0.04999999999999996
1.809280000000014,0.04999999999999999
1.810950000000014,0.04999999999999999
1.812620000000014,0.05000000000000002
1.8142900000000142,0.05000000000000002
1.8159600000000142,0.05000000000000002
1.8176300000000143,0.050000000000000044
1.8193000000000144,0.050000000000000044
1.8209700000000144,0.05000000000000002
1.8226400000000145,0.05000000000000002
1.8243100000000145,0.05000000000000002
1.8259800000000146,0.04999999999999999
1.8276500000000147,0.04999999999999999
1.8293200000000147,0.05000000000000002
1.8309900000000148,0.05000000000000002
1.8326600000000148,0.05000000000000002
1.834330000000015,0.050000000000000044
1.836000000000015,0.050000000000000044
1.837670000000015,0.05000000000000007
1.839340000000015,0.05000000000000002
1.8410100000000151,0.04999999999999996
1.8426800000000152,0.04999999999999999
1.8443500000000153,0.04999999999999999
1.8460200000000153,0.05000000000000002
1.8476900000000154,0.05000000000000002
1.8493600000000154,0.05000000000000002
1.8510300000000155,0.050000000000000044
1.8527000000000156,0.050000000000000044
1.8543700000000156,0.05000000000000002
1.8560400000000157,0.05000000000000002
1.8577100000000157,0.05000000000000002
1.8593800000000158,0.04999999999999999
1.8610500000000159,0.04999999999999999
1.862720000000016,0.05000000000000002
1.864390000000016,0.05000000000000002
1.866060000000016,0.05000000000000002
1.867730000000016,0.050000000000000044
1.8694000000000162,0.050000000000000044
1.8710700000000162,0.05000000000000007
1.8727400000000163,0.05000000000000002
1.8744100000000163,0.04999999999999996
1.8760800000000164,0.04999999999999999
1.8777500000000165,0.04999999999999999
1.8794200000000165,0.05000000000000002
1.8810900000000166,0.05000000000000002
1.8827600000000166,0.05000000000000002
1.8844300000000167,0.050000000000000044
1.8861000000000168,0.050000000000000044
1.8877700000000168,0.05000000000000002
1.8894400000000169,0.05000000000000002
1.891110000000017,0.05000000000000002
1.892780000000017,0.04999999999999999
1.894450000000017,0.04999999999999999
1.8961200000000171,0.04999999999999999
1.8977900000000172,0.05000000000000002
1.8994600000000172,0.05000000000000002
1.9011300000000173,0.050000000000000044
1.9028000000000174,0.050000000000000044
1.9044700000000174,0.050000000000000044
1.9061400000000175,0.05000000000000002
1.9078100000000175,0.04999999999999996
1.9094800000000176,0.04999999999999999
1.9111500000000177,0.04999999999999999
1.9128200000000177,0.04999999999999999
1.9144900000000178,0.05000000000000002
1.9161600000000178,0.05000000000000002
1.917830000000018,0.050000000000000044
1.919500000000018,0.050000000000000044
1.921170000000018,0.04999999999999999
1.922840000000018,0.05000000000000002
1.9245100000000182,0.05000000000000002
1.9261800000000182,0.050000000000000044
1.9278500000000183,0.04999999999999999
1.9295200000000183,0.04999999999999999
1.9311900000000184,0.05000000000000002
1.9328600000000185,0.05000000000000002
1.9345300000000185,0.050000000000000044
1.9362000000000186,0.050000000000000044
1.9378700000000186,0.050000000000000044
1.9395400000000187,0.05000000000000002
1.9412100000000188,0.05000000000000002
1.9428800000000188,0.050000000000000044
1.9445500000000189,0.050000000000000044
1.946220000000019,0.04999999999999999
1.947890000000019,0.05000000000000002
1.949560000000019,0.05000000000000002
1.9512300000000191,0.050000000000000044
1.9529000000000192,0.050000000000000044
1.9545700000000192,0.04999999999999999
1.9562400000000193,0.05000000000000002
1.9579100000000194,0.05000000000000002
1.9595800000000194,0.050000000000000044
1.9612500000000195,0.04999999999999999
1.9629200000000195,0.04999999999999999
1.9645900000000196,0.05000000000000002
1.9662600000000197,0.05000000000000002
1.9679300000000197,0.050000000000000044
1.9696000000000198,0.050000000000000044
1.9712700000000198,0.050000000000000044
1.97294000000002,0.05000000000000002
1.97461000000002,0.05000000000000002
1.97628000000002,0.050000000000000044
1.97795000000002,0.050000000000000044
1.9796200000000201,0.04999999999999999
1.9812900000000202,0.05000000000000002
1.9829600000000203,0.05000000000000002
1.9846300000000203,0.050000000000000044
1.9863000000000204,0.050000000000000044
1.9879700000000204,0.04999999999999999
1.9896400000000205,0.05000000000000002
1.9913100000000206,0.05000000000000002
1.9929800000000206,0.050000000000000044
1.9946500000000207,0.04999999999999999
1.9963200000000207,0.04999999999999999
1.9979900000000208,0.05000000000000002
1.9996600000000209,0.05000000000000002
2.0013300000000207,0.050000000000000044
2.0030000000000205,0.05000000000000002
2.0046700000000204,0.050000000000000044
2.00634000000002,0.04999999999999999
2.00801000000002,0.05000000000000002
2.00968000000002,0.050000000000000044
2.0113500000000197,0.05000000000000002
2.0130200000000196,0.050000000000000044
2.0146900000000194,0.04999999999999999
2.0163600000000192,0.05000000000000002
2.018030000000019,0.050000000000000044
2.019700000000019,0.05000000000000002
2.0213700000000188,0.050000000000000044
2.0230400000000186,0.04999999999999999
2.0247100000000184,0.05000000000000002
2.0263800000000183,0.050000000000000044
2.028050000000018,0.05000000000000002
2.029720000000018,0.050000000000000044
2.031390000000018,0.04999999999999999
2.0330600000000176,0.05000000000000002
2.0347300000000175,0.050000000000000044
2.0364000000000173,0.05000000000000002
2.038070000000017,0.050000000000000044
2.039740000000017,0.04999999999999999
2.041410000000017,0.05000000000000002
2.0430800000000167,0.050000000000000044
2.0447500000000165,0.05000000000000002
2.0464200000000163,0.050000000000000044
2.048090000000016,0.04999999999999999
2.049760000000016,0.05000000000000002
2.051430000000016,0.050000000000000044
2.0531000000000157,0.05000000000000002
2.0547700000000155,0.050000000000000044
2.0564400000000154,0.04999999999999999
2.058110000000015,0.05000000000000002
2.059780000000015,0.050000000000000044
2.061450000000015,0.05000000000000002
2.0631200000000147,0.050000000000000044
2.0647900000000146,0.04999999999999999
2.0664600000000144,0.05000000000000002
2.0681300000000142,0.050000000000000044
2.069800000000014,0.05000000000000002
2.071470000000014,0.050000000000000044
2.0731400000000137,0.04999999999999999
2.0748100000000136,0.05000000000000002
2.0764800000000134,0.050000000000000044
2.0781500000000133,0.05000000000000002
2.079820000000013,0.050000000000000044
2.081490000000013,0.04999999999999999
2.083160000000013,0.05000000000000002
2.0848300000000126,0.050000000000000044
2.0865000000000125,0.05000000000000002
2.0881700000000123,0.050000000000000044
2.089840000000012,0.04999999999999999
2.091510000000012,0.05000000000000002
2.093180000000012,0.050000000000000044
2.0948500000000116,0.05000000000000002
2.0965200000000115,0.050000000000000044
2.0981900000000113,0.04999999999999999
2.099860000000011,0.05000000000000002
2.101530000000011,0.050000000000000044
2.103200000000011,0.05000000000000002
2.1048700000000107,0.050000000000000044
2.1065400000000105,0.04999999999999999
2.1082100000000104,0.05000000000000002
2.10988000000001,0.050000000000000044
2.11155000000001,0.05000000000000002
2.11322000000001,0.050000000000000044
2.1148900000000097,0.04999999999999999
2.1165600000000095,0.05000000000000002
2.1182300000000094,0.050000000000000044
2.119900000000009,0.05000000000000002
2.121570000000009,0.050000000000000044
2.123240000000009,0.04999999999999999
2.1249100000000087,0.05000000000000002
2.1265800000000086,0.050000000000000044
2.1282500000000084,0.05000000000000002
2.1299200000000083,0.050000000000000044
2.131590000000008,0.04999999999999999
2.133260000000008,0.05000000000000002
2.1349300000000078,0.050000000000000044
2.1366000000000076,0.05000000000000002
2.1382700000000074,0.050000000000000044
2.1399400000000073,0.04999999999999999
2.141610000000007,0.05000000000000002
2.143280000000007,0.050000000000000044
2.144950000000007,0.05000000000000002
2.1466200000000066,0.050000000000000044
2.1482900000000065,0.04999999999999999
2.1499600000000063,0.05000000000000002
2.151630000000006,0.050000000000000044
2.153300000000006,0.05000000000000002
2.154970000000006,0.050000000000000044
2.1566400000000057,0.04999999999999999
2.1583100000000055,0.05000000000000002
2.1599800000000053,0.050000000000000044
2.161650000000005,0.05000000000000002
2.163320000000005,0.050000000000000044
2.164990000000005,0.04999999999999999
2.1666600000000047,0.05000000000000002
2.1683300000000045,0.050000000000000044
2.1700000000000044,0.05000000000000002
2.171670000000004,0.050000000000000044
2.173340000000004,0.04999999999999999
2.175010000000004,0.05000000000000002
2.1766800000000037,0.050000000000000044
2.1783500000000036,0.05000000000000002
2.1800200000000034,0.050000000000000044
2.1816900000000032,0.04999999999999999
2.183360000000003,0.05000000000000002
2.185030000000003,0.050000000000000044
2.1867000000000028,0.05000000000000002
2.1883700000000026,0.050000000000000044
2.1900400000000024,0.04999999999999999
2.1917100000000023,0.05000000000000002
2.193380000000002,0.050000000000000044
2.195050000000002,0.05000000000000002
2.196720000000002,0.050000000000000044
2.1983900000000016,0.04999999999999999
2.2000600000000015,0.05000000000000002
2.2017300000000013,0.050000000000000044
2.203400000000001,0.05000000000000002
2.205070000000001,0.050000000000000044
2.206740000000001,0.04999999999999999
2.2084100000000007,0.05000000000000002
2.2100800000000005,0.050000000000000044
2.2117500000000003,0.05000000000000002
2.21342,0.050000000000000044
2.21509,0.04999999999999999
2.21676,0.05000000000000002
2.2184299999999997,0.050000000000000044
2.2200999999999995,0.05000000000000002
2.2217699999999994,0.050000000000000044
2.223439999999999,0.04999999999999999
2.225109999999999,0.05000000000000002
2.226779999999999,0.050000000000000044
2.2284499999999987,0.05000000000000002
2.2301199999999985,0.050000000000000044
2.2317899999999984,0.04999999999999999
2.2334599999999982,0.05000000000000002
2.235129999999998,0.050000000000000044
2.236799999999998,0.05000000000000002
2.2384699999999977,0.050000000000000044
2.2401399999999976,0.04999999999999999
2.2418099999999974,0.05000000000000002
2.2434799999999973,0.050000000000000044
2.245149999999997,0.05000000000000002
2.246819999999997,0.050000000000000044
2.2484899999999968,0.04999999999999999
2.2501599999999966,0.05000000000000002
2.2518299999999964,0.050000000000000044
2.2534999999999963,0.05000000000000002
2.255169999999996,0.050000000000000044
2.256839999999996,0.04999999999999999
2.258509999999996,0.05000000000000002
2.2601799999999956,0.050000000000000044
2.2618499999999955,0.05000000000000002
2.2635199999999953,0.050000000000000044
2.265189999999995,0.04999999999999999
2.266859999999995,0.05000000000000002
2.268529999999995,0.050000000000000044
2.2701999999999947,0.05000000000000002
2.2718699999999945,0.050000000000000044
2.2735399999999943,0.04999999999999999
2.275209999999994,0.05000000000000002
2.276879999999994,0.050000000000000044
2.278549999999994,0.05000000000000002
2.2802199999999937,0.050000000000000044
2.2818899999999935,0.04999999999999999
2.2835599999999934,0.05000000000000002
2.285229999999993,0.050000000000000044
2.286899999999993,0.05000000000000002
2.288569999999993,0.050000000000000044
2.2902399999999927,0.04999999999999999
2.2919099999999926,0.05000000000000002
2.2935799999999924,0.050000000000000044
2.2952499999999922,0.05000000000000002
2.296919999999992,0.050000000000000044
2.298589999999992,0.04999999999999999
2.3002599999999918,0.05000000000000002
2.3019299999999916,0.050000000000000044
2.3035999999999914,0.05000000000000002
2.3052699999999913,0.050000000000000044
2.306939999999991,0.04999999999999999
2.308609999999991,0.05000000000000002
2.310279999999991,0.050000000000000044
2.3119499999999906,0.05000000000000002
2.3136199999999905,0.050000000000000044
2.3152899999999903,0.04999999999999999
2.31695999999999,0.05000000000000002
2.31862999999999,0.050000000000000044
2.32029999999999,0.05000000000000002
2.3219699999999897,0.050000000000000044
2.3236399999999895,0.04999999999999999
2.3253099999999893,0.05000000000000002
2.326979999999989,0.050000000000000044
2.328649999999989,0.05000000000000002
2.330319999999989,0.050000000000000044
2.3319899999999887,0.04999999999999999
2.3336599999999885,0.05000000000000002
2.3353299999999884,0.050000000000000044
2.336999999999988,0.05000000000000002
2.338669999999988,0.050000000000000044
2.340339999999988,0.04999999999999999
2.3420099999999877,0.05000000000000002
2.3436799999999876,0.050000000000000044
2.3453499999999874,0.05000000000000002
2.3470199999999872,0.050000000000000044
2.348689999999987,0.04999999999999999
2.350359999999987,0.05000000000000002
2.3520299999999867,0.050000000000000044
2.3536999999999866,0.05000000000000002
2.3553699999999864,0.050000000000000044
2.3570399999999863,0.04999999999999999
2.358709999999986,0.05000000000000002
2.360379999999986,0.050000000000000044
2.3620499999999858,0.05000000000000002
2.3637199999999856,0.050000000000000044
2.3653899999999854,0.04999999999999999
2.3670599999999853,0.05000000000000002
2.368729999999985,0.050000000000000044
2.370399999999985,0.05000000000000002
2.372069999999985,0.050000000000000044
2.3737399999999846,0.04999999999999999
2.3754099999999845,0.05000000000000002
2.3770799999999843,0.050000000000000044
2.378749999999984,0.05000000000000002
2.380419999999984,0.050000000000000044
2.382089999999984,0.04999999999999999
2.3837599999999837,0.05000000000000002
2.3854299999999835,0.050000000000000044
2.3870999999999833,0.05000000000000002
2.388769999999983,0.050000000000000044
2.390439999999983,0.04999999999999999
2.392109999999983,0.05000000000000002
2.3937799999999827,0.050000000000000044
2.3954499999999825,0.05000000000000002
2.3971199999999824,0.050000000000000044
2.398789999999982,0.04999999999999999
2.400459999999982,0.05000000000000002
2.402129999999982,0.050000000000000044
2.4037999999999817,0.05000000000000002
2.4054699999999816,0.050000000000000044
2.4071399999999814,0.04999999999999999
2.4088099999999812,0.05000000000000002
2.410479999999981,0.050000000000000044
2.412149999999981,0.05000000000000002
2.4138199999999808,0.050000000000000044
2.4154899999999806,0.04999999999999999
2.4171599999999804,0.05000000000000002
2.4188299999999803,0.050000000000000044
2.42049999999998,0.05000000000000002
2.42216999999998,0.050000000000000044
2.42383999999998,0.04999999999999999
2.4255099999999796,0.05000000000000002
2.4271799999999795,0.050000000000000044
2.4288499999999793,0.05000000000000002
2.430519999999979,0.050000000000000044
2.432189999999979,0.04999999999999999
2.433859999999979,0.05000000000000002
2.4355299999999787,0.050000000000000044
2.4371999999999785,0.05000000000000002
2.4388699999999783,0.050000000000000044
2.440539999999978,0.04999999999999999
2.442209999999978,0.05000000000000002
2.443879999999978,0.050000000000000044
2.4455499999999777,0.05000000000000002
2.4472199999999775,0.050000000000000044
2.4488899999999774,0.04999999999999999
2.450559999999977,0.05000000000000002
2.452229999999977,0.050000000000000044
2.453899999999977,0.05000000000000002
2.4555699999999767,0.050000000000000044
2.4572399999999766,0.04999999999999999
2.4589099999999764,0.05000000000000002
2.4605799999999762,0.050000000000000044
2.462249999999976,0.04999999999999999
2.463919999999976,0.050000000000000044
2.4655899999999757,0.04999999999999999
2.4672599999999756,0.05000000000000002
2.4689299999999754,0.050000000000000044
2.4705999999999753,0.04999999999999999
2.472269999999975,0.050000000000000044
2.473939999999975,0.04999999999999999
2.4756099999999748,0.05000000000000002
2.4772799999999746,0.050000000000000044
2.4789499999999745,0.04999999999999999
2.4806199999999743,0.050000000000000044
2.482289999999974,0.04999999999999999
2.483959999999974,0.05000000000000002
2.485629999999974,0.050000000000000044
2.4872999999999736,0.04999999999999999
2.4889699999999735,0.050000000000000044
2.4906399999999733,0.04999999999999999
2.492309999999973,0.05000000000000002
2.493979999999973,0.050000000000000044
2.495649999999973,0.04999999999999999
2.4973199999999727,0.050000000000000044
2.4989899999999725,0.04999999999999999
2.5006599999999723,0.05003299999999866
2.502329999999972,0.05011649999999862
2.503999999999972,0.05019999999999858
2.505669999999972,0.05028349999999865
2.5073399999999717,0.05036699999999861
2.5090099999999715,0.05045049999999862
2.5106799999999714,0.05053399999999858
2.512349999999971,0.05061749999999854
2.514019999999971,0.05070099999999861
2.515689999999971,0.05078449999999857
2.5173599999999707,0.05086799999999858
2.5190299999999706,0.05095149999999854
2.5206999999999704,0.0510349999999985
2.5223699999999702,0.05111849999999857
2.52403999999997,0.051201999999998526
2.52570999999997,0.05128549999999854
2.5273799999999698,0.0513689999999985
2.5290499999999696,0.05145249999999846
2.5307199999999694,0.05153599999999853
2.5323899999999693,0.051619499999998486
2.534059999999969,0.0517029999999985
2.535729999999969,0.05178649999999846
2.537399999999969,0.05186999999999842
2.5390699999999686,0.05195349999999849
2.5407399999999685,0.052036999999998446
2.5424099999999683,0.05212049999999846
2.544079999999968,0.05220399999999842
2.545749999999968,0.05228749999999838
2.547419999999968,0.05237099999999845
2.5490899999999677,0.052454499999998405
2.5507599999999675,0.05253799999999842
2.5524299999999673,0.05262149999999838
2.554099999999967,0.052704999999998337
2.555769999999967,0.052788499999998406
2.557439999999967,0.052871999999998365
2.5591099999999667,0.05295549999999838
2.5607799999999665,0.05303899999999834
2.5624499999999664,0.053122499999998296
2.564119999999966,0.053205999999998366
2.565789999999966,0.053289499999998324
2.567459999999966,0.05337299999999834
2.5691299999999657,0.0534564999999983
2.5707999999999656,0.053539999999998256
2.5724699999999654,0.053623499999998325
2.5741399999999652,0.053706999999998284
2.575809999999965,0.0537904999999983
2.577479999999965,0.05387399999999826
2.5791499999999647,0.053957499999998215
2.5808199999999646,0.054040999999998285
2.5824899999999644,0.05412449999999824
2.5841599999999643,0.05420799999999826
2.585829999999964,0.054291499999998216
2.587499999999964,0.054374999999998175
2.589169999999964,0.054458499999998244
2.5908399999999636,0.0545419999999982
2.5925099999999635,0.05462549999999822
2.5941799999999633,0.054708999999998176
2.595849999999963,0.054792499999998134
2.597519999999963,0.054875999999998204
2.599189999999963,0.05495949999999816
2.6008599999999626,0.05504299999999818
2.6025299999999625,0.055126499999998135
2.6041999999999623,0.055209999999998094
2.605869999999962,0.055293499999998164
2.607539999999962,0.05537699999999812
2.609209999999962,0.055460499999998136
2.6108799999999617,0.055543999999998095
2.6125499999999615,0.055627499999998054
2.6142199999999614,0.05571099999999812
2.615889999999961,0.05579449999999808
2.617559999999961,0.055877999999998096
2.619229999999961,0.055961499999998054
2.6208999999999607,0.05604499999999801
2.6225699999999605,0.05612849999999808
2.6242399999999604,0.05621199999999804
2.62590999999996,0.056295499999998055
2.62757999999996,0.056378999999998014
2.62924999999996,0.05646249999999797
2.6309199999999597,0.05654599999999804
2.6325899999999596,0.056629499999998
2.6342599999999594,0.056712999999998015
2.6359299999999593,0.056796499999997974
2.637599999999959,0.05687999999999793
2.639269999999959,0.056963499999998
2.6409399999999588,0.05704699999999796
2.6426099999999586,0.057130499999997975
2.6442799999999584,0.05721399999999793
2.6459499999999583,0.05729749999999789
2.647619999999958,0.05738099999999796
2.649289999999958,0.05746449999999792
2.650959999999958,0.057547999999997934
2.6526299999999576,0.05763149999999789
2.6542999999999575,0.05771499999999785
2.6559699999999573,0.05779849999999792
2.657639999999957,0.05788199999999788
2.659309999999957,0.057965499999997894
2.660979999999957,0.05804899999999785
2.6626499999999567,0.05813249999999781
2.6643199999999565,0.05821599999999788
2.6659899999999563,0.05829949999999784
2.667659999999956,0.05838299999999785
2.669329999999956,0.05846649999999781
2.670999999999956,0.05854999999999777
2.6726699999999557,0.05863349999999784
2.6743399999999555,0.0587169999999978
2.6760099999999554,0.05880049999999781
2.677679999999955,0.05888399999999777
2.679349999999955,0.05896749999999773
2.681019999999955,0.0590509999999978
2.6826899999999547,0.05913449999999776
2.6843599999999546,0.05921799999999777
2.6860299999999544,0.05930149999999773
2.6876999999999542,0.05938499999999769
2.689369999999954,0.05946849999999776
2.691039999999954,0.05955199999999772
2.6927099999999538,0.05963549999999773
2.6943799999999536,0.05971899999999769
2.6960499999999534,0.05980249999999765
2.6977199999999533,0.05988599999999772
2.699389999999953,0.05996949999999768
2.701059999999953,0.06005299999999769
2.702729999999953,0.06013649999999765
2.7043999999999526,0.06021999999999761
2.7060699999999525,0.06030349999999768
2.7077399999999523,0.06038699999999764
2.709409999999952,0.060470499999997596
2.711079999999952,0.06055399999999761
2.712749999999952,0.06063749999999757
2.7144199999999516,0.06072099999999764
2.7160899999999515,0.0608044999999976
2.7177599999999513,0.060887999999997555
2.719429999999951,0.06097149999999757
2.721099999999951,0.06105499999999753
2.722769999999951,0.0611384999999976
2.7244399999999507,0.061221999999997556
2.7261099999999505,0.061305499999997515
2.7277799999999504,0.06138899999999753
2.72944999999995,0.06147249999999749
2.73111999999995,0.06155599999999756
2.73278999999995,0.061639499999997516
2.7344599999999497,0.061722999999997474
2.7361299999999495,0.06180649999999749
2.7377999999999494,0.06188999999999745
2.7394699999999492,0.06197349999999752
2.741139999999949,0.062056999999997475
2.742809999999949,0.062140499999997434
2.7444799999999487,0.06222399999999745
2.7461499999999486,0.06230749999999741
2.7478199999999484,0.062390999999997476
2.7494899999999483,0.062474499999997435
2.751159999999948,0.06255799999999745
2.752829999999948,0.06264149999999741
2.7544999999999478,0.06272499999999737
2.7561699999999476,0.06280849999999738
2.7578399999999474,0.0628919999999974
2.7595099999999473,0.06297549999999741
2.761179999999947,0.06305899999999737
2.762849999999947,0.06314249999999733
2.764519999999947,0.06322599999999734
2.7661899999999466,0.06330949999999735
2.7678599999999465,0.06339299999999737
2.7695299999999463,0.06347649999999733
2.771199999999946,0.06355999999999729
2.772869999999946,0.0636434999999973
2.774539999999946,0.06372699999999731
2.7762099999999457,0.06381049999999733
2.7778799999999455,0.06389399999999729
2.7795499999999453,0.06397749999999724
2.781219999999945,0.06406099999999726
2.782889999999945,0.06414449999999727
2.784559999999945,0.06422799999999729
2.7862299999999447,0.06431149999999725
2.7878999999999445,0.0643949999999972
2.7895699999999444,0.06447849999999722
2.791239999999944,0.06456199999999723
2.792909999999944,0.06464549999999725
2.794579999999944,0.0647289999999972
2.7962499999999437,0.06481249999999716
2.7979199999999436,0.06489599999999718
2.7995899999999434,0.06497949999999719
2.8012599999999432,0.0650629999999972
2.802929999999943,0.06514649999999717
2.804599999999943,0.06522999999999712
2.8062699999999428,0.06531349999999714
2.8079399999999426,0.06539699999999715
2.8096099999999424,0.06548049999999717
2.8112799999999423,0.06556399999999712
2.812949999999942,0.06564749999999708
2.814619999999942,0.0657309999999971
2.816289999999942,0.06581449999999711
2.8179599999999416,0.06589799999999713
2.8196299999999415,0.06598149999999708
2.8212999999999413,0.06606499999999704
2.822969999999941,0.06614849999999706
2.824639999999941,0.06623199999999707
2.826309999999941,0.06631549999999709
2.8279799999999407,0.06639899999999704
2.8296499999999405,0.066482499999997
2.8313199999999403,0.06656599999999702
2.83298999999994,0.06664949999999703
2.83465999999994,0.06673299999999704
2.83632999999994,0.066816499999997
2.8379999999999397,0.06689999999999696
2.8396699999999395,0.06698349999999698
2.8413399999999394,0.06706699999999699
2.843009999999939,0.067150499999997
2.844679999999939,0.06723399999999696
2.846349999999939,0.06731749999999692
2.8480199999999387,0.06740099999999694
2.8496899999999385,0.06748449999999695
2.8513599999999384,0.06756799999999696
2.8530299999999382,0.06765149999999692
2.854699999999938,0.06773499999999688
2.856369999999938,0.0678184999999969
2.8580399999999377,0.06790199999999691
2.8597099999999376,0.06798549999999692
2.8613799999999374,0.06806899999999688
2.8630499999999373,0.06815249999999684
2.864719999999937,0.06823599999999685
2.866389999999937,0.06831949999999687
2.8680599999999368,0.06840299999999688
2.8697299999999366,0.06848649999999684
2.8713999999999364,0.0685699999999968
2.8730699999999363,0.06865349999999681
2.874739999999936,0.06873699999999683
2.876409999999936,0.06882049999999684
2.878079999999936,0.0689039999999968
2.8797499999999356,0.06898749999999676
2.8814199999999355,0.06907099999999677
2.8830899999999353,0.06915449999999679
2.884759999999935,0.0692379999999968
2.886429999999935,0.06932149999999676
2.888099999999935,0.06940499999999672
2.8897699999999347,0.06948849999999673
2.8914399999999345,0.06957199999999675
2.8931099999999343,0.06965549999999676
2.894779999999934,0.06973899999999672
2.896449999999934,0.06982249999999668
2.898119999999934,0.06990599999999669
2.8997899999999337,0.06998949999999671
2.9014599999999335,0.07007299999999672
2.9031299999999334,0.07015649999999668
2.904799999999933,0.07023999999999664
2.906469999999933,0.0703234999999966
2.908139999999933,0.07040699999999667
2.9098099999999327,0.07049049999999668
2.9114799999999326,0.07057399999999664
2.9131499999999324,0.0706574999999966
2.9148199999999322,0.07074099999999656
2.916489999999932,0.07082449999999663
2.918159999999932,0.07090799999999658
2.9198299999999318,0.0709914999999966
2.9214999999999316,0.07107499999999656
2.9231699999999314,0.07115849999999652
2.9248399999999313,0.07124199999999659
2.926509999999931,0.07132549999999654
2.928179999999931,0.07140899999999656
2.929849999999931,0.07149249999999652
2.9315199999999306,0.07157599999999648
2.9331899999999305,0.07165949999999655
2.9348599999999303,0.0717429999999965
2.93652999999993,0.07182649999999652
2.93819999999993,0.07190999999999648
2.93986999999993,0.07199349999999644
2.9415399999999297,0.0720769999999965
2.9432099999999295,0.07216049999999646
2.9448799999999293,0.07224399999999648
2.946549999999929,0.07232749999999644
2.948219999999929,0.0724109999999964
2.949889999999929,0.07249449999999646
2.9515599999999287,0.07257799999999642
2.9532299999999285,0.07266149999999644
2.9548999999999284,0.0727449999999964
2.956569999999928,0.07282849999999635
2.958239999999928,0.07291199999999642
2.959909999999928,0.07299549999999638
2.9615799999999277,0.0730789999999964
2.9632499999999276,0.07316249999999636
2.9649199999999274,0.07324599999999631
2.9665899999999272,0.07332949999999638
2.968259999999927,0.07341299999999634
2.969929999999927,0.07349649999999636
2.9715999999999267,0.07357999999999632
2.9732699999999266,0.07366349999999627
2.9749399999999264,0.07374699999999634
2.9766099999999263,0.0738304999999963
2.978279999999926,0.07391399999999632
2.979949999999926,0.07399749999999627
2.9816199999999258,0.07408099999999623
2.9832899999999256,0.0741644999999963
2.9849599999999255,0.07424799999999626
2.9866299999999253,0.07433149999999628
2.988299999999925,0.07441499999999623
2.989969999999925,0.07449849999999619
2.991639999999925,0.07458199999999626
2.9933099999999246,0.07466549999999622
2.9949799999999245,0.07474899999999624
2.9966499999999243,0.0748324999999962
2.998319999999924,0.07491599999999615
2.999989999999924,0.07499949999999622
3.001659999999924,0.07508299999999618
3.0033299999999237,0.0751664999999962
3.0049999999999235,0.07524999999999615
3.0066699999999233,0.07533349999999611
3.008339999999923,0.07541699999999618
3.010009999999923,0.07550049999999614
3.011679999999923,0.07558399999999615
3.0133499999999227,0.07566749999999611
3.0150199999999225,0.07575099999999607
3.0166899999999224,0.07583449999999614
3.018359999999922,0.0759179999999961
3.020029999999922,0.07600149999999611
3.021699999999922,0.07608499999999607
3.0233699999999217,0.07616849999999603
3.0250399999999216,0.0762519999999961
3.0267099999999214,0.07633549999999606
3.0283799999999212,0.07641899999999607
3.030049999999921,0.07650249999999603
3.031719999999921,0.07658599999999599
3.0333899999999208,0.07666949999999606
3.0350599999999206,0.07675299999999602
3.0367299999999204,0.07683649999999603
3.0383999999999203,0.07691999999999599
3.04006999999992,0.07700349999999595
3.04173999999992,0.07708699999999602
3.04340999999992,0.07717049999999598
3.0450799999999196,0.07725399999999599
3.0467499999999195,0.07733749999999595
3.0484199999999193,0.07742099999999591
3.050089999999919,0.07750449999999598
3.051759999999919,0.07758799999999594
3.053429999999919,0.07767149999999595
3.0550999999999187,0.07775499999999591
3.0567699999999185,0.07783849999999587
3.0584399999999183,0.07792199999999594
3.060109999999918,0.0780054999999959
3.061779999999918,0.07808899999999591
3.063449999999918,0.07817249999999587
3.0651199999999177,0.07825599999999583
3.0667899999999175,0.0783394999999959
3.0684599999999174,0.07842299999999586
3.070129999999917,0.07850649999999587
3.071799999999917,0.07858999999999583
3.073469999999917,0.07867349999999579
3.0751399999999167,0.07875699999999586
3.0768099999999166,0.07884049999999582
3.0784799999999164,0.07892399999999583
3.0801499999999162,0.07900749999999579
3.081819999999916,0.07909099999999575
3.083489999999916,0.07917449999999582
3.0851599999999157,0.07925799999999578
3.0868299999999156,0.07934149999999579
3.0884999999999154,0.07942499999999575
3.0901699999999153,0.07950849999999571
3.091839999999915,0.07959199999999578
3.093509999999915,0.07967549999999574
3.0951799999999148,0.07975899999999575
3.0968499999999146,0.07984249999999571
3.0985199999999145,0.07992599999999567
3.1001899999999143,0.08000949999999568
3.101859999999914,0.0800929999999957
3.103529999999914,0.08017649999999571
3.105199999999914,0.08025999999999567
3.1068699999999136,0.08034349999999563
3.1085399999999135,0.08042699999999564
3.1102099999999133,0.08051049999999565
3.111879999999913,0.08059399999999567
3.113549999999913,0.08067749999999563
3.115219999999913,0.08076099999999559
3.1168899999999127,0.0808444999999956
3.1185599999999125,0.08092799999999561
3.1202299999999124,0.08101149999999563
3.121899999999912,0.08109499999999559
3.123569999999912,0.08117849999999555
3.125239999999912,0.08126199999999556
3.1269099999999117,0.08134549999999557
3.1285799999999115,0.08142899999999559
3.1302499999999114,0.08151249999999555
3.131919999999911,0.0815959999999955
3.133589999999911,0.08167949999999552
3.135259999999911,0.08176299999999553
3.1369299999999107,0.08184649999999555
3.1385999999999106,0.0819299999999955
3.1402699999999104,0.08201349999999547
3.1419399999999102,0.08209699999999548
3.14360999999991,0.0821804999999955
3.14527999999991,0.08226399999999551
3.1469499999999098,0.08234749999999547
3.1486199999999096,0.08243099999999542
3.1502899999999094,0.08251449999999544
3.1519599999999093,0.08259799999999545
3.153629999999909,0.08268149999999547
3.155299999999909,0.08276499999999543
3.156969999999909,0.08284849999999538
3.1586399999999086,0.0829319999999954
3.1603099999999085,0.08301549999999541
3.1619799999999083,0.08309899999999543
3.163649999999908,0.08318249999999539
3.165319999999908,0.08326599999999534
3.166989999999908,0.08334949999999536
3.1686599999999077,0.08343299999999537
3.1703299999999075,0.08351649999999539
3.1719999999999073,0.08359999999999534
3.173669999999907,0.0836834999999953
3.175339999999907,0.08376699999999532
3.177009999999907,0.08385049999999533
3.1786799999999067,0.08393399999999535
3.1803499999999065,0.0840174999999953
3.1820199999999064,0.08410099999999526
3.183689999999906,0.08418449999999528
3.185359999999906,0.08426799999999529
3.187029999999906,0.0843514999999953
3.1886999999999057,0.08443499999999526
3.1903699999999056,0.08451849999999522
3.1920399999999054,0.08460199999999524
3.1937099999999052,0.08468549999999525
3.195379999999905,0.08476899999999526
3.197049999999905,0.08485249999999522
3.1987199999999048,0.08493599999999518
3.2003899999999046,0.0850194999999952
3.2020599999999044,0.08510299999999521
3.2037299999999043,0.08518649999999522
3.205399999999904,0.08526999999999518
3.207069999999904,0.08535349999999514
3.208739999999904,0.08543699999999516
3.2104099999999036,0.08552049999999517
3.2120799999999035,0.08560399999999518
3.2137499999999033,0.08568749999999514
3.215419999999903,0.0857709999999951
3.217089999999903,0.08585449999999512
3.218759999999903,0.08593799999999513
3.2204299999999026,0.08602149999999514
3.2220999999999025,0.0861049999999951
3.2237699999999023,0.08618849999999506
3.225439999999902,0.08627199999999507
3.227109999999902,0.08635549999999509
3.228779999999902,0.0864389999999951
3.2304499999999017,0.08652249999999506
3.2321199999999015,0.08660599999999502
3.2337899999999014,0.08668949999999503
3.235459999999901,0.08677299999999505
3.237129999999901,0.08685649999999506
3.238799999999901,0.08693999999999502
3.2404699999999007,0.08702349999999498
3.2421399999999005,0.087106999999995
3.2438099999999004,0.08719049999999501
3.2454799999999002,0.08727399999999502
3.2471499999999,0.08735749999999498
3.2488199999999,0.08744099999999494
3.2504899999998997,0.08752449999999495
3.2521599999998996,0.08760799999999497
3.2538299999998994,0.08769149999999498
3.2554999999998993,0.08777499999999494
3.257169999999899,0.0878584999999949
3.258839999999899,0.08794199999999491
3.2605099999998988,0.08802549999999493
3.2621799999998986,0.08810899999999494
3.2638499999998984,0.0881924999999949
3.2655199999998983,0.08827599999999486
3.267189999999898,0.08835949999999487
3.268859999999898,0.08844299999999489
3.270529999999898,0.0885264999999949
3.2721999999998976,0.08860999999999486
3.2738699999998975,0.08869349999999482
3.2755399999998973,0.08877699999999483
3.277209999999897,0.08886049999999485
3.278879999999897,0.08894399999999486
3.280549999999897,0.08902749999999482
3.2822199999998967,0.08911099999999478
3.2838899999998965,0.08919449999999479
3.2855599999998963,0.0892779999999948
3.287229999999896,0.08936149999999482
3.288899999999896,0.08944499999999478
3.290569999999896,0.08952849999999474
3.2922399999998957,0.08961199999999475
3.2939099999998955,0.08969549999999477
3.2955799999998954,0.08977899999999478
3.297249999999895,0.08986249999999474
3.298919999999895,0.0899459999999947
3.300589999999895,0.09002949999999471
3.3022599999998947,0.09011299999999473
3.3039299999998946,0.09019649999999474
3.3055999999998944,0.0902799999999947
3.3072699999998942,0.09036349999999466
3.308939999999894,0.09044699999999467
3.310609999999894,0.09053049999999468
3.3122799999998938,0.0906139999999947
3.3139499999998936,0.09069749999999466
3.3156199999998934,0.09078099999999462
3.3172899999998933,0.09086449999999463
3.318959999999893,0.09094799999999464
3.320629999999893,0.09103149999999466
3.322299999999893,0.09111499999999462
3.3239699999998926,0.09119849999999458
3.3256399999998925,0.09128199999999459
3.3273099999998923,0.0913654999999946
3.328979999999892,0.09144899999999462
3.330649999999892,0.09153249999999458
3.332319999999892,0.09161599999999454
3.3339899999998917,0.09169949999999455
3.3356599999998915,0.09178299999999456
3.3373299999998913,0.09186649999999458
3.338999999999891,0.09194999999999454
3.340669999999891,0.0920334999999945
3.342339999999891,0.09211699999999451
3.3440099999998907,0.09220049999999452
3.3456799999998905,0.09228399999999454
3.3473499999998904,0.0923674999999945
3.34901999999989,0.09245099999999445
3.35068999999989,0.09253449999999447
3.35235999999989,0.09261799999999448
3.3540299999998897,0.0927014999999945
3.3556999999998895,0.09278499999999446
3.3573699999998894,0.09286849999999441
3.3590399999998892,0.09295199999999443
3.360709999999889,0.09303549999999444
3.362379999999889,0.09311899999999446
3.3640499999998887,0.09320249999999441
3.3657199999998886,0.09328599999999437
3.3673899999998884,0.09336949999999439
3.3690599999998883,0.0934529999999944
3.370729999999888,0.09353649999999442
3.372399999999888,0.09361999999999437
3.3740699999998878,0.09370349999999433
3.3757399999998876,0.09378699999999435
3.3774099999998874,0.09387049999999436
3.3790799999998873,0.09395399999999438
3.380749999999887,0.09403749999999433
3.382419999999887,0.09412099999999429
3.384089999999887,0.0942044999999943
3.3857599999998866,0.09428799999999432
3.3874299999998865,0.09437149999999433
3.3890999999998863,0.0944549999999943
3.390769999999886,0.09453849999999425
3.392439999999886,0.09462199999999427
3.394109999999886,0.09470549999999428
3.3957799999998857,0.0947889999999943
3.3974499999998855,0.09487249999999425
3.3991199999998853,0.09495599999999421
3.400789999999885,0.09503949999999423
3.402459999999885,0.09512299999999424
3.404129999999885,0.09520649999999425
3.4057999999998847,0.09528999999999421
3.4074699999998845,0.09537349999999417
3.4091399999998844,0.09545699999999419
3.410809999999884,0.0955404999999942
3.412479999999884,0.09562399999999421
3.414149999999884,0.09570749999999417
3.4158199999998837,0.09579099999999413
3.4174899999998836,0.09587449999999414
3.4191599999998834,0.09595799999999416
3.4208299999998832,0.09604149999999417
3.422499999999883,0.09612499999999413
3.424169999999883,0.09620849999999409
3.4258399999998828,0.0962919999999941
3.4275099999998826,0.09637549999999412
3.4291799999998824,0.09645899999999413
3.4308499999998823,0.09654249999999409
3.432519999999882,0.09662599999999405
3.434189999999882,0.09670949999999406
3.435859999999882,0.09679299999999408
3.4375299999998816,0.09687649999999409
3.4391999999998815,0.09695999999999405
3.4408699999998813,0.09704349999999401
3.442539999999881,0.09712699999999402
3.444209999999881,0.09721049999999404
3.445879999999881,0.09729399999999405
3.4475499999998807,0.09737749999999401
3.4492199999998805,0.09746099999999397
3.4508899999998803,0.09754449999999398
3.45255999999988,0.097627999999994
3.45422999999988,0.09771149999999401
3.45589999999988,0.09779499999999397
3.4575699999998797,0.09787849999999393
3.4592399999998795,0.09796199999999394
3.4609099999998794,0.09804549999999396
3.462579999999879,0.09812899999999397
3.464249999999879,0.09821249999999393
3.465919999999879,0.09829599999999389
3.4675899999998787,0.0983794999999939
3.4692599999998786,0.09846299999999392
3.4709299999998784,0.09854649999999393
3.4725999999998782,0.09862999999999389
3.474269999999878,0.09871349999999385
3.475939999999878,0.09879699999999386
3.4776099999998777,0.09888049999999388
3.4792799999998776,0.09896399999999389
3.4809499999998774,0.09904749999999385
3.4826199999998773,0.09913099999999381
3.484289999999877,0.09921449999999382
3.485959999999877,0.09929799999999384
3.4876299999998768,0.09938149999999385
3.4892999999998766,0.09946499999999381
3.4909699999998764,0.09954849999999377
3.4926399999998763,0.09963199999999378
3.494309999999876,0.0997154999999938
3.495979999999876,0.09979899999999381
3.497649999999876,0.09988249999999377
3.4993199999998756,0.09996599999999373
3.5009899999998755,0.10009899999998756
3.5026599999998753,0.10026599999998748
3.504329999999875,0.1004329999999875
3.505999999999875,0.10059999999998748
3.507669999999875,0.10076699999998745
3.5093399999998747,0.10093399999998748
3.5110099999998745,0.1011009999999874
3.5126799999998743,0.10126799999998742
3.514349999999874,0.1014349999999874
3.516019999999874,0.10160199999998737
3.517689999999874,0.1017689999999874
3.5193599999998737,0.10193599999998731
3.5210299999998735,0.10210299999998734
3.5226999999998734,0.10226999999998732
3.524369999999873,0.10243699999998729
3.526039999999873,0.10260399999998732
3.527709999999873,0.10277099999998723
3.5293799999998727,0.10293799999998726
3.5310499999998726,0.10310499999998723
3.5327199999998724,0.10327199999998721
3.5343899999998722,0.10343899999998724
3.536059999999872,0.10360599999998715
3.537729999999872,0.10377299999998718
3.5393999999998718,0.10393999999998715
3.5410699999998716,0.10410699999998713
3.5427399999998714,0.10427399999998715
3.5444099999998713,0.10444099999998707
3.546079999999871,0.1046079999999871
3.547749999999871,0.10477499999998707
3.549419999999871,0.10494199999998705
3.5510899999998706,0.10510899999998707
3.5527599999998705,0.10527599999998699
3.5544299999998703,0.10544299999998702
3.55609999999987,0.10560999999998699
3.55776999999987,0.10577699999998696
3.55943999999987,0.10594399999998699
3.5611099999998697,0.10611099999998691
3.5627799999998695,0.10627799999998694
3.5644499999998693,0.10644499999998691
3.566119999999869,0.10661199999998688
3.567789999999869,0.10677899999998691
3.569459999999869,0.10694599999998683
3.5711299999998687,0.10711299999998686
3.5727999999998685,0.10727999999998683
3.5744699999998684,0.1074469999999868
3.576139999999868,0.10761399999998683
3.577809999999868,0.10778099999998675
3.579479999999868,0.10794799999998678
3.5811499999998677,0.10811499999998675
3.5828199999998676,0.10828199999998672
3.5844899999998674,0.10844899999998675
3.5861599999998672,0.10861599999998667
3.587829999999867,0.1087829999999867
3.589499999999867,0.10894999999998667
3.5911699999998667,0.10911699999998664
3.5928399999998666,0.10928399999998667
3.5945099999998664,0.10945099999998659
3.5961799999998663,0.10961799999998662
3.597849999999866,0.10978499999998659
3.599519999999866,0.10995199999998656
3.6011899999998658,0.11011899999998659
3.6028599999998656,0.1102859999999865
3.6045299999998655,0.11045299999998653
3.6061999999998653,0.1106199999999865
3.607869999999865,0.11078699999998648
3.609539999999865,0.11095399999998651
3.611209999999865,0.11112099999998643
3.6128799999998646,0.11128799999998645
3.6145499999998645,0.11145499999998643
3.6162199999998643,0.1116219999999864
3.617889999999864,0.11178899999998643
3.619559999999864,0.11195599999998634
3.621229999999864,0.11212299999998637
3.6228999999998637,0.11228999999998635
3.6245699999998635,0.11245699999998632
3.6262399999998634,0.11262399999998635
3.627909999999863,0.11279099999998626
3.629579999999863,0.11295799999998629
3.631249999999863,0.11312499999998626
3.6329199999998627,0.11329199999998624
3.6345899999998625,0.11345899999998627
3.6362599999998624,0.11362599999998618
3.637929999999862,0.11379299999998621
3.639599999999862,0.11395999999998618
3.641269999999862,0.11412699999998616
3.6429399999998617,0.11429399999998618
3.6446099999998616,0.1144609999999861
3.6462799999998614,0.11462799999998613
3.6479499999998612,0.1147949999999861
3.649619999999861,0.11496199999998608
3.651289999999861,0.1151289999999861
3.6529599999998608,0.11529599999998602
3.6546299999998606,0.11546299999998605
3.6562999999998604,0.11562999999998602
3.6579699999998603,0.115796999999986
3.65963999999986,0.11596399999998602
3.66130999999986,0.11613099999998594
3.66297999999986,0.11629799999998597
3.6646499999998596,0.11646499999998594
3.6663199999998595,0.11663199999998591
3.6679899999998593,0.11679899999998594
3.669659999999859,0.11696599999998586
3.671329999999859,0.11713299999998589
3.672999999999859,0.11729999999998586
3.6746699999998587,0.11746699999998583
3.6763399999998585,0.11763399999998586
3.6780099999998583,0.11780099999998578
3.679679999999858,0.1179679999999858
3.681349999999858,0.11813499999998578
3.683019999999858,0.11830199999998575
3.6846899999998577,0.11846899999998578
3.6863599999998575,0.1186359999999857
3.6880299999998574,0.11880299999998573
3.689699999999857,0.1189699999999857
3.691369999999857,0.11913699999998567
3.693039999999857,0.1193039999999857
3.6947099999998567,0.11947099999998562
3.6963799999998566,0.11963799999998564
3.6980499999998564,0.11980499999998562
3.6997199999998562,0.11997199999998559
3.701389999999856,0.12013899999998562
3.703059999999856,0.12030599999998554
3.7047299999998557,0.12047299999998551
3.7063999999998556,0.12063999999998554
3.7080699999998554,0.12080699999998551
3.7097399999998553,0.12097399999998554
3.711409999999855,0.12114099999998545
3.713079999999855,0.12130799999998543
3.714749999999855,0.12147499999998546
3.7164199999998546,0.12164199999998543
3.7180899999998545,0.12180899999998546
3.7197599999998543,0.12197599999998537
3.721429999999854,0.12214299999998535
3.723099999999854,0.12230999999998537
3.724769999999854,0.12247699999998535
3.7264399999998536,0.12264399999998538
3.7281099999998535,0.12281099999998529
3.7297799999998533,0.12297799999998527
3.731449999999853,0.1231449999999853
3.733119999999853,0.12331199999998527
3.734789999999853,0.1234789999999853
3.7364599999998527,0.12364599999998521
3.7381299999998525,0.12381299999998518
3.7397999999998524,0.12397999999998521
3.741469999999852,0.12414699999998519
3.743139999999852,0.12431399999998521
3.744809999999852,0.12448099999998513
3.7464799999998517,0.1246479999999851
3.7481499999998515,0.12481499999998513
3.7498199999998514,0.1249819999999851
3.751489999999851,0.12514899999998513
3.753159999999851,0.12531599999998505
3.754829999999851,0.12548299999998502
3.7564999999998507,0.12564999999998505
3.7581699999998506,0.12581699999998502
3.7598399999998504,0.12598399999998505
3.7615099999998503,0.12615099999998497
3.76317999999985,0.12631799999998494
3.76484999999985,0.12648499999998497
3.7665199999998498,0.12665199999998494
3.7681899999998496,0.12681899999998497
3.7698599999998494,0.1269859999999849
3.7715299999998493,0.12715299999998486
3.773199999999849,0.1273199999999849
3.774869999999849,0.12748699999998486
3.776539999999849,0.1276539999999849
3.7782099999998486,0.1278209999999848
3.7798799999998485,0.12798799999998478
3.7815499999998483,0.1281549999999848
3.783219999999848,0.12832199999998478
3.784889999999848,0.1284889999999848
3.786559999999848,0.12865599999998473
3.7882299999998477,0.1288229999999847
3.7898999999998475,0.12898999999998473
3.7915699999998473,0.1291569999999847
3.793239999999847,0.12932399999998473
3.794909999999847,0.12949099999998465
3.796579999999847,0.12965799999998462
3.7982499999998467,0.12982499999998465
3.7999199999998465,0.12999199999998462
3.8015899999998464,0.1301589999999846
3.803259999999846,0.13032599999998457
3.804929999999846,0.13049299999998454
3.806599999999846,0.13065999999998457
3.8082699999998457,0.13082699999998454
3.8099399999998456,0.1309939999999845
3.8116099999998454,0.13116099999998448
3.8132799999998452,0.13132799999998446
3.814949999999845,0.13149499999998449
3.816619999999845,0.13166199999998446
3.8182899999998448,0.13182899999998443
3.8199599999998446,0.1319959999999844
3.8216299999998444,0.13216299999998438
3.8232999999998443,0.1323299999999844
3.824969999999844,0.13249699999998438
3.826639999999844,0.13266399999998435
3.828309999999844,0.13283099999998432
3.8299799999998436,0.1329979999999843
3.8316499999998435,0.13316499999998432
3.8333199999998433,0.1333319999999843
3.834989999999843,0.13349899999998427
3.836659999999843,0.13366599999998424
3.838329999999843,0.13383299999998421
3.8399999999998427,0.13399999999998424
3.8416699999998425,0.13416699999998422
3.8433399999998423,0.1343339999999842
3.845009999999842,0.13450099999998416
3.846679999999842,0.13466799999998413
3.848349999999842,0.13483499999998416
3.8500199999998417,0.13500199999998413
3.8516899999998415,0.1351689999999841
3.8533599999998414,0.13533599999998408
3.855029999999841,0.13550299999998405
3.856699999999841,0.13566999999998408
3.858369999999841,0.13583699999998405
3.8600399999998407,0.13600399999998403
3.8617099999998405,0.136170999999984
3.8633799999998404,0.13633799999998397
3.8650499999998402,0.136504999999984
3.86671999999984,0.13667199999998397
3.86838999999984,0.13683899999998395
3.8700599999998397,0.13700599999998392
3.8717299999998396,0.1371729999999839
3.8733999999998394,0.13733999999998392
3.8750699999998393,0.1375069999999839
3.876739999999839,0.13767399999998386
3.878409999999839,0.13784099999998384
3.8800799999998388,0.1380079999999838
3.8817499999998386,0.13817499999998384
3.8834199999998384,0.1383419999999838
3.8850899999998383,0.13850899999998378
3.886759999999838,0.13867599999998376
3.888429999999838,0.13884299999998373
3.890099999999838,0.13900999999998376
3.8917699999998376,0.13917699999998373
3.8934399999998375,0.1393439999999837
3.8951099999998373,0.13951099999998368
3.896779999999837,0.13967799999998365
3.898449999999837,0.13984499999998368
3.900119999999837,0.14001199999998365
3.9017899999998367,0.14017899999998362
3.9034599999998365,0.1403459999999836
3.9051299999998363,0.14051299999998357
3.906799999999836,0.1406799999999836
3.908469999999836,0.14084699999998357
3.910139999999836,0.14101399999998354
3.9118099999998357,0.14118099999998357
3.9134799999998355,0.1413479999999835
3.9151499999998354,0.14151499999998352
3.916819999999835,0.1416819999999835
3.918489999999835,0.14184899999998346
3.920159999999835,0.1420159999999835
3.9218299999998347,0.1421829999999834
3.9234999999998346,0.14234999999998343
3.9251699999998344,0.1425169999999834
3.9268399999998342,0.14268399999998338
3.928509999999834,0.1428509999999834
3.930179999999834,0.14301799999998333
3.9318499999998338,0.14318499999998335
3.9335199999998336,0.14335199999998333
3.9351899999998334,0.1435189999999833
3.9368599999998333,0.14368599999998333
3.938529999999833,0.14385299999998324
3.940199999999833,0.14401999999998327
3.941869999999833,0.14418699999998325
3.9435399999998326,0.14435399999998322
3.9452099999998325,0.14452099999998325
3.9468799999998323,0.14468799999998316
3.948549999999832,0.1448549999999832
3.950219999999832,0.14502199999998316
3.951889999999832,0.14518899999998314
3.9535599999998317,0.14535599999998317
3.9552299999998315,0.14552299999998308
3.9568999999998313,0.1456899999999831
3.958569999999831,0.14585699999998308
3.960239999999831,0.14602399999998306
3.961909999999831,0.14619099999998308
3.9635799999998307,0.146357999999983
3.9652499999998305,0.14652499999998303
3.9669199999998304,0.146691999999983
3.96858999999983,0.14685899999998298
3.97025999999983,0.147025999999983
3.97192999999983,0.14719299999998292
3.9735999999998297,0.14735999999998295
3.9752699999998296,0.14752699999998292
3.9769399999998294,0.1476939999999829
3.9786099999998292,0.14786099999998292
3.980279999999829,0.14802799999998284
3.981949999999829,0.14819499999998287
3.9836199999998287,0.14836199999998284
3.9852899999998286,0.1485289999999828
3.9869599999998284,0.14869599999998284
3.9886299999998283,0.14886299999998276
3.990299999999828,0.1490299999999828
3.991969999999828,0.14919699999998276
3.9936399999998278,0.14936399999998273
3.9953099999998276,0.14953099999998276
3.9969799999998274,0.14969799999998268
3.9986499999998273,0.1498649999999827
4.000319999999827,0.15003199999998268
4.001989999999827,0.15019899999998265
4.003659999999827,0.15036599999998262
4.005329999999827,0.15053299999998265
4.0069999999998265,0.15069999999998263
4.008669999999826,0.1508669999999826
4.010339999999826,0.15103399999998257
4.012009999999826,0.15120099999998254
4.013679999999826,0.15136799999998257
4.015349999999826,0.15153499999998254
4.0170199999998255,0.15170199999998252
4.018689999999825,0.1518689999999825
4.020359999999825,0.15203599999998246
4.022029999999825,0.1522029999999825
4.023699999999825,0.15236999999998246
4.025369999999825,0.15253699999998244
4.0270399999998245,0.1527039999999824
4.028709999999824,0.15287099999998238
4.030379999999824,0.1530379999999824
4.032049999999824,0.15320499999998238
4.033719999999824,0.15337199999998236
4.035389999999824,0.15353899999998233
4.037059999999824,0.1537059999999823
4.038729999999823,0.15387299999998233
4.040399999999823,0.1540399999999823
4.042069999999823,0.15420699999998227
4.043739999999823,0.15437399999998225
4.045409999999823,0.15454099999998222
4.047079999999823,0.15470799999998225
4.048749999999822,0.15487499999998222
4.050419999999822,0.1550419999999822
4.052089999999822,0.15520899999998217
4.053759999999822,0.15537599999998214
4.055429999999822,0.15554299999998217
4.057099999999822,0.15570999999998214
4.0587699999998215,0.1558769999999821
4.060439999999821,0.15604399999998209
4.062109999999821,0.15621099999998206
4.063779999999821,0.1563779999999821
4.065449999999821,0.15654499999998206
4.067119999999821,0.15671199999998203
4.0687899999998205,0.156878999999982
4.07045999999982,0.15704599999998198
4.07212999999982,0.157212999999982
4.07379999999982,0.15737999999998198
4.07546999999982,0.15754699999998195
4.07713999999982,0.15771399999998192
4.0788099999998195,0.1578809999999819
4.080479999999819,0.15804799999998193
4.082149999999819,0.1582149999999819
4.083819999999819,0.15838199999998187
4.085489999999819,0.15854899999998184
4.087159999999819,0.15871599999998182
4.0888299999998186,0.15888299999998184
4.090499999999818,0.15904999999998182
4.092169999999818,0.1592169999999818
4.093839999999818,0.15938399999998176
4.095509999999818,0.15955099999998174
4.097179999999818,0.15971799999998182
4.098849999999818,0.15988499999998174
4.100519999999817,0.1600519999999817
4.102189999999817,0.16021899999998168
4.103859999999817,0.16038599999998165
4.105529999999817,0.16055299999998174
4.107199999999817,0.16071999999998166
4.108869999999817,0.16088699999998163
4.1105399999998165,0.1610539999999816
4.112209999999816,0.16122099999998157
4.113879999999816,0.16138799999998166
4.115549999999816,0.16155499999998157
4.117219999999816,0.16172199999998155
4.118889999999816,0.16188899999998152
4.1205599999998155,0.1620559999999815
4.122229999999815,0.16222299999998158
4.123899999999815,0.1623899999999815
4.125569999999815,0.16255699999998147
4.127239999999815,0.16272399999998144
4.128909999999815,0.1628909999999814
4.1305799999998145,0.1630579999999815
4.132249999999814,0.1632249999999814
4.133919999999814,0.16339199999998139
4.135589999999814,0.16355899999998136
4.137259999999814,0.16372599999998133
4.138929999999814,0.16389299999998141
4.1405999999998135,0.16405999999998133
4.142269999999813,0.1642269999999813
4.143939999999813,0.16439399999998128
4.145609999999813,0.16456099999998125
4.147279999999813,0.16472799999998133
4.148949999999813,0.16489499999998125
4.150619999999813,0.16506199999998122
4.152289999999812,0.1652289999999812
4.153959999999812,0.16539599999998117
4.155629999999812,0.16556299999998125
4.157299999999812,0.16572999999998117
4.158969999999812,0.16589699999998114
4.160639999999812,0.16606399999998112
4.162309999999811,0.1662309999999811
4.163979999999811,0.16639799999998117
4.165649999999811,0.1665649999999811
4.167319999999811,0.16673199999998106
4.168989999999811,0.16689899999998103
4.170659999999811,0.167065999999981
4.1723299999998105,0.1672329999999811
4.17399999999981,0.167399999999981
4.17566999999981,0.16756699999998098
4.17733999999981,0.16773399999998095
4.17900999999981,0.16790099999998093
4.18067999999981,0.168067999999981
4.1823499999998095,0.16823499999998093
4.184019999999809,0.1684019999999809
4.185689999999809,0.16856899999998087
4.187359999999809,0.16873599999998085
4.189029999999809,0.16890299999998093
4.190699999999809,0.16906999999998085
4.1923699999998085,0.16923699999998082
4.194039999999808,0.1694039999999808
4.195709999999808,0.16957099999998076
4.197379999999808,0.16973799999998085
4.199049999999808,0.16990499999998077
4.200719999999808,0.17007199999998074
4.202389999999808,0.1702389999999807
4.204059999999807,0.17040599999998068
4.205729999999807,0.17057299999998077
4.207399999999807,0.17073999999998068
4.209069999999807,0.17090699999998066
4.210739999999807,0.17107399999998063
4.212409999999807,0.1712409999999806
4.214079999999806,0.1714079999999807
4.215749999999806,0.1715749999999806
4.217419999999806,0.17174199999998058
4.219089999999806,0.17190899999998055
4.220759999999806,0.17207599999998052
4.222429999999806,0.1722429999999806
4.2240999999998055,0.17240999999998052
4.225769999999805,0.1725769999999805
4.227439999999805,0.17274399999998047
4.229109999999805,0.17291099999998044
4.230779999999805,0.17307799999998053
4.232449999999805,0.17324499999998044
4.2341199999998045,0.17341199999998042
4.235789999999804,0.1735789999999804
4.237459999999804,0.17374599999998036
4.239129999999804,0.17391299999998044
4.240799999999804,0.17407999999998036
4.242469999999804,0.17424699999998033
4.2441399999998035,0.1744139999999803
4.245809999999803,0.17458099999998028
4.247479999999803,0.17474799999998036
4.249149999999803,0.17491499999998028
4.250819999999803,0.17508199999998025
4.252489999999803,0.17524899999998023
4.2541599999998025,0.1754159999999802
4.255829999999802,0.17558299999998028
4.257499999999802,0.1757499999999802
4.259169999999802,0.17591699999998017
4.260839999999802,0.17608399999998015
4.262509999999802,0.17625099999998012
4.264179999999802,0.1764179999999802
4.265849999999801,0.17658499999998012
4.267519999999801,0.1767519999999801
4.269189999999801,0.17691899999998006
4.270859999999801,0.17708599999998004
4.272529999999801,0.17725299999998012
4.274199999999801,0.17741999999998004
4.2758699999998,0.17758699999998
4.2775399999998,0.17775399999997998
4.2792099999998,0.17792099999997996
4.2808799999998,0.17808799999998004
4.2825499999998,0.17825499999997996
4.2842199999998,0.17842199999997993
4.2858899999997995,0.1785889999999799
4.287559999999799,0.17875599999997988
4.289229999999799,0.17892299999997996
4.290899999999799,0.17908999999997988
4.292569999999799,0.17925699999997985
4.294239999999799,0.17942399999997982
4.2959099999997985,0.1795909999999798
4.297579999999798,0.17975799999997988
4.299249999999798,0.1799249999999798
4.300919999999798,0.18009199999997977
4.302589999999798,0.18025899999997974
4.304259999999798,0.1804259999999797
4.3059299999997975,0.1805929999999798
4.307599999999797,0.18075999999997971
4.309269999999797,0.1809269999999797
4.310939999999797,0.18109399999997966
4.312609999999797,0.18126099999997963
4.314279999999797,0.18142799999997972
4.315949999999797,0.18159499999997963
4.317619999999796,0.1817619999999796
4.319289999999796,0.18192899999997958
4.320959999999796,0.18209599999997955
4.322629999999796,0.18226299999997964
4.324299999999796,0.18242999999997955
4.325969999999796,0.18259699999997953
4.327639999999795,0.1827639999999795
4.329309999999795,0.18293099999997947
4.330979999999795,0.18309799999997955
4.332649999999795,0.18326499999997947
4.334319999999795,0.18343199999997944
4.335989999999795,0.18359899999997942
4.3376599999997945,0.1837659999999794
4.339329999999794,0.18393299999997947
4.340999999999794,0.1840999999999794
4.342669999999794,0.18426699999997936
4.344339999999794,0.18443399999997934
4.346009999999794,0.1846009999999793
4.3476799999997935,0.1847679999999794
4.349349999999793,0.1849349999999793
4.351019999999793,0.18510199999997928
4.352689999999793,0.18526899999997926
4.354359999999793,0.18543599999997923
4.356029999999793,0.1856029999999793
4.3576999999997925,0.18576999999997923
4.359369999999792,0.1859369999999792
4.361039999999792,0.18610399999997917
4.362709999999792,0.18627099999997915
4.364379999999792,0.18643799999997923
4.366049999999792,0.18660499999997915
4.3677199999997915,0.18677199999997912
4.369389999999791,0.1869389999999791
4.371059999999791,0.18710599999997907
4.372729999999791,0.18727299999997915
4.374399999999791,0.18743999999997907
4.376069999999791,0.18760699999997904
4.377739999999791,0.187773999999979
4.37940999999979,0.18794099999997899
4.38107999999979,0.18810799999997907
4.38274999999979,0.188274999999979
4.38441999999979,0.18844199999997896
4.38608999999979,0.18860899999997893
4.38775999999979,0.1887759999999789
4.3894299999997894,0.188942999999979
4.391099999999789,0.1891099999999789
4.392769999999789,0.18927699999997888
4.394439999999789,0.18944399999997885
4.396109999999789,0.18961099999997882
4.397779999999789,0.1897779999999789
4.3994499999997885,0.18994499999997883
4.401119999999788,0.1901119999999788
4.402789999999788,0.19027899999997877
4.404459999999788,0.19044599999997874
4.406129999999788,0.19061299999997883
4.407799999999788,0.19077999999997874
4.4094699999997875,0.19094699999997872
4.411139999999787,0.1911139999999787
4.412809999999787,0.19128099999997866
4.414479999999787,0.19144799999997864
4.416149999999787,0.19161499999997866
4.417819999999787,0.19178199999997864
4.4194899999997865,0.1919489999999786
4.421159999999786,0.19211599999997858
4.422829999999786,0.19228299999997855
4.424499999999786,0.19244999999997858
4.426169999999786,0.19261699999997856
4.427839999999786,0.19278399999997853
4.429509999999786,0.1929509999999785
4.431179999999785,0.19311799999997847
4.432849999999785,0.1932849999999785
4.434519999999785,0.19345199999997847
4.436189999999785,0.19361899999997845
4.437859999999785,0.19378599999997842
4.439529999999785,0.1939529999999784
4.441199999999784,0.19411999999997842
4.442869999999784,0.1942869999999784
4.444539999999784,0.19445399999997837
4.446209999999784,0.19462099999997834
4.447879999999784,0.1947879999999783
4.449549999999784,0.19495499999997834
4.4512199999997835,0.1951219999999783
4.452889999999783,0.19528899999997829
4.454559999999783,0.19545599999997826
4.456229999999783,0.19562299999997823
4.457899999999783,0.19578999999997826
4.459569999999783,0.19595699999997823
4.4612399999997825,0.1961239999999782
4.462909999999782,0.19629099999997818
4.464579999999782,0.19645799999997815
4.466249999999782,0.19662499999997818
4.467919999999782,0.19679199999997815
4.469589999999782,0.19695899999997812
4.4712599999997815,0.1971259999999781
4.472929999999781,0.19729299999997807
4.474599999999781,0.1974599999999781
4.476269999999781,0.19762699999997807
4.477939999999781,0.19779399999997804
4.479609999999781,0.19796099999997802
4.4812799999997806,0.198127999999978
4.48294999999978,0.19829499999997802
4.48461999999978,0.198461999999978
4.48628999999978,0.19862899999997796
4.48795999999978,0.19879599999997793
4.48962999999978,0.1989629999999779
4.49129999999978,0.19912999999997794
4.492969999999779,0.1992969999999779
4.494639999999779,0.19946399999997788
4.496309999999779,0.19963099999997785
4.497979999999779,0.19979799999997783
4.499649999999779,0.19996499999997785
4.501319999999779,0.2002639999999557
4.5029899999997784,0.20059799999995565
4.504659999999778,0.2009319999999556
4.506329999999778,0.2012659999999556
4.507999999999778,0.20159999999995554
4.509669999999778,0.20193399999995554
4.511339999999778,0.20226799999995548
4.5130099999997775,0.20260199999995543
4.514679999999777,0.20293599999995543
4.516349999999777,0.20326999999995538
4.518019999999777,0.20360399999995538
4.519689999999777,0.20393799999995532
4.521359999999777,0.20427199999995527
4.5230299999997765,0.20460599999995527
4.524699999999776,0.2049399999999552
4.526369999999776,0.20527399999995521
4.528039999999776,0.20560799999995516
4.529709999999776,0.20594199999995522
4.531379999999776,0.2062759999999551
4.5330499999997755,0.20660999999995505
4.534719999999775,0.20694399999995505
4.536389999999775,0.207277999999955
4.538059999999775,0.20761199999995505
4.539729999999775,0.20794599999995494
4.541399999999775,0.2082799999999549
4.543069999999775,0.2086139999999549
4.544739999999774,0.20894799999995484
4.546409999999774,0.2092819999999549
4.548079999999774,0.20961599999995478
4.549749999999774,0.20994999999995473
4.551419999999774,0.21028399999995473
4.553089999999774,0.21061799999995467
4.554759999999773,0.21095199999995473
4.556429999999773,0.21128599999995462
4.558099999999773,0.21161999999995457
4.559769999999773,0.21195399999995457
4.561439999999773,0.2122879999999545
4.563109999999773,0.21262199999995457
4.5647799999997725,0.21295599999995446
4.566449999999772,0.2132899999999544
4.568119999999772,0.2136239999999544
4.569789999999772,0.21395799999995435
4.571459999999772,0.2142919999999544
4.573129999999772,0.2146259999999543
4.5747999999997715,0.21495999999995424
4.576469999999771,0.21529399999995424
4.578139999999771,0.2156279999999542
4.579809999999771,0.21596199999995425
4.581479999999771,0.21629599999995414
4.583149999999771,0.21662999999995408
4.5848199999997705,0.21696399999995408
4.58648999999977,0.21729799999995403
4.58815999999977,0.21763199999995408
4.58982999999977,0.21796599999995397
4.59149999999977,0.21829999999995392
4.59316999999977,0.21863399999995392
4.5948399999997696,0.21896799999995387
4.596509999999769,0.21930199999995392
4.598179999999769,0.2196359999999538
4.599849999999769,0.21996999999995376
4.601519999999769,0.22030399999995376
4.603189999999769,0.2206379999999537
4.604859999999769,0.22097199999995376
4.606529999999768,0.22130599999995365
4.608199999999768,0.2216399999999537
4.609869999999768,0.2219739999999536
4.611539999999768,0.22230799999995354
4.613209999999768,0.2226419999999536
4.614879999999768,0.2229759999999535
4.6165499999997675,0.22330999999995355
4.618219999999767,0.22364399999995344
4.619889999999767,0.22397799999995338
4.621559999999767,0.22431199999995344
4.623229999999767,0.22464599999995333
4.624899999999767,0.22497999999995338
4.6265699999997665,0.22531399999995327
4.628239999999766,0.22564799999995322
4.629909999999766,0.22598199999995328
4.631579999999766,0.22631599999995317
4.633249999999766,0.22664999999995322
4.634919999999766,0.2269839999999531
4.6365899999997655,0.22731799999995306
4.638259999999765,0.22765199999995311
4.639929999999765,0.227985999999953
4.641599999999765,0.22831999999995306
4.643269999999765,0.22865399999995295
4.644939999999765,0.2289879999999529
4.6466099999997645,0.22932199999995295
4.648279999999764,0.22965599999995284
4.649949999999764,0.2299899999999529
4.651619999999764,0.2303239999999528
4.653289999999764,0.23065799999995285
4.654959999999764,0.2309919999999528
4.656629999999764,0.23132599999995268
4.658299999999763,0.23165999999995274
4.659969999999763,0.23199399999995263
4.661639999999763,0.23232799999995268
4.663309999999763,0.23266199999995263
4.664979999999763,0.23299599999995252
4.666649999999763,0.23332999999995258
4.668319999999762,0.23366399999995247
4.669989999999762,0.23399799999995252
4.671659999999762,0.23433199999995247
4.673329999999762,0.23466599999995236
4.674999999999762,0.2349999999999524
4.676669999999762,0.2353339999999523
4.6783399999997615,0.23566799999995236
4.680009999999761,0.2360019999999523
4.681679999999761,0.2363359999999522
4.683349999999761,0.23666999999995225
4.685019999999761,0.23700399999995214
4.686689999999761,0.2373379999999522
4.6883599999997605,0.23767199999995214
4.69002999999976,0.23800599999995203
4.69169999999976,0.2383399999999521
4.69336999999976,0.23867399999995198
4.69503999999976,0.23900799999995204
4.69670999999976,0.23934199999995198
4.6983799999997595,0.23967599999995187
4.700049999999759,0.24000999999995193
4.701719999999759,0.24034399999995182
4.703389999999759,0.24067799999995187
4.705059999999759,0.24101199999995182
4.706729999999759,0.2413459999999517
4.708399999999759,0.24167999999995177
4.710069999999758,0.2420139999999517
4.711739999999758,0.2423479999999517
4.713409999999758,0.24268199999995166
4.715079999999758,0.24301599999995155
4.716749999999758,0.2433499999999516
4.718419999999758,0.24368399999995155
4.720089999999757,0.24401799999995155
4.721759999999757,0.2443519999999515
4.723429999999757,0.2446859999999514
4.725099999999757,0.24501999999995144
4.726769999999757,0.2453539999999514
4.728439999999757,0.2456879999999514
4.7301099999997565,0.24602199999995134
4.731779999999756,0.24635599999995123
4.733449999999756,0.24668999999995128
4.735119999999756,0.24702399999995123
4.736789999999756,0.24735799999995123
4.738459999999756,0.24769199999995117
4.7401299999997555,0.24802599999995117
4.741799999999755,0.24835999999995112
4.743469999999755,0.24869399999995107
4.745139999999755,0.24902799999995107
4.746809999999755,0.249361999999951
4.748479999999755,0.249695999999951
4.7501499999997545,0.25002999999995096
4.751819999999754,0.2503639999999509
4.753489999999754,0.2506979999999509
4.755159999999754,0.25103199999995085
4.756829999999754,0.25136599999995085
4.758499999999754,0.2516999999999508
4.7601699999997535,0.25203399999995074
4.761839999999753,0.25236799999995074
4.763509999999753,0.2527019999999507
4.765179999999753,0.2530359999999507
4.766849999999753,0.25336999999995063
4.768519999999753,0.2537039999999506
4.770189999999753,0.2540379999999506
4.771859999999752,0.2543719999999505
4.773529999999752,0.2547059999999505
4.775199999999752,0.2550399999999505
4.776869999999752,0.2553739999999504
4.778539999999752,0.2557079999999504
4.780209999999752,0.25604199999995036
4.781879999999751,0.25637599999995037
4.783549999999751,0.2567099999999503
4.785219999999751,0.25704399999995026
4.786889999999751,0.25737799999995026
4.788559999999751,0.2577119999999502
4.790229999999751,0.2580459999999502
4.7918999999997505,0.25837999999995015
4.79356999999975,0.2587139999999501
4.79523999999975,0.2590479999999501
4.79690999999975,0.25938199999995004
4.79857999999975,0.2597159999999501
4.80024999999975,0.26004999999995
4.8019199999997495,0.26038399999994993
4.803589999999749,0.26071799999994993
4.805259999999749,0.2610519999999499
4.806929999999749,0.26138599999994994
4.808599999999749,0.2617199999999498
4.810269999999749,0.26205399999994977
4.8119399999997485,0.2623879999999498
4.813609999999748,0.2627219999999497
4.815279999999748,0.2630559999999498
4.816949999999748,0.26338999999994966
4.818619999999748,0.2637239999999496
4.820289999999748,0.2640579999999496
4.821959999999748,0.26439199999994956
4.823629999999747,0.2647259999999496
4.825299999999747,0.2650599999999495
4.826969999999747,0.26539399999994945
4.828639999999747,0.26572799999994945
4.830309999999747,0.2660619999999494
4.831979999999747,0.26639599999994945
4.833649999999746,0.26672999999994934
4.835319999999746,0.2670639999999493
4.836989999999746,0.2673979999999493
4.838659999999746,0.26773199999994923
4.840329999999746,0.2680659999999492
4.841999999999746,0.2683999999999492
4.8436699999997455,0.2687339999999491
4.845339999999745,0.2690679999999491
4.847009999999745,0.26940199999994907
4.848679999999745,0.269735999999949
4.850349999999745,0.270069999999949
4.852019999999745,0.27040399999994896
4.8536899999997445,0.27073799999994896
4.855359999999744,0.2710719999999489
4.857029999999744,0.27140599999994885
4.858699999999744,0.27173999999994886
4.860369999999744,0.2720739999999488
4.862039999999744,0.2724079999999488
4.8637099999997435,0.27274199999994875
4.865379999999743,0.2730759999999487
4.867049999999743,0.2734099999999487
4.868719999999743,0.27374399999994864
4.870389999999743,0.27407799999994864
4.872059999999743,0.2744119999999486
4.8737299999997425,0.27474599999994853
4.875399999999742,0.27507999999994853
4.877069999999742,0.2754139999999485
4.878739999999742,0.2757479999999485
4.880409999999742,0.2760819999999484
4.882079999999742,0.27641599999994837
4.883749999999742,0.27674999999994837
4.885419999999741,0.2770839999999483
4.887089999999741,0.2774179999999483
4.888759999999741,0.27775199999994826
4.890429999999741,0.2780859999999482
4.892099999999741,0.2784199999999482
4.893769999999741,0.27875399999994815
4.89543999999974,0.27908799999994816
4.89710999999974,0.2794219999999481
4.89877999999974,0.27975599999994805
4.90044999999974,0.28008999999994805
4.90211999999974,0.280423999999948
4.90378999999974,0.280757999999948
4.9054599999997395,0.28109199999994794
4.907129999999739,0.2814259999999479
4.908799999999739,0.2817599999999479
4.910469999999739,0.28209399999994783
4.912139999999739,0.28242799999994783
4.913809999999739,0.2827619999999478
4.9154799999997385,0.2830959999999477
4.917149999999738,0.2834299999999477
4.918819999999738,0.28376399999994767
4.920489999999738,0.28409799999994767
4.922159999999738,0.2844319999999476
4.923829999999738,0.28476599999994756
4.9254999999997375,0.28509999999994756
4.927169999999737,0.2854339999999475
4.928839999999737,0.2857679999999475
4.930509999999737,0.28610199999994745
4.932179999999737,0.2864359999999474
4.933849999999737,0.2867699999999474
4.935519999999737,0.28710399999994735
4.937189999999736,0.28743799999994735
4.938859999999736,0.2877719999999473
4.940529999999736,0.28810599999994724
4.942199999999736,0.28843999999994724
4.943869999999736,0.2887739999999472
4.945539999999736,0.2891079999999472
4.947209999999735,0.28944199999994713
4.948879999999735,0.2897759999999471
4.950549999999735,0.2901099999999471
4.952219999999735,0.290443999999947
4.953889999999735,0.290777999999947
4.955559999999735,0.29111199999994697
4.9572299999997345,0.2914459999999469
4.958899999999734,0.2917799999999469
4.960569999999734,0.29211399999994686
4.962239999999734,0.29244799999994686
4.963909999999734,0.2927819999999468
4.965579999999734,0.29311599999994675
4.9672499999997335,0.29344999999994675
4.968919999999733,0.2937839999999467
4.970589999999733,0.2941179999999467
4.972259999999733,0.29445199999994665
4.973929999999733,0.2947859999999466
4.975599999999733,0.2951199999999466
4.9772699999997325,0.29545399999994654
4.978939999999732,0.29578799999994654
4.980609999999732,0.2961219999999465
4.982279999999732,0.29645599999994643
4.983949999999732,0.29678999999994643
4.985619999999732,0.2971239999999464
4.9872899999997315,0.2974579999999464
4.988959999999731,0.2977919999999463
4.990629999999731,0.29812599999994627
4.992299999999731,0.29845999999994627
4.993969999999731,0.2987939999999462
4.995639999999731,0.2991279999999462
4.997309999999731,0.29946199999994616
4.99897999999973,0.2997959999999461
5.00064999999973,0.30012999999994616
5.00231999999973,0.300463999999946
5.00398999999973,0.30079799999994605
5.00565999999973,0.301131999999946
5.00732999999973,0.30146599999994594
5.0089999999997294,0.301799999999946
5.010669999999729,0.30213399999994583
5.012339999999729,0.3024679999999459
5.014009999999729,0.30280199999994584
5.015679999999729,0.3031359999999458
5.017349999999729,0.30346999999994584
5.0190199999997285,0.3038039999999457
5.020689999999728,0.30413799999994573
5.022359999999728,0.3044719999999457
5.024029999999728,0.3048059999999456
5.025699999999728,0.3051399999999457
5.027369999999728,0.3054739999999455
5.0290399999997275,0.30580799999994557
5.030709999999727,0.3061419999999455
5.032379999999727,0.30647599999994546
5.034049999999727,0.3068099999999455
5.035719999999727,0.30714399999994535
5.037389999999727,0.3074779999999454
5.0390599999997265,0.30781199999994535
5.040729999999726,0.3081459999999453
5.042399999999726,0.30847999999994535
5.044069999999726,0.3088139999999452
5.045739999999726,0.30914799999994524
5.047409999999726,0.3094819999999452
5.049079999999726,0.30981599999994514
5.050749999999725,0.3101499999999452
5.052419999999725,0.310483999999945
5.054089999999725,0.3108179999999451
5.055759999999725,0.31115199999994503
5.057429999999725,0.311485999999945
5.059099999999725,0.31181999999994503
5.060769999999724,0.31215399999994486
5.062439999999724,0.3124879999999449
5.064109999999724,0.31282199999994487
5.065779999999724,0.3131559999999448
5.067449999999724,0.31348999999994487
5.069119999999724,0.3138239999999447
5.0707899999997235,0.31415799999994476
5.072459999999723,0.3144919999999447
5.074129999999723,0.31482599999994465
5.075799999999723,0.3151599999999447
5.077469999999723,0.31549399999994454
5.079139999999723,0.3158279999999446
5.0808099999997225,0.31616199999994454
5.082479999999722,0.3164959999999445
5.084149999999722,0.31682999999994454
5.085819999999722,0.3171639999999444
5.087489999999722,0.31749799999994444
5.089159999999722,0.3178319999999444
5.0908299999997215,0.3181659999999443
5.092499999999721,0.3184999999999444
5.094169999999721,0.3188339999999442
5.095839999999721,0.3191679999999443
5.097509999999721,0.3195019999999442
5.099179999999721,0.31983599999994416
5.1008499999997206,0.3201699999999442
5.10251999999972,0.32050399999994406
5.10418999999972,0.3208379999999441
5.10585999999972,0.32117199999994406
5.10752999999972,0.321505999999944
5.10919999999972,0.32183999999994406
5.11086999999972,0.3221739999999439
5.112539999999719,0.32250799999994395
5.114209999999719,0.3228419999999439
5.115879999999719,0.32317599999994384
5.117549999999719,0.3235099999999439
5.119219999999719,0.32384399999994373
5.120889999999719,0.3241779999999438
5.1225599999997184,0.32451199999994373
5.124229999999718,0.3248459999999437
5.125899999999718,0.32517999999994374
5.127569999999718,0.32551399999994357
5.129239999999718,0.3258479999999436
5.130909999999718,0.3261819999999436
5.1325799999997175,0.3265159999999435
5.134249999999717,0.3268499999999436
5.135919999999717,0.3271839999999434
5.137589999999717,0.32751799999994347
5.139259999999717,0.3278519999999434
5.140929999999717,0.32818599999994336
5.1425999999997165,0.3285199999999434
5.144269999999716,0.32885399999994325
5.145939999999716,0.3291879999999433
5.147609999999716,0.32952199999994325
5.149279999999716,0.3298559999999432
5.150949999999716,0.33018999999994325
5.1526199999997155,0.3305239999999431
5.154289999999715,0.33085799999994314
5.155959999999715,0.3311919999999431
5.157629999999715,0.33152599999994303
5.159299999999715,0.3318599999999431
5.160969999999715,0.3321939999999429
5.162639999999715,0.332527999999943
5.164309999999714,0.3328619999999429
5.165979999999714,0.33319599999994287
5.167649999999714,0.3335299999999429
5.169319999999714,0.33386399999994276
5.170989999999714,0.3341979999999428
5.172659999999714,0.33453199999994276
5.174329999999713,0.3348659999999427
5.175999999999713,0.33519999999994277
5.177669999999713,0.3355339999999426
5.179339999999713,0.33586799999994266
5.181009999999713,0.3362019999999426
5.182679999999713,0.33653599999994255
5.1843499999997125,0.3368699999999426
5.186019999999712,0.33720399999994244
5.187689999999712,0.3375379999999425
5.189359999999712,0.33787199999994244
5.191029999999712,0.3382059999999424
5.192699999999712,0.33853999999994244
5.1943699999997115,0.3388739999999423
5.196039999999711,0.33920799999994233
5.197709999999711,0.3395419999999423
5.199379999999711,0.3398759999999422
5.201049999999711,0.3402099999999423
5.202719999999711,0.3405439999999421
5.2043899999997105,0.34087799999994206
5.20605999999971,0.3412119999999421
5.20772999999971,0.34154599999994206
5.20939999999971,0.3418799999999421
5.21106999999971,0.34221399999994195
5.21273999999971,0.3425479999999419
5.2144099999997096,0.34288199999994196
5.216079999999709,0.3432159999999419
5.217749999999709,0.34354999999994196
5.219419999999709,0.3438839999999418
5.221089999999709,0.34421799999994174
5.222759999999709,0.3445519999999418
5.224429999999709,0.34488599999994174
5.226099999999708,0.3452199999999418
5.227769999999708,0.34555399999994163
5.229439999999708,0.3458879999999416
5.231109999999708,0.34622199999994163
5.232779999999708,0.3465559999999416
5.234449999999708,0.34688999999994163
5.2361199999997075,0.34722399999994147
5.237789999999707,0.3475579999999414
5.239459999999707,0.34789199999994147
5.241129999999707,0.3482259999999414
5.242799999999707,0.34855999999994147
5.244469999999707,0.3488939999999413
5.2461399999997065,0.34922799999994125
5.247809999999706,0.3495619999999413
5.249479999999706,0.34989599999994125
5.251149999999706,0.3502299999999413
5.252819999999706,0.35056399999994114
5.254489999999706,0.3508979999999411
5.2561599999997055,0.35123199999994115
5.257829999999705,0.3515659999999411
5.259499999999705,0.35189999999994115
5.261169999999705,0.352233999999941
5.262839999999705,0.35256799999994093
5.264509999999705,0.352901999999941
5.2661799999997045,0.35323599999994093
5.267849999999704,0.353569999999941
5.269519999999704,0.3539039999999408
5.271189999999704,0.35423799999994077
5.272859999999704,0.3545719999999408
5.274529999999704,0.35490599999994077
5.276199999999704,0.3552399999999408
5.277869999999703,0.35557399999994066
5.279539999999703,0.3559079999999406
5.281209999999703,0.35624199999994066
5.282879999999703,0.3565759999999406
5.284549999999703,0.35690999999994066
5.286219999999703,0.3572439999999405
5.287889999999702,0.35757799999994044
5.289559999999702,0.3579119999999405
5.291229999999702,0.35824599999994045
5.292899999999702,0.3585799999999405
5.294569999999702,0.35891399999994034
5.296239999999702,0.3592479999999403
5.2979099999997015,0.35958199999994034
5.299579999999701,0.3599159999999403
5.301249999999701,0.36024999999994034
5.302919999999701,0.3605839999999402
5.304589999999701,0.3609179999999401
5.306259999999701,0.3612519999999402
5.3079299999997005,0.3615859999999401
5.3095999999997,0.3619199999999402
5.3112699999997,0.36225399999994
5.3129399999997,0.36258799999993996
5.3146099999997,0.36292199999994
5.3162799999997,0.36325599999993996
5.3179499999996995,0.36358999999994
5.319619999999699,0.36392399999993985
5.321289999999699,0.3642579999999398
5.322959999999699,0.36459199999993985
5.324629999999699,0.3649259999999398
5.326299999999699,0.36525999999993986
5.327969999999699,0.3655939999999397
5.329639999999698,0.36592799999993963
5.331309999999698,0.3662619999999397
5.332979999999698,0.36659599999993964
5.334649999999698,0.3669299999999397
5.336319999999698,0.3672639999999395
5.337989999999698,0.3675979999999395
5.339659999999697,0.36793199999993953
5.341329999999697,0.3682659999999395
5.342999999999697,0.3685999999999394
5.344669999999697,0.36893399999993937
5.346339999999697,0.3692679999999393
5.348009999999697,0.36960199999993937
5.3496799999996965,0.3699359999999393
5.351349999999696,0.37026999999993926
5.353019999999696,0.3706039999999392
5.354689999999696,0.37093799999993915
5.356359999999696,0.3712719999999392
5.358029999999696,0.37160599999993915
5.3596999999996955,0.3719399999999391
5.361369999999695,0.37227399999993904
5.363039999999695,0.372607999999939
5.364709999999695,0.37294199999993904
5.366379999999695,0.373275999999939
5.368049999999695,0.37360999999993894
5.3697199999996945,0.3739439999999389
5.371389999999694,0.3742779999999388
5.373059999999694,0.3746119999999389
5.374729999999694,0.37494599999993883
5.376399999999694,0.3752799999999388
5.378069999999694,0.3756139999999387
5.3797399999996935,0.37594799999993866
5.381409999999693,0.3762819999999387
5.383079999999693,0.37661599999993867
5.384749999999693,0.3769499999999386
5.386419999999693,0.37728399999993856
5.388089999999693,0.3776179999999385
5.389759999999693,0.37795199999993856
5.391429999999692,0.3782859999999385
5.393099999999692,0.37861999999993845
5.394769999999692,0.3789539999999384
5.396439999999692,0.37928799999993834
5.398109999999692,0.3796219999999384
5.399779999999692,0.37995599999993834
5.401449999999691,0.3802899999999383
5.403119999999691,0.38062399999993823
5.404789999999691,0.3809579999999382
5.406459999999691,0.38129199999993824
5.408129999999691,0.3816259999999382
5.409799999999691,0.3819599999999381
5.4114699999996905,0.3822939999999382
5.41313999999969,0.382627999999938
5.41480999999969,0.3829619999999381
5.41647999999969,0.383295999999938
5.41814999999969,0.38362999999993797
5.41981999999969,0.383963999999938
5.4214899999996895,0.38429799999993786
5.423159999999689,0.3846319999999379
5.424829999999689,0.38496599999993786
5.426499999999689,0.3852999999999378
5.428169999999689,0.38563399999993786
5.429839999999689,0.3859679999999377
5.4315099999996885,0.38630199999993775
5.433179999999688,0.3866359999999377
5.434849999999688,0.38696999999993764
5.436519999999688,0.3873039999999377
5.438189999999688,0.38763799999993753
5.439859999999688,0.3879719999999376
5.441529999999688,0.38830599999993753
5.443199999999687,0.3886399999999375
5.444869999999687,0.38897399999993754
5.446539999999687,0.38930799999993737
5.448209999999687,0.3896419999999374
5.449879999999687,0.3899759999999374
5.451549999999687,0.3903099999999373
5.453219999999686,0.3906439999999374
5.454889999999686,0.3909779999999372
5.456559999999686,0.39131199999993727
5.458229999999686,0.3916459999999372
5.459899999999686,0.39197999999993716
5.461569999999686,0.3923139999999372
5.4632399999996855,0.39264799999993705
5.464909999999685,0.3929819999999371
5.466579999999685,0.39331599999993705
5.468249999999685,0.393649999999937
5.469919999999685,0.39398399999993705
5.471589999999685,0.3943179999999369
5.4732599999996845,0.39465199999993694
5.474929999999684,0.3949859999999369
5.476599999999684,0.39531999999993683
5.478269999999684,0.3956539999999369
5.479939999999684,0.3959879999999367
5.481609999999684,0.3963219999999368
5.4832799999996835,0.3966559999999367
5.484949999999683,0.39698999999993667
5.486619999999683,0.39732399999993673
5.488289999999683,0.39765799999993656
5.489959999999683,0.3979919999999366
5.491629999999683,0.39832599999993656
5.4932999999996825,0.3986599999999365
5.494969999999682,0.39899399999993657
5.496639999999682,0.3993279999999364
5.498309999999682,0.39966199999993646
5.499979999999682,0.3999959999999364
5.501649999999682,0.40032999999993646
5.503319999999682,0.4006639999999364
5.504989999999681,0.40099799999993624
5.506659999999681,0.4013319999999362
5.508329999999681,0.40166599999993624
5.509999999999681,0.4019999999999363
5.511669999999681,0.40233399999993624
5.513339999999681,0.4026679999999361
5.5150099999996804,0.403001999999936
5.51667999999968,0.4033359999999361
5.51834999999968,0.40366999999993614
5.52001999999968,0.4040039999999361
5.52168999999968,0.4043379999999359
5.52335999999968,0.40467199999993586
5.5250299999996795,0.4050059999999359
5.526699999999679,0.405339999999936
5.528369999999679,0.4056739999999359
5.530039999999679,0.40600799999993575
5.531709999999679,0.4063419999999357
5.533379999999679,0.40667599999993576
5.5350499999996785,0.4070099999999357
5.536719999999678,0.40734399999993576
5.538389999999678,0.4076779999999356
5.540059999999678,0.40801199999993554
5.541729999999678,0.4083459999999356
5.543399999999678,0.40867999999993554
5.5450699999996775,0.4090139999999354
5.546739999999677,0.40934799999993543
5.548409999999677,0.4096819999999354
5.550079999999677,0.41001599999993543
5.551749999999677,0.4103499999999354
5.553419999999677,0.4106839999999352
5.555089999999677,0.41101799999993527
5.556759999999676,0.4113519999999352
5.558429999999676,0.41168599999993527
5.560099999999676,0.4120199999999352
5.561769999999676,0.41235399999993505
5.563439999999676,0.4126879999999351
5.565109999999676,0.41302199999993505
5.566779999999675,0.4133559999999351
5.568449999999675,0.41368999999993505
5.570119999999675,0.4140239999999349
5.571789999999675,0.41435799999993495
5.573459999999675,0.4146919999999349
5.575129999999675,0.41502599999993495
5.5767999999996745,0.4153599999999349
5.578469999999674,0.4156939999999347
5.580139999999674,0.4160279999999348
5.581809999999674,0.41636199999993473
5.583479999999674,0.4166959999999348
5.585149999999674,0.41702999999993473
5.5868199999996735,0.41736399999993457
5.588489999999673,0.4176979999999346
5.590159999999673,0.41803199999993457
5.591829999999673,0.4183659999999346
5.593499999999673,0.41869999999993457
5.595169999999673,0.4190339999999344
5.5968399999996725,0.41936799999993446
5.598509999999672,0.4197019999999344
5.600179999999672,0.42003599999993446
5.601849999999672,0.4203699999999344
5.603519999999672,0.42070399999993424
5.605189999999672,0.4210379999999342
5.6068599999996716,0.42137199999993424
5.608529999999671,0.4217059999999343
5.610199999999671,0.422039999999934
5.611869999999671,0.4223739999999341
5.613539999999671,0.422707999999934
5.615209999999671,0.4230419999999341
5.616879999999671,0.42337599999993414
5.61854999999967,0.42370999999993386
5.62021999999967,0.4240439999999339
5.62188999999967,0.42437799999993386
5.62355999999967,0.4247119999999339
5.62522999999967,0.425045999999934
5.62689999999967,0.4253799999999337
5.6285699999996694,0.42571399999993376
5.630239999999669,0.4260479999999337
5.631909999999669,0.42638199999993376
5.633579999999669,0.4267159999999338
5.635249999999669,0.42704999999993354
5.636919999999669,0.4273839999999336
5.6385899999996685,0.42771799999993354
5.640259999999668,0.4280519999999336
5.641929999999668,0.42838599999993365
5.643599999999668,0.4287199999999334
5.645269999999668,0.42905399999993343
5.646939999999668,0.4293879999999334
5.6486099999996675,0.42972199999993343
5.650279999999667,0.4300559999999334
5.651949999999667,0.4303899999999332
5.653619999999667,0.43072399999993327
5.655289999999667,0.4310579999999332
5.656959999999667,0.4313919999999333
5.6586299999996665,0.4317259999999332
5.660299999999666,0.43205999999993305
5.661969999999666,0.4323939999999331
5.663639999999666,0.43272799999993306
5.665309999999666,0.4330619999999331
5.666979999999666,0.43339599999993306
5.668649999999666,0.4337299999999329
5.670319999999665,0.43406399999993295
5.671989999999665,0.4343979999999329
5.673659999999665,0.43473199999993295
5.675329999999665,0.4350659999999329
5.676999999999665,0.43539999999993273
5.678669999999665,0.4357339999999328
5.680339999999664,0.43606799999993273
5.682009999999664,0.4364019999999328
5.683679999999664,0.43673599999993273
5.685349999999664,0.43706999999993257
5.687019999999664,0.4374039999999326
5.688689999999664,0.43773799999993257
5.6903599999996635,0.4380719999999326
5.692029999999663,0.43840599999993257
5.693699999999663,0.4387399999999324
5.695369999999663,0.43907399999993246
5.697039999999663,0.4394079999999324
5.698709999999663,0.43974199999993246
5.7003799999996625,0.4400759999999324
5.702049999999662,0.44040999999993224
5.703719999999662,0.4407439999999323
5.705389999999662,0.44107799999993225
5.707059999999662,0.4414119999999323
5.708729999999662,0.441745999999932
5.7103999999996615,0.4420799999999321
5.712069999999661,0.44241399999993214
5.713739999999661,0.4427479999999321
5.715409999999661,0.44308199999993214
5.717079999999661,0.44341599999993186
5.718749999999661,0.4437499999999319
5.7204199999996606,0.444083999999932
5.72208999999966,0.4444179999999319
5.72375999999966,0.444751999999932
5.72542999999966,0.4450859999999317
5.72709999999966,0.44541999999993176
5.72876999999966,0.4457539999999318
5.73043999999966,0.44608799999993176
5.732109999999659,0.4464219999999318
5.733779999999659,0.44675599999993154
5.735449999999659,0.4470899999999316
5.737119999999659,0.44742399999993165
5.738789999999659,0.4477579999999316
5.740459999999659,0.44809199999993166
5.7421299999996585,0.4484259999999314
5.743799999999658,0.44875999999993144
5.745469999999658,0.4490939999999314
5.747139999999658,0.44942799999993144
5.748809999999658,0.4497619999999315
5.750479999999658,0.4500959999999312
5.7521499999996575,0.4504299999999313
5.753819999999657,0.4507639999999312
5.755489999999657,0.4510979999999313
5.757159999999657,0.45143199999993133
5.758829999999657,0.45176599999993106
5.760499999999657,0.4520999999999311
5.7621699999996565,0.45243399999993106
5.763839999999656,0.4527679999999311
5.765509999999656,0.45310199999993117
5.767179999999656,0.4534359999999309
5.768849999999656,0.45376999999993095
5.770519999999656,0.4541039999999309
5.7721899999996555,0.45443799999993095
5.773859999999655,0.4547719999999308
5.775529999999655,0.45510599999993073
5.777199999999655,0.4554399999999308
5.778869999999655,0.45577399999993073
5.780539999999655,0.4561079999999308
5.782209999999655,0.4564419999999306
5.783879999999654,0.45677599999993057
5.785549999999654,0.4571099999999306
5.787219999999654,0.4574439999999306
5.788889999999654,0.45777799999993063
5.790559999999654,0.45811199999993046
5.792229999999654,0.4584459999999304
5.793899999999653,0.45877999999993047
5.795569999999653,0.4591139999999304
5.797239999999653,0.45944799999993047
5.798909999999653,0.4597819999999303
5.800579999999653,0.46011599999993025
5.802249999999653,0.4604499999999303
5.8039199999996525,0.46078399999993025
5.805589999999652,0.4611179999999303
5.807259999999652,0.46145199999993014
5.808929999999652,0.4617859999999301
5.810599999999652,0.46211999999993014
5.812269999999652,0.4624539999999301
5.8139399999996515,0.46278799999993014
5.815609999999651,0.46312199999993
5.817279999999651,0.4634559999999299
5.818949999999651,0.46378999999993
5.820619999999651,0.4641239999999299
5.822289999999651,0.46445799999993
5.8239599999996505,0.4647919999999298
5.82562999999965,0.46512599999992976
5.82729999999965,0.4654599999999298
5.82896999999965,0.46579399999992976
5.83063999999965,0.4661279999999298
5.83230999999965,0.46646199999992966
5.83397999999965,0.4667959999999296
5.835649999999649,0.46712999999992966
5.837319999999649,0.4674639999999297
5.838989999999649,0.46779799999992966
5.840659999999649,0.4681319999999295
5.842329999999649,0.46846599999992944
5.843999999999649,0.4687999999999295
5.845669999999648,0.46913399999992955
5.847339999999648,0.4694679999999295
5.849009999999648,0.46980199999992933
5.850679999999648,0.4701359999999293
5.852349999999648,0.47046999999992933
5.854019999999648,0.4708039999999294
5.8556899999996475,0.47113799999992934
5.857359999999647,0.47147199999992917
5.859029999999647,0.4718059999999291
5.860699999999647,0.47213999999992917
5.862369999999647,0.47247399999992923
5.864039999999647,0.4728079999999292
5.8657099999996465,0.473141999999929
5.867379999999646,0.47347599999992895
5.869049999999646,0.473809999999929
5.870719999999646,0.47414399999992907
5.872389999999646,0.474477999999929
5.874059999999646,0.47481199999992885
5.8757299999996455,0.4751459999999288
5.877399999999645,0.47547999999992885
5.879069999999645,0.4758139999999289
5.880739999999645,0.47614799999992863
5.882409999999645,0.4764819999999287
5.884079999999645,0.47681599999992863
5.8857499999996445,0.4771499999999287
5.887419999999644,0.47748399999992874
5.889089999999644,0.47781799999992847
5.890759999999644,0.4781519999999285
5.892429999999644,0.47848599999992847
5.894099999999644,0.4788199999999285
5.895769999999644,0.4791539999999286
5.897439999999643,0.4794879999999283
5.899109999999643,0.47982199999992836
5.900779999999643,0.4801559999999283
5.902449999999643,0.48048999999992836
5.904119999999643,0.4808239999999284
5.905789999999643,0.48115799999992814
5.907459999999642,0.4814919999999282
5.909129999999642,0.48182599999992815
5.910799999999642,0.4821599999999282
5.912469999999642,0.48249399999992826
5.914139999999642,0.482827999999928
5.915809999999642,0.48316199999992804
5.9174799999996415,0.483495999999928
5.919149999999641,0.48382999999992804
5.920819999999641,0.4841639999999281
5.922489999999641,0.4844979999999278
5.924159999999641,0.4848319999999279
5.925829999999641,0.4851659999999278
5.9274999999996405,0.4854999999999279
5.92916999999964,0.48583399999992793
5.93083999999964,0.48616799999992766
5.93250999999964,0.4865019999999277
5.93417999999964,0.48683599999992766
5.93584999999964,0.4871699999999277
5.9375199999996395,0.48750399999992755
5.939189999999639,0.4878379999999275
5.940859999999639,0.48817199999992755
5.942529999999639,0.4885059999999275
5.944199999999639,0.48883999999992755
5.945869999999639,0.4891739999999274
5.947539999999639,0.48950799999992733
5.949209999999638,0.4898419999999274
5.950879999999638,0.49017599999992734
5.952549999999638,0.4905099999999274
5.954219999999638,0.4908439999999272
5.955889999999638,0.4911779999999272
5.957559999999638,0.49151199999992723
5.959229999999637,0.4918459999999272
5.960899999999637,0.49217999999992723
5.962569999999637,0.49251399999992707
5.964239999999637,0.492847999999927
5.965909999999637,0.49318199999992707
5.967579999999637,0.493515999999927
5.9692499999996365,0.49384999999992707
5.970919999999636,0.4941839999999269
5.972589999999636,0.49451799999992685
5.974259999999636,0.4948519999999269
5.975929999999636,0.49518599999992685
5.977599999999636,0.4955199999999269
5.9792699999996355,0.49585399999992674
5.980939999999635,0.4961879999999267
5.982609999999635,0.49652199999992674
5.984279999999635,0.4968559999999267
5.985949999999635,0.49718999999992675
5.987619999999635,0.4975239999999266
5.9892899999996345,0.4978579999999265
5.990959999999634,0.4981919999999266
5.992629999999634,0.49852599999992653
5.994299999999634,0.4988599999999266
5.995969999999634,0.4991939999999264
5.997639999999634,0.49952799999992636
5.9993099999996335,0.4998619999999264
6.000979999999633,0.5001959999999264
6.002649999999633,0.5005299999999264
6.004319999999633,0.5008639999999263
6.005989999999633,0.5011979999999262
6.007659999999633,0.5015319999999263
6.009329999999633,0.5018659999999262
6.010999999999632,0.5021999999999263
6.012669999999632,0.5025339999999261
6.014339999999632,0.502867999999926
6.016009999999632,0.5032019999999261
6.017679999999632,0.503535999999926
6.019349999999632,0.5038699999999259
6.0210199999996314,0.5042039999999259
6.022689999999631,0.5045379999999259
6.024359999999631,0.5048719999999259
6.026029999999631,0.5052059999999259
6.027699999999631,0.5055399999999257
6.029369999999631,0.5058739999999258
6.0310399999996305,0.5062079999999257
6.03270999999963,0.5065419999999258
6.03437999999963,0.5068759999999255
6.03604999999963,0.5072099999999256
6.03771999999963,0.5075439999999256
6.03938999999963,0.5078779999999256
6.0410599999996295,0.5082119999999256
6.042729999999629,0.5085459999999253
6.044399999999629,0.5088799999999254
6.046069999999629,0.5092139999999254
6.047739999999629,0.5095479999999254
6.049409999999629,0.5098819999999255
6.0510799999996285,0.5102159999999252
6.052749999999628,0.5105499999999252
6.054419999999628,0.5108839999999253
6.056089999999628,0.5112179999999252
6.057759999999628,0.5115519999999253
6.059429999999628,0.511885999999925
6.061099999999628,0.5122199999999251
6.062769999999627,0.5125539999999251
6.064439999999627,0.5128879999999251
6.066109999999627,0.5132219999999249
6.067779999999627,0.5135559999999249
6.069449999999627,0.5138899999999249
6.071119999999627,0.514223999999925
6.072789999999626,0.5145579999999249
6.074459999999626,0.5148919999999247
6.076129999999626,0.5152259999999247
6.077799999999626,0.5155599999999247
6.079469999999626,0.5158939999999248
6.081139999999626,0.5162279999999245
6.0828099999996255,0.5165619999999246
6.084479999999625,0.5168959999999245
6.086149999999625,0.5172299999999246
6.087819999999625,0.5175639999999246
6.089489999999625,0.5178979999999244
6.091159999999625,0.5182319999999244
6.0928299999996245,0.5185659999999244
6.094499999999624,0.5188999999999244
6.096169999999624,0.5192339999999245
6.097839999999624,0.5195679999999242
6.099509999999624,0.5199019999999243
6.101179999999624,0.5202359999999242
6.1028499999996235,0.5205699999999243
6.104519999999623,0.5209039999999243
6.106189999999623,0.521237999999924
6.107859999999623,0.5215719999999241
6.109529999999623,0.521905999999924
6.111199999999623,0.5222399999999241
6.1128699999996226,0.5225739999999239
6.114539999999622,0.5229079999999239
6.116209999999622,0.5232419999999239
6.117879999999622,0.5235759999999239
6.119549999999622,0.5239099999999239
6.121219999999622,0.5242439999999238
6.122889999999622,0.5245779999999237
6.124559999999621,0.5249119999999238
6.126229999999621,0.5252459999999237
6.127899999999621,0.5255799999999236
6.129569999999621,0.5259139999999236
6.131239999999621,0.5262479999999236
6.132909999999621,0.5265819999999236
6.1345799999996204,0.5269159999999236
6.13624999999962,0.5272499999999234
6.13791999999962,0.5275839999999234
6.13958999999962,0.5279179999999234
6.14125999999962,0.5282519999999234
6.14292999999962,0.5285859999999234
6.1445999999996195,0.5289199999999232
6.146269999999619,0.5292539999999233
6.147939999999619,0.5295879999999232
6.149609999999619,0.5299219999999233
6.151279999999619,0.5302559999999232
6.152949999999619,0.5305899999999231
6.1546199999996185,0.5309239999999231
6.156289999999618,0.5312579999999231
6.157959999999618,0.5315919999999231
6.159629999999618,0.5319259999999228
6.161299999999618,0.5322599999999229
6.162969999999618,0.532593999999923
6.1646399999996175,0.5329279999999229
6.166309999999617,0.533261999999923
6.167979999999617,0.5335959999999227
6.169649999999617,0.5339299999999227
6.171319999999617,0.5342639999999228
6.172989999999617,0.5345979999999227
6.174659999999617,0.5349319999999228
6.176329999999616,0.5352659999999225
6.177999999999616,0.5355999999999226
6.179669999999616,0.5359339999999226
6.181339999999616,0.5362679999999226
6.183009999999616,0.5366019999999226
6.184679999999616,0.5369359999999224
6.186349999999615,0.5372699999999224
6.188019999999615,0.5376039999999225
6.189689999999615,0.5379379999999224
6.191359999999615,0.5382719999999225
6.193029999999615,0.5386059999999222
6.194699999999615,0.5389399999999223
6.1963699999996145,0.5392739999999223
6.198039999999614,0.5396079999999223
6.199709999999614,0.5399419999999223
6.201379999999614,0.540275999999922
6.203049999999614,0.5406099999999221
6.204719999999614,0.5409439999999222
6.2063899999996135,0.5412779999999221
6.208059999999613,0.5416119999999219
6.209729999999613,0.541945999999922
6.211399999999613,0.5422799999999219
6.213069999999613,0.542613999999922
6.214739999999613,0.5429479999999219
6.2164099999996125,0.5432819999999218
6.218079999999612,0.5436159999999218
6.219749999999612,0.5439499999999218
6.221419999999612,0.5442839999999218
6.223089999999612,0.5446179999999218
6.224759999999612,0.5449519999999216
6.2264299999996116,0.5452859999999217
6.228099999999611,0.5456199999999216
6.229769999999611,0.5459539999999217
6.231439999999611,0.5462879999999216
6.233109999999611,0.5466219999999214
6.234779999999611,0.5469559999999215
6.236449999999611,0.5472899999999215
6.23811999999961,0.5476239999999215
6.23978999999961,0.5479579999999215
6.24145999999961,0.5482919999999213
6.24312999999961,0.5486259999999213
6.24479999999961,0.5489599999999213
6.24646999999961,0.5492939999999213
6.2481399999996095,0.5496279999999213
6.249809999999609,0.5499619999999211
6.251479999999609,0.5502959999999212
6.253149999999609,0.5506299999999211
6.254819999999609,0.5509639999999212
6.256489999999609,0.5512979999999211
6.2581599999996085,0.551631999999921
6.259829999999608,0.551965999999921
6.261499999999608,0.552299999999921
6.263169999999608,0.552633999999921
6.264839999999608,0.552967999999921
6.266509999999608,0.5533019999999208
6.2681799999996075,0.5536359999999209
6.269849999999607,0.5539699999999208
6.271519999999607,0.5543039999999209
6.273189999999607,0.5546379999999208
6.274859999999607,0.5549719999999206
6.276529999999607,0.5553059999999207
6.2781999999996065,0.5556399999999206
6.279869999999606,0.5559739999999207
6.281539999999606,0.5563079999999206
6.283209999999606,0.5566419999999205
6.284879999999606,0.5569759999999205
6.286549999999606,0.5573099999999205
6.288219999999606,0.5576439999999205
6.289889999999605,0.5579779999999205
6.291559999999605,0.5583119999999203
6.293229999999605,0.5586459999999204
6.294899999999605,0.5589799999999203
6.296569999999605,0.5593139999999204
6.298239999999605,0.5596479999999201
6.299909999999604,0.5599819999999202
6.301579999999604,0.5603159999999202
6.303249999999604,0.5606499999999202
6.304919999999604,0.5609839999999202
6.306589999999604,0.5613179999999199
6.308259999999604,0.56165199999992
6.3099299999996035,0.56198599999992
6.311599999999603,0.56231999999992
6.313269999999603,0.56265399999992
6.314939999999603,0.5629879999999198
6.316609999999603,0.5633219999999198
6.318279999999603,0.5636559999999199
6.3199499999996025,0.5639899999999198
6.321619999999602,0.5643239999999199
6.323289999999602,0.5646579999999196
6.324959999999602,0.5649919999999197
6.326629999999602,0.5653259999999197
6.328299999999602,0.5656599999999197
6.3299699999996015,0.5659939999999197
6.331639999999601,0.5663279999999195
6.333309999999601,0.5666619999999195
6.334979999999601,0.5669959999999196
6.336649999999601,0.5673299999999195
6.338319999999601,0.5676639999999196
6.339989999999601,0.5679979999999194
6.3416599999996,0.5683319999999193
6.3433299999996,0.5686659999999194
6.3449999999996,0.5689999999999193
6.3466699999996,0.5693339999999192
6.3483399999996,0.5696679999999192
6.3500099999996,0.5700019999999192
6.351679999999599,0.5703359999999192
6.353349999999599,0.5706699999999192
6.355019999999599,0.571003999999919
6.356689999999599,0.5713379999999191
6.358359999999599,0.571671999999919
6.360029999999599,0.5720059999999191
6.3616999999995985,0.572339999999919
6.363369999999598,0.5726739999999189
6.365039999999598,0.5730079999999189
6.366709999999598,0.5733419999999189
6.368379999999598,0.5736759999999189
6.370049999999598,0.5740099999999186
6.3717199999995975,0.5743439999999187
6.373389999999597,0.5746779999999188
6.375059999999597,0.5750119999999187
6.376729999999597,0.5753459999999188
6.378399999999597,0.5756799999999185
6.380069999999597,0.5760139999999185
6.3817399999995965,0.5763479999999186
6.383409999999596,0.5766819999999185
6.385079999999596,0.5770159999999186
6.386749999999596,0.5773499999999183
6.388419999999596,0.5776839999999184
6.390089999999596,0.5780179999999184
6.3917599999995955,0.5783519999999184
6.393429999999595,0.5786859999999182
6.395099999999595,0.5790199999999182
6.396769999999595,0.5793539999999182
6.398439999999595,0.5796879999999183
6.400109999999595,0.5800219999999182
6.401779999999595,0.580355999999918
6.403449999999594,0.580689999999918
6.405119999999594,0.581023999999918
6.406789999999594,0.5813579999999181
6.408459999999594,0.581691999999918
6.410129999999594,0.5820259999999179
6.411799999999594,0.5823599999999178
6.413469999999593,0.5826939999999179
6.415139999999593,0.583027999999918
6.416809999999593,0.5833619999999177
6.418479999999593,0.5836959999999177
6.420149999999593,0.5840299999999177
6.421819999999593,0.5843639999999177
6.4234899999995925,0.5846979999999178
6.425159999999592,0.5850319999999175
6.426829999999592,0.5853659999999176
6.428499999999592,0.5856999999999175
6.430169999999592,0.5860339999999176
6.431839999999592,0.5863679999999176
6.4335099999995915,0.5867019999999173
6.435179999999591,0.5870359999999174
6.436849999999591,0.5873699999999173
6.438519999999591,0.5877039999999174
6.440189999999591,0.5880379999999172
6.441859999999591,0.5883719999999172
6.4435299999995905,0.5887059999999172
6.44519999999959,0.5890399999999172
6.44686999999959,0.5893739999999172
6.44853999999959,0.5897079999999171
6.45020999999959,0.590041999999917
6.45187999999959,0.5903759999999171
6.45354999999959,0.590709999999917
6.455219999999589,0.5910439999999171
6.456889999999589,0.5913779999999169
6.458559999999589,0.5917119999999169
6.460229999999589,0.5920459999999169
6.461899999999589,0.5923799999999169
6.463569999999589,0.5927139999999169
6.465239999999588,0.5930479999999168
6.466909999999588,0.5933819999999167
6.468579999999588,0.5937159999999168
6.470249999999588,0.5940499999999167
6.471919999999588,0.5943839999999165
6.473589999999588,0.5947179999999166
6.4752599999995875,0.5950519999999165
6.476929999999587,0.5953859999999166
6.478599999999587,0.5957199999999165
6.480269999999587,0.5960539999999164
6.481939999999587,0.5963879999999164
6.483609999999587,0.5967219999999164
6.4852799999995865,0.5970559999999164
6.486949999999586,0.5973899999999162
6.488619999999586,0.5977239999999162
6.490289999999586,0.5980579999999163
6.491959999999586,0.5983919999999162
6.493629999999586,0.5987259999999163
6.4952999999995855,0.599059999999916
6.496969999999585,0.599393999999916
6.498639999999585,0.5997279999999161
6.500309999999585,0.6007760689644728
6.501979999999585,0.6049568275851624
6.503649999999585,0.6091375862058517
6.5053199999995845,0.6133183448265409
6.506989999999584,0.6174991034472301
6.508659999999584,0.6216798620679194
6.510329999999584,0.6258606206886088
6.511999999999584,0.630041379309298
6.513669999999584,0.6342221379299875
6.515339999999584,0.6384028965506767
6.517009999999583,0.642583655171366
6.518679999999583,0.6467644137920554
6.520349999999583,0.6509451724127446
6.522019999999583,0.6551259310334339
6.523689999999583,0.6593066896541231
6.525359999999583,0.6634874482748123
6.527029999999582,0.667668206895502
6.528699999999582,0.6718489655161912
6.530369999999582,0.6760297241368804
6.532039999999582,0.6802104827575697
6.533709999999582,0.6843912413782589
6.535379999999582,0.6885719999989484
6.5370499999995815,0.6927527586196376
6.538719999999581,0.6969335172403268
6.540389999999581,0.7011142758610163
6.542059999999581,0.7052950344817057
6.543729999999581,0.709475793102395
6.545399999999581,0.7136565517230842
6.5470699999995805,0.7178373103437734
6.54873999999958,0.7220180689644626
6.55040999999958,0.7261988275851521
6.55207999999958,0.7303795862058413
6.55374999999958,0.7345603448265308
6.55541999999958,0.73874110344722
6.5570899999995795,0.7429218620679092
6.558759999999579,0.7471026206885987
6.560429999999579,0.7512833793092879
6.562099999999579,0.7554641379299771
6.563769999999579,0.7596448965506664
6.565439999999579,0.7638256551713556
6.567109999999579,0.7680064137920453
6.568779999999578,0.7721871724127345
6.570449999999578,0.7763679310334237
6.572119999999578,0.780548689654113
6.573789999999578,0.7847294482748022
6.575459999999578,0.7889102068954916
6.577129999999578,0.7930909655161809
6.578799999999577,0.7972717241368701
6.580469999999577,0.8014524827575593
6.582139999999577,0.8056332413782485
6.583809999999577,0.809813999998938
6.585479999999577,0.8139947586196272
6.587149999999577,0.8181755172403167
6.5888199999995765,0.8223562758610059
6.590489999999576,0.8265370344816951
6.592159999999576,0.8307177931023846
6.593829999999576,0.8348985517230738
6.595499999999576,0.839079310343763
6.597169999999576,0.8432600689644523
6.5988399999995755,0.8474408275851415
6.600509999999575,0.851621586205831
6.602179999999575,0.8558023448265202
6.603849999999575,0.8599831034472094
6.605519999999575,0.8641638620678986
6.607189999999575,0.8683446206885881
6.6088599999995745,0.8725253793092775
6.610529999999574,0.8767061379299668
6.612199999999574,0.880886896550656
6.613869999999574,0.8850676551713452
6.615539999999574,0.8892484137920347
6.617209999999574,0.8934291724127239
6.6188799999995735,0.8976099310334131
6.620549999999573,0.9017906896541024
6.622219999999573,0.9059714482747916
6.623889999999573,0.910152206895481
6.625559999999573,0.9143329655161703
6.627229999999573,0.9185137241368595
6.628899999999573,0.9226944827575487
6.630569999999572,0.9268752413782382
6.632239999999572,0.9310559999989274
6.633909999999572,0.9352367586196169
6.635579999999572,0.9394175172403059
6.637249999999572,0.9435982758609953
6.638919999999572,0.9477790344816848
6.6405899999995714,0.951959793102374
6.642259999999571,0.9561405517230634
6.643929999999571,0.9603213103437525
6.645599999999571,0.9645020689644419
6.647269999999571,0.9686828275851309
6.648939999999571,0.9728635862058206
6.6506099999995705,0.97704434482651
6.65227999999957,0.981225103447199
6.65394999999957,0.9854058620678885
6.65561999999957,0.9895866206885775
6.65728999999957,0.9937673793092672
6.65895999999957,0.9979481379299562
6.6606299999995695,1.0021288965506456
6.662299999999569,1.0063096551713346
6.663969999999569,1.010490413792024
6.665639999999569,1.0146711724127138
6.667309999999569,1.0188519310334028
6.668979999999569,1.0230326896540922
6.6706499999995685,1.0272134482747812
6.672319999999568,1.0313942068954707
6.673989999999568,1.03557496551616
6.675659999999568,1.0397557241368494
6.677329999999568,1.0439364827575388
6.678999999999568,1.0481172413782278
6.680669999999568,1.0522979999989173
6.682339999999567,1.0564787586196065
6.684009999999567,1.060659517240296
6.685679999999567,1.064840275860985
6.687349999999567,1.0690210344816744
6.689019999999567,1.0732017931023639
6.690689999999567,1.077382551723053
6.692359999999566,1.0815633103437425
6.694029999999566,1.0857440689644315
6.695699999999566,1.089924827585121
6.697369999999566,1.09410558620581
6.699039999999566,1.0982863448264997
6.700709999999566,1.1024671034471887
6.7023799999995655,1.1066478620678781
6.704049999999565,1.1108286206885676
6.705719999999565,1.1150093793092566
6.707389999999565,1.1191901379299463
6.709059999999565,1.1233708965506353
6.710729999999565,1.1275516551713247
6.7123999999995645,1.1317324137920137
6.714069999999564,1.1359131724127034
6.715739999999564,1.1400939310333928
6.717409999999564,1.1442746896540819
6.719079999999564,1.1484554482747713
6.720749999999564,1.1526362068954603
6.7224199999995635,1.15681696551615
6.724089999999563,1.160997724136839
6.725759999999563,1.165173059827979
6.727429999999563,1.1693095213664404
6.729099999999563,1.1734459829049013
6.730769999999563,1.177582444443363
6.7324399999995626,1.1817189059818238
6.734109999999562,1.1858553675202852
6.735779999999562,1.1899918290587461
6.737449999999562,1.1941282905972075
6.739119999999562,1.1982647521356686
6.740789999999562,1.20240121367413
6.742459999999562,1.206537675212591
6.744129999999561,1.2106741367510523
6.745799999999561,1.2148105982895132
6.747469999999561,1.2189470598279748
6.749139999999561,1.2230835213664357
6.750809999999561,1.2272199829048966
6.752479999999561,1.231356444443358
6.7541499999995604,1.235492905981819
6.75581999999956,1.2396293675202805
6.75748999999956,1.2437658290587414
6.75915999999956,1.247931586205797
6.76082999999956,1.2521123448264864
6.76249999999956,1.2562931034471754
6.7641699999995595,1.260473862067865
6.765839999999559,1.2646546206885545
6.767509999999559,1.2688353793092435
6.769179999999559,1.273016137929933
6.770849999999559,1.2771968965506222
6.772519999999559,1.2813776551713116
6.7741899999995585,1.2855584137920006
6.775859999999558,1.28973917241269
6.777529999999558,1.2939199310333795
6.779199999999558,1.2981006896540688
6.780869999999558,1.3022814482747582
6.782539999999558,1.3064622068954472
6.7842099999995575,1.3106429655161367
6.785879999999557,1.3148237241368257
6.787549999999557,1.3190044827575154
6.789219999999557,1.3231852413782048
6.790889999999557,1.3273659999988938
6.792559999999557,1.3315467586195833
6.794229999999557,1.3357275172402723
6.795899999999556,1.339908275860962
6.797569999999556,1.344089034481651
6.799239999999556,1.3482697931023404
6.800909999999556,1.3524505517230294
6.802579999999556,1.3566313103437189
6.804249999999556,1.360812068964408
6.805919999999555,1.3649928275850975
6.807589999999555,1.3691735862057866
6.809259999999555,1.373354344826476
6.810929999999555,1.377535103447165
6.812599999999555,1.3817158620678547
6.814269999999555,1.3858966206885437
6.8159399999995545,1.3900773793092331
6.817609999999554,1.3942581379299221
6.819279999999554,1.3984388965506116
6.820949999999554,1.4026196551713008
6.822619999999554,1.4068004137919903
6.824289999999554,1.4109811724126793
6.8259599999995535,1.4151619310333687
6.827629999999553,1.4193426896540582
6.829299999999553,1.4235234482747474
6.830969999999553,1.4277042068954369
6.832639999999553,1.4318849655161259
6.834309999999553,1.4360657241368153
6.8359799999995525,1.4402464827575043
6.837649999999552,1.444427241378194
6.839319999999552,1.448607999998883
6.840989999999552,1.4527887586195725
6.842659999999552,1.456969517240262
6.844329999999552,1.461150275860951
6.8459999999995516,1.4653310344816406
6.847669999999551,1.4695117931023296
6.849339999999551,1.473692551723019
6.851009999999551,1.477873310343708
6.852679999999551,1.4820540689643975
6.854349999999551,1.4862348275850872
6.856019999999551,1.4904155862057762
6.85768999999955,1.4945963448264656
6.85935999999955,1.4987771034471546
6.86102999999955,1.502957862067844
6.86269999999955,1.5071386206885333
6.86436999999955,1.5113193793092228
6.86603999999955,1.5155001379299118
6.8677099999995495,1.5196808965506012
6.869379999999549,1.5238616551712907
6.871049999999549,1.52804241379198
6.872719999999549,1.5322231724126694
6.874389999999549,1.5364039310333584
6.876059999999549,1.5405846896540478
6.8777299999995485,1.544765448274737
6.879399999999548,1.5489462068954265
6.881069999999548,1.553126965516116
6.882739999999548,1.557307724136805
6.884409999999548,1.5614884827574944
6.886079999999548,1.5656692413781836
6.8877499999995475,1.569849999998873
6.889419999999547,1.574030758619562
6.891089999999547,1.5782115172402515
6.892759999999547,1.582392275860941
6.894429999999547,1.5865730344816302
6.896099999999547,1.5907537931023197
6.8977699999995465,1.5949345517230087
6.899439999999546,1.5991153103436981
6.901109999999546,1.6032960689643871
6.902779999999546,1.6074768275850768
6.904449999999546,1.6116575862057658
6.906119999999546,1.6158383448264553
6.907789999999546,1.6200191034471447
6.909459999999545,1.6241998620678337
6.911129999999545,1.6283806206885234
6.912799999999545,1.6325613793092124
6.914469999999545,1.6367421379299019
6.916139999999545,1.6409228965505909
6.917809999999545,1.6451036551712803
6.919479999999544,1.64928441379197
6.921149999999544,1.653465172412659
6.922819999999544,1.6576459310333485
6.924489999999544,1.6618266896540375
6.926159999999544,1.666007448274727
6.927829999999544,1.6701882068954161
6.9294999999995435,1.6743689655161056
6.931169999999543,1.6785497241367946
6.932839999999543,1.682730482757484
6.934509999999543,1.6869112413781735
6.936179999999543,1.6910919999988627
6.937849999999543,1.6952727586195522
6.9395199999995425,1.6994535172402412
6.941189999999542,1.7036342758609306
6.942859999999542,1.7078150344816199
6.944529999999542,1.7119957931023093
6.946199999999542,1.7161765517229988
6.947869999999542,1.7203573103436878
6.9495399999995415,1.7245380689643772
6.951209999999541,1.7287188275850665
6.952879999999541,1.732899586205756
6.954549999999541,1.737080344826445
6.956219999999541,1.7412611034471344
6.957889999999541,1.7454418620678234
6.959559999999541,1.749622620688513
6.96122999999954,1.753803379309202
6.96289999999954,1.7579841379298915
6.96456999999954,1.7621648965505805
6.96623999999954,1.76634565517127
6.96790999999954,1.7705264137919592
6.96957999999954,1.7747071724126486
6.971249999999539,1.7788879310333376
6.972919999999539,1.783068689654027
6.974589999999539,1.787249448274716
6.976259999999539,1.7914302068954058
6.977929999999539,1.7956109655160948
6.979599999999539,1.7997917241367842
6.9812699999995385,1.8039724827574732
6.982939999999538,1.8081532413781627
6.984609999999538,1.8123075042723684
6.986279999999538,1.8164439658108298
6.987949999999538,1.8205804273492907
6.989619999999538,1.824716888887752
6.9912899999995375,1.828853350426213
6.992959999999537,1.8329898119646746
6.994629999999537,1.8371262735031355
6.996299999999537,1.8412627350415969
6.997969999999537,1.8453991965800578
6.999639999999537,1.8495356581185192
7.0013099999995365,1.8536721196569803
7.002979999999536,1.8578085811954417
7.004649999999536,1.8619450427339026
7.006319999999536,1.866081504272364
7.007989999999536,1.870217965810825
7.009659999999536,1.8743544273492865
7.0113299999995355,1.8784908888877474
7.012999999999535,1.8826273504262088
7.014669999999535,1.8867638119646697
7.016339999999535,1.8909063448264314
7.018009999999535,1.8950871034471208
7.019679999999535,1.8992678620678103
7.021349999999535,1.9034486206884993
7.023019999999534,1.9076293793091887
7.024689999999534,1.911810137929878
7.026359999999534,1.9159908965505674
7.028029999999534,1.9201716551712564
7.029699999999534,1.9243524137919459
7.031369999999534,1.9285331724126349
7.033039999999533,1.9327139310333246
7.034709999999533,1.936894689654014
7.036379999999533,1.941075448274703
7.038049999999533,1.9452562068953925
7.039719999999533,1.9494369655160817
7.041389999999533,1.9536177241367711
7.0430599999995325,1.9577984827574602
7.044729999999532,1.9619792413781496
7.046399999999532,1.966159999998839
7.048069999999532,1.9703407586195283
7.049739999999532,1.9745215172402177
7.051409999999532,1.9787022758609067
7.0530799999995315,1.9828830344815962
7.054749999999531,1.9870637931022852
7.056419999999531,1.9912445517229749
7.058089999999531,1.9954253103436643
7.059759999999531,1.9996060689643533
7.061429999999531,2.003786827585043
7.0630999999995305,2.007967586205732
7.06476999999953,2.0121483448264215
7.06643999999953,2.0163291034471102
7.06810999999953,2.0205098620678
7.06977999999953,2.0246906206884887
7.07144999999953,2.0288713793091784
7.07311999999953,2.033052137929868
7.074789999999529,2.037232896550557
7.076459999999529,2.0414136551712465
7.078129999999529,2.0455944137919353
7.079799999999529,2.049775172412625
7.081469999999529,2.053955931033314
7.083139999999529,2.0581366896540034
7.084809999999528,2.062317448274693
7.086479999999528,2.0664982068953823
7.088149999999528,2.0706789655160716
7.089819999999528,2.074859724136761
7.091489999999528,2.07904048275745
7.093159999999528,2.0832212413781392
7.0948299999995275,2.087401999998829
7.096499999999527,2.091582758619518
7.098169999999527,2.0957635172402074
7.099839999999527,2.0999442758608966
7.101509999999527,2.104125034481586
7.103179999999527,2.1083057931022755
7.1048499999995265,2.1124865517229647
7.106519999999526,2.116667310343654
7.108189999999526,2.120848068964343
7.109859999999526,2.125028827585033
7.111529999999526,2.129209586205722
7.113199999999526,2.1333903448264113
7.1148699999995255,2.1375711034471006
7.116539999999525,2.14175186206779
7.118209999999525,2.1459326206884795
7.119879999999525,2.1501133793091682
7.121549999999525,2.154294137929858
7.123219999999525,2.1584748965505467
7.1248899999995245,2.1626556551712364
7.126559999999524,2.166836413791925
7.128229999999524,2.171017172412615
7.129899999999524,2.1751979310333036
7.131569999999524,2.1793786896539933
7.133239999999524,2.1835594482746825
7.134909999999524,2.1877402068953717
7.136579999999523,2.191920965516061
7.138249999999523,2.19610172413675
7.139919999999523,2.2002824827574394
7.141589999999523,2.204463241378129
7.143259999999523,2.2086439999988183
7.144929999999523,2.2128247586195076
7.1465999999995224,2.217005517240197
7.148269999999522,2.221186275860886
7.149939999999522,2.2253670344815757
7.151609999999522,2.229547793102265
7.153279999999522,2.233728551722954
7.154949999999522,2.2379093103436434
7.1566199999995215,2.242090068964333
7.158289999999521,2.246270827585022
7.159959999999521,2.2504515862057115
7.161629999999521,2.2546323448264007
7.163299999999521,2.25881310344709
7.164969999999521,2.2629938620677796
7.1666399999995205,2.2671746206884684
7.16830999999952,2.271355379309158
7.16997999999952,2.275536137929847
7.17164999999952,2.2797168965505366
7.17331999999952,2.2838976551712253
7.17498999999952,2.288078413791915
7.1766599999995195,2.2922591724126047
7.178329999999519,2.2964399310332935
7.179999999999519,2.300620689653983
7.181669999999519,2.304801448274672
7.183339999999519,2.3089822068953616
7.185009999999519,2.3131629655160504
7.186679999999519,2.31734372413674
7.188349999999518,2.3215244827574297
7.190019999999518,2.3257052413781185
7.191689999999518,2.329885999998808
7.193359999999518,2.334066758619497
7.195029999999518,2.3382475172401866
7.196699999999518,2.3424282758608754
7.198369999999517,2.346609034481565
7.200039999999517,2.3507897931022543
7.201709999999517,2.3549705517229436
7.203379999999517,2.3591513103436332
7.205049999999517,2.3633320689643225
7.206719999999517,2.3675128275850117
7.2083899999995165,2.371693586205701
7.210059999999516,2.37587434482639
7.211729999999516,2.3800551034470794
7.213399999999516,2.384235862067769
7.215069999999516,2.3884166206884583
7.216739999999516,2.3925973793091475
7.2184099999995155,2.3967781379298367
7.220079999999515,2.400958896550526
7.221749999999515,2.4051396551712156
7.223419999999515,2.409320413791905
7.225089999999515,2.413501172412594
7.226759999999515,2.4176819310332833
7.2284299999995145,2.4218626896539726
7.230099999999514,2.4260434482746622
7.231769999999514,2.4302242068953515
7.233439999999514,2.4344049655160407
7.235109999999514,2.43858572413673
7.236779999999514,2.442766482757419
7.2384499999995136,2.4469472413781084
7.240119999999513,2.451127999998798
7.241789999999513,2.4553054871782973
7.243459999999513,2.4594419487167585
7.245129999999513,2.4635784102552196
7.246799999999513,2.4677148717936808
7.248469999999513,2.4718513333321424
7.250139999999512,2.475987794870603
7.251809999999512,2.4801242564090646
7.253479999999512,2.4842607179475253
7.255149999999512,2.488397179485987
7.256819999999512,2.4925336410244476
7.258489999999512,2.4966701025629088
7.2601599999995114,2.50080656410137
7.261829999999511,2.504943025639831
7.263499999999511,2.5090794871782927
7.265169999999511,2.513215948716754
7.266839999999511,2.517352410255215
7.268509999999511,2.521488871793676
7.2701799999995105,2.525625333332137
7.27184999999951,2.5297617948705984
7.27351999999951,2.533898256409059
7.27518999999951,2.5380618620677553
7.27685999999951,2.5422426206884445
7.27852999999951,2.5464233793091333
7.2801999999995095,2.550604137929823
7.281869999999509,2.5547848965505127
7.283539999999509,2.558965655171202
7.285209999999509,2.563146413791891
7.286879999999509,2.56732717241258
7.288549999999509,2.5715079310332696
7.2902199999995085,2.5756886896539593
7.291889999999508,2.5798694482746485
7.293559999999508,2.584050206895337
7.295229999999508,2.5882309655160265
7.296899999999508,2.592411724136716
7.298569999999508,2.596592482757406
7.300239999999508,2.600773241378094
7.301909999999507,2.6049539999987834
7.303579999999507,2.609134758619473
7.305249999999507,2.6133155172401628
7.306919999999507,2.6174962758608515
7.308589999999507,2.6216770344815408
7.310259999999507,2.62585779310223
7.311929999999506,2.6300385517229197
7.313599999999506,2.6342193103436093
7.315269999999506,2.638400068964298
7.316939999999506,2.6425808275849874
7.318609999999506,2.6467615862056766
7.320279999999506,2.6509423448263663
7.3219499999995055,2.655123103447056
7.323619999999505,2.6593038620677447
7.325289999999505,2.663484620688434
7.326959999999505,2.667665379309123
7.328629999999505,2.671846137929813
7.330299999999505,2.6760268965505025
7.3319699999995045,2.680207655171192
7.333639999999504,2.6843884137918805
7.335309999999504,2.6885691724125698
7.336979999999504,2.6927499310332594
7.338649999999504,2.696930689653949
7.340319999999504,2.701111448274638
7.3419899999995035,2.705292206895327
7.343659999999503,2.7094729655160164
7.345329999999503,2.713653724136706
7.346999999999503,2.7178344827573957
7.348669999999503,2.7220152413780845
7.350339999999503,2.7261959999987737
7.3520099999995026,2.7303767586194634
7.353679999999502,2.7345575172401526
7.355349999999502,2.7387382758608414
7.357019999999502,2.742919034481531
7.358689999999502,2.7470997931022203
7.360359999999502,2.75128055172291
7.362029999999502,2.7554613103435983
7.363699999999501,2.759642068964288
7.365369999999501,2.7638228275849777
7.367039999999501,2.768003586205667
7.368709999999501,2.7721843448263557
7.370379999999501,2.776365103447045
7.372049999999501,2.7805458620677346
7.3737199999995005,2.7847266206884242
7.3753899999995,2.788907379309113
7.3770599999995,2.7930881379298023
7.3787299999995,2.7972688965504915
7.3803999999995,2.801449655171181
7.3820699999995,2.80563041379187
7.3837399999994995,2.8098111724125596
7.385409999999499,2.813991931033249
7.387079999999499,2.818172689653938
7.388749999999499,2.822353448274627
7.390419999999499,2.8265342068953165
7.392089999999499,2.830714965516006
7.3937599999994985,2.8348957241366954
7.395429999999498,2.839076482757384
7.397099999999498,2.8432572413780735
7.398769999999498,2.847437999998763
7.400439999999498,2.851618758619453
7.402109999999498,2.855799517240141
7.4037799999994975,2.8599802758608304
7.405449999999497,2.86416103448152
7.407119999999497,2.8683417931022097
7.408789999999497,2.8725225517228994
7.410459999999497,2.8767033103435877
7.412129999999497,2.880884068964277
7.413799999999497,2.8850648275849666
7.415469999999496,2.8892455862056563
7.417139999999496,2.893426344826346
7.418809999999496,2.897607103447035
7.420479999999496,2.9017878620677235
7.422149999999496,2.905968620688413
7.423819999999496,2.910149379309103
7.425489999999495,2.9143301379297926
7.427159999999495,2.918510896550482
7.428829999999495,2.92269165517117
7.430499999999495,2.92687241379186
7.432169999999495,2.9310531724125495
7.433839999999495,2.935233931033239
7.4355099999994945,2.9394146896539284
7.437179999999494,2.943595448274617
7.438849999999494,2.9477762068953064
7.440519999999494,2.951956965515996
7.442189999999494,2.9561377241366857
7.443859999999494,2.960318482757374
7.4455299999994935,2.9644992413780638
7.447199999999493,2.968679999998753
7.448869999999493,2.9728607586194427
7.450539999999493,2.9770415172401314
7.452209999999493,2.9812222758608207
7.453879999999493,2.9854030344815103
7.4555499999994925,2.9895837931021996
7.457219999999492,2.9937645517228884
7.458889999999492,2.997945310343578
7.460559999999492,3.0021260689642673
7.462229999999492,3.006306827584957
7.463899999999492,3.0104875862056453
7.465569999999492,3.014668344826335
7.467239999999491,3.0188491034470246
7.468909999999491,3.0230298620677143
7.470579999999491,3.0272106206884035
7.472249999999491,3.031391379309092
7.473919999999491,3.0355721379297815
7.475589999999491,3.039752896550471
7.47725999999949,3.043933655171161
7.47892999999949,3.04811441379185
7.48059999999949,3.0522951724125384
7.48226999999949,3.056475931033228
7.48393999999949,3.060656689653918
7.48560999999949,3.0648374482746075
7.4872799999994895,3.0690182068952967
7.488949999999489,3.073198965515985
7.490619999999489,3.0773797241366747
7.492289999999489,3.0815604827573644
7.493959999999489,3.085741241378054
7.495629999999489,3.0899219999987433
7.4972999999994885,3.0941027586194325
7.498969999999488,3.0982835172401213
7.500639999999488,3.2001275545712673
7.502309999999488,3.2004603922808506
7.503979999999488,3.200793229990433
7.505649999999488,3.201126067700021
7.5073199999994875,3.201458905409609
7.508989999999487,3.2017917431191925
7.510659999999487,3.202124580828775
7.512329999999487,3.202457418538363
7.513999999999487,3.202790256247951
7.515669999999487,3.203123093957534
7.5173399999994865,3.2034559316671163
7.519009999999486,3.203788769376705
7.520679999999486,3.204121607086293
7.522349999999486,3.204454444795876
7.524019999999486,3.204787282505458
7.525689999999486,3.2051201202150468
7.527359999999486,3.205452957924636
7.529029999999485,3.2057857956342177
7.530699999999485,3.2061186333437997
7.532369999999485,3.2064514710533882
7.534039999999485,3.206784308762977
7.535709999999485,3.2071171464725596
7.537379999999485,3.2074499841821416
7.539049999999484,3.20778282189173
7.540719999999484,3.2081156596013183
7.542389999999484,3.2084484973109015
7.544059999999484,3.2087813350204835
7.545729999999484,3.2091141727300716
7.547399999999484,3.20944701043966
7.5490699999994835,3.2097798481492434
7.550739999999483,3.2101126858588254
7.552409999999483,3.2104455235684135
7.554079999999483,3.2107783612780016
7.555749999999483,3.211111198987584
7.557419999999483,3.2114440366971673
7.5590899999994825,3.2117768744067554
7.560759999999482,3.2121097121163436
7.562429999999482,3.212442549825926
7.564099999999482,3.212775387535509
7.565769999999482,3.2131082252450973
7.567439999999482,3.2134410629546855
7.5691099999994815,3.2137739006642674
7.570779999999481,3.2141067383738506
7.572449999999481,3.214439576083439
7.574119999999481,3.2147724137930274
7.575789999999481,3.2151052515026093
7.577459999999481,3.2154380892121925
7.579129999999481,3.215770926921781
7.58079999999948,3.2161037646313693
7.58246999999948,3.216436602340951
7.58413999999948,3.2167694400505336
7.58580999999948,3.217102277760122
7.58747999999948,3.2174351154697103
7.58914999999948,3.217767953179293
7.590819999999479,3.218100790888875
7.592489999999479,3.2184336285984636
7.594159999999479,3.218766466308052
7.595829999999479,3.219099304017635
7.597499999999479,3.219432141727217
7.599169999999479,3.2197649794368055
7.6008399999994785,3.220097817146394
7.602509999999478,3.220430654855977
7.604179999999478,3.220763492565559
7.605849999999478,3.2210963302751474
7.607519999999478,3.221429167984737
7.609189999999478,3.221762005694319
7.6108599999994775,3.2220948434039007
7.612529999999477,3.2224276811134898
7.614199999999477,3.2227605188230783
7.615869999999477,3.2230933565326607
7.617539999999477,3.2234261942422435
7.619209999999477,3.2237590319518317
7.6208799999994765,3.2240918696614203
7.622549999999476,3.2244247073710026
7.624219999999476,3.2247575450805854
7.625889999999476,3.2250903827901736
7.627559999999476,3.225423220499762
7.629229999999476,3.225756058209344
7.6308999999994755,3.2260888959189264
7.632569999999475,3.2264217336285146
7.634239999999475,3.226754571338103
7.635909999999475,3.227087409047686
7.637579999999475,3.227420246757268
7.639249999999475,3.2277530844668565
7.640919999999475,3.2280859221764446
7.642589999999474,3.228418759886028
7.644259999999474,3.22875159759561
7.645929999999474,3.2290844353051984
7.647599999999474,3.2294172730147865
7.649269999999474,3.2297501107243693
7.650939999999474,3.2300829484339517
7.6526099999994734,3.23041578614354
7.654279999999473,3.2307486238531284
7.655949999999473,3.2310814615627113
7.657619999999473,3.2314142992722936
7.659289999999473,3.2317471369818818
7.660959999999473,3.2320799746914703
7.6626299999994725,3.232412812401053
7.664299999999472,3.232745650110635
7.665969999999472,3.2330784878202237
7.667639999999472,3.233411325529812
7.669309999999472,3.233744163239395
7.670979999999472,3.234077000948977
7.6726499999994715,3.2344098386585656
7.674319999999471,3.2347426763681537
7.675989999999471,3.2350755140777365
7.677659999999471,3.235408351787319
7.679329999999471,3.235741189496907
7.680999999999471,3.2360740272064956
7.6826699999994705,3.2364068649160784
7.68433999999947,3.236739702625661
7.68600999999947,3.237072540335249
7.68767999999947,3.2374053780448375
7.68934999999947,3.2377382157544203
7.69101999999947,3.2380710534640023
7.69268999999947,3.238403891173591
7.694359999999469,3.238736728883179
7.696029999999469,3.2390695665927622
7.697699999999469,3.239402404302344
7.699369999999469,3.2397352420119327
7.701039999999469,3.240068079721521
7.702709999999469,3.2404009174311037
7.704379999999468,3.240733755140686
7.706049999999468,3.241066592850274
7.707719999999468,3.241399430559863
7.709389999999468,3.2417322682694447
7.711059999999468,3.242065105979028
7.712729999999468,3.242397943688616
7.7143999999994675,3.2427307813982047
7.716069999999467,3.2430636191077866
7.717739999999467,3.2433964568173694
7.719409999999467,3.243729294526958
7.721079999999467,3.244062132236546
7.722749999999467,3.2443949699461285
7.7244199999994665,3.2447278076557113
7.726089999999466,3.2450748216104963
7.727759999999466,3.2454519564023125
7.729429999999466,3.245829091194123
7.731099999999466,3.2462062259859334
7.732769999999466,3.2465833607777497
7.7344399999994655,3.2469604955695663
7.736109999999465,3.2473376303613772
7.737779999999465,3.2477147651531877
7.739449999999465,3.248091899945004
7.741119999999465,3.2484690347368206
7.742789999999465,3.2488461695286315
7.7444599999994646,3.249223304320442
7.746129999999464,3.249600439112258
7.747799999999464,3.249977573904075
7.749469999999464,3.2503547086958857
7.751139999999464,3.250731843487696
7.752809999999464,3.2511089782795124
7.754479999999464,3.251486113071329
7.756149999999463,3.25186324786314
7.757819999999463,3.2522403826549504
7.759489999999463,3.252579468522525
7.761159999999463,3.2529123062321146
7.762829999999463,3.2532451439416965
7.764499999999463,3.2535779816512784
7.7661699999994624,3.253910819360868
7.767839999999462,3.254243657070456
7.769509999999462,3.2545764947800384
7.771179999999462,3.254909332489621
7.772849999999462,3.25524217019921
7.774519999999462,3.255575007908798
7.7761899999994615,3.25590784561838
7.777859999999461,3.2562406833279622
7.779529999999461,3.2565735210375504
7.781199999999461,3.256906358747139
7.782869999999461,3.2572391964567218
7.784539999999461,3.257572034166304
7.7862099999994605,3.2579048718758923
7.78787999999946,3.258237709585481
7.78954999999946,3.2585705472950637
7.79121999999946,3.2589033850046456
7.79288999999946,3.259236222714234
7.79455999999946,3.2595690604238223
7.7962299999994595,3.2599018981334056
7.797899999999459,3.2602347358429875
7.799569999999459,3.260567573552576
7.801239999999459,3.2609004112621642
7.802909999999459,3.2612292789967836
7.804579999999459,3.261511974921546
7.806249999999459,3.2617946708463137
7.807919999999458,3.2620773667710816
7.809589999999458,3.2623600626958438
7.811259999999458,3.2626427586206055
7.812929999999458,3.262925454545374
7.814599999999458,3.263208150470142
7.816269999999458,3.263490846394904
7.817939999999457,3.2637735423196657
7.819609999999457,3.264056238244434
7.821279999999457,3.264338934169201
7.822949999999457,3.2646216300939632
7.824619999999457,3.264904326018726
7.826289999999457,3.2651870219434933
7.8279599999994565,3.2654697178682612
7.829629999999456,3.265752413793023
7.831299999999456,3.266035109717785
7.832969999999456,3.266317805642553
7.834639999999456,3.266639734261217
7.836309999999456,3.2669725719707987
7.8379799999994555,3.267305409680381
7.839649999999455,3.267638247389969
7.841319999999455,3.2679710850995574
7.842989999999455,3.2683039228091406
7.844659999999455,3.2686367605187225
7.846329999999455,3.268969598228311
7.8479999999994545,3.2693024359378993
7.849669999999454,3.2696352736474825
7.851339999999454,3.2699681113570644
7.853009999999454,3.270300949066653
7.854679999999454,3.270633786776241
7.856349999999454,3.270966624485824
7.8580199999994536,3.2712994621954063
7.859689999999453,3.2716322999049945
7.861359999999453,3.271965137614583
7.863029999999453,3.272297975324165
7.864699999999453,3.2726308130337483
7.866369999999453,3.2729636507433364
7.868039999999453,3.2732964884529245
7.869709999999452,3.273629326162507
7.871379999999452,3.2739621638720897
7.873049999999452,3.2742950015816783
7.874719999999452,3.2746278392912664
7.876389999999452,3.274960677000849
7.878059999999452,3.2752935147104316
7.8797299999994515,3.27562635242002
7.881399999999451,3.2759591901296083
7.883069999999451,3.2762920278391903
7.884739999999451,3.2766248655487726
7.886409999999451,3.2769577032583608
7.888079999999451,3.2772905409679494
7.8897499999994505,3.277623378677532
7.89141999999945,3.2779562163871145
7.89308999999945,3.2782890540967027
7.89475999999945,3.278621891806291
7.89642999999945,3.278954729515874
7.89809999999945,3.279287567225456
7.8997699999994495,3.2796204049350446
7.901439999999449,3.2799532426446327
7.903109999999449,3.280286080354216
7.904779999999449,3.280618918063798
7.906449999999449,3.280951755773386
7.908119999999449,3.2812845934829746
7.9097899999994485,3.2816174311925574
7.911459999999448,3.28195026890214
7.913129999999448,3.282283106611729
7.914799999999448,3.2826159443213174
7.916469999999448,3.2829487820308993
7.918139999999448,3.2832816197404826
7.919809999999448,3.2836144574500707
7.921479999999447,3.283947295159659
7.923149999999447,3.2842801328692413
7.924819999999447,3.284612970578824
7.926489999999447,3.2849458082884126
7.928159999999447,3.285278645998001
7.929829999999447,3.285611483707583
7.931499999999446,3.285944321417165
7.933169999999446,3.2862771591267532
7.934839999999446,3.286609996836342
7.936509999999446,3.2869428345459246
7.938179999999446,3.287275672255507
7.939849999999446,3.287608509965095
7.9415199999994455,3.2879413476746837
7.943189999999445,3.2882741853842665
7.944859999999445,3.2886070230938484
7.946529999999445,3.288939860803437
7.948199999999445,3.289272698513025
7.949869999999445,3.2896055362226084
7.9515399999994445,3.2899383739321904
7.953209999999444,3.290271211641779
7.954879999999444,3.290604049351367
7.956549999999444,3.2909368870609503
7.958219999999444,3.2912697247705323
7.959889999999444,3.291602562480121
7.9615599999994435,3.291935400189709
7.963229999999443,3.2922682378992922
7.964899999999443,3.292601075608874
7.966569999999443,3.2929339133184627
7.968239999999443,3.293266751028051
7.969909999999443,3.293599588737634
7.971579999999443,3.293932426447216
7.973249999999442,3.2942652641568047
7.974919999999442,3.294598101866393
7.976589999999442,3.294930939575976
7.978259999999442,3.295263777285558
7.979929999999442,3.295596614995146
7.981599999999442,3.2959294527047347
7.983269999999441,3.2962622904143175
7.984939999999441,3.296630377166031
7.986609999999441,3.297007511957847
7.988279999999441,3.2973846467496637
7.989949999999441,3.2977617815414746
7.991619999999441,3.298138916333285
7.9932899999994405,3.2985160511251013
7.99495999999944,3.298893185916918
7.99662999999944,3.299270320708729
7.99829999999944,3.2996474555005393
7.99996999999944,3.3000245902923555
8.00163999999944,3.3004017250841695
8.003309999999441,3.300778859875983
8.004979999999442,3.3011559946677966
8.006649999999443,3.3015331294596106
8.008319999999443,3.301910264251424
8.009989999999444,3.302287399043238
8.011659999999445,3.3026645338350518
8.013329999999446,3.3030416686268653
8.014999999999446,3.3034188034186793
8.016669999999447,3.303781113571545
8.018339999999448,3.3041139512811304
8.020009999999449,3.304446788990716
8.02167999999945,3.304779626700302
8.02334999999945,3.3051124644098873
8.02501999999945,3.3054453021194727
8.026689999999451,3.305778139829058
8.028359999999452,3.306110977538644
8.030029999999453,3.3064438152482296
8.031699999999454,3.306776652957815
8.033369999999454,3.3071094906674015
8.035039999999455,3.3074423283769874
8.036709999999456,3.307775166086573
8.038379999999457,3.3081080037961583
8.040049999999457,3.308440841505744
8.041719999999458,3.3087736792153293
8.043389999999459,3.309106516924915
8.04505999999946,3.3094393546345007
8.04672999999946,3.309772192344086
8.04839999999946,3.3101050300536716
8.050069999999462,3.3104378677632575
8.051739999999462,3.310770705472843
8.053409999999463,3.3111035431824285
8.055079999999464,3.311436380892014
8.056749999999465,3.3117692186016
8.058419999999465,3.3121020563111854
8.060089999999466,3.312434894020771
8.061759999999467,3.3127677317303563
8.063429999999467,3.313100569439942
8.065099999999468,3.3134334071495286
8.066769999999469,3.313766244859114
8.06843999999947,3.3140990825686996
8.07010999999947,3.314431920278285
8.071779999999471,3.314764757987871
8.073449999999472,3.3150975956974564
8.075119999999472,3.315430433407042
8.076789999999473,3.3157632711166274
8.078459999999474,3.316096108826213
8.080129999999475,3.316428946535799
8.081799999999475,3.3167617842453843
8.083469999999476,3.3170946219549697
8.085139999999477,3.317427459664555
8.086809999999478,3.317760297374141
8.088479999999478,3.3180931350837266
8.090149999999479,3.318425972793312
8.09181999999948,3.3187588105028976
8.09348999999948,3.3190916482124835
8.095159999999481,3.319424485922069
8.096829999999482,3.3197573236316544
8.098499999999483,3.32009016134124
8.100169999999483,3.3204229990508254
8.101839999999484,3.3207558367604113
8.103509999999485,3.321088674469997
8.105179999999486,3.3214215121795823
8.106849999999486,3.3217543498891677
8.108519999999487,3.3220871875987537
8.110189999999488,3.32242002530834
8.111859999999488,3.3227528630179255
8.11352999999949,3.323085700727511
8.11519999999949,3.323418538437097
8.11686999999949,3.3237513761466824
8.118539999999491,3.324084213856268
8.120209999999492,3.3244170515658533
8.121879999999493,3.3247498892754392
8.123549999999494,3.3250827269850247
8.125219999999494,3.32541556469461
8.126889999999495,3.325748402404196
8.128559999999496,3.3260812401137816
8.130229999999496,3.326414077823367
8.131899999999497,3.3267469155329525
8.133569999999498,3.3270797532425394
8.135239999999499,3.327412590952125
8.1369099999995,3.327721442006179
8.1385799999995,3.328004137930944
8.1402499999995,3.3282868338557092
8.141919999999502,3.3285695297804736
8.143589999999502,3.328852225705239
8.145259999999503,3.3291349216300046
8.146929999999504,3.329417617554769
8.148599999999504,3.329700313479534
8.150269999999505,3.3299830094042995
8.151939999999506,3.3302657053290643
8.153609999999507,3.3305484012538296
8.155279999999507,3.330831097178595
8.156949999999508,3.331113793103359
8.158619999999509,3.3313964890281245
8.16028999999951,3.3316791849528893
8.16195999999951,3.3319618808776545
8.163629999999511,3.33224457680242
8.165299999999512,3.332527272727184
8.166969999999512,3.3328190762415932
8.168639999999513,3.3331519139511787
8.170309999999514,3.333484751660764
8.171979999999515,3.3338175893703497
8.173649999999515,3.334150427079935
8.175319999999516,3.334483264789521
8.176989999999517,3.3348161024991065
8.178659999999518,3.335148940208692
8.180329999999518,3.3354817779182775
8.181999999999519,3.3358146156278634
8.18366999999952,3.336147453337449
8.18533999999952,3.3364802910470344
8.187009999999521,3.33681312875662
8.188679999999522,3.3371459664662058
8.190349999999523,3.3374788041757912
8.192019999999523,3.3378116418853767
8.193689999999524,3.338144479594962
8.195359999999525,3.3384773173045477
8.197029999999526,3.3388101550141336
8.198699999999526,3.33914299272372
8.200369999999527,3.3394758304333054
8.202039999999528,3.339808668142891
8.203709999999528,3.340141505852477
8.20537999999953,3.3404743435620623
8.20704999999953,3.3408071812716478
8.20871999999953,3.3411400189812333
8.210389999999531,3.341472856690819
8.212059999999532,3.3418056944004046
8.213729999999533,3.34213853210999
8.215399999999534,3.3424713698195756
8.217069999999534,3.342804207529161
8.218739999999535,3.343137045238747
8.220409999999536,3.3434698829483334
8.222079999999536,3.343802720657919
8.223749999999537,3.3441355583675043
8.225419999999538,3.3444683960770902
8.227089999999539,3.3448012337866757
8.22875999999954,3.345134071496261
8.23042999999954,3.3454669092058467
8.23209999999954,3.3457997469154326
8.233769999999542,3.346132584625018
8.235439999999542,3.3464654223346035
8.237109999999543,3.346798260044189
8.238779999999544,3.3471310977537745
8.240449999999544,3.3474639354633604
8.242119999999545,3.3478087979297864
8.243789999999546,3.3481859327216
8.245459999999547,3.348563067513414
8.247129999999547,3.3489402023052275
8.248799999999548,3.349317337097041
8.250469999999549,3.349694471888855
8.25213999999955,3.3500716066806686
8.25380999999955,3.3504487414724826
8.255479999999551,3.350825876264296
8.257149999999552,3.3512030110561097
8.258819999999552,3.3515801458479237
8.260489999999553,3.3519572806397373
8.262159999999554,3.3523344154315513
8.263829999999555,3.352711550223365
8.265499999999555,3.3530886850151798
8.267169999999556,3.3534658198069933
8.268839999999557,3.353842954598807
8.270509999999557,3.354220089390621
8.272179999999558,3.3545972241824344
8.273849999999559,3.3549743589742484
8.27551999999956,3.3553155963301764
8.27718999999956,3.355648434039762
8.278859999999561,3.3559812717493473
8.280529999999562,3.356314109458933
8.282199999999563,3.3566469471685183
8.283869999999563,3.356979784878104
8.285539999999564,3.35731262258769
8.287209999999565,3.3576454602972756
8.288879999999565,3.357978298006862
8.290549999999566,3.3583111357164475
8.292219999999567,3.358643973426033
8.293889999999568,3.3589768111356184
8.295559999999568,3.359309648845204
8.29722999999957,3.3596424865547903
8.29889999999957,3.3599753242643757
8.30056999999957,3.360308161973961
8.302239999999571,3.3606409996835467
8.303909999999572,3.360973837393132
8.305579999999573,3.3613066751027176
8.307249999999573,3.361639512812303
8.308919999999574,3.3619723505218886
8.310589999999575,3.362305188231475
8.312259999999576,3.3626380259410604
8.313929999999576,3.362970863650646
8.315599999999577,3.3633037013602314
8.317269999999578,3.363636539069817
8.318939999999579,3.3639693767794023
8.32060999999958,3.364302214488988
8.32227999999958,3.3646350521985733
8.32394999999958,3.3649678899081588
8.325619999999581,3.3653007276177442
8.327289999999582,3.3656335653273297
8.328959999999583,3.365966403036915
8.330629999999584,3.3662992407465016
8.332299999999584,3.366632078456087
8.333969999999585,3.3669649161656725
8.335639999999586,3.367297753875258
8.337309999999587,3.3676305915848435
8.338979999999587,3.367963429294429
8.340649999999588,3.3682962670040144
8.342319999999589,3.3686291047136
8.34398999999959,3.3689619424231854
8.34565999999959,3.3692947801327717
8.347329999999591,3.369627617842357
8.348999999999592,3.3699604555519427
8.350669999999592,3.370293293261528
8.352339999999593,3.3706261309711136
8.354009999999594,3.370958968680699
8.355679999999595,3.3712918063902855
8.357349999999595,3.371624644099872
8.359019999999596,3.3719574818094573
8.360689999999597,3.372290319519043
8.362359999999597,3.3726231572286283
8.364029999999598,3.3729559949382137
8.365699999999599,3.373288832647799
8.3673699999996,3.3736216703573847
8.3690399999996,3.373954508066971
8.370709999999601,3.3742873457765565
8.372379999999602,3.374620183486142
8.374049999999603,3.3749530211957275
8.375719999999603,3.375285858905313
8.377389999999604,3.3756186966148984
8.379059999999605,3.375951534324485
8.380729999999605,3.376284372034071
8.382399999999606,3.3766172097436566
8.384069999999607,3.376950047453242
8.385739999999608,3.3772828851628276
8.387409999999608,3.377615722872413
8.389079999999609,3.3779485605819985
8.39074999999961,3.378281398291584
8.39241999999961,3.3786142360011704
8.394089999999611,3.378947073710756
8.395759999999612,3.3792799114203413
8.397429999999613,3.379612749129927
8.399099999999613,3.3799455868395123
8.400769999999614,3.3802784245490978
8.402439999999615,3.3806112622586832
8.404109999999616,3.3809440999682687
8.405779999999616,3.381276937677855
8.407449999999617,3.3816097753874406
8.409119999999618,3.381942613097026
8.410789999999619,3.3822754508066115
8.41245999999962,3.382608288516197
8.41412999999962,3.3829411262257825
8.41579999999962,3.383273963935368
8.417469999999621,3.3836068016449534
8.419139999999622,3.383939639354539
8.420809999999623,3.3842724770641244
8.422479999999624,3.38460531477371
8.424149999999624,3.384938152483297
8.425819999999625,3.3852709901928826
8.427489999999626,3.385603827902468
8.429159999999627,3.3859366656120535
8.430829999999627,3.386269503321639
8.432499999999628,3.3866023410312245
8.434169999999629,3.38693517874081
8.43583999999963,3.3872680164503954
8.43750999999963,3.387600854159981
8.43917999999963,3.3879336918695664
8.440849999999632,3.3882665295791528
8.442519999999632,3.3885993672887382
8.444189999999633,3.3889322049983237
8.445859999999634,3.389265042707909
8.447529999999634,3.3895978804174947
8.449199999999635,3.38993071812708
8.450869999999636,3.3902635558366656
8.452539999999637,3.390596393546252
8.454209999999637,3.3909292312558375
8.455879999999638,3.391262068965423
8.457549999999639,3.3915949066750084
8.45921999999964,3.391927744384594
8.46088999999964,3.3922605820941794
8.462559999999641,3.392593419803765
8.464229999999642,3.392926257513351
8.465899999999642,3.3932590952229376
8.467569999999643,3.393591932932523
8.469239999999644,3.3939247706421085
8.470909999999645,3.394213605015591
8.472579999999645,3.3944963009403555
8.474249999999646,3.3947789968651216
8.475919999999647,3.395061692789886
8.477589999999648,3.3953443887146504
8.479259999999648,3.3956270846394165
8.480929999999649,3.395909780564182
8.48259999999965,3.396192476488946
8.48426999999965,3.3964751724137106
8.485939999999651,3.3967578683384767
8.487609999999652,3.397040564263241
8.489279999999653,3.3973232601880055
8.490949999999653,3.3976059561127716
8.492619999999654,3.397888652037536
8.494289999999655,3.3981713479623004
8.495959999999656,3.3984540438870665
8.497629999999656,3.398736739811831
8.499299999999657,3.399019435736596
8.500969999999658,3.3012732533516784
8.502639999999658,3.3034653493290964
8.50430999999966,3.305657445306516
8.50597999999966,3.307849541283934
8.50764999999966,3.310041637261352
8.509319999999661,3.31223373323877
8.510989999999662,3.314425829216188
8.512659999999663,3.316617925193606
8.514329999999664,3.318810021171024
8.515999999999664,3.321002117148442
8.517669999999665,3.32319421312586
8.519339999999666,3.325386309103278
8.521009999999666,3.327578405080698
8.522679999999667,3.329770501058116
8.524349999999668,3.331962597035533
8.526019999999669,3.334154693012951
8.52768999999967,3.336346788990369
8.52935999999967,3.338538884967787
8.53102999999967,3.3407309809452066
8.532699999999672,3.3429230769226246
8.534369999999672,3.3451151729000426
8.536039999999673,3.3473072688774606
8.537709999999674,3.3494993648548785
8.539379999999674,3.3516914608322965
8.541049999999675,3.3538835568097163
8.542719999999676,3.3560756527871343
8.544389999999677,3.3582677487645523
8.546059999999677,3.3604598447419702
8.547729999999678,3.362651940719388
8.549399999999679,3.364844036696806
8.55106999999968,3.367036132674224
8.55273999999968,3.369228228651642
8.554409999999681,3.37142032462906
8.556079999999682,3.37361242060648
8.557749999999682,3.375804516583898
8.559419999999683,3.377996612561316
8.561089999999684,3.380188708538734
8.562759999999685,3.382380804516152
8.564429999999685,3.38457290049357
8.566099999999686,3.3867007316219313
8.567769999999687,3.388795261873936
8.569439999999688,3.3908897921259387
8.571109999999688,3.3929843223779432
8.572779999999689,3.395078852629948
8.57444999999969,3.3971733828819506
8.57611999999969,3.399267913133955
8.577789999999691,3.401362443385958
8.579459999999692,3.4034569736379625
8.581129999999693,3.405551503889967
8.582799999999693,3.40764603414197
8.584469999999694,3.4097405643939744
8.586139999999695,3.411835094645979
8.587809999999696,3.4139801928953677
8.589479999999696,3.4161722888727857
8.591149999999697,3.4183643848502046
8.592819999999698,3.4205564808276225
8.594489999999698,3.4227485768050405
8.5961599999997,3.4249406727824585
8.5978299999997,3.4271327687598765
8.5994999999997,3.4293248647372945
8.601169999999701,3.4315169607147125
8.602839999999702,3.4337090566921304
8.604509999999703,3.4359011526695484
8.606179999999704,3.4380932486469664
8.607849999999704,3.440285344624386
8.609519999999705,3.442477440601804
8.611189999999706,3.444669536579222
8.612859999999706,3.44686163255664
8.614529999999707,3.4490537285340572
8.616199999999708,3.451245824511475
8.617869999999709,3.453437920488893
8.61953999999971,3.455630016466311
8.62120999999971,3.457822112443729
8.62287999999971,3.460014208421147
8.624549999999712,3.462206304398565
8.626219999999712,3.464398400375985
8.627889999999713,3.466590496353403
8.629559999999714,3.468782592330821
8.631229999999714,3.470974688308239
8.632899999999715,3.473166784285657
8.634569999999716,3.475358880263075
8.636239999999717,3.477550976240493
8.637909999999717,3.4797430722179126
8.639579999999718,3.4819351681953306
8.641249999999719,3.4841272641727485
8.64291999999972,3.4863193601501665
8.64458999999972,3.4885114561275845
8.646259999999721,3.4907035521050025
8.647929999999722,3.4928956480824223
8.649599999999722,3.4950877440598402
8.651269999999723,3.4972798400372582
8.652939999999724,3.4994137730805805
8.654609999999725,3.5015083033325833
8.656279999999725,3.503602833584588
8.657949999999726,3.5056973638365925
8.659619999999727,3.5077918940885944
8.661289999999727,3.509886424340599
8.662959999999728,3.5119809545926035
8.664629999999729,3.5140754848446063
8.66629999999973,3.516170015096611
8.66796999999973,3.5182645453486154
8.669639999999731,3.5203590756006182
8.671309999999732,3.522453605852623
8.672979999999733,3.5245481361046274
8.674649999999733,3.526687132439055
8.676319999999734,3.528879228416473
8.677989999999735,3.531071324393893
8.679659999999735,3.533263420371311
8.681329999999736,3.535455516348728
8.682999999999737,3.537647612326146
8.684669999999738,3.539839708303564
8.686339999999738,3.542031804280982
8.688009999999739,3.5442239002584
8.68967999999974,3.546415996235818
8.69134999999974,3.548608092213236
8.693019999999741,3.550800188190654
8.694689999999742,3.5529922841680737
8.696359999999743,3.5551843801454917
8.698029999999743,3.5573764761229096
8.699699999999744,3.5595685721003276
8.701369999999745,3.5617606680777456
8.703039999999746,3.5639527640551636
8.704709999999746,3.5661448600325816
8.706379999999747,3.5683369560099996
8.708049999999748,3.5705290519874175
8.709719999999749,3.5727211479648355
8.71138999999975,3.5749132439422535
8.71305999999975,3.5771053399196733
8.71472999999975,3.5792974358970913
8.716399999999751,3.5814895318745092
8.718069999999752,3.5836816278519272
8.719739999999753,3.585873723829345
8.721409999999754,3.588065819806763
8.723079999999754,3.590257915784181
8.724749999999755,3.592450011761599
8.726419999999756,3.594642107739017
8.728089999999757,3.596834203716435
8.729759999999757,3.599026299693855
8.731429999999758,3.601218395671273
8.733099999999759,3.603410491648691
8.73476999999976,3.605602587626109
8.73643999999976,3.607794683603527
8.738109999999761,3.609986779580945
8.739779999999762,3.612126814539228
8.741449999999762,3.614221344791231
8.743119999999763,3.6163158750432354
8.744789999999764,3.61841040529524
8.746459999999765,3.6205049355472427
8.748129999999765,3.6225994657992473
8.749799999999766,3.624693996051251
8.751469999999767,3.6267885263032555
8.753139999999767,3.6288830565552583
8.754809999999768,3.630977586807263
8.756479999999769,3.6330721170592675
8.75814999999977,3.635166647311272
8.75981999999977,3.637261177563275
8.761489999999771,3.6393940719827436
8.763159999999772,3.6415861679601615
8.764829999999773,3.6437782639375813
8.766499999999773,3.6459703599149993
8.768169999999774,3.6481624558924173
8.769839999999775,3.6503545518698353
8.771509999999775,3.6525466478472524
8.773179999999776,3.6547387438246703
8.774849999999777,3.6569308398020883
8.776519999999778,3.6591229357795063
8.778189999999778,3.6613150317569243
8.779859999999779,3.6635071277343423
8.78152999999978,3.665699223711762
8.78319999999978,3.66789131968918
8.784869999999781,3.670083415666598
8.786539999999782,3.672275511644016
8.788209999999783,3.674467607621434
8.789879999999783,3.676659703598852
8.791549999999784,3.67885179957627
8.793219999999785,3.681043895553688
8.794889999999786,3.683235991531106
8.796559999999786,3.685428087508524
8.798229999999787,3.687620183485942
8.799899999999788,3.6898122794633617
8.801569999999789,3.6920043754407796
8.80323999999979,3.694210349650051
8.80490999999979,3.69645258741229
8.80657999999979,3.6986948251745284
8.808249999999791,3.7009370629367666
8.809919999999792,3.703179300699005
8.811589999999793,3.705421538461244
8.813259999999794,3.707663776223482
8.814929999999794,3.7099060139857203
8.816599999999795,3.712148251747961
8.818269999999796,3.7143904895101993
8.819939999999796,3.7166327272724375
8.821609999999797,3.7188749650346766
8.823279999999798,3.721117202796915
8.824949999999799,3.723359440559153
8.8266199999998,3.7255557192172164
8.8282899999998,3.727700391254041
8.8299599999998,3.729845063290866
8.831629999999802,3.7319897353276916
8.833299999999802,3.7341344073645146
8.834969999999803,3.7362299384505535
8.836639999999804,3.738324468702558
8.838309999999804,3.740418998954561
8.839979999999805,3.7425135292065654
8.841649999999806,3.74460805945857
8.843319999999807,3.7467025897105746
8.844989999999807,3.7487971199625765
8.846659999999808,3.750891650214581
8.848329999999809,3.753018442719089
8.84999999999981,3.755210538696507
8.85166999999981,3.7574026346739267
8.853339999999811,3.7595947306513446
8.855009999999812,3.7617868266287626
8.856679999999812,3.7639789226061806
8.858349999999813,3.7661710185835986
8.860019999999814,3.7683631145610166
8.861689999999815,3.7705552105384346
8.863359999999815,3.7727473065158526
8.865029999999816,3.7749394024932705
8.866699999999817,3.7771314984706885
8.868369999999818,3.7793235944481083
8.870039999999818,3.7815156904255263
8.871709999999819,3.7837077864029443
8.87337999999982,3.7858998823803622
8.87504999999982,3.78809197835778
8.876719999999821,3.790284074335198
8.878389999999822,3.792476170312616
8.880059999999823,3.794668266290034
8.881729999999823,3.796860362267452
8.883399999999824,3.79905245824487
8.885069999999825,3.801244554222288
8.886739999999826,3.803436650199708
8.888409999999826,3.805628746177126
8.890079999999827,3.807820842154544
8.891749999999828,3.810012938131962
8.893419999999828,3.81220503410938
8.89508999999983,3.814397130086798
8.89675999999983,3.816589226064216
8.89842999999983,3.818781322041634
8.900099999999831,3.8209734180190518
8.901769999999832,3.8231655139964698
8.903439999999833,3.8253576099738895
8.905109999999834,3.8275497059513066
8.906779999999834,3.8297418019287246
8.908449999999835,3.8319338979061426
8.910119999999836,3.8341259938835606
8.911789999999836,3.8363180898609786
8.913459999999837,3.8384703286491817
8.915129999999838,3.8405648589011863
8.916799999999839,3.842659389153189
8.91846999999984,3.8447539194051936
8.92013999999984,3.846848449657198
8.92180999999984,3.848942979909201
8.923479999999842,3.8510375101612055
8.925149999999842,3.85313204041321
8.926819999999843,3.855226570665213
8.928489999999844,3.8573211009172175
8.930159999999844,3.859415631169222
8.931829999999845,3.861510161421225
8.933499999999846,3.8636046916732285
8.935169999999847,3.8657253822627755
8.936839999999847,3.8679174782401953
8.938509999999848,3.8701095742176133
8.940179999999849,3.8723016701950312
8.94184999999985,3.8744937661724492
8.94351999999985,3.876685862149867
8.945189999999851,3.878877958127285
8.946859999999852,3.881070054104705
8.948529999999852,3.883262150082123
8.950199999999853,3.885454246059541
8.951869999999854,3.887646342036959
8.953539999999855,3.889838438014377
8.955209999999855,3.892030533991795
8.956879999999856,3.8942226299692146
8.958549999999857,3.8964147259466326
8.960219999999858,3.8986068219240506
8.961889999999858,3.9007989179014686
8.963559999999859,3.9029910138788866
8.96522999999986,3.9051831098563046
8.96689999999986,3.9073752058337226
8.968569999999861,3.9095673018111405
8.970239999999862,3.9117593977885585
8.971909999999863,3.9139514937659756
8.973579999999863,3.9161435897433954
8.975249999999864,3.9183356857208134
8.976919999999865,3.9205277816982314
8.978589999999866,3.922688654046964
8.980259999999866,3.9247831842989687
8.981929999999867,3.9268777145509732
8.983599999999868,3.928972244802976
8.985269999999868,3.9310667750549806
8.98693999999987,3.933161305306985
8.98860999999987,3.935255835558988
8.99027999999987,3.9373503658109925
8.991949999999871,3.939444896062997
8.993619999999872,3.941539426315
8.995289999999873,3.9436339565670044
8.996959999999874,3.945728486819009
8.998629999999874,3.947823017071012
9.000299999999875,3.949935074100029
9.001969999999876,3.952127170077447
9.003639999999876,3.954319266054865
9.005309999999877,3.956511362032283
9.006979999999878,3.958703458009703
9.008649999999879,3.960895553987121
9.01031999999988,3.963087649964539
9.01198999999988,3.965279745941957
9.01365999999988,3.967471841919375
9.015329999999881,3.969663937896793
9.016999999999882,3.971856033874211
9.018669999999883,3.974048129851629
9.020339999999884,3.976240225829047
9.022009999999884,3.978432321806464
9.023679999999885,3.980624417783882
9.025349999999886,3.9828165137613016
9.027019999999887,3.9850086097387196
9.028689999999887,3.9872007057161376
9.030359999999888,3.9893928016935556
9.032029999999889,3.9915848976709736
9.03369999999989,3.9937769936483916
9.03536999999989,3.9959690896258095
9.037039999999891,3.9981611856032275
9.038709999999892,4.0003532815806455
9.040379999999892,4.0025453775580635
9.042049999999893,4.004737473535483
9.043719999999894,4.006929569512901
9.045389999999895,4.009121665490319
9.047059999999895,4.011313761467737
9.048729999999896,4.013505857445155
9.050399999999897,4.015697953422573
9.052069999999897,4.017890049399991
9.053739999999898,4.020082145377411
9.055409999999899,4.022274241354829
9.0570799999999,4.024466337332247
9.0587499999999,4.026658433309665
9.060419999999901,4.028850529287083
9.062089999999902,4.031042625264502
9.063759999999903,4.03323472124192
9.065429999999903,4.035401695505613
9.067099999999904,4.037496225757618
9.068769999999905,4.0395907560096225
9.070439999999905,4.041685286261625
9.072109999999906,4.04377981651363
9.073779999999907,4.045874346765634
9.075449999999908,4.047968877017637
9.077119999999908,4.050063407269642
9.078789999999909,4.052157937521646
9.08045999999991,4.054252467773649
9.08212999999991,4.056346998025654
9.083799999999911,4.0584415282776565
9.085469999999912,4.060536058529661
9.087139999999913,4.062642013643718
9.088809999999913,4.064834109621136
9.090479999999914,4.0670262055985535
9.092149999999915,4.0692183015759715
9.093819999999916,4.071410397553391
9.095489999999916,4.073602493530809
9.097159999999917,4.075794589508227
9.098829999999918,4.077986685485645
9.100499999999919,4.080178781463063
9.10216999999992,4.082370877440481
9.10383999999992,4.084562973417899
9.10550999999992,4.086755069395317
9.107179999999921,4.088947165372734
9.108849999999922,4.091139261350152
9.110519999999923,4.09333135732757
9.112189999999924,4.09552345330499
9.113859999999924,4.097715549282408
9.115529999999925,4.099907645259826
9.117199999999926,4.102099741237244
9.118869999999927,4.104291837214662
9.120539999999927,4.10648393319208
9.122209999999928,4.108676029169498
9.123879999999929,4.110868125146916
9.12554999999993,4.113060221124334
9.12721999999993,4.115252317101752
9.128889999999931,4.117444413079172
9.130559999999932,4.119636509056589
9.132229999999932,4.121828605034007
9.133899999999933,4.124020701011425
9.135569999999934,4.126212796988843
9.137239999999935,4.128438787878686
9.138909999999935,4.130681025640924
9.140579999999936,4.132923263403163
9.142249999999937,4.135165501165401
9.143919999999937,4.13740773892764
9.145589999999938,4.139649976689879
9.147259999999939,4.141892214452119
9.14892999999994,4.144134452214357
9.15059999999994,4.146376689976596
9.152269999999941,4.148599907940071
9.153939999999942,4.150744579976896
9.155609999999943,4.152889252013721
9.157279999999943,4.155033924050544
9.158949999999944,4.15717859608737
9.160619999999945,4.1593232681241945
9.162289999999945,4.1614679401610175
9.163959999999946,4.163612612197843
9.165629999999947,4.165757284234668
9.167299999999948,4.167882940424956
9.168969999999948,4.169977470676959
9.170639999999949,4.172072000928964
9.17230999999995,4.174166531180968
9.17397999999995,4.176266384380064
9.175649999999951,4.178458480357482
9.177319999999952,4.1806505763349
9.178989999999953,4.182842672312318
9.180659999999953,4.1850347682897375
9.182329999999954,4.1872268642671555
9.183999999999955,4.1894189602445735
9.185669999999956,4.1916110562219915
9.187339999999956,4.1938031521994095
9.189009999999957,4.195995248176827
9.190679999999958,4.1981873441542445
9.192349999999958,4.2003794401316625
9.19401999999996,4.2025715361090805
9.19568999999996,4.2047636320864985
9.19735999999996,4.2069557280639165
9.199029999999961,4.209147824041336
9.200699999999962,4.211339920018754
9.202369999999963,4.213532015996172
9.204039999999964,4.21572411197359
9.205709999999964,4.217916207951008
9.207379999999965,4.220108303928426
9.209049999999966,4.222300399905844
9.210719999999966,4.224492495883262
9.212389999999967,4.22668459186068
9.214059999999968,4.228876687838098
9.215729999999969,4.231068783815518
9.21739999999997,4.233260879792935
9.21906999999997,4.235452975770353
9.22073999999997,4.237645071747771
9.222409999999972,4.239837167725189
9.224079999999972,4.242029263702607
9.225749999999973,4.244221359680025
9.227419999999974,4.246413455657443
9.229089999999974,4.248605551634861
9.230759999999975,4.250797647612279
9.232429999999976,4.252989743589697
9.234099999999977,4.255181839567117
9.235769999999977,4.257373935544535
9.237439999999978,4.259566031521953
9.239109999999979,4.261745209615568
9.24077999999998,4.263839739867571
9.24244999999998,4.265934270119575
9.244119999999981,4.26802880037158
9.245789999999982,4.270123330623583
9.247459999999982,4.272217860875587
9.249129999999983,4.274312391127592
9.250799999999984,4.2764069213795946
9.252469999999985,4.278501451631599
9.254139999999985,4.280595981883604
9.255809999999986,4.2826905121356065
9.257479999999987,4.284785042387611
9.259149999999988,4.286879572639616
9.260819999999988,4.288974102891618
9.262489999999989,4.2911654199011675
9.26415999999999,4.2933575158785855
9.26582999999999,4.295549611856005
9.267499999999991,4.297741707833423
9.269169999999992,4.299933803810841
9.270839999999993,4.302125899788259
9.272509999999993,4.304317995765677
9.274179999999994,4.306510091743097
9.275849999999995,4.308702187720515
9.277519999999996,4.310894283697933
9.279189999999996,4.313086379675351
9.280859999999997,4.315278475652769
9.282529999999998,4.317470571630187
9.284199999999998,4.319662667607605
9.28587,4.321854763585024
9.28754,4.324046859562442
9.28921,4.32623895553986
9.290880000000001,4.328431051517278
9.292550000000002,4.330623147494696
9.294220000000003,4.332815243472114
9.295890000000004,4.335007339449532
9.297560000000004,4.33719943542695
9.299230000000005,4.339391531404368
9.300900000000006,4.341583627381786
9.302570000000006,4.343775723359205
9.304240000000007,4.345967819336623
9.305910000000008,4.348159915314041
9.307580000000009,4.350352011291459
9.30925000000001,4.352544107268877
9.31092000000001,4.354736203246295
9.31259000000001,4.356928299223713
9.314260000000012,4.359120395201131
9.315930000000012,4.361312491178549
9.317600000000013,4.363504587155967
9.319270000000014,4.365696683133385
9.320940000000014,4.367888779110805
9.322610000000015,4.370080875088223
9.324280000000016,4.372272971065641
9.325950000000017,4.374458251074217
9.327620000000017,4.37655278132622
9.329290000000018,4.3786473115782245
9.330960000000019,4.380741841830229
9.33263000000002,4.382836372082232
9.33430000000002,4.384930902334236
9.335970000000021,4.387025432586241
9.337640000000022,4.389119962838244
9.339310000000022,4.391214493090248
9.340980000000023,4.393309023342253
9.342650000000024,4.395403553594256
9.344320000000025,4.39749808384626
9.345990000000025,4.399592614098265
9.347660000000026,4.401687144350268
9.349330000000027,4.403872359444857
9.351000000000028,4.406064455422275
9.352670000000028,4.408256551399692
9.354340000000029,4.410448647377112
9.35601000000003,4.41264074335453
9.35768000000003,4.414832839331948
9.359350000000031,4.417024935309366
9.361020000000032,4.419217031286784
9.362690000000033,4.4214091272642015
9.364360000000033,4.4236012232416195
9.366030000000034,4.4257933192190375
9.367700000000035,4.4279854151964555
9.369370000000036,4.4301775111738735
9.371040000000036,4.432369607151293
9.372710000000037,4.434561703128711
9.374380000000038,4.436753799106129
9.376050000000038,4.438945895083546
9.37772000000004,4.441137991060964
9.37939000000004,4.443330087038382
9.38106000000004,4.445522183015802
9.382730000000041,4.44771427899322
9.384400000000042,4.449906374970638
9.386070000000043,4.452098470948056
9.387740000000043,4.454290566925474
9.389410000000044,4.456482662902892
9.391080000000045,4.458674758880312
9.392750000000046,4.46086685485773
9.394420000000046,4.463058950835148
9.396090000000047,4.465251046812566
9.397760000000048,4.467443142789984
9.399430000000049,4.469635238767402
9.40110000000005,4.47182733474482
9.40277000000005,4.474019430722238
9.40444000000005,4.476211526699656
9.406110000000051,4.478403622677074
9.407780000000052,4.480595718654493
9.409450000000053,4.482787814631911
9.411120000000054,4.484979910609329
9.412790000000054,4.487171292532865
9.414460000000055,4.489265822784869
9.416130000000056,4.491360353036874
9.417800000000057,4.4934548832888765
9.419470000000057,4.495549413540881
9.421140000000058,4.497643943792885
9.422810000000059,4.499738474044888
9.42448000000006,4.501833004296892
9.42615000000006,4.503927534548897
9.427820000000061,4.5060220648008995
9.429490000000062,4.508116595052904
9.431160000000062,4.510211125304909
9.432830000000063,4.512305655556911
9.434500000000064,4.514400185808916
9.436170000000065,4.516579298988544
9.437840000000065,4.518771394965962
9.439510000000066,4.52096349094338
9.441180000000067,4.5231555869208
9.442850000000067,4.525347682898218
9.444520000000068,4.527539778875636
9.446190000000069,4.529731874853054
9.44786000000007,4.531923970830472
9.44953000000007,4.53411606680789
9.451200000000071,4.536308162785307
9.452870000000072,4.538500258762725
9.454540000000073,4.540692354740143
9.456210000000073,4.542884450717561
9.457880000000074,4.545076546694979
9.459550000000075,4.547268642672399
9.461220000000075,4.549460738649817
9.462890000000076,4.551652834627235
9.464560000000077,4.553844930604653
9.466230000000078,4.556037026582071
9.467900000000078,4.558229122559489
9.469570000000079,4.560424988345083
9.47124000000008,4.562667226107321
9.47291000000008,4.56490946386956
9.474580000000081,4.567151701631799
9.476250000000082,4.569393939394038
9.477920000000083,4.571636177156277
9.479590000000083,4.573788768699751
9.481260000000084,4.5759334407365735
9.482930000000085,4.578078112773399
9.484600000000086,4.580222784810225
9.486270000000086,4.582367456847047
9.487940000000087,4.584512128883873
9.489610000000088,4.586656800920698
9.491280000000089,4.588801472957524
9.49295000000009,4.590946144994346
9.49462000000009,4.593090817031172
9.49629000000009,4.595235489067997
9.497960000000091,4.597380161104821
9.499630000000092,4.599524833141645
9.501300000000093,4.598588235294006
9.502970000000094,4.596774660633372
9.504640000000094,4.594961085972738
9.506310000000095,4.5931475113121
9.507980000000096,4.591333936651466
9.509650000000097,4.589520361990832
9.511320000000097,4.587706787330198
9.512990000000098,4.585893212669564
9.514660000000099,4.58407963800893
9.5163300000001,4.582266063348294
9.5180000000001,4.58045248868766
9.5196700000001,4.578638914027026
9.521340000000102,4.576825339366392
9.523010000000102,4.575011764705756
9.524680000000103,4.573198190045122
9.526350000000104,4.571384615384487
9.528020000000105,4.569571040723853
9.529690000000105,4.567710978341912
9.531360000000106,4.565840179238103
9.533030000000107,4.563969380134292
9.534700000000107,4.562098581030483
9.536370000000108,4.560227781926674
9.538040000000109,4.558356982822863
9.53971000000011,4.556486183719054
9.54138000000011,4.554615384615245
9.543050000000111,4.552744585511434
9.544720000000112,4.5508737864076245
9.546390000000113,4.549002987303814
9.548060000000113,4.547132188200004
9.549730000000114,4.545261389096195
9.551400000000115,4.543390589992386
9.553070000000115,4.541519790888577
9.554740000000116,4.539648991784766
9.556410000000117,4.537778192680957
9.558080000000118,4.535907393577148
9.559750000000118,4.534036594473337
9.561420000000119,4.532165795369528
9.56309000000012,4.530294996265717
9.56476000000012,4.5284241971619075
9.566430000000121,4.526636942361904
9.568100000000122,4.524863708983508
9.569770000000123,4.5230904756051125
9.571440000000123,4.521317242226717
9.573110000000124,4.519544008848321
9.574780000000125,4.517770775469925
9.576450000000126,4.515997542091531
9.578120000000126,4.5142243087131355
9.579790000000127,4.512451075334738
9.581460000000128,4.510677841956344
9.583130000000128,4.508904608577948
9.58480000000013,4.5071313751995525
9.58647000000013,4.505358141821159
9.58814000000013,4.503515060990628
9.589810000000131,4.501644261886819
9.591480000000132,4.4997734627830095
9.593150000000133,4.4979026636791986
9.594820000000134,4.496031864575389
9.596490000000134,4.4941610654715785
9.598160000000135,4.492290266367769
9.599830000000136,4.49041946726396
9.601500000000136,4.488548668160151
9.603170000000137,4.486677869056342
9.604840000000138,4.484807069952531
9.606510000000139,4.482936270848722
9.60818000000014,4.4810654717449125
9.60985000000014,4.479194672641103
9.61152000000014,4.477323873537292
9.613190000000142,4.4754530744334815
9.614860000000142,4.473582275329672
9.616530000000143,4.471711476225863
9.618200000000144,4.469840677122054
9.619870000000144,4.467969878018245
9.621540000000145,4.466099078914436
9.623210000000146,4.4642282798106265
9.624880000000147,4.462357480706816
9.626550000000147,4.460486681603006
9.628220000000148,4.4586158824991955
9.629890000000149,4.456745083395386
9.63156000000015,4.454874284291577
9.63323000000015,4.453003485187768
9.634900000000151,4.451132686083959
9.636570000000152,4.449261886980148
9.638240000000152,4.447391087876339
9.639910000000153,4.445520288772528
9.641580000000154,4.443649489668719
9.643250000000155,4.4417786905649095
9.644920000000155,4.4399078914611
9.646590000000156,4.438037092357289
9.648260000000157,4.43616629325348
9.649930000000158,4.434295494149669
9.651600000000158,4.43242469504586
9.653270000000159,4.430631338330896
9.65494000000016,4.428858104952498
9.65661000000016,4.427084871574104
9.658280000000161,4.4253116381957085
9.659950000000162,4.423538404817313
9.661620000000163,4.421765171438919
9.663290000000163,4.419991938060521
9.664960000000164,4.4182187046821255
9.666630000000165,4.4164454713037316
9.668300000000166,4.414672237925336
9.669970000000166,4.41289900454694
9.671640000000167,4.411125771168544
9.673310000000168,4.409352537790149
9.674980000000168,4.4075155588745805
9.67665000000017,4.405644759770771
9.67832000000017,4.403773960666962
9.67999000000017,4.401903161563149
9.681660000000171,4.40003236245934
9.683330000000172,4.398161563355531
9.685000000000173,4.396290764251722
9.686670000000174,4.394419965147913
9.688340000000174,4.392549166044102
9.690010000000175,4.390678366940293
9.691680000000176,4.3888075678364835
9.693350000000176,4.386936768732674
9.695020000000177,4.385065969628865
9.696690000000178,4.383195170525056
9.698360000000179,4.381324371421243
9.70003000000018,4.37945460030145
9.70170000000018,4.3776410256408145
9.70337000000018,4.3758274509801804
9.705040000000182,4.374013876319546
9.706710000000182,4.372200301658912
9.708380000000183,4.370386726998278
9.710050000000184,4.3685731523376425
9.711720000000184,4.3667595776770085
9.713390000000185,4.3649460030163745
9.715060000000186,4.363132428355739
9.716730000000187,4.361318853695105
9.718400000000187,4.359505279034471
9.720070000000188,4.357691704373835
9.721740000000189,4.355878129713201
9.72341000000019,4.354064555052567
9.72508000000019,4.352250980391933
9.726750000000191,4.350437405731299
9.728420000000192,4.348620861339075
9.730090000000192,4.346750062235266
9.731760000000193,4.344879263131457
9.733430000000194,4.343008464027646
9.735100000000195,4.341137664923835
9.736770000000195,4.339266865820026
9.738440000000196,4.337396066716217
9.740110000000197,4.335596608086291
9.741780000000198,4.333823374707896
9.743450000000198,4.3320501413295
9.745120000000199,4.330276907951104
9.7467900000002,4.328503674572708
9.7484600000002,4.326730441194313
9.750130000000201,4.324957207815919
9.751800000000202,4.323183974437521
9.753470000000203,4.321410741059125
9.755140000000203,4.31963750768073
9.756810000000204,4.317864274302336
9.758480000000205,4.31609104092394
9.760150000000205,4.314317807545544
9.761820000000206,4.312486930544935
9.763490000000207,4.310616131441126
9.765160000000208,4.308745332337317
9.766830000000208,4.306874533233506
9.76850000000021,4.305003734129697
9.77017000000021,4.303132935025888
9.77184000000021,4.301262135922078
9.773510000000211,4.2993913368182675
9.775180000000212,4.297520537714458
9.776850000000213,4.295649738610649
9.778520000000213,4.29377893950684
9.780190000000214,4.291908140403031
9.781860000000215,4.290037341299222
9.783530000000216,4.2881665421954125
9.785200000000216,4.2862957430916
9.786870000000217,4.284424943987791
9.788540000000218,4.2825541448839815
9.790210000000219,4.280683345780172
9.79188000000022,4.278812546676363
9.79355000000022,4.276941747572552
9.79522000000022,4.275070948468743
9.796890000000221,4.273200149364934
9.798560000000222,4.271329350261125
9.800230000000223,4.2694585511573155
9.801900000000224,4.267587752053503
9.803570000000224,4.265716952949694
9.805240000000225,4.2638461538458845
9.806910000000226,4.261975354742075
9.808580000000227,4.260104555638266
9.810250000000227,4.258233756534455
9.811920000000228,4.256362957430646
9.813590000000229,4.254492158326837
9.81526000000023,4.252621359223028
9.81693000000023,4.250750560119219
9.818600000000231,4.248879761015408
9.820270000000232,4.247008961911597
9.821940000000232,4.2451381628077876
9.823610000000233,4.243267363703978
9.825280000000234,4.241396564600169
9.826950000000235,4.239591004055281
9.828620000000235,4.237817770676886
9.830290000000236,4.236044537298492
9.831960000000237,4.234271303920096
9.833630000000237,4.2324980705417
9.835300000000238,4.230724837163304
9.836970000000239,4.228951603784909
9.83864000000024,4.227178370406513
9.84031000000024,4.225405137028117
9.841980000000241,4.223631903649723
9.843650000000242,4.221858670271326
9.845320000000243,4.22008543689293
9.846990000000243,4.218312203514534
9.848660000000244,4.216487428428888
9.850330000000245,4.214616629325079
9.852000000000245,4.212745830221268
9.853670000000246,4.210875031117457
9.855340000000247,4.209004232013648
9.857010000000248,4.207133432909838
9.858680000000248,4.205262633806029
9.860350000000249,4.203391834702218
9.86202000000025,4.201521035598409
9.86369000000025,4.1996502364946
9.865360000000251,4.197779437390791
9.867030000000252,4.195908638286982
9.868700000000253,4.194037839183171
9.870370000000253,4.192167040079362
9.872040000000254,4.190296240975551
9.873710000000255,4.1884254418717415
9.875380000000256,4.186554642767932
9.877050000000256,4.184683843664121
9.878720000000257,4.182813044560312
9.880390000000258,4.180942245456503
9.882060000000259,4.179071446352694
9.88373000000026,4.177200647248885
9.88540000000026,4.175329848145074
9.88707000000026,4.173459049041265
9.888740000000261,4.171588249937454
9.890410000000262,4.1697174508336445
9.892080000000263,4.167846651729835
9.893750000000264,4.165975852626024
9.895420000000264,4.164105053522215
9.897090000000265,4.162234254418406
9.898760000000266,4.160363455314597
9.900430000000267,4.158507390648261
9.902100000000267,4.1566938159876266
9.903770000000268,4.1548802413269925
9.905440000000269,4.1530666666663585
9.90711000000027,4.151253092005721
9.90878000000027,4.149439517345087
9.91045000000027,4.147625942684453
9.912120000000272,4.145812368023819
9.913790000000272,4.144057930007147
9.915460000000273,4.142341921071928
9.917130000000274,4.1406259121367075
9.918800000000275,4.138909903201487
9.920470000000275,4.137193894266268
9.922140000000276,4.135477885331046
9.923810000000277,4.133761876395825
9.925480000000277,4.132045867460606
9.927150000000278,4.130329858525386
9.928820000000279,4.128597173405121
9.93049000000028,4.126823940026725
9.93216000000028,4.125050706648327
9.933830000000281,4.123277473269933
9.935500000000282,4.121458800099246
9.937170000000282,4.119588000995437
9.938840000000283,4.117717201891626
9.940510000000284,4.115846402787815
9.942180000000285,4.113975603684006
9.943850000000285,4.112104804580197
9.945520000000286,4.1102340054763875
9.947190000000287,4.108363206372578
9.948860000000288,4.106492407268766
9.950530000000288,4.1046216081649565
9.952200000000289,4.102750809061147
9.95387000000029,4.100880009957338
9.95554000000029,4.099009210853529
9.957210000000291,4.097138411749718
9.958880000000292,4.095267612645907
9.960550000000293,4.093396813542098
9.962220000000293,4.091526014438289
9.963890000000294,4.08965521533448
9.965560000000295,4.087784416230669
9.967230000000296,4.0859136171268595
9.968900000000296,4.08404281802305
9.970570000000297,4.082172018919241
9.972240000000298,4.080301219815432
9.973910000000298,4.078430420711621
9.9755800000003,4.07655962160781
9.9772500000003,4.074688822504001
9.9789200000003,4.072868526483624
9.980590000000301,4.071095293105229
9.982260000000302,4.069322059726833
9.983930000000303,4.067548826348437
9.985600000000304,4.065775592970041
9.987270000000304,4.0640023595916475
9.988940000000305,4.062229126213252
9.990610000000306,4.060455892834854
9.992280000000306,4.05868265945646
9.993950000000307,4.0569094260780645
9.995620000000308,4.055136192699669
9.997290000000309,4.053362959321275
9.99896000000031,4.051589725942877
10.00063000000031,4.049779686332721
10.00230000000031,4.047908887228912
10.003970000000312,4.046038088125103
10.005640000000312,4.044167289021294
10.007310000000313,4.042296489917483
10.008980000000314,4.040425690813674
10.010650000000314,4.038554891709863
10.012320000000315,4.036684092606054
10.013990000000316,4.0348132935022445
10.015660000000317,4.0329424943984336
10.017330000000317,4.031071695294624
10.019000000000318,4.029200896190815
10.020670000000319,4.027330097087006
10.02234000000032,4.025459297983197
10.02401000000032,4.023588498879386
10.025680000000321,4.021717699775577
10.027350000000322,4.019846900671766
10.029020000000322,4.017976101567957
10.030690000000323,4.0161053024641475
10.032360000000324,4.014234503360337
10.034030000000325,4.012363704256527
10.035700000000325,4.010492905152718
10.037370000000326,4.008622106048909
10.039040000000327,4.0067513069451
10.040710000000328,4.004880507841289
10.042380000000328,4.00300970873748
10.044050000000329,4.001138909633669
10.04572000000033,3.9992681105298598
10.04739000000033,3.9973973114260506
10.049060000000331,3.9955265123222414
10.050730000000332,3.9936557132184323
10.052400000000333,3.9917849141146213
10.054070000000333,3.9899141150108104
10.055740000000334,3.9880433159070012
10.057410000000335,3.986172516803192
10.059080000000336,3.984301717699383
10.060750000000336,3.9824309185955737
10.062420000000337,3.9805601194917646
10.064090000000338,3.978689320387952
10.065760000000338,3.9768629224526144
10.06743000000034,3.9750896890742204
10.06910000000034,3.9733164556958247
10.07077000000034,3.971543222317429
10.072440000000341,3.969769988939035
10.074110000000342,3.9679967555606375
10.075780000000343,3.9662235221822417
10.077450000000344,3.9644502888038478
10.079120000000344,3.962677055425452
10.080790000000345,3.9609038220470563
10.082460000000346,3.9591305886686605
10.084130000000346,3.9573573552902648
10.085800000000347,3.955584121911869
10.087470000000348,3.953780184216674
10.089140000000349,3.951909385112865
10.09081000000035,3.950038586009054
10.09248000000035,3.9481677869052447
10.09415000000035,3.9462969878014356
10.095820000000352,3.9444261886976264
10.097490000000352,3.9425553895938155
10.099160000000353,3.9406845904900045
10.100830000000354,3.9388422322771266
10.102500000000354,3.9370286576164926
10.104170000000355,3.9352150829558585
10.105840000000356,3.9334015082952245
10.107510000000357,3.9315879336345905
10.109180000000357,3.9297743589739547
10.110850000000358,3.9279607843133206
10.112520000000359,3.9261472096526866
10.11419000000036,3.924333634992051
10.11586000000036,3.9225200603314168
10.117530000000361,3.9207064856707827
10.119200000000362,3.918892911010147
10.120870000000362,3.917079336349513
10.122540000000363,3.915265761688879
10.124210000000364,3.913452187028245
10.125880000000365,3.911638612367611
10.127550000000365,3.9098250377069768
10.129220000000366,3.9079810804078363
10.130890000000367,3.906110281304027
10.132560000000367,3.904239482200216
10.134230000000368,3.902368683096407
10.135900000000369,3.900497883992598
10.13757000000037,3.898627084888787
10.13924000000037,3.896756285784978
10.140910000000371,3.8948854866811686
10.142580000000372,3.8930146875773595
10.144250000000373,3.8911438884735503
10.145920000000373,3.8892730893697394
10.147590000000374,3.88740229026593
10.149260000000375,3.8855314911621193
10.150930000000375,3.88366069205831
10.152600000000376,3.881828192208012
10.154270000000377,3.880054958829616
10.155940000000378,3.8782817254512203
10.157610000000378,3.8765084920728246
10.15928000000038,3.874735258694429
10.16095000000038,3.872962025316035
10.16262000000038,3.8711887919376373
10.164290000000381,3.8694155585592416
10.165960000000382,3.8676423251808476
10.167630000000383,3.865869091802452
10.169300000000383,3.864095858424056
10.170970000000384,3.8623226250456586
10.172640000000385,3.8605493916672646
10.174310000000386,3.8587515558870287
10.175980000000386,3.8568807567832195
10.177650000000387,3.8550099576794103
10.179320000000388,3.8531391585755994
10.180990000000389,3.8512683594717902
10.18266000000039,3.849397560367981
10.18433000000039,3.84752676126417
10.18600000000039,3.845655962160361
10.187670000000391,3.843785163056552
10.189340000000392,3.841914363952741
10.191010000000393,3.8400435648489317
10.192680000000394,3.8381727657451226
10.194350000000394,3.8363019666413134
10.196020000000395,3.8344311675375042
10.197690000000396,3.832560368433695
10.199360000000397,3.830689569329886
10.201030000000397,3.828818770226073
10.202700000000398,3.826947971122264
10.204370000000399,3.825077172018455
10.2060400000004,3.8232063729146457
10.2077100000004,3.8213355738108366
10.209380000000401,3.8194647747070274
10.211050000000402,3.8175939756032182
10.212720000000402,3.8157231764994073
10.214390000000403,3.813852377395598
10.216060000000404,3.811981578291789
10.217730000000405,3.81011077918798
10.219400000000405,3.808239980084169
10.221070000000406,3.806369180980358
10.222740000000407,3.8044983818765488
10.224410000000407,3.8026275827727396
10.226080000000408,3.8007567836689304
10.227750000000409,3.7988859845651213
10.22942000000041,3.7970151854613103
10.23109000000041,3.795144386357501
10.232760000000411,3.793273587253692
10.234430000000412,3.791402788149883
10.236100000000413,3.789531989046072
10.237770000000413,3.787661189942261
10.239440000000414,3.7858225881770036
10.241110000000415,3.784049354798608
10.242780000000415,3.782276121420212
10.244450000000416,3.780502888041818
10.246120000000417,3.7787296546634206
10.247790000000418,3.776956421285025
10.249460000000418,3.775183187906631
10.251130000000419,3.773409954528235
10.25280000000042,3.7716367211498394
10.25447000000042,3.7698634877714436
10.256140000000421,3.768090254393048
10.257810000000422,3.766317021014652
10.259480000000423,3.764543787636258
10.261150000000423,3.762752053770983
10.262820000000424,3.760881254667172
10.264490000000425,3.759010455563363
10.266160000000426,3.757139656459552
10.267830000000426,3.755268857355743
10.269500000000427,3.7533980582519337
10.271170000000428,3.751527259148123
10.272840000000429,3.7496564600443136
10.27451000000043,3.7477856609405045
10.27618000000043,3.7459148618366935
10.27785000000043,3.7440440627328844
10.279520000000431,3.7421732636290734
10.281190000000432,3.7403024645252643
10.282860000000433,3.738431665421455
10.284530000000434,3.736560866317646
10.286200000000434,3.734690067213837
10.287870000000435,3.732819268110024
10.289540000000436,3.730948469006215
10.291210000000437,3.7290776699024057
10.292880000000437,3.7272068707985966
10.294550000000438,3.7253360716947874
10.296220000000439,3.7234652725909765
10.29789000000044,3.7215944734871673
10.29956000000044,3.719723674383358
10.30123000000044,3.7178950226239387
10.302900000000442,3.7160814479633046
10.304570000000442,3.714267873302669
10.306240000000443,3.712454298642033
10.307910000000444,3.710640723981399
10.309580000000444,3.708827149320765
10.311250000000445,3.707013574660131
10.312920000000446,3.705199999999495
10.314590000000447,3.703386425338861
10.316260000000447,3.701572850678227
10.317930000000448,3.699759276017593
10.319600000000449,3.697945701356959
10.32127000000045,3.696132126696325
10.32294000000045,3.6943185520356874
10.324610000000451,3.6925049773750533
10.326280000000452,3.69071749813801
10.327950000000452,3.6890014892027896
10.329620000000453,3.6872413911756077
10.331290000000454,3.685468157797212
10.332960000000455,3.683694924418816
10.334630000000455,3.681921691040422
10.336300000000456,3.6801484576620265
10.337970000000457,3.678375224283629
10.339640000000458,3.676601990905235
10.341310000000458,3.6748287575268392
10.342980000000459,3.6730555241484435
10.34465000000046,3.6712822907700495
10.34632000000046,3.669509057391654
10.347990000000461,3.6677234254413396
10.349660000000462,3.6658526263375286
10.351330000000463,3.6639818272337195
10.353000000000463,3.6621110281299103
10.354670000000464,3.660240229026101
10.356340000000465,3.658369429922292
10.358010000000466,3.656498630818481
10.359680000000466,3.65462783171467
10.361350000000467,3.652757032610861
10.363020000000468,3.6508862335070518
10.364690000000468,3.6490154344032426
10.36636000000047,3.6471446352994334
10.36803000000047,3.6452738361956225
10.36970000000047,3.6434030370918133
10.371370000000471,3.641532237988004
10.373040000000472,3.6396614388841932
10.374710000000473,3.637790639780384
10.376380000000474,3.635919840676573
10.378050000000474,3.634049041572764
10.379720000000475,3.632178242468955
10.381390000000476,3.6303074433651457
10.383060000000476,3.6284366442613347
10.384730000000477,3.626565845157524
10.386400000000478,3.6246950460537146
10.388070000000479,3.6228242469499055
10.38974000000048,3.6209534478460963
10.39141000000048,3.619082648742287
10.39308000000048,3.6172118496384744
10.394750000000482,3.6153410505346653
10.396420000000482,3.613470251430856
10.398090000000483,3.611599452327047
10.399760000000484,3.6097286532232378
10.401430000000484,3.607857854119427
10.403100000000485,3.6059870550156177
10.404770000000486,3.6041162559118085
10.406440000000487,3.6022454568079993
10.408110000000487,3.60037465770419
10.409780000000488,3.5985038586003775
10.411450000000489,3.5966330594965683
10.41312000000049,3.594782253901389
10.41479000000049,3.5930090205229934
10.416460000000491,3.5912357871445995
10.418130000000492,3.589462553766202
10.419800000000492,3.587689320387806
10.421470000000493,3.5859160870094122
10.423140000000494,3.5841428536310165
10.424810000000495,3.5823696202526207
10.426480000000495,3.580596386874225
10.428150000000496,3.5788231534958292
10.429820000000497,3.5770499201174353
10.431490000000498,3.5752766867390395
10.433160000000498,3.573503453360644
10.434830000000499,3.5717239233252887
10.4365000000005,3.5698531242214795
10.4381700000005,3.5679823251176703
10.439840000000501,3.566111526013861
10.441510000000502,3.564240726910052
10.443180000000503,3.562369927806241
10.444850000000503,3.560499128702432
10.446520000000504,3.558628329598621
10.448190000000505,3.5567575304948136
10.449860000000506,3.5548867313910026
10.451530000000506,3.5530159322871917
10.453200000000507,3.5511451331833843
10.454870000000508,3.5492743340795734
10.456540000000508,3.547403534975766
10.45821000000051,3.545532735871955
10.45988000000051,3.5436619367681477
10.46155000000051,3.541791137664335
10.463220000000511,3.539920338560524
10.464890000000512,3.5380495394567166
10.466560000000513,3.5361787403529057
10.468230000000514,3.5343079412490983
10.469900000000514,3.5324371421452874
10.471570000000515,3.53056634304148
10.473240000000516,3.528695543937669
10.474910000000516,3.526824744833858
10.476580000000517,3.5249539457300507
10.478250000000518,3.5230945065743384
10.479920000000519,3.5213212731959445
10.48159000000052,3.519548039817547
10.48326000000052,3.517774806439153
10.48493000000052,3.5160015730607572
10.486600000000522,3.5142283396823597
10.488270000000522,3.5124551063039657
10.489940000000523,3.51068187292557
10.491610000000524,3.508908639547176
10.493280000000524,3.5071354061687785
10.494950000000525,3.5053621727903845
10.496620000000526,3.503588939411989
10.498290000000527,3.5018157060335913
10.499960000000527,3.5000424726551973
10.501630000000528,3.49883143382314
10.503300000000529,3.497634191176081
10.50497000000053,3.4964369485290234
10.50664000000053,3.4952397058819624
10.508310000000531,3.4940424632349014
10.509980000000532,3.492845220587844
10.511650000000532,3.491647977940783
10.513320000000533,3.4904507352937273
10.514990000000534,3.4892534926466663
10.516660000000535,3.4880562499996053
10.518330000000535,3.486859007352548
10.520000000000536,3.485661764705487
10.521670000000537,3.4844645220584294
10.523340000000537,3.48326727941137
10.525010000000538,3.482070036764309
10.526680000000539,3.4808727941172517
10.52835000000054,3.479676122572437
10.53002000000054,3.4785361043685548
10.531690000000541,3.477396086164669
10.533360000000542,3.476256067960783
10.535030000000543,3.4751160497569007
10.536700000000543,3.473951080002619
10.538370000000544,3.4727746519150138
10.540040000000545,3.4715982238274083
10.541710000000545,3.470421795739803
10.543380000000546,3.4692453676521975
10.545050000000547,3.468068939564594
10.546720000000548,3.4668925114769884
10.548390000000548,3.465716083389383
10.550060000000549,3.464539655301781
10.55173000000055,3.4633632272141757
10.55340000000055,3.462186799126572
10.555070000000551,3.4610103710389666
10.556740000000552,3.459833942951361
10.558410000000553,3.4586575148637557
10.560080000000553,3.4574810867761503
10.561750000000554,3.4563046586885466
10.563420000000555,3.455128230600941
10.565090000000556,3.453951802513336
10.566760000000556,3.4527753744257303
10.568430000000557,3.451598946338125
10.570100000000558,3.450422518250525
10.571770000000559,3.4492543992714566
10.57344000000056,3.4481143810675743
10.57511000000056,3.4469743628636884
10.57678000000056,3.445834344659806
10.578450000000561,3.444694326455922
10.580120000000562,3.443554308252036
10.581790000000563,3.442414290048154
10.583460000000564,3.441274271844268
10.585130000000564,3.4401342536403856
10.586800000000565,3.4389942354365015
10.588470000000566,3.437854217232619
10.590140000000567,3.4367141990287333
10.591810000000567,3.435574180824851
10.593480000000568,3.434434162620965
10.595150000000569,3.433294144417081
10.59682000000057,3.4321541262131987
10.59849000000057,3.431014108009313
10.600160000000571,3.4298740898054305
10.601830000000572,3.4287340716015446
10.603500000000572,3.427594053397664
10.605170000000573,3.4264540351937782
10.606840000000574,3.425314016989896
10.608510000000575,3.4241398660340607
10.610180000000575,3.4229634379464553
10.611850000000576,3.4217870098588516
10.613520000000577,3.420610581771246
10.615190000000577,3.419434153683641
10.616860000000578,3.4182577255960354
10.618530000000579,3.41708129750843
10.62020000000058,3.4159048694208245
10.62187000000058,3.414728441333221
10.623540000000581,3.4135520132456154
10.625210000000582,3.41237558515801
10.626880000000583,3.4111991570704046
10.628550000000583,3.410022728982799
10.630220000000584,3.4088463008951937
10.631890000000585,3.4076698728075883
10.633560000000585,3.4064934447199846
10.635230000000586,3.405317016632379
10.636900000000587,3.4041405885447737
10.638570000000588,3.4029641604571683
10.640240000000588,3.4017877323695664
10.641910000000589,3.400611304281961
10.64358000000059,3.3994523665044447
10.64525000000059,3.3983123483005606
10.646920000000591,3.3971723300966783
10.648590000000592,3.3960323118927924
10.650260000000593,3.39489229368891
10.651930000000593,3.3937522754850242
10.653600000000594,3.3926122572811437
10.655270000000595,3.391472239077258
10.656940000000596,3.390332220873372
10.658610000000596,3.3891922026694896
10.660280000000597,3.3880521844656037
10.661950000000598,3.386912166261723
10.663620000000599,3.3857721480578373
10.6652900000006,3.384632129853955
10.6669600000006,3.383492111650069
10.6686300000006,3.382352093446187
10.670300000000601,3.3812120752423027
10.671970000000602,3.3800720570384204
10.673640000000603,3.3789320388345345
10.675310000000604,3.3777920206306487
10.676980000000604,3.3766520024267663
10.678650000000605,3.375505080153104
10.680320000000606,3.3743286520654987
10.681990000000606,3.3731522239778933
10.683660000000607,3.371975795890288
10.685330000000608,3.3707993678026824
10.687000000000609,3.3696229397150788
10.68867000000061,3.3684465116274733
10.69034000000061,3.367270083539868
10.69201000000061,3.3660936554522625
10.693680000000612,3.364917227364657
10.695350000000612,3.3637407992770534
10.697020000000613,3.362564371189448
10.698690000000614,3.3613879431018425
10.700360000000614,3.3601991792061074
10.702030000000615,3.358965526675327
10.703700000000616,3.3577318741445463
10.705370000000617,3.3564982216137658
10.707040000000617,3.355264569082985
10.708710000000618,3.3540309165522064
10.710380000000619,3.352797264021426
10.71205000000062,3.3515636114906453
10.71372000000062,3.3503299589598683
10.715390000000621,3.3490963064290877
10.717060000000622,3.347862653898309
10.718730000000622,3.3466290013675284
10.720400000000623,3.345395348836748
10.722070000000624,3.3441616963059673
10.723740000000625,3.3429280437751867
10.725410000000625,3.341694391244406
10.727080000000626,3.3404607387136274
10.728750000000627,3.33924136373855
10.730420000000628,3.3380649356509444
10.732090000000628,3.3368885075633408
10.733760000000629,3.335712079475739
10.73543000000063,3.3345356513881335
10.73710000000063,3.333359223300528
10.738770000000631,3.3321827952129226
10.740440000000632,3.331006367125319
10.742110000000633,3.3298299390377135
10.743780000000633,3.328653510950108
10.745450000000634,3.3274770828625027
10.747120000000635,3.3263006547748972
10.748790000000636,3.3251242266872936
10.750460000000636,3.3239578276694726
10.752130000000637,3.3228178094655867
10.753800000000638,3.321677791261701
10.755470000000638,3.3205377730578185
10.75714000000064,3.3193977548539326
10.75881000000064,3.318257736650052
10.76048000000064,3.317117718446166
10.762150000000641,3.315977700242284
10.763820000000642,3.314837682038398
10.765490000000643,3.3136976638345157
10.767160000000644,3.31255764563063
10.768830000000644,3.311417627426744
10.770500000000645,3.3102776092228634
10.772170000000646,3.3091375910189775
10.773840000000646,3.307997572815095
10.775510000000647,3.3068575546112093
10.777180000000648,3.305717536407327
10.778850000000649,3.304577518203441
10.78052000000065,3.303437499999559
10.78219000000065,3.3022974817956747
10.78386000000065,3.301157463591789
10.785530000000652,3.3000174453879065
10.787200000000652,3.2988415744708313
10.788870000000653,3.297665146383226
10.790540000000654,3.296488718295622
10.792210000000654,3.2953122902080167
10.793880000000655,3.2941358621204113
10.795550000000656,3.292959434032806
10.797220000000657,3.2917830059452005
10.798890000000657,3.290606577857595
10.800560000000658,3.2894301497699914
10.802230000000659,3.288253721682386
10.80390000000066,3.2870772935947805
10.80557000000066,3.285900865507175
10.807240000000661,3.2847244374195697
10.808910000000662,3.283548009331966
10.810580000000662,3.2823715812443606
10.812250000000663,3.281195153156755
10.813920000000664,3.2800187250691497
10.815590000000665,3.2788422969815443
10.817260000000665,3.2776658688939406
10.818930000000666,3.276489440806335
10.820600000000667,3.2753130127187298
10.822270000000668,3.274155794902457
10.823940000000668,3.273015776698575
10.825610000000669,3.2718757584946907
10.82728000000067,3.2707357402908084
10.82895000000067,3.2695957220869225
10.830620000000671,3.2684557038830366
10.832290000000672,3.2673156856791543
10.833960000000673,3.26617566747527
10.835630000000673,3.265035649271388
10.837300000000674,3.263895631067502
10.838970000000675,3.2627556128636197
10.840640000000676,3.261615594659734
10.842310000000676,3.2604755764558533
10.843980000000677,3.2593355582519674
10.845650000000678,3.2581955400480815
10.847320000000678,3.257055521844199
10.84899000000068,3.2559155036403133
10.85066000000068,3.254775485436433
10.85233000000068,3.253635467232547
10.854000000000681,3.2524954490286646
10.855670000000682,3.2513554308247787
10.857340000000683,3.250206788589871
10.859010000000684,3.2490303605022675
10.860680000000684,3.247853932414662
10.862350000000685,3.24667750432706
10.864020000000686,3.2455010762394547
10.865690000000686,3.2443246481518493
10.867360000000687,3.2431482200642456
10.869030000000688,3.24197179197664
10.870700000000689,3.2407953638890348
10.87237000000069,3.2396189358014293
10.87404000000069,3.238442507713824
10.87571000000069,3.2372660796262203
10.877380000000691,3.236089651538615
10.879050000000692,3.2349132234510094
10.880720000000693,3.233736795363404
10.882390000000694,3.2325603672757985
10.884060000000694,3.231383939188195
10.885730000000695,3.2302075111005895
10.887400000000696,3.229031083012984
10.889070000000697,3.2278546549253786
10.890740000000697,3.226678226837773
10.892410000000698,3.2255017987501695
10.894080000000699,3.2243537621354488
10.8957500000007,3.223213743931563
10.8974200000007,3.2220737257276806
10.899090000000701,3.2209337075237947
10.900760000000702,3.2197676470583243
10.902430000000702,3.2185704044112633
10.904100000000703,3.2173731617642076
10.905770000000704,3.2161759191171466
10.907440000000705,3.214978676470089
10.909110000000705,3.213781433823028
10.910780000000706,3.212584191175967
10.912450000000707,3.2113869485289097
10.914120000000707,3.2101897058818487
10.915790000000708,3.2089924632347913
10.917460000000709,3.207795220587732
10.91913000000071,3.2065979779406746
10.92080000000071,3.2054007352936136
10.922470000000711,3.204203492646556
10.924140000000712,3.203006249999495
10.925810000000713,3.201809007352434
10.927480000000713,3.2006117647053767
10.929150000000714,3.1994247008349053
10.930820000000715,3.1982482727473
10.932490000000715,3.197071844659698
10.934160000000716,3.1958954165720925
10.935830000000717,3.194718988484487
10.937500000000718,3.1935425603968834
10.939170000000718,3.192366132309278
10.940840000000719,3.1911897042216726
10.94251000000072,3.190013276134067
10.94418000000072,3.1888368480464617
10.945850000000721,3.187660419958858
10.947520000000722,3.1864839918712526
10.949190000000723,3.185307563783647
10.950860000000723,3.1841311356960453
10.952530000000724,3.18295470760844
10.954200000000725,3.1817782795208363
10.955870000000726,3.180601851433231
10.957540000000726,3.1794254233456254
10.959210000000727,3.17824899525802
10.960880000000728,3.1770725671704145
10.962550000000729,3.175896139082811
10.96422000000073,3.1747197109952054
10.96589000000073,3.1735432829076
10.96756000000073,3.1723668548199946
10.969230000000731,3.171190426732389
10.970900000000732,3.1700139986447855
10.972570000000733,3.16883757055718
10.974240000000734,3.1676611424695746
10.975910000000734,3.1664847143819728
10.977580000000735,3.1653082862943673
10.979250000000736,3.1641318582067637
10.980920000000737,3.1629554301191583
10.982590000000737,3.161779002031553
10.984260000000738,3.1606025739439474
10.985930000000739,3.159426145856342
10.98760000000074,3.1582497177687383
10.98927000000074,3.157073289681133
10.990940000000741,3.1558968615935274
10.992610000000742,3.154720433505922
10.994280000000742,3.1535440054183166
10.995950000000743,3.152367577330713
10.997620000000744,3.1511911492431075
10.999290000000745,3.150014721155502
11.000960000000745,3.148859223300473
11.002630000000746,3.147719205096587
11.004300000000747,3.146579186892703
11.005970000000747,3.145439168688821
11.007640000000748,3.144299150484935
11.009310000000749,3.1431591322810526
11.01098000000075,3.1420191140771667
11.01265000000075,3.140879095873286
11.014320000000751,3.1397390776694003
11.015990000000752,3.138599059465518
11.017660000000753,3.137459041261632
11.019330000000753,3.1363190230577462
11.021000000000754,3.1351790048538657
11.022670000000755,3.13403898664998
11.024340000000755,3.1328989684460975
11.026010000000756,3.1317589502422116
11.027680000000757,3.1306189320383293
11.029350000000758,3.129478913834445
11.031020000000758,3.128338895630563
11.032690000000759,3.127198877426677
11.03436000000076,3.126058859222791
11.03603000000076,3.1249084970266434
11.037700000000761,3.1237320689390398
11.039370000000762,3.1225556408514343
11.041040000000763,3.121379212763829
11.042710000000763,3.1202027846762235
11.044380000000764,3.119026356588618
11.046050000000765,3.1178499285010126
11.047720000000766,3.116673500413409
11.049390000000766,3.115497072325807
11.051060000000767,3.1143206442382017
11.052730000000768,3.113144216150596
11.054400000000769,3.111967788062991
11.05607000000077,3.1107913599753854
11.05774000000077,3.10961493188778
11.05941000000077,3.1084385038001763
11.061080000000771,3.107262075712571
11.062750000000772,3.1060856476249654
11.064420000000773,3.10490921953736
11.066090000000774,3.1037327914497546
11.067760000000774,3.102556363362149
11.069430000000775,3.1013799352745437
11.071100000000776,3.10020350718694
11.072770000000776,3.0990571905334594
11.074440000000777,3.097917172329577
11.076110000000778,3.096777154125691
11.077780000000779,3.095637135921809
11.07945000000078,3.094497117717925
11.08112000000078,3.093357099514039
11.08279000000078,3.0922170813101566
11.084460000000782,3.0910770631062707
11.086130000000782,3.0899370449023884
11.087800000000783,3.0887970266985043
11.089470000000784,3.087657008494622
11.091140000000784,3.086516990290736
11.092810000000785,3.085376972086854
11.094480000000786,3.084236953882968
11.096150000000787,3.0830969356790874
11.097820000000787,3.0819569174752015
11.099490000000788,3.0808168992713156
11.101160000000789,3.079637132352387
11.10283000000079,3.078439889705326
11.10450000000079,3.0772426470582683
11.106170000000791,3.076045404411209
11.107840000000792,3.0748286365703343
11.109510000000792,3.073594984039554
11.111180000000793,3.072361331508773
11.112850000000794,3.0711276789779927
11.114520000000795,3.0698940264472157
11.116190000000795,3.068660373916437
11.117860000000796,3.0674267213856563
11.119530000000797,3.0661930688548757
11.121200000000798,3.064959416324095
11.122870000000798,3.0637257637933146
11.124540000000799,3.062492111262534
11.1262100000008,3.0612584587317553
11.1278800000008,3.0600248062009747
11.129550000000801,3.058832844132814
11.131220000000802,3.0576564160452087
11.132890000000803,3.0564799879576032
11.134560000000803,3.055303559870003
11.136230000000804,3.0541271317823977
11.137900000000805,3.0529507036947923
11.139570000000806,3.051774275607187
11.141240000000806,3.0505978475195814
11.142910000000807,3.049424302183935
11.144580000000808,3.048284283980049
11.146250000000808,3.047144265776163
11.14792000000081,3.046004247572281
11.14959000000081,3.044864229368395
11.15126000000081,3.0437242111645144
11.152930000000811,3.0425841929606285
11.154600000000812,3.0414441747567427
11.156270000000813,3.0403041565528603
11.157940000000814,3.0391641383489745
11.159610000000814,3.038024120145094
11.161280000000815,3.036884101941208
11.162950000000816,3.035744083737322
11.164620000000816,3.03460406553344
11.166290000000817,3.033464047329554
11.167960000000818,3.0323240291256734
11.169630000000819,3.0311840109217876
11.17130000000082,3.0300439927179017
11.17297000000082,3.0289039745140194
11.17464000000082,3.0277639563101335
11.176310000000822,3.026623938106253
11.177980000000822,3.025483919902367
11.179650000000823,3.0243151953031155
11.181320000000824,3.02313876721551
11.182990000000824,3.0219623391279047
11.184660000000825,3.020785911040301
11.186330000000826,3.0196094829526956
11.188000000000827,3.0184330548650937
11.189670000000827,3.0172566267774883
11.191340000000828,3.016080198689883
11.193010000000829,3.0149037706022774
11.19468000000083,3.013727342514672
11.19635000000083,3.0125509144270683
11.198020000000831,3.011374486339463
11.199690000000832,3.0101980582518575
11.201360000000832,3.009021630164252
11.203030000000833,3.0078452020766466
11.204700000000834,3.006668773989041
11.206370000000835,3.0054923459014393
11.208040000000835,3.0043159178138357
11.209710000000836,3.0031394897262302
11.211380000000837,3.001963061638625
11.213050000000838,3.0007866335510194
11.214720000000838,2.999610205463414
11.216390000000839,2.9984337773758085
11.21806000000084,2.997257349288205
11.21973000000084,2.9960809212005994
11.221400000000841,2.994904493112994
11.223070000000842,2.9937280650253886
11.224740000000843,2.992551636937783
11.226410000000843,2.9913752088501795
11.228080000000844,2.990198780762574
11.229750000000845,2.9890223526749686
11.231420000000846,2.987845924587363
11.233090000000846,2.9866694964997578
11.234760000000847,2.985493068412154
11.236430000000848,2.9843166403245487
11.238100000000848,2.983140212236947
11.23977000000085,2.9819637841493414
11.24144000000085,2.980787356061736
11.24311000000085,2.9796109279741323
11.244780000000851,2.978434499886527
11.246450000000852,2.9772580717989214
11.248120000000853,2.976081643711316
11.249790000000853,2.9749052156237106
11.251460000000854,2.9737606189314754
11.253130000000855,2.9726206007275895
11.254800000000856,2.9714805825237036
11.256470000000856,2.9703405643198213
11.258140000000857,2.9692005461159354
11.259810000000858,2.968060527912055
11.261480000000859,2.966920509708169
11.26315000000086,2.9657804915042867
11.26482000000086,2.964640473300401
11.26649000000086,2.9635004550965185
11.268160000000861,2.9623604368926344
11.269830000000862,2.9612204186887485
11.271500000000863,2.960080400484866
11.273170000000864,2.9589403822809803
11.274840000000864,2.957800364077098
11.276510000000865,2.956660345873214
11.278180000000866,2.9555203276693316
11.279850000000867,2.9543803094654457
11.281520000000867,2.9532402912615634
11.283190000000868,2.9521002730576775
11.284860000000869,2.950960254853797
11.28653000000087,2.9497989914948537
11.28820000000087,2.9486225634072483
11.289870000000871,2.947446135319643
11.291540000000872,2.9462697072320374
11.293210000000872,2.9450932791444338
11.294880000000873,2.9439168510568283
11.296550000000874,2.942740422969223
11.298220000000875,2.941563994881621
11.299890000000875,2.9403875667940156
11.301560000000876,2.939157683537907
11.303230000000877,2.9379240310071264
11.304900000000877,2.936690378476346
11.306570000000878,2.9354567259455653
11.308240000000879,2.9342230734147847
11.30991000000088,2.932989420884006
11.31158000000088,2.9317557683532254
11.313250000000881,2.930522115822445
11.314920000000882,2.9292884632916643
11.316590000000883,2.9280548107608872
11.318260000000883,2.9268211582301067
11.319930000000884,2.925587505699328
11.321600000000885,2.9243584558817446
11.323270000000885,2.9231612132346836
11.324940000000886,2.921963970587626
11.326610000000887,2.920766727940565
11.328280000000888,2.919569485293504
11.329950000000888,2.918427639562525
11.331620000000889,2.917287621358639
11.33329000000089,2.9161476031547586
11.33496000000089,2.9150075849508728
11.336630000000891,2.913867566746987
11.338300000000892,2.9127275485431046
11.339970000000893,2.9115875303392187
11.341640000000893,2.9104475121353364
11.343310000000894,2.9093074939314505
11.344980000000895,2.9081674757275664
11.346650000000896,2.907027457523684
11.348320000000896,2.905887439319798
11.349990000000897,2.904747421115916
11.351660000000898,2.90360740291203
11.353330000000899,2.902467384708144
11.3550000000009,2.901327366504262
11.3566700000009,2.9001873483003777
11.3583400000009,2.899016903739886
11.360010000000901,2.8978404756522806
11.361680000000902,2.896664047564675
11.363350000000903,2.89548761947707
11.365020000000904,2.894311191389466
11.366690000000904,2.8931347633018607
11.368360000000905,2.8919583352142553
11.370030000000906,2.8907819071266534
11.371700000000907,2.889605479039048
11.373370000000907,2.8884290509514443
11.375040000000908,2.887252622863839
11.376710000000909,2.8860761947762335
11.37838000000091,2.884899766688628
11.38005000000091,2.8837233386010226
11.38172000000091,2.882546910513419
11.383390000000912,2.8813704824258135
11.385060000000912,2.880194054338208
11.386730000000913,2.8790176262506026
11.388400000000914,2.877841198162997
11.390070000000915,2.876664770075397
11.391740000000915,2.8754883419877917
11.393410000000916,2.8743256978149354
11.395080000000917,2.8731856796110495
11.396750000000917,2.8720456614071637
11.398420000000918,2.870905643203283
11.400090000000919,2.8697656249993972
11.40176000000092,2.868625606795515
11.40343000000092,2.867485588591629
11.405100000000921,2.866345570387743
11.406770000000922,2.8652055521838626
11.408440000000923,2.8640655339799768
11.410110000000923,2.8629255157760944
11.411780000000924,2.8617854975722086
11.413450000000925,2.8606454793683227
11.415120000000925,2.859505461164442
11.416790000000926,2.8583654429605563
11.418460000000927,2.857225424756674
11.420130000000928,2.856085406552788
11.421800000000928,2.854945388348902
11.423470000000929,2.8538053701450217
11.42514000000093,2.852665351941136
11.42681000000093,2.8515253337372535
11.428480000000931,2.8503821178589295
11.430150000000932,2.849205689771324
11.431820000000933,2.8480292616837204
11.433490000000933,2.846852833596115
11.435160000000934,2.8456764055085095
11.436830000000935,2.844499977420904
11.438500000000936,2.8433235493332987
11.440170000000936,2.842147121245695
11.441840000000937,2.8409706931580896
11.443510000000938,2.8397942650704877
11.445180000000938,2.838617836982884
11.44685000000094,2.837441408895277
11.44852000000094,2.836264980807673
11.45019000000094,2.835088552720066
11.451860000000941,2.8339121246324623
11.453530000000942,2.832735696544855
11.455200000000943,2.8315592684572515
11.456870000000944,2.830382840369648
11.458540000000944,2.8292064122820406
11.460210000000945,2.828029984194437
11.461880000000946,2.8268535561068333
11.463550000000946,2.8256771280192297
11.465220000000947,2.8245006999316224
11.466890000000948,2.823324271844019
11.468560000000949,2.822147843756415
11.47023000000095,2.820971415668808
11.47190000000095,2.8197949875812043
11.47357000000095,2.818618559493597
11.475240000000952,2.8174421314059934
11.476910000000952,2.816265703318386
11.478580000000953,2.8150892752307826
11.480250000000954,2.813912847143179
11.481920000000954,2.8127364190555753
11.483590000000955,2.8115599909679716
11.485260000000956,2.8103835628803644
11.486930000000957,2.8092071347927607
11.488600000000957,2.8080307067051535
11.490270000000958,2.80685427861755
11.491940000000959,2.8056778505299462
11.49361000000096,2.804501422442339
11.49528000000096,2.8033249943547354
11.496950000000961,2.802148566267128
11.498620000000962,2.8009721381795245
11.500290000000962,2.7993874878384553
11.501960000000963,2.795860262643906
11.503630000000964,2.792333037449353
11.505300000000965,2.7888058122547967
11.506970000000965,2.785278587060244
11.508640000000966,2.7817513618656875
11.510310000000967,2.7782241366711347
11.511980000000968,2.774696911476582
11.513650000000968,2.7711696862820254
11.515320000000969,2.7676424610874726
11.51699000000097,2.764115235892916
11.51866000000097,2.7605880106983633
11.520330000000971,2.757060785503814
11.522000000000972,2.7535335603092577
11.523670000000973,2.750006335114705
11.525340000000973,2.7464791099201484
11.527010000000974,2.7429518847255956
11.528680000000975,2.7394246595310427
11.530350000000976,2.7358974343364864
11.532020000000976,2.7323702091419335
11.533690000000977,2.728842983947377
11.535360000000978,2.7253157587528243
11.537030000000978,2.721820679876121
11.53870000000098,2.7183298645652876
11.54037000000098,2.714839049254458
11.54204000000098,2.7113482339436246
11.543710000000981,2.7078574186327913
11.545380000000982,2.7043666033219544
11.547050000000983,2.700875788011121
11.548720000000984,2.697384972700288
11.550390000000984,2.6938941573894546
11.552060000000985,2.6904033420786213
11.553730000000986,2.686912526767788
11.555400000000986,2.6834217114569547
11.557070000000987,2.6799308961461215
11.558740000000988,2.6764400808352917
11.560410000000989,2.6729492655244584
11.56208000000099,2.669458450213625
11.56375000000099,2.665967634902792
11.56542000000099,2.662476819591955
11.567090000000992,2.6589860042811218
11.568760000000992,2.6554951889702885
11.570430000000993,2.652004373659455
11.572100000000994,2.6484980544726326
11.573770000000994,2.6449708292780763
11.575440000000995,2.6414436040835234
11.577110000000996,2.6379163788889706
11.578780000000997,2.6343891536944177
11.580450000000997,2.630861928499865
11.582120000000998,2.6273347033053085
11.583790000000999,2.6238074781107557
11.585460000001,2.6202802529161993
11.587130000001,2.6167530277216464
11.588800000001001,2.61322580252709
11.590470000001002,2.609698577332537
11.592140000001002,2.606171352137981
11.593810000001003,2.602644126943428
11.595480000001004,2.5991169017488716
11.597150000001005,2.5955896765543223
11.598820000001005,2.5920624513597694
11.600490000001006,2.588535226165213
11.602160000001007,2.58500800097066
11.603830000001008,2.581480775776104
11.605500000001008,2.577953550581551
11.607170000001009,2.5744312430226763
11.60884000000101,2.570940427711843
11.61051000000101,2.5674496124010098
11.612180000001011,2.5639587970901765
11.613850000001012,2.560467981779343
11.615520000001013,2.5569771664685135
11.617190000001013,2.55348635115768
11.618860000001014,2.549995535846847
11.620530000001015,2.5465047205360136
11.622200000001015,2.5430139052251803
11.623870000001016,2.539523089914347
11.625540000001017,2.5360322746035138
11.627210000001018,2.5325414592926805
11.628880000001018,2.529050643981847
11.63055000000102,2.5255598286710104
11.63222000000102,2.522069013360177
11.63389000000102,2.5185781980493473
11.635560000001021,2.515087382738514
11.637230000001022,2.511596567427681
11.638900000001023,2.5081057521168475
11.640570000001023,2.504614936806014
11.642240000001024,2.501124121495181
11.643910000001025,2.4976086211068065
11.645580000001026,2.4940813959122536
11.647250000001026,2.4905541707176972
11.648920000001027,2.4870269455231444
11.650590000001028,2.483499720328588
11.652260000001029,2.4799724951340387
11.65393000000103,2.4764452699394823
11.65560000000103,2.4729180447449295
11.65727000000103,2.469390819550373
11.658940000001031,2.4658635943558203
11.660610000001032,2.4623363691612674
11.662280000001033,2.458809143966711
11.663950000001034,2.455281918772158
11.665620000001034,2.451754693577602
11.667290000001035,2.448227468383049
11.668960000001036,2.444700243188496
11.670630000001037,2.4411730179939433
11.672300000001037,2.437645792799387
11.673970000001038,2.434118567604834
11.675640000001039,2.430591342410281
11.67731000000104,2.427064117215725
11.67898000000104,2.423550990858402
11.680650000001041,2.420060175547569
11.682320000001042,2.4165693602367355
11.683990000001042,2.4130785449259022
11.685660000001043,2.4095877296150725
11.687330000001044,2.406096914304239
11.689000000001045,2.402606098993406
11.690670000001045,2.3991152836825727
11.692340000001046,2.3956244683717394
11.694010000001047,2.392133653060906
11.695680000001047,2.388642837750073
11.697350000001048,2.3851520224392395
11.699020000001049,2.3816612071284062
11.70069000000105,2.378170391817573
11.70236000000105,2.374679576506743
11.704030000001051,2.3711887611959064
11.705700000001052,2.367697945885073
11.707370000001053,2.36420713057424
11.709040000001053,2.3607163152634065
11.710710000001054,2.3572254999525732
11.712380000001055,2.35373468464174
11.714050000001055,2.3502438693309067
11.715720000001056,2.3467530540200734
11.717390000001057,2.34326223870924
11.719060000001058,2.3397714233984104
11.720730000001058,2.336280608087577
11.722400000001059,2.332789792776744
11.72407000000106,2.3292989774659105
11.72574000000106,2.3258081621550772
11.727410000001061,2.322317346844244
11.729080000001062,2.318826531533407
11.730750000001063,2.315335716222574
11.732420000001063,2.3118449009117406
11.734090000001064,2.3083540856009073
11.735760000001065,2.3048632702900775
11.737430000001066,2.3013724549792443
11.739100000001066,2.297881639668411
11.740770000001067,2.2943908243575777
11.742440000001068,2.2909000090467444
11.744110000001069,2.287409193735911
11.74578000000107,2.283918378425078
11.74745000000107,2.280427563114241
11.74912000000107,2.2769367478034077
11.750790000001071,2.2734287086553415
11.752460000001072,2.2699014834607922
11.754130000001073,2.2663742582662394
11.755800000001074,2.262847033071683
11.757470000001074,2.25931980787713
11.759140000001075,2.2557925826825738
11.760810000001076,2.252265357488021
11.762480000001077,2.2487381322934645
11.764150000001077,2.2452109070989117
11.765820000001078,2.2416836819043553
11.767490000001079,2.2381564567098025
11.76916000000108,2.234629231515253
11.77083000000108,2.2311020063206968
11.77250000000108,2.227574781126144
11.774170000001082,2.2240475559315875
11.775840000001082,2.2205203307370347
11.777510000001083,2.2169931055424783
11.779180000001084,2.2134658803479255
11.780850000001085,2.209938655153369
11.782520000001085,2.2064114299588162
11.784190000001086,2.20288420476426
11.785860000001087,2.1993636171666324
11.787530000001087,2.195872801855799
11.789200000001088,2.192381986544966
11.790870000001089,2.1888911712341326
11.79254000000109,2.1854003559232993
11.79421000000109,2.181909540612466
11.795880000001091,2.1784187253016327
11.797550000001092,2.1749279099907994
11.799220000001093,2.171437094679966
11.800890000001093,2.167946279369133
11.802560000001094,2.164455464058303
11.804230000001095,2.16096464874747
11.805900000001095,2.1574738334366366
11.807570000001096,2.1539830181258033
11.809240000001097,2.15049220281497
11.810910000001098,2.1470013875041367
11.812580000001098,2.1435105721933034
11.814250000001099,2.14001975688247
11.8159200000011,2.136528941571637
11.8175900000011,2.1330381262608
11.819260000001101,2.1295473109499703
11.820930000001102,2.126056495639137
11.822600000001103,2.1225392752895225
11.824270000001103,2.119012050094966
11.825940000001104,2.1154848249004132
11.827610000001105,2.111957599705857
11.829280000001106,2.108430374511304
11.830950000001106,2.1049031493167476
11.832620000001107,2.1013759241221948
11.834290000001108,2.097848698927642
11.835960000001108,2.094321473733089
11.83763000000111,2.0907942485385362
11.83930000000111,2.08726702334398
11.84097000000111,2.083739798149427
11.842640000001111,2.0802125729548706
11.844310000001112,2.0766853477603178
11.845980000001113,2.0731581225657614
11.847650000001114,2.0696308973712085
11.849320000001114,2.0661036721766557
11.850990000001115,2.0625764469820993
11.852660000001116,2.05904922178755
11.854330000001116,2.0555219965929936
11.856000000001117,2.0519947713984408
11.857670000001118,2.048483365002358
11.859340000001119,2.044992549691525
11.86101000000112,2.0415017343806916
11.86268000000112,2.0380109190698583
11.86435000000112,2.034520103759025
11.866020000001122,2.0310292884481917
11.867690000001122,2.0275384731373585
11.869360000001123,2.0240476578265287
11.871030000001124,2.0205568425156955
11.872700000001124,2.017066027204862
11.874370000001125,2.013575211894029
11.876040000001126,2.0100843965831956
11.877710000001127,2.0065935812723623
11.879380000001127,2.003102765961529
11.881050000001128,1.9996119506506957
11.882720000001129,1.9961211353398625
11.88439000000113,1.9926303200290292
11.88606000000113,1.9891395047181994
11.887730000001131,1.9856486894073662
11.889400000001132,1.9821578740965329
11.891070000001132,1.9786670587856996
11.892740000001133,1.9751762434748628
11.894410000001134,1.9716498419236963
11.896080000001135,1.9681226167291435
11.897750000001135,1.964595391534587
11.899420000001136,1.9610681663400342
11.901090000001137,1.9575409411454778
11.902760000001138,1.9540137159509285
11.904430000001138,1.9504864907563721
11.906100000001139,1.9469592655618193
11.90777000000114,1.943432040367263
11.90944000000114,1.93990481517271
11.911110000001141,1.9363775899781572
11.912780000001142,1.9328503647836008
11.914450000001143,1.929323139589048
11.916120000001143,1.9257959143944916
11.917790000001144,1.9222686891999388
11.919460000001145,1.918741464005386
11.921130000001146,1.915214238810833
11.922800000001146,1.9116870136162767
11.924470000001147,1.9081597884217238
11.926140000001148,1.9046325632271675
11.927810000001148,1.9011053380326146
11.92948000000115,1.897601553395674
11.93115000000115,1.8941084669201693
11.93282000000115,1.8906153804446681
11.934490000001151,1.8871222939691634
11.936160000001152,1.8836292074936587
11.937830000001153,1.880136121018154
11.939500000001154,1.8766430345426528
11.941170000001154,1.873149948067148
11.942840000001155,1.8696568615916433
11.944510000001156,1.8661637751161386
11.946180000001156,1.862670688640634
11.947850000001157,1.8591776021651292
11.949520000001158,1.8556845156896244
11.951190000001159,1.8521914292141233
11.95286000000116,1.8486983427386185
11.95453000000116,1.8452052562631138
11.95620000000116,1.841712169787609
11.957870000001162,1.838219083312108
11.959540000001162,1.8347259968366032
11.961210000001163,1.8312329103610985
11.962880000001164,1.8277398238855938
11.964550000001164,1.8242467374100926
11.966220000001165,1.8207536509345843
11.967890000001166,1.8172605644590796
11.969560000001167,1.8137674779835784
11.971230000001167,1.8102743915080737
11.972900000001168,1.806781305032569
11.974570000001169,1.8032882185570642
11.97624000000117,1.799795132081563
11.97791000000117,1.7963020456060583
11.979580000001171,1.7928089591305536
11.981250000001172,1.7893158726550524
11.982920000001172,1.7858227861795477
11.984590000001173,1.782329699704043
11.986260000001174,1.7788366132285383
11.987930000001175,1.775343526753037
11.989600000001175,1.7718504402775324
11.991270000001176,1.7683573538020276
11.992940000001177,1.764864267326523
11.994610000001177,1.7613711808510217
11.996280000001178,1.757878094375517
11.997950000001179,1.7543850079000123
11.99962000000118,1.750891921424511
12.00129000000118,1.747370709948978
12.002960000001181,1.7438412135897536
12.004630000001182,1.7403117172305294
12.006300000001183,1.736782220871305
12.007970000001183,1.7332527245120808
12.009640000001184,1.729723228152853
12.011310000001185,1.7261937317936287
12.012980000001185,1.7226642354344044
12.014650000001186,1.71913473907518
12.016320000001187,1.7156052427159523
12.017990000001188,1.7120757463567315
12.019660000001188,1.7085462499975037
12.02133000000119,1.7050167536382794
12.02300000000119,1.7014872572790551
12.02467000000119,1.6979577609198309
12.026340000001191,1.6944282645606066
12.028010000001192,1.6908987682013787
12.029680000001193,1.6873692718421545
12.031350000001193,1.6838397754829302
12.033020000001194,1.680310279123706
12.034690000001195,1.676780782764478
12.036360000001196,1.6732688251649748
12.038030000001196,1.66977573868947
12.039700000001197,1.6662826522139618
12.041370000001198,1.662789565738457
12.043040000001199,1.6592964792629559
12.0447100000012,1.6558033927874511
12.0463800000012,1.6523103063119464
12.0480500000012,1.6488172198364417
12.049720000001201,1.6453241333609405
12.051390000001202,1.6418310468854358
12.053060000001203,1.638337960409931
12.054730000001204,1.63484487393443
12.056400000001204,1.6313517874589252
12.058070000001205,1.6278587009834204
12.059740000001206,1.6243656145079157
12.061410000001207,1.6208725280324146
12.063080000001207,1.6173794415569098
12.064750000001208,1.613886355081405
12.066420000001209,1.6103932686059004
12.06809000000121,1.6069001821303992
12.06976000000121,1.6034070956548945
12.071430000001211,1.5999131687717778
12.073100000001212,1.596385943577225
12.074770000001212,1.5928587183826686
12.076440000001213,1.5893314931881157
12.078110000001214,1.5858042679935593
12.079780000001215,1.5822770427990065
12.081450000001215,1.57874981760445
12.083120000001216,1.5752225924098973
12.084790000001217,1.5716953672153444
12.086460000001217,1.5681681420207916
12.088130000001218,1.5646409168262387
12.089800000001219,1.5611136916316823
12.09147000000122,1.5575864664371295
12.09314000000122,1.554059241242573
12.094810000001221,1.5505320160480203
12.096480000001222,1.5470047908534639
12.098150000001223,1.543477565658911
12.099820000001223,1.5399503404643582
12.101490000001224,1.5364231152698018
12.103160000001225,1.5328958900752525
12.104830000001225,1.5293686648806961
12.106500000001226,1.5258414396861433
12.108170000001227,1.5223409344528562
12.109840000001228,1.5188501191420194
12.111510000001228,1.515359303831186
12.113180000001229,1.5118684885203528
12.11485000000123,1.5083776732095195
12.11652000000123,1.5048868578986863
12.118190000001231,1.501396042587853
12.119860000001232,1.4979052272770232
12.121530000001233,1.49441441196619
12.123200000001233,1.4909235966553567
12.124870000001234,1.4874327813445234
12.126540000001235,1.48394196603369
12.128210000001236,1.4804511507228568
12.129880000001236,1.47696033541202
12.131550000001237,1.4734695201011867
12.133220000001238,1.4699787047903534
12.134890000001239,1.4664878894795201
12.13656000000124,1.4629970741686904
12.13823000000124,1.4595062588578571
12.13990000000124,1.4560154435470238
12.141570000001241,1.4525246282361906
12.143240000001242,1.449023735405948
12.144910000001243,1.4454965102113952
12.146580000001244,1.4419692850168424
12.148250000001244,1.438442059822286
12.149920000001245,1.4349148346277332
12.151590000001246,1.4313876094331768
12.153260000001247,1.4278603842386275
12.154930000001247,1.4243331590440746
12.156600000001248,1.4208059338495183
12.158270000001249,1.4172787086549654
12.15994000000125,1.413751483460409
12.16161000000125,1.4102242582658562
12.16328000000125,1.4066970330713033
12.164950000001252,1.403169807876747
12.166620000001252,1.399642582682194
12.168290000001253,1.3961153574876377
12.169960000001254,1.3925881322930884
12.171630000001255,1.3890609070985356
12.173300000001255,1.3855336819039792
12.174970000001256,1.3820064567094263
12.176640000001257,1.37847923151487
12.178310000001257,1.374952006320317
12.179980000001258,1.371460682288582
12.181650000001259,1.3679698669777487
12.18332000000126,1.3644790516669119
12.18499000000126,1.3609882363560786
12.186660000001261,1.3574974210452488
12.188330000001262,1.3540066057344156
12.190000000001262,1.3505157904235823
12.191670000001263,1.347024975112749
12.193340000001264,1.3435341598019157
12.195010000001265,1.3400433444910824
12.196680000001265,1.3365525291802491
12.198350000001266,1.3330617138694159
12.200020000001267,1.3295708985585826
12.201690000001268,1.3260800832477457
12.203360000001268,1.322589267936916
12.205030000001269,1.3190984526260827
12.20670000000127,1.3156076373152494
12.20837000000127,1.3121168220044162
12.210040000001271,1.3086260066935829
12.211710000001272,1.3051351913827496
12.213380000001273,1.3016443760719163
12.215050000001273,1.298153560761083
12.216720000001274,1.2946627454502497
12.218390000001275,1.2911719301394164
12.220060000001276,1.2876811148285867
12.221730000001276,1.2841902995177534
12.223400000001277,1.2806994842069201
12.225070000001278,1.2772086688960869
12.226740000001278,1.2737178535852536
12.22841000000128,1.2702270382744167
12.23008000000128,1.2667362229635835
12.23175000000128,1.2632454076527502
12.233420000001281,1.259754592341917
12.235090000001282,1.2562637770310836
12.236760000001283,1.2527729617202503
12.238430000001284,1.249282146409417
12.240100000001284,1.2457913310985873
12.241770000001285,1.242300515787754
12.243440000001286,1.2388097004769207
12.245110000001286,1.2353188851660875
12.246780000001287,1.2318280698552542
12.248450000001288,1.2283372545444209
12.250120000001289,1.2248438229544902
12.25179000000129,1.2213165977599338
12.25346000000129,1.217789372565381
12.25513000000129,1.2142621473708246
12.256800000001292,1.2107349221762718
12.258470000001292,1.2072076969817225
12.260140000001293,1.203680471787166
12.261810000001294,1.2001532465926132
12.263480000001294,1.1966260213980568
12.265150000001295,1.193098796203504
12.266820000001296,1.1895715710089476
12.268490000001297,1.1860443458143948
12.270160000001297,1.1825171206198384
12.271830000001298,1.1789898954252855
12.273500000001299,1.1754626702307327
12.2751700000013,1.1719354450361763
12.2768400000013,1.168408219841627
12.278510000001301,1.1648809946470706
12.280180000001302,1.1613537694525178
12.281850000001302,1.1578265442579614
12.283520000001303,1.1542993190634085
12.285190000001304,1.1507720938688522
12.286860000001305,1.1472733085968088
12.288530000001305,1.1437824932859755
12.290200000001306,1.1402916779751422
12.291870000001307,1.136800862664309
12.293540000001308,1.133310047353472
12.295210000001308,1.1298192320426388
12.296880000001309,1.126328416731809
12.29855000000131,1.1228376014209758
12.30022000000131,1.1193467861101425
12.301890000001311,1.1158559707993092
12.303560000001312,1.112365155488476
12.305230000001313,1.1088743401776426
12.306900000001313,1.1053835248668094
12.308570000001314,1.101892709555976
12.310240000001315,1.0984018942451428
12.311910000001316,1.094911078934306
12.313580000001316,1.0914202636234727
12.315250000001317,1.087929448312643
12.316920000001318,1.0844386330018096
12.318590000001318,1.0809478176909764
12.32026000000132,1.077457002380143
12.32193000000132,1.0739543895886605
12.32360000000132,1.0704271643941077
12.325270000001321,1.0668999391995513
12.326940000001322,1.0633727140049984
12.328610000001323,1.0598454888104456
12.330280000001324,1.0563182636158892
12.331950000001324,1.0527910384213364
12.333620000001325,1.0492638132267835
12.335290000001326,1.0457365880322307
12.336960000001326,1.0422093628376743
12.338630000001327,1.0386821376431215
12.340300000001328,1.0351549124485686
12.341970000001329,1.0316276872540122
12.34364000000133,1.0281004620594594
12.34531000000133,1.024573236864903
12.34698000000133,1.0210460116703501
12.348650000001332,1.0175187864757973
12.350320000001332,1.013991561281241
12.351990000001333,1.010464336086688
12.353660000001334,1.0069371108921352
12.355330000001334,1.0034098856975824
12.357000000001335,0.9998837961889855
12.358670000001336,0.9963907097134808
12.360340000001337,0.992897623237976
12.362010000001337,0.9894045367624749
12.363680000001338,0.9859114502869701
12.365350000001339,0.9824183638114619
12.36702000000134,0.9789252773359607
12.36869000000134,0.975432190860456
12.370360000001341,0.9719391043849512
12.372030000001342,0.9684460179094465
12.373700000001342,0.9649529314339453
12.375370000001343,0.9614598449584406
12.377040000001344,0.9579667584829359
12.378710000001345,0.9544736720074347
12.380380000001345,0.95098058553193
12.382050000001346,0.9474874990564253
12.383720000001347,0.9439944125809205
12.385390000001347,0.9405013261054158
12.387060000001348,0.9370082396299111
12.388730000001349,0.9335151531544064
12.39040000000135,0.9300220666789052
12.39207000000135,0.9265289802034005
12.393740000001351,0.9230149150456946
12.395410000001352,0.9194854186864703
12.397080000001353,0.9159559223272495
12.398750000001353,0.9124264259680217
12.400420000001354,0.9088969296087974
12.402090000001355,0.9053674332495731
12.403760000001355,0.9018379368903489
12.405430000001356,0.8983084405311246
12.407100000001357,0.8947789441718967
12.408770000001358,0.891249447812676
12.410440000001358,0.8877199514534482
12.412110000001359,0.8841904550942239
12.41378000000136,0.8806609587350032
12.41545000000136,0.8771314623757753
12.417120000001361,0.873601966016551
12.418790000001362,0.8700724696573232
12.420460000001363,0.8665429732981025
12.422130000001363,0.8630134769388782
12.423800000001364,0.8594839805796504
12.425470000001365,0.8559544842204296
12.427140000001366,0.8524249878612018
12.428810000001366,0.8489058839438677
12.430480000001367,0.845412797468363
12.432150000001368,0.8419197109928618
12.433820000001369,0.838426624517357
12.43549000000137,0.8349335380418523
12.43716000000137,0.8314404515663512
12.43883000000137,0.8279473650908429
12.440500000001371,0.8244542786153382
12.442170000001372,0.8209611921398334
12.443840000001373,0.8174681056643323
12.445510000001374,0.8139750191888275
12.447180000001374,0.8104819327133228
12.448850000001375,0.8069888462378216
12.450520000001376,0.8034957597623169
12.452190000001377,0.8000026732868122
12.453860000001377,0.7965095868113075
12.455530000001378,0.7930165003358063
12.457200000001379,0.789523413860298
12.45887000000138,0.7860303273847933
12.46054000000138,0.7825372409092921
12.462210000001381,0.7790441544337874
12.463880000001382,0.7755510679582827
12.465550000001382,0.7720579814827779
12.467220000001383,0.7685648950072768
12.468890000001384,0.765071808531772
12.470560000001385,0.7615787220562673
12.472230000001385,0.7580856355807661
12.473900000001386,0.7545925491052614
12.475570000001387,0.7510994626297567
12.477240000001387,0.7476063761542484
12.478910000001388,0.7441132896787472
12.480580000001389,0.7406202032032425
12.48225000000139,0.7371271167277378
12.48392000000139,0.7336340302522366
12.485590000001391,0.7301409437767319
12.487260000001392,0.7266478573012272
12.488930000001393,0.7231547708257224
12.490600000001393,0.7196616843502213
12.492270000001394,0.7161685978747165
12.493940000001395,0.7126755113992118
12.495610000001395,0.7091824249237071
12.497280000001396,0.7056893384482024
12.498950000001397,0.7021962519726976
12.500620000001398,0.6996277587540227
12.502290000001398,0.6986251089485762
12.503960000001399,0.6976224591431297
12.5056300000014,0.6966198093376832
12.5073000000014,0.6956171595322331
12.508970000001401,0.6946145097267866
12.510640000001402,0.6936118599213401
12.512310000001403,0.69260921011589
12.513980000001403,0.6916065603104435
12.515650000001404,0.690603910504997
12.517320000001405,0.6896012606995434
12.518990000001406,0.6885986108940969
12.520660000001406,0.6875959610886504
12.522330000001407,0.6865933112832039
12.524000000001408,0.6855906614777538
12.525670000001409,0.6845880116723073
12.52734000000141,0.6835853618668608
12.52901000000141,0.6825827120614107
12.53068000000141,0.6815800622559642
12.532350000001411,0.6805774124505177
12.534020000001412,0.6795747626450677
12.535690000001413,0.6785721128396176
12.537360000001414,0.6775694630341711
12.539030000001414,0.6765668132287246
12.540700000001415,0.6755641634232745
12.542370000001416,0.674561513617828
12.544040000001417,0.6735588638123815
12.545710000001417,0.6725562140069314
12.547380000001418,0.6715535642014849
12.549050000001419,0.6705509143960384
12.55072000000142,0.6695482645905884
12.55239000000142,0.6685456147851419
12.55406000000142,0.6675429649796918
12.555730000001422,0.6665403151742453
12.557400000001422,0.6655376653687952
12.559070000001423,0.6645350155633487
12.560740000001424,0.6635323657579022
12.562410000001424,0.6625297159524521
12.564080000001425,0.6615270661470056
12.565750000001426,0.6605244163415591
12.567420000001427,0.659521766536109
12.569090000001427,0.6585191167306625
12.570760000001428,0.657516466925216
12.572430000001429,0.6565138171197695
12.57410000000143,0.6555111673143159
12.57577000000143,0.6545085175088694
12.577440000001431,0.6535058677034229
12.579110000001432,0.6525032178979728
12.580780000001432,0.6515005680925263
12.582450000001433,0.6504979182870798
12.584120000001434,0.6494952684816298
12.585790000001435,0.6484926186761832
12.587460000001435,0.6474899688707367
12.589130000001436,0.6464873190652902
12.590800000001437,0.6454846692598402
12.592470000001438,0.6444820194543901
12.594140000001438,0.6434793696489436
12.595810000001439,0.6424767198434935
12.59748000000144,0.641474070038047
12.59915000000144,0.6404714202326005
12.600820000001441,0.6394687704271504
12.602490000001442,0.6384661206217039
12.604160000001443,0.6374634708162574
12.605830000001443,0.6364608210108109
12.607500000001444,0.6354581712053609
12.609170000001445,0.6344555213999143
12.610840000001446,0.6334528715944643
12.612510000001446,0.6324502217890142
12.614180000001447,0.6314475719835677
12.615850000001448,0.6304449221781212
12.617520000001448,0.6294422723726711
12.61919000000145,0.6284396225672246
12.62086000000145,0.6274369727617781
12.62253000000145,0.6264343229563316
12.624200000001451,0.6254316731508816
12.625870000001452,0.624429023345435
12.627540000001453,0.6234263735399885
12.629210000001454,0.6224237237345385
12.630880000001454,0.6214210739290884
12.632550000001455,0.6204184241236419
12.634220000001456,0.6194157743181954
12.635890000001456,0.6184131245127453
12.637560000001457,0.6174104747072988
12.639230000001458,0.6164078249018523
12.640900000001459,0.6154051750964022
12.64257000000146,0.6144025252909557
12.64424000000146,0.6133998754855092
12.64591000000146,0.6123972256800592
12.647580000001462,0.6113945758746127
12.649250000001462,0.6103919260691626
12.650920000001463,0.6093892762637161
12.652590000001464,0.608386626458266
12.654260000001464,0.6073839766528195
12.655930000001465,0.606381326847373
12.657600000001466,0.6053786770419229
12.659270000001467,0.6043760272364764
12.660940000001467,0.6033733774310299
12.662610000001468,0.6023707276255799
12.664280000001469,0.6013680778201334
12.66595000000147,0.6003654280146833
12.66762000000147,0.5993627782092368
12.669290000001471,0.5983601284037867
12.670960000001472,0.5973574785983402
12.672630000001472,0.5963548287928937
12.674300000001473,0.5953521789874436
12.675970000001474,0.5943495291819971
12.677640000001475,0.5933468793765506
12.679310000001475,0.5923442295711006
12.680980000001476,0.591341579765654
12.682650000001477,0.590338929960204
12.684320000001478,0.5893362801547575
12.685990000001478,0.5883336303493074
12.687660000001479,0.5873309805438609
12.68933000000148,0.5863283307384144
12.69100000000148,0.5853256809329643
12.692670000001481,0.5843230311275178
12.694340000001482,0.5833203813220713
12.696010000001483,0.5823177315166213
12.697680000001483,0.5813150817111747
12.699350000001484,0.5803124319057247
12.701020000001485,0.5793097821002782
12.702690000001486,0.5783071322948281
12.704360000001486,0.5773044824893816
12.706030000001487,0.5763018326839351
12.707700000001488,0.575299182878485
12.709370000001488,0.5742965330730385
12.71104000000149,0.573293883267592
12.71271000000149,0.572291233462142
12.71438000000149,0.5712885836566954
12.716050000001491,0.5702859338512454
12.717720000001492,0.5692832840457989
12.719390000001493,0.5682806342403488
12.721060000001494,0.5672779844349023
12.722730000001494,0.5662753346294558
12.724400000001495,0.5652726848240057
12.726070000001496,0.5642700350185592
12.727740000001496,0.5632673852131127
12.729410000001497,0.5622647354076626
12.731080000001498,0.5612620856022161
12.732750000001499,0.5602594357967661
12.7344200000015,0.5592567859913196
12.7360900000015,0.5582541361858695
12.7377600000015,0.557251486380423
12.739430000001501,0.5562488365749765
12.741100000001502,0.5552461867695264
12.742770000001503,0.5542435369640799
12.744440000001504,0.5532408871586334
12.746110000001504,0.5522382373531833
12.747780000001505,0.5512355875477368
12.749450000001506,0.5502329377422868
12.751120000001507,0.5492302879368403
12.752790000001507,0.5482276381313902
12.754460000001508,0.5472249883259437
12.756130000001509,0.5462223385204972
12.75780000000151,0.5452196887150471
12.75947000000151,0.5442170389096006
12.761140000001511,0.5432143891041541
12.762810000001512,0.542211739298704
12.764480000001512,0.5412090894932575
12.766150000001513,0.5402064396878075
12.767820000001514,0.539203789882361
12.769490000001515,0.5382011400769109
12.771160000001515,0.5371984902714644
12.772830000001516,0.5361958404660179
12.774500000001517,0.5351931906605678
12.776170000001517,0.5341905408551213
12.777840000001518,0.5331878910496748
12.779510000001519,0.5321852412442247
12.78118000000152,0.5311825914387782
12.78285000000152,0.5301799416333282
12.784520000001521,0.5291772918278816
12.786190000001522,0.5281746420224316
12.787860000001523,0.5271719922169851
12.789530000001523,0.5261693424115386
12.791200000001524,0.5251666926060885
12.792870000001525,0.524164042800642
12.794540000001525,0.5231613929951955
12.796210000001526,0.5221587431897454
12.797880000001527,0.5211560933842989
12.799550000001528,0.5201534435788489
12.801220000001528,0.5191507937734023
12.802890000001529,0.5181481439679523
12.80456000000153,0.5171454941625058
12.80623000000153,0.5161428443570593
12.807900000001531,0.5151401945516092
12.809570000001532,0.5141375447461627
12.811240000001533,0.5131348949407162
12.812910000001533,0.5121322451352661
12.814580000001534,0.5111295953298196
12.816250000001535,0.5101269455243695
12.817920000001536,0.509124295718923
12.819590000001536,0.508121645913473
12.821260000001537,0.5071189961080265
12.822930000001538,0.50611634630258
12.824600000001539,0.5051136964971299
12.82627000000154,0.5041110466916834
12.82794000000154,0.5031083968862369
12.82961000000154,0.5021057470807868
12.831280000001541,0.5011030972753403
12.832950000001542,0.5001004474698902
12.834620000001543,0.49909779766444373
12.836290000001544,0.49809514785899367
12.837960000001544,0.49709249805354716
12.839630000001545,0.49608984824810065
12.841300000001546,0.4950871984426506
12.842970000001547,0.4940845486372041
12.844640000001547,0.49308189883175757
12.846310000001548,0.4920792490263075
12.847980000001549,0.491076599220861
12.84965000000155,0.49007394941541094
12.85132000000155,0.4890712996099644
12.852990000001551,0.48806864980451437
12.854660000001552,0.48706599999906786
12.856330000001552,0.48606335019362135
12.858000000001553,0.4850607003881713
12.859670000001554,0.4840580505827248
12.861340000001555,0.48305540077727827
12.863010000001555,0.4820527509718282
12.864680000001556,0.4810501011663817
12.866350000001557,0.48004745136093163
12.868020000001557,0.4790448015554851
12.869690000001558,0.47804215175003506
12.871360000001559,0.47703950194458855
12.87303000000156,0.47603685213914204
12.87470000000156,0.475034202333692
12.876370000001561,0.47403155252824547
12.878040000001562,0.47302890272279896
12.879710000001563,0.47202625291735245
12.881380000001563,0.4710236031119024
12.883050000001564,0.4700209533064523
12.884720000001565,0.4690183035010058
12.886390000001565,0.46801565369555576
12.888060000001566,0.46701300389010925
12.889730000001567,0.46601035408466274
12.891400000001568,0.4650077042792127
12.893070000001568,0.46400505447376617
12.894740000001569,0.46300240466831966
12.89641000000157,0.46199975486287315
12.89808000000157,0.4609971050574231
12.899750000001571,0.459994455251973
12.901420000001572,0.4589918054465265
12.903090000001573,0.45798915564107645
12.904760000001573,0.45698650583562994
12.906430000001574,0.45598385603018343
12.908100000001575,0.45498120622473337
12.909770000001576,0.45397855641928686
12.911440000001576,0.45297590661384035
12.913110000001577,0.45197325680839384
12.914780000001578,0.4509706070029438
12.916450000001579,0.4499679571974937
12.91812000000158,0.4489653073920472
12.91979000000158,0.44796265758659715
12.92146000000158,0.44696000778115064
12.923130000001581,0.4459573579757041
12.924800000001582,0.44495470817025407
12.926470000001583,0.44395205836480756
12.928140000001584,0.44294940855936105
12.929810000001584,0.4419487669893414
12.931480000001585,0.44094838834856276
12.933150000001586,0.4399480097077877
12.934820000001586,0.4389476310670126
12.936490000001587,0.43794725242623045
12.938160000001588,0.4369468737854554
12.939830000001589,0.4359464951446803
12.94150000000159,0.4349461165039017
12.94317000000159,0.43394573786312307
12.94484000000159,0.432945359222348
12.946510000001592,0.43194498058157293
12.948180000001592,0.43094460194079076
12.949850000001593,0.4299442233000157
12.951520000001594,0.4289438446592406
12.953190000001594,0.427943466018462
12.954860000001595,0.4269430873776834
12.956530000001596,0.4259427087369083
12.958200000001597,0.4249423300961297
12.959870000001597,0.4239419514553511
12.961540000001598,0.422941572814576
12.963210000001599,0.42194119417380094
12.9648800000016,0.4209408155330223
12.9665500000016,0.4199404368922437
12.968220000001601,0.41894005825146863
12.969890000001602,0.41793967961069
12.971560000001602,0.41693930096991494
12.973230000001603,0.4159389223291363
12.974900000001604,0.4149385436883577
12.976570000001605,0.41393816504758263
12.978240000001605,0.412937786406804
12.979910000001606,0.41193740776602894
12.981580000001607,0.4109370291252503
12.983250000001608,0.40993665048447525
12.984920000001608,0.40893627184369663
12.986590000001609,0.407935893202918
12.98826000000161,0.40693551456214294
12.98993000000161,0.4059351359213679
12.991600000001611,0.4049347572805857
12.993270000001612,0.40393437863981063
12.994940000001613,0.40293399999903556
12.996610000001613,0.40193362135825694
12.998280000001614,0.4009332427174783
12.999950000001615,0.39993286407670325
13.001620000001616,0.3989324854359282
13.003290000001616,0.397932106795146
13.004960000001617,0.39693172815437094
13.006630000001618,0.3959313495135959
13.008300000001618,0.39493097087281726
13.00997000000162,0.39393059223203863
13.01164000000162,0.39293021359126357
13.01331000000162,0.3919298349504885
13.014980000001621,0.3909294563097063
13.016650000001622,0.38992907766893126
13.018320000001623,0.3889286990281562
13.019990000001624,0.38792832038737757
13.021660000001624,0.38692794174659895
13.023330000001625,0.3859275631058239
13.025000000001626,0.38492718446504526
13.026670000001626,0.3839268058242702
13.028340000001627,0.38292642718349157
13.030010000001628,0.3819260485427165
13.031680000001629,0.3809256699019379
13.03335000000163,0.37992529126115926
13.03502000000163,0.3789249126203842
13.03669000000163,0.37792453397960557
13.038360000001632,0.3769241553388305
13.040030000001632,0.3759237766980519
13.041700000001633,0.37492339805727326
13.043370000001634,0.3739230194164982
13.045040000001634,0.3729226407757231
13.046710000001635,0.3719222621349445
13.048380000001636,0.3709218834941659
13.050050000001637,0.3699215048533908
13.051720000001637,0.3689211262126122
13.053390000001638,0.3679207475718336
13.055060000001639,0.3669203689310585
13.05673000000164,0.36591999029028344
13.05840000000164,0.36491961164950126
13.060070000001641,0.3639192330087262
13.061740000001642,0.3629188543679511
13.063410000001642,0.3619184757271725
13.065080000001643,0.3609180970863939
13.066750000001644,0.3599177184456188
13.068420000001645,0.35891733980484375
13.070090000001645,0.3579169611640616
13.071760000001646,0.3569160778200242
13.073430000001647,0.3559134280145777
13.075100000001648,0.35491077820912764
13.076770000001648,0.35390812840368113
13.078440000001649,0.3529054785982346
13.08011000000165,0.3519028287927881
13.08178000000165,0.3509001789873345
13.083450000001651,0.349897529181888
13.085120000001652,0.3488948793764415
13.086790000001653,0.3478922295709914
13.088460000001653,0.3468895797655449
13.090130000001654,0.3458869299600984
13.091800000001655,0.34488428015464834
13.093470000001656,0.34388163034920183
13.095140000001656,0.3428789805437553
13.096810000001657,0.3418763307383088
13.098480000001658,0.3408736809328552
13.100150000001658,0.3398710311274087
13.10182000000166,0.3388683813219622
13.10349000000166,0.3378657315165121
13.10516000000166,0.3368630817110656
13.106830000001661,0.3358604319056191
13.108500000001662,0.33485778210016903
13.110170000001663,0.3338551322947225
13.111840000001663,0.332852482489276
13.113510000001664,0.3318498326838295
13.115180000001665,0.3308471828783759
13.116850000001666,0.3298445330729294
13.118520000001666,0.32884188326748287
13.120190000001667,0.3278392334620328
13.121860000001668,0.3268365836565863
13.123530000001669,0.3258339338511398
13.12520000000167,0.3248312840456933
13.12687000000167,0.3238286342402432
13.12854000000167,0.3228259844347967
13.130210000001671,0.3218233346293502
13.131880000001672,0.3208206848238966
13.133550000001673,0.3198180350184501
13.135220000001674,0.31881538521300357
13.136890000001674,0.3178127354075535
13.138560000001675,0.316810085602107
13.140230000001676,0.3158074357966605
13.141900000001677,0.314804785991214
13.143570000001677,0.3138021361857639
13.145240000001678,0.3127994863803174
13.146910000001679,0.3117968365748709
13.14858000000168,0.3107941867694173
13.15025000000168,0.30979153696397077
13.151920000001681,0.30878888715852426
13.153590000001682,0.3077862373530742
13.155260000001682,0.3067835875476277
13.156930000001683,0.3057809377421812
13.158600000001684,0.30477828793673467
13.160270000001685,0.3037756381312846
13.161940000001685,0.3027729883258381
13.163610000001686,0.3017703385203916
13.165280000001687,0.30076768871494153
13.166950000001687,0.29976503890949147
13.168620000001688,0.29876238910404496
13.170290000001689,0.2977597392985949
13.17196000000169,0.2967570894931484
13.17363000000169,0.2957544396877019
13.175300000001691,0.29475178988225537
13.176970000001692,0.2937491400768053
13.178640000001693,0.2927464902713588
13.180310000001693,0.2917438404659123
13.181980000001694,0.2907411906604622
13.183650000001695,0.28973854085501216
13.185320000001695,0.28873589104956565
13.186990000001696,0.2877332412441156
13.188660000001697,0.2867305914386691
13.190330000001698,0.28572794163322257
13.192000000001698,0.28472529182777606
13.193670000001699,0.283722642022326
13.1953400000017,0.2827199922168795
13.1970100000017,0.281717342411433
13.198680000001701,0.2807146926059829
13.200350000001702,0.27971204280053286
13.202020000001703,0.27870939299508635
13.203690000001703,0.2777067431896363
13.205360000001704,0.2767040933841898
13.207030000001705,0.27570144357874327
13.208700000001706,0.27469879377329676
13.210370000001706,0.2736961439678467
13.212040000001707,0.2726934941624002
13.213710000001708,0.2716908443569537
13.215380000001709,0.2706881945515036
13.21705000000171,0.26968554474605355
13.21872000000171,0.26868289494060704
13.22039000000171,0.267680245135157
13.222060000001711,0.26667759532971047
13.223730000001712,0.26567494552426396
13.225400000001713,0.26467229571881745
13.227070000001714,0.2636696459133674
13.228740000001714,0.2626669961079209
13.230410000001715,0.26166434630247437
13.232080000001716,0.2606616964970243
13.233750000001717,0.2596590466915778
13.235420000001717,0.25865639688612774
13.237090000001718,0.2576537470806777
13.238760000001719,0.25665109727523117
13.24043000000172,0.25564844746978466
13.24210000000172,0.25464579766433815
13.24377000000172,0.2536431478588881
13.245440000001722,0.2526404980534416
13.247110000001722,0.25163784824799507
13.248780000001723,0.250635198442545
13.250450000001724,0.2496325486370985
13.252120000001725,0.24862989883165199
13.253790000001725,0.24762724902619837
13.255460000001726,0.24662459922075186
13.257130000001727,0.24562194941530535
13.258800000001727,0.24461929960985884
13.260470000001728,0.24361664980440878
13.262140000001729,0.24261399999896227
13.26381000000173,0.24161135019351576
13.26548000000173,0.2406087003880657
13.267150000001731,0.2396060505826192
13.268820000001732,0.23860340077717268
13.270490000001733,0.23760075097172262
13.272160000001733,0.2365981011662761
13.273830000001734,0.23559545136082605
13.275500000001735,0.23459280155537954
13.277170000001735,0.23359015174992948
13.278840000001736,0.23258750194448297
13.280510000001737,0.23158485213903646
13.282180000001738,0.2305822023335864
13.283850000001738,0.22957955252813989
13.285520000001739,0.22857690272269338
13.28719000000174,0.2275742529172433
13.28886000000174,0.2265716031117968
13.290530000001741,0.2255689533063503
13.292200000001742,0.22456630350090023
13.293870000001743,0.22356365369545017
13.295540000001743,0.22256100389000366
13.297210000001744,0.22155835408455715
13.298880000001745,0.2205557042791071
13.300550000001746,0.21955305447366058
13.302220000001746,0.21855040466821407
13.303890000001747,0.217547754862764
13.305560000001748,0.2165451050573175
13.307230000001748,0.215542455251871
13.30890000000175,0.21453980544642448
13.31057000000175,0.21353715564097087
13.31224000000175,0.21253450583552436
13.313910000001751,0.21153185603007785
13.315580000001752,0.21052920622462779
13.317250000001753,0.20952655641918128
13.318920000001754,0.20852390661373477
13.320590000001754,0.2075212568082847
13.322260000001755,0.2065186070028382
13.323930000001756,0.20551595719739169
13.325600000001756,0.20451330739194518
13.327270000001757,0.20351065758649511
13.328940000001758,0.2025080077810486
13.330610000001759,0.20150535797559854
13.33228000000176,0.20050270817014848
13.33395000000176,0.19950005836470197
13.33562000000176,0.19849740855925546
13.337290000001762,0.1974947587538054
13.338960000001762,0.1964921089483589
13.340630000001763,0.19548945914291238
13.342300000001764,0.19448680933746587
13.343970000001764,0.1934841595320158
13.345640000001765,0.1924815097265693
13.347310000001766,0.1914788599211228
13.348980000001767,0.19047621011566918
13.350650000001767,0.18947356031022267
13.352320000001768,0.18847091050477616
13.353990000001769,0.1874682606993261
13.35566000000177,0.18646561089387959
13.35733000000177,0.1854634854358359
13.359000000001771,0.18446310679505729
13.360670000001772,0.18346272815427866
13.362340000001772,0.1824623495135036
13.364010000001773,0.18146197087272498
13.365680000001774,0.18046159223194636
13.367350000001775,0.1794612135911713
13.369020000001775,0.17846083495039622
13.370690000001776,0.17746045630961405
13.372360000001777,0.17646007766883898
13.374030000001778,0.1754596990280639
13.375700000001778,0.1744593203872853
13.377370000001779,0.17345894174650667
13.37904000000178,0.1724585631057316
13.38071000000178,0.17145818446495653
13.382380000001781,0.17045780582417436
13.384050000001782,0.1694574271833993
13.385720000001783,0.16845704854262422
13.387390000001783,0.1674566699018456
13.389060000001784,0.16645629126106698
13.390730000001785,0.1654559126202919
13.392400000001786,0.16445553397951684
13.394070000001786,0.16345515533873467
13.395740000001787,0.1624547766979596
13.397410000001788,0.16145439805718453
13.399080000001788,0.16045401941640236
13.40075000000179,0.1594536407756273
13.40242000000179,0.15845326213485222
13.40409000000179,0.15745288349407716
13.405760000001791,0.15645250485329498
13.407430000001792,0.15545212621251991
13.409100000001793,0.15445174757174485
13.410770000001794,0.15345136893096267
13.412440000001794,0.1524509902901876
13.414110000001795,0.15145061164941254
13.415780000001796,0.15045023300863392
13.417450000001796,0.1494498543678553
13.419120000001797,0.14844947572708023
13.420790000001798,0.14744909708630516
13.422460000001799,0.14644871844552299
13.4241300000018,0.14544833980474792
13.4258000000018,0.14444796116397285
13.4274700000018,0.14344758252319423
13.429140000001802,0.1424472038824156
13.430810000001802,0.14144682524164054
13.432480000001803,0.14044644660086192
13.434150000001804,0.1394460679600833
13.435820000001804,0.13844568931930823
13.437490000001805,0.13744531067853316
13.439160000001806,0.13644493203775454
13.440830000001807,0.13544455339697592
13.442500000001807,0.13444417475620085
13.444170000001808,0.13344379611542223
13.445840000001809,0.1324434174746436
13.44751000000181,0.13144303883386854
13.44918000000181,0.13044266019308992
13.450850000001811,0.12944228155231485
13.452520000001812,0.12844190291153623
13.454190000001812,0.12744152427076116
13.455860000001813,0.12644114562998254
13.457530000001814,0.12544076698920392
13.459200000001815,0.12444038834842885
13.460870000001815,0.12344000970765023
13.462540000001816,0.12243963106687517
13.464210000001817,0.12143925242609654
13.465880000001818,0.12043887378531792
13.467550000001818,0.11943849514454286
13.469220000001819,0.11843811650376423
13.47089000000182,0.11743773786298917
13.47256000000182,0.11643735922221055
13.474230000001821,0.11543698058143548
13.475900000001822,0.11443660194065686
13.477570000001823,0.11343622329987824
13.479240000001823,0.11243584465910317
13.480910000001824,0.11143546601832455
13.482580000001825,0.11043508737754593
13.484250000001825,0.10943470873677086
13.485920000001826,0.10843433009599579
13.487590000001827,0.10743395145521717
13.489260000001828,0.10643357281443855
13.490930000001828,0.10543319417366348
13.49260000000183,0.10443281553288486
13.49427000000183,0.10343243689210624
13.49594000000183,0.10243205825133117
13.497610000001831,0.1014316796105561
13.499280000001832,0.10043130096977393
13.500950000001833,0.10009500000018434
13.502620000001833,0.10026200000018548
13.504290000001834,0.10042900000018307
13.505960000001835,0.1005960000001842
13.507630000001836,0.10076300000018534
13.509300000001836,0.10093000000018293
13.510970000001837,0.10109700000018762
13.512640000001838,0.1012640000001852
13.514310000001839,0.10143100000018279
13.51598000000184,0.10159800000018748
13.51765000000184,0.10176500000018507
13.51932000000184,0.10193200000018621
13.520990000001841,0.10209900000018379
13.522660000001842,0.10226600000018493
13.524330000001843,0.10243300000018607
13.526000000001844,0.10260000000018366
13.527670000001844,0.10276700000018835
13.529340000001845,0.10293400000018593
13.531010000001846,0.10310100000018352
13.532680000001847,0.10326800000018821
13.534350000001847,0.1034350000001858
13.536020000001848,0.10360200000018693
13.537690000001849,0.10376900000018452
13.53936000000185,0.10393600000018566
13.54103000000185,0.1041030000001868
13.542700000001851,0.10427000000018438
13.544370000001852,0.10443700000018907
13.546040000001852,0.10460400000018666
13.547710000001853,0.10477100000018424
13.549380000001854,0.10493800000018894
13.551050000001855,0.10510500000018652
13.552720000001855,0.10527200000018766
13.554390000001856,0.10543900000018525
13.556060000001857,0.10560600000018638
13.557730000001857,0.10577300000018752
13.559400000001858,0.10594000000018511
13.561070000001859,0.1061070000001898
13.56274000000186,0.10627400000018739
13.56441000000186,0.10644100000018497
13.566080000001861,0.10660800000018966
13.567750000001862,0.10677500000018725
13.569420000001863,0.10694200000018839
13.571090000001863,0.10710900000018597
13.572760000001864,0.10727600000018711
13.574430000001865,0.10744300000018825
13.576100000001865,0.10761000000018583
13.577770000001866,0.10777700000019053
13.579440000001867,0.10794400000018811
13.581110000001868,0.1081110000001857
13.582780000001868,0.10827800000019039
13.584450000001869,0.10844500000018797
13.58612000000187,0.10861200000018911
13.58779000000187,0.1087790000001867
13.589460000001871,0.10894600000018784
13.591130000001872,0.10911300000018898
13.592800000001873,0.10928000000018656
13.594470000001873,0.10944700000019125
13.596140000001874,0.10961400000018884
13.597810000001875,0.10978100000018642
13.599480000001876,0.10994800000019112
13.601150000001876,0.1101150000001887
13.602820000001877,0.11028200000018984
13.604490000001878,0.11044900000018743
13.606160000001879,0.11061600000018856
13.60783000000188,0.1107830000001897
13.60950000000188,0.11095000000018729
13.61117000000188,0.11111700000019198
13.612840000001881,0.11128400000018956
13.614510000001882,0.11145100000018715
13.616180000001883,0.11161800000019184
13.617850000001884,0.11178500000018943
13.619520000001884,0.11195200000019057
13.621190000001885,0.11211900000018815
13.622860000001886,0.11228600000018929
13.624530000001887,0.11245300000019043
13.626200000001887,0.11262000000018801
13.627870000001888,0.1127870000001927
13.629540000001889,0.11295400000019029
13.63121000000189,0.11312100000018788
13.63288000000189,0.11328800000018902
13.63455000000189,0.11345500000019015
13.636220000001892,0.11362200000019129
13.637890000001892,0.11378900000018888
13.639560000001893,0.11395600000019002
13.641230000001894,0.11412300000019115
13.642900000001895,0.11429000000018874
13.644570000001895,0.11445700000019343
13.646240000001896,0.11462400000019102
13.647910000001897,0.1147910000001886
13.649580000001897,0.11495800000018974
13.651250000001898,0.11512500000019088
13.652920000001899,0.11529200000019202
13.6545900000019,0.1154590000001896
13.6562600000019,0.11562600000019074
13.657930000001901,0.11579300000019188
13.659600000001902,0.11596000000018947
13.661270000001903,0.11612700000019416
13.662940000001903,0.11629400000019174
13.664610000001904,0.11646100000018933
13.666280000001905,0.11662800000019047
13.667950000001905,0.1167950000001916
13.669620000001906,0.11696200000018919
13.671290000001907,0.11712900000019033
13.672960000001908,0.11729600000019147
13.674630000001908,0.11746300000019261
13.676300000001909,0.1176300000001902
13.67797000000191,0.11779700000019133
13.67964000000191,0.11796400000019247
13.681310000001911,0.11813100000019006
13.682980000001912,0.1182980000001912
13.684650000001913,0.11846500000019233
13.686320000001913,0.11863200000018992
13.687990000001914,0.11879900000019106
13.689660000001915,0.1189660000001922
13.691330000001916,0.11913300000019333
13.693000000001916,0.11930000000019092
13.694670000001917,0.11946700000019206
13.696340000001918,0.1196340000001932
13.698010000001918,0.11980100000019078
13.69968000000192,0.11996800000019192
13.70135000000192,0.12013500000019306
13.70302000000192,0.12030200000019065
13.704690000001921,0.12046900000019178
13.706360000001922,0.12063600000019292
13.708030000001923,0.12080300000019406
13.709700000001924,0.12097000000019165
13.711370000001924,0.12113700000019278
13.713040000001925,0.12130400000019392
13.714710000001926,0.12147100000019151
13.716380000001926,0.12163800000019265
13.718050000001927,0.12180500000019379
13.719720000001928,0.12197200000019137
13.721390000001929,0.12213900000019251
13.72306000000193,0.12230600000019365
13.72473000000193,0.12247300000019479
13.72640000000193,0.12264000000019237
13.728070000001932,0.12280700000019351
13.729740000001932,0.12297400000019465
13.731410000001933,0.12314100000019224
13.733080000001934,0.12330800000019337
13.734750000001934,0.12347500000019451
13.736420000001935,0.1236420000001921
13.738090000001936,0.12380900000019324
13.739760000001937,0.12397600000019438
13.741430000001937,0.12414300000019551
13.743100000001938,0.1243100000001931
13.744770000001939,0.12447700000019424
13.74644000000194,0.12464400000019538
13.74811000000194,0.12481100000019296
13.749780000001941,0.1249780000001941
13.751450000001942,0.12514500000019524
13.753120000001942,0.12531200000019282
13.754790000001943,0.12547900000019396
13.756460000001944,0.1256460000001951
13.758130000001945,0.12581300000019624
13.759800000001945,0.12598000000019383
13.761470000001946,0.12614700000019496
13.763140000001947,0.1263140000001961
13.764810000001948,0.1264810000001937
13.766480000001948,0.12664800000019483
13.768150000001949,0.12681500000019597
13.76982000000195,0.12698200000019355
13.77149000000195,0.1271490000001947
13.773160000001951,0.12731600000019583
13.774830000001952,0.12748300000019697
13.776500000001953,0.12765000000019455
13.778170000001953,0.1278170000001957
13.779840000001954,0.12798400000019683
13.781510000001955,0.12815100000019441
13.783180000001956,0.12831800000019555
13.784850000001956,0.1284850000001967
13.786520000001957,0.12865200000019428
13.788190000001958,0.12881900000019542
13.789860000001958,0.12898600000019655
13.79153000000196,0.1291530000001977
13.79320000000196,0.12932000000019528
13.79487000000196,0.12948700000019642
13.796540000001961,0.12965400000019756
13.798210000001962,0.12982100000019514
13.799880000001963,0.12998800000019628
13.801550000001964,0.13015500000019742
13.803220000001964,0.130322000000195
13.804890000001965,0.13048900000019614
13.806560000001966,0.13065600000019728
13.808230000001966,0.13082300000019842
13.809900000001967,0.130990000000196
13.811570000001968,0.13115700000019714
13.813240000001969,0.13132400000019828
13.81491000000197,0.13149100000019587
13.81658000000197,0.131658000000197
13.81825000000197,0.13182500000019814
13.819920000001972,0.13199200000019573
13.821590000001972,0.13215900000019687
13.823260000001973,0.132326000000198
13.824930000001974,0.13249300000019915
13.826600000001974,0.13266000000019673
13.828270000001975,0.13282700000019787
13.829940000001976,0.132994000000199
13.831610000001977,0.1331610000001966
13.833280000001977,0.13332800000019418
13.834950000001978,0.13349500000019887
13.836620000001979,0.13366200000019646
13.83829000000198,0.1338290000001976
13.83996000000198,0.13399600000019873
13.841630000001981,0.13416300000019632
13.843300000001982,0.13433000000019746
13.844970000001982,0.1344970000001986
13.846640000001983,0.13466400000019974
13.848310000001984,0.13483100000019732
13.849980000001985,0.1349980000001949
13.851650000001985,0.1351650000001996
13.853320000001986,0.13533200000019718
13.854990000001987,0.13549900000019832
13.856660000001987,0.13566600000019946
13.858330000001988,0.13583300000019705
13.860000000001989,0.13600000000019818
13.86167000000199,0.13616700000019932
13.86334000000199,0.13633400000020046
13.865010000001991,0.13650100000019805
13.866680000001992,0.13666800000019563
13.868350000001993,0.13683500000020032
13.870020000001993,0.1370020000001979
13.871690000001994,0.13716900000019905
13.873360000001995,0.1373360000002002
13.875030000001995,0.13750300000019777
13.876700000001996,0.1376700000001989
13.878370000001997,0.1378370000001965
13.880040000001998,0.1380040000002012
13.881710000001998,0.13817100000019877
13.883380000002,0.13833800000019636
13.885050000002,0.13850500000020105
13.886720000002,0.13867200000019864
13.888390000002001,0.13883900000019977
13.890060000002002,0.1390060000002009
13.891730000002003,0.1391730000001985
13.893400000002003,0.13934000000019964
13.895070000002004,0.13950700000019722
13.896740000002005,0.13967400000020191
13.898410000002006,0.1398410000001995
13.900080000002006,0.14000800000019709
13.901750000002007,0.14017500000020178
13.903420000002008,0.14034200000019936
13.905090000002009,0.1405090000002005
13.90676000000201,0.14067600000020164
13.90843000000201,0.14084300000019923
13.91010000000201,0.14101000000020036
13.911770000002011,0.14117700000019795
13.913440000002012,0.14134400000020264
13.915110000002013,0.14151100000020023
13.916780000002014,0.1416780000001978
13.918450000002014,0.1418450000002025
13.920120000002015,0.1420120000002001
13.921790000002016,0.14217900000020123
13.923460000002017,0.14234600000020237
13.925130000002017,0.14251300000019995
13.926800000002018,0.1426800000002011
13.928470000002019,0.14284700000019868
13.93014000000202,0.14301400000020337
13.93181000000202,0.14318100000020095
13.933480000002021,0.14334800000019854
13.935150000002022,0.14351500000020323
13.936820000002022,0.14368200000020082
13.938490000002023,0.14384900000020195
13.940160000002024,0.1440160000002031
13.941830000002025,0.14418300000020068
13.943500000002025,0.14435000000020182
13.945170000002026,0.1445170000001994
13.946840000002027,0.1446840000002041
13.948510000002027,0.14485100000020168
13.950180000002028,0.14501800000019927
13.951850000002029,0.14518500000020396
13.95352000000203,0.14535200000020154
13.95519000000203,0.14551900000020268
13.956860000002031,0.14568600000020382
13.958530000002032,0.1458530000002014
13.960200000002033,0.14602000000020254
13.961870000002033,0.14618700000020013
13.963540000002034,0.14635400000020482
13.965210000002035,0.1465210000002024
13.966880000002035,0.1466880000002
13.968550000002036,0.14685500000020468
13.970220000002037,0.14702200000020227
13.971890000002038,0.1471890000002034
13.973560000002038,0.14735600000020455
13.975230000002039,0.14752300000020213
13.97690000000204,0.14769000000020327
13.97857000000204,0.14785700000020086
13.980240000002041,0.14802400000020555
13.981910000002042,0.14819100000020313
13.983580000002043,0.14835800000020072
13.985250000002043,0.1485250000002054
13.986920000002044,0.148692000000203
13.988590000002045,0.14885900000020413
13.990260000002046,0.14902600000020527
13.991930000002046,0.14919300000020286
13.993600000002047,0.149360000000204
13.995270000002048,0.14952700000020158
13.996940000002049,0.14969400000020627
13.99861000000205,0.14986100000020386
14.00028000000205,0.15002800000020144
14.00195000000205,0.15019500000020614
14.003620000002051,0.15036200000020372
14.005290000002052,0.15052900000020486
14.006960000002053,0.150696000000206
14.008630000002054,0.15086300000020358
14.010300000002054,0.15103000000020472
14.011970000002055,0.1511970000002023
14.013640000002056,0.151364000000207
14.015310000002057,0.15153100000020459
14.016980000002057,0.15169800000020217
14.018650000002058,0.15186500000020686
14.020320000002059,0.15203200000020445
14.02199000000206,0.1521990000002056
14.02366000000206,0.15236600000020672
14.02533000000206,0.1525330000002043
14.027000000002062,0.15270000000020545
14.028670000002062,0.15286700000020303
14.030340000002063,0.15303400000020773
14.032010000002064,0.1532010000002053
14.033680000002065,0.1533680000002029
14.035350000002065,0.1535350000002076
14.037020000002066,0.15370200000020517
14.038690000002067,0.1538690000002063
14.040360000002067,0.15403600000020745
14.042030000002068,0.15420300000020504
14.043700000002069,0.15437000000020618
14.04537000000207,0.15453700000020376
14.04704000000207,0.15470400000020845
14.048710000002071,0.15487100000020604
14.050380000002072,0.15503800000020362
14.052050000002072,0.15520500000020832
14.053720000002073,0.1553720000002059
14.055390000002074,0.15553900000020704
14.057060000002075,0.15570600000020818
14.058730000002075,0.15587300000020576
14.060400000002076,0.1560400000002069
14.062070000002077,0.1562070000002045
14.063740000002078,0.15637400000020918
14.065410000002078,0.15654100000020676
14.067080000002079,0.15670800000020435
14.06875000000208,0.15687500000020904
14.07042000000208,0.15704200000020663
14.072090000002081,0.15720900000020777
14.073760000002082,0.1573760000002089
14.075430000002083,0.1575430000002065
14.077100000002083,0.15771000000020763
14.078770000002084,0.15787700000020521
14.080440000002085,0.1580440000002099
14.082110000002086,0.1582110000002075
14.083780000002086,0.15837800000020508
14.085450000002087,0.15854500000020977
14.087120000002088,0.15871200000020735
14.088790000002088,0.1588790000002085
14.09046000000209,0.15904600000020963
14.09213000000209,0.15921300000020722
14.09380000000209,0.15938000000020836
14.095470000002091,0.15954700000020594
14.097140000002092,0.15971400000021063
14.098810000002093,0.15988100000020822
14.100480000002094,0.1600480000002058
14.102150000002094,0.1602150000002105
14.103820000002095,0.16038200000020808
14.105490000002096,0.16054900000020922
14.107160000002096,0.16071600000021036
14.108830000002097,0.16088300000020794
14.110500000002098,0.16105000000020908
14.112170000002099,0.16121700000020667
14.1138400000021,0.16138400000021136
14.1155100000021,0.16155100000020894
14.1171800000021,0.16171800000020653
14.118850000002102,0.16188500000021122
14.120520000002102,0.1620520000002088
14.122190000002103,0.16221900000020995
14.123860000002104,0.16238600000021108
14.125530000002104,0.16255300000020867
14.127200000002105,0.1627200000002098
14.128870000002106,0.1628870000002074
14.130540000002107,0.16305400000021208
14.132210000002107,0.16322100000020967
14.133880000002108,0.16338800000020726
14.135550000002109,0.16355500000021195
14.13722000000211,0.16372200000020953
14.13889000000211,0.16388900000021067
14.140560000002111,0.16405600000020826
14.142230000002112,0.1642230000002094
14.143900000002112,0.16439000000021053
14.145570000002113,0.16455700000020812
14.147240000002114,0.1647240000002128
14.148910000002115,0.1648910000002104
14.150580000002115,0.16505800000020798
14.152250000002116,0.16522500000021267
14.153920000002117,0.16539200000021026
14.155590000002118,0.1655590000002114
14.157260000002118,0.16572600000020898
14.158930000002119,0.16589300000021012
14.16060000000212,0.16606000000021126
14.16227000000212,0.16622700000020885
14.163940000002121,0.16639400000021354
14.165610000002122,0.16656100000021112
14.167280000002123,0.1667280000002087
14.168950000002123,0.1668950000002134
14.170620000002124,0.167062000000211
14.172290000002125,0.16722900000021212
14.173960000002126,0.1673960000002097
14.175630000002126,0.16756300000021085
14.177300000002127,0.167730000000212
14.178970000002128,0.16789700000020957
14.180640000002128,0.16806400000021426
14.18231000000213,0.16823100000021185
14.18398000000213,0.16839800000020944
14.18565000000213,0.16856500000021413
14.187320000002131,0.1687320000002117
14.188990000002132,0.16889900000021285
14.190660000002133,0.16906600000021044
14.192330000002134,0.16923300000021158
14.194000000002134,0.1694000000002127
14.195670000002135,0.1695670000002103
14.197340000002136,0.169734000000215
14.199010000002136,0.16990100000021258
14.200680000002137,0.17006800000021016
14.202350000002138,0.17023500000021485
14.204020000002139,0.17040200000021244
14.20569000000214,0.17056900000021358
14.20736000000214,0.17073600000021116
14.20903000000214,0.1709030000002123
14.210700000002142,0.17107000000021344
14.212370000002142,0.17123700000021103
14.214040000002143,0.17140400000021572
14.215710000002144,0.1715710000002133
14.217380000002144,0.1717380000002109
14.219050000002145,0.17190500000021558
14.220720000002146,0.17207200000021317
14.222390000002147,0.1722390000002143
14.224060000002147,0.1724060000002119
14.225730000002148,0.17257300000021303
14.227400000002149,0.17274000000021417
14.22907000000215,0.17290700000021175
14.23074000000215,0.17307400000021644
14.232410000002151,0.17324100000021403
14.234080000002152,0.17340800000021162
14.235750000002152,0.1735750000002163
14.237420000002153,0.1737420000002139
14.239090000002154,0.17390900000021503
14.240760000002155,0.17407600000021262
14.242430000002155,0.17424300000021375
14.244100000002156,0.1744100000002149
14.245770000002157,0.17457700000021248
14.247440000002157,0.17474400000021717
14.249110000002158,0.17491100000021476
14.250780000002159,0.17507800000021234
14.25245000000216,0.17524500000021703
14.25412000000216,0.17541200000021462
14.255790000002161,0.17557900000021576
14.257460000002162,0.17574600000021334
14.259130000002163,0.17591300000021803
14.260800000002163,0.17608000000021562
14.262470000002164,0.1762470000002132
14.264140000002165,0.1764140000002179
14.265810000002165,0.17658100000021548
14.267480000002166,0.17674800000021662
14.269150000002167,0.17691500000021776
14.270820000002168,0.17708200000021534
14.272490000002168,0.17724900000021648
14.27416000000217,0.17741600000021407
14.27583000000217,0.17758300000021876
14.27750000000217,0.17775000000021635
14.279170000002171,0.17791700000021393
14.280840000002172,0.17808400000021862
14.282510000002173,0.1782510000002162
14.284180000002173,0.17841800000021735
14.285850000002174,0.17858500000021849
14.287520000002175,0.17875200000021607
14.289190000002176,0.1789190000002172
14.290860000002176,0.1790860000002148
14.292530000002177,0.1792530000002195
14.294200000002178,0.17942000000021707
14.295870000002179,0.17958700000021466
14.29754000000218,0.17975400000021935
14.29921000000218,0.17992100000021694
14.30088000000218,0.18008800000021807
14.302550000002181,0.1802550000002192
14.304220000002182,0.1804220000002168
14.305890000002183,0.18058900000021794
14.307560000002184,0.18075600000021552
14.309230000002184,0.1809230000002202
14.310900000002185,0.1810900000002178
14.312570000002186,0.18125700000021538
14.314240000002187,0.18142400000022008
14.315910000002187,0.18159100000021766
14.317580000002188,0.1817580000002188
14.319250000002189,0.18192500000021994
14.32092000000219,0.18209200000021752
14.32259000000219,0.18225900000021866
14.324260000002191,0.18242600000021625
14.325930000002192,0.18259300000022094
14.327600000002192,0.18276000000021853
14.329270000002193,0.1829270000002161
14.330940000002194,0.1830940000002208
14.332610000002195,0.1832610000002184
14.334280000002195,0.18342800000021953
14.335950000002196,0.18359500000022067
14.337620000002197,0.18376200000021825
14.339290000002197,0.1839290000002194
14.340960000002198,0.18409600000021697
14.342630000002199,0.18426300000022167
14.3443000000022,0.18443000000021925
14.3459700000022,0.18459700000021684
14.347640000002201,0.18476400000022153
14.349310000002202,0.18493100000021911
14.350980000002203,0.18509800000022025
14.352650000002203,0.1852650000002214
14.354320000002204,0.18543200000021898
14.355990000002205,0.18559900000022012
14.357660000002205,0.1857660000002177
14.359330000002206,0.1859330000002224
14.361000000002207,0.18610000000021998
14.362670000002208,0.18626700000021756
14.364340000002208,0.18643400000022226
14.366010000002209,0.18660100000021984
14.36768000000221,0.18676800000022098
14.36935000000221,0.18693500000022212
14.371020000002211,0.1871020000002197
14.372690000002212,0.18726900000022084
14.374360000002213,0.18743600000021843
14.376030000002213,0.18760300000022312
14.377700000002214,0.1877700000002207
14.379370000002215,0.1879370000002183
14.381040000002216,0.18810400000022298
14.382710000002216,0.18827100000022057
14.384380000002217,0.1884380000002217
14.386050000002218,0.1886050000002193
14.387720000002219,0.18877200000022043
14.38939000000222,0.18893900000022157
14.39106000000222,0.18910600000021915
14.39273000000222,0.18927300000022385
14.394400000002221,0.18944000000022143
14.396070000002222,0.18960700000021902
14.397740000002223,0.1897740000002237
14.399410000002224,0.1899410000002213
14.401080000002224,0.19010800000022243
14.402750000002225,0.19027500000022002
14.404420000002226,0.19044200000022116
14.406090000002227,0.1906090000002223
14.407760000002227,0.19077600000021988
14.409430000002228,0.19094300000022457
14.411100000002229,0.19111000000022216
14.41277000000223,0.19127700000021974
14.41444000000223,0.19144400000022443
14.41611000000223,0.19161100000022202
14.417780000002232,0.19177800000022316
14.419450000002232,0.19194500000022074
14.421120000002233,0.19211200000022188
14.422790000002234,0.19227900000022302
14.424460000002234,0.1924460000002206
14.426130000002235,0.1926130000002253
14.427800000002236,0.19278000000022288
14.429470000002237,0.19294700000022047
14.431140000002237,0.19311400000022516
14.432810000002238,0.19328100000022275
14.434480000002239,0.19344800000022389
14.43615000000224,0.19361500000022147
14.43782000000224,0.1937820000002226
14.439490000002241,0.19394900000022375
14.441160000002242,0.19411600000022133
14.442830000002242,0.19428300000022602
14.444500000002243,0.1944500000002236
14.446170000002244,0.1946170000002212
14.447840000002245,0.1947840000002259
14.449510000002245,0.19495100000022347
14.451180000002246,0.1951180000002246
14.452850000002247,0.1952850000002222
14.454520000002248,0.19545200000022334
14.456190000002248,0.19561900000022447
14.457860000002249,0.19578600000022206
14.45953000000225,0.19595300000022675
14.46120000000225,0.19612000000022434
14.462870000002251,0.19628700000022192
14.464540000002252,0.19645400000022661
14.466210000002253,0.1966210000002242
14.467880000002253,0.19678800000022534
14.469550000002254,0.19695500000022292
14.471220000002255,0.19712200000022406
14.472890000002256,0.1972890000002252
14.474560000002256,0.1974560000002228
14.476230000002257,0.19762300000022748
14.477900000002258,0.19779000000022506
14.479570000002258,0.19795700000022265
14.48124000000226,0.19812400000022734
14.48291000000226,0.19829100000022493
14.48458000000226,0.19845800000022606
14.486250000002261,0.19862500000022365
14.487920000002262,0.1987920000002248
14.489590000002263,0.19895900000022593
14.491260000002264,0.1991260000002235
14.492930000002264,0.1992930000002282
14.494600000002265,0.1994600000002258
14.496270000002266,0.19962700000022338
14.497940000002266,0.19979400000022807
14.499610000002267,0.19996100000022565
14.501280000002268,0.1999999999999993
14.502950000002269,0.1999999999999993
14.50462000000227,0.1999999999999993
14.50629000000227,0.1999999999999993
14.50796000000227,0.1999999999999993
14.509630000002272,0.1999999999999993
14.511300000002272,0.1999999999999993
14.512970000002273,0.1999999999999993
14.514640000002274,0.1999999999999993
14.516310000002274,0.1999999999999993
14.517980000002275,0.1999999999999993
14.519650000002276,0.1999999999999993
14.521320000002277,0.1999999999999993
14.522990000002277,0.1999999999999993
14.524660000002278,0.1999999999999993
14.526330000002279,0.1999999999999993
14.52800000000228,0.1999999999999993
14.52967000000228,0.1999999999999993
14.531340000002281,0.1999999999999993
14.533010000002282,0.1999999999999993
14.534680000002282,0.1999999999999993
14.536350000002283,0.1999999999999993
14.538020000002284,0.1999999999999993
14.539690000002285,0.1999999999999993
14.541360000002285,0.1999999999999993
14.543030000002286,0.1999999999999993
14.544700000002287,0.1999999999999993
14.546370000002288,0.1999999999999993
14.548040000002288,0.1999999999999993
14.549710000002289,0.1999999999999993
14.55138000000229,0.1999999999999993
14.55305000000229,0.1999999999999993
14.554720000002291,0.1999999999999993
14.556390000002292,0.1999999999999993
14.558060000002293,0.1999999999999993
14.559730000002293,0.1999999999999993
14.561400000002294,0.1999999999999993
14.563070000002295,0.1999999999999993
14.564740000002296,0.1999999999999993
14.566410000002296,0.1999999999999993
14.568080000002297,0.1999999999999993
14.569750000002298,0.1999999999999993
14.571420000002298,0.1999999999999993
14.5730900000023,0.1999999999999993
14.5747600000023,0.1999999999999993
14.5764300000023,0.1999999999999993
14.578100000002301,0.1999999999999993
14.579770000002302,0.1999999999999993
14.581440000002303,0.1999999999999993
14.583110000002304,0.1999999999999993
14.584780000002304,0.1999999999999993
14.586450000002305,0.1999999999999993
14.588120000002306,0.1999999999999993
14.589790000002306,0.1999999999999993
14.591460000002307,0.1999999999999993
14.593130000002308,0.1999999999999993
14.594800000002309,0.1999999999999993
14.59647000000231,0.1999999999999993
14.59814000000231,0.1999999999999993
14.59981000000231,0.1999999999999993
14.601480000002311,0.1999999999999993
14.603150000002312,0.1999999999999993
14.604820000002313,0.1999999999999993
14.606490000002314,0.1999999999999993
14.608160000002314,0.1999999999999993
14.609830000002315,0.1999999999999993
14.611500000002316,0.1999999999999993
14.613170000002317,0.1999999999999993
14.614840000002317,0.1999999999999993
14.616510000002318,0.1999999999999993
14.618180000002319,0.1999999999999993
14.61985000000232,0.1999999999999993
14.62152000000232,0.1999999999999993
14.623190000002321,0.1999999999999993
14.624860000002322,0.1999999999999993
14.626530000002322,0.1999999999999993
14.628200000002323,0.1999999999999993
14.629870000002324,0.1999999999999993
14.631540000002325,0.1999999999999993
14.633210000002325,0.1999999999999993
14.634880000002326,0.1999999999999993
14.636550000002327,0.1999999999999993
14.638220000002327,0.1999999999999993
14.639890000002328,0.1999999999999993
14.641560000002329,0.1999999999999993
14.64323000000233,0.1999999999999993
14.64490000000233,0.1999999999999993
14.646570000002331,0.1999999999999993
14.648240000002332,0.1999999999999993
14.649910000002333,0.1999999999999993
14.651580000002333,0.1999999999999993
14.653250000002334,0.1999999999999993
14.654920000002335,0.1999999999999993
14.656590000002335,0.1999999999999993
14.658260000002336,0.1999999999999993
14.659930000002337,0.1999999999999993
14.661600000002338,0.1999999999999993
14.663270000002338,0.1999999999999993
14.664940000002339,0.1999999999999993
14.66661000000234,0.1999999999999993
14.66828000000234,0.1999999999999993
14.669950000002341,0.1999999999999993
14.671620000002342,0.1999999999999993
14.673290000002343,0.1999999999999993
14.674960000002343,0.1999999999999993
14.676630000002344,0.1999999999999993
14.678300000002345,0.1999999999999993
14.679970000002346,0.1999999999999993
14.681640000002346,0.1999999999999993
14.683310000002347,0.1999999999999993
14.684980000002348,0.1999999999999993
14.686650000002349,0.1999999999999993
14.68832000000235,0.1999999999999993
14.68999000000235,0.1999999999999993
14.69166000000235,0.1999999999999993
14.693330000002351,0.1999999999999993
14.695000000002352,0.1999999999999993
14.696670000002353,0.1999999999999993
14.698340000002354,0.1999999999999993
14.700010000002354,0.1999999999999993
14.701680000002355,0.1999999999999993
14.703350000002356,0.1999999999999993
14.705020000002357,0.1999999999999993
14.706690000002357,0.1999999999999993
14.708360000002358,0.1999999999999993
14.710030000002359,0.1999999999999993
14.71170000000236,0.1999999999999993
14.71337000000236,0.1999999999999993
14.715040000002361,0.1999999999999993
14.716710000002362,0.1999999999999993
14.718380000002362,0.1999999999999993
14.720050000002363,0.1999999999999993
14.721720000002364,0.1999999999999993
14.723390000002365,0.1999999999999993
14.725060000002365,0.1999999999999993
14.726730000002366,0.1999999999999993
14.728400000002367,0.1999999999999993
14.730070000002367,0.1999999999999993
14.731740000002368,0.1999999999999993
14.733410000002369,0.1999999999999993
14.73508000000237,0.1999999999999993
14.73675000000237,0.1999999999999993
14.738420000002371,0.1999999999999993
14.740090000002372,0.1999999999999993
14.741760000002373,0.1999999999999993
14.743430000002373,0.1999999999999993
14.745100000002374,0.1999999999999993
14.746770000002375,0.1999999999999993
14.748440000002375,0.1999999999999993
14.750110000002376,0.1999999999999993
14.751780000002377,0.1999999999999993
14.753450000002378,0.1999999999999993
14.755120000002378,0.1999999999999993
14.756790000002379,0.1999999999999993
14.75846000000238,0.1999999999999993
14.76013000000238,0.1999999999999993
14.761800000002381,0.1999999999999993
14.763470000002382,0.1999999999999993
14.765140000002383,0.1999999999999993
14.766810000002383,0.1999999999999993
14.768480000002384,0.1999999999999993
14.770150000002385,0.1999999999999993
14.771820000002386,0.1999999999999993
14.773490000002386,0.1999999999999993
14.775160000002387,0.1999999999999993
14.776830000002388,0.1999999999999993
14.778500000002389,0.1999999999999993
14.78017000000239,0.1999999999999993
14.78184000000239,0.1999999999999993
14.78351000000239,0.1999999999999993
14.785180000002391,0.1999999999999993
14.786850000002392,0.1999999999999993
14.788520000002393,0.1999999999999993
14.790190000002394,0.1999999999999993
14.791860000002394,0.1999999999999993
14.793530000002395,0.1999999999999993
14.795200000002396,0.1999999999999993
14.796870000002396,0.1999999999999993
14.798540000002397,0.1999999999999993
14.800210000002398,0.1999999999999993
14.801880000002399,0.1999999999999993
14.8035500000024,0.1999999999999993
14.8052200000024,0.1999999999999993
14.8068900000024,0.1999999999999993
14.808560000002402,0.1999999999999993
14.810230000002402,0.1999999999999993
14.811900000002403,0.1999999999999993
14.813570000002404,0.1999999999999993
14.815240000002404,0.1999999999999993
14.816910000002405,0.1999999999999993
14.818580000002406,0.1999999999999993
14.820250000002407,0.1999999999999993
14.821920000002407,0.1999999999999993
14.823590000002408,0.1999999999999993
14.825260000002409,0.1999999999999993
14.82693000000241,0.1999999999999993
14.82860000000241,0.1999999999999993
14.830270000002411,0.1999999999999993
14.831940000002412,0.20000000000000284
14.833610000002412,0.1999999999999993
14.835280000002413,0.1999999999999993
14.836950000002414,0.1999999999999993
14.838620000002415,0.1999999999999993
14.840290000002415,0.1999999999999993
14.841960000002416,0.1999999999999993
14.843630000002417,0.1999999999999993
14.845300000002418,0.1999999999999993
14.846970000002418,0.1999999999999993
14.848640000002419,0.1999999999999993
14.85031000000242,0.1999999999999993
14.85198000000242,0.1999999999999993
14.853650000002421,0.1999999999999993
14.855320000002422,0.1999999999999993
14.856990000002423,0.1999999999999993
14.858660000002423,0.1999999999999993
14.860330000002424,0.1999999999999993
14.862000000002425,0.1999999999999993
14.863670000002426,0.1999999999999993
14.865340000002426,0.1999999999999993
14.867010000002427,0.1999999999999993
14.868680000002428,0.1999999999999993
14.870350000002428,0.1999999999999993
14.87202000000243,0.1999999999999993
14.87369000000243,0.1999999999999993
14.87536000000243,0.1999999999999993
14.877030000002431,0.1999999999999993
14.878700000002432,0.1999999999999993
14.880370000002433,0.1999999999999993
14.882040000002434,0.1999999999999993
14.883710000002434,0.1999999999999993
14.885380000002435,0.1999999999999993
14.887050000002436,0.1999999999999993
14.888720000002436,0.1999999999999993
14.890390000002437,0.1999999999999993
14.892060000002438,0.1999999999999993
14.893730000002439,0.1999999999999993
14.89540000000244,0.1999999999999993
14.89707000000244,0.1999999999999993
14.89874000000244,0.1999999999999993
14.900410000002442,0.1999999999999993
14.902080000002442,0.1999999999999993
14.903750000002443,0.1999999999999993
14.905420000002444,0.1999999999999993
14.907090000002444,0.1999999999999993
14.908760000002445,0.1999999999999993
14.910430000002446,0.1999999999999993
14.912100000002447,0.1999999999999993
14.913770000002447,0.1999999999999993
14.915440000002448,0.1999999999999993
14.917110000002449,0.1999999999999993
14.91878000000245,0.1999999999999993
14.92045000000245,0.1999999999999993
14.922120000002451,0.1999999999999993
14.923790000002452,0.1999999999999993
14.925460000002452,0.1999999999999993
14.927130000002453,0.1999999999999993
14.928800000002454,0.1999999999999993
14.930470000002455,0.1999999999999993
14.932140000002455,0.1999999999999993
14.933810000002456,0.1999999999999993
14.935480000002457,0.1999999999999993
14.937150000002458,0.1999999999999993
14.938820000002458,0.1999999999999993
14.940490000002459,0.1999999999999993
14.94216000000246,0.1999999999999993
14.94383000000246,0.1999999999999993
14.945500000002461,0.1999999999999993
14.947170000002462,0.1999999999999993
14.948840000002463,0.1999999999999993
14.950510000002463,0.1999999999999993
14.952180000002464,0.1999999999999993
14.953850000002465,0.1999999999999993
14.955520000002466,0.1999999999999993
14.957190000002466,0.1999999999999993
14.958860000002467,0.1999999999999993
14.960530000002468,0.1999999999999993
14.962200000002468,0.1999999999999993
14.96387000000247,0.1999999999999993
14.96554000000247,0.1999999999999993
14.96721000000247,0.1999999999999993
14.968880000002471,0.1999999999999993
14.970550000002472,0.1999999999999993
14.972220000002473,0.1999999999999993
14.973890000002473,0.1999999999999993
14.975560000002474,0.1999999999999993
14.977230000002475,0.1999999999999993
14.978900000002476,0.1999999999999993
14.980570000002476,0.1999999999999993
14.982240000002477,0.1999999999999993
14.983910000002478,0.1999999999999993
14.985580000002479,0.1999999999999993
14.98725000000248,0.1999999999999993
14.98892000000248,0.1999999999999993
14.99059000000248,0.1999999999999993
14.992260000002481,0.1999999999999993
14.993930000002482,0.1999999999999993
14.995600000002483,0.1999999999999993
14.997270000002484,0.1999999999999993
14.998940000002484,0.1999999999999993
15.000610000002485,0.1999999999999993
15.002280000002486,0.1999999999999993
15.003950000002487,0.1999999999999993
15.005620000002487,0.1999999999999993
15.007290000002488,0.1999999999999993
15.008960000002489,0.1999999999999993
15.01063000000249,0.1999999999999993
15.01230000000249,0.1999999999999993
15.013970000002491,0.1999999999999993
15.015640000002492,0.1999999999999993
15.017310000002492,0.1999999999999993
15.018980000002493,0.1999999999999993
15.020650000002494,0.1999999999999993
15.022320000002495,0.1999999999999993
15.023990000002495,0.1999999999999993
15.025660000002496,0.1999999999999993
15.027330000002497,0.1999999999999993
15.029000000002497,0.1999999999999993
15.030670000002498,0.1999999999999993
15.032340000002499,0.1999999999999993
15.0340100000025,0.1999999999999993
15.0356800000025,0.1999999999999993
15.037350000002501,0.1999999999999993
15.039020000002502,0.1999999999999993
15.040690000002503,0.1999999999999993
15.042360000002503,0.1999999999999993
15.044030000002504,0.1999999999999993
15.045700000002505,0.1999999999999993
15.047370000002505,0.1999999999999993
15.049040000002506,0.1999999999999993
15.050710000002507,0.1999999999999993
15.052380000002508,0.1999999999999993
15.054050000002508,0.1999999999999993
15.055720000002509,0.1999999999999993
15.05739000000251,0.1999999999999993
15.05906000000251,0.1999999999999993
15.060730000002511,0.1999999999999993
15.062400000002512,0.1999999999999993
15.064070000002513,0.1999999999999993
15.065740000002513,0.1999999999999993
15.067410000002514,0.1999999999999993
15.069080000002515,0.1999999999999993
15.070750000002516,0.1999999999999993
15.072420000002516,0.1999999999999993
15.074090000002517,0.1999999999999993
15.075760000002518,0.1999999999999993
15.077430000002519,0.1999999999999993
15.07910000000252,0.1999999999999993
15.08077000000252,0.1999999999999993
15.08244000000252,0.1999999999999993
15.084110000002521,0.1999999999999993
15.085780000002522,0.1999999999999993
15.087450000002523,0.1999999999999993
15.089120000002524,0.1999999999999993
15.090790000002524,0.1999999999999993
15.092460000002525,0.1999999999999993
15.094130000002526,0.1999999999999993
15.095800000002527,0.1999999999999993
15.097470000002527,0.1999999999999993
15.099140000002528,0.1999999999999993
15.100810000002529,0.1999999999999993
15.10248000000253,0.1999999999999993
15.10415000000253,0.1999999999999993
15.105820000002531,0.1999999999999993
15.107490000002532,0.1999999999999993
15.109160000002532,0.1999999999999993
15.110830000002533,0.1999999999999993
15.112500000002534,0.1999999999999993
15.114170000002535,0.1999999999999993
15.115840000002535,0.1999999999999993
15.117510000002536,0.1999999999999993
15.119180000002537,0.1999999999999993
15.120850000002537,0.1999999999999993
15.122520000002538,0.1999999999999993
15.124190000002539,0.1999999999999993
15.12586000000254,0.1999999999999993
15.12753000000254,0.1999999999999993
15.129200000002541,0.1999999999999993
15.130870000002542,0.1999999999999993
15.132540000002543,0.1999999999999993
15.134210000002543,0.1999999999999993
15.135880000002544,0.1999999999999993
15.137550000002545,0.1999999999999993
15.139220000002545,0.1999999999999993
15.140890000002546,0.1999999999999993
15.142560000002547,0.1999999999999993
15.144230000002548,0.1999999999999993
15.145900000002548,0.1999999999999993
15.147570000002549,0.1999999999999993
15.14924000000255,0.1999999999999993
15.15091000000255,0.1999999999999993
15.152580000002551,0.1999999999999993
15.154250000002552,0.1999999999999993
15.155920000002553,0.1999999999999993
15.157590000002553,0.1999999999999993
15.159260000002554,0.1999999999999993
15.160930000002555,0.1999999999999993
15.162600000002556,0.1999999999999993
15.164270000002556,0.1999999999999993
15.165940000002557,0.1999999999999993
15.167610000002558,0.1999999999999993
15.169280000002558,0.1999999999999993
15.17095000000256,0.1999999999999993
15.17262000000256,0.1999999999999993
15.17429000000256,0.1999999999999993
15.175960000002561,0.1999999999999993
15.177630000002562,0.1999999999999993
15.179300000002563,0.1999999999999993
15.180970000002564,0.1999999999999993
15.182640000002564,0.1999999999999993
15.184310000002565,0.1999999999999993
15.185980000002566,0.1999999999999993
15.187650000002566,0.1999999999999993
15.189320000002567,0.1999999999999993
15.190990000002568,0.1999999999999993
15.192660000002569,0.1999999999999993
15.19433000000257,0.1999999999999993
15.19600000000257,0.1999999999999993
15.19767000000257,0.1999999999999993
15.199340000002572,0.1999999999999993
15.201010000002572,0.1999999999999993
15.202680000002573,0.1999999999999993
15.204350000002574,0.1999999999999993
15.206020000002574,0.1999999999999993
15.207690000002575,0.1999999999999993
15.209360000002576,0.1999999999999993
15.211030000002577,0.1999999999999993
15.212700000002577,0.1999999999999993
15.214370000002578,0.1999999999999993
15.216040000002579,0.1999999999999993
15.21771000000258,0.1999999999999993
15.21938000000258,0.1999999999999993
15.221050000002581,0.1999999999999993
15.222720000002582,0.1999999999999993
15.224390000002582,0.1999999999999993
15.226060000002583,0.1999999999999993
15.227730000002584,0.1999999999999993
15.229400000002585,0.1999999999999993
15.231070000002585,0.1999999999999993
15.232740000002586,0.1999999999999993
15.234410000002587,0.1999999999999993
15.236080000002588,0.1999999999999993
15.237750000002588,0.1999999999999993
15.239420000002589,0.1999999999999993
15.24109000000259,0.1999999999999993
15.24276000000259,0.1999999999999993
15.244430000002591,0.1999999999999993
15.246100000002592,0.1999999999999993
15.247770000002593,0.1999999999999993
15.249440000002593,0.20000000000000284
15.251110000002594,0.1999999999999993
15.252780000002595,0.1999999999999993
15.254450000002596,0.1999999999999993
15.256120000002596,0.1999999999999993
15.257790000002597,0.1999999999999993
15.259460000002598,0.1999999999999993
15.261130000002598,0.1999999999999993
15.2628000000026,0.1999999999999993
15.2644700000026,0.1999999999999993
15.2661400000026,0.1999999999999993
15.267810000002601,0.1999999999999993
15.269480000002602,0.1999999999999993
15.271150000002603,0.1999999999999993
15.272820000002604,0.1999999999999993
15.274490000002604,0.1999999999999993
15.276160000002605,0.1999999999999993
15.277830000002606,0.1999999999999993
15.279500000002606,0.1999999999999993
15.281170000002607,0.1999999999999993
15.282840000002608,0.1999999999999993
15.284510000002609,0.1999999999999993
15.28618000000261,0.1999999999999993
15.28785000000261,0.1999999999999993
15.28952000000261,0.1999999999999993
15.291190000002612,0.1999999999999993
15.292860000002612,0.1999999999999993
15.294530000002613,0.1999999999999993
15.296200000002614,0.1999999999999993
15.297870000002614,0.1999999999999993
15.299540000002615,0.1999999999999993
15.301210000002616,0.1999999999999993
15.302880000002617,0.1999999999999993
15.304550000002617,0.1999999999999993
15.306220000002618,0.1999999999999993
15.307890000002619,0.1999999999999993
15.30956000000262,0.1999999999999993
15.31123000000262,0.1999999999999993
15.312900000002621,0.1999999999999993
15.314570000002622,0.1999999999999993
15.316240000002622,0.1999999999999993
15.317910000002623,0.1999999999999993
15.319580000002624,0.1999999999999993
15.321250000002625,0.1999999999999993
15.322920000002625,0.1999999999999993
15.324590000002626,0.1999999999999993
15.326260000002627,0.1999999999999993
15.327930000002628,0.1999999999999993
15.329600000002628,0.1999999999999993
15.331270000002629,0.1999999999999993
15.33294000000263,0.1999999999999993
15.33461000000263,0.1999999999999993
15.336280000002631,0.1999999999999993
15.337950000002632,0.1999999999999993
15.339620000002633,0.1999999999999993
15.341290000002633,0.1999999999999993
15.342960000002634,0.1999999999999993
15.344630000002635,0.1999999999999993
15.346300000002635,0.1999999999999993
15.347970000002636,0.1999999999999993
15.349640000002637,0.1999999999999993
15.351310000002638,0.1999999999999993
15.352980000002638,0.1999999999999993
15.35465000000264,0.1999999999999993
15.35632000000264,0.1999999999999993
15.35799000000264,0.1999999999999993
15.359660000002641,0.1999999999999993
15.361330000002642,0.1999999999999993
15.363000000002643,0.1999999999999993
15.364670000002643,0.1999999999999993
15.366340000002644,0.1999999999999993
15.368010000002645,0.1999999999999993
15.369680000002646,0.1999999999999993
15.371350000002646,0.1999999999999993
15.373020000002647,0.1999999999999993
15.374690000002648,0.1999999999999993
15.376360000002649,0.1999999999999993
15.37803000000265,0.1999999999999993
15.37970000000265,0.1999999999999993
15.38137000000265,0.1999999999999993
15.383040000002651,0.1999999999999993
15.384710000002652,0.1999999999999993
15.386380000002653,0.1999999999999993
15.388050000002654,0.1999999999999993
15.389720000002654,0.1999999999999993
15.391390000002655,0.1999999999999993
15.393060000002656,0.1999999999999993
15.394730000002657,0.1999999999999993
15.396400000002657,0.1999999999999993
15.398070000002658,0.1999999999999993
15.399740000002659,0.1999999999999993
15.40141000000266,0.1999999999999993
15.40308000000266,0.1999999999999993
15.404750000002661,0.1999999999999993
15.406420000002662,0.1999999999999993
15.408090000002662,0.1999999999999993
15.409760000002663,0.1999999999999993
15.411430000002664,0.1999999999999993
15.413100000002665,0.1999999999999993
15.414770000002665,0.1999999999999993
15.416440000002666,0.1999999999999993
15.418110000002667,0.1999999999999993
15.419780000002667,0.1999999999999993
15.421450000002668,0.1999999999999993
15.423120000002669,0.1999999999999993
15.42479000000267,0.1999999999999993
15.42646000000267,0.1999999999999993
15.428130000002671,0.1999999999999993
15.429800000002672,0.1999999999999993
15.431470000002673,0.1999999999999993
15.433140000002673,0.1999999999999993
15.434810000002674,0.1999999999999993
15.436480000002675,0.1999999999999993
15.438150000002675,0.1999999999999993
15.439820000002676,0.1999999999999993
15.441490000002677,0.1999999999999993
15.443160000002678,0.1999999999999993
15.444830000002678,0.1999999999999993
15.446500000002679,0.1999999999999993
15.44817000000268,0.1999999999999993
15.44984000000268,0.1999999999999993
15.451510000002681,0.1999999999999993
15.453180000002682,0.1999999999999993
15.454850000002683,0.1999999999999993
15.456520000002683,0.1999999999999993
15.458190000002684,0.1999999999999993
15.459860000002685,0.1999999999999993
15.461530000002686,0.1999999999999993
15.463200000002686,0.1999999999999993
15.464870000002687,0.1999999999999993
15.466540000002688,0.1999999999999993
15.468210000002689,0.1999999999999993
15.46988000000269,0.1999999999999993
15.47155000000269,0.1999999999999993
15.47322000000269,0.1999999999999993
15.474890000002691,0.1999999999999993
15.476560000002692,0.1999999999999993
15.478230000002693,0.1999999999999993
15.479900000002694,0.1999999999999993
15.481570000002694,0.1999999999999993
15.483240000002695,0.1999999999999993
15.484910000002696,0.1999999999999993
15.486580000002697,0.1999999999999993
15.488250000002697,0.1999999999999993
15.489920000002698,0.1999999999999993
15.491590000002699,0.1999999999999993
15.4932600000027,0.1999999999999993
15.4949300000027,0.1999999999999993
15.4966000000027,0.1999999999999993
15.498270000002702,0.1999999999999993
15.499940000002702,0.1999999999999993
15.501610000002703,0.19983899999973076
15.503280000002704,0.19967199999972962
15.504950000002705,0.19950499999972848
15.506620000002705,0.1993379999997309
15.508290000002706,0.1991709999997262
15.509960000002707,0.19900399999972862
15.511630000002707,0.19883699999973103
15.513300000002708,0.19866999999972634
15.514970000002709,0.19850299999972876
15.51664000000271,0.19833599999972762
15.51831000000271,0.19816899999973003
15.519980000002711,0.1980019999997289
15.521650000002712,0.19783499999972776
15.523320000002713,0.19766799999973017
15.524990000002713,0.19750099999972548
15.526660000002714,0.1973339999997279
15.528330000002715,0.1971669999997303
15.530000000002715,0.19699999999972562
15.531670000002716,0.19683299999972803
15.533340000002717,0.1966659999997269
15.535010000002718,0.1964989999997293
15.536680000002718,0.19633199999972817
15.538350000002719,0.19616499999972703
15.54002000000272,0.19599799999972944
15.54169000000272,0.19583099999972475
15.543360000002721,0.19566399999972717
15.545030000002722,0.19549699999972958
15.546700000002723,0.1953299999997249
15.548370000002723,0.1951629999997273
15.550040000002724,0.19499599999972617
15.551710000002725,0.19482899999972858
15.553380000002726,0.19466199999972744
15.555050000002726,0.1944949999997263
15.556720000002727,0.19432799999972872
15.558390000002728,0.19416099999972403
15.560060000002728,0.19399399999972644
15.56173000000273,0.19382699999972886
15.56340000000273,0.19365999999972416
15.56507000000273,0.19349299999972658
15.566740000002731,0.19332599999972544
15.568410000002732,0.19315899999972785
15.570080000002733,0.19299199999972672
15.571750000002734,0.19282499999972558
15.573420000002734,0.192657999999728
15.575090000002735,0.1924909999997233
15.576760000002736,0.19232399999972571
15.578430000002736,0.19215699999972813
15.580100000002737,0.19198999999972344
15.581770000002738,0.19182299999972585
15.583440000002739,0.1916559999997247
15.58511000000274,0.19148899999972713
15.58678000000274,0.191321999999726
15.58845000000274,0.19115499999972485
15.590120000002742,0.19098799999972726
15.591790000002742,0.19082099999972257
15.593460000002743,0.190653999999725
15.595130000002744,0.1904869999997274
15.596800000002744,0.1903199999997227
15.598470000002745,0.19015299999972513
15.600140000002746,0.189985999999724
15.601810000002747,0.1898189999997264
15.603480000002747,0.18965199999972526
15.605150000002748,0.18948499999972412
15.606820000002749,0.18931799999972654
15.60849000000275,0.18915099999972185
15.61016000000275,0.18898399999972426
15.611830000002751,0.18881699999972668
15.613500000002752,0.18864999999972198
15.615170000002752,0.1884829999997244
15.616840000002753,0.18831599999972326
15.618510000002754,0.18814899999972567
15.620180000002755,0.18798199999972454
15.621850000002755,0.1878149999997234
15.623520000002756,0.1876479999997258
15.625190000002757,0.18748099999972112
15.626860000002758,0.18731399999972353
15.628530000002758,0.18714699999972595
15.630200000002759,0.18697999999972126
15.63187000000276,0.18681299999972367
15.63354000000276,0.18664599999972253
15.635210000002761,0.18647899999972495
15.636880000002762,0.1863119999997238
15.638550000002763,0.18614499999972267
15.640220000002763,0.18597799999972509
15.641890000002764,0.1858109999997204
15.643560000002765,0.1856439999997228
15.645230000002766,0.18547699999972522
15.646900000002766,0.18530999999972408
15.648570000002767,0.18514299999972295
15.650240000002768,0.1849759999997218
15.651910000002768,0.18480899999972422
15.65358000000277,0.18464199999972308
15.65525000000277,0.18447499999972194
15.65692000000277,0.18430799999972436
15.658590000002771,0.18414099999971967
15.660260000002772,0.18397399999972208
15.661930000002773,0.1838069999997245
15.663600000002774,0.18363999999972336
15.665270000002774,0.18347299999972222
15.666940000002775,0.18330599999972463
15.668610000002776,0.1831389999997235
15.670280000002776,0.18297199999972236
15.671950000002777,0.18280499999972122
15.673620000002778,0.18263799999972363
15.675290000002779,0.1824709999997225
15.67696000000278,0.18230399999972136
15.67863000000278,0.18213699999972377
15.68030000000278,0.18196999999972263
15.681970000002782,0.1818029999997215
15.683640000002782,0.1816359999997239
15.685310000002783,0.18146899999972277
15.686980000002784,0.18130199999972163
15.688650000002784,0.1811349999997205
15.690320000002785,0.1809679999997229
15.691990000002786,0.18080099999972177
15.693660000002787,0.18063399999972063
15.695330000002787,0.18046699999972304
15.697000000002788,0.1802999999997219
15.698670000002789,0.18013299999972077
15.70034000000279,0.17996599999972318
15.70201000000279,0.17979899999972204
15.703680000002791,0.1796319999997209
15.705350000002792,0.17946499999971977
15.707020000002792,0.17929799999972218
15.708690000002793,0.17913099999972104
15.710360000002794,0.1789639999997199
15.712030000002795,0.17879699999972232
15.713700000002795,0.17862999999972118
15.715370000002796,0.17846299999972004
15.717040000002797,0.17829599999972245
15.718710000002797,0.17812899999972132
15.720380000002798,0.17796199999972018
15.722050000002799,0.17779499999971904
15.7237200000028,0.17762799999972145
15.7253900000028,0.17746099999972031
15.727060000002801,0.17729399999971918
15.728730000002802,0.1771269999997216
15.730400000002803,0.17695999999972045
15.732070000002803,0.1767929999997193
15.733740000002804,0.17662599999972173
15.735410000002805,0.1764589999997206
15.737080000002805,0.17629199999971945
15.738750000002806,0.1761249999997183
15.740420000002807,0.17595799999972073
15.742090000002808,0.1757909999997196
15.743760000002808,0.17562399999971845
15.74543000000281,0.17545699999972086
15.74710000000281,0.17528999999971973
15.74877000000281,0.1751229999997186
15.750440000002811,0.174955999999721
15.752110000002812,0.17478899999971986
15.753780000002813,0.17462199999971872
15.755450000002813,0.17445499999971759
15.757120000002814,0.17428799999972
15.758790000002815,0.17412099999971886
15.760460000002816,0.17395399999971772
15.762130000002816,0.17378699999972014
15.763800000002817,0.173619999999719
15.765470000002818,0.17345299999971786
15.767140000002819,0.17328599999972027
15.76881000000282,0.17311899999971914
15.77048000000282,0.172951999999718
15.77215000000282,0.17278499999971686
15.773820000002821,0.17261799999971927
15.775490000002822,0.17245099999971814
15.777160000002823,0.172283999999717
15.778830000002824,0.1721169999997194
15.780500000002824,0.17194999999971827
15.782170000002825,0.17178299999971713
15.783840000002826,0.17161599999971955
15.785510000002827,0.1714489999997184
15.787180000002827,0.17128199999971727
15.788850000002828,0.17111499999971613
15.790520000002829,0.17094799999971855
15.79219000000283,0.1707809999997174
15.79386000000283,0.17061399999971627
15.795530000002831,0.17044699999971868
15.797200000002832,0.17027999999971755
15.798870000002832,0.1701129999997164
15.800540000002833,0.16994599999971882
15.802210000002834,0.16977899999971768
15.803880000002835,0.16961199999971655
15.805550000002835,0.1694449999997154
15.807220000002836,0.16927799999971782
15.808890000002837,0.16911099999971668
15.810560000002837,0.16894399999971554
15.812230000002838,0.16877699999971796
15.813900000002839,0.16860999999971682
15.81557000000284,0.16844299999971568
15.81724000000284,0.1682759999997181
15.818910000002841,0.16810899999971696
15.820580000002842,0.16794199999971582
15.822250000002843,0.16777499999971468
15.823920000002843,0.1676079999997171
15.825590000002844,0.16744099999971596
15.827260000002845,0.16727399999971482
15.828930000002845,0.16710699999971723
15.830600000002846,0.1669399999997161
15.832270000002847,0.16677299999971495
15.833940000002848,0.16660599999971737
15.835610000002848,0.16643899999971623
15.837280000002849,0.1662719999997151
15.83895000000285,0.1661049999997175
15.84062000000285,0.16593799999971637
15.842290000002851,0.16577099999971523
15.843960000002852,0.1656039999997141
15.845630000002853,0.1654369999997165
15.847300000002853,0.16526999999971892
15.848970000002854,0.16510299999971423
15.850640000002855,0.16493599999971664
15.852310000002856,0.1647689999997155
15.853980000002856,0.16460199999971437
15.855650000002857,0.16443499999971678
15.857320000002858,0.16426799999971564
15.858990000002859,0.1641009999997145
15.86066000000286,0.16393399999971336
15.86233000000286,0.16376699999971578
15.86400000000286,0.1635999999997182
15.865670000002861,0.1634329999997135
15.867340000002862,0.16326599999971592
15.869010000002863,0.16309899999971478
15.870680000002864,0.16293199999971364
15.872350000002864,0.16276499999971605
15.874020000002865,0.16259799999971492
15.875690000002866,0.16243099999971378
15.877360000002867,0.16226399999971264
15.879030000002867,0.16209699999971505
15.880700000002868,0.16192999999971747
15.882370000002869,0.16176299999971278
15.88404000000287,0.1615959999997152
15.88571000000287,0.16142899999971405
15.88738000000287,0.1612619999997129
15.889050000002872,0.16109499999971533
15.890720000002872,0.1609279999997142
15.892390000002873,0.16076099999971305
15.894060000002874,0.1605939999997119
15.895730000002875,0.16042699999971433
15.897400000002875,0.16025999999971674
15.899070000002876,0.16009299999971205
15.900740000002877,0.15992599999971446
15.902410000002877,0.15975899999971332
15.904080000002878,0.1595919999997122
15.905750000002879,0.1594249999997146
15.90742000000288,0.15925799999971346
15.90909000000288,0.15909099999971232
15.910760000002881,0.15892399999971119
15.912430000002882,0.1587569999997136
15.914100000002882,0.158589999999716
15.915770000002883,0.15842299999971132
15.917440000002884,0.15825599999971374
15.919110000002885,0.1580889999997126
15.920780000002885,0.15792199999971146
15.922450000002886,0.15775499999971387
15.924120000002887,0.15758799999971274
15.925790000002888,0.1574209999997116
15.927460000002888,0.15725399999971046
15.929130000002889,0.15708699999971287
15.93080000000289,0.1569199999997153
15.93247000000289,0.1567529999997106
15.934140000002891,0.156585999999713
15.935810000002892,0.15641899999971187
15.937480000002893,0.15625199999971073
15.939150000002893,0.15608499999971315
15.940820000002894,0.155917999999712
15.942490000002895,0.15575099999971442
15.944160000002896,0.15558399999970973
15.945830000002896,0.15541699999971215
15.947500000002897,0.15524999999971456
15.949170000002898,0.15508299999970987
15.950840000002898,0.15491599999971228
15.9525100000029,0.15474899999971115
15.9541800000029,0.15458199999971
15.9558500000029,0.15441499999971242
15.957520000002901,0.15424799999971128
15.959190000002902,0.1540809999997137
15.960860000002903,0.153913999999709
15.962530000002904,0.15374699999971142
15.964200000002904,0.15357999999971383
15.965870000002905,0.15341299999970914
15.967540000002906,0.15324599999971156
15.969210000002906,0.15307899999971042
15.970880000002907,0.15291199999970928
15.972550000002908,0.1527449999997117
15.974220000002909,0.15257799999971056
15.97589000000291,0.15241099999971297
15.97756000000291,0.15224399999970828
15.97923000000291,0.1520769999997107
15.980900000002912,0.1519099999997131
15.982570000002912,0.15174299999970842
15.984240000002913,0.15157599999971083
15.985910000002914,0.1514089999997097
15.987580000002914,0.15124199999970855
15.989250000002915,0.15107499999971097
15.990920000002916,0.15090799999970983
15.992590000002917,0.15074099999971224
15.994260000002917,0.15057399999970755
15.995930000002918,0.15040699999970997
15.997600000002919,0.15023999999971238
15.99927000000292,0.1500729999997077
16.00094000000292,0.1499059999997101
16.00261000000292,0.14973899999970897
16.00428000000292,0.14957199999970783
16.005950000002922,0.14940499999971024
16.007620000002923,0.1492379999997091
16.009290000002924,0.14907099999971152
16.010960000002925,0.14890399999970683
16.012630000002925,0.14873699999970924
16.014300000002926,0.14856999999971165
16.015970000002927,0.14840299999970696
16.017640000002928,0.14823599999970938
16.01931000000293,0.14806899999970824
16.02098000000293,0.1479019999997071
16.02265000000293,0.14773499999970952
16.02432000000293,0.14756799999970838
16.02599000000293,0.1474009999997108
16.027660000002932,0.1472339999997061
16.029330000002933,0.14706699999970851
16.031000000002933,0.14689999999971093
16.032670000002934,0.14673299999970624
16.034340000002935,0.14656599999970865
16.036010000002936,0.1463989999997075
16.037680000002936,0.14623199999970637
16.039350000002937,0.1460649999997088
16.041020000002938,0.14589799999970765
16.04269000000294,0.14573099999971006
16.04436000000294,0.14556399999970537
16.04603000000294,0.1453969999997078
16.04770000000294,0.1452299999997102
16.04937000000294,0.1450629999997055
16.051040000002942,0.14489599999970793
16.052710000002943,0.1447289999997068
16.054380000002944,0.14456199999970565
16.056050000002944,0.14439499999970806
16.057720000002945,0.14422799999970692
16.059390000002946,0.14406099999970934
16.061060000002946,0.14389399999970465
16.062730000002947,0.14372699999970706
16.064400000002948,0.14355999999970948
16.06607000000295,0.14339299999970478
16.06774000000295,0.1432259999997072
16.06941000000295,0.14305899999970606
16.07108000000295,0.14289199999970492
16.07275000000295,0.14272499999970734
16.074420000002952,0.1425579999997062
16.076090000002953,0.1423909999997086
16.077760000002954,0.14222399999970392
16.079430000002954,0.14205699999970633
16.081100000002955,0.14188999999970875
16.082770000002956,0.14172299999970406
16.084440000002957,0.14155599999970647
16.086110000002957,0.14138899999970533
16.087780000002958,0.1412219999997042
16.08945000000296,0.1410549999997066
16.09112000000296,0.14088799999970547
16.09279000000296,0.14072099999970789
16.09446000000296,0.1405539999997032
16.09613000000296,0.1403869999997056
16.097800000002962,0.14021999999970802
16.099470000002963,0.14005299999970333
16.101140000002964,0.13988599999970575
16.102810000002965,0.1397189999997046
16.104480000002965,0.13955199999970347
16.106150000002966,0.13938499999970588
16.107820000002967,0.13921799999970474
16.109490000002967,0.13905099999970716
16.111160000002968,0.13888399999970247
16.11283000000297,0.13871699999970488
16.11450000000297,0.1385499999997073
16.11617000000297,0.1383829999997026
16.11784000000297,0.13821599999970502
16.119510000002972,0.13804899999970388
16.121180000002973,0.13788199999970274
16.122850000002973,0.13771499999970516
16.124520000002974,0.13754799999970402
16.126190000002975,0.13738099999970643
16.127860000002975,0.13721399999970174
16.129530000002976,0.13704699999970416
16.131200000002977,0.13687999999970657
16.132870000002978,0.13671299999970188
16.13454000000298,0.1365459999997043
16.13621000000298,0.13637899999970315
16.13788000000298,0.13621199999970202
16.13955000000298,0.13604499999970443
16.14122000000298,0.1358779999997033
16.142890000002982,0.1357109999997057
16.144560000002983,0.13554399999970101
16.146230000002983,0.13537699999970343
16.147900000002984,0.13520999999970584
16.149570000002985,0.13504299999970115
16.151240000002986,0.13487599999970357
16.152910000002986,0.13470899999970243
16.154580000002987,0.1345419999997013
16.156250000002988,0.1343749999997037
16.15792000000299,0.13420799999970257
16.15959000000299,0.13404099999970498
16.16126000000299,0.1338739999997003
16.16293000000299,0.1337069999997027
16.16460000000299,0.13353999999970512
16.166270000002992,0.13337299999970043
16.167940000002993,0.13320599999970284
16.169610000002994,0.1330389999997017
16.171280000002994,0.13287199999970056
16.172950000002995,0.13270499999970298
16.174620000002996,0.13253799999970184
16.176290000002997,0.13237099999970425
16.177960000002997,0.13220399999969956
16.179630000002998,0.13203699999970198
16.181300000003,0.1318699999997044
16.182970000003,0.1317029999996997
16.184640000003,0.1315359999997021
16.186310000003,0.13136899999970097
16.187980000003,0.13120199999969984
16.189650000003002,0.13103499999970225
16.191320000003003,0.1308679999997011
16.192990000003004,0.13070099999970353
16.194660000003005,0.13053399999969884
16.196330000003005,0.13036699999970125
16.198000000003006,0.13019999999970366
16.199670000003007,0.13003299999969897
16.201340000003007,0.1298659999997014
16.203010000003008,0.12969899999970025
16.20468000000301,0.1295319999996991
16.20635000000301,0.12936499999970152
16.20802000000301,0.12919799999970039
16.20969000000301,0.1290309999997028
16.211360000003012,0.1288639999996981
16.213030000003013,0.12869699999970052
16.214700000003013,0.12852999999970294
16.216370000003014,0.12836299999969825
16.218040000003015,0.12819599999970066
16.219710000003015,0.12802899999969952
16.221380000003016,0.12786199999969838
16.223050000003017,0.1276949999997008
16.224720000003018,0.12752799999969966
16.22639000000302,0.12736099999970207
16.22806000000302,0.12719399999969738
16.22973000000302,0.1270269999996998
16.23140000000302,0.1268599999997022
16.23307000000302,0.12669299999969752
16.234740000003022,0.12652599999969993
16.236410000003023,0.1263589999996988
16.238080000003023,0.1261919999997012
16.239750000003024,0.12602499999970007
16.241420000003025,0.12585799999969893
16.243090000003026,0.12569099999970135
16.244760000003026,0.12552399999969666
16.246430000003027,0.12535699999969907
16.248100000003028,0.12518999999970148
16.24977000000303,0.1250229999996968
16.25144000000303,0.12485599999969921
16.25311000000303,0.12468899999969807
16.25478000000303,0.12452199999970048
16.25645000000303,0.12435499999969579
16.258120000003032,0.1241879999996982
16.259790000003033,0.12402099999970062
16.261460000003034,0.12385399999969593
16.263130000003034,0.12368699999969834
16.264800000003035,0.1235199999996972
16.266470000003036,0.12335299999969607
16.268140000003037,0.12318599999969848
16.269810000003037,0.12301899999969734
16.271480000003038,0.12285199999969976
16.27315000000304,0.12268499999969507
16.27482000000304,0.12251799999969748
16.27649000000304,0.1223509999996999
16.27816000000304,0.1221839999996952
16.27983000000304,0.12201699999969762
16.281500000003042,0.12184999999969648
16.283170000003043,0.12168299999969534
16.284840000003044,0.12151599999969775
16.286510000003044,0.12134899999969662
16.288180000003045,0.12118199999969903
16.289850000003046,0.12101499999969434
16.291520000003047,0.12084799999969675
16.293190000003047,0.12068099999969917
16.294860000003048,0.12051399999969448
16.29653000000305,0.12034699999969689
16.29820000000305,0.12017999999969575
16.29987000000305,0.12001299999969461
16.30154000000305,0.11984599999969703
16.30321000000305,0.11967899999969589
16.304880000003052,0.1195119999996983
16.306550000003053,0.11934499999969361
16.308220000003054,0.11917799999969603
16.309890000003055,0.11901099999969844
16.311560000003055,0.11884399999969375
16.313230000003056,0.11867699999969616
16.314900000003057,0.11850999999969503
16.316570000003058,0.11834299999969389
16.31824000000306,0.1181759999996963
16.31991000000306,0.11800899999969516
16.32158000000306,0.11784199999969758
16.32325000000306,0.11767499999969289
16.32492000000306,0.1175079999996953
16.326590000003062,0.11734099999969771
16.328260000003063,0.11717399999969302
16.329930000003063,0.11700699999969544
16.331600000003064,0.1168399999996943
16.333270000003065,0.11667299999969316
16.334940000003066,0.11650599999969558
16.336610000003066,0.11633899999969444
16.338280000003067,0.11617199999969685
16.339950000003068,0.11600499999969216
16.34162000000307,0.11583799999969457
16.34329000000307,0.11567099999969699
16.34496000000307,0.1155039999996923
16.34663000000307,0.11533699999969471
16.34830000000307,0.11516999999969357
16.349970000003072,0.11500299999969243
16.351640000003073,0.11483599999969485
16.353310000003074,0.11466899999969371
16.354980000003074,0.11450199999969612
16.356650000003075,0.11433499999969143
16.358320000003076,0.11416799999969385
16.359990000003076,0.11400099999969626
16.361660000003077,0.11383399999969157
16.363330000003078,0.11366699999969399
16.36500000000308,0.11349999999969285
16.36667000000308,0.11333299999969171
16.36834000000308,0.11316599999969412
16.37001000000308,0.11299899999969298
16.37168000000308,0.1128319999996954
16.373350000003082,0.11266499999969071
16.375020000003083,0.11249799999969312
16.376690000003084,0.11233099999969554
16.378360000003084,0.11216399999969084
16.380030000003085,0.11199699999969326
16.381700000003086,0.11182999999969212
16.383370000003087,0.11166299999969098
16.385040000003087,0.1114959999996934
16.386710000003088,0.11132899999969226
16.38838000000309,0.11116199999969467
16.39005000000309,0.11099499999968998
16.39172000000309,0.1108279999996924
16.39339000000309,0.11066099999969481
16.39506000000309,0.11049399999969012
16.396730000003092,0.11032699999969253
16.398400000003093,0.1101599999996914
16.400070000003094,0.10999299999969026
16.401740000003095,0.10982599999969267
16.403410000003095,0.10965899999969153
16.405080000003096,0.10949199999969395
16.406750000003097,0.10932499999968925
16.408420000003098,0.10915799999969167
16.4100900000031,0.10899099999969408
16.4117600000031,0.10882399999968939
16.4134300000031,0.1086569999996918
16.4151000000031,0.10848999999969067
16.4167700000031,0.10832299999968953
16.418440000003102,0.10815599999969194
16.420110000003103,0.1079889999996908
16.421780000003103,0.10782199999969322
16.423450000003104,0.10765499999968853
16.425120000003105,0.10748799999969094
16.426790000003106,0.10732099999969336
16.428460000003106,0.10715399999968866
16.430130000003107,0.10698699999969108
16.431800000003108,0.10681999999968994
16.43347000000311,0.1066529999996888
16.43514000000311,0.10648599999969122
16.43681000000311,0.10631899999969008
16.43848000000311,0.10615199999969249
16.44015000000311,0.1059849999996878
16.441820000003112,0.10581799999969022
16.443490000003113,0.10565099999969263
16.445160000003114,0.10548399999968794
16.446830000003114,0.10531699999969035
16.448500000003115,0.10514999999968921
16.450170000003116,0.10498299999968808
16.451840000003116,0.10481599999969049
16.453510000003117,0.10464899999968935
16.455180000003118,0.10448199999969177
16.45685000000312,0.10431499999968707
16.45852000000312,0.10414799999968949
16.46019000000312,0.1039809999996919
16.46186000000312,0.10381399999968721
16.46353000000312,0.10364699999968963
16.465200000003122,0.10347999999968849
16.466870000003123,0.10331299999968735
16.468540000003124,0.10314599999968976
16.470210000003124,0.10297899999968863
16.471880000003125,0.10281199999969104
16.473550000003126,0.10264499999968635
16.475220000003127,0.10247799999968876
16.476890000003127,0.10231099999969118
16.478560000003128,0.10214399999968649
16.48023000000313,0.1019769999996889
16.48190000000313,0.10180999999968776
16.48357000000313,0.10164299999968662
16.48524000000313,0.10147599999968904
16.48691000000313,0.1013089999996879
16.488580000003132,0.10114199999969031
16.490250000003133,0.10097499999968562
16.491920000003134,0.10080799999968804
16.493590000003135,0.10064099999969045
16.495260000003135,0.10047399999968576
16.496930000003136,0.10030699999968817
16.498600000003137,0.10013999999968703
16.500270000003137,0.10024300000282338
16.501940000003138,0.10174600000282652
16.50361000000314,0.10324900000282611
16.50528000000314,0.1047520000028257
16.50695000000314,0.10625500000282884
16.50862000000314,0.10775800000282842
16.510290000003142,0.10926100000282801
16.511960000003143,0.11076400000283115
16.513630000003143,0.11226700000283074
16.515300000003144,0.11377000000283033
16.516970000003145,0.11527300000282992
16.518640000003145,0.11677600000283306
16.520310000003146,0.11827900000283265
16.521980000003147,0.11978200000283223
16.523650000003148,0.12128500000283537
16.52532000000315,0.12278800000283496
16.52699000000315,0.12429100000283455
16.52866000000315,0.1257940000028377
16.53033000000315,0.12729700000283728
16.53200000000315,0.12880000000283687
16.533670000003152,0.13030300000283646
16.535340000003153,0.1318060000028396
16.537010000003153,0.13330900000283918
16.538680000003154,0.13481200000283877
16.540350000003155,0.1363150000028419
16.542020000003156,0.1378180000028415
16.543690000003156,0.1393210000028411
16.545360000003157,0.14082400000284423
16.547030000003158,0.14232700000284382
16.54870000000316,0.1438300000028434
16.55037000000316,0.14533300000283944
16.55204000000316,0.14683600000284258
16.55371000000316,0.14833900000284217
16.55538000000316,0.14984200000284176
16.557050000003162,0.1513450000028449
16.558720000003163,0.1528480000028445
16.560390000003164,0.15435100000284407
16.562060000003164,0.15585400000284722
16.563730000003165,0.1573570000028468
16.565400000003166,0.1588600000028464
16.567070000003167,0.16036300000284598
16.568740000003167,0.16186600000284912
16.570410000003168,0.1633690000028487
16.57208000000317,0.1648720000028483
16.57375000000317,0.16637500000285144
16.57542000000317,0.16787800000285102
16.57709000000317,0.1693810000028506
16.57876000000317,0.17088400000285375
16.580430000003172,0.17238700000285334
16.582100000003173,0.17389000000285293
16.583770000003174,0.17539300000285252
16.585440000003175,0.17689600000285566
16.587110000003175,0.17839900000285525
16.588780000003176,0.17990200000285483
16.590450000003177,0.18140500000285797
16.592120000003177,0.18290800000285756
16.593790000003178,0.18441100000285715
16.59546000000318,0.1859140000028603
16.59713000000318,0.18741700000285988
16.59880000000318,0.18892000000285947
16.60047000000318,0.19042300000285906
16.602140000003182,0.1919260000028622
16.603810000003183,0.19342900000286178
16.605480000003183,0.19493200000286137
16.607150000003184,0.1964350000028645
16.608820000003185,0.1979380000028641
16.610490000003185,0.1994410000028637
16.612160000003186,0.20094400000286683
16.613830000003187,0.20244700000286642
16.615500000003188,0.203950000002866
16.61717000000319,0.2054530000028656
16.61884000000319,0.20695600000286873
16.62051000000319,0.20845900000286832
16.62218000000319,0.2099620000028679
16.62385000000319,0.21146500000287105
16.625520000003192,0.21296800000287064
16.627190000003193,0.21447100000287023
16.628860000003193,0.21597400000287337
16.630530000003194,0.21747700000287296
16.632200000003195,0.21898000000287254
16.633870000003196,0.22048300000287213
16.635540000003196,0.22198600000287527
16.637210000003197,0.22348900000287486
16.638880000003198,0.22499200000287445
16.6405500000032,0.2264950000028776
16.6422200000032,0.22799800000287718
16.6438900000032,0.22950100000287676
16.6455600000032,0.23100400000287635
16.6472300000032,0.2325070000028795
16.648900000003202,0.23401000000287908
16.650570000003203,0.23551300000287867
16.652240000003204,0.2370160000028818
16.653910000003204,0.2385190000028814
16.655580000003205,0.240022000002881
16.657250000003206,0.24152500000288413
16.658920000003206,0.24302800000288372
16.660590000003207,0.2445310000028833
16.662260000003208,0.2460340000028829
16.66393000000321,0.24753700000288603
16.66560000000321,0.24904000000288562
16.66727000000321,0.2505430000028852
16.66894000000321,0.25204600000288835
16.67061000000321,0.25354900000288794
16.672280000003212,0.2550520000028875
16.673950000003213,0.25655500000289067
16.675620000003214,0.25805800000289025
16.677290000003214,0.25956100000288984
16.678960000003215,0.26106400000288943
16.680630000003216,0.26256700000289257
16.682300000003217,0.26407000000289216
16.683970000003217,0.26557300000289175
16.685640000003218,0.2670760000028949
16.68731000000322,0.2685790000028945
16.68898000000322,0.27008200000289406
16.69065000000322,0.2715850000028972
16.69232000000322,0.2730880000028968
16.69399000000322,0.2745910000028964
16.695660000003222,0.27609400000289597
16.697330000003223,0.2775970000028991
16.699000000003224,0.2791000000028987
16.700670000003225,0.2806030000028983
16.702340000003225,0.2821060000029014
16.704010000003226,0.283609000002901
16.705680000003227,0.2851120000029006
16.707350000003228,0.28661500000290374
16.70902000000323,0.28811800000290333
16.71069000000323,0.2896210000029029
16.71236000000323,0.2911240000029025
16.71403000000323,0.29262700000290565
16.71570000000323,0.29413000000290523
16.717370000003232,0.2956330000029048
16.719040000003233,0.29713600000290796
16.720710000003233,0.29863900000290755
16.722380000003234,0.30014200000290714
16.724050000003235,0.3016450000029103
16.725720000003236,0.30314800000290987
16.727390000003236,0.30465100000290946
16.729060000003237,0.30615400000290904
16.730730000003238,0.3076570000029122
16.73240000000324,0.3091600000029118
16.73407000000324,0.31066300000291136
16.73574000000324,0.3121660000029145
16.73741000000324,0.3136690000029141
16.73908000000324,0.3151720000029137
16.740750000003242,0.3166750000029168
16.742420000003243,0.3181780000029164
16.744090000003244,0.319681000002916
16.745760000003244,0.3211840000029156
16.747430000003245,0.3226870000029187
16.749100000003246,0.3241900000029183
16.750770000003246,0.32569300000291435
16.752440000003247,0.3271960000029175
16.754110000003248,0.3286990000029171
16.75578000000325,0.33020200000291666
16.75745000000325,0.3317050000029198
16.75912000000325,0.3332080000029194
16.76079000000325,0.334711000002919
16.76246000000325,0.33621400000291857
16.764130000003252,0.3377170000029217
16.765800000003253,0.3392200000029213
16.767470000003254,0.3407230000029209
16.769140000003254,0.342226000002924
16.770810000003255,0.3437290000029236
16.772480000003256,0.3452320000029232
16.774150000003257,0.34673500000292634
16.775820000003257,0.34823800000292593
16.777490000003258,0.3497410000029255
16.77916000000326,0.3512440000029251
16.78083000000326,0.35274700000292825
16.78250000000326,0.35425000000292783
16.78417000000326,0.3557530000029274
16.78584000000326,0.35725600000293056
16.787510000003262,0.35875900000293015
16.789180000003263,0.36026200000292974
16.790850000003264,0.3617650000029329
16.792520000003265,0.36326800000293247
16.794190000003265,0.36477100000293206
16.795860000003266,0.36627400000293164
16.797530000003267,0.3677770000029348
16.799200000003268,0.36928000000293437
16.80087000000327,0.37078300000293396
16.80254000000327,0.3722860000029371
16.80421000000327,0.3737890000029367
16.80588000000327,0.3752920000029363
16.80755000000327,0.3767950000029394
16.809220000003272,0.378298000002939
16.810890000003273,0.3798010000029386
16.812560000003273,0.3813040000029382
16.814230000003274,0.3828070000029413
16.815900000003275,0.3843100000029409
16.817570000003276,0.3858130000029405
16.819240000003276,0.38731600000294364
16.820910000003277,0.3888190000029432
16.822580000003278,0.3903220000029428
16.82425000000328,0.39182500000294596
16.82592000000328,0.39332800000294554
16.82759000000328,0.39483100000294513
16.82926000000328,0.3963340000029447
16.83093000000328,0.39783700000294786
16.832600000003282,0.39934000000294745
16.834270000003283,0.40084300000294704
16.835940000003284,0.4023460000029502
16.837610000003284,0.40384900000294977
16.839280000003285,0.40535200000294935
16.840950000003286,0.4068550000029525
16.842620000003286,0.4083580000029521
16.844290000003287,0.40986100000295167
16.845960000003288,0.41136400000295126
16.84763000000329,0.4128670000029544
16.84930000000329,0.414370000002954
16.85097000000329,0.4158730000029536
16.85264000000329,0.4173760000029567
16.85431000000329,0.4188790000029563
16.855980000003292,0.4203820000029559
16.857650000003293,0.42188500000295903
16.859320000003294,0.4233880000029586
16.860990000003294,0.4248910000029582
16.862660000003295,0.4263940000029578
16.864330000003296,0.42789700000296094
16.866000000003297,0.4294000000029605
16.867670000003297,0.4309030000029601
16.869340000003298,0.43240600000296325
16.8710100000033,0.43390900000296284
16.8726800000033,0.43541200000296243
16.8743500000033,0.43691500000296557
16.8760200000033,0.43841800000296516
16.8776900000033,0.43992100000296475
16.879360000003302,0.44142400000296433
16.881030000003303,0.4429270000029675
16.882700000003304,0.44443000000296706
16.884370000003305,0.44593300000296665
16.886040000003305,0.4474360000029698
16.887710000003306,0.4489390000029694
16.889380000003307,0.45044200000296897
16.891050000003307,0.4519450000029721
16.892720000003308,0.4534480000029717
16.89439000000331,0.4549510000029713
16.89606000000331,0.45645400000297087
16.89773000000331,0.457957000002974
16.89940000000331,0.4594600000029736
16.901070000003312,0.4609630000029732
16.902740000003313,0.46246600000297633
16.904410000003313,0.4639690000029759
16.906080000003314,0.4654720000029755
16.907750000003315,0.46697500000297865
16.909420000003315,0.46847800000297823
16.911090000003316,0.4699810000029778
16.912760000003317,0.4714840000029774
16.914430000003318,0.47298700000298055
16.91610000000332,0.47449000000298014
16.91777000000332,0.4759930000029797
16.91944000000332,0.47749600000298287
16.92111000000332,0.47899900000298246
16.92278000000332,0.48050200000298204
16.924450000003322,0.4820050000029852
16.926120000003323,0.4835080000029848
16.927790000003323,0.48501100000298436
16.929460000003324,0.48651400000298395
16.931130000003325,0.4880170000029871
16.932800000003326,0.4895200000029867
16.934470000003326,0.49102300000298627
16.936140000003327,0.4925260000029894
16.937810000003328,0.494029000002989
16.93948000000333,0.4955320000029886
16.94115000000333,0.49703500000298817
16.94282000000333,0.4985380000029913
16.94449000000333,0.5000410000029909
16.94616000000333,0.5015440000029905
16.947830000003332,0.5030470000029936
16.949500000003333,0.5045500000029932
16.951170000003334,0.5060530000029928
16.952840000003334,0.5075560000029959
16.954510000003335,0.5090590000029955
16.956180000003336,0.5105620000029951
16.957850000003337,0.5120650000029947
16.959520000003337,0.5135680000029978
16.961190000003338,0.5150710000029974
16.96286000000334,0.516574000002997
16.96453000000334,0.5180770000030002
16.96620000000334,0.5195800000029998
16.96787000000334,0.5210830000029993
16.96954000000334,0.5225860000030025
16.971210000003342,0.5240890000030021
16.972880000003343,0.5255920000030017
16.974550000003344,0.5270950000030012
16.976220000003345,0.5285980000030044
16.977890000003345,0.530101000003004
16.979560000003346,0.5316040000030036
16.981230000003347,0.5331070000030067
16.982900000003347,0.5346100000030063
16.984570000003348,0.5361130000030059
16.98624000000335,0.537616000003009
16.98791000000335,0.5391190000030086
16.98958000000335,0.5406220000030082
16.99125000000335,0.5421250000030078
16.992920000003352,0.5436280000030109
16.994590000003353,0.5451310000030105
16.996260000003353,0.5466340000030101
16.997930000003354,0.5481370000030132
16.999600000003355,0.5496400000030128
17.001270000003355,0.5511430000030124
17.002940000003356,0.5526460000030156
17.004610000003357,0.5541490000030151
17.006280000003358,0.5556520000030147
17.00795000000336,0.5571550000030143
17.00962000000336,0.5586580000030175
17.01129000000336,0.560161000003017
17.01296000000336,0.5616640000030166
17.01463000000336,0.5631670000030198
17.016300000003362,0.5646700000030194
17.017970000003363,0.566173000003019
17.019640000003363,0.5676760000030221
17.021310000003364,0.5691790000030217
17.022980000003365,0.5706820000030213
17.024650000003366,0.5721850000030209
17.026320000003366,0.573688000003024
17.027990000003367,0.5751910000030236
17.029660000003368,0.5766940000030232
17.03133000000337,0.5781970000030263
17.03300000000337,0.5797000000030259
17.03467000000337,0.5812030000030255
17.03634000000337,0.5827060000030286
17.03801000000337,0.5842090000030282
17.039680000003372,0.5857120000030278
17.041350000003373,0.5872150000030274
17.043020000003374,0.5887180000030305
17.044690000003374,0.5902210000030301
17.046360000003375,0.5917240000030297
17.048030000003376,0.5932270000030329
17.049700000003376,0.5947300000030324
17.051370000003377,0.5962330000030285
17.053040000003378,0.5977360000030316
17.05471000000338,0.5992390000030312
17.05638000000338,0.6007420000030308
17.05805000000338,0.6022450000030304
17.05972000000338,0.6037480000030335
17.06139000000338,0.6052510000030331
17.063060000003382,0.6067540000030327
17.064730000003383,0.6082570000030358
17.066400000003384,0.6097600000030354
17.068070000003384,0.611263000003035
17.069740000003385,0.6127660000030382
17.071410000003386,0.6142690000030377
17.073080000003387,0.6157720000030373
17.074750000003387,0.6172750000030369
17.076420000003388,0.6187780000030401
17.07809000000339,0.6202810000030397
17.07976000000339,0.6217840000030392
17.08143000000339,0.6232870000030424
17.08310000000339,0.624790000003042
17.08477000000339,0.6262930000030416
17.086440000003392,0.6277960000030447
17.088110000003393,0.6292990000030443
17.089780000003394,0.6308020000030439
17.091450000003395,0.6323050000030435
17.093120000003395,0.6338080000030466
17.094790000003396,0.6353110000030462
17.096460000003397,0.6368140000030458
17.098130000003398,0.6383170000030489
17.0998000000034,0.6398200000030485
17.1014700000034,0.6413230000030481
17.1031400000034,0.6428260000030512
17.1048100000034,0.6443290000030508
17.1064800000034,0.6458320000030504
17.108150000003402,0.64733500000305
17.109820000003403,0.6488380000030531
17.111490000003403,0.6503410000030527
17.113160000003404,0.6518440000030523
17.114830000003405,0.6533470000030555
17.116500000003406,0.654850000003055
17.118170000003406,0.6563530000030546
17.119840000003407,0.6578560000030578
17.121510000003408,0.6593590000030574
17.12318000000341,0.660862000003057
17.12485000000341,0.6623650000030565
17.12652000000341,0.6638680000030597
17.12819000000341,0.6653710000030593
17.12986000000341,0.6668740000030589
17.131530000003412,0.668377000003062
17.133200000003413,0.6698800000030616
17.134870000003414,0.6713830000030612
17.136540000003414,0.6728860000030643
17.138210000003415,0.6743890000030639
17.139880000003416,0.6758920000030635
17.141550000003416,0.6773950000030631
17.143220000003417,0.6788980000030662
17.144890000003418,0.6804010000030658
17.14656000000342,0.6819040000030654
17.14823000000342,0.6834070000030685
17.14990000000342,0.6849100000030681
17.15157000000342,0.6864130000030677
17.15324000000342,0.6879160000030708
17.154910000003422,0.6894190000030704
17.156580000003423,0.69092200000307
17.158250000003424,0.6924250000030696
17.159920000003424,0.6939280000030728
17.161590000003425,0.6954310000030723
17.163260000003426,0.6969340000030719
17.164930000003427,0.6984370000030751
17.166600000003427,0.6999400000030747
17.168270000003428,0.7014430000030742
17.16994000000343,0.7029460000030774
17.17161000000343,0.704449000003077
17.17328000000343,0.7059520000030766
17.17495000000343,0.7074550000030762
17.17662000000343,0.7089580000030793
17.178290000003432,0.7104610000030789
17.179960000003433,0.7119640000030785
17.181630000003434,0.7134670000030816
17.183300000003435,0.7149700000030812
17.184970000003435,0.7164730000030808
17.186640000003436,0.7179760000030839
17.188310000003437,0.7194790000030835
17.189980000003438,0.7209820000030831
17.19165000000344,0.7224850000030827
17.19332000000344,0.7239880000030858
17.19499000000344,0.7254910000030854
17.19666000000344,0.726994000003085
17.19833000000344,0.7284970000030881
17.200000000003442,0.7300000000030877
17.201670000003443,0.7315030000030873
17.203340000003443,0.7330060000030905
17.205010000003444,0.73450900000309
17.206680000003445,0.7360120000030896
17.208350000003446,0.7375150000030892
17.210020000003446,0.7390180000030924
17.211690000003447,0.740521000003092
17.213360000003448,0.7420240000030915
17.21503000000345,0.7435270000030947
17.21670000000345,0.7450300000030943
17.21837000000345,0.7465330000030939
17.22004000000345,0.7480360000030934
17.22171000000345,0.7495390000030966
17.223380000003452,0.7510420000030962
17.225050000003453,0.7525450000030958
17.226720000003453,0.7540480000030989
17.228390000003454,0.7555510000030985
17.230060000003455,0.7570540000030981
17.231730000003456,0.7585570000031012
17.233400000003456,0.7600600000031008
17.235070000003457,0.7615630000031004
17.236740000003458,0.7630660000031
17.23841000000346,0.7645690000031031
17.24008000000346,0.7660720000031027
17.24175000000346,0.7675750000031023
17.24342000000346,0.7690780000031054
17.24509000000346,0.770581000003105
17.246760000003462,0.7720840000031046
17.248430000003463,0.7735870000031078
17.250100000003464,0.7750900000031038
17.251770000003464,0.7765930000031034
17.253440000003465,0.778096000003103
17.255110000003466,0.7795990000031061
17.256780000003467,0.7811020000031057
17.258450000003467,0.7826050000031053
17.260120000003468,0.7841080000031084
17.26179000000347,0.785611000003108
17.26346000000347,0.7871140000031076
17.26513000000347,0.7886170000031107
17.26680000000347,0.7901200000031103
17.26847000000347,0.7916230000031099
17.270140000003472,0.7931260000031095
17.271810000003473,0.7946290000031127
17.273480000003474,0.7961320000031122
17.275150000003475,0.7976350000031118
17.276820000003475,0.799138000003115
17.278490000003476,0.8006410000031146
17.280160000003477,0.8021440000031141
17.281830000003477,0.8036470000031173
17.283500000003478,0.8051500000031169
17.28517000000348,0.8066530000031165
17.28684000000348,0.808156000003116
17.28851000000348,0.8096590000031192
17.29018000000348,0.8111620000031188
17.291850000003482,0.8126650000031184
17.293520000003483,0.8141680000031215
17.295190000003483,0.8156710000031211
17.296860000003484,0.8171740000031207
17.298530000003485,0.8186770000031238
17.300200000003485,0.8201800000031234
17.301870000003486,0.821683000003123
17.303540000003487,0.8231860000031226
17.305210000003488,0.8246890000031257
17.30688000000349,0.8261920000031253
17.30855000000349,0.8276950000031249
17.31022000000349,0.829198000003128
17.31189000000349,0.8307010000031276
17.31356000000349,0.8322040000031272
17.315230000003492,0.8337070000031304
17.316900000003493,0.83521000000313
17.318570000003493,0.8367130000031295
17.320240000003494,0.8382160000031291
17.321910000003495,0.8397190000031323
17.323580000003496,0.8412220000031319
17.325250000003496,0.8427250000031314
17.326920000003497,0.8442280000031346
17.328590000003498,0.8457310000031342
17.3302600000035,0.8472340000031338
17.3319300000035,0.8487370000031369
17.3336000000035,0.8502400000031365
17.3352700000035,0.8517430000031361
17.3369400000035,0.8532460000031357
17.338610000003502,0.8547490000031388
17.340280000003503,0.8562520000031384
17.341950000003504,0.857755000003138
17.343620000003504,0.8592580000031411
17.345290000003505,0.8607610000031407
17.346960000003506,0.8622640000031403
17.348630000003507,0.8637670000031434
17.350300000003507,0.865270000003143
17.351970000003508,0.8667730000031426
17.35364000000351,0.8682760000031422
17.35531000000351,0.8697790000031453
17.35698000000351,0.8712820000031449
17.35865000000351,0.8727850000031445
17.36032000000351,0.8742880000031477
17.361990000003512,0.8757910000031472
17.363660000003513,0.8772940000031468
17.365330000003514,0.87879700000315
17.367000000003515,0.8803000000031496
17.368670000003515,0.8818030000031492
17.370340000003516,0.8833060000031487
17.372010000003517,0.8848090000031519
17.373680000003517,0.8863120000031515
17.375350000003518,0.8878150000031511
17.37702000000352,0.8893180000031542
17.37869000000352,0.8908210000031538
17.38036000000352,0.8923240000031534
17.38203000000352,0.8938270000031565
17.383700000003522,0.8953300000031561
17.385370000003523,0.8968330000031557
17.387040000003523,0.8983360000031553
17.388710000003524,0.8998390000031584
17.390380000003525,0.901342000003158
17.392050000003525,0.9028450000031576
17.393720000003526,0.9043480000031607
17.395390000003527,0.9058510000031603
17.397060000003528,0.9073540000031599
17.39873000000353,0.908857000003163
17.40040000000353,0.9103600000031626
17.40207000000353,0.9118630000031622
17.40374000000353,0.9133660000031618
17.40541000000353,0.914869000003165
17.407080000003532,0.9163720000031645
17.408750000003533,0.9178750000031641
17.410420000003533,0.9193780000031673
17.412090000003534,0.9208810000031669
17.413760000003535,0.9223840000031664
17.415430000003536,0.9238870000031696
17.417100000003536,0.9253900000031692
17.418770000003537,0.9268930000031688
17.420440000003538,0.9283960000031684
17.42211000000354,0.9298990000031715
17.42378000000354,0.9314020000031711
17.42545000000354,0.9329050000031707
17.42712000000354,0.9344080000031738
17.42879000000354,0.9359110000031734
17.430460000003542,0.937414000003173
17.432130000003543,0.9389170000031761
17.433800000003544,0.9404200000031757
17.435470000003544,0.9419230000031753
17.437140000003545,0.9434260000031749
17.438810000003546,0.944929000003178
17.440480000003546,0.9464320000031776
17.442150000003547,0.9479350000031772
17.443820000003548,0.9494380000031803
17.44549000000355,0.9509410000031799
17.44716000000355,0.9524440000031795
17.44883000000355,0.9539470000031827
17.45050000000355,0.9554500000031823
17.45217000000355,0.9569530000031818
17.453840000003552,0.9584560000031814
17.455510000003553,0.9599590000031846
17.457180000003554,0.9614620000031842
17.458850000003554,0.9629650000031837
17.460520000003555,0.9644680000031869
17.462190000003556,0.9659710000031865
17.463860000003557,0.9674740000031861
17.465530000003557,0.9689770000031892
17.467200000003558,0.9704800000031888
17.46887000000356,0.9719830000031884
17.47054000000356,0.973486000003188
17.47221000000356,0.9749890000031911
17.47388000000356,0.9764920000031907
17.47555000000356,0.9779950000031903
17.477220000003562,0.9794980000031934
17.478890000003563,0.981001000003193
17.480560000003564,0.9825040000031926
17.482230000003565,0.9840070000031957
17.483900000003565,0.9855100000031953
17.485570000003566,0.9870130000031949
17.487240000003567,0.9885160000031945
17.488910000003568,0.9900190000031976
17.49058000000357,0.9915220000031972
17.49225000000357,0.9930250000031968
17.49392000000357,0.9945280000032
17.49559000000357,0.9960310000031996
17.49726000000357,0.9975340000031991
17.498930000003572,0.9990370000032023
17.500600000003573,0.9998202334619535
17.502270000003573,0.9993198832674004
17.503940000003574,0.9988195330728509
17.505610000003575,0.9983191828782978
17.507280000003576,0.9978188326837447
17.508950000003576,0.9973184824891916
17.510620000003577,0.9968181322946386
17.512290000003578,0.9963177821000855
17.51396000000358,0.9958174319055324
17.51563000000358,0.9953170817109793
17.51730000000358,0.9948167315164262
17.51897000000358,0.9943163813218732
17.52064000000358,0.9938160311273201
17.522310000003582,0.993315680932767
17.523980000003583,0.9928153307382175
17.525650000003584,0.9923149805436644
17.527320000003584,0.9918146303491113
17.528990000003585,0.9913142801545582
17.530660000003586,0.9908139299600052
17.532330000003586,0.9903135797654521
17.534000000003587,0.989813229570899
17.535670000003588,0.9893128793763459
17.53734000000359,0.9888125291817929
17.53901000000359,0.9883121789872398
17.54068000000359,0.9878118287926867
17.54235000000359,0.9873114785981372
17.54402000000359,0.9868111284035841
17.545690000003592,0.986310778209031
17.547360000003593,0.9858104280144779
17.549030000003594,0.9853100778199249
17.550700000003594,0.9848097276253753
17.552370000003595,0.9843093774308223
17.554040000003596,0.9838090272362692
17.555710000003597,0.9833086770417161
17.557380000003597,0.982808326847163
17.559050000003598,0.9823079766526099
17.5607200000036,0.9818076264580604
17.5623900000036,0.9813072762635073
17.5640600000036,0.9808069260689543
17.5657300000036,0.9803065758744012
17.5674000000036,0.9798062256798481
17.569070000003602,0.979305875485295
17.570740000003603,0.9788055252907419
17.572410000003604,0.9783051750961889
17.574080000003605,0.9778048249016358
17.575750000003605,0.9773044747070827
17.577420000003606,0.9768041245125296
17.579090000003607,0.9763037743179765
17.580760000003608,0.975803424123427
17.58243000000361,0.9753030739288739
17.58410000000361,0.9748027237343209
17.58577000000361,0.9743023735397678
17.58744000000361,0.9738020233452147
17.58911000000361,0.9733016731506616
17.590780000003612,0.9728013229561085
17.592450000003613,0.9723009727615555
17.594120000003613,0.9718006225670024
17.595790000003614,0.9713002723724493
17.597460000003615,0.9707999221778962
17.599130000003615,0.9702995719833467
17.600800000003616,0.9697992217887936
17.602470000003617,0.9692988715942406
17.604140000003618,0.9687985213996875
17.60581000000362,0.9682981712051344
17.60748000000362,0.9677978210105813
17.60915000000362,0.9672974708160282
17.61082000000362,0.9667971206214752
17.61249000000362,0.9662967704269221
17.614160000003622,0.965796420232369
17.615830000003623,0.9652960700378159
17.617500000003623,0.9647957198432664
17.619170000003624,0.9642953696487133
17.620840000003625,0.9637950194541602
17.622510000003626,0.9632946692596072
17.624180000003626,0.9627943190650541
17.625850000003627,0.962293968870501
17.627520000003628,0.9617936186759479
17.62919000000363,0.9612932684813948
17.63086000000363,0.9607929182868418
17.63253000000363,0.9602925680922887
17.63420000000363,0.9597922178977356
17.63587000000363,0.9592918677031825
17.637540000003632,0.958791517508633
17.639210000003633,0.9582911673140799
17.640880000003634,0.9577908171195268
17.642550000003634,0.9572904669249738
17.644220000003635,0.9567901167304207
17.645890000003636,0.9562897665358676
17.647560000003637,0.9557894163413145
17.649230000003637,0.9552890661467615
17.650900000003638,0.9547887159522084
17.65257000000364,0.9542883657576553
17.65424000000364,0.9537880155631058
17.65591000000364,0.9532876653685527
17.65758000000364,0.9527873151739996
17.65925000000364,0.9522869649794465
17.660920000003642,0.9517866147848935
17.662590000003643,0.9512862645903404
17.664260000003644,0.9507859143957873
17.665930000003645,0.9502855642012342
17.667600000003645,0.9497852140066811
17.669270000003646,0.9492848638121281
17.670940000003647,0.9487845136175785
17.672610000003647,0.9482841634230255
17.674280000003648,0.9477838132284724
17.67595000000365,0.9472834630339193
17.67762000000365,0.9467831128393662
17.67929000000365,0.9462827626448131
17.68096000000365,0.9457824124502601
17.682630000003652,0.945282062255707
17.684300000003653,0.9447817120611539
17.685970000003653,0.9442813618666008
17.687640000003654,0.9437810116720513
17.689310000003655,0.9432806614774982
17.690980000003655,0.9427803112829451
17.692650000003656,0.9422799610883921
17.694320000003657,0.941779610893839
17.695990000003658,0.9412792606992859
17.69766000000366,0.9407789105047328
17.69933000000366,0.9402785603101798
17.70100000000366,0.9397782101156267
17.70267000000366,0.9392778599210736
17.70434000000366,0.9387775097265241
17.706010000003662,0.938277159531971
17.707680000003663,0.9377768093374179
17.709350000003663,0.9372764591428648
17.711020000003664,0.9367761089483118
17.712690000003665,0.9362757587537587
17.714360000003666,0.9357754085592056
17.716030000003666,0.9352750583646525
17.717700000003667,0.9347747081700994
17.719370000003668,0.9342743579755464
17.72104000000367,0.9337740077809968
17.72271000000367,0.9332736575864438
17.72438000000367,0.9327733073918907
17.72605000000367,0.9322729571973376
17.72772000000367,0.9317726070027845
17.729390000003672,0.9312722568082314
17.731060000003673,0.9307719066136784
17.732730000003674,0.9302715564191253
17.734400000003674,0.9297712062245722
17.736070000003675,0.9292708560300191
17.737740000003676,0.9287705058354696
17.739410000003677,0.9282701556409165
17.741080000003677,0.9277698054463634
17.742750000003678,0.9272694552518104
17.74442000000368,0.9267691050572573
17.74609000000368,0.9262687548627042
17.74776000000368,0.9257684046681511
17.74943000000368,0.9252680544735981
17.75110000000368,0.9247677042790485
17.752770000003682,0.9242673540844955
17.754440000003683,0.9237670038899459
17.756110000003684,0.9232666536953928
17.757780000003685,0.9227663035008398
17.759450000003685,0.9222659533062867
17.761120000003686,0.9217656031117336
17.762790000003687,0.9212652529171805
17.764460000003687,0.9207649027226275
17.766130000003688,0.9202645525280744
17.76780000000369,0.9197642023335213
17.76947000000369,0.9192638521389682
17.77114000000369,0.9187635019444187
17.77281000000369,0.9182631517498656
17.77448000000369,0.9177628015553125
17.776150000003692,0.9172624513607595
17.777820000003693,0.9167621011662064
17.779490000003694,0.9162617509716533
17.781160000003695,0.9157614007771002
17.782830000003695,0.9152610505825471
17.784500000003696,0.9147607003879941
17.786170000003697,0.914260350193441
17.787840000003698,0.9137599999988879
17.7895100000037,0.9132596498043384
17.7911800000037,0.9127592996097853
17.7928500000037,0.9122589494152322
17.7945200000037,0.9117585992206791
17.7961900000037,0.9112582490261261
17.797860000003702,0.910757898831573
17.799530000003703,0.9102575486370199
17.801200000003703,0.9097571984424668
17.802870000003704,0.9092568482479138
17.804540000003705,0.9087564980533607
17.806210000003706,0.9082561478588076
17.807880000003706,0.9077557976642581
17.809550000003707,0.907255447469705
17.811220000003708,0.9067550972751519
17.81289000000371,0.9062547470805988
17.81456000000371,0.9057543968860458
17.81623000000371,0.9052540466914927
17.81790000000371,0.9047536964969396
17.81957000000371,0.9042533463023865
17.821240000003712,0.9037529961078334
17.822910000003713,0.9032526459132804
17.824580000003714,0.9027522957187273
17.826250000003714,0.9022519455241778
17.827920000003715,0.9017515953296247
17.829590000003716,0.9012512451350716
17.831260000003716,0.9007508949405185
17.832930000003717,0.9002505447459654
17.834600000003718,0.8997501945514124
17.83627000000372,0.8992498443568593
17.83794000000372,0.8987494941623062
17.83961000000372,0.8982491439677531
17.84128000000372,0.8977487937732
17.84295000000372,0.897248443578647
17.844620000003722,0.8967480933840939
17.846290000003723,0.8962477431895444
17.847960000003724,0.8957473929949913
17.849630000003724,0.8952470428004382
17.851300000003725,0.8947466926058851
17.852970000003726,0.894246342411332
17.854640000003727,0.893745992216779
17.856310000003727,0.8932456420222259
17.857980000003728,0.8927452918276728
17.85965000000373,0.8922449416331197
17.86132000000373,0.8917445914385667
17.86299000000373,0.8912442412440136
17.86466000000373,0.890743891049464
17.86633000000373,0.890243540854911
17.868000000003732,0.8897431906603579
17.869670000003733,0.8892428404658048
17.871340000003734,0.8887424902712517
17.873010000003735,0.8882421400766987
17.874680000003735,0.8877417898821456
17.876350000003736,0.8872414396875925
17.878020000003737,0.8867410894930394
17.879690000003738,0.8862407392984863
17.88136000000374,0.8857403891039333
17.88303000000374,0.8852400389093837
17.88470000000374,0.8847396887148307
17.88637000000374,0.8842393385202776
17.88804000000374,0.8837389883257245
17.889710000003742,0.8832386381311714
17.891380000003743,0.8827382879366183
17.893050000003743,0.8822379377420653
17.894720000003744,0.8817375875475122
17.896390000003745,0.8812372373529591
17.898060000003746,0.880736887158406
17.899730000003746,0.880236536963853
17.901400000003747,0.8797361867692999
17.903070000003748,0.8792358365747504
17.90474000000375,0.8787354863801973
17.90641000000375,0.8782351361856442
17.90808000000375,0.8777347859910911
17.90975000000375,0.877234435796538
17.91142000000375,0.876734085601985
17.913090000003752,0.8762337354074319
17.914760000003753,0.8757333852128788
17.916430000003754,0.8752330350183257
17.918100000003754,0.8747326848237726
17.919770000003755,0.8742323346292196
17.921440000003756,0.87373198443467
17.923110000003756,0.873231634240117
17.924780000003757,0.8727312840455639
17.926450000003758,0.8722309338510108
17.92812000000376,0.8717305836564577
17.92979000000376,0.8712282524260502
17.93146000000376,0.8707256310668257
17.93313000000376,0.8702230097076011
17.93480000000376,0.8697203883483802
17.936470000003762,0.8692177669891556
17.938140000003763,0.8687151456299311
17.939810000003764,0.8682125242707066
17.941480000003764,0.8677099029114856
17.943150000003765,0.8672072815522611
17.944820000003766,0.8667046601930366
17.946490000003767,0.8662020388338156
17.948160000003767,0.8656994174745911
17.949830000003768,0.8651967961153666
17.95150000000377,0.8646941747561421
17.95317000000377,0.8641915533969211
17.95484000000377,0.8636889320376966
17.95651000000377,0.8631863106784721
17.95818000000377,0.8626836893192511
17.959850000003772,0.8621810679600266
17.961520000003773,0.8616784466008021
17.963190000003774,0.8611758252415775
17.964860000003775,0.8606732038823566
17.966530000003775,0.860170582523132
17.968200000003776,0.8596679611639075
17.969870000003777,0.8591653398046866
17.971540000003777,0.858662718445462
17.973210000003778,0.8581600970862375
17.97488000000378,0.857657475727013
17.97655000000378,0.857154854367792
17.97822000000378,0.8566522330085675
17.97989000000378,0.856149611649343
17.981560000003782,0.855646990290122
17.983230000003783,0.8551443689308975
17.984900000003783,0.854641747571673
17.986570000003784,0.8541391262124485
17.988240000003785,0.8536365048532275
17.989910000003785,0.853133883494003
17.991580000003786,0.8526312621347785
17.993250000003787,0.8521286407755575
17.994920000003788,0.851626019416333
17.99659000000379,0.8511233980571085
17.99826000000379,0.8506207766978839
17.99993000000379,0.850118155338663
18.00160000000379,0.8496155339794385
18.00327000000379,0.8491129126202139
18.004940000003792,0.848610291260993
18.006610000003793,0.8481076699017684
18.008280000003793,0.8476050485425439
18.009950000003794,0.8471024271833194
18.011620000003795,0.8465998058240984
18.013290000003796,0.8460971844648739
18.014960000003796,0.8455945631056494
18.016630000003797,0.8450919417464284
18.018300000003798,0.8445893203872039
18.0199700000038,0.8440866990279794
18.0216400000038,0.8435840776687549
18.0233100000038,0.8430814563095339
18.0249800000038,0.8425788349503094
18.0266500000038,0.8420762135910849
18.028320000003802,0.8415735922318639
18.029990000003803,0.8410709708726394
18.031660000003804,0.8405683495134149
18.033330000003804,0.8400657281541903
18.035000000003805,0.8395631067949694
18.036670000003806,0.8390604854357449
18.038340000003807,0.8385578640765203
18.040010000003807,0.8380552427172994
18.041680000003808,0.8375526213580748
18.04335000000381,0.8370499999988503
18.04502000000381,0.8365473786396258
18.04669000000381,0.8360447572804048
18.04836000000381,0.8355421359211803
18.05003000000381,0.8350395145619594
18.051700000003812,0.8345368932027384
18.053370000003813,0.8340342718435139
18.055040000003814,0.8335316504842893
18.056710000003815,0.8330290291250648
18.058380000003815,0.8325264077658439
18.060050000003816,0.8320237864066193
18.061720000003817,0.8315211650473948
18.063390000003817,0.8310185436881738
18.065060000003818,0.8305159223289493
18.06673000000382,0.8300133009697248
18.06840000000382,0.8295106796105003
18.07007000000382,0.8290080582512793
18.07174000000382,0.8285059143957447
18.073410000003822,0.8280055642011916
18.075080000003823,0.8275052140066386
18.076750000003823,0.8270048638120855
18.078420000003824,0.8265045136175324
18.080090000003825,0.8260041634229793
18.081760000003825,0.8255038132284263
18.083430000003826,0.8250034630338732
18.085100000003827,0.8245031128393201
18.086770000003828,0.824002762644767
18.08844000000383,0.8235024124502175
18.09011000000383,0.8230020622556644
18.09178000000383,0.8225017120611113
18.09345000000383,0.8220013618665583
18.09512000000383,0.8215010116720052
18.096790000003832,0.8210006614774521
18.098460000003833,0.820500311282899
18.100130000003833,0.8199999610883459
18.101800000003834,0.8194996108937929
18.103470000003835,0.8189992606992398
18.105140000003836,0.8184989105046903
18.106810000003836,0.8179985603101372
18.108480000003837,0.8174982101155841
18.110150000003838,0.816997859921031
18.11182000000384,0.8164975097264779
18.11349000000384,0.8159971595319249
18.11516000000384,0.8154968093373718
18.11683000000384,0.8149964591428187
18.11850000000384,0.8144961089482656
18.120170000003842,0.8139957587537126
18.121840000003843,0.813495408559163
18.123510000003844,0.81299505836461
18.125180000003844,0.8124947081700569
18.126850000003845,0.8119943579755038
18.128520000003846,0.8114940077809507
18.130190000003847,0.8109936575863976
18.131860000003847,0.8104933073918446
18.133530000003848,0.8099929571972915
18.13520000000385,0.8094926070027384
18.13687000000385,0.8089922568081853
18.13854000000385,0.8084919066136358
18.14021000000385,0.8079915564190827
18.14188000000385,0.8074912062245296
18.143550000003852,0.8069908560299766
18.145220000003853,0.8064905058354235
18.146890000003854,0.8059901556408704
18.148560000003854,0.8054898054463173
18.150230000003855,0.8049894552517642
18.151900000003856,0.8044891050572112
18.153570000003857,0.8039887548626581
18.155240000003857,0.8034884046681086
18.156910000003858,0.8029880544735555
18.15858000000386,0.8024877042790024
18.16025000000386,0.8019873540844493
18.16192000000386,0.8014870038898962
18.16359000000386,0.8009866536953432
18.16526000000386,0.8004863035007901
18.166930000003862,0.799985953306237
18.168600000003863,0.7994856031116839
18.170270000003864,0.7989852529171309
18.171940000003865,0.7984849027225813
18.173610000003865,0.7979845525280282
18.175280000003866,0.7974842023334752
18.176950000003867,0.7969838521389221
18.178620000003868,0.796483501944369
18.18029000000387,0.7959831517498159
18.18196000000387,0.7954828015552629
18.18363000000387,0.7949824513607098
18.18530000000387,0.7944821011661567
18.18697000000387,0.7939817509716036
18.188640000003872,0.7934814007770541
18.190310000003873,0.792981050582501
18.191980000003873,0.7924807003879479
18.193650000003874,0.7919803501933949
18.195320000003875,0.7914799999988418
18.196990000003876,0.7909796498042887
18.198660000003876,0.7904792996097356
18.200330000003877,0.7899789494151825
18.202000000003878,0.7894785992206295
18.20367000000388,0.7889782490260764
18.20534000000388,0.7884778988315269
18.20701000000388,0.7879775486369738
18.20868000000388,0.7874771984424207
18.21035000000388,0.7869768482478676
18.212020000003882,0.7864764980533145
18.213690000003883,0.7859761478587615
18.215360000003884,0.7854757976642084
18.217030000003884,0.7849754474696553
18.218700000003885,0.7844750972751022
18.220370000003886,0.7839747470805492
18.222040000003886,0.7834743968859961
18.223710000003887,0.7829740466914465
18.225380000003888,0.7824736964968935
18.22705000000389,0.7819733463023404
18.22872000000389,0.7814729961077873
18.23039000000389,0.7809726459132342
18.23206000000389,0.7804722957186812
18.23373000000389,0.7799719455241281
18.235400000003892,0.779471595329575
18.237070000003893,0.7789712451350219
18.238740000003894,0.7784708949404688
18.240410000003894,0.7779705447459158
18.242080000003895,0.7774701945513662
18.243750000003896,0.7769698443568132
18.245420000003897,0.7764694941622601
18.247090000003897,0.775969143967707
18.248760000003898,0.7754687937731539
18.2504300000039,0.7749684435786044
18.2521000000039,0.7744680933840513
18.2537700000039,0.7739677431894982
18.2554400000039,0.7734673929949452
18.2571100000039,0.7729670428003921
18.258780000003902,0.772466692605839
18.260450000003903,0.7719663424112895
18.262120000003904,0.7714659922167364
18.263790000003905,0.7709656420221833
18.265460000003905,0.7704652918276302
18.267130000003906,0.7699649416330772
18.268800000003907,0.7694645914385241
18.270470000003908,0.768964241243971
18.27214000000391,0.7684638910494179
18.27381000000391,0.7679635408548648
18.27548000000391,0.7674631906603118
18.27715000000391,0.7669628404657587
18.27882000000391,0.7664624902712056
18.280490000003912,0.7659621400766561
18.282160000003913,0.765461789882103
18.283830000003913,0.7649614396875499
18.285500000003914,0.7644610894929968
18.287170000003915,0.7639607392984438
18.288840000003916,0.7634603891038907
18.290510000003916,0.7629600389093376
18.292180000003917,0.7624596887147845
18.293850000003918,0.7619593385202315
18.29552000000392,0.7614589883256784
18.29719000000392,0.7609586381311253
18.29886000000392,0.7604582879365758
18.30053000000392,0.7599579377420227
18.30220000000392,0.7594575875474696
18.303870000003922,0.7589572373529165
18.305540000003923,0.7584568871583635
18.307210000003924,0.7579565369638104
18.308880000003924,0.7574561867692573
18.310550000003925,0.7569558365747042
18.312220000003926,0.7564554863801511
18.313890000003926,0.7559551361855981
18.315560000003927,0.755454785991045
18.317230000003928,0.7549544357964955
18.31890000000393,0.7544540856019424
18.32057000000393,0.7539537354073893
18.32224000000393,0.7534533852128362
18.32391000000393,0.7529530350182831
18.32558000000393,0.7524526848237301
18.327250000003932,0.751952334629177
18.328920000003933,0.7514519844346239
18.330590000003934,0.7509516342400708
18.332260000003934,0.7504512840455178
18.333930000003935,0.7499509338509647
18.335600000003936,0.7494505836564116
18.337270000003937,0.7489502334618621
18.338940000003937,0.748449883267309
18.340610000003938,0.7479495330727559
18.34228000000394,0.7474491828782028
18.34395000000394,0.7469488326836498
18.34562000000394,0.7464484824890967
18.34729000000394,0.7459481322945436
18.34896000000394,0.7454477820999905
18.350630000003942,0.7449474319054374
18.352300000003943,0.7444470817108844
18.353970000003944,0.7439467315163313
18.355640000003945,0.7434463813217818
18.357310000003945,0.7429455339793982
18.358980000003946,0.7424429126201773
18.360650000003947,0.7419402912609527
18.362320000003947,0.7414376699017282
18.363990000003948,0.7409350485425072
18.36566000000395,0.7404324271832827
18.36733000000395,0.7399298058240582
18.36900000000395,0.7394271844648337
18.37067000000395,0.7389245631056127
18.372340000003952,0.7384219417463882
18.374010000003953,0.7379193203871637
18.375680000003953,0.7374166990279427
18.377350000003954,0.7369140776687182
18.379020000003955,0.7364114563094937
18.380690000003955,0.7359088349502692
18.382360000003956,0.7354062135910482
18.384030000003957,0.7349035922318237
18.385700000003958,0.7344009708725991
18.38737000000396,0.7338983495133782
18.38904000000396,0.7333957281541537
18.39071000000396,0.7328931067949291
18.39238000000396,0.7323904854357046
18.39405000000396,0.7318878640764837
18.395720000003962,0.7313852427172591
18.397390000003963,0.7308826213580346
18.399060000003963,0.7303799999988136
18.400730000003964,0.7298773786395891
18.402400000003965,0.7293747572803646
18.404070000003966,0.7288721359211401
18.405740000003966,0.7283695145619191
18.407410000003967,0.7278668932026946
18.409080000003968,0.7273642718434701
18.41075000000397,0.7268616504842491
18.41242000000397,0.7263590291250246
18.41409000000397,0.7258564077658001
18.41576000000397,0.7253537864065756
18.41743000000397,0.7248511650473546
18.419100000003972,0.7243485436881301
18.420770000003973,0.7238459223289055
18.422440000003974,0.7233433009696846
18.424110000003974,0.7228406796104601
18.425780000003975,0.7223380582512355
18.427450000003976,0.721835436892011
18.429120000003977,0.72133281553279
18.430790000003977,0.7208301941735655
18.432460000003978,0.720327572814341
18.43413000000398,0.71982495145512
18.43580000000398,0.7193223300958955
18.43747000000398,0.718819708736671
18.43914000000398,0.7183170873774465
18.44081000000398,0.7178144660182255
18.442480000003982,0.717311844659001
18.444150000003983,0.7168092232997765
18.445820000003984,0.7163066019405555
18.447490000003985,0.715803980581331
18.449160000003985,0.7153013592221065
18.450830000003986,0.714798737862882
18.452500000003987,0.714296116503661
18.454170000003987,0.7137934951444365
18.455840000003988,0.7132908737852119
18.45751000000399,0.712788252425991
18.45918000000399,0.7122856310667665
18.46085000000399,0.7117830097075419
18.46252000000399,0.7112803883483174
18.464190000003992,0.7107777669890964
18.465860000003993,0.7102751456298719
18.467530000003993,0.7097725242706474
18.469200000003994,0.7092699029114264
18.470870000003995,0.7087672815522019
18.472540000003995,0.7082646601929774
18.474210000003996,0.7077620388337529
18.475880000003997,0.7072594174745319
18.477550000003998,0.7067567961153074
18.479220000004,0.7062541747560829
18.480890000004,0.7057515533968619
18.482560000004,0.7052489320376374
18.484230000004,0.7047463106784129
18.485900000004,0.7042436893191883
18.487570000004002,0.7037410679599674
18.489240000004003,0.7032384466007429
18.490910000004003,0.7027358252415183
18.492580000004004,0.7022332038822974
18.494250000004005,0.7017305825230729
18.495920000004006,0.7012279611638483
18.497590000004006,0.7007253398046238
18.499260000004007,0.7002227184454028
18.500930000004008,0.6999066381318961
18.50260000000401,0.6997389883264482
18.50427000000401,0.6995713385210003
18.50594000000401,0.6994036887155524
18.50761000000401,0.6992360389101044
18.50928000000401,0.6990683891046601
18.510950000004012,0.6989007392992121
18.512620000004013,0.6987330894937642
18.514290000004014,0.6985654396883163
18.515960000004014,0.6983977898828684
18.517630000004015,0.698230140077424
18.519300000004016,0.6980624902719725
18.520970000004016,0.6978948404665246
18.522640000004017,0.6977271906610767
18.524310000004018,0.6975595408556288
18.52598000000402,0.6973918910501808
18.52765000000402,0.6972242412447365
18.52932000000402,0.6970565914392886
18.53099000000402,0.6968889416338406
18.53266000000402,0.6967212918283927
18.534330000004022,0.6965536420229448
18.536000000004023,0.6963859922175004
18.537670000004024,0.6962183424120489
18.539340000004024,0.696050692606601
18.541010000004025,0.6958830428011531
18.542680000004026,0.6957153929957052
18.544350000004027,0.6955477431902608
18.546020000004027,0.6953800933848129
18.547690000004028,0.695212443579365
18.54936000000403,0.695044793773917
18.55103000000403,0.6948771439684691
18.55270000000403,0.6947094941630247
18.55437000000403,0.6945418443575768
18.55604000000403,0.6943741945521289
18.557710000004032,0.6942065447466774
18.559380000004033,0.6940388949412295
18.561050000004034,0.6938712451357851
18.562720000004035,0.6937035953303372
18.564390000004035,0.6935359455248893
18.566060000004036,0.6933682957194414
18.567730000004037,0.6932006459139934
18.569400000004038,0.6930329961085455
18.57107000000404,0.6928653463031011
18.57274000000404,0.6926976964976532
18.57441000000404,0.6925300466922053
18.57608000000404,0.6923623968867538
18.57775000000404,0.6921947470813059
18.579420000004042,0.6920270972758615
18.581090000004043,0.6918594474704136
18.582760000004043,0.6916917976649657
18.584430000004044,0.6915241478595178
18.586100000004045,0.6913564980540698
18.587770000004046,0.6911888482486255
18.589440000004046,0.6910211984431776
18.591110000004047,0.6908535486377296
18.592780000004048,0.6906858988322817
18.59445000000405,0.6905182490268302
18.59612000000405,0.6903505992213859
18.59779000000405,0.6901829494159379
18.59946000000405,0.69001529961049
18.60113000000405,0.6898476498050421
18.602800000004052,0.6896799999995942
18.604470000004053,0.6895123501941463
18.606140000004054,0.6893447003887019
18.607810000004054,0.689177050583254
18.609480000004055,0.689009400777806
18.611150000004056,0.6888417509723581
18.612820000004056,0.6886741011669102
18.614490000004057,0.6885064513614623
18.616160000004058,0.6883388015560143
18.61783000000406,0.6881711517505664
18.61950000000406,0.6880035019451185
18.62117000000406,0.6878358521396706
18.62284000000406,0.6876682023342262
18.62451000000406,0.6875005525287783
18.626180000004062,0.6873329027233304
18.627850000004063,0.6871652529178824
18.629520000004064,0.6869976031124345
18.631190000004064,0.6868299533069901
18.632860000004065,0.6866623035015387
18.634530000004066,0.6864946536960908
18.636200000004067,0.6863270038906428
18.637870000004067,0.6861593540851949
18.639540000004068,0.6859917042797505
18.64121000000407,0.6858240544743026
18.64288000000407,0.6856564046688547
18.64455000000407,0.6854887548634068
18.64622000000407,0.6853211050579588
18.64789000000407,0.6851534552525109
18.649560000004072,0.6849858054470666
18.651230000004073,0.6848181556416151
18.652900000004074,0.6846505058361672
18.654570000004075,0.6844828560307192
18.656240000004075,0.6843152062252713
18.657910000004076,0.6841475564198269
18.659580000004077,0.683979906614379
18.661250000004078,0.6838122568089311
18.66292000000408,0.6836446070034832
18.66459000000408,0.6834769571980353
18.66626000000408,0.6833093073925909
18.66793000000408,0.6831416575871394
18.66960000000408,0.6829740077816915
18.671270000004082,0.6828063579762436
18.672940000004083,0.6826387081707956
18.674610000004083,0.6824710583653513
18.676280000004084,0.6823034085599033
18.677950000004085,0.6821357587544554
18.679620000004086,0.6819681089490075
18.681290000004086,0.6818004591435596
18.682960000004087,0.6816328093381152
18.684630000004088,0.6814651595326637
18.68630000000409,0.6812975097272158
18.68797000000409,0.6811298599217679
18.68964000000409,0.68096221011632
18.69131000000409,0.6807945603108756
18.69298000000409,0.6806269105054277
18.694650000004092,0.6804592606999798
18.696320000004093,0.6802916108945318
18.697990000004094,0.6801239610890839
18.699660000004094,0.6799563112836395
18.701330000004095,0.6797886614781881
18.703000000004096,0.6796210116727401
18.704670000004096,0.6794533618672922
18.706340000004097,0.6792857120618443
18.708010000004098,0.6791180622563999
18.7096800000041,0.678950412450952
18.7113500000041,0.6787827626455041
18.7130200000041,0.6786151128400562
18.7146900000041,0.6784474630346082
18.7163600000041,0.6782798132291639
18.718030000004102,0.6781121634237124
18.719700000004103,0.6779445136182645
18.721370000004104,0.6777768638128165
18.723040000004104,0.6776092140073686
18.724710000004105,0.6774415642019243
18.726380000004106,0.6772739143964763
18.728050000004107,0.6771062645910284
18.729720000004107,0.6769386147855805
18.731390000004108,0.6767709649801326
18.73306000000411,0.6766033151746882
18.73473000000411,0.6764356653692367
18.73640000000411,0.6762680155637888
18.73807000000411,0.6761003657583409
18.73974000000411,0.675932715952893
18.741410000004112,0.6757650661474486
18.743080000004113,0.6755974163420007
18.744750000004114,0.6754297665365527
18.746420000004115,0.6752621167311048
18.748090000004115,0.6750944669256569
18.749760000004116,0.6749268171202125
18.751430000004117,0.674759167314761
18.753100000004117,0.6745915175093131
18.754770000004118,0.6744238677038652
18.75644000000412,0.6742562178984208
18.75811000000412,0.6740885680929729
18.75978000000412,0.673920918287525
18.76145000000412,0.6737532684820771
18.763120000004122,0.6735856186766291
18.764790000004123,0.6734179688711848
18.766460000004123,0.6732503190657368
18.768130000004124,0.6730826692602854
18.769800000004125,0.6729150194548374
18.771470000004125,0.6727473696493895
18.773140000004126,0.6725797198439452
18.774810000004127,0.6724120700384972
18.776480000004128,0.6722444202330493
18.77815000000413,0.6720767704276014
18.77982000000413,0.6719091206221535
18.78149000000413,0.6717414708167091
18.78316000000413,0.6715738210112612
18.78483000000413,0.6714061712058097
18.786500000004132,0.6712385214003618
18.788170000004133,0.6710708715949139
18.789840000004133,0.6709032217894695
18.791510000004134,0.6707355719840216
18.793180000004135,0.6705679221785736
18.794850000004136,0.6704002723731257
18.796520000004136,0.6702326225676778
18.798190000004137,0.6700649727622334
18.799860000004138,0.6698973229567855
18.80153000000414,0.6697296731513376
18.80320000000414,0.6695620233458861
18.80487000000414,0.6693943735404382
18.80654000000414,0.6692267237349938
18.80821000000414,0.6690590739295459
18.809880000004142,0.668891424124098
18.811550000004143,0.66872377431865
18.813220000004144,0.6685561245132021
18.814890000004144,0.6683884747077578
18.816560000004145,0.6682208249023098
18.818230000004146,0.6680531750968619
18.819900000004147,0.667885525291414
18.821570000004147,0.6677178754859661
18.823240000004148,0.6675502256805181
18.82491000000415,0.6673825758750702
18.82658000000415,0.6672149260696223
18.82825000000415,0.6670472762641744
18.82992000000415,0.6668796264587264
18.83159000000415,0.6667119766532821
18.833260000004152,0.6665443268478342
18.834930000004153,0.6663766770423862
18.836600000004154,0.6662090272369383
18.838270000004155,0.6660413774314904
18.839940000004155,0.665873727626046
18.841610000004156,0.6657060778205945
18.843280000004157,0.6655384280151466
18.844950000004157,0.6653707782096987
18.846620000004158,0.6652031284042508
18.84829000000416,0.6650354785988064
18.84996000000416,0.6648678287933585
18.85163000000416,0.6647001789879106
18.85330000000416,0.6645325291824626
18.854970000004162,0.6643648793770147
18.856640000004163,0.6641972295715703
18.858310000004163,0.6640295797661224
18.859980000004164,0.663861929960671
18.861650000004165,0.663694280155223
18.863320000004165,0.6635266303497751
18.864990000004166,0.6633589805443307
18.866660000004167,0.6631913307388828
18.868330000004168,0.6630236809334349
18.87000000000417,0.662856031127987
18.87167000000417,0.662688381322539
18.87334000000417,0.6625207315170947
18.87501000000417,0.6623530817116468
18.87668000000417,0.6621854319061988
18.878350000004172,0.6620177821007509
18.880020000004173,0.6618501322952994
18.881690000004173,0.6616824824898551
18.883360000004174,0.6615148326844071
18.885030000004175,0.6613471828789592
18.886700000004176,0.6611795330735113
18.888370000004176,0.6610118832680634
18.890040000004177,0.660844233462619
18.891710000004178,0.6606765836571711
18.89338000000418,0.6605089338517232
18.89505000000418,0.6603412840462752
18.89672000000418,0.6601736342408273
18.89839000000418,0.6600059844353794
18.90006000000418,0.6598383346299315
18.901730000004182,0.6596706848244835
18.903400000004183,0.6595030350190356
18.905070000004184,0.6593353852135877
18.906740000004184,0.6591677354081433
18.908410000004185,0.6590000856026954
18.910080000004186,0.6588324357972475
18.911750000004186,0.6586647859917996
18.913420000004187,0.6584971361863516
18.915090000004188,0.6583294863809073
18.91676000000419,0.6581618365754558
18.91843000000419,0.6579941867700079
18.92010000000419,0.65782653696456
18.92177000000419,0.6576588871591156
18.92344000000419,0.6574912373536677
18.925110000004192,0.6573235875482197
18.926780000004193,0.6571559377427718
18.928450000004194,0.6569884466015274
18.930120000004194,0.6568230679607545
18.931790000004195,0.6566576893199745
18.933460000004196,0.656492310679198
18.935130000004197,0.6563269320384215
18.936800000004197,0.656161553397645
18.938470000004198,0.6559961747568686
18.9401400000042,0.6558307961160921
18.9418100000042,0.6556654174753156
18.9434800000042,0.6555000388345356
18.9451500000042,0.6553346601937591
18.9468200000042,0.6551692815529861
18.948490000004202,0.6550039029122097
18.950160000004203,0.6548385242714296
18.951830000004204,0.6546731456306532
18.953500000004205,0.6545077669898767
18.955170000004205,0.6543423883491002
18.956840000004206,0.6541770097083237
18.958510000004207,0.6540116310675472
18.960180000004208,0.6538462524267707
18.96185000000421,0.6536808737859907
18.96352000000421,0.6535154951452178
18.96519000000421,0.6533501165044413
18.96686000000421,0.6531847378636613
18.96853000000421,0.6530193592228848
18.970200000004212,0.6528539805821083
18.971870000004213,0.6526886019413354
18.973540000004213,0.6525232233005553
18.975210000004214,0.6523578446597789
18.976880000004215,0.6521924660190024
18.978550000004216,0.6520270873782223
18.980220000004216,0.6518617087374494
18.981890000004217,0.6516963300966729
18.983560000004218,0.6515309514558965
18.98523000000422,0.6513655728151164
18.98690000000422,0.6512001941743399
18.98857000000422,0.651034815533567
18.99024000000422,0.650869436892787
18.99191000000422,0.6507040582520105
18.993580000004222,0.650538679611234
18.995250000004223,0.6503733009704575
18.996920000004224,0.650207922329681
18.998590000004224,0.6500425436889046
19.000260000004225,0.6498771650481281
19.001930000004226,0.6497117864073481
19.003600000004226,0.6495464077665716
19.005270000004227,0.6493810291257986
19.006940000004228,0.6492156504850222
19.00861000000423,0.6490502718442421
19.01028000000423,0.6488848932034657
19.01195000000423,0.6487195145626892
19.01362000000423,0.6485541359219127
19.01529000000423,0.6483887572811362
19.016960000004232,0.6482233786403597
19.018630000004233,0.6480579999995832
19.020300000004234,0.6478926213588032
19.021970000004234,0.6477272427180267
19.023640000004235,0.6475618640772538
19.025310000004236,0.6473964854364738
19.026980000004237,0.6472311067956973
19.028650000004237,0.6470657281549208
19.030320000004238,0.6469003495141443
19.03199000000424,0.6467349708733678
19.03366000000424,0.6465695922325914
19.03533000000424,0.6464042135918149
19.03700000000424,0.6462388349510348
19.03867000000424,0.6460734563102584
19.040340000004242,0.6459080776694854
19.042010000004243,0.645742699028709
19.043680000004244,0.6455773203879289
19.045350000004245,0.6454119417471524
19.047020000004245,0.645246563106376
19.048690000004246,0.6450811844655995
19.050360000004247,0.644915805824823
19.052030000004248,0.6447504271840465
19.05370000000425,0.64458504854327
19.05537000000425,0.64441966990249
19.05704000000425,0.6442542912617171
19.05871000000425,0.6440889126209406
19.06038000000425,0.6439235339801606
19.062050000004252,0.6437581553393841
19.063720000004253,0.6435927766986076
19.065390000004253,0.6434273980578311
19.067060000004254,0.6432620194170546
19.068730000004255,0.6430966407762782
19.070400000004256,0.6429312621355017
19.072070000004256,0.6427649571980147
19.073740000004257,0.6425973073925668
19.075410000004258,0.6424296575871224
19.07708000000426,0.6422620077816745
19.07875000000426,0.6420943579762266
19.08042000000426,0.6419267081707787
19.08209000000426,0.6417590583653308
19.08376000000426,0.6415914085598864
19.085430000004262,0.6414237587544349
19.087100000004263,0.641256108948987
19.088770000004263,0.6410884591435391
19.090440000004264,0.6409208093380911
19.092110000004265,0.6407531595326468
19.093780000004266,0.6405855097271989
19.095450000004266,0.6404178599217509
19.097120000004267,0.640250210116303
19.098790000004268,0.6400825603108551
19.10046000000427,0.6399149105054107
19.10213000000427,0.6397472606999592
19.10380000000427,0.6395796108945113
19.10547000000427,0.6394119610890634
19.10714000000427,0.6392443112836155
19.108810000004272,0.6390766614781676
19.110480000004273,0.6389090116727232
19.112150000004274,0.6387413618672753
19.113820000004274,0.6385737120618273
19.115490000004275,0.6384060622563794
19.117160000004276,0.6382384124509315
19.118830000004277,0.6380707626454836
19.120500000004277,0.6379031128400356
19.122170000004278,0.6377354630345877
19.12384000000428,0.6375678132291398
19.12551000000428,0.6374001634236919
19.12718000000428,0.6372325136182475
19.12885000000428,0.6370648638127996
19.13052000000428,0.6368972140073517
19.132190000004282,0.6367295642019037
19.133860000004283,0.6365619143964558
19.135530000004284,0.6363942645910079
19.137200000004285,0.63622661478556
19.138870000004285,0.636058964980112
19.140540000004286,0.6358913151746641
19.142210000004287,0.6357236653692162
19.143880000004287,0.6355560155637718
19.145550000004288,0.6353883657583239
19.14722000000429,0.635220715952876
19.14889000000429,0.6350530661474281
19.15056000000429,0.6348854163419801
19.15223000000429,0.6347177665365287
19.153900000004292,0.6345501167310843
19.155570000004293,0.6343824669256364
19.157240000004293,0.6342148171201885
19.158910000004294,0.6340471673147405
19.160580000004295,0.6338795175092926
19.162250000004295,0.6337118677038482
19.163920000004296,0.6335442178984003
19.165590000004297,0.6333765680929524
19.167260000004298,0.6332089182875045
19.1689300000043,0.633041268482053
19.1706000000043,0.6328736186766086
19.1722700000043,0.6327059688711607
19.1739400000043,0.6325383190657128
19.1756100000043,0.6323706692602649
19.177280000004302,0.6322030194548169
19.178950000004303,0.6320353696493726
19.180620000004303,0.6318677198439246
19.182290000004304,0.6317000700384767
19.183960000004305,0.6315324202330288
19.185630000004306,0.6313647704275773
19.187300000004306,0.631197120622133
19.188970000004307,0.631029470816685
19.190640000004308,0.6308618210112371
19.19231000000431,0.6306941712057892
19.19398000000431,0.6305265214003413
19.19565000000431,0.6303588715948969
19.19732000000431,0.630191221789449
19.19899000000431,0.630023571984001
19.200660000004312,0.6298559221785531
19.202330000004313,0.6296882723731017
19.204000000004314,0.6295206225676573
19.205670000004314,0.6293529727622094
19.207340000004315,0.6291853229567614
19.209010000004316,0.6290176731513135
19.210680000004317,0.6288500233458656
19.212350000004317,0.6286823735404212
19.214020000004318,0.6285147237349733
19.21569000000432,0.6283470739295254
19.21736000000432,0.6281794241240775
19.21903000000432,0.628011774318626
19.22070000000432,0.6278441245131816
19.22237000000432,0.6276764747077337
19.224040000004322,0.6275088249022858
19.225710000004323,0.6273411750968378
19.227380000004324,0.6271735252913899
19.229050000004325,0.6270058754859456
19.230720000004325,0.6268382256804976
19.232390000004326,0.6266705758750497
19.234060000004327,0.6265029260696018
19.235730000004327,0.6263352762641539
19.237400000004328,0.6261676264587059
19.23907000000433,0.625999976653258
19.24074000000433,0.6258323268478101
19.24241000000433,0.6256646770423622
19.24408000000433,0.6254970272369142
19.245750000004332,0.6253293774314699
19.247420000004333,0.625161727626022
19.249090000004333,0.624994077820574
19.250760000004334,0.6248264280151261
19.252430000004335,0.6246587782096817
19.254100000004335,0.6244911284042338
19.255770000004336,0.6243234785987859
19.257440000004337,0.6241558287933344
19.259110000004338,0.6239881789878865
19.26078000000434,0.6238205291824421
19.26245000000434,0.6236528793769942
19.26412000000434,0.6234852295715463
19.26579000000434,0.6233175797660984
19.26746000000434,0.6231499299606504
19.269130000004342,0.6229822801552061
19.270800000004343,0.6228146303497581
19.272470000004343,0.6226469805443102
19.274140000004344,0.6224793307388623
19.275810000004345,0.6223116809334108
19.277480000004346,0.6221440311279665
19.279150000004346,0.6219763813225185
19.280820000004347,0.6218087315170706
19.282490000004348,0.6216410817116227
19.28416000000435,0.6214734319061748
19.28583000000435,0.6213057821007304
19.28750000000435,0.6211381322952825
19.28917000000435,0.6209704824898346
19.29084000000435,0.6208028326843866
19.292510000004352,0.6206351828789387
19.294180000004353,0.6204675330734908
19.295850000004354,0.6202998832680429
19.297520000004354,0.6201322334625949
19.299190000004355,0.619964583657147
19.300860000004356,0.6197969338516991
19.302530000004356,0.6196292840462547
19.304200000004357,0.6194616342408068
19.305870000004358,0.6192939844353589
19.30754000000436,0.619126334629911
19.30921000000436,0.618958684824463
19.31088000000436,0.6187910350190187
19.31255000000436,0.6186233852135707
19.31422000000436,0.6184557354081193
19.315890000004362,0.6182880856026713
19.317560000004363,0.6181204357972234
19.319230000004364,0.617952785991779
19.320900000004364,0.6177851361863311
19.322570000004365,0.6176174863808832
19.324240000004366,0.6174498365754353
19.325910000004367,0.6172821867699874
19.327580000004367,0.617114536964543
19.329250000004368,0.6169468871590951
19.33092000000437,0.6167792373536471
19.33259000000437,0.6166115875481957
19.33426000000437,0.6164439377427477
19.33593000000437,0.6162762879373034
19.33760000000437,0.6161086381318555
19.339270000004372,0.6159409883264075
19.340940000004373,0.6157733385209596
19.342610000004374,0.6156056887155117
19.344280000004375,0.6154380389100673
19.345950000004375,0.6152703891046194
19.347620000004376,0.6151027392991715
19.349290000004377,0.6149350894937236
19.350960000004378,0.6147674396882721
19.35263000000438,0.6145997898828277
19.35430000000438,0.6144321400773798
19.35597000000438,0.6142644902719319
19.35764000000438,0.6140977864073314
19.35931000000438,0.6139324077665549
19.360980000004382,0.6137670291257749
19.362650000004383,0.6136016504850019
19.364320000004383,0.6134362718442254
19.365990000004384,0.613270893203449
19.367660000004385,0.6131055145626689
19.369330000004386,0.6129401359218924
19.371000000004386,0.6127747572811195
19.372670000004387,0.6126093786403395
19.374340000004388,0.612443999999563
19.37601000000439,0.6122786213587865
19.37768000000439,0.61211324271801
19.37935000000439,0.6119478640772336
19.38102000000439,0.6117824854364571
19.38269000000439,0.6116171067956806
19.384360000004392,0.6114517281549006
19.386030000004393,0.6112863495141241
19.387700000004394,0.6111209708733512
19.389370000004394,0.6109555922325747
19.391040000004395,0.6107902135917946
19.392710000004396,0.6106248349510182
19.394380000004396,0.6104594563102417
19.396050000004397,0.6102940776694616
19.397720000004398,0.6101286990286887
19.3993900000044,0.6099633203879122
19.4010600000044,0.6097979417471358
19.4027300000044,0.6096325631063557
19.4044000000044,0.6094671844655792
19.4060700000044,0.6093018058248063
19.407740000004402,0.6091364271840263
19.409410000004403,0.6089710485432498
19.411080000004404,0.6088056699024733
19.412750000004404,0.6086402912616968
19.414420000004405,0.6084749126209203
19.416090000004406,0.6083095339801439
19.417760000004407,0.6081441553393674
19.419430000004407,0.6079787766985874
19.421100000004408,0.6078133980578109
19.42277000000441,0.6076480194170379
19.42444000000441,0.6074826407762615
19.42611000000441,0.6073172621354814
19.42778000000441,0.607151883494705
19.42945000000441,0.6069865048539285
19.431120000004412,0.606821126213152
19.432790000004413,0.6066557475723755
19.434460000004414,0.606490368931599
19.436130000004415,0.6063249902908225
19.437800000004415,0.6061596116500425
19.439470000004416,0.605994233009266
19.441140000004417,0.6058288543684931
19.442810000004418,0.6056634757277131
19.44448000000442,0.6054980970869366
19.44615000000442,0.6053327184461601
19.44782000000442,0.6051673398053836
19.44949000000442,0.6050019611646071
19.45116000000442,0.6048365825238307
19.452830000004422,0.6046712038830542
19.454500000004423,0.6045058252422741
19.456170000004423,0.6043404466014977
19.457840000004424,0.6041750679607247
19.459510000004425,0.6040096893199483
19.461180000004425,0.6038443106791682
19.462850000004426,0.6036789320383917
19.464520000004427,0.6035135533976153
19.466190000004428,0.6033481747568388
19.46786000000443,0.6031827961160623
19.46953000000443,0.6030174174752858
19.47120000000443,0.6028520388345093
19.47287000000443,0.6026866601937293
19.47454000000443,0.6025212815529564
19.476210000004432,0.6023559029121799
19.477880000004433,0.6021905242713999
19.479550000004433,0.6020251456306234
19.481220000004434,0.6018597669898469
19.482890000004435,0.6016943883490704
19.484560000004436,0.6015290097082939
19.486230000004436,0.6013636310675174
19.487900000004437,0.601198252426741
19.489570000004438,0.6010328737859609
19.49124000000444,0.6008674951451844
19.49291000000444,0.6007021165044115
19.49458000000444,0.600536737863635
19.49625000000444,0.600371359222855
19.49792000000444,0.6002059805820785
19.499590000004442,0.600040601941302
19.501260000004443,0.6002520000008786
19.502930000004444,0.6005860000008774
19.504600000004444,0.6009200000008796
19.506270000004445,0.6012540000008819
19.507940000004446,0.6015880000008771
19.509610000004447,0.6019220000008794
19.511280000004447,0.6022560000008781
19.512950000004448,0.6025900000008804
19.51462000000445,0.6029240000008826
19.51629000000445,0.6032580000008778
19.51796000000445,0.6035920000008801
19.51963000000445,0.6039260000008788
19.52130000000445,0.6042600000008811
19.522970000004452,0.6045940000008834
19.524640000004453,0.6049280000008821
19.526310000004454,0.6052620000008808
19.527980000004455,0.6055960000008795
19.529650000004455,0.6059300000008818
19.531320000004456,0.6062640000008841
19.532990000004457,0.6065980000008828
19.534660000004457,0.6069320000008815
19.536330000004458,0.6072660000008838
19.53800000000446,0.6076000000008825
19.53967000000446,0.6079340000008848
19.54134000000446,0.6082680000008835
19.54301000000446,0.6086020000008823
19.544680000004462,0.6089360000008845
19.546350000004463,0.6092700000008833
19.548020000004463,0.6096040000008855
19.549690000004464,0.6099380000008843
19.551360000004465,0.610272000000883
19.553030000004465,0.6106060000008853
19.554700000004466,0.610940000000884
19.556370000004467,0.6112740000008863
19.558040000004468,0.611608000000885
19.55971000000447,0.6119420000008837
19.56138000000447,0.612276000000886
19.56305000000447,0.6126100000008847
19.56472000000447,0.612944000000887
19.56639000000447,0.6132780000008857
19.568060000004472,0.613612000000888
19.569730000004473,0.6139460000008867
19.571400000004473,0.6142800000008855
19.573070000004474,0.6146140000008877
19.574740000004475,0.6149480000008865
19.576410000004476,0.6152820000008887
19.578080000004476,0.6156160000008875
19.579750000004477,0.6159500000008862
19.581420000004478,0.6162840000008885
19.58309000000448,0.6166180000008872
19.58476000000448,0.6169520000008895
19.58643000000448,0.6172860000008882
19.58810000000448,0.6176200000008869
19.58977000000448,0.6179540000008892
19.591440000004482,0.6182880000008879
19.593110000004483,0.6186220000008902
19.594780000004484,0.6189560000008889
19.596450000004484,0.6192900000008876
19.598120000004485,0.6196240000008899
19.599790000004486,0.6199580000008922
19.601460000004487,0.6202920000008909
19.603130000004487,0.6206260000008896
19.604800000004488,0.6209600000008884
19.60647000000449,0.6212940000008906
19.60814000000449,0.6216280000008929
19.60981000000449,0.6219620000008916
19.61148000000449,0.6222960000008939
19.61315000000449,0.6226300000008891
19.614820000004492,0.6229640000008914
19.616490000004493,0.6232980000008936
19.618160000004494,0.6236320000008924
19.619830000004495,0.6239660000008946
19.621500000004495,0.6243000000008898
19.623170000004496,0.6246340000008921
19.624840000004497,0.6249680000008944
19.626510000004497,0.6253020000008931
19.628180000004498,0.6256360000008954
19.6298500000045,0.6259700000008905
19.6315200000045,0.6263040000008928
19.6331900000045,0.6266380000008951
19.6348600000045,0.6269720000008938
19.6365300000045,0.6273060000008961
19.638200000004502,0.6276400000008913
19.639870000004503,0.6279740000008935
19.641540000004504,0.6283080000008958
19.643210000004505,0.6286420000008945
19.644880000004505,0.6289760000008968
19.646550000004506,0.629310000000892
19.648220000004507,0.6296440000008943
19.649890000004508,0.6299780000008965
19.65156000000451,0.6303120000008953
19.65323000000451,0.6306460000008975
19.65490000000451,0.6309800000008963
19.65657000000451,0.631314000000895
19.65824000000451,0.6316480000008973
19.659910000004512,0.631982000000896
19.661580000004513,0.6323160000008983
19.663250000004513,0.6326500000009005
19.664920000004514,0.6329840000008957
19.666590000004515,0.633318000000898
19.668260000004516,0.6336520000008967
19.669930000004516,0.633986000000899
19.671600000004517,0.6343200000009013
19.673270000004518,0.6346540000008964
19.67494000000452,0.6349880000008987
19.67661000000452,0.6353220000008974
19.67828000000452,0.6356560000008997
19.67995000000452,0.635990000000902
19.68162000000452,0.6363240000008972
19.683290000004522,0.6366580000008994
19.684960000004523,0.6369920000008982
19.686630000004524,0.6373260000009005
19.688300000004524,0.6376600000009027
19.689970000004525,0.6379940000008979
19.691640000004526,0.6383280000009002
19.693310000004526,0.6386620000008989
19.694980000004527,0.6389960000009012
19.696650000004528,0.6393300000009035
19.69832000000453,0.6396640000008986
19.69999000000453,0.6399980000009009
19.70166000000453,0.6403320000008996
19.70333000000453,0.6406660000009019
19.70500000000453,0.6410000000009042
19.706670000004532,0.6413340000008994
19.708340000004533,0.6416680000009016
19.710010000004534,0.6420020000009004
19.711680000004534,0.6423360000009026
19.713350000004535,0.6426700000009049
19.715020000004536,0.6430040000009001
19.716690000004537,0.6433380000009024
19.718360000004537,0.6436720000009046
19.720030000004538,0.6440060000009034
19.72170000000454,0.6443400000009056
19.72337000000454,0.6446740000009008
19.72504000000454,0.6450080000009031
19.72671000000454,0.6453420000009054
19.72838000000454,0.6456760000009041
19.730050000004542,0.6460100000009064
19.731720000004543,0.6463440000009015
19.733390000004544,0.6466780000009038
19.735060000004545,0.6470120000009061
19.736730000004545,0.6473460000009048
19.738400000004546,0.6476800000009071
19.740070000004547,0.6480140000009023
19.741740000004548,0.6483480000009045
19.74341000000455,0.6486820000009068
19.74508000000455,0.6490160000009055
19.74675000000455,0.6493500000009078
19.74842000000455,0.649684000000903
19.75009000000455,0.6500180000009053
19.751760000004552,0.6503520000009075
19.753430000004553,0.6506860000009063
19.755100000004553,0.651020000000905
19.756770000004554,0.6513540000009037
19.758440000004555,0.651688000000906
19.760110000004556,0.6520220000009083
19.761780000004556,0.652356000000907
19.763450000004557,0.6526900000009057
19.765120000004558,0.6530240000009044
19.76679000000456,0.6533580000009067
19.76846000000456,0.653692000000909
19.77013000000456,0.6540260000009077
19.77180000000456,0.6543600000009064
19.77347000000456,0.6546940000009052
19.775140000004562,0.6550280000009074
19.776810000004563,0.6553620000009062
19.778480000004564,0.6556960000009084
19.780150000004564,0.6560300000009072
19.781820000004565,0.6563640000009059
19.783490000004566,0.6566980000009082
19.785160000004566,0.6570320000009069
19.786830000004567,0.6573660000009092
19.788500000004568,0.6577000000009079
19.79017000000457,0.6580340000009066
19.79184000000457,0.6583680000009089
19.79351000000457,0.6587020000009076
19.79518000000457,0.6590360000009099
19.79685000000457,0.6593700000009086
19.798520000004572,0.6597040000009073
19.800190000004573,0.6600380000009096
19.801860000004574,0.6603720000009083
19.803530000004574,0.6607060000009106
19.805200000004575,0.6610400000009093
19.806870000004576,0.6613740000009081
19.808540000004577,0.6617080000009103
19.810210000004577,0.6620420000009091
19.811880000004578,0.6623760000009113
19.81355000000458,0.6627100000009065
19.81522000000458,0.6630440000009088
19.81689000000458,0.6633780000009111
19.81856000000458,0.6637120000009098
19.82023000000458,0.6640460000009121
19.821900000004582,0.6643800000009072
19.823570000004583,0.6647140000009095
19.825240000004584,0.6650480000009118
19.826910000004585,0.6653820000009105
19.828580000004585,0.6657160000009128
19.830250000004586,0.666050000000908
19.831920000004587,0.6663840000009102
19.833590000004587,0.6667180000009125
19.835260000004588,0.6670520000009112
19.83693000000459,0.6673860000009135
19.83860000000459,0.6677200000009087
19.84027000000459,0.668054000000911
19.84194000000459,0.6683880000009133
19.843610000004592,0.668722000000912
19.845280000004593,0.6690560000009143
19.846950000004593,0.6693900000009094
19.848620000004594,0.6697240000009117
19.850290000004595,0.670058000000914
19.851960000004595,0.6703920000009127
19.853630000004596,0.670726000000915
19.855300000004597,0.6710600000009102
19.856970000004598,0.6713940000009124
19.8586400000046,0.6717280000009112
19.8603100000046,0.6720620000009134
19.8619800000046,0.6723960000009157
19.8636500000046,0.6727300000009109
19.8653200000046,0.6730640000009132
19.866990000004602,0.6733980000009119
19.868660000004603,0.6737320000009142
19.870330000004603,0.6740660000009164
19.872000000004604,0.6744000000009116
19.873670000004605,0.6747340000009139
19.875340000004606,0.6750680000009126
19.877010000004606,0.6754020000009149
19.878680000004607,0.6757360000009172
19.880350000004608,0.6760700000009123
19.88202000000461,0.6764040000009146
19.88369000000461,0.6767380000009133
19.88536000000461,0.6770720000009156
19.88703000000461,0.6774060000009179
19.88870000000461,0.6777400000009131
19.890370000004612,0.6780740000009153
19.892040000004613,0.6784080000009141
19.893710000004614,0.6787420000009163
19.895380000004614,0.6790760000009186
19.897050000004615,0.6794100000009138
19.898720000004616,0.6797440000009161
19.900390000004617,0.6800780000009148
19.902060000004617,0.6804120000009171
19.903730000004618,0.6807460000009193
19.90540000000462,0.6810800000009145
19.90707000000462,0.6814140000009168
19.90874000000462,0.6817480000009191
19.91041000000462,0.6820820000009178
19.91208000000462,0.6824160000009201
19.913750000004622,0.6827500000009152
19.915420000004623,0.6830840000009175
19.917090000004624,0.6834180000009198
19.918760000004625,0.6837520000009185
19.920430000004625,0.6840860000009172
19.922100000004626,0.684420000000916
19.923770000004627,0.6847540000009182
19.925440000004627,0.6850880000009205
19.927110000004628,0.6854220000009192
19.92878000000463,0.685756000000918
19.93045000000463,0.6860900000009167
19.93212000000463,0.686424000000919
19.93379000000463,0.6867580000009212
19.935460000004632,0.68709200000092
19.937130000004633,0.6874260000009187
19.938800000004633,0.6877600000009174
19.940470000004634,0.6880940000009197
19.942140000004635,0.688428000000922
19.943810000004635,0.6887620000009207
19.945480000004636,0.6890960000009194
19.947150000004637,0.6894300000009181
19.948820000004638,0.6897640000009204
19.95049000000464,0.6900980000009227
19.95216000000464,0.6904320000009214
19.95383000000464,0.6907660000009201
19.95550000000464,0.6911000000009189
19.95717000000464,0.6914340000009211
19.958840000004642,0.6917680000009234
19.960510000004643,0.6921020000009221
19.962180000004643,0.6924360000009209
19.963850000004644,0.6927700000009196
19.965520000004645,0.6931040000009219
19.967190000004646,0.6934380000009241
19.968860000004646,0.6937720000009229
19.970530000004647,0.6941060000009216
19.972200000004648,0.6944400000009239
19.97387000000465,0.6947740000009226
19.97554000000465,0.6951080000009249
19.97721000000465,0.6954420000009236
19.97888000000465,0.6957760000009223
19.98055000000465,0.6961100000009246
19.982220000004652,0.6964440000009233
19.983890000004653,0.6967780000009256
19.985560000004654,0.6971120000009243
19.987230000004654,0.697446000000923
19.988900000004655,0.6977800000009253
19.990570000004656,0.698114000000924
19.992240000004657,0.6984480000009263
19.993910000004657,0.698782000000925
19.995580000004658,0.6991160000009238
19.99725000000466,0.699450000000926
19.99892000000466,0.6997840000009248
20.00059000000466,0.700118000000927
20.00226000000466,0.7004520000009258
20.00393000000466,0.7007860000009245
20.005600000004662,0.7011200000009268
20.007270000004663,0.7014540000009255
20.008940000004664,0.7017880000009278
20.010610000004664,0.7021220000009265
20.012280000004665,0.7024560000009252
20.013950000004666,0.7027900000009275
20.015620000004667,0.7031240000009262
20.017290000004667,0.7034580000009285
20.018960000004668,0.7037920000009272
20.02063000000467,0.704126000000926
20.02230000000467,0.7044600000009247
20.02397000000467,0.704794000000927
20.02564000000467,0.7051280000009292
20.02731000000467,0.705462000000928
20.028980000004672,0.7057960000009302
20.030650000004673,0.7061300000009254
20.032320000004674,0.7064640000009277
20.033990000004675,0.70679800000093
20.035660000004675,0.7071320000009287
20.037330000004676,0.707466000000931
20.039000000004677,0.7078000000009261
20.040670000004678,0.7081340000009284
20.04234000000468,0.7084680000009307
20.04401000000468,0.7088020000009294
20.04568000000468,0.7091360000009317
20.04735000000468,0.7094700000009269
20.04902000000468,0.7098040000009291
20.050690000004682,0.7101380000009314
20.052360000004683,0.7104720000009301
20.054030000004683,0.7108060000009324
20.055700000004684,0.7111400000009276
20.057370000004685,0.7114740000009299
20.059040000004686,0.7118080000009321
20.060710000004686,0.7121420000009309
20.062380000004687,0.7124760000009331
20.064050000004688,0.7128100000009319
20.06572000000469,0.7131440000009306
20.06739000000469,0.7134780000009293
20.06906000000469,0.7138120000009316
20.07073000000469,0.7141460000009339
20.07240000000469,0.7144800000009326
20.074070000004692,0.7148140000009313
20.075740000004693,0.71514800000093
20.077410000004694,0.7154820000009323
20.079080000004694,0.7158160000009346
20.080750000004695,0.7161500000009333
20.082420000004696,0.716484000000932
20.084090000004696,0.7168180000009308
20.085760000004697,0.717152000000933
20.087430000004698,0.7174860000009353
20.0891000000047,0.717820000000934
20.0907700000047,0.7181540000009328
20.0924400000047,0.7184880000009315
20.0941100000047,0.7188220000009338
20.0957800000047,0.719156000000936
20.097450000004702,0.7194900000009348
20.099120000004703,0.7198240000009335
20.100790000004704,0.7201580000009322
20.102460000004704,0.7204920000009345
20.104130000004705,0.7208260000009332
20.105800000004706,0.7211600000009355
20.107470000004707,0.7214940000009378
20.109140000004707,0.721828000000933
20.110810000004708,0.7221620000009352
20.11248000000471,0.722496000000934
20.11415000000471,0.7228300000009362
20.11582000000471,0.7231640000009385
20.11749000000471,0.7234980000009337
20.11916000000471,0.723832000000936
20.120830000004712,0.7241660000009347
20.122500000004713,0.724500000000937
20.124170000004714,0.7248340000009392
20.125840000004715,0.7251680000009344
20.127510000004715,0.7255020000009367
20.129180000004716,0.7258360000009354
20.130850000004717,0.7261700000009377
20.132520000004718,0.72650400000094
20.13419000000472,0.7268380000009351
20.13586000000472,0.7271720000009374
20.13753000000472,0.7275060000009361
20.13920000000472,0.7278400000009384
20.14087000000472,0.7281740000009407
20.142540000004722,0.7285080000009359
20.144210000004723,0.7288420000009381
20.145880000004723,0.7291760000009369
20.147550000004724,0.7295100000009391
20.149220000004725,0.7298440000009414
20.150890000004726,0.7301780000009401
20.152560000004726,0.7305120000009389
20.154230000004727,0.7308460000009376
20.155900000004728,0.7311800000009399
20.15757000000473,0.7315140000009421
20.15924000000473,0.7318480000009409
20.16091000000473,0.7321820000009396
20.16258000000473,0.7325160000009419
20.16425000000473,0.7328500000009406
20.165920000004732,0.7331840000009429
20.167590000004733,0.7335180000009416
20.169260000004734,0.7338520000009403
20.170930000004734,0.7341860000009426
20.172600000004735,0.7345200000009413
20.174270000004736,0.7348540000009436
20.175940000004736,0.7351880000009423
20.177610000004737,0.735522000000941
20.179280000004738,0.7358560000009433
20.18095000000474,0.736190000000942
20.18262000000474,0.7365240000009443
20.18429000000474,0.736858000000943
20.18596000000474,0.7371920000009418
20.18763000000474,0.737526000000944
20.189300000004742,0.7378600000009428
20.190970000004743,0.738194000000945
20.192640000004744,0.7385280000009438
20.194310000004744,0.7388620000009425
20.195980000004745,0.7391960000009448
20.197650000004746,0.7395300000009435
20.199320000004747,0.7398640000009458
20.200990000004747,0.7401980000009445
20.202660000004748,0.7405320000009432
20.20433000000475,0.7408660000009455
20.20600000000475,0.7412000000009442
20.20767000000475,0.7415340000009465
20.20934000000475,0.7418680000009452
20.21101000000475,0.7422020000009439
20.212680000004752,0.7425360000009462
20.214350000004753,0.7428700000009449
20.216020000004754,0.7432040000009472
20.217690000004755,0.7435380000009459
20.219360000004755,0.7438720000009447
20.221030000004756,0.7442060000009469
20.222700000004757,0.7445400000009457
20.224370000004757,0.744874000000948
20.226040000004758,0.7452080000009502
20.22771000000476,0.7455420000009454
20.22938000000476,0.7458760000009477
20.23105000000476,0.7462100000009464
20.23272000000476,0.7465440000009487
20.234390000004762,0.746878000000951
20.236060000004763,0.7472120000009461
20.237730000004763,0.7475460000009484
20.239400000004764,0.7478800000009471
20.241070000004765,0.7482140000009494
20.242740000004765,0.7485480000009517
20.244410000004766,0.7488820000009468
20.246080000004767,0.7492160000009491
20.247750000004768,0.7495500000009478
20.24942000000477,0.7498840000009501
20.25109000000477,0.7502180000009488
20.25276000000477,0.7505520000009476
20.25443000000477,0.7508860000009498
20.25610000000477,0.7512200000009486
20.257770000004772,0.7515540000009509
20.259440000004773,0.7518880000009496
20.261110000004773,0.7522220000009483
20.262780000004774,0.7525560000009506
20.264450000004775,0.7528900000009493
20.266120000004776,0.7532240000009516
20.267790000004776,0.7535580000009503
20.269460000004777,0.753892000000949
20.271130000004778,0.7542260000009513
20.27280000000478,0.75456000000095
20.27447000000478,0.7548940000009523
20.27614000000478,0.755228000000951
20.27781000000478,0.7555620000009498
20.27948000000478,0.755896000000952
20.281150000004782,0.7562300000009508
20.282820000004783,0.756564000000953
20.284490000004784,0.7568980000009518
20.286160000004784,0.7572320000009505
20.287830000004785,0.7575660000009528
20.289500000004786,0.757900000000955
20.291170000004787,0.7582340000009538
20.292840000004787,0.7585680000009525
20.294510000004788,0.7589020000009512
20.29618000000479,0.7592360000009535
20.29785000000479,0.7595700000009558
20.29952000000479,0.7599040000009545
20.30119000000479,0.7602380000009532
20.30286000000479,0.7605720000009519
20.304530000004792,0.7609060000009542
20.306200000004793,0.7612400000009565
20.307870000004794,0.7615740000009552
20.309540000004795,0.7619080000009539
20.311210000004795,0.7622420000009527
20.312880000004796,0.7625760000009549
20.314550000004797,0.7629100000009572
20.316220000004797,0.7632440000009559
20.317890000004798,0.7635780000009547
20.3195600000048,0.7639120000009534
20.3212300000048,0.7642460000009557
20.3229000000048,0.7645800000009579
20.3245700000048,0.7649140000009567
20.326240000004802,0.7652480000009554
20.327910000004803,0.7655820000009541
20.329580000004803,0.7659160000009564
20.331250000004804,0.7662500000009587
20.332920000004805,0.7665840000009574
20.334590000004805,0.7669180000009561
20.336260000004806,0.7672520000009548
20.337930000004807,0.7675860000009571
20.339600000004808,0.7679200000009594
20.34127000000481,0.7682540000009581
20.34294000000481,0.7685880000009568
20.34461000000481,0.7689220000009591
20.34628000000481,0.7692560000009578
20.34795000000481,0.7695900000009601
20.349620000004812,0.7699240000009588
20.351290000004813,0.7702580000009576
20.352960000004813,0.7705920000009598
20.354630000004814,0.7709260000009586
20.356300000004815,0.7712600000009608
20.357970000004816,0.7715940000009596
20.359640000004816,0.7719280000009618
20.361310000004817,0.7722620000009606
20.362980000004818,0.7725960000009593
20.36465000000482,0.7729300000009616
20.36632000000482,0.7732640000009603
20.36799000000482,0.7735980000009626
20.36966000000482,0.7739320000009613
20.37133000000482,0.77426600000096
20.373000000004822,0.7746000000009623
20.374670000004823,0.774934000000961
20.376340000004824,0.7752680000009633
20.378010000004824,0.775602000000962
20.379680000004825,0.7759360000009607
20.381350000004826,0.776270000000963
20.383020000004826,0.7766040000009617
20.384690000004827,0.776938000000964
20.386360000004828,0.7772720000009627
20.38803000000483,0.7776060000009615
20.38970000000483,0.7779400000009637
20.39137000000483,0.7782740000009625
20.39304000000483,0.7786080000009648
20.39471000000483,0.7789420000009635
20.396380000004832,0.7792760000009622
20.398050000004833,0.7796100000009645
20.399720000004834,0.7799440000009632
20.401390000004834,0.7802780000009655
20.403060000004835,0.7806120000009642
20.404730000004836,0.7809460000009629
20.406400000004837,0.7812800000009652
20.408070000004837,0.7816140000009639
20.409740000004838,0.7819480000009662
20.41141000000484,0.7822820000009649
20.41308000000484,0.7826160000009637
20.41475000000484,0.7829500000009659
20.41642000000484,0.7832840000009647
20.41809000000484,0.7836180000009669
20.419760000004842,0.7839520000009657
20.421430000004843,0.7842860000009644
20.423100000004844,0.7846200000009667
20.424770000004845,0.7849540000009654
20.426440000004845,0.7852880000009677
20.428110000004846,0.7856220000009664
20.429780000004847,0.7859560000009651
20.431450000004848,0.7862900000009674
20.43312000000485,0.7866240000009661
20.43479000000485,0.7869580000009684
20.43646000000485,0.7872920000009671
20.43813000000485,0.7876260000009658
20.43980000000485,0.7879600000009646
20.441470000004852,0.7882940000009668
20.443140000004853,0.7886280000009691
20.444810000004853,0.7889620000009678
20.446480000004854,0.7892960000009701
20.448150000004855,0.7896300000009653
20.449820000004856,0.7899640000009676
20.451490000004856,0.7902980000009698
20.453160000004857,0.7906320000009686
20.454830000004858,0.7909660000009708
20.45650000000486,0.791300000000966
20.45817000000486,0.7916340000009683
20.45984000000486,0.7919680000009706
20.46151000000486,0.7923020000009693
20.46318000000486,0.7926360000009716
20.464850000004862,0.7929700000009667
20.466520000004863,0.793304000000969
20.468190000004864,0.7936380000009713
20.469860000004864,0.79397200000097
20.471530000004865,0.7943060000009723
20.473200000004866,0.7946400000009675
20.474870000004866,0.7949740000009697
20.476540000004867,0.795308000000972
20.478210000004868,0.7956420000009707
20.47988000000487,0.795976000000973
20.48155000000487,0.7963100000009717
20.48322000000487,0.7966440000009705
20.48489000000487,0.7969780000009692
20.48656000000487,0.7973120000009715
20.488230000004872,0.7976460000009737
20.489900000004873,0.7979800000009725
20.491570000004874,0.7983140000009712
20.493240000004874,0.7986480000009699
20.494910000004875,0.7989820000009722
20.496580000004876,0.7993160000009745
20.498250000004877,0.7996500000009732
20.499920000004877,0.7999840000009719
20.501590000004878,0.799522999998544
20.50326000000488,0.7990219999985442
20.50493000000488,0.7985209999985408
20.50660000000488,0.7980199999985444
20.50827000000488,0.797518999998541
20.50994000000488,0.7970179999985447
20.511610000004882,0.7965169999985413
20.513280000004883,0.7960159999985414
20.514950000004884,0.7955149999985416
20.516620000004885,0.7950139999985417
20.518290000004885,0.7945129999985419
20.519960000004886,0.794011999998542
20.521630000004887,0.7935109999985386
20.523300000004888,0.7930099999985423
20.52497000000489,0.7925089999985389
20.52664000000489,0.7920079999985425
20.52831000000489,0.7915069999985391
20.52998000000489,0.7910059999985393
20.53165000000489,0.7905049999985394
20.533320000004892,0.7900039999985395
20.534990000004893,0.7895029999985361
20.536660000004893,0.7890019999985398
20.538330000004894,0.7885009999985364
20.540000000004895,0.7879999999985401
20.541670000004896,0.7874989999985367
20.543340000004896,0.7869979999985368
20.545010000004897,0.786496999998537
20.546680000004898,0.7859959999985371
20.5483500000049,0.7854949999985372
20.5500200000049,0.7849939999985374
20.5516900000049,0.784492999998534
20.5533600000049,0.7839919999985376
20.5550300000049,0.7834909999985342
20.556700000004902,0.7829899999985379
20.558370000004903,0.7824889999985345
20.560040000004904,0.7819879999985346
20.561710000004904,0.7814869999985348
20.563380000004905,0.7809859999985349
20.565050000004906,0.780484999998535
20.566720000004906,0.7799839999985352
20.568390000004907,0.7794829999985318
20.570060000004908,0.7789819999985355
20.57173000000491,0.778480999998532
20.57340000000491,0.7779799999985357
20.57507000000491,0.7774789999985323
20.57674000000491,0.7769779999985325
20.57841000000491,0.7764769999985326
20.580080000004912,0.7759759999985327
20.581750000004913,0.7754749999985329
20.583420000004914,0.774973999998533
20.585090000004914,0.7744729999985296
20.586760000004915,0.7739719999985333
20.588430000004916,0.7734709999985299
20.590100000004917,0.7729699999985336
20.591770000004917,0.7724689999985301
20.593440000004918,0.7719679999985303
20.59511000000492,0.7714669999985304
20.59678000000492,0.7709659999985305
20.59845000000492,0.7704649999985271
20.60012000000492,0.7699639999985308
20.60179000000492,0.7694629999985274
20.603460000004922,0.7689619999985311
20.605130000004923,0.7684609999985277
20.606800000004924,0.7679599999985278
20.608470000004925,0.767458999998528
20.610140000004925,0.7669579999985281
20.611810000004926,0.7664569999985282
20.613480000004927,0.7659559999985284
20.615150000004927,0.765454999998525
20.616820000004928,0.7649539999985286
20.61849000000493,0.7644529999985252
20.62016000000493,0.7639519999985289
20.62183000000493,0.7634509999985255
20.62350000000493,0.7629499999985256
20.625170000004932,0.7624489999985258
20.626840000004933,0.7619479999985259
20.628510000004933,0.761446999998526
20.630180000004934,0.7609459999985262
20.631850000004935,0.7604449999985228
20.633520000004935,0.7599439999985265
20.635190000004936,0.759442999998523
20.636860000004937,0.7589419999985267
20.638530000004938,0.7584409999985233
20.64020000000494,0.7579399999985235
20.64187000000494,0.7574389999985236
20.64354000000494,0.7569379999985237
20.64521000000494,0.7564369999985239
20.64688000000494,0.755935999998524
20.648550000004942,0.7554349999985206
20.650220000004943,0.7549339999985243
20.651890000004943,0.7544329999985209
20.653560000004944,0.7539319999985246
20.655230000004945,0.7534309999985211
20.656900000004946,0.7529299999985213
20.658570000004946,0.7524289999985214
20.660240000004947,0.7519279999985216
20.661910000004948,0.7514269999985181
20.66358000000495,0.7509259999985218
20.66525000000495,0.7504249999985184
20.66692000000495,0.7499239999985221
20.66859000000495,0.7494229999985187
20.67026000000495,0.7489219999985188
20.671930000004952,0.748420999998519
20.673600000004953,0.7479199999985191
20.675270000004954,0.7474189999985192
20.676940000004954,0.7469179999985194
20.678610000004955,0.746416999998516
20.680280000004956,0.7459159999985197
20.681950000004957,0.7454149999985162
20.683620000004957,0.7449139999985199
20.685290000004958,0.7444129999985165
20.68696000000496,0.7439119999985166
20.68863000000496,0.7434109999985168
20.69030000000496,0.7429099999985169
20.69197000000496,0.7424089999985171
20.69364000000496,0.7419079999985172
20.695310000004962,0.7414069999985138
20.696980000004963,0.7409059999985175
20.698650000004964,0.7404049999985141
20.700320000004965,0.7399039999985177
20.701990000004965,0.7394029999985143
20.703660000004966,0.7389019999985145
20.705330000004967,0.7384009999985146
20.707000000004967,0.7378999999985147
20.708670000004968,0.7373989999985149
20.71034000000497,0.736897999998515
20.71201000000497,0.7363969999985116
20.71368000000497,0.7358959999985153
20.71535000000497,0.7353949999985119
20.717020000004972,0.7348939999985156
20.718690000004973,0.7343929999985122
20.720360000004973,0.7338919999985123
20.722030000004974,0.7333909999985124
20.723700000004975,0.7328899999985126
20.725370000004975,0.7323889999985091
20.727040000004976,0.7318879999985128
20.728710000004977,0.7313869999985094
20.730380000004978,0.7308859999985131
20.73205000000498,0.7303849999985097
20.73372000000498,0.7298839999985098
20.73539000000498,0.72938299999851
20.73706000000498,0.7288819999985101
20.73873000000498,0.7283809999985102
20.740400000004982,0.7278799999985104
20.742070000004983,0.727378999998507
20.743740000004983,0.7268779999985107
20.745410000004984,0.7263769999985072
20.747080000004985,0.7258759999985109
20.748750000004986,0.7253749999985075
20.750420000004986,0.7248739999985077
20.752090000004987,0.7243729999985078
20.753760000004988,0.7238719999985079
20.75543000000499,0.7233709999985081
20.75710000000499,0.7228699999985082
20.75877000000499,0.7223689999985048
20.76044000000499,0.7218679999985085
20.76211000000499,0.7213669999985051
20.763780000004992,0.7208659999985088
20.765450000004993,0.7203649999985053
20.767120000004994,0.7198639999985055
20.768790000004994,0.7193629999985056
20.770460000004995,0.7188619999985058
20.772130000004996,0.7183609999985059
20.773800000004996,0.717859999998506
20.775470000004997,0.7173589999985062
20.777140000004998,0.7168579999985063
20.778810000005,0.7163569999985029
20.780480000005,0.7158559999985066
20.782150000005,0.7153549999985032
20.783820000005,0.7148539999985069
20.785490000005,0.7143529999985034
20.787160000005002,0.7138519999985036
20.788830000005003,0.7133509999985037
20.790500000005004,0.7128499999985038
20.792170000005004,0.712348999998504
20.793840000005005,0.7118479999985041
20.795510000005006,0.7113469999985007
20.797180000005007,0.7108459999985044
20.798850000005007,0.710344999998501
20.800520000005008,0.7098439999985047
20.80219000000501,0.7093429999985013
20.80386000000501,0.7088419999985014
20.80553000000501,0.7083409999985015
20.80720000000501,0.7078399999985017
20.80887000000501,0.7073389999985018
20.810540000005012,0.7068379999985019
20.812210000005013,0.7063369999984985
20.813880000005014,0.7058359999985022
20.815550000005015,0.7053349999984988
20.817220000005015,0.7048339999985025
20.818890000005016,0.7043329999984991
20.820560000005017,0.7038319999985028
20.822230000005018,0.7033309999984994
20.82390000000502,0.7028299999984995
20.82557000000502,0.7023289999984996
20.82724000000502,0.7018279999984998
20.82891000000502,0.7013269999984999
20.83058000000502,0.7008259999985
20.832250000005022,0.7003249999984966
20.833920000005023,0.6998239999985003
20.835590000005023,0.6993229999984969
20.837260000005024,0.6988219999985006
20.838930000005025,0.6983209999984972
20.840600000005026,0.6978199999984973
20.842270000005026,0.6973189999984974
20.843940000005027,0.6968179999984976
20.845610000005028,0.6963169999984977
20.84728000000503,0.6958159999984979
20.84895000000503,0.6953149999984944
20.85062000000503,0.6948139999984981
20.85229000000503,0.6943129999984947
20.85396000000503,0.6938119999984984
20.855630000005032,0.693310999998495
20.857300000005033,0.6928099999984987
20.858970000005034,0.6923089999984953
20.860640000005034,0.6918079999984954
20.862310000005035,0.6913069999984955
20.863980000005036,0.6908059999984957
20.865650000005036,0.6903049999984958
20.867320000005037,0.689803999998496
20.868990000005038,0.6893029999984925
20.87066000000504,0.6888019999984962
20.87233000000504,0.6883009999984928
20.87400000000504,0.6877999999984965
20.87567000000504,0.6872989999984931
20.87734000000504,0.6867979999984932
20.879010000005042,0.6862969999984934
20.880680000005043,0.6857959999984935
20.882350000005044,0.6852949999984936
20.884020000005044,0.6847939999984938
20.885690000005045,0.6842929999984904
20.887360000005046,0.683791999998494
20.889030000005047,0.6832909999984906
20.890700000005047,0.6827899999984943
20.892370000005048,0.6822889999984909
20.89404000000505,0.681787999998491
20.89571000000505,0.6812869999984912
20.89738000000505,0.6807859999984913
20.89905000000505,0.6802849999984915
20.90072000000505,0.6797839999984916
20.902390000005052,0.6792829999984882
20.904060000005053,0.6787819999984919
20.905730000005054,0.6782809999984885
20.907400000005055,0.6777799999984886
20.909070000005055,0.6772789999984887
20.910740000005056,0.6767779999984889
20.912410000005057,0.676276999998489
20.914080000005058,0.6757759999984891
20.91575000000506,0.6752749999984857
20.91742000000506,0.6747739999984894
20.91909000000506,0.674272999998486
20.92076000000506,0.6737719999984897
20.92243000000506,0.6732709999984863
20.924100000005062,0.6727699999984864
20.925770000005063,0.6722689999984865
20.927440000005063,0.6717679999984867
20.929110000005064,0.6712669999984868
20.930780000005065,0.670765999998487
20.932450000005066,0.6702649999984835
20.934120000005066,0.6697639999984872
20.935790000005067,0.6692629999984838
20.937460000005068,0.6687619999984875
20.93913000000507,0.6682609999984841
20.94080000000507,0.6677599999984842
20.94247000000507,0.6672589999984844
20.94414000000507,0.6667579999984845
20.94581000000507,0.6662569999984846
20.947480000005072,0.6657559999984848
20.949150000005073,0.6652549999984814
20.950820000005073,0.6647539999984851
20.952490000005074,0.6642529999984816
20.954160000005075,0.6637519999984853
20.955830000005076,0.6632509999984819
20.957500000005076,0.662749999998482
20.959170000005077,0.6622489999984822
20.960840000005078,0.6617479999984823
20.96251000000508,0.6612469999984825
20.96418000000508,0.6607459999984826
20.96585000000508,0.6602449999984792
20.96752000000508,0.6597439999984829
20.96919000000508,0.6592429999984795
20.970860000005082,0.6587419999984796
20.972530000005083,0.6582409999984797
20.974200000005084,0.6577399999984799
20.975870000005084,0.65723899999848
20.977540000005085,0.6567379999984801
20.979210000005086,0.6562369999984767
20.980880000005087,0.6557359999984804
20.982550000005087,0.655234999998477
20.984220000005088,0.6547339999984807
20.98589000000509,0.6542329999984773
20.98756000000509,0.6537319999984774
20.98923000000509,0.6532309999984776
20.99090000000509,0.6527299999984777
20.99257000000509,0.6522289999984778
20.994240000005092,0.651727999998478
20.995910000005093,0.6512269999984746
20.997580000005094,0.6507259999984782
20.999250000005095,0.6502249999984748
21.000920000005095,0.6497239999984785
21.002590000005096,0.6492229999984751
21.004260000005097,0.6487219999984752
21.005930000005097,0.6482209999984754
21.007600000005098,0.6477199999984755
21.0092700000051,0.6472189999984757
21.0109400000051,0.6467179999984758
21.0126100000051,0.6462169999984724
21.0142800000051,0.6457159999984761
21.015950000005102,0.6452149999984726
21.017620000005103,0.6447139999984763
21.019290000005103,0.6442129999984729
21.020960000005104,0.6437119999984766
21.022630000005105,0.6432109999984732
21.024300000005105,0.6427099999984733
21.025970000005106,0.6422089999984735
21.027640000005107,0.6417079999984736
21.029310000005108,0.6412069999984737
21.03098000000511,0.6407059999984739
21.03265000000511,0.6402049999984705
21.03432000000511,0.6397039999984742
21.03599000000511,0.6392029999984707
21.03766000000511,0.6387019999984744
21.039330000005112,0.638200999998471
21.041000000005113,0.6376999999984712
21.042670000005113,0.6371989999984713
21.044340000005114,0.6366979999984714
21.046010000005115,0.6361969999984716
21.047680000005116,0.6356959999984717
21.049350000005116,0.6351949999984683
21.051020000005117,0.634693999998472
21.052690000005118,0.6341929999984686
21.05436000000512,0.6336919999984723
21.05603000000512,0.6331909999984688
21.05770000000512,0.632689999998469
21.05937000000512,0.6321889999984691
21.06104000000512,0.6316879999984693
21.062710000005122,0.6311869999984694
21.064380000005123,0.6306859999984695
21.066050000005124,0.6301849999984697
21.067720000005124,0.6296839999984698
21.069390000005125,0.6291829999984664
21.071060000005126,0.6286819999984701
21.072730000005127,0.6281809999984667
21.074400000005127,0.6276799999984704
21.076070000005128,0.6271789999984669
21.07774000000513,0.6266779999984671
21.07941000000513,0.6261769999984672
21.08108000000513,0.6256759999984673
21.08275000000513,0.6251749999984675
21.08442000000513,0.6246739999984676
21.086090000005132,0.6241729999984642
21.087760000005133,0.6236719999984679
21.089430000005134,0.6231709999984645
21.091100000005135,0.6226699999984682
21.092770000005135,0.6221689999984648
21.094440000005136,0.6216679999984649
21.096110000005137,0.621166999998465
21.097780000005137,0.6206659999984652
21.099450000005138,0.6201649999984689
21.10112000000514,0.6196639999984654
21.10279000000514,0.6191629999984656
21.10446000000514,0.6186619999984657
21.10613000000514,0.6181609999984659
21.107800000005142,0.617659999998466
21.109470000005143,0.6171589999984661
21.111140000005143,0.6166579999984663
21.112810000005144,0.6161569999984664
21.114480000005145,0.615655999998463
21.116150000005145,0.6151549999984667
21.117820000005146,0.6146539999984633
21.119490000005147,0.614152999998467
21.121160000005148,0.6136519999984635
21.12283000000515,0.6131509999984637
21.12450000000515,0.6126499999984638
21.12617000000515,0.612148999998464
21.12784000000515,0.6116479999984641
21.12951000000515,0.6111469999984642
21.131180000005152,0.6106459999984608
21.132850000005153,0.6101449999984645
21.134520000005153,0.6096439999984611
21.136190000005154,0.6091429999984648
21.137860000005155,0.6086419999984614
21.139530000005156,0.6081409999984615
21.141200000005156,0.6076399999984616
21.142870000005157,0.6071389999984618
21.144540000005158,0.6066379999984619
21.14621000000516,0.606136999998462
21.14788000000516,0.6056359999984586
21.14955000000516,0.6051349999984623
21.15122000000516,0.6046339999984589
21.15289000000516,0.6041329999984626
21.154560000005162,0.6036319999984592
21.156230000005163,0.6031309999984593
21.157900000005164,0.6026299999984595
21.159570000005164,0.6021289999984596
21.161240000005165,0.6016279999984562
21.162910000005166,0.6011269999984599
21.164580000005166,0.6006259999984565
21.166250000005167,0.6001249999984601
21.167920000005168,0.5996239999984567
21.16959000000517,0.5991229999984569
21.17126000000517,0.598621999998457
21.17293000000517,0.5981209999984571
21.17460000000517,0.5976199999984573
21.17627000000517,0.5971189999984574
21.177940000005172,0.596617999998454
21.179610000005173,0.5961169999984577
21.181280000005174,0.5956159999984543
21.182950000005174,0.595114999998458
21.184620000005175,0.5946139999984545
21.186290000005176,0.5941129999984547
21.187960000005177,0.5936119999984548
21.189630000005177,0.593110999998455
21.191300000005178,0.5926099999984551
21.19297000000518,0.5921089999984552
21.19464000000518,0.5916079999984518
21.19631000000518,0.5911069999984555
21.19798000000518,0.5906059999984521
21.19965000000518,0.5901049999984558
21.201320000005182,0.5896039999984524
21.202990000005183,0.5891029999984525
21.204660000005184,0.5886019999984526
21.206330000005185,0.5881009999984528
21.208000000005185,0.5875999999984529
21.209670000005186,0.587098999998453
21.211340000005187,0.5865979999984496
21.213010000005188,0.5860969999984533
21.21468000000519,0.5855959999984499
21.21635000000519,0.5850949999984536
21.21802000000519,0.5845939999984502
21.21969000000519,0.5840929999984503
21.22136000000519,0.5835919999984505
21.223030000005192,0.5830909999984506
21.224700000005193,0.5825899999984472
21.226370000005193,0.5820889999984509
21.228040000005194,0.5815879999984475
21.229710000005195,0.5810869999984511
21.231380000005196,0.5805859999984477
21.233050000005196,0.5800849999984479
21.234720000005197,0.579583999998448
21.236390000005198,0.5790829999984481
21.2380600000052,0.5785819999984483
21.2397300000052,0.5780809999984484
21.2414000000052,0.577579999998445
21.2430700000052,0.5770789999984487
21.2447400000052,0.5765779999984453
21.246410000005202,0.576076999998449
21.248080000005203,0.5755759999984456
21.249750000005204,0.5750749999984457
21.251420000005204,0.5745739999984458
21.253090000005205,0.574072999998446
21.254760000005206,0.5735719999984461
21.256430000005206,0.5730709999984462
21.258100000005207,0.5725699999984428
21.259770000005208,0.5720689999984465
21.26144000000521,0.5715679999984431
21.26311000000521,0.5710669999984468
21.26478000000521,0.5705659999984434
21.26645000000521,0.5700649999984435
21.26812000000521,0.5695639999984436
21.269790000005212,0.5690629999984438
21.271460000005213,0.5685619999984439
21.273130000005214,0.5680609999984441
21.274800000005214,0.5675599999984406
21.276470000005215,0.5670589999984443
21.278140000005216,0.5665579999984409
21.279810000005217,0.5660569999984446
21.281480000005217,0.5655559999984412
21.283150000005218,0.5650549999984413
21.28482000000522,0.5645539999984415
21.28649000000522,0.5640529999984416
21.28816000000522,0.5635519999984382
21.28983000000522,0.5630509999984419
21.29150000000522,0.5625499999984385
21.293170000005222,0.5620489999984422
21.294840000005223,0.5615479999984387
21.296510000005224,0.5610469999984389
21.298180000005225,0.560545999998439
21.299850000005225,0.5600449999984392
21.301520000005226,0.5595439999984393
21.303190000005227,0.5590429999984394
21.304860000005228,0.558541999998436
21.30653000000523,0.5580409999984397
21.30820000000523,0.5575399999984363
21.30987000000523,0.55703899999844
21.31154000000523,0.5565379999984366
21.31321000000523,0.5560369999984367
21.314880000005232,0.5555359999984368
21.316550000005233,0.555034999998437
21.318220000005233,0.5545339999984371
21.319890000005234,0.5540329999984372
21.321560000005235,0.5535319999984338
21.323230000005235,0.5530309999984375
21.324900000005236,0.5525299999984341
21.326570000005237,0.5520289999984378
21.328240000005238,0.5515279999984344
21.32991000000524,0.5510269999984345
21.33158000000524,0.5505259999984347
21.33325000000524,0.5500249999984348
21.33492000000524,0.5495239999984349
21.33659000000524,0.5490229999984351
21.338260000005242,0.5485219999984317
21.339930000005243,0.5480209999984353
21.341600000005243,0.5475199999984319
21.343270000005244,0.5470189999984321
21.344940000005245,0.5465179999984322
21.346610000005246,0.5460169999984323
21.348280000005246,0.5455159999984325
21.349950000005247,0.5450149999984326
21.351620000005248,0.5445139999984292
21.35329000000525,0.5440129999984329
21.35496000000525,0.5435119999984295
21.35663000000525,0.5430109999984332
21.35830000000525,0.5425099999984297
21.35997000000525,0.5420089999984299
21.361640000005252,0.54150799999843
21.363310000005253,0.5410069999984302
21.364980000005254,0.5405059999984303
21.366650000005254,0.5400049999984304
21.368320000005255,0.539503999998427
21.369990000005256,0.5390029999984307
21.371660000005257,0.5385019999984273
21.373330000005257,0.538000999998431
21.375000000005258,0.5374999999984276
21.37667000000526,0.5369989999984277
21.37834000000526,0.5364979999984278
21.38001000000526,0.535996999998428
21.38168000000526,0.5354959999984281
21.38335000000526,0.5349949999984283
21.385020000005262,0.5344939999984248
21.386690000005263,0.5339929999984285
21.388360000005264,0.5334919999984251
21.390030000005265,0.5329909999984288
21.391700000005265,0.5324899999984254
21.393370000005266,0.5319889999984255
21.395040000005267,0.5314879999984257
21.396710000005267,0.5309869999984258
21.398380000005268,0.5304859999984259
21.40005000000527,0.5299849999984261
21.40172000000527,0.5294839999984262
21.40339000000527,0.5289829999984264
21.40506000000527,0.5284819999984229
21.406730000005272,0.5279809999984266
21.408400000005273,0.5274799999984232
21.410070000005273,0.5269789999984269
21.411740000005274,0.5264779999984235
21.413410000005275,0.5259769999984236
21.415080000005275,0.5254759999984238
21.416750000005276,0.5249749999984239
21.418420000005277,0.524473999998424
21.420090000005278,0.5239729999984242
21.42176000000528,0.5234719999984208
21.42343000000528,0.5229709999984244
21.42510000000528,0.522469999998421
21.42677000000528,0.5219689999984247
21.42844000000528,0.5214679999984213
21.430110000005282,0.5209669999984214
21.431780000005283,0.5204659999984216
21.433450000005283,0.5199649999984217
21.435120000005284,0.5194639999984219
21.436790000005285,0.518962999998422
21.438460000005286,0.5184619999984221
21.440130000005286,0.5179609999984223
21.441800000005287,0.5174599999984189
21.443470000005288,0.5169589999984225
21.44514000000529,0.5164579999984191
21.44681000000529,0.5159569999984228
21.44848000000529,0.5154559999984194
21.45015000000529,0.5149549999984195
21.45182000000529,0.5144539999984197
21.453490000005292,0.5139529999984198
21.455160000005293,0.51345199999842
21.456830000005294,0.5129509999984201
21.458500000005294,0.5124499999984167
21.460170000005295,0.5119489999984204
21.461840000005296,0.511447999998417
21.463510000005297,0.5109469999984206
21.465180000005297,0.5104459999984172
21.466850000005298,0.5099449999984174
21.4685200000053,0.5094439999984175
21.4701900000053,0.5089429999984176
21.4718600000053,0.5084419999984178
21.4735300000053,0.5079409999984179
21.4752000000053,0.5074399999984145
21.476870000005302,0.5069389999984182
21.478540000005303,0.5064379999984148
21.480210000005304,0.5059369999984185
21.481880000005305,0.505435999998415
21.483550000005305,0.5049349999984187
21.485220000005306,0.5044339999984153
21.486890000005307,0.5039329999984155
21.488560000005307,0.5034319999984156
21.490230000005308,0.5029309999984157
21.49190000000531,0.5024299999984159
21.49357000000531,0.501928999998416
21.49524000000531,0.5014279999984126
21.49691000000531,0.5009269999984163
21.49858000000531,0.5004259999984129
21.500250000005313,0.5000500972773274
21.501920000005313,0.5003847470827729
21.503590000005314,0.500719396888222
21.505260000005315,0.5010540466936675
21.506930000005315,0.5013886964991201
21.508600000005316,0.5017233463045656
21.510270000005317,0.5020579961100147
21.511940000005318,0.5023926459154602
21.51361000000532,0.5027272957209092
21.51528000000532,0.5030619455263547
21.51695000000532,0.5033965953318038
21.51862000000532,0.5037312451372493
21.52029000000532,0.5040658949426984
21.521960000005322,0.5044005447481439
21.523630000005323,0.5047351945535965
21.525300000005323,0.505069844359042
21.526970000005324,0.5054044941644911
21.528640000005325,0.5057391439699366
21.530310000005326,0.5060737937753856
21.531980000005326,0.5064084435808311
21.533650000005327,0.5067430933862802
21.535320000005328,0.5070777431917257
21.53699000000533,0.5074123929971748
21.53866000000533,0.5077470428026203
21.54033000000533,0.5080816926080729
21.54200000000533,0.5084163424135184
21.54367000000533,0.5087509922189675
21.545340000005332,0.509085642024413
21.547010000005333,0.509420291829862
21.548680000005334,0.5097549416353075
21.550350000005334,0.5100895914407566
21.552020000005335,0.5104242412462021
21.553690000005336,0.5107588910516512
21.555360000005336,0.5110935408570967
21.557030000005337,0.5114281906625493
21.558700000005338,0.5117628404679948
21.56037000000534,0.5120974902734439
21.56204000000534,0.5124321400788894
21.56371000000534,0.5127667898843384
21.56538000000534,0.513101439689784
21.56705000000534,0.513436089495233
21.568720000005342,0.5137707393006785
21.570390000005343,0.5141053891061276
21.572060000005344,0.5144400389115731
21.573730000005344,0.5147746887170257
21.575400000005345,0.5151093385224712
21.577070000005346,0.5154439883279203
21.578740000005347,0.5157786381333658
21.580410000005347,0.5161132879388148
21.582080000005348,0.5164479377442603
21.58375000000535,0.5167825875497094
21.58542000000535,0.5171172373551549
21.58709000000535,0.517451887160604
21.58876000000535,0.5177865369660495
21.59043000000535,0.5181211867715021
21.592100000005352,0.5184558365769476
21.593770000005353,0.5187904863823967
21.595440000005354,0.5191251361878422
21.597110000005355,0.5194597859932912
21.598780000005355,0.5197944357987367
21.600450000005356,0.5201290856041858
21.602120000005357,0.5204637354096313
21.603790000005358,0.5207983852150804
21.60546000000536,0.5211330350205259
21.60713000000536,0.5214676848259785
21.60880000000536,0.521802334631424
21.61047000000536,0.5221369844368731
21.61214000000536,0.5224716342423186
21.613810000005362,0.5228062840477676
21.615480000005363,0.5231409338532131
21.617150000005363,0.5234755836586622
21.618820000005364,0.5238102334641077
21.620490000005365,0.5241448832695568
21.622160000005366,0.5244795330750023
21.623830000005366,0.5248141828804549
21.625500000005367,0.5251488326859004
21.627170000005368,0.5254834824913495
21.62884000000537,0.525818132296795
21.63051000000537,0.526152782102244
21.63218000000537,0.5264874319076895
21.63385000000537,0.5268220817131386
21.63552000000537,0.5271567315185841
21.637190000005372,0.5274913813240332
21.638860000005373,0.5278260311294787
21.640530000005374,0.5281606809349313
21.642200000005374,0.5284953307403768
21.643870000005375,0.5288299805458259
21.645540000005376,0.5291646303512714
21.647210000005376,0.5294992801567204
21.648880000005377,0.5298339299621659
21.650550000005378,0.530168579767615
21.65222000000538,0.5305032295730605
21.65389000000538,0.5308378793785096
21.65556000000538,0.5311725291839551
21.65723000000538,0.5315071789894041
21.65890000000538,0.5318418287948532
21.660570000005382,0.5321764786003023
21.662240000005383,0.5325111284057478
21.663910000005384,0.5328457782111968
21.665580000005384,0.5331804280166423
21.667250000005385,0.5335150778220914
21.668920000005386,0.5338497276275369
21.670590000005387,0.534184377432986
21.672260000005387,0.5345190272384315
21.673930000005388,0.5348536770438805
21.67560000000539,0.535188326849326
21.67727000000539,0.5355229766547787
21.67894000000539,0.5358576264602242
21.68061000000539,0.5361922762656732
21.68228000000539,0.5365269260711187
21.683950000005392,0.5368615758765678
21.685620000005393,0.5371962256820133
21.687290000005394,0.5375308754874624
21.688960000005395,0.5378655252929079
21.690630000005395,0.5382001750983569
21.692300000005396,0.5385348249038024
21.693970000005397,0.5388694747092515
21.695640000005397,0.5392041245147006
21.697310000005398,0.5395387743201496
21.6989800000054,0.5398734241255951
21.7006500000054,0.5402080739310442
21.7023200000054,0.5405427237364897
21.7039900000054,0.5408773735419388
21.705660000005402,0.5412120233473843
21.707330000005403,0.5415466731528333
21.709000000005403,0.5418813229582788
21.710670000005404,0.5422159727637279
21.712340000005405,0.5425506225691734
21.714010000005405,0.5428852723746225
21.715680000005406,0.5432199221800715
21.717350000005407,0.5435545719855206
21.719020000005408,0.5438892217909661
21.72069000000541,0.5442238715964152
21.72236000000541,0.5445585214018607
21.72403000000541,0.5448931712073097
21.72570000000541,0.5452278210127552
21.72737000000541,0.5455624708182043
21.729040000005412,0.5458971206236498
21.730710000005413,0.5462317704290989
21.732380000005413,0.5465664202345444
21.734050000005414,0.546901070039997
21.735720000005415,0.5472357198454425
21.737390000005416,0.5475703696508916
21.739060000005416,0.5479050194563371
21.740730000005417,0.5482396692617861
21.742400000005418,0.5485743190672316
21.74407000000542,0.5489089688726807
21.74574000000542,0.5492436186781262
21.74741000000542,0.5495782684835753
21.74908000000542,0.5499129182890208
21.75075000000542,0.5502475680944698
21.752420000005422,0.5505822178999153
21.754090000005423,0.550916867705368
21.755760000005424,0.5512515175108135
21.757430000005424,0.5515861673162625
21.759100000005425,0.551920817121708
21.760770000005426,0.5522554669271571
21.762440000005427,0.5525901167326026
21.764110000005427,0.5529247665380517
21.765780000005428,0.5532594163434972
21.76745000000543,0.5535940661489462
21.76912000000543,0.5539287159543917
21.77079000000543,0.5542633657598408
21.77246000000543,0.5545980155652899
21.77413000000543,0.5549326653707389
21.775800000005432,0.5552673151761844
21.777470000005433,0.5556019649816335
21.779140000005434,0.555936614787079
21.780810000005435,0.5562712645925281
21.782480000005435,0.5566059143979736
21.784150000005436,0.5569405642034226
21.785820000005437,0.5572752140088681
21.787490000005437,0.5576098638143172
21.789160000005438,0.5579445136197627
21.79083000000544,0.5582791634252153
21.79250000000544,0.5586138132306608
21.79417000000544,0.5589484630361099
21.79584000000544,0.5592831128415554
21.797510000005442,0.5596177626470045
21.799180000005443,0.55995241245245
21.800850000005443,0.560287062257899
21.802520000005444,0.5606217120633445
21.804190000005445,0.5609563618687936
21.805860000005445,0.5612910116742391
21.807530000005446,0.5616256614796917
21.809200000005447,0.5619603112851372
21.810870000005448,0.5622949610905863
21.81254000000545,0.5626296108960318
21.81421000000545,0.5629642607014809
21.81588000000545,0.5632989105069264
21.81755000000545,0.5636335603123754
21.81922000000545,0.563968210117821
21.820890000005452,0.56430285992327
21.822560000005453,0.5646375097287155
21.824230000005453,0.5649721595341681
21.825900000005454,0.5653068093396136
21.827570000005455,0.5656414591450627
21.829240000005456,0.5659761089505082
21.830910000005456,0.5663107587559573
21.832580000005457,0.5666454085614028
21.834250000005458,0.5669800583668518
21.83592000000546,0.5673147081722973
21.83759000000546,0.5676493579777464
21.83926000000546,0.5679840077831919
21.84093000000546,0.5683186575886445
21.84260000000546,0.56865330739409
21.844270000005462,0.5689879571995391
21.845940000005463,0.5693226070049846
21.847610000005464,0.5696572568104337
21.849280000005464,0.5699919066158792
21.850950000005465,0.5703265564213282
21.852620000005466,0.5706612062267737
21.854290000005467,0.5709958560322228
21.855960000005467,0.5713305058376683
21.857630000005468,0.5716651556431209
21.85930000000547,0.5719998054485664
21.86097000000547,0.5723344552540155
21.86264000000547,0.572669105059461
21.86431000000547,0.5730037548649101
21.86598000000547,0.5733384046703556
21.867650000005472,0.5736730544758046
21.869320000005473,0.5740077042812501
21.870990000005474,0.5743423540866992
21.872660000005475,0.5746770038921447
21.874330000005475,0.5750116536975973
21.876000000005476,0.5753463035030428
21.877670000005477,0.5756809533084919
21.879340000005477,0.5760156031139374
21.881010000005478,0.5763502529193865
21.88268000000548,0.576684902724832
21.88435000000548,0.577019552530281
21.88602000000548,0.5773542023357265
21.88769000000548,0.5776888521411756
21.88936000000548,0.5780235019466211
21.891030000005482,0.5783581517520737
21.892700000005483,0.5786928015575192
21.894370000005484,0.5790274513629683
21.896040000005485,0.5793621011684138
21.897710000005485,0.5796967509738629
21.899380000005486,0.5800314007793084
21.901050000005487,0.5803660505847574
21.902720000005488,0.5807007003902029
21.90439000000549,0.581035350195652
21.90606000000549,0.5813700000010975
21.90773000000549,0.5817046498065501
21.90940000000549,0.5820392996119956
21.91107000000549,0.5823739494174447
21.912740000005492,0.5827085992228902
21.914410000005493,0.5830432490283393
21.916080000005493,0.5833778988337848
21.917750000005494,0.5837125486392338
21.919420000005495,0.5840471984446793
21.921090000005496,0.5843818482501284
21.922760000005496,0.5847164980555739
21.924430000005497,0.5850511478610265
21.926100000005498,0.585385797666472
21.9277700000055,0.5857204474719211
21.9294400000055,0.586053592234105
21.9311100000055,0.5863859708748826
21.9327800000055,0.5867183495156567
21.9344500000055,0.5870507281564343
21.936120000005502,0.587383106797212
21.937790000005503,0.5877154854379896
21.939460000005504,0.5880478640787636
21.941130000005504,0.5883802427195448
21.942800000005505,0.5887126213603189
21.944470000005506,0.5890450000010965
21.946140000005506,0.5893773786418706
21.947810000005507,0.5897097572826517
21.949480000005508,0.5900421359234258
21.95115000000551,0.5903745145642034
21.95282000000551,0.590706893204981
21.95449000000551,0.5910392718457587
21.95616000000551,0.5913716504865327
21.95783000000551,0.5917040291273103
21.959500000005512,0.592036407768088
21.961170000005513,0.5923687864088656
21.962840000005514,0.5927011650496397
21.964510000005514,0.5930335436904208
21.966180000005515,0.5933659223311949
21.967850000005516,0.5936983009719725
21.969520000005517,0.5940306796127466
21.971190000005517,0.5943630582535278
21.972860000005518,0.5946954368943018
21.97453000000552,0.5950278155350794
21.97620000000552,0.5953601941758571
21.97787000000552,0.5956925728166347
21.97954000000552,0.5960249514574087
21.98121000000552,0.5963573300981864
21.982880000005522,0.596689708738964
21.984550000005523,0.5970220873797416
21.986220000005524,0.5973544660205157
21.987890000005525,0.5976868446612968
21.989560000005525,0.5980192233020709
21.991230000005526,0.5983516019428485
21.992900000005527,0.5986839805836226
21.994570000005528,0.5990163592244038
21.99624000000553,0.5993487378651778
21.99791000000553,0.5996811165059555
21.99958000000553,0.6000134951467331
22.00125000000553,0.6003458737875107
22.00292000000553,0.6006782524282848
22.004590000005532,0.6010106310690624
22.006260000005533,0.60134300970984
22.007930000005533,0.6016753883506176
22.009600000005534,0.6020077669913917
22.011270000005535,0.6023401456321729
22.012940000005536,0.6026725242729469
22.014610000005536,0.6030049029137245
22.016280000005537,0.6033372815544986
22.017950000005538,0.6036696601952798
22.01962000000554,0.6040020388360539
22.02129000000554,0.6043344174768315
22.02296000000554,0.6046667961176091
22.02463000000554,0.6049991747583867
22.02630000000554,0.6053315533991608
22.027970000005542,0.605663932039942
22.029640000005543,0.605996310680716
22.031310000005544,0.6063286893214936
22.032980000005544,0.6066610679622677
22.034650000005545,0.6069934466030489
22.036320000005546,0.607325825243823
22.037990000005546,0.6076582038846006
22.039660000005547,0.6079905825253746
22.041330000005548,0.6083229611661558
22.04300000000555,0.6086553398069299
22.04467000000555,0.6089877184477075
22.04634000000555,0.6093200970884851
22.04801000000555,0.6096524757292627
22.04968000000555,0.6099848543700368
22.051350000005552,0.610317233010818
22.053020000005553,0.610649611651592
22.054690000005554,0.6109819902923697
22.056360000005554,0.6113143689331437
22.058030000005555,0.6116467475739249
22.059700000005556,0.611979126214699
22.061370000005557,0.6123115048554766
22.063040000005557,0.6126438834962507
22.064710000005558,0.6129762621370318
22.06638000000556,0.6133086407778059
22.06805000000556,0.6136410194185835
22.06972000000556,0.6139733980593611
22.07139000000556,0.6143057782112322
22.07306000000556,0.6146404280166777
22.074730000005562,0.6149750778221303
22.076400000005563,0.6153097276275759
22.078070000005564,0.6156443774330249
22.079740000005565,0.6159790272384704
22.081410000005565,0.6163136770439195
22.083080000005566,0.616648326849365
22.084750000005567,0.616982976654814
22.086420000005567,0.6173176264602596
22.088090000005568,0.6176522762657086
22.08976000000557,0.6179869260711541
22.09143000000557,0.6183215758766032
22.09310000000557,0.6186562256820523
22.09477000000557,0.6189908754875013
22.096440000005572,0.6193255252929468
22.098110000005573,0.6196601750983959
22.099780000005573,0.6199948249038414
22.101450000005574,0.6203294747092869
22.103120000005575,0.620664124514736
22.104790000005575,0.6209987743201815
22.106460000005576,0.6213334241256305
22.108130000005577,0.621668073931076
22.109800000005578,0.6220027237365251
22.11147000000558,0.6223373735419742
22.11314000000558,0.6226720233474232
22.11481000000558,0.6230066731528687
22.11648000000558,0.6233413229583178
22.11815000000558,0.6236759727637633
22.119820000005582,0.6240106225692124
22.121490000005583,0.6243452723746579
22.123160000005583,0.6246799221801069
22.124830000005584,0.6250145719855524
22.126500000005585,0.6253492217910015
22.128170000005586,0.625683871596447
22.129840000005586,0.6260185214018961
22.131510000005587,0.6263531712073451
22.133180000005588,0.6266878210127942
22.13485000000559,0.6270224708182397
22.13652000000559,0.6273571206236888
22.13819000000559,0.6276917704291343
22.13986000000559,0.6280264202345833
22.14153000000559,0.6283610700400288
22.143200000005592,0.6286957198454779
22.144870000005593,0.6290303696509234
22.146540000005594,0.6293650194563725
22.148210000005594,0.629699669261818
22.149880000005595,0.6300343190672706
22.151550000005596,0.6303689688727161
22.153220000005597,0.6307036186781652
22.154890000005597,0.6310382684836107
22.156560000005598,0.6313729182890597
22.1582300000056,0.6317075680945052
22.1599000000056,0.6320422178999543
22.1615700000056,0.6323768677053998
22.1632400000056,0.6327115175108489
22.1649100000056,0.6330461673162944
22.166580000005602,0.6333808171217434
22.168250000005603,0.6337154669271925
22.169920000005604,0.6340501167326416
22.171590000005605,0.6343847665380871
22.173260000005605,0.6347194163435361
22.174930000005606,0.6350540661489816
22.176600000005607,0.6353887159544307
22.178270000005607,0.6357233657598762
22.179940000005608,0.6360580155653253
22.18161000000561,0.6363926653707708
22.18328000000561,0.6367273151762198
22.18495000000561,0.6370619649816653
22.18662000000561,0.6373966147871144
22.188290000005612,0.6377312645925635
22.189960000005613,0.6380659143980125
22.191630000005613,0.638400564203458
22.193300000005614,0.6387352140089071
22.194970000005615,0.6390698638143526
22.196640000005615,0.6394045136198017
22.198310000005616,0.6397391634252472
22.199980000005617,0.6400738132306962
22.201650000005618,0.6404084630361417
22.20332000000562,0.6407431128415908
22.20499000000562,0.6410777626470363
22.20666000000562,0.6414124124524889
22.20833000000562,0.6417470622579344
22.21000000000562,0.6420817120633835
22.211670000005622,0.642416361868829
22.213340000005623,0.6427510116742781
22.215010000005623,0.6430856614797236
22.216680000005624,0.6434203112851726
22.218350000005625,0.6437549610906181
22.220020000005626,0.6440896108960672
22.221690000005626,0.6444242607015127
22.223360000005627,0.6447589105069618
22.225030000005628,0.6450935603124108
22.22670000000563,0.6454282101178599
22.22837000000563,0.6457628599233054
22.23004000000563,0.6460975097287545
22.23171000000563,0.6464321595342
22.23338000000563,0.646766809339649
22.235050000005632,0.6471014591450945
22.236720000005633,0.6474361089505436
22.238390000005634,0.6477707587559891
22.240060000005634,0.6481054085614382
22.241730000005635,0.6484400583668872
22.243400000005636,0.6487747081723363
22.245070000005637,0.6491093579777818
22.246740000005637,0.6494440077832309
22.248410000005638,0.6497786575886764
22.25008000000564,0.6501133073941254
22.25175000000564,0.6504479571995709
22.25342000000564,0.65078260700502
22.25509000000564,0.6511172568104655
22.25676000000564,0.6514519066159146
22.258430000005642,0.6517865564213636
22.260100000005643,0.6521212062268127
22.261770000005644,0.6524558560322582
22.263440000005644,0.6527905058377073
22.265110000005645,0.6531251556431528
22.266780000005646,0.6534598054486018
22.268450000005647,0.6537944552540473
22.270120000005647,0.6541291050594964
22.271790000005648,0.6544637548649419
22.27346000000565,0.654798404670391
22.27513000000565,0.65513305447584
22.27680000000565,0.6554677042812891
22.27847000000565,0.6558023540867346
22.28014000000565,0.6561370038921837
22.281810000005652,0.6564716536976292
22.283480000005653,0.6568063035030782
22.285150000005654,0.6571409533085237
22.286820000005655,0.6574756031139728
22.288490000005655,0.6578102529194183
22.290160000005656,0.6581449027248674
22.291830000005657,0.6584795525303164
22.293500000005658,0.6588142023357655
22.29517000000566,0.659148852141211
22.29684000000566,0.6594835019466601
22.29851000000566,0.6598181517521056
22.30018000000566,0.6601528015575546
22.30185000000566,0.6604874513630001
22.303520000005662,0.6608221011684492
22.305190000005663,0.6611567509738947
22.306860000005663,0.6614914007793438
22.308530000005664,0.6618260505847928
22.310200000005665,0.6621607003902419
22.311870000005666,0.6624953501956874
22.313540000005666,0.6628300000011365
22.315210000005667,0.663164649806582
22.316880000005668,0.663499299612031
22.31855000000567,0.6638339494174765
22.32022000000567,0.6641685992229256
22.32189000000567,0.6645032490283711
22.32356000000567,0.6648378988338202
22.32523000000567,0.6651725486392692
22.326900000005672,0.6655071984447183
22.328570000005673,0.6658418482501638
22.330240000005674,0.6661764980556129
22.331910000005674,0.6665111478610584
22.333580000005675,0.6668457976665074
22.335250000005676,0.6671804474719529
22.336920000005676,0.667515097277402
22.338590000005677,0.6678497470828475
22.340260000005678,0.6681843968882966
22.34193000000568,0.6685190466937456
22.34360000000568,0.6688536964991947
22.34527000000568,0.6691883463046402
22.34694000000568,0.6695229961100893
22.34861000000568,0.6698576459155348
22.350280000005682,0.6701922957209838
22.351950000005683,0.6705269455264293
22.353620000005684,0.6708615953318784
22.355290000005684,0.6711962451373239
22.356960000005685,0.671530873787539
22.358630000005686,0.6718632524283166
22.360300000005687,0.6721956310690942
22.361970000005687,0.6725280097098683
22.363640000005688,0.6728603883506494
22.36531000000569,0.6731927669914235
22.36698000000569,0.6735251456322011
22.36865000000569,0.6738575242729752
22.37032000000569,0.6741899029137564
22.37199000000569,0.6745222815545304
22.373660000005692,0.674854660195308
22.375330000005693,0.6751870388360821
22.377000000005694,0.6755194174768633
22.378670000005695,0.6758517961176373
22.380340000005695,0.676184174758415
22.382010000005696,0.6765165533991926
22.383680000005697,0.6768489320399702
22.385350000005698,0.6771813106807443
22.3870200000057,0.6775136893215219
22.3886900000057,0.6778460679622995
22.3903600000057,0.6781784466030771
22.3920300000057,0.6785108252438512
22.3937000000057,0.6788432038846288
22.395370000005702,0.6791755825254064
22.397040000005703,0.6795079611661841
22.398710000005703,0.6798403398069581
22.400380000005704,0.6801727184477393
22.402050000005705,0.6805050970885134
22.403720000005706,0.680837475729291
22.405390000005706,0.681169854370065
22.407060000005707,0.6815022330108462
22.408730000005708,0.6818346116516203
22.41040000000571,0.6821669902923979
22.41207000000571,0.682499368933172
22.41374000000571,0.6828317475739532
22.41541000000571,0.6831641262147272
22.41708000000571,0.6834965048555048
22.418750000005712,0.6838288834962825
22.420420000005713,0.6841612621370601
22.422090000005714,0.6844936407778341
22.423760000005714,0.6848260194186118
22.425430000005715,0.6851583980593894
22.427100000005716,0.685490776700167
22.428770000005716,0.6858231553409411
22.430440000005717,0.6861555339817187
22.432110000005718,0.6864879126224963
22.43378000000572,0.6868202912632739
22.43545000000572,0.687152669904048
22.43712000000572,0.6874850485448292
22.43879000000572,0.6878174271856032
22.44046000000572,0.6881498058263809
22.442130000005722,0.6884821844671549
22.443800000005723,0.6888145631079361
22.445470000005724,0.6891469417487102
22.447140000005724,0.6894793203894878
22.448810000005725,0.6898116990302654
22.450480000005726,0.690144077671043
22.452150000005727,0.6904764563118171
22.453820000005727,0.6908088349525947
22.455490000005728,0.6911412135933723
22.45716000000573,0.69147359223415
22.45883000000573,0.691805970874924
22.46050000000573,0.6921383495157016
22.46217000000573,0.6924707281564793
22.46384000000573,0.6928031067972569
22.465510000005732,0.6931354854380309
22.467180000005733,0.6934678640788121
22.468850000005734,0.6938002427195862
22.470520000005735,0.6941326213603638
22.472190000005735,0.6944650000011379
22.473860000005736,0.694797378641919
22.475530000005737,0.6951297572826931
22.477200000005737,0.6954621359234707
22.478870000005738,0.6957945145642448
22.48054000000574,0.696126893205026
22.48221000000574,0.6964592718458
22.48388000000574,0.6967916504865777
22.48555000000574,0.6971240291273553
22.487220000005742,0.6974564077681329
22.488890000005743,0.697788786408907
22.490560000005743,0.6981211650496846
22.492230000005744,0.6984535436904622
22.493900000005745,0.6987859223312398
22.495570000005745,0.6991183009720139
22.497240000005746,0.6994506796127915
22.498910000005747,0.6997830582535691
22.500580000005748,0.6998257743173468
22.50225000000575,0.6993241245118966
22.50392000000575,0.6988224747064464
22.50559000000575,0.6983208249009998
22.50726000000575,0.6978191750955531
22.50893000000575,0.6973175252901065
22.510600000005752,0.6968158754846598
22.512270000005753,0.6963142256792096
22.513940000005753,0.695812575873763
22.515610000005754,0.6953109260683163
22.517280000005755,0.6948092762628697
22.518950000005756,0.6943076264574195
22.520620000005756,0.6938059766519693
22.522290000005757,0.6933043268465227
22.523960000005758,0.692802677041076
22.52563000000576,0.6923010272356294
22.52730000000576,0.6917993774301827
22.52897000000576,0.6912977276247325
22.53064000000576,0.6907960778192859
22.53231000000576,0.6902944280138392
22.533980000005762,0.6897927782083926
22.535650000005763,0.6892911284029424
22.537320000005764,0.6887894785974922
22.538990000005764,0.6882878287920455
22.540660000005765,0.6877861789865989
22.542330000005766,0.6872845291811522
22.544000000005767,0.6867828793757056
22.545670000005767,0.6862812295702554
22.547340000005768,0.6857795797648087
22.54901000000577,0.6852779299593621
22.55068000000577,0.6847762801539155
22.55235000000577,0.6842746303484653
22.55402000000577,0.683772980543015
22.55569000000577,0.6832713307375684
22.557360000005772,0.6827696809321218
22.559030000005773,0.6822680311266751
22.560700000005774,0.6817663813212285
22.562370000005775,0.6812647315157783
22.564040000005775,0.6807630817103316
22.565710000005776,0.680261431904885
22.567380000005777,0.6797597820994383
22.569050000005777,0.6792581322939881
22.570720000005778,0.6787564824885415
22.57239000000578,0.6782548326830913
22.57406000000578,0.6777531828776446
22.57573000000578,0.677251533072198
22.57740000000578,0.6767498832667513
22.579070000005782,0.6762482334613047
22.580740000005783,0.6757465836558545
22.582410000005783,0.6752449338504078
22.584080000005784,0.6747432840449612
22.585750000005785,0.674241634239511
22.587420000005785,0.6737399844340644
22.589090000005786,0.6732383346286142
22.590760000005787,0.6727366848231675
22.592430000005788,0.6722350350177209
22.59410000000579,0.6717333852122742
22.59577000000579,0.6712317354068276
22.59744000000579,0.6707300856013774
22.59911000000579,0.6702284357959307
22.60078000000579,0.6697267859904841
22.602450000005792,0.6692251361850339
22.604120000005793,0.6687234863795872
22.605790000005793,0.668221836574137
22.607460000005794,0.6677201867686904
22.609130000005795,0.6672185369632437
22.610800000005796,0.6667168871577971
22.612470000005796,0.6662152373523504
22.614140000005797,0.6657135875469002
22.615810000005798,0.6652119377414536
22.6174800000058,0.664710287936007
22.6191500000058,0.6642086381305567
22.6208200000058,0.6637069883251101
22.6224900000058,0.6632053385196599
22.6241600000058,0.6627036887142133
22.625830000005802,0.6622020389087666
22.627500000005803,0.66170038910332
22.629170000005804,0.6611987392978733
22.630840000005804,0.6606970894924231
22.632510000005805,0.6601954396869765
22.634180000005806,0.6596937898815298
22.635850000005806,0.6591921400760796
22.637520000005807,0.658690490270633
22.639190000005808,0.6581888404651828
22.64086000000581,0.6576871906597361
22.64253000000581,0.6571855408542895
22.64420000000581,0.6566838910488428
22.64587000000581,0.6561822412433962
22.64754000000581,0.655680591437946
22.649210000005812,0.6551789416324993
22.650880000005813,0.6546772918270527
22.652550000005814,0.654175642021606
22.654220000005814,0.6536739922161559
22.655890000005815,0.6531723424107057
22.657560000005816,0.652670692605259
22.659230000005817,0.6521690427998124
22.660900000005817,0.6516673929943657
22.662570000005818,0.6511657431889191
22.66424000000582,0.6506640933834689
22.66591000000582,0.6501624435780222
22.66758000000582,0.6496607937725756
22.66925000000582,0.6491591439671289
22.67092000000582,0.6486574941616823
22.672590000005822,0.6481558443562285
22.674260000005823,0.6476541945507819
22.675930000005824,0.6471525447453352
22.677600000005825,0.6466508949398886
22.679270000005825,0.6461492451344419
22.680940000005826,0.6456475953289917
22.682610000005827,0.6451459455235451
22.684280000005828,0.6446442957180984
22.68595000000583,0.6441426459126518
22.68762000000583,0.6436409961072052
22.68929000000583,0.6431393463017585
22.69096000000583,0.6426376964963083
22.69263000000583,0.6421360466908581
22.694300000005832,0.6416343968854115
22.695970000005833,0.6411327470799648
22.697640000005833,0.6406310972745182
22.699310000005834,0.640129447469068
22.700980000005835,0.6396277976636213
22.702650000005836,0.6391261478581747
22.704320000005836,0.638624498052728
22.705990000005837,0.6381228482472814
22.707660000005838,0.6376211984418312
22.70933000000584,0.6371195486363845
22.71100000000584,0.6366178988309343
22.71267000000584,0.6361162490254877
22.71434000000584,0.635614599220041
22.71601000000584,0.6351129494145908
22.717680000005842,0.6346112996091442
22.719350000005843,0.6341096498036976
22.721020000005844,0.6336079999982509
22.722690000005844,0.6331063501928043
22.724360000005845,0.6326047003873541
22.726030000005846,0.6321030505819074
22.727700000005846,0.6316014007764608
22.729370000005847,0.6310997509710106
22.731040000005848,0.6305981011655639
22.73271000000585,0.6300964513601137
22.73438000000585,0.6295948015546671
22.73605000000585,0.6290931517492204
22.73772000000585,0.6285915019437738
22.73939000000585,0.6280898521383271
22.741060000005852,0.6275882023328769
22.742730000005853,0.6270865525274303
22.744400000005854,0.6265849027219836
22.746070000005854,0.626083252916537
22.747740000005855,0.6255816031110903
22.749410000005856,0.6250799533056366
22.751080000005857,0.62457830350019
22.752750000005857,0.6240766536947433
22.754420000005858,0.6235750038892967
22.75609000000586,0.62307335408385
22.75776000000586,0.6225717042783998
22.75943000000586,0.6220700544729532
22.76110000000586,0.6215684046675065
22.76277000000586,0.6210667548620599
22.764440000005862,0.6205651050566132
22.766110000005863,0.620063455251163
22.767780000005864,0.6195618054457128
22.769450000005865,0.6190601556402662
22.771120000005865,0.6185585058348195
22.772790000005866,0.6180568560293729
22.774460000005867,0.6175552062239227
22.776130000005868,0.617053556418476
22.77780000000587,0.6165519066130294
22.77947000000587,0.6160502568075827
22.78114000000587,0.6155486070021361
22.78281000000587,0.6150469571966859
22.78448000000587,0.6145453073912392
22.786150000005872,0.614043657585789
22.787820000005873,0.6135420077803424
22.789490000005873,0.6130403579748958
22.791160000005874,0.6125387081694456
22.792830000005875,0.6120370583639989
22.794500000005876,0.6115354085585523
22.796170000005876,0.6110337587531056
22.797840000005877,0.610532108947659
22.799510000005878,0.6100304591422088
22.80118000000588,0.6095288093367621
22.80285000000588,0.6090271595313119
22.80452000000588,0.6085255097258653
22.80619000000588,0.6080238599204186
22.80786000000588,0.6075222101149684
22.809530000005882,0.6070205603095218
22.811200000005883,0.6065189105040751
22.812870000005883,0.6060172606986285
22.814540000005884,0.6055156108931818
22.816210000005885,0.6050139610877352
22.817880000005886,0.604512311282285
22.819550000005886,0.6040106614768348
22.821220000005887,0.6035090116713882
22.822890000005888,0.6030073618659415
22.82456000000589,0.6025057120604949
22.82623000000589,0.6020040622550447
22.82790000000589,0.601502412449598
22.82957000000589,0.6010007626441514
22.83124000000589,0.6004991128387047
22.832910000005892,0.5999974630332581
22.834580000005893,0.5994958132278079
22.836250000005894,0.5989941634223612
22.837920000005894,0.598492513616911
22.839590000005895,0.5979908638114644
22.841260000005896,0.5974892140060177
22.842930000005897,0.5969875642005675
22.844600000005897,0.5964859143951209
22.846270000005898,0.5959842645896742
22.8479400000059,0.5954826147842276
22.8496100000059,0.594980964978781
22.8512800000059,0.5944793151733307
22.8529500000059,0.5939776653678841
22.8546200000059,0.5934760155624339
22.856290000005902,0.5929743657569873
22.857960000005903,0.5924727159515406
22.859630000005904,0.5919710661460904
22.861300000005905,0.5914694163406438
22.862970000005905,0.5909677665351971
22.864640000005906,0.5904661167297505
22.866310000005907,0.5899644669243038
22.867980000005907,0.5894628171188536
22.869650000005908,0.588961167313407
22.87132000000591,0.5884595175079568
22.87299000000591,0.5879578677025101
22.87466000000591,0.5874562178970635
22.87633000000591,0.5869545680916133
22.878000000005912,0.5864529182861666
22.879670000005913,0.58595126848072
22.881340000005913,0.5854496186752733
22.883010000005914,0.5849479688698267
22.884680000005915,0.5844463190643765
22.886350000005915,0.5839446692589298
22.888020000005916,0.5834430194534796
22.889690000005917,0.582941369648033
22.891360000005918,0.5824397198425864
22.89303000000592,0.5819380700371362
22.89470000000592,0.5814364202316895
22.89637000000592,0.5809347704262429
22.89804000000592,0.5804331206207962
22.89971000000592,0.5799314708153496
22.901380000005922,0.5794298210098994
22.903050000005923,0.5789281712044527
22.904720000005923,0.5784265213990025
22.906390000005924,0.5779248715935559
22.908060000005925,0.5774232217881092
22.909730000005926,0.576921571982659
22.911400000005926,0.5764199221772124
22.913070000005927,0.5759182723717657
22.914740000005928,0.5754166225663191
22.91641000000593,0.5749149727608724
22.91808000000593,0.5744133229554222
22.91975000000593,0.5739116731499756
22.92142000000593,0.5734100233445254
22.92309000000593,0.5729083735390788
22.924760000005932,0.5724067237336321
22.926430000005933,0.5719050739281819
22.928100000005934,0.5714034241227353
22.929770000005934,0.5709037281535707
22.931440000005935,0.5704043495127955
22.933110000005936,0.5699049708720167
22.934780000005937,0.569405592231238
22.936450000005937,0.5689062135904628
22.938120000005938,0.568406834949684
22.93979000000594,0.5679074563089088
22.94146000000594,0.5674080776681336
22.94313000000594,0.5669086990273584
22.94480000000594,0.5664093203865761
22.94647000000594,0.5659099417458009
22.948140000005942,0.5654105631050257
22.949810000005943,0.5649111844642469
22.951480000005944,0.5644118058234717
22.953150000005945,0.563912427182693
22.954820000005945,0.5634130485419178
22.956490000005946,0.562913669901139
22.958160000005947,0.5624142912603638
22.959830000005947,0.5619149126195886
22.961500000005948,0.5614155339788063
22.96317000000595,0.5609161553380311
22.96484000000595,0.5604167766972559
22.96651000000595,0.5599173980564807
22.96818000000595,0.5594180194157019
22.969850000005952,0.5589186407749231
22.971520000005953,0.5584192621341479
22.973190000005953,0.5579198834933692
22.974860000005954,0.557420504852594
22.976530000005955,0.5569211262118188
22.978200000005955,0.55642174757104
22.979870000005956,0.5559223689302613
22.981540000005957,0.555422990289486
22.983210000005958,0.5549236116487108
22.98488000000596,0.5544242330079321
22.98655000000596,0.5539248543671533
22.98822000000596,0.5534254757263781
22.98989000000596,0.5529260970856029
22.99156000000596,0.5524267184448242
22.993230000005962,0.551927339804049
22.994900000005963,0.5514279611632702
22.996570000005963,0.5509285825224914
22.998240000005964,0.5504292038817162
22.999910000005965,0.549929825240941
23.001580000005966,0.5494304466001658
23.003250000005966,0.5489310679593835
23.004920000005967,0.5484316893186083
23.006590000005968,0.5479323106778331
23.00826000000597,0.5474329320370543
23.00993000000597,0.5469335533962791
23.01160000000597,0.5464341747555004
23.01327000000597,0.5459347961147252
23.01494000000597,0.5454354174739464
23.016610000005972,0.5449360388331712
23.018280000005973,0.544436660192396
23.019950000005974,0.5439372815516137
23.021620000005974,0.5434379029108385
23.023290000005975,0.5429385242700633
23.024960000005976,0.5424391456292881
23.026630000005976,0.5419397669885093
23.028300000005977,0.5414403883477306
23.029970000005978,0.5409410097069554
23.03164000000598,0.5404416310661766
23.03331000000598,0.5399422524254014
23.03498000000598,0.5394428737846262
23.03665000000598,0.5389434951438474
23.03832000000598,0.5384441165030687
23.039990000005982,0.5379447378622935
23.041660000005983,0.5374453592215183
23.043330000005984,0.536945980580736
23.045000000005984,0.5364466019399607
23.046670000005985,0.5359472232991855
23.048340000005986,0.5354478446584103
23.050010000005987,0.5349484660176316
23.051680000005987,0.5344490873768528
23.053350000005988,0.5339497087360776
23.05502000000599,0.5334503300952989
23.05669000000599,0.5329509514545236
23.05836000000599,0.5324515728137484
23.06003000000599,0.5319521941729697
23.06170000000599,0.5314528155321909
23.063370000005992,0.5309534368914157
23.065040000005993,0.5304540582506405
23.066710000005994,0.5299546796098618
23.068380000005995,0.529455300969083
23.070050000005995,0.5289559223283078
23.071720000005996,0.528456093383415
23.073390000005997,0.5279544435779684
23.075060000005998,0.5274527937725217
23.076730000006,0.5269511439670715
23.078400000006,0.5264494941616249
23.080070000006,0.5259478443561783
23.081740000006,0.5254461945507316
23.083410000006,0.524944544745285
23.085080000006002,0.5244428949398348
23.086750000006003,0.5239412451343881
23.088420000006003,0.5234395953289379
23.090090000006004,0.5229379455234913
23.091760000006005,0.5224362957180446
23.093430000006006,0.5219346459125944
23.095100000006006,0.5214329961071478
23.096770000006007,0.5209313463017011
23.098440000006008,0.5204296964962545
23.10011000000601,0.5199280466908078
23.10178000000601,0.5194263968853576
23.10345000000601,0.518924747079911
23.10512000000601,0.5184230972744643
23.10679000000601,0.5179214474690177
23.108460000006012,0.5174197976635675
23.110130000006013,0.5169181478581173
23.111800000006014,0.5164164980526706
23.113470000006014,0.515914848247224
23.115140000006015,0.5154131984417774
23.116810000006016,0.5149115486363307
23.118480000006016,0.5144098988308805
23.120150000006017,0.5139082490254339
23.121820000006018,0.5134065992199872
23.12349000000602,0.5129049494145406
23.12516000000602,0.5124032996090904
23.12683000000602,0.5119016498036402
23.12850000000602,0.5113999999981935
23.13017000000602,0.5108983501927469
23.131840000006022,0.5103967003873002
23.133510000006023,0.50989505058185
23.135180000006024,0.5093934007764034
23.136850000006024,0.5088917509709567
23.138520000006025,0.5083901011655101
23.140190000006026,0.5078884513600634
23.141860000006027,0.5073868015546132
23.143530000006027,0.5068851517491666
23.145200000006028,0.5063835019437164
23.14687000000603,0.5058818521382697
23.14854000000603,0.5053802023328231
23.15021000000603,0.5048785525273729
23.15188000000603,0.5043769027219263
23.15355000000603,0.5038752529164796
23.155220000006032,0.503373603111033
23.156890000006033,0.5028719533055863
23.158560000006034,0.5023703035001361
23.160230000006035,0.5018686536946895
23.161900000006035,0.5013670038892428
23.163570000006036,0.5008653540837962
23.165240000006037,0.500363704278346
23.166910000006038,0.4998620544728958
23.16858000000604,0.49936040466744913
23.17025000000604,0.4988587548620025
23.17192000000604,0.49835710505655584
23.17359000000604,0.4978554552511092
23.17526000000604,0.497353805445659
23.176930000006042,0.49685215564021235
23.178600000006043,0.4963505058347657
23.180270000006043,0.49584885602931905
23.181940000006044,0.4953472062238724
23.183610000006045,0.49484555641841865
23.185280000006045,0.494343906612972
23.186950000006046,0.49384225680752536
23.188620000006047,0.4933406070020787
23.190290000006048,0.49283895719663207
23.19196000000605,0.49233730739118187
23.19363000000605,0.4918356575857352
23.19530000000605,0.4913340077802886
23.19697000000605,0.4908323579748419
23.19864000000605,0.4903307081693953
23.200310000006052,0.4898290583639451
23.201980000006053,0.4893274085584949
23.203650000006053,0.48882575875304823
23.205320000006054,0.4883241089476016
23.206990000006055,0.48782245914215494
23.208660000006056,0.48732080933670474
23.210330000006056,0.4868191595312581
23.212000000006057,0.48631750972581145
23.213670000006058,0.4858158599203648
23.21534000000606,0.4853142101149146
23.21701000000606,0.48481256030946795
23.21868000000606,0.4843109105040213
23.22035000000606,0.4838092606985711
23.22202000000606,0.48330761089312446
23.223690000006062,0.48280596108767426
23.225360000006063,0.4823043112822276
23.227030000006064,0.48180266147678097
23.228700000006064,0.4813010116713343
23.230370000006065,0.4807993618658877
23.232040000006066,0.4802977120604375
23.233710000006067,0.47979606225499083
23.235380000006067,0.4792944124495442
23.237050000006068,0.478792762644094
23.23872000000607,0.47829111283864734
23.24039000000607,0.47778946303319714
23.24206000000607,0.4772878132277505
23.24373000000607,0.47678616342230384
23.24540000000607,0.4762845136168572
23.247070000006072,0.47578286381141055
23.248740000006073,0.47528121400596035
23.250410000006074,0.4747795642005137
23.252080000006075,0.47427791439506706
23.253750000006075,0.47377626458961686
23.255420000006076,0.4732746147841702
23.257090000006077,0.47277296497872
23.258760000006077,0.47227131517327336
23.260430000006078,0.4717696653678267
23.26210000000608,0.47126801556238007
23.26377000000608,0.4707663657569334
23.26544000000608,0.4702647159514832
23.26711000000608,0.4697630661460366
23.268780000006082,0.46926141634058993
23.270450000006083,0.46875976653513973
23.272120000006083,0.4682581167296931
23.273790000006084,0.4677564669242429
23.275460000006085,0.46725481711879624
23.277130000006085,0.4667531673133496
23.278800000006086,0.46625151750790295
23.280470000006087,0.4657498677024563
23.282140000006088,0.4652482178970061
23.28381000000609,0.46474656809155945
23.28548000000609,0.4642449182861128
23.28715000000609,0.4637432684806626
23.28882000000609,0.46324161867521596
23.29049000000609,0.46273996886976576
23.292160000006092,0.4622383190643191
23.293830000006093,0.46173666925887247
23.295500000006093,0.4612350194534258
23.297170000006094,0.4607333696479792
23.298840000006095,0.460231719842529
23.300510000006096,0.45973007003708233
23.302180000006096,0.4592284202316357
23.303850000006097,0.4587267704261855
23.305520000006098,0.45822512062073883
23.3071900000061,0.45772347081528864
23.3088600000061,0.457221821009842
23.3105300000061,0.45672017120439534
23.3122000000061,0.4562185213989487
23.3138700000061,0.45571687159350205
23.315540000006102,0.4552152217880554
23.317210000006103,0.4547135719826052
23.318880000006104,0.45421192217715856
23.320550000006104,0.45371027237170836
23.322220000006105,0.4532086225662617
23.323890000006106,0.45270697276081506
23.325560000006107,0.45220532295536486
23.327230000006107,0.4517036731499182
23.328900000006108,0.45120202334447157
23.33057000000611,0.4507003735390249
23.33224000000611,0.4501987237335783
23.33391000000611,0.4496970739281281
23.33558000000611,0.44919542412268143
23.33725000000611,0.44869377431723123
23.338920000006112,0.4481921245117846
23.340590000006113,0.44769047470633794
23.342260000006114,0.44718882490088774
23.343930000006115,0.4466871750954411
23.345600000006115,0.44618552528999444
23.347270000006116,0.4456838754845478
23.348940000006117,0.44518222567910115
23.350610000006117,0.44468057587365095
23.352280000006118,0.4441789260682043
23.35395000000612,0.4436772762627541
23.35562000000612,0.44317562645730746
23.35729000000612,0.44267444660011535
23.35896000000612,0.4421750679593366
23.36063000000612,0.44167568931855783
23.362300000006123,0.4411763106777826
23.363970000006123,0.4406769320370074
23.365640000006124,0.4401775533962322
23.367310000006125,0.4396781747554499
23.368980000006125,0.4391787961146747
23.370650000006126,0.4386794174738995
23.372320000006127,0.4381800388331243
23.373990000006128,0.4376806601923455
23.37566000000613,0.43718128155156677
23.37733000000613,0.43668190291079156
23.37900000000613,0.4361825242700128
23.38067000000613,0.4356831456292376
23.38234000000613,0.4351837669884624
23.384010000006132,0.43468438834768364
23.385680000006133,0.4341850097069049
23.387350000006133,0.4336856310661297
23.389020000006134,0.43318625242535447
23.390690000006135,0.43268687378457926
23.392360000006136,0.43218749514379695
23.394030000006136,0.43168811650302175
23.395700000006137,0.43118873786224654
23.397370000006138,0.4306893592214678
23.39904000000614,0.4301899805806926
23.40071000000614,0.4296906019399138
23.40238000000614,0.4291912232991386
23.40405000000614,0.42869184465835986
23.40572000000614,0.42819246601758465
23.407390000006142,0.42769308737680944
23.409060000006143,0.4271937087360307
23.410730000006144,0.42669433009525193
23.412400000006144,0.4261949514544767
23.414070000006145,0.4256955728137015
23.415740000006146,0.42519619417292276
23.417410000006146,0.424696815532144
23.419080000006147,0.4241974368913688
23.420750000006148,0.4236980582505936
23.42242000000615,0.42319867960981483
23.42409000000615,0.4226993009690396
23.42576000000615,0.42219992232826087
23.42743000000615,0.4217005436874821
23.42910000000615,0.4212011650467069
23.430770000006152,0.4207017864059317
23.432440000006153,0.4202024077651565
23.434110000006154,0.4197030291243742
23.435780000006154,0.419203650483599
23.437450000006155,0.41870427184282377
23.439120000006156,0.41820489320204857
23.440790000006157,0.4177055145612698
23.442460000006157,0.4172061359204946
23.444130000006158,0.41670675727971584
23.44580000000616,0.4162073786389371
23.44747000000616,0.4157079999981619
23.44914000000616,0.4152086213573867
23.45081000000616,0.41470924271661147
23.45248000000616,0.41420986407582916
23.454150000006162,0.41371048543505395
23.455820000006163,0.41321110679427875
23.457490000006164,0.41271172815350354
23.459160000006165,0.4122123495127248
23.460830000006165,0.411712970871946
23.462500000006166,0.4112135922311708
23.464170000006167,0.41071421359039206
23.465840000006168,0.41021483494961686
23.46751000000617,0.40971545630884165
23.46918000000617,0.4092160776680629
23.47085000000617,0.40871669902728414
23.47252000000617,0.40821732038650893
23.47419000000617,0.4077179417457337
23.475860000006172,0.4072185631049585
23.477530000006173,0.4067191844641762
23.479200000006173,0.406219805823401
23.480870000006174,0.4057204271826258
23.482540000006175,0.40522104854184704
23.484210000006176,0.40472166990107183
23.485880000006176,0.4042222912602931
23.487550000006177,0.40372291261951787
23.489220000006178,0.4032235339787391
23.49089000000618,0.4027241553379639
23.49256000000618,0.4022247766971887
23.49423000000618,0.40172539805640994
23.49590000000618,0.4012260194156312
23.49757000000618,0.400726640774856
23.499240000006182,0.4002272621340808
23.500910000006183,0.39972699999814765
23.502580000006184,0.39922599999815134
23.504250000006184,0.3987249999981515
23.505920000006185,0.39822399999814806
23.507590000006186,0.3977229999981482
23.509260000006186,0.39722199999814833
23.510930000006187,0.396720999998152
23.512600000006188,0.3962199999981486
23.51427000000619,0.39571899999814875
23.51594000000619,0.3952179999981489
23.51761000000619,0.39471699999814547
23.51928000000619,0.39421599999814916
23.52095000000619,0.3937149999981493
23.522620000006192,0.3932139999981459
23.524290000006193,0.392712999998146
23.525960000006194,0.39221199999814615
23.527630000006194,0.39171099999814984
23.529300000006195,0.39120999999814643
23.530970000006196,0.39070899999814657
23.532640000006197,0.3902079999981467
23.534310000006197,0.3897069999981433
23.535980000006198,0.389205999998147
23.5376500000062,0.3887049999981471
23.5393200000062,0.3882039999981437
23.5409900000062,0.38770299999814384
23.5426600000062,0.387201999998144
23.5443300000062,0.38670099999814767
23.546000000006202,0.38619999999814425
23.547670000006203,0.3856989999981444
23.549340000006204,0.3851979999981445
23.551010000006205,0.3846969999981411
23.552680000006205,0.3841959999981448
23.554350000006206,0.38369499999814494
23.556020000006207,0.3831939999981415
23.557690000006207,0.38269299999814166
23.55936000000621,0.3821919999981418
23.56103000000621,0.3816909999981455
23.56270000000621,0.38118999999814207
23.56437000000621,0.3806889999981422
23.56604000000621,0.38018799999814235
23.567710000006212,0.37968699999813893
23.569380000006213,0.37918599999813907
23.571050000006213,0.37868499999814276
23.572720000006214,0.37818399999813934
23.574390000006215,0.3776829999981395
23.576060000006215,0.3771819999981396
23.577730000006216,0.37668099999813975
23.579400000006217,0.3761799999981399
23.581070000006218,0.37567899999814003
23.58274000000622,0.37517799999814017
23.58441000000622,0.37467699999813675
23.58608000000622,0.3741759999981369
23.58775000000622,0.3736749999981406
23.58942000000622,0.37317399999813716
23.591090000006222,0.3726729999981373
23.592760000006223,0.37217199999813744
23.594430000006223,0.3716709999981376
23.596100000006224,0.3711699999981377
23.597770000006225,0.37066899999813785
23.599440000006226,0.370167999998138
23.601110000006226,0.36966699999813457
23.602780000006227,0.3691659999981347
23.604450000006228,0.3686649999981384
23.60612000000623,0.368163999998135
23.60779000000623,0.3676629999981351
23.60946000000623,0.36716199999813526
23.61113000000623,0.3666609999981354
23.61280000000623,0.36615999999813553
23.614470000006232,0.36565899999813567
23.616140000006233,0.3651579999981358
23.617810000006234,0.3646569999981324
23.619480000006234,0.36415599999813253
23.621150000006235,0.3636549999981362
23.622820000006236,0.3631539999981328
23.624490000006237,0.36265299999813294
23.626160000006237,0.3621519999981331
23.627830000006238,0.3616509999981332
23.62950000000624,0.36114999999813335
23.63117000000624,0.3606489999981335
23.63284000000624,0.3601479999981336
23.63451000000624,0.3596469999981302
23.63618000000624,0.35914599999813035
23.637850000006242,0.35864499999813404
23.639520000006243,0.3581439999981306
23.641190000006244,0.35764299999813076
23.642860000006245,0.3571419999981309
23.644530000006245,0.35664099999813104
23.646200000006246,0.3561399999981312
23.647870000006247,0.3556389999981313
23.649540000006247,0.35513799999813145
23.651210000006248,0.35463699999812803
23.65288000000625,0.35413599999812817
23.65455000000625,0.35363499999813186
23.65622000000625,0.35313399999812844
23.65789000000625,0.3526329999981286
23.659560000006252,0.3521319999981287
23.661230000006253,0.35163099999812886
23.662900000006253,0.351129999998129
23.664570000006254,0.35062899999812913
23.666240000006255,0.35012799999812927
23.667910000006255,0.34962699999812585
23.669580000006256,0.349125999998126
23.671250000006257,0.3486249999981297
23.672920000006258,0.34812399999812627
23.67459000000626,0.3476229999981264
23.67626000000626,0.34712199999812654
23.67793000000626,0.3466209999981231
23.67960000000626,0.3461199999981268
23.68127000000626,0.34561899999812695
23.682940000006262,0.3451179999981271
23.684610000006263,0.3446169999981237
23.686280000006263,0.3441159999981238
23.687950000006264,0.34361499999812395
23.689620000006265,0.3431139999981241
23.691290000006266,0.3426129999981242
23.692960000006266,0.34211199999812436
23.694630000006267,0.34161099999812095
23.696300000006268,0.3411099999981211
23.69797000000627,0.3406089999981248
23.69964000000627,0.3401079999981249
23.70131000000627,0.3396069999981215
23.70298000000627,0.33910599999812163
23.70465000000627,0.33860499999812177
23.706320000006272,0.3381039999981219
23.707990000006273,0.33760299999812204
23.709660000006274,0.3371019999981222
23.711330000006274,0.33660099999811877
23.713000000006275,0.3360999999981189
23.714670000006276,0.3355989999981226
23.716340000006277,0.33509799999812273
23.718010000006277,0.3345969999981193
23.719680000006278,0.33409599999811945
23.72135000000628,0.3335949999981196
23.72302000000628,0.3330939999981197
23.72469000000628,0.33259299999811986
23.72636000000628,0.33209199999812
23.72803000000628,0.3315909999981166
23.729700000006282,0.3310899999981167
23.731370000006283,0.3305889999981204
23.733040000006284,0.33008799999812055
23.734710000006285,0.32958699999811714
23.736380000006285,0.3290859999981173
23.738050000006286,0.3285849999981174
23.739720000006287,0.32808399999811755
23.741390000006287,0.3275829999981177
23.743060000006288,0.3270819999981178
23.74473000000629,0.3265809999981144
23.74640000000629,0.32607999999811454
23.74807000000629,0.32557899999811823
23.74974000000629,0.32507799999811837
23.75141000000629,0.32457699999811496
23.753080000006292,0.3240759999981151
23.754750000006293,0.32357499999811523
23.756420000006294,0.32307399999811537
23.758090000006295,0.3225729999981155
23.759760000006295,0.32207199999811564
23.761430000006296,0.32157099999811223
23.763100000006297,0.32106999999811237
23.764770000006298,0.32056899999811606
23.7664400000063,0.3200679999981162
23.7681100000063,0.3195669999981128
23.7697800000063,0.3190659999981129
23.7714500000063,0.31856499999811305
23.7731200000063,0.3180639999981132
23.774790000006302,0.3175629999981133
23.776460000006303,0.31706199999811346
23.778130000006303,0.31656099999811005
23.779800000006304,0.3160599999981102
23.781470000006305,0.3155589999981139
23.783140000006306,0.315057999998114
23.784810000006306,0.3145569999981106
23.786480000006307,0.31405599999811074
23.788150000006308,0.3135549999981109
23.78982000000631,0.313053999998111
23.79149000000631,0.31255299999811115
23.79316000000631,0.3120519999981113
23.79483000000631,0.31155099999810787
23.79650000000631,0.311049999998108
23.798170000006312,0.3105489999981117
23.799840000006313,0.31004799999811183
23.801510000006314,0.3095469999981084
23.803180000006314,0.30904599999810856
23.804850000006315,0.3085449999981087
23.806520000006316,0.30804399999810883
23.808190000006316,0.30754299999810897
23.809860000006317,0.3070419999981091
23.811530000006318,0.3065409999981057
23.81320000000632,0.3060399999981058
23.81487000000632,0.30553899999810596
23.81654000000632,0.30503799999810965
23.81821000000632,0.30453699999810624
23.81988000000632,0.3040359999981064
23.821550000006322,0.3035349999981065
23.823220000006323,0.3030339999981031
23.824890000006324,0.3025329999981068
23.826560000006324,0.3020319999981069
23.828230000006325,0.3015309999981035
23.829900000006326,0.30102999999810365
23.831570000006327,0.3005289999981038
23.833240000006327,0.3000279999981039
23.834910000006328,0.29952699999810406
23.83658000000633,0.2990259999981042
23.83825000000633,0.29852499999810433
23.83992000000633,0.2980239999981009
23.84159000000633,0.2975229999981046
23.84326000000633,0.29702199999810475
23.844930000006332,0.29652099999810133
23.846600000006333,0.29601999999810147
23.848270000006334,0.2955189999981016
23.849940000006335,0.29501799999810174
23.851610000006335,0.2945169999981019
23.853280000006336,0.294015999998102
23.854950000006337,0.29351499999810216
23.856620000006338,0.29301399999809874
23.85829000000634,0.29251299999810243
23.85996000000634,0.29201199999810257
23.86163000000634,0.29151099999809915
23.86330000000634,0.2910099999980993
23.86497000000634,0.2905089999980994
23.866640000006342,0.29000799999809956
23.868310000006343,0.2895069999980997
23.869980000006343,0.28900599999809984
23.871650000006344,0.2885049999981
23.873320000006345,0.28800399999809656
23.874990000006346,0.28750299999810025
23.876660000006346,0.2870019999981004
23.878330000006347,0.286500999998097
23.880000000006348,0.2859999999980971
23.88167000000635,0.28549899999809725
23.88334000000635,0.2849979999980974
23.88501000000635,0.2844969999980975
23.88668000000635,0.28399599999809766
23.88835000000635,0.2834949999980978
23.890020000006352,0.2829939999980944
23.891690000006353,0.28249299999809807
23.893360000006354,0.2819919999980982
23.895030000006354,0.2814909999980948
23.896700000006355,0.28098999999809493
23.898370000006356,0.28048899999809507
23.900040000006356,0.2799879999980952
23.901710000006357,0.27948699999809534
23.903380000006358,0.2789859999980955
23.90505000000636,0.2784849999980956
23.90672000000636,0.2779839999980922
23.90839000000636,0.2774829999980959
23.91006000000636,0.27698199999809603
23.91173000000636,0.2764809999980926
23.913400000006362,0.27597999999809275
23.915070000006363,0.2754789999980929
23.916740000006364,0.274977999998093
23.918410000006364,0.27447699999809316
23.920080000006365,0.2739759999980933
23.921750000006366,0.27347499999809344
23.923420000006367,0.27297399999809
23.925090000006367,0.2724729999980937
23.926760000006368,0.27197199999809385
23.92843000000637,0.27147099999809043
23.93010000000637,0.27096999999809057
23.93177000000637,0.2704689999980907
23.93344000000637,0.26996799999809085
23.93511000000637,0.269466999998091
23.936780000006372,0.2689659999980911
23.938450000006373,0.26846499999809126
23.940120000006374,0.26796399999808784
23.941790000006375,0.267462999998088
23.943460000006375,0.26696199999809167
23.945130000006376,0.26646099999808825
23.946800000006377,0.2659599999980884
23.948470000006377,0.26545899999808853
23.950140000006378,0.2649579999980851
23.95181000000638,0.2644569999980888
23.95348000000638,0.26395599999808894
23.95515000000638,0.2634549999980891
23.95682000000638,0.26295399999808566
23.958490000006382,0.2624529999980858
23.960160000006383,0.2619519999980895
23.961830000006383,0.2614509999980861
23.963500000006384,0.2609499999980862
23.965170000006385,0.26044899999808635
23.966840000006385,0.25994799999808293
23.968510000006386,0.2594469999980866
23.970180000006387,0.25894599999808676
23.971850000006388,0.2584449999980869
23.97352000000639,0.2579439999980835
23.97519000000639,0.2574429999980836
23.97686000000639,0.2569419999980873
23.97853000000639,0.2564409999980839
23.98020000000639,0.25593999999808403
23.981870000006392,0.25543899999808417
23.983540000006393,0.25493799999808076
23.985210000006393,0.25443699999808445
23.986880000006394,0.2539359999980846
23.988550000006395,0.2534349999980847
23.990220000006396,0.2529339999980813
23.991890000006396,0.25243299999808144
23.993560000006397,0.25193199999808513
23.995230000006398,0.2514309999980817
23.9969000000064,0.25092999999808185
23.9985700000064,0.250428999998082
24.0002400000064,0.24992799999807858
24.0019100000064,0.24942699999808227
24.0035800000064,0.2489259999980824
24.005250000006402,0.248424999998079
24.006920000006403,0.24792399999807913
24.008590000006404,0.24742299999807926
24.010260000006404,0.24692199999808295
24.011930000006405,0.24642099999807954
24.013600000006406,0.24591999999807967
24.015270000006407,0.2454189999980798
24.016940000006407,0.2449179999980764
24.018610000006408,0.2444169999980801
24.02028000000641,0.24391599999808022
24.02195000000641,0.2434149999980768
24.02362000000641,0.24291399999807695
24.02529000000641,0.24241299999807708
24.02696000000641,0.24191199999808077
24.028630000006412,0.24141099999807736
24.030300000006413,0.2409099999980775
24.031970000006414,0.24040899999807763
24.033640000006415,0.23990799999807422
24.035310000006415,0.2394069999980779
24.036980000006416,0.23890599999807804
24.038650000006417,0.23840499999807463
24.040320000006417,0.23790399999807477
24.041990000006418,0.23740299999807846
24.04366000000642,0.2369019999980786
24.04533000000642,0.23640099999807518
24.04700000000642,0.23589999999807532
24.04867000000642,0.23539899999807545
24.050340000006422,0.2348979999980756
24.052010000006423,0.23439699999807573
24.053680000006423,0.23389599999807587
24.055350000006424,0.23339499999807245
24.057020000006425,0.2328939999980726
24.058690000006425,0.23239299999807628
24.060360000006426,0.23189199999807641
24.062030000006427,0.231390999998073
24.063700000006428,0.23088999999807314
24.06537000000643,0.23038899999807327
24.06704000000643,0.2298879999980734
24.06871000000643,0.22938699999807355
24.07038000000643,0.22888599999807369
24.07205000000643,0.22838499999807027
24.073720000006432,0.2278839999980704
24.075390000006433,0.2273829999980741
24.077060000006433,0.22688199999807424
24.078730000006434,0.22638099999807082
24.080400000006435,0.22587999999807096
24.082070000006436,0.2253789999980711
24.083740000006436,0.22487799999807123
24.085410000006437,0.22437699999807137
24.087080000006438,0.2238759999980715
24.08875000000644,0.2233749999980681
24.09042000000644,0.22287399999806823
24.09209000000644,0.22237299999807192
24.09376000000644,0.22187199999807206
24.09543000000644,0.22137099999806864
24.097100000006442,0.22086999999806878
24.098770000006443,0.22036899999806892
24.100440000006444,0.21986799999806905
24.102110000006444,0.2193669999980692
24.103780000006445,0.21886599999806933
24.105450000006446,0.2183649999980659
24.107120000006447,0.21786399999806605
24.108790000006447,0.21736299999806974
24.110460000006448,0.21686199999806988
24.11213000000645,0.21636099999806646
24.11380000000645,0.2158599999980666
24.11547000000645,0.21535899999806674
24.11714000000645,0.21485799999806687
24.11881000000645,0.214356999998067
24.120480000006452,0.21385599999806715
24.122150000006453,0.21335499999806373
24.123820000006454,0.21285399999806387
24.125490000006454,0.21235299999806756
24.127160000006455,0.2118519999980677
24.128830000006456,0.21135099999806428
24.130500000006457,0.21084999999806442
24.132170000006457,0.2103489999980681
24.133840000006458,0.2098479999980647
24.13551000000646,0.20934699999806483
24.13718000000646,0.20884599999806497
24.13885000000646,0.20834499999806155
24.14052000000646,0.20784399999806524
24.14219000000646,0.20734299999806538
24.143860000006462,0.20684199999806552
24.145530000006463,0.2063409999980621
24.147200000006464,0.20583999999806224
24.148870000006465,0.20533899999806593
24.150540000006465,0.20483799999806251
24.152210000006466,0.20433699999806265
24.153880000006467,0.2038359999980628
24.155550000006468,0.20333499999805937
24.15722000000647,0.20283399999806306
24.15889000000647,0.2023329999980632
24.16056000000647,0.20183199999806334
24.16223000000647,0.20133099999805992
24.16390000000647,0.20082999999806006
24.165570000006472,0.20032899999806375
24.167240000006473,0.19982799999806033
24.168910000006473,0.19932699999806047
24.170580000006474,0.1988259999980606
24.172250000006475,0.1983249999980572
24.173920000006476,0.19782399999806088
24.175590000006476,0.19732299999806102
24.177260000006477,0.1968219999980576
24.178930000006478,0.19632099999805774
24.18060000000648,0.19581999999805788
24.18227000000648,0.19531899999806157
24.18394000000648,0.19481799999805816
24.18561000000648,0.1943169999980583
24.18728000000648,0.19381599999805843
24.188950000006482,0.19331499999805501
24.190620000006483,0.1928139999980587
24.192290000006484,0.19231299999805884
24.193960000006484,0.19181199999805543
24.195630000006485,0.19131099999805556
24.197300000006486,0.1908099999980557
24.198970000006486,0.1903089999980594
24.200640000006487,0.18980799999805598
24.202310000006488,0.1893069999980561
24.20398000000649,0.18880599999805625
24.20565000000649,0.18830499999805284
24.20732000000649,0.18780399999805653
24.20899000000649,0.18730299999805666
24.21066000000649,0.18680199999805325
24.212330000006492,0.18630099999805338
24.214000000006493,0.18579999999805707
24.215670000006494,0.1852989999980572
24.217340000006494,0.1847979999980538
24.219010000006495,0.18429699999805393
24.220680000006496,0.18379599999805407
24.222350000006497,0.1832949999980542
24.224020000006497,0.18279399999805435
24.225690000006498,0.18229299999805448
24.2273600000065,0.18179199999805107
24.2290300000065,0.1812909999980512
24.2307000000065,0.1807899999980549
24.2323700000065,0.18028899999805503
24.2340400000065,0.17978799999805162
24.235710000006502,0.17928699999805175
24.237380000006503,0.1787859999980519
24.239050000006504,0.17828499999805203
24.240720000006505,0.17778399999805217
24.242390000006505,0.1772829999980523
24.244060000006506,0.1767819999980489
24.245730000006507,0.17628099999804903
24.247400000006508,0.17577999999805272
24.24907000000651,0.17527899999805285
24.25074000000651,0.17477799999804944
24.25241000000651,0.17427699999804958
24.25408000000651,0.1737759999980497
24.25575000000651,0.17327499999804985
24.257420000006512,0.17277399999805
24.259090000006513,0.17227299999805012
24.260760000006513,0.1717719999980467
24.262430000006514,0.17127099999804685
24.264100000006515,0.17076999999805054
24.265770000006516,0.17026899999805067
24.267440000006516,0.16976799999804726
24.269110000006517,0.1692669999980474
24.270780000006518,0.16876599999804753
24.27245000000652,0.16826499999804767
24.27412000000652,0.1677639999980478
24.27579000000652,0.16726299999804795
24.27746000000652,0.16676199999804453
24.27913000000652,0.16626099999804467
24.280800000006522,0.16575999999804836
24.282470000006523,0.1652589999980485
24.284140000006524,0.16475799999804508
24.285810000006524,0.16425699999804522
24.287480000006525,0.16375599999804535
24.289150000006526,0.1632549999980455
24.290820000006526,0.16275399999804563
24.292490000006527,0.16225299999804577
24.294160000006528,0.16175199999804235
24.29583000000653,0.1612509999980425
24.29750000000653,0.16074999999804618
24.29917000000653,0.16024899999804632
24.30084000000653,0.1597479999980429
24.30251000000653,0.15924699999804304
24.304180000006532,0.15874599999804317
24.305850000006533,0.1582449999980433
24.307520000006534,0.15774399999804345
24.309190000006534,0.1572429999980436
24.310860000006535,0.15674199999804017
24.312530000006536,0.1562409999980403
24.314200000006537,0.15573999999804045
24.315870000006537,0.15523899999804414
24.317540000006538,0.15473799999804072
24.31921000000654,0.15423699999804086
24.32088000000654,0.153735999998041
24.32255000000654,0.15323499999803758
24.32422000000654,0.15273399999804127
24.32589000000654,0.1522329999980414
24.327560000006542,0.151731999998038
24.329230000006543,0.15123099999803813
24.330900000006544,0.15072999999803827
24.332570000006545,0.15022899999804196
24.334240000006545,0.14972799999803854
24.335910000006546,0.14922699999803868
24.337580000006547,0.14872599999803882
24.339250000006547,0.1482249999980354
24.340920000006548,0.1477239999980391
24.34259000000655,0.14722299999803923
24.34426000000655,0.1467219999980358
24.34593000000655,0.14622099999803595
24.34760000000655,0.1457199999980361
24.349270000006552,0.14521899999803622
24.350940000006553,0.14471799999803636
24.352610000006553,0.1442169999980365
24.354280000006554,0.14371599999803664
24.355950000006555,0.14321499999803322
24.357620000006555,0.1427139999980369
24.359290000006556,0.14221299999803705
24.360960000006557,0.14171199999803363
24.362630000006558,0.14121099999803377
24.36430000000656,0.1407099999980339
24.36597000000656,0.14020899999803405
24.36764000000656,0.13970799999803418
24.36931000000656,0.13920699999803432
24.37098000000656,0.13870599999803446
24.372650000006562,0.13820499999803104
24.374320000006563,0.13770399999803473
24.375990000006563,0.13720299999803487
24.377660000006564,0.13670199999803145
24.379330000006565,0.1362009999980316
24.381000000006566,0.13569999999803173
24.382670000006566,0.13519899999803187
24.384340000006567,0.134697999998032
24.386010000006568,0.13419699999803214
24.38768000000657,0.13369599999803228
24.38935000000657,0.13319499999802886
24.39102000000657,0.13269399999803255
24.39269000000657,0.1321929999980327
24.39436000000657,0.13169199999802927
24.396030000006572,0.1311909999980294
24.397700000006573,0.13068999999802955
24.399370000006574,0.1301889999980297
24.401040000006574,0.12968799999802982
24.402710000006575,0.12918699999802996
24.404380000006576,0.1286859999980301
24.406050000006577,0.12818499999802668
24.407720000006577,0.12768399999803037
24.409390000006578,0.1271829999980305
24.41106000000658,0.1266819999980271
24.41273000000658,0.12618099999802723
24.41440000000658,0.12567999999802737
24.41607000000658,0.1251789999980275
24.41774000000658,0.12467799999802764
24.419410000006582,0.12417699999802778
24.421080000006583,0.12367599999802792
24.422750000006584,0.1231749999980245
24.424420000006585,0.1226739999980282
24.426090000006585,0.12217299999802833
24.427760000006586,0.12167199999802492
24.429430000006587,0.12117099999802505
24.431100000006587,0.12066999999802519
24.432770000006588,0.12016899999802533
24.43444000000659,0.11966799999802546
24.43611000000659,0.1191669999980256
24.43778000000659,0.11866599999802574
24.43945000000659,0.11816499999802232
24.441120000006592,0.11766399999802246
24.442790000006593,0.11716299999802615
24.444460000006593,0.11666199999802274
24.446130000006594,0.11616099999802287
24.447800000006595,0.11565999999802301
24.449470000006595,0.1151589999980196
24.451140000006596,0.11465799999802329
24.452810000006597,0.11415699999802342
24.454480000006598,0.11365599999802356
24.4561500000066,0.11315499999802014
24.4578200000066,0.11265399999802028
24.4594900000066,0.11215299999802397
24.4611600000066,0.11165199999802056
24.4628300000066,0.1111509999980207
24.464500000006602,0.11064999999802083
24.466170000006603,0.11014899999801742
24.467840000006603,0.1096479999980211
24.469510000006604,0.10914699999802124
24.471180000006605,0.10864599999802138
24.472850000006606,0.10814499999801797
24.474520000006606,0.1076439999980181
24.476190000006607,0.10714299999802179
24.477860000006608,0.10664199999801838
24.47953000000661,0.10614099999801851
24.48120000000661,0.10563999999801865
24.48287000000661,0.10513899999801524
24.48454000000661,0.10463799999801893
24.48621000000661,0.10413699999801906
24.487880000006612,0.1036359999980192
24.489550000006613,0.10313499999801579
24.491220000006614,0.10263399999801592
24.492890000006614,0.10213299999801961
24.494560000006615,0.1016319999980162
24.496230000006616,0.10113099999801634
24.497900000006616,0.10062999999801647
24.499570000006617,0.10012899999801306
