TimeInc,Intensity
0.5,0.30000000000000004
0.50167,0.300334
0.5033399999999999,0.300668
0.5050099999999998,0.30100200000000005
0.5066799999999998,0.30133599999999994
0.5083499999999997,0.3016699999999999
0.5100199999999997,0.302004
0.5116899999999996,0.302338
0.5133599999999996,0.30267199999999994
0.5150299999999995,0.3030059999999999
0.5166999999999995,0.30333999999999994
0.5183699999999994,0.30367399999999994
0.5200399999999994,0.3040079999999999
0.5217099999999993,0.30434199999999983
0.5233799999999993,0.30467599999999984
0.5250499999999992,0.3050099999999999
0.5267199999999992,0.3053439999999999
0.5283899999999991,0.3056779999999998
0.5300599999999991,0.30601199999999984
0.531729999999999,0.30634599999999984
0.533399999999999,0.30667999999999984
0.5350699999999989,0.3070139999999998
0.5367399999999989,0.3073479999999998
0.5384099999999988,0.30768199999999984
0.5400799999999988,0.30801599999999973
0.5417499999999987,0.3083499999999997
0.5434199999999987,0.3086839999999998
0.5450899999999986,0.3090179999999998
0.5467599999999986,0.30935199999999974
0.5484299999999985,0.3096859999999997
0.5500999999999985,0.31001999999999974
0.5517699999999984,0.31035399999999974
0.5534399999999984,0.3106879999999997
0.5551099999999983,0.31102199999999963
0.5567799999999983,0.31135599999999963
0.5584499999999982,0.3116899999999997
0.5601199999999982,0.3120239999999997
0.5617899999999981,0.3123579999999996
0.5634599999999981,0.31269199999999964
0.565129999999998,0.31302599999999964
0.566799999999998,0.31335999999999964
0.5684699999999979,0.3136939999999996
0.5701399999999979,0.3140279999999996
0.5718099999999978,0.31436199999999964
0.5734799999999978,0.31469599999999953
0.5751499999999977,0.3150299999999995
0.5768199999999977,0.3153639999999996
0.5784899999999976,0.3156979999999996
0.5801599999999976,0.31603199999999954
0.5818299999999975,0.3163659999999995
0.5834999999999975,0.31669999999999954
0.5851699999999974,0.31703399999999954
0.5868399999999974,0.3173679999999995
0.5885099999999973,0.31770199999999943
0.5901799999999973,0.31803599999999943
0.5918499999999972,0.3183699999999995
0.5935199999999972,0.3187039999999995
0.5951899999999971,0.3190379999999994
0.5968599999999971,0.31937199999999943
0.598529999999997,0.31970599999999944
0.600199999999997,0.32003999999999944
0.6018699999999969,0.3203739999999994
0.6035399999999969,0.3207079999999994
0.6052099999999968,0.3210419999999994
0.6068799999999968,0.32137599999999933
0.6085499999999967,0.3217099999999993
0.6102199999999967,0.32204399999999933
0.6118899999999966,0.3223779999999994
0.6135599999999966,0.32271199999999933
0.6152299999999965,0.3230459999999992
0.6168999999999965,0.32337999999999933
0.6185699999999964,0.32371399999999934
0.6202399999999963,0.3240479999999993
0.6219099999999963,0.3243819999999992
0.6235799999999962,0.3247159999999992
0.6252499999999962,0.3250499999999993
0.6269199999999961,0.32538399999999923
0.6285899999999961,0.3257179999999992
0.630259999999996,0.32605199999999923
0.631929999999996,0.32638599999999923
0.6335999999999959,0.32671999999999923
0.6352699999999959,0.3270539999999992
0.6369399999999958,0.3273879999999992
0.6386099999999958,0.3277219999999992
0.6402799999999957,0.3280559999999991
0.6419499999999957,0.32838999999999907
0.6436199999999956,0.32872399999999913
0.6452899999999956,0.3290579999999992
0.6469599999999955,0.32939199999999913
0.6486299999999955,0.329725999999999
0.6502999999999954,0.33005999999999913
0.6519699999999954,0.3303939999999991
0.6536399999999953,0.3307279999999991
0.6553099999999953,0.331061999999999
0.6569799999999952,0.331395999999999
0.6586499999999952,0.3317299999999991
0.6603199999999951,0.332063999999999
0.6619899999999951,0.33239799999999897
0.663659999999995,0.332731999999999
0.665329999999995,0.33306599999999903
0.6669999999999949,0.33339999999999903
0.6686699999999949,0.33373399999999886
0.6703399999999948,0.334067999999999
0.6720099999999948,0.334401999999999
0.6736799999999947,0.3347359999999989
0.6753499999999947,0.33506999999999887
0.6770199999999946,0.3354039999999989
0.6786899999999946,0.335737999999999
0.6803599999999945,0.33607199999999887
0.6820299999999945,0.3364059999999988
0.6836999999999944,0.33673999999999893
0.6853699999999944,0.3370739999999989
0.6870399999999943,0.3374079999999989
0.6887099999999943,0.3377419999999988
0.6903799999999942,0.3380759999999988
0.6920499999999942,0.3384099999999989
0.6937199999999941,0.3387439999999988
0.6953899999999941,0.33907799999999877
0.697059999999994,0.33941199999999877
0.698729999999994,0.3397459999999988
0.7003999999999939,0.3400799999999988
0.7020699999999939,0.34041399999999866
0.7037399999999938,0.3407479999999988
0.7054099999999938,0.3410819999999988
0.7070799999999937,0.3414159999999987
0.7087499999999937,0.34174999999999867
0.7104199999999936,0.3420839999999987
0.7120899999999936,0.3424179999999988
0.7137599999999935,0.34275199999999867
0.7154299999999935,0.3430859999999986
0.7170999999999934,0.3434199999999987
0.7187699999999934,0.34375399999999867
0.7204399999999933,0.3440879999999987
0.7221099999999933,0.3444219999999986
0.7237799999999932,0.3447559999999986
0.7254499999999932,0.3450899999999987
0.7271199999999931,0.3454239999999986
0.728789999999993,0.34575799999999857
0.730459999999993,0.34609199999999857
0.732129999999993,0.3464259999999986
0.7337999999999929,0.3467599999999986
0.7354699999999929,0.34709399999999846
0.7371399999999928,0.34742799999999857
0.7388099999999928,0.3477619999999986
0.7404799999999927,0.3480959999999985
0.7421499999999926,0.34842999999999846
0.7438199999999926,0.3487639999999985
0.7454899999999925,0.3490979999999986
0.7471599999999925,0.34943199999999847
0.7488299999999924,0.3497659999999984
0.7504999999999924,0.3500999999999985
0.7521699999999923,0.35043399999999847
0.7538399999999923,0.3507679999999984
0.7555099999999922,0.3511019999999984
0.7571799999999922,0.3514359999999984
0.7588499999999921,0.3517699999999985
0.7605199999999921,0.3521039999999984
0.762189999999992,0.35243799999999836
0.763859999999992,0.35277199999999836
0.7655299999999919,0.35310599999999837
0.7671999999999919,0.3534399999999984
0.7688699999999918,0.35377399999999826
0.7705399999999918,0.3541079999999983
0.7722099999999917,0.3544419999999984
0.7738799999999917,0.3547759999999983
0.7755499999999916,0.35510999999999826
0.7772199999999916,0.3554439999999983
0.7788899999999915,0.3557779999999984
0.7805599999999915,0.35611199999999826
0.7822299999999914,0.35644599999999826
0.7838999999999914,0.3567799999999983
0.7855699999999913,0.35711399999999827
0.7872399999999913,0.3574479999999982
0.7889099999999912,0.3577819999999982
0.7905799999999912,0.3581159999999982
0.7922499999999911,0.35844999999999827
0.7939199999999911,0.3587839999999982
0.795589999999991,0.35911799999999816
0.797259999999991,0.35945199999999816
0.7989299999999909,0.35978599999999816
0.8005999999999909,0.3601199999999982
0.8022699999999908,0.36045399999999805
0.8039399999999908,0.3607879999999981
0.8056099999999907,0.3611219999999982
0.8072799999999907,0.3614559999999981
0.8089499999999906,0.36178999999999806
0.8106199999999906,0.3621239999999981
0.8122899999999905,0.36245799999999817
0.8139599999999905,0.36279199999999806
0.8156299999999904,0.36312599999999806
0.8172999999999904,0.3634599999999981
0.8189699999999903,0.3637939999999981
0.8206399999999903,0.364127999999998
0.8223099999999902,0.364461999999998
0.8239799999999902,0.364795999999998
0.8256499999999901,0.36512999999999807
0.8273199999999901,0.36546399999999807
0.82898999999999,0.36579799999999796
0.83065999999999,0.36613199999999796
0.8323299999999899,0.36646599999999796
0.8339999999999899,0.366799999999998
0.8356699999999898,0.3671339999999979
0.8373399999999898,0.3674679999999979
0.8390099999999897,0.367801999999998
0.8406799999999897,0.3681359999999979
0.8423499999999896,0.36846999999999785
0.8440199999999896,0.36880399999999797
0.8456899999999895,0.36913799999999797
0.8473599999999895,0.36947199999999786
0.8490299999999894,0.36980599999999786
0.8506999999999894,0.3701399999999979
0.8523699999999893,0.3704739999999979
0.8540399999999893,0.3708079999999978
0.8557099999999892,0.3711419999999978
0.8573799999999892,0.3714759999999978
0.8590499999999891,0.37180999999999786
0.860719999999989,0.37214399999999787
0.862389999999989,0.37247799999999776
0.864059999999989,0.37281199999999776
0.8657299999999889,0.37314599999999776
0.8673999999999888,0.3734799999999978
0.8690699999999888,0.3738139999999977
0.8707399999999887,0.3741479999999977
0.8724099999999887,0.3744819999999978
0.8740799999999886,0.3748159999999977
0.8757499999999886,0.37514999999999765
0.8774199999999885,0.3754839999999977
0.8790899999999885,0.37581799999999776
0.8807599999999884,0.37615199999999765
0.8824299999999884,0.37648599999999766
0.8840999999999883,0.3768199999999977
0.8857699999999883,0.37715399999999766
0.8874399999999882,0.3774879999999976
0.8891099999999882,0.3778219999999976
0.8907799999999881,0.3781559999999976
0.8924499999999881,0.37848999999999766
0.894119999999988,0.3788239999999976
0.895789999999988,0.37915799999999755
0.8974599999999879,0.37949199999999755
0.8991299999999879,0.37982599999999755
0.9007999999999878,0.3801599999999976
0.9024699999999878,0.38049399999999745
0.9041399999999877,0.3808279999999975
0.9058099999999877,0.3811619999999976
0.9074799999999876,0.3814959999999975
0.9091499999999876,0.38182999999999745
0.9108199999999875,0.3821639999999975
0.9124899999999875,0.38249799999999756
0.9141599999999874,0.38283199999999745
0.9158299999999874,0.38316599999999745
0.9174999999999873,0.3834999999999975
0.9191699999999873,0.38383399999999745
0.9208399999999872,0.3841679999999974
0.9225099999999872,0.3845019999999974
0.9241799999999871,0.3848359999999974
0.9258499999999871,0.38516999999999746
0.927519999999987,0.3855039999999974
0.929189999999987,0.38583799999999735
0.9308599999999869,0.38617199999999735
0.9325299999999869,0.38650599999999735
0.9341999999999868,0.3868399999999974
0.9358699999999868,0.38717399999999724
0.9375399999999867,0.3875079999999973
0.9392099999999867,0.3878419999999974
0.9408799999999866,0.3881759999999973
0.9425499999999866,0.38850999999999725
0.9442199999999865,0.3888439999999973
0.9458899999999865,0.38917799999999736
0.9475599999999864,0.38951199999999725
0.9492299999999864,0.38984599999999725
0.9508999999999863,0.3901799999999973
0.9525699999999863,0.39051399999999725
0.9542399999999862,0.3908479999999972
0.9559099999999862,0.3911819999999972
0.9575799999999861,0.3915159999999972
0.9592499999999861,0.39184999999999726
0.960919999999986,0.3921839999999971
0.962589999999986,0.39251799999999715
0.9642599999999859,0.39285199999999715
0.9659299999999859,0.39318599999999715
0.9675999999999858,0.3935199999999972
0.9692699999999858,0.39385399999999704
0.9709399999999857,0.3941879999999971
0.9726099999999857,0.3945219999999971
0.9742799999999856,0.3948559999999971
0.9759499999999856,0.39518999999999704
0.9776199999999855,0.395523999999997
0.9792899999999854,0.39585799999999716
0.9809599999999854,0.39619199999999705
0.9826299999999853,0.39652599999999694
0.9842999999999853,0.3968599999999971
0.9859699999999852,0.39719399999999705
0.9876399999999852,0.397527999999997
0.9893099999999851,0.397861999999997
0.9909799999999851,0.398195999999997
0.992649999999985,0.39852999999999705
0.994319999999985,0.3988639999999969
0.9959899999999849,0.39919799999999694
0.9976599999999849,0.39953199999999695
0.9993299999999848,0.39986599999999695
1.0009999999999848,0.3996500000000053
1.0026699999999849,0.3990655000000053
1.004339999999985,0.39848100000000525
1.006009999999985,0.3978965000000052
1.007679999999985,0.3973120000000052
1.009349999999985,0.39672750000000523
1.0110199999999852,0.39614300000000524
1.0126899999999852,0.3955585000000052
1.0143599999999853,0.39497400000000504
1.0160299999999853,0.39438950000000506
1.0176999999999854,0.39380500000000507
1.0193699999999855,0.3932205000000051
1.0210399999999855,0.39263600000000504
1.0227099999999856,0.392051500000005
1.0243799999999856,0.391467000000005
1.0260499999999857,0.390882500000005
1.0277199999999858,0.39029800000000503
1.0293899999999858,0.389713500000005
1.0310599999999859,0.38912900000000483
1.032729999999986,0.38854450000000484
1.034399999999986,0.38796000000000486
1.036069999999986,0.38737550000000487
1.0377399999999861,0.3867910000000048
1.0394099999999862,0.3862065000000048
1.0410799999999862,0.3856220000000048
1.0427499999999863,0.3850375000000048
1.0444199999999864,0.3844530000000048
1.0460899999999864,0.3838685000000048
1.0477599999999865,0.3832840000000046
1.0494299999999865,0.38269950000000463
1.0510999999999866,0.38211500000000465
1.0527699999999867,0.3815305000000046
1.0544399999999867,0.3809460000000046
1.0561099999999868,0.38036150000000457
1.0577799999999868,0.3797770000000046
1.059449999999987,0.3791925000000046
1.061119999999987,0.37860800000000455
1.062789999999987,0.37802350000000456
1.064459999999987,0.3774390000000044
1.0661299999999871,0.3768545000000044
1.0677999999999872,0.37627000000000443
1.0694699999999873,0.3756855000000044
1.0711399999999873,0.3751010000000044
1.0728099999999874,0.37451650000000436
1.0744799999999874,0.37393200000000437
1.0761499999999875,0.3733475000000044
1.0778199999999876,0.37276300000000434
1.0794899999999876,0.37217850000000435
1.0811599999999877,0.3715940000000042
1.0828299999999877,0.3710095000000042
1.0844999999999878,0.3704250000000042
1.0861699999999879,0.3698405000000042
1.087839999999988,0.3692560000000042
1.089509999999988,0.36867150000000415
1.091179999999988,0.36808700000000416
1.092849999999988,0.3675025000000042
1.0945199999999882,0.36691800000000413
1.0961899999999882,0.36633350000000414
1.0978599999999883,0.365749000000004
1.0995299999999884,0.365164500000004
1.1011999999999884,0.364580000000004
1.1028699999999885,0.36399550000000397
1.1045399999999885,0.363411000000004
1.1062099999999886,0.36282650000000394
1.1078799999999887,0.36224200000000395
1.1095499999999887,0.36165750000000396
1.1112199999999888,0.3610730000000039
1.1128899999999888,0.36048850000000393
1.114559999999989,0.3599040000000038
1.116229999999989,0.3593195000000038
1.117899999999989,0.3587350000000038
1.119569999999989,0.35815050000000376
1.1212399999999891,0.35756600000000377
1.1229099999999892,0.3569815000000037
1.1245799999999893,0.35639700000000374
1.1262499999999893,0.35581250000000375
1.1279199999999894,0.3552280000000037
1.1295899999999894,0.3546435000000037
1.1312599999999895,0.35405900000000357
1.1329299999999896,0.3534745000000036
1.1345999999999896,0.3528900000000036
1.1362699999999897,0.35230550000000355
1.1379399999999897,0.35172100000000356
1.1396099999999898,0.3511365000000035
1.1412799999999899,0.3505520000000035
1.14294999999999,0.34996750000000354
1.14461999999999,0.3493830000000035
1.14628999999999,0.3487985000000035
1.14795999999999,0.34821400000000335
1.1496299999999902,0.34762950000000337
1.1512999999999902,0.3470450000000033
1.1529699999999903,0.34646050000000334
1.1546399999999903,0.34587600000000335
1.1563099999999904,0.3452915000000033
1.1579799999999905,0.3447070000000033
1.1596499999999905,0.34412250000000333
1.1613199999999906,0.3435380000000033
1.1629899999999906,0.34295350000000324
1.1646599999999907,0.34236900000000314
1.1663299999999908,0.34178450000000316
1.1679999999999908,0.34120000000000317
1.1696699999999909,0.3406155000000031
1.171339999999991,0.3400310000000031
1.173009999999991,0.3394465000000031
1.174679999999991,0.3388620000000031
1.1763499999999911,0.3382775000000031
1.1780199999999912,0.3376930000000031
1.1796899999999912,0.33710850000000303
1.1813599999999913,0.33652400000000293
1.1830299999999914,0.33593950000000294
1.1846999999999914,0.3353550000000029
1.1863699999999915,0.3347705000000029
1.1880399999999915,0.33418600000000287
1.1897099999999916,0.3336015000000029
1.1913799999999917,0.3330170000000029
1.1930499999999917,0.33243250000000285
1.1947199999999918,0.33184800000000286
1.1963899999999918,0.3312635000000028
1.198059999999992,0.3306790000000027
1.199729999999992,0.33009450000000273
1.201399999999992,0.3295100000000027
1.203069999999992,0.3289255000000027
1.2047399999999922,0.32834100000000266
1.2064099999999922,0.32775650000000267
1.2080799999999923,0.3271720000000027
1.2097499999999923,0.32658750000000264
1.2114199999999924,0.32600300000000265
1.2130899999999925,0.3254185000000026
1.2147599999999925,0.3248340000000025
1.2164299999999926,0.3242495000000025
1.2180999999999926,0.3236650000000025
1.2197699999999927,0.3230805000000025
1.2214399999999928,0.32249600000000245
1.2231099999999928,0.32191150000000246
1.2247799999999929,0.32132700000000247
1.226449999999993,0.32074250000000243
1.228119999999993,0.32015800000000244
1.229789999999993,0.3195735000000024
1.2314599999999931,0.3189890000000024
1.2331299999999932,0.3184045000000023
1.2347999999999932,0.31782000000000227
1.2364699999999933,0.3172355000000023
1.2381399999999934,0.31665100000000224
1.2398099999999934,0.31606650000000225
1.2414799999999935,0.31548200000000226
1.2431499999999935,0.3148975000000022
1.2448199999999936,0.31431300000000223
1.2464899999999937,0.3137285000000022
1.2481599999999937,0.3131440000000021
1.2498299999999938,0.3125595000000021
1.2514999999999938,0.31197500000000206
1.253169999999994,0.31139050000000207
1.254839999999994,0.310806000000002
1.256509999999994,0.31022150000000204
1.258179999999994,0.30963700000000205
1.2598499999999941,0.309052500000002
1.2615199999999942,0.308468000000002
1.2631899999999943,0.307883500000002
1.2648599999999943,0.307299000000002
1.2665299999999944,0.3067145000000019
1.2681999999999944,0.30613000000000185
1.2698699999999945,0.30554550000000186
1.2715399999999946,0.3049610000000018
1.2732099999999946,0.3043765000000018
1.2748799999999947,0.30379200000000184
1.2765499999999947,0.3032075000000018
1.2782199999999948,0.3026230000000018
1.2798899999999949,0.30203850000000176
1.281559999999995,0.3014540000000018
1.283229999999995,0.3008695000000017
1.284899999999995,0.30028500000000163
1.286569999999995,0.29970050000000165
1.2882399999999952,0.2991160000000016
1.2899099999999952,0.2985315000000016
1.2915799999999953,0.2979470000000016
1.2932499999999953,0.2973625000000016
1.2949199999999954,0.2967780000000016
1.2965899999999955,0.29619350000000155
1.2982599999999955,0.29560900000000156
1.2999299999999956,0.29502450000000147
1.3015999999999956,0.2944400000000014
1.3032699999999957,0.29385550000000144
1.3049399999999958,0.2932710000000014
1.3066099999999958,0.2926865000000014
1.308279999999996,0.2921020000000014
1.309949999999996,0.2915175000000014
1.311619999999996,0.2909330000000014
1.313289999999996,0.29034850000000134
1.3149599999999961,0.28976400000000135
1.3166299999999962,0.28917950000000125
1.3182999999999963,0.2885950000000012
1.3199699999999963,0.2880105000000012
1.3216399999999964,0.2874260000000012
1.3233099999999964,0.2868415000000012
1.3249799999999965,0.2862570000000012
1.3266499999999966,0.28567250000000116
1.3283199999999966,0.2850880000000012
1.3299899999999967,0.28450350000000113
1.3316599999999967,0.28391900000000114
1.3333299999999968,0.28333450000000104
1.3349999999999969,0.282750000000001
1.336669999999997,0.282165500000001
1.338339999999997,0.28158100000000097
1.340009999999997,0.280996500000001
1.341679999999997,0.280412000000001
1.3433499999999972,0.27982750000000095
1.3450199999999972,0.27924300000000096
1.3466899999999973,0.2786585000000009
1.3483599999999973,0.27807400000000093
1.3500299999999974,0.27748950000000083
1.3516999999999975,0.2769050000000008
1.3533699999999975,0.2763205000000008
1.3550399999999976,0.2757360000000008
1.3567099999999976,0.27515150000000077
1.3583799999999977,0.2745670000000008
1.3600499999999978,0.27398250000000074
1.3617199999999978,0.27339800000000075
1.3633899999999979,0.27281350000000076
1.365059999999998,0.2722290000000007
1.366729999999998,0.2716445000000006
1.368399999999998,0.2710600000000006
1.3700699999999981,0.2704755000000006
1.3717399999999982,0.2698910000000006
1.3734099999999982,0.26930650000000056
1.3750799999999983,0.26872200000000057
1.3767499999999984,0.26813750000000053
1.3784199999999984,0.26755300000000054
1.3800899999999985,0.26696850000000055
1.3817599999999985,0.2663840000000005
1.3834299999999986,0.2657995000000004
1.3850999999999987,0.26521500000000037
1.3867699999999987,0.2646305000000004
1.3884399999999988,0.2640460000000004
1.3901099999999988,0.26346150000000035
1.391779999999999,0.26287700000000036
1.393449999999999,0.2622925000000003
1.395119999999999,0.26170800000000033
1.396789999999999,0.26112350000000034
1.3984599999999991,0.2605390000000003
1.4001299999999992,0.2599545000000002
1.4017999999999993,0.2593700000000002
1.4034699999999993,0.25878550000000017
1.4051399999999994,0.2582010000000002
1.4068099999999994,0.25761650000000014
1.4084799999999995,0.25703200000000015
1.4101499999999996,0.25644750000000016
1.4118199999999996,0.2558630000000001
1.4134899999999997,0.25527850000000013
1.4151599999999998,0.2546940000000001
1.4168299999999998,0.2541095
1.4184999999999999,0.253525
1.42017,0.25294049999999996
1.42184,0.25235599999999997
1.42351,0.2517714999999999
1.4251800000000001,0.25118699999999994
1.4268500000000002,0.25060249999999995
1.4285200000000002,0.2500179999999999
1.4301900000000003,0.24943349999999992
1.4318600000000004,0.24884899999999988
1.4335300000000004,0.24826449999999978
1.4352000000000005,0.2476799999999998
1.4368700000000005,0.24709549999999975
1.4385400000000006,0.24651099999999976
1.4402100000000007,0.24592649999999971
1.4418800000000007,0.24534199999999973
1.4435500000000008,0.24475749999999974
1.4452200000000008,0.2441729999999997
1.446890000000001,0.2435884999999997
1.448560000000001,0.24300399999999966
1.450230000000001,0.24241949999999957
1.451900000000001,0.24183499999999958
1.4535700000000011,0.24125049999999953
1.4552400000000012,0.24066599999999955
1.4569100000000013,0.2400814999999995
1.4585800000000013,0.23949699999999952
1.4602500000000014,0.23891249999999953
1.4619200000000014,0.23832799999999948
1.4635900000000015,0.2377434999999995
1.4652600000000016,0.23715899999999945
1.4669300000000016,0.23657449999999935
1.4686000000000017,0.23598999999999937
1.4702700000000017,0.23540549999999932
1.4719400000000018,0.23482099999999934
1.4736100000000019,0.2342364999999993
1.475280000000002,0.2336519999999993
1.476950000000002,0.23306749999999932
1.478620000000002,0.23248299999999927
1.480290000000002,0.23189849999999929
1.4819600000000022,0.23131399999999924
1.4836300000000022,0.23072949999999925
1.4853000000000023,0.23014499999999916
1.4869700000000023,0.2295604999999991
1.4886400000000024,0.22897599999999912
1.4903100000000025,0.22839149999999908
1.4919800000000025,0.2278069999999991
1.4936500000000026,0.2272224999999991
1.4953200000000026,0.22663799999999906
1.4969900000000027,0.22605349999999907
1.4986600000000028,0.22546899999999903
1.5003300000000028,0.22488449999999893
1.5020000000000029,0.22429999999999894
1.503670000000003,0.2237154999999989
1.505340000000003,0.2231309999999989
1.507010000000003,0.22254649999999887
1.5086800000000031,0.22196199999999888
1.5103500000000032,0.2213774999999989
1.5120200000000033,0.22079299999999885
1.5136900000000033,0.22020849999999886
1.5153600000000034,0.21962399999999882
1.5170300000000034,0.21903949999999883
1.5187000000000035,0.21845499999999873
1.5203700000000036,0.2178704999999987
1.5220400000000036,0.2172859999999987
1.5237100000000037,0.21670149999999866
1.5253800000000037,0.21611699999999867
1.5270500000000038,0.21553249999999868
1.5287200000000039,0.21494799999999864
1.530390000000004,0.21436349999999865
1.532060000000004,0.2137789999999986
1.533730000000004,0.2131944999999985
1.535400000000004,0.21260999999999852
1.5370700000000042,0.21202549999999848
1.5387400000000042,0.2114409999999985
1.5404100000000043,0.21085649999999845
1.5420800000000043,0.21027199999999846
1.5437500000000044,0.20968749999999847
1.5454200000000045,0.20910299999999843
1.5470900000000045,0.20851849999999844
1.5487600000000046,0.2079339999999984
1.5504300000000046,0.2073494999999984
1.5521000000000047,0.2067649999999983
1.5537700000000048,0.20618049999999827
1.5554400000000048,0.20559599999999828
1.5571100000000049,0.20501149999999824
1.558780000000005,0.20442699999999825
1.560450000000005,0.20384249999999826
1.562120000000005,0.20325799999999822
1.5637900000000051,0.20267349999999823
1.5654600000000052,0.2020889999999982
1.5671300000000052,0.2015044999999981
1.5688000000000053,0.2009199999999981
1.5704700000000054,0.20033549999999806
1.5721400000000054,0.19975099999999807
1.5738100000000055,0.19916649999999803
1.5754800000000055,0.19858199999999804
1.5771500000000056,0.19799749999999805
1.5788200000000057,0.197412999999998
1.5804900000000057,0.19682849999999802
1.5821600000000058,0.19624399999999798
1.5838300000000058,0.195659499999998
1.585500000000006,0.1950749999999979
1.587170000000006,0.19449049999999785
1.588840000000006,0.19390599999999786
1.590510000000006,0.19332149999999781
1.5921800000000061,0.19273699999999783
1.5938500000000062,0.19215249999999784
1.5955200000000063,0.1915679999999978
1.5971900000000063,0.1909834999999978
1.5988600000000064,0.19039899999999776
1.6005300000000064,0.18981449999999767
1.6022000000000065,0.18922999999999768
1.6038700000000066,0.18864549999999763
1.6055400000000066,0.18806099999999765
1.6072100000000067,0.18747649999999766
1.6088800000000067,0.18689199999999762
1.6105500000000068,0.18630749999999763
1.6122200000000069,0.18572299999999758
1.613890000000007,0.1851384999999976
1.615560000000007,0.1845539999999976
1.617230000000007,0.18396949999999757
1.6189000000000071,0.18338499999999747
1.6205700000000072,0.18280049999999742
1.6222400000000072,0.18221599999999744
1.6239100000000073,0.18163149999999745
1.6255800000000074,0.1810469999999974
1.6272500000000074,0.18046249999999742
1.6289200000000075,0.17987799999999737
1.6305900000000075,0.17929349999999739
1.6322600000000076,0.1787089999999974
1.6339300000000077,0.17812449999999724
1.6356000000000077,0.17753999999999726
1.6372700000000078,0.1769554999999972
1.6389400000000078,0.17637099999999722
1.640610000000008,0.17578649999999724
1.642280000000008,0.1752019999999972
1.643950000000008,0.1746174999999972
1.645620000000008,0.17403299999999716
1.6472900000000081,0.17344849999999717
1.6489600000000082,0.1728639999999972
1.6506300000000083,0.17227949999999714
1.6523000000000083,0.17169499999999704
1.6539700000000084,0.17111049999999706
1.6556400000000084,0.170525999999997
1.6573100000000085,0.16994149999999703
1.6589800000000086,0.16935699999999698
1.6606500000000086,0.168772499999997
1.6623200000000087,0.168187999999997
1.6639900000000087,0.16760349999999696
1.6656600000000088,0.16701899999999698
1.6673300000000089,0.16643449999999682
1.669000000000009,0.16584999999999683
1.670670000000009,0.16526549999999685
1.672340000000009,0.1646809999999968
1.674010000000009,0.16409649999999681
1.6756800000000092,0.16351199999999677
1.6773500000000092,0.16292749999999678
1.6790200000000093,0.1623429999999968
1.6806900000000093,0.16175849999999675
1.6823600000000094,0.16117399999999676
1.6840300000000095,0.16058949999999672
1.6857000000000095,0.16000499999999662
1.6873700000000096,0.15942049999999663
1.6890400000000096,0.1588359999999966
1.6907100000000097,0.1582514999999966
1.6923800000000098,0.15766699999999656
1.6940500000000098,0.15708249999999657
1.6957200000000099,0.15649799999999658
1.69739000000001,0.15591349999999654
1.69906000000001,0.15532899999999655
1.70073000000001,0.1547444999999964
1.7024000000000101,0.15415999999999652
1.7040700000000102,0.15357549999999642
1.7057400000000102,0.15299099999999638
1.7074100000000103,0.1524064999999964
1.7090800000000104,0.15182199999999635
1.7107500000000104,0.15123749999999636
1.7124200000000105,0.15065299999999637
1.7140900000000105,0.15006849999999633
1.7157600000000106,0.14948399999999634
1.7174300000000107,0.1488994999999963
1.7191000000000107,0.1483149999999962
1.7207700000000108,0.1477304999999962
1.7224400000000109,0.14714599999999617
1.724110000000011,0.14656149999999618
1.725780000000011,0.14597699999999614
1.727450000000011,0.14539249999999615
1.729120000000011,0.14480799999999616
1.7307900000000112,0.14422349999999612
1.7324600000000112,0.14363899999999613
1.7341300000000113,0.14305449999999598
1.7358000000000113,0.1424699999999961
1.7374700000000114,0.141885499999996
1.7391400000000115,0.14130099999999596
1.7408100000000115,0.14071649999999597
1.7424800000000116,0.14013199999999593
1.7441500000000116,0.13954749999999594
1.7458200000000117,0.13896299999999595
1.7474900000000118,0.1383784999999959
1.7491600000000118,0.13779399999999592
1.7508300000000119,0.13720949999999588
1.752500000000012,0.13662499999999578
1.754170000000012,0.1360404999999958
1.755840000000012,0.1354559999999958
1.7575100000000121,0.1348714999999957
1.7591800000000122,0.13428699999999572
1.7608500000000122,0.13370249999999573
1.7625200000000123,0.13311799999999574
1.7641900000000124,0.13253349999999575
1.7658600000000124,0.13194899999999565
1.7675300000000125,0.13136449999999555
1.7692000000000125,0.13077999999999568
1.7708700000000126,0.13019549999999558
1.7725400000000127,0.1296109999999956
1.7742100000000127,0.1290264999999955
1.7758800000000128,0.1284419999999955
1.7775500000000128,0.12785749999999552
1.779220000000013,0.12727299999999553
1.780890000000013,0.12668849999999554
1.782560000000013,0.12610399999999544
1.784230000000013,0.12551949999999545
1.7859000000000131,0.12493499999999536
1.7875700000000132,0.12435049999999537
1.7892400000000133,0.12376599999999538
1.7909100000000133,0.12318149999999528
1.7925800000000134,0.1225969999999953
1.7942500000000134,0.1220124999999953
1.7959200000000135,0.12142799999999532
1.7975900000000136,0.12084349999999533
1.7992600000000136,0.12025899999999523
1.8009300000000137,0.11967449999999513
1.8026000000000137,0.11908999999999526
1.8042700000000138,0.11850549999999516
1.8059400000000139,0.11792099999999517
1.807610000000014,0.11733649999999507
1.809280000000014,0.11675199999999508
1.810950000000014,0.1161674999999951
1.812620000000014,0.1155829999999951
1.8142900000000142,0.11499849999999512
1.8159600000000142,0.11441399999999502
1.8176300000000143,0.11382949999999503
1.8193000000000144,0.11324499999999493
1.8209700000000144,0.11266049999999495
1.8226400000000145,0.11207599999999496
1.8243100000000145,0.11149149999999486
1.8259800000000146,0.11090699999999487
1.8276500000000147,0.11032249999999488
1.8293200000000147,0.1097379999999949
1.8309900000000148,0.10915349999999491
1.8326600000000148,0.10856899999999481
1.834330000000015,0.10798449999999482
1.836000000000015,0.10739999999999483
1.837670000000015,0.10681549999999485
1.839340000000015,0.10623099999999475
1.8410100000000151,0.10564649999999465
1.8426800000000152,0.10506199999999466
1.8443500000000153,0.10447749999999467
1.8460200000000153,0.10389299999999468
1.8476900000000154,0.1033084999999947
1.8493600000000154,0.1027239999999946
1.8510300000000155,0.10213949999999461
1.8527000000000156,0.10155499999999462
1.8543700000000156,0.10097049999999452
1.8560400000000157,0.10038599999999454
1.8577100000000157,0.09980149999999444
1.8593800000000158,0.09921699999999445
1.8610500000000159,0.09863249999999446
1.862720000000016,0.09804799999999447
1.864390000000016,0.09746349999999449
1.866060000000016,0.09687899999999439
1.867730000000016,0.0962944999999944
1.8694000000000162,0.09570999999999441
1.8710700000000162,0.09512549999999442
1.8727400000000163,0.09454099999999432
1.8744100000000163,0.09395649999999423
1.8760800000000164,0.09337199999999424
1.8777500000000165,0.09278749999999425
1.8794200000000165,0.09220299999999426
1.8810900000000166,0.09161849999999427
1.8827600000000166,0.09103399999999418
1.8844300000000167,0.09044949999999419
1.8861000000000168,0.0898649999999942
1.8877700000000168,0.0892804999999941
1.8894400000000169,0.08869599999999411
1.891110000000017,0.08811149999999401
1.892780000000017,0.08752699999999403
1.894450000000017,0.08694249999999404
1.8961200000000171,0.08635799999999405
1.8977900000000172,0.08577349999999406
1.8994600000000172,0.08518899999999396
1.9011300000000173,0.08460449999999398
1.9028000000000174,0.08401999999999399
1.9044700000000174,0.083435499999994
1.9061400000000175,0.0828509999999939
1.9078100000000175,0.0822664999999938
1.9094800000000176,0.08168199999999382
1.9111500000000177,0.08109749999999383
1.9128200000000177,0.08051299999999384
1.9144900000000178,0.07992849999999385
1.9161600000000178,0.07934399999999375
1.917830000000018,0.07875949999999377
1.919500000000018,0.07817499999999378
1.921170000000018,0.07759049999999368
1.922840000000018,0.07700599999999369
1.9245100000000182,0.07642149999999359
1.9261800000000182,0.0758369999999936
1.9278500000000183,0.07525249999999362
1.9295200000000183,0.07466799999999363
1.9311900000000184,0.07408349999999364
1.9328600000000185,0.07349899999999354
1.9345300000000185,0.07291449999999355
1.9362000000000186,0.07232999999999357
1.9378700000000186,0.07174549999999358
1.9395400000000187,0.07116099999999348
1.9412100000000188,0.07057649999999338
1.9428800000000188,0.06999199999999339
1.9445500000000189,0.0694074999999934
1.946220000000019,0.06882299999999342
1.947890000000019,0.06823849999999343
1.949560000000019,0.06765399999999333
1.9512300000000191,0.06706949999999334
1.9529000000000192,0.06648499999999335
1.9545700000000192,0.06590049999999326
1.9562400000000193,0.06531599999999327
1.9579100000000194,0.06473149999999328
1.9595800000000194,0.06414699999999318
1.9612500000000195,0.0635624999999932
1.9629200000000195,0.0629779999999932
1.9645900000000196,0.06239349999999322
1.9662600000000197,0.06180899999999323
1.9679300000000197,0.06122449999999313
1.9696000000000198,0.060639999999993144
1.9712700000000198,0.060055499999993156
1.97294000000002,0.05947099999999306
1.97461000000002,0.05888649999999307
1.97628000000002,0.05830199999999297
1.97795000000002,0.05771749999999298
1.9796200000000201,0.057132999999992995
1.9812900000000202,0.05654849999999301
1.9829600000000203,0.05596399999999302
1.9846300000000203,0.05537949999999292
1.9863000000000204,0.05479499999999293
1.9879700000000204,0.054210499999992834
1.9896400000000205,0.053625999999992846
1.9913100000000206,0.05304149999999286
1.9929800000000206,0.05245699999999276
1.9946500000000207,0.05187249999999277
1.9963200000000207,0.051287999999992784
1.9979900000000208,0.050703499999992796
1.9996600000000209,0.05011899999999281
2.0013300000000207,0.050000000000000044
2.0030000000000205,0.050000000000000044
2.0046700000000204,0.050000000000000044
2.00634000000002,0.050000000000000044
2.00801000000002,0.050000000000000044
2.00968000000002,0.050000000000000044
2.0113500000000197,0.050000000000000044
2.0130200000000196,0.050000000000000044
2.0146900000000194,0.050000000000000044
2.0163600000000192,0.050000000000000044
2.018030000000019,0.050000000000000044
2.019700000000019,0.050000000000000044
2.0213700000000188,0.050000000000000044
2.0230400000000186,0.050000000000000044
2.0247100000000184,0.050000000000000044
2.0263800000000183,0.050000000000000044
2.028050000000018,0.050000000000000044
2.029720000000018,0.050000000000000044
2.031390000000018,0.050000000000000044
2.0330600000000176,0.050000000000000044
2.0347300000000175,0.050000000000000044
2.0364000000000173,0.050000000000000044
2.038070000000017,0.050000000000000044
2.039740000000017,0.050000000000000044
2.041410000000017,0.050000000000000044
2.0430800000000167,0.050000000000000044
2.0447500000000165,0.050000000000000044
2.0464200000000163,0.050000000000000044
2.048090000000016,0.050000000000000044
2.049760000000016,0.050000000000000044
2.051430000000016,0.050000000000000044
2.0531000000000157,0.050000000000000044
2.0547700000000155,0.050000000000000044
2.0564400000000154,0.050000000000000044
2.058110000000015,0.050000000000000044
2.059780000000015,0.050000000000000044
2.061450000000015,0.050000000000000044
2.0631200000000147,0.050000000000000044
2.0647900000000146,0.050000000000000044
2.0664600000000144,0.050000000000000044
2.0681300000000142,0.050000000000000044
2.069800000000014,0.050000000000000044
2.071470000000014,0.050000000000000044
2.0731400000000137,0.050000000000000044
2.0748100000000136,0.050000000000000044
2.0764800000000134,0.050000000000000044
2.0781500000000133,0.050000000000000044
2.079820000000013,0.050000000000000044
2.081490000000013,0.050000000000000044
2.083160000000013,0.050000000000000044
2.0848300000000126,0.050000000000000044
2.0865000000000125,0.050000000000000044
2.0881700000000123,0.050000000000000044
2.089840000000012,0.050000000000000044
2.091510000000012,0.050000000000000044
2.093180000000012,0.050000000000000044
2.0948500000000116,0.050000000000000044
2.0965200000000115,0.050000000000000044
2.0981900000000113,0.050000000000000044
2.099860000000011,0.050000000000000044
2.101530000000011,0.050000000000000044
2.103200000000011,0.050000000000000044
2.1048700000000107,0.050000000000000044
2.1065400000000105,0.050000000000000044
2.1082100000000104,0.050000000000000044
2.10988000000001,0.050000000000000044
2.11155000000001,0.050000000000000044
2.11322000000001,0.050000000000000044
2.1148900000000097,0.050000000000000044
2.1165600000000095,0.050000000000000044
2.1182300000000094,0.050000000000000044
2.119900000000009,0.050000000000000044
2.121570000000009,0.050000000000000044
2.123240000000009,0.050000000000000044
2.1249100000000087,0.050000000000000044
2.1265800000000086,0.050000000000000044
2.1282500000000084,0.050000000000000044
2.1299200000000083,0.050000000000000044
2.131590000000008,0.050000000000000044
2.133260000000008,0.050000000000000044
2.1349300000000078,0.050000000000000044
2.1366000000000076,0.050000000000000044
2.1382700000000074,0.050000000000000044
2.1399400000000073,0.050000000000000044
2.141610000000007,0.050000000000000044
2.143280000000007,0.050000000000000044
2.144950000000007,0.050000000000000044
2.1466200000000066,0.050000000000000044
2.1482900000000065,0.050000000000000044
2.1499600000000063,0.050000000000000044
2.151630000000006,0.050000000000000044
2.153300000000006,0.050000000000000044
2.154970000000006,0.050000000000000044
2.1566400000000057,0.050000000000000044
2.1583100000000055,0.050000000000000044
2.1599800000000053,0.050000000000000044
2.161650000000005,0.050000000000000044
2.163320000000005,0.050000000000000044
2.164990000000005,0.050000000000000044
2.1666600000000047,0.050000000000000044
2.1683300000000045,0.050000000000000044
2.1700000000000044,0.050000000000000044
2.171670000000004,0.050000000000000044
2.173340000000004,0.050000000000000044
2.175010000000004,0.050000000000000044
2.1766800000000037,0.050000000000000044
2.1783500000000036,0.050000000000000155
2.1800200000000034,0.050000000000000044
2.1816900000000032,0.050000000000000044
2.183360000000003,0.050000000000000044
2.185030000000003,0.050000000000000044
2.1867000000000028,0.050000000000000155
2.1883700000000026,0.050000000000000044
2.1900400000000024,0.050000000000000044
2.1917100000000023,0.050000000000000044
2.193380000000002,0.050000000000000044
2.195050000000002,0.050000000000000155
2.196720000000002,0.050000000000000044
2.1983900000000016,0.050000000000000044
2.2000600000000015,0.050000000000000044
2.2017300000000013,0.050000000000000044
2.203400000000001,0.050000000000000155
2.205070000000001,0.050000000000000044
2.206740000000001,0.050000000000000044
2.2084100000000007,0.050000000000000044
2.2100800000000005,0.050000000000000044
2.2117500000000003,0.050000000000000155
2.21342,0.050000000000000044
2.21509,0.050000000000000044
2.21676,0.050000000000000044
2.2184299999999997,0.050000000000000044
2.2200999999999995,0.050000000000000155
2.2217699999999994,0.050000000000000044
2.223439999999999,0.050000000000000044
2.225109999999999,0.050000000000000044
2.226779999999999,0.050000000000000044
2.2284499999999987,0.050000000000000155
2.2301199999999985,0.050000000000000044
2.2317899999999984,0.050000000000000044
2.2334599999999982,0.050000000000000044
2.235129999999998,0.050000000000000044
2.236799999999998,0.050000000000000044
2.2384699999999977,0.050000000000000044
2.2401399999999976,0.050000000000000044
2.2418099999999974,0.050000000000000044
2.2434799999999973,0.050000000000000044
2.245149999999997,0.050000000000000044
2.246819999999997,0.050000000000000044
2.2484899999999968,0.050000000000000044
2.2501599999999966,0.050000000000000044
2.2518299999999964,0.050000000000000044
2.2534999999999963,0.050000000000000044
2.255169999999996,0.050000000000000044
2.256839999999996,0.050000000000000044
2.258509999999996,0.050000000000000044
2.2601799999999956,0.050000000000000044
2.2618499999999955,0.050000000000000044
2.2635199999999953,0.050000000000000044
2.265189999999995,0.050000000000000044
2.266859999999995,0.050000000000000044
2.268529999999995,0.050000000000000044
2.2701999999999947,0.050000000000000044
2.2718699999999945,0.050000000000000044
2.2735399999999943,0.050000000000000044
2.275209999999994,0.050000000000000044
2.276879999999994,0.050000000000000044
2.278549999999994,0.050000000000000044
2.2802199999999937,0.050000000000000044
2.2818899999999935,0.050000000000000044
2.2835599999999934,0.050000000000000044
2.285229999999993,0.050000000000000044
2.286899999999993,0.050000000000000044
2.288569999999993,0.050000000000000044
2.2902399999999927,0.050000000000000044
2.2919099999999926,0.050000000000000044
2.2935799999999924,0.050000000000000044
2.2952499999999922,0.050000000000000044
2.296919999999992,0.050000000000000044
2.298589999999992,0.050000000000000044
2.3002599999999918,0.050000000000000044
2.3019299999999916,0.050000000000000044
2.3035999999999914,0.050000000000000044
2.3052699999999913,0.050000000000000044
2.306939999999991,0.050000000000000044
2.308609999999991,0.050000000000000044
2.310279999999991,0.050000000000000044
2.3119499999999906,0.050000000000000044
2.3136199999999905,0.050000000000000044
2.3152899999999903,0.050000000000000044
2.31695999999999,0.050000000000000044
2.31862999999999,0.050000000000000044
2.32029999999999,0.050000000000000044
2.3219699999999897,0.050000000000000044
2.3236399999999895,0.050000000000000044
2.3253099999999893,0.050000000000000044
2.326979999999989,0.050000000000000044
2.328649999999989,0.050000000000000044
2.330319999999989,0.050000000000000044
2.3319899999999887,0.050000000000000044
2.3336599999999885,0.050000000000000044
2.3353299999999884,0.050000000000000044
2.336999999999988,0.050000000000000044
2.338669999999988,0.050000000000000044
2.340339999999988,0.050000000000000044
2.3420099999999877,0.050000000000000044
2.3436799999999876,0.050000000000000044
2.3453499999999874,0.050000000000000044
2.3470199999999872,0.050000000000000044
2.348689999999987,0.050000000000000044
2.350359999999987,0.050000000000000044
2.3520299999999867,0.050000000000000044
2.3536999999999866,0.050000000000000044
2.3553699999999864,0.050000000000000044
2.3570399999999863,0.050000000000000044
2.358709999999986,0.050000000000000044
2.360379999999986,0.050000000000000044
2.3620499999999858,0.050000000000000044
2.3637199999999856,0.050000000000000044
2.3653899999999854,0.050000000000000044
2.3670599999999853,0.050000000000000044
2.368729999999985,0.050000000000000044
2.370399999999985,0.050000000000000044
2.372069999999985,0.050000000000000044
2.3737399999999846,0.050000000000000044
2.3754099999999845,0.050000000000000044
2.3770799999999843,0.050000000000000044
2.378749999999984,0.050000000000000044
2.380419999999984,0.050000000000000044
2.382089999999984,0.050000000000000044
2.3837599999999837,0.050000000000000044
2.3854299999999835,0.050000000000000044
2.3870999999999833,0.050000000000000044
2.388769999999983,0.050000000000000044
2.390439999999983,0.050000000000000044
2.392109999999983,0.050000000000000044
2.3937799999999827,0.050000000000000044
2.3954499999999825,0.050000000000000044
2.3971199999999824,0.050000000000000044
2.398789999999982,0.050000000000000044
2.400459999999982,0.050000000000000044
2.402129999999982,0.050000000000000044
2.4037999999999817,0.050000000000000044
2.4054699999999816,0.050000000000000044
2.4071399999999814,0.050000000000000044
2.4088099999999812,0.050000000000000044
2.410479999999981,0.050000000000000044
2.412149999999981,0.050000000000000044
2.4138199999999808,0.050000000000000044
2.4154899999999806,0.050000000000000044
2.4171599999999804,0.050000000000000044
2.4188299999999803,0.050000000000000044
2.42049999999998,0.050000000000000044
2.42216999999998,0.050000000000000044
2.42383999999998,0.050000000000000044
2.4255099999999796,0.050000000000000044
2.4271799999999795,0.050000000000000044
2.4288499999999793,0.050000000000000044
2.430519999999979,0.050000000000000044
2.432189999999979,0.050000000000000044
2.433859999999979,0.050000000000000044
2.4355299999999787,0.050000000000000044
2.4371999999999785,0.050000000000000044
2.4388699999999783,0.050000000000000044
2.440539999999978,0.050000000000000044
2.442209999999978,0.050000000000000044
2.443879999999978,0.050000000000000044
2.4455499999999777,0.050000000000000044
2.4472199999999775,0.050000000000000044
2.4488899999999774,0.050000000000000044
2.450559999999977,0.050000000000000044
2.452229999999977,0.050000000000000044
2.453899999999977,0.050000000000000044
2.4555699999999767,0.050000000000000044
2.4572399999999766,0.050000000000000044
2.4589099999999764,0.050000000000000044
2.4605799999999762,0.050000000000000044
2.462249999999976,0.050000000000000044
2.463919999999976,0.050000000000000044
2.4655899999999757,0.050000000000000044
2.4672599999999756,0.050000000000000044
2.4689299999999754,0.050000000000000044
2.4705999999999753,0.050000000000000044
2.472269999999975,0.050000000000000044
2.473939999999975,0.050000000000000044
2.4756099999999748,0.050000000000000044
2.4772799999999746,0.050000000000000044
2.4789499999999745,0.050000000000000044
2.4806199999999743,0.050000000000000044
2.482289999999974,0.050000000000000044
2.483959999999974,0.050000000000000044
2.485629999999974,0.050000000000000044
2.4872999999999736,0.050000000000000044
2.4889699999999735,0.050000000000000044
2.4906399999999733,0.050000000000000044
2.492309999999973,0.050000000000000044
2.493979999999973,0.050000000000000044
2.495649999999973,0.050000000000000044
2.4973199999999727,0.050000000000000044
2.4989899999999725,0.050000000000000044
2.5006599999999723,0.050000000000000044
2.502329999999972,0.050000000000000044
2.503999999999972,0.050000000000000044
2.505669999999972,0.050000000000000044
2.5073399999999717,0.050000000000000044
2.5090099999999715,0.050000000000000044
2.5106799999999714,0.050000000000000044
2.512349999999971,0.050000000000000044
2.514019999999971,0.050000000000000044
2.515689999999971,0.050000000000000044
2.5173599999999707,0.050000000000000044
2.5190299999999706,0.050000000000000044
2.5206999999999704,0.050000000000000044
2.5223699999999702,0.050000000000000044
2.52403999999997,0.050000000000000044
2.52570999999997,0.050000000000000044
2.5273799999999698,0.050000000000000044
2.5290499999999696,0.050000000000000044
2.5307199999999694,0.050000000000000044
2.5323899999999693,0.050000000000000044
2.534059999999969,0.050000000000000044
2.535729999999969,0.050000000000000044
2.537399999999969,0.050000000000000044
2.5390699999999686,0.050000000000000044
2.5407399999999685,0.050000000000000044
2.5424099999999683,0.050000000000000044
2.544079999999968,0.050000000000000044
2.545749999999968,0.050000000000000044
2.547419999999968,0.050000000000000044
2.5490899999999677,0.050000000000000044
2.5507599999999675,0.050000000000000044
2.5524299999999673,0.050000000000000044
2.554099999999967,0.050000000000000044
2.555769999999967,0.050000000000000044
2.557439999999967,0.050000000000000044
2.5591099999999667,0.050000000000000044
2.5607799999999665,0.050000000000000044
2.5624499999999664,0.050000000000000044
2.564119999999966,0.050000000000000044
2.565789999999966,0.050000000000000044
2.567459999999966,0.050000000000000044
2.5691299999999657,0.050000000000000044
2.5707999999999656,0.050000000000000044
2.5724699999999654,0.050000000000000044
2.5741399999999652,0.050000000000000044
2.575809999999965,0.050000000000000044
2.577479999999965,0.050000000000000044
2.5791499999999647,0.050000000000000044
2.5808199999999646,0.050000000000000044
2.5824899999999644,0.050000000000000044
2.5841599999999643,0.050000000000000044
2.585829999999964,0.050000000000000044
2.587499999999964,0.050000000000000044
2.589169999999964,0.050000000000000044
2.5908399999999636,0.050000000000000044
2.5925099999999635,0.050000000000000044
2.5941799999999633,0.050000000000000044
2.595849999999963,0.050000000000000044
2.597519999999963,0.050000000000000044
2.599189999999963,0.050000000000000044
2.6008599999999626,0.050000000000000044
2.6025299999999625,0.050000000000000044
2.6041999999999623,0.050000000000000044
2.605869999999962,0.050000000000000044
2.607539999999962,0.050000000000000044
2.609209999999962,0.050000000000000044
2.6108799999999617,0.050000000000000044
2.6125499999999615,0.050000000000000044
2.6142199999999614,0.050000000000000044
2.615889999999961,0.050000000000000044
2.617559999999961,0.050000000000000044
2.619229999999961,0.050000000000000044
2.6208999999999607,0.050000000000000044
2.6225699999999605,0.050000000000000044
2.6242399999999604,0.050000000000000044
2.62590999999996,0.050000000000000044
2.62757999999996,0.050000000000000044
2.62924999999996,0.050000000000000044
2.6309199999999597,0.050000000000000044
2.6325899999999596,0.050000000000000044
2.6342599999999594,0.050000000000000044
2.6359299999999593,0.050000000000000044
2.637599999999959,0.050000000000000044
2.639269999999959,0.050000000000000044
2.6409399999999588,0.050000000000000044
2.6426099999999586,0.050000000000000044
2.6442799999999584,0.050000000000000044
2.6459499999999583,0.050000000000000044
2.647619999999958,0.050000000000000044
2.649289999999958,0.050000000000000044
2.650959999999958,0.050000000000000044
2.6526299999999576,0.050000000000000044
2.6542999999999575,0.050000000000000044
2.6559699999999573,0.050000000000000044
2.657639999999957,0.050000000000000044
2.659309999999957,0.050000000000000044
2.660979999999957,0.050000000000000044
2.6626499999999567,0.050000000000000044
2.6643199999999565,0.050000000000000044
2.6659899999999563,0.050000000000000044
2.667659999999956,0.050000000000000044
2.669329999999956,0.050000000000000044
2.670999999999956,0.050000000000000044
2.6726699999999557,0.050000000000000044
2.6743399999999555,0.050000000000000044
2.6760099999999554,0.050000000000000044
2.677679999999955,0.050000000000000044
2.679349999999955,0.050000000000000044
2.681019999999955,0.050000000000000044
2.6826899999999547,0.050000000000000044
2.6843599999999546,0.050000000000000044
2.6860299999999544,0.050000000000000044
2.6876999999999542,0.050000000000000044
2.689369999999954,0.050000000000000044
2.691039999999954,0.050000000000000044
2.6927099999999538,0.050000000000000044
2.6943799999999536,0.050000000000000044
2.6960499999999534,0.050000000000000044
2.6977199999999533,0.050000000000000044
2.699389999999953,0.050000000000000044
2.701059999999953,0.050000000000000044
2.702729999999953,0.050000000000000044
2.7043999999999526,0.050000000000000044
2.7060699999999525,0.050000000000000044
2.7077399999999523,0.050000000000000044
2.709409999999952,0.050000000000000044
2.711079999999952,0.050000000000000044
2.712749999999952,0.050000000000000044
2.7144199999999516,0.050000000000000044
2.7160899999999515,0.050000000000000044
2.7177599999999513,0.050000000000000044
2.719429999999951,0.050000000000000044
2.721099999999951,0.050000000000000044
2.722769999999951,0.050000000000000044
2.7244399999999507,0.050000000000000044
2.7261099999999505,0.050000000000000044
2.7277799999999504,0.050000000000000044
2.72944999999995,0.050000000000000044
2.73111999999995,0.050000000000000044
2.73278999999995,0.050000000000000044
2.7344599999999497,0.050000000000000044
2.7361299999999495,0.050000000000000044
2.7377999999999494,0.050000000000000044
2.7394699999999492,0.050000000000000044
2.741139999999949,0.050000000000000044
2.742809999999949,0.050000000000000044
2.7444799999999487,0.050000000000000044
2.7461499999999486,0.050000000000000044
2.7478199999999484,0.050000000000000044
2.7494899999999483,0.050000000000000044
2.751159999999948,0.050000000000000044
2.752829999999948,0.050000000000000044
2.7544999999999478,0.050000000000000044
2.7561699999999476,0.050000000000000044
2.7578399999999474,0.050000000000000044
2.7595099999999473,0.050000000000000044
2.761179999999947,0.050000000000000044
2.762849999999947,0.050000000000000044
2.764519999999947,0.050000000000000044
2.7661899999999466,0.050000000000000044
2.7678599999999465,0.050000000000000044
2.7695299999999463,0.050000000000000044
2.771199999999946,0.050000000000000044
2.772869999999946,0.050000000000000044
2.774539999999946,0.050000000000000044
2.7762099999999457,0.050000000000000044
2.7778799999999455,0.050000000000000044
2.7795499999999453,0.050000000000000044
2.781219999999945,0.050000000000000044
2.782889999999945,0.050000000000000044
2.784559999999945,0.050000000000000044
2.7862299999999447,0.050000000000000044
2.7878999999999445,0.050000000000000044
2.7895699999999444,0.050000000000000044
2.791239999999944,0.050000000000000044
2.792909999999944,0.050000000000000044
2.794579999999944,0.050000000000000044
2.7962499999999437,0.050000000000000044
2.7979199999999436,0.050000000000000044
2.7995899999999434,0.050000000000000044
2.8012599999999432,0.050000000000000044
2.802929999999943,0.050000000000000044
2.804599999999943,0.050000000000000044
2.8062699999999428,0.050000000000000044
2.8079399999999426,0.050000000000000044
2.8096099999999424,0.050000000000000044
2.8112799999999423,0.050000000000000044
2.812949999999942,0.050000000000000044
2.814619999999942,0.050000000000000044
2.816289999999942,0.050000000000000044
2.8179599999999416,0.050000000000000044
2.8196299999999415,0.050000000000000044
2.8212999999999413,0.050000000000000044
2.822969999999941,0.050000000000000044
2.824639999999941,0.050000000000000044
2.826309999999941,0.050000000000000044
2.8279799999999407,0.050000000000000044
2.8296499999999405,0.050000000000000044
2.8313199999999403,0.04999999999999993
2.83298999999994,0.050000000000000044
2.83465999999994,0.050000000000000044
2.83632999999994,0.050000000000000044
2.8379999999999397,0.050000000000000044
2.8396699999999395,0.04999999999999993
2.8413399999999394,0.050000000000000044
2.843009999999939,0.050000000000000044
2.844679999999939,0.050000000000000044
2.846349999999939,0.050000000000000044
2.8480199999999387,0.04999999999999993
2.8496899999999385,0.050000000000000044
2.8513599999999384,0.050000000000000044
2.8530299999999382,0.050000000000000044
2.854699999999938,0.050000000000000044
2.856369999999938,0.04999999999999993
2.8580399999999377,0.050000000000000044
2.8597099999999376,0.050000000000000044
2.8613799999999374,0.050000000000000044
2.8630499999999373,0.050000000000000044
2.864719999999937,0.04999999999999993
2.866389999999937,0.050000000000000044
2.8680599999999368,0.050000000000000044
2.8697299999999366,0.050000000000000044
2.8713999999999364,0.050000000000000044
2.8730699999999363,0.04999999999999993
2.874739999999936,0.050000000000000044
2.876409999999936,0.050000000000000044
2.878079999999936,0.050000000000000044
2.8797499999999356,0.050000000000000044
2.8814199999999355,0.04999999999999993
2.8830899999999353,0.050000000000000044
2.884759999999935,0.050000000000000044
2.886429999999935,0.050000000000000044
2.888099999999935,0.050000000000000044
2.8897699999999347,0.04999999999999993
2.8914399999999345,0.050000000000000044
2.8931099999999343,0.050000000000000044
2.894779999999934,0.050000000000000044
2.896449999999934,0.050000000000000044
2.898119999999934,0.04999999999999993
2.8997899999999337,0.050000000000000044
2.9014599999999335,0.050000000000000044
2.9031299999999334,0.050000000000000044
2.904799999999933,0.050000000000000044
2.906469999999933,0.050000000000000044
2.908139999999933,0.050000000000000044
2.9098099999999327,0.050000000000000044
2.9114799999999326,0.050000000000000044
2.9131499999999324,0.050000000000000044
2.9148199999999322,0.050000000000000044
2.916489999999932,0.050000000000000044
2.918159999999932,0.050000000000000044
2.9198299999999318,0.050000000000000044
2.9214999999999316,0.050000000000000044
2.9231699999999314,0.050000000000000044
2.9248399999999313,0.050000000000000044
2.926509999999931,0.050000000000000044
2.928179999999931,0.050000000000000044
2.929849999999931,0.050000000000000044
2.9315199999999306,0.050000000000000044
2.9331899999999305,0.050000000000000044
2.9348599999999303,0.050000000000000044
2.93652999999993,0.050000000000000044
2.93819999999993,0.050000000000000044
2.93986999999993,0.050000000000000044
2.9415399999999297,0.050000000000000044
2.9432099999999295,0.050000000000000044
2.9448799999999293,0.050000000000000044
2.946549999999929,0.050000000000000044
2.948219999999929,0.050000000000000044
2.949889999999929,0.050000000000000044
2.9515599999999287,0.050000000000000044
2.9532299999999285,0.050000000000000044
2.9548999999999284,0.050000000000000044
2.956569999999928,0.050000000000000044
2.958239999999928,0.050000000000000044
2.959909999999928,0.050000000000000044
2.9615799999999277,0.050000000000000044
2.9632499999999276,0.050000000000000044
2.9649199999999274,0.050000000000000044
2.9665899999999272,0.050000000000000044
2.968259999999927,0.050000000000000044
2.969929999999927,0.050000000000000044
2.9715999999999267,0.050000000000000044
2.9732699999999266,0.050000000000000044
2.9749399999999264,0.050000000000000044
2.9766099999999263,0.050000000000000044
2.978279999999926,0.050000000000000044
2.979949999999926,0.050000000000000044
2.9816199999999258,0.050000000000000044
2.9832899999999256,0.050000000000000044
2.9849599999999255,0.050000000000000044
2.9866299999999253,0.050000000000000044
2.988299999999925,0.050000000000000044
2.989969999999925,0.050000000000000044
2.991639999999925,0.050000000000000044
2.9933099999999246,0.050000000000000044
2.9949799999999245,0.050000000000000044
2.9966499999999243,0.050000000000000044
2.998319999999924,0.050000000000000044
2.999989999999924,0.050000000000000044
3.001659999999924,0.050082999999996214
3.0033299999999237,0.05016649999999623
3.0049999999999235,0.05024999999999624
3.0066699999999233,0.050333499999996145
3.008339999999923,0.05041699999999627
3.010009999999923,0.05050049999999617
3.011679999999923,0.05058399999999619
3.0133499999999227,0.0506674999999962
3.0150199999999225,0.050750999999996105
3.0166899999999224,0.05083449999999623
3.018359999999922,0.05091799999999613
3.020029999999922,0.05100149999999615
3.021699999999922,0.05108499999999616
3.0233699999999217,0.051168499999996064
3.0250399999999216,0.05125199999999619
3.0267099999999214,0.05133549999999609
3.0283799999999212,0.05141899999999611
3.030049999999921,0.05150249999999612
3.031719999999921,0.051585999999996024
3.0333899999999208,0.05166949999999615
3.0350599999999206,0.05175299999999605
3.0367299999999204,0.051836499999996066
3.0383999999999203,0.05191999999999608
3.04006999999992,0.052003499999995983
3.04173999999992,0.05208699999999611
3.04340999999992,0.05217049999999601
3.0450799999999196,0.052253999999996026
3.0467499999999195,0.05233749999999604
3.0484199999999193,0.05242099999999594
3.050089999999919,0.05250449999999607
3.051759999999919,0.05258799999999597
3.053429999999919,0.052671499999995985
3.0550999999999187,0.052754999999996
3.0567699999999185,0.0528384999999959
3.0584399999999183,0.05292199999999603
3.060109999999918,0.05300549999999593
3.061779999999918,0.053088999999995945
3.063449999999918,0.05317249999999596
3.0651199999999177,0.05325599999999586
3.0667899999999175,0.05333949999999599
3.0684599999999174,0.05342299999999589
3.070129999999917,0.053506499999995905
3.071799999999917,0.05358999999999592
3.073469999999917,0.05367349999999582
3.0751399999999167,0.05375699999999595
3.0768099999999166,0.05384049999999585
3.0784799999999164,0.053923999999995864
3.0801499999999162,0.05400749999999588
3.081819999999916,0.05409099999999578
3.083489999999916,0.054174499999995906
3.0851599999999157,0.05425799999999581
3.0868299999999156,0.054341499999995824
3.0884999999999154,0.05442499999999584
3.0901699999999153,0.05450849999999574
3.091839999999915,0.054591999999995866
3.093509999999915,0.05467549999999577
3.0951799999999148,0.05475899999999578
3.0968499999999146,0.0548424999999958
3.0985199999999145,0.0549259999999957
3.1001899999999143,0.055009499999995826
3.101859999999914,0.05509299999999573
3.103529999999914,0.05517649999999574
3.105199999999914,0.05525999999999576
3.1068699999999136,0.05534349999999566
3.1085399999999135,0.055426999999995785
3.1102099999999133,0.05551049999999569
3.111879999999913,0.0555939999999957
3.113549999999913,0.055677499999995717
3.115219999999913,0.05576099999999562
3.1168899999999127,0.055844499999995745
3.1185599999999125,0.05592799999999565
3.1202299999999124,0.05601149999999566
3.121899999999912,0.056094999999995676
3.123569999999912,0.05617849999999558
3.125239999999912,0.056261999999995704
3.1269099999999117,0.05634549999999561
3.1285799999999115,0.05642899999999562
3.1302499999999114,0.056512499999995636
3.131919999999911,0.05659599999999554
3.133589999999911,0.056679499999995664
3.135259999999911,0.05676299999999557
3.1369299999999107,0.05684649999999558
3.1385999999999106,0.056929999999995595
3.1402699999999104,0.0570134999999955
3.1419399999999102,0.057096999999995623
3.14360999999991,0.05718049999999553
3.14527999999991,0.05726399999999554
3.1469499999999098,0.057347499999995555
3.1486199999999096,0.05743099999999546
3.1502899999999094,0.05751449999999558
3.1519599999999093,0.057597999999995486
3.153629999999909,0.0576814999999955
3.155299999999909,0.057764999999995514
3.156969999999909,0.05784849999999542
3.1586399999999086,0.05793199999999554
3.1603099999999085,0.058015499999995446
3.1619799999999083,0.05809899999999546
3.163649999999908,0.058182499999995474
3.165319999999908,0.05826599999999538
3.166989999999908,0.0583494999999955
3.1686599999999077,0.058432999999995405
3.1703299999999075,0.05851649999999542
3.1719999999999073,0.058599999999995434
3.173669999999907,0.05868349999999534
3.175339999999907,0.05876699999999535
3.177009999999907,0.058850499999995365
3.1786799999999067,0.05893399999999538
3.1803499999999065,0.05901749999999539
3.1820199999999064,0.059100999999995296
3.183689999999906,0.05918449999999531
3.185359999999906,0.059267999999995324
3.187029999999906,0.05935149999999534
3.1886999999999057,0.05943499999999535
3.1903699999999056,0.059518499999995256
3.1920399999999054,0.05960199999999527
3.1937099999999052,0.059685499999995284
3.195379999999905,0.0597689999999953
3.197049999999905,0.05985249999999531
3.1987199999999048,0.059935999999995215
3.2003899999999046,0.06001949999999523
3.2020599999999044,0.060102999999995244
3.2037299999999043,0.06018649999999526
3.205399999999904,0.06026999999999527
3.207069999999904,0.060353499999995175
3.208739999999904,0.06043699999999519
3.2104099999999036,0.0605204999999952
3.2120799999999035,0.06060399999999522
3.2137499999999033,0.06068749999999523
3.215419999999903,0.060770999999995134
3.217089999999903,0.06085449999999515
3.218759999999903,0.06093799999999516
3.2204299999999026,0.06102149999999518
3.2220999999999025,0.06110499999999519
3.2237699999999023,0.061188499999995094
3.225439999999902,0.06127199999999511
3.227109999999902,0.06135549999999512
3.228779999999902,0.061438999999995136
3.2304499999999017,0.06152249999999515
3.2321199999999015,0.061605999999995054
3.2337899999999014,0.06168949999999507
3.235459999999901,0.06177299999999508
3.237129999999901,0.061856499999995096
3.238799999999901,0.06193999999999511
3.2404699999999007,0.06202349999999501
3.2421399999999005,0.06210699999999503
3.2438099999999004,0.06219049999999504
3.2454799999999002,0.062273999999995056
3.2471499999999,0.06235749999999507
3.2488199999999,0.06244099999999497
3.2504899999998997,0.06252449999999499
3.2521599999998996,0.062607999999995
3.2538299999998994,0.06269149999999502
3.2554999999998993,0.06277499999999503
3.257169999999899,0.06285849999999493
3.258839999999899,0.06294199999999495
3.2605099999998988,0.06302549999999496
3.2621799999998986,0.06310899999999497
3.2638499999998984,0.06319249999999499
3.2655199999998983,0.06327599999999489
3.267189999999898,0.0633594999999949
3.268859999999898,0.06344299999999492
3.270529999999898,0.06352649999999493
3.2721999999998976,0.06360999999999495
3.2738699999998975,0.06369349999999485
3.2755399999998973,0.06377699999999487
3.277209999999897,0.06386049999999488
3.278879999999897,0.0639439999999949
3.280549999999897,0.06402749999999491
3.2822199999998967,0.06411099999999481
3.2838899999998965,0.06419449999999483
3.2855599999998963,0.06427799999999484
3.287229999999896,0.06436149999999485
3.288899999999896,0.06444499999999487
3.290569999999896,0.06452849999999477
3.2922399999998957,0.06461199999999478
3.2939099999998955,0.0646954999999948
3.2955799999998954,0.06477899999999481
3.297249999999895,0.06486249999999483
3.298919999999895,0.06494599999999473
3.300589999999895,0.06502949999999474
3.3022599999998947,0.06511299999999476
3.3039299999998946,0.06519649999999477
3.3055999999998944,0.06527999999999479
3.3072699999998942,0.06536349999999469
3.308939999999894,0.0654469999999947
3.310609999999894,0.06553049999999472
3.3122799999998938,0.06561399999999473
3.3139499999998936,0.06569749999999475
3.3156199999998934,0.06578099999999465
3.3172899999998933,0.06586449999999466
3.318959999999893,0.06594799999999468
3.320629999999893,0.06603149999999469
3.322299999999893,0.0661149999999947
3.3239699999998926,0.06619849999999461
3.3256399999998925,0.06628199999999462
3.3273099999998923,0.06636549999999464
3.328979999999892,0.06644899999999465
3.330649999999892,0.06653249999999467
3.332319999999892,0.06661599999999457
3.3339899999998917,0.06669949999999458
3.3356599999998915,0.0667829999999946
3.3373299999998913,0.06686649999999461
3.338999999999891,0.06694999999999462
3.340669999999891,0.06703349999999453
3.342339999999891,0.06711699999999454
3.3440099999998907,0.06720049999999456
3.3456799999998905,0.06728399999999457
3.3473499999998904,0.06736749999999447
3.34901999999989,0.06745099999999449
3.35068999999989,0.0675344999999945
3.35235999999989,0.06761799999999452
3.3540299999998897,0.06770149999999453
3.3556999999998895,0.06778499999999443
3.3573699999998894,0.06786849999999445
3.3590399999998892,0.06795199999999446
3.360709999999889,0.06803549999999448
3.362379999999889,0.06811899999999449
3.3640499999998887,0.06820249999999439
3.3657199999998886,0.0682859999999944
3.3673899999998884,0.06836949999999442
3.3690599999998883,0.06845299999999443
3.370729999999888,0.06853649999999445
3.372399999999888,0.06861999999999435
3.3740699999998878,0.06870349999999437
3.3757399999998876,0.06878699999999438
3.3774099999998874,0.0688704999999944
3.3790799999998873,0.06895399999999441
3.380749999999887,0.06903749999999431
3.382419999999887,0.06912099999999433
3.384089999999887,0.06920449999999434
3.3857599999998866,0.06928799999999435
3.3874299999998865,0.06937149999999437
3.3890999999998863,0.06945499999999427
3.390769999999886,0.06953849999999429
3.392439999999886,0.0696219999999943
3.394109999999886,0.06970549999999431
3.3957799999998857,0.06978899999999433
3.3974499999998855,0.06987249999999423
3.3991199999998853,0.06995599999999425
3.400789999999885,0.07003949999999426
3.402459999999885,0.07012299999999427
3.404129999999885,0.07020649999999429
3.4057999999998847,0.07028999999999419
3.4074699999998845,0.0703734999999942
3.4091399999998844,0.07045699999999422
3.410809999999884,0.07054049999999423
3.412479999999884,0.07062399999999425
3.414149999999884,0.07070749999999415
3.4158199999998837,0.07079099999999416
3.4174899999998836,0.07087449999999418
3.4191599999998834,0.07095799999999419
3.4208299999998832,0.0710414999999942
3.422499999999883,0.07112499999999411
3.424169999999883,0.07120849999999412
3.4258399999998828,0.07129199999999414
3.4275099999998826,0.07137549999999415
3.4291799999998824,0.07145899999999417
3.4308499999998823,0.07154249999999407
3.432519999999882,0.07162599999999408
3.434189999999882,0.0717094999999941
3.435859999999882,0.07179299999999411
3.4375299999998816,0.07187649999999413
3.4391999999998815,0.07195999999999403
3.4408699999998813,0.07204349999999404
3.442539999999881,0.07212699999999406
3.444209999999881,0.07221049999999407
3.445879999999881,0.07229399999999409
3.4475499999998807,0.07237749999999399
3.4492199999998805,0.072460999999994
3.4508899999998803,0.07254449999999402
3.45255999999988,0.07262799999999403
3.45422999999988,0.07271149999999404
3.45589999999988,0.07279499999999395
3.4575699999998797,0.07287849999999396
3.4592399999998795,0.07296199999999398
3.4609099999998794,0.07304549999999399
3.462579999999879,0.073128999999994
3.464249999999879,0.07321249999999391
3.465919999999879,0.07329599999999392
3.4675899999998787,0.07337949999999394
3.4692599999998786,0.07346299999999395
3.4709299999998784,0.07354649999999396
3.4725999999998782,0.07362999999999387
3.474269999999878,0.07371349999999388
3.475939999999878,0.0737969999999939
3.4776099999998777,0.07388049999999391
3.4792799999998776,0.07396399999999392
3.4809499999998774,0.07404749999999383
3.4826199999998773,0.07413099999999384
3.484289999999877,0.07421449999999385
3.485959999999877,0.07429799999999387
3.4876299999998768,0.07438149999999388
3.4892999999998766,0.07446499999999379
3.4909699999998764,0.0745484999999938
3.4926399999998763,0.07463199999999381
3.494309999999876,0.07471549999999383
3.495979999999876,0.07479899999999384
3.497649999999876,0.07488249999999375
3.4993199999998756,0.07496599999999376
3.5009899999998755,0.07504949999999377
3.5026599999998753,0.07513299999999379
3.504329999999875,0.0752164999999938
3.505999999999875,0.0752999999999937
3.507669999999875,0.07538349999999372
3.5093399999998747,0.07546699999999373
3.5110099999998745,0.07555049999999375
3.5126799999998743,0.07563399999999376
3.514349999999874,0.07571749999999366
3.516019999999874,0.07580099999999368
3.517689999999874,0.0758844999999937
3.5193599999998737,0.07596799999999371
3.5210299999998735,0.07605149999999372
3.5226999999998734,0.07613499999999362
3.524369999999873,0.07621849999999364
3.526039999999873,0.07630199999999365
3.527709999999873,0.07638549999999367
3.5293799999998727,0.07646899999999368
3.5310499999998726,0.07655249999999358
3.5327199999998724,0.0766359999999936
3.5343899999998722,0.07671949999999361
3.536059999999872,0.07680299999999363
3.537729999999872,0.07688649999999364
3.5393999999998718,0.07696999999999354
3.5410699999998716,0.07705349999999356
3.5427399999998714,0.07713699999999357
3.5444099999998713,0.07722049999999359
3.546079999999871,0.0773039999999936
3.547749999999871,0.0773874999999935
3.549419999999871,0.07747099999999352
3.5510899999998706,0.07755449999999353
3.5527599999998705,0.07763799999999355
3.5544299999998703,0.07772149999999356
3.55609999999987,0.07780499999999346
3.55776999999987,0.07788849999999348
3.55943999999987,0.07797199999999349
3.5611099999998697,0.0780554999999935
3.5627799999998695,0.07813899999999352
3.5644499999998693,0.07822249999999342
3.566119999999869,0.07830599999999344
3.567789999999869,0.07838949999999345
3.569459999999869,0.07847299999999346
3.5711299999998687,0.07855649999999348
3.5727999999998685,0.07863999999999338
3.5744699999998684,0.0787234999999934
3.576139999999868,0.07880699999999341
3.577809999999868,0.07889049999999342
3.579479999999868,0.07897399999999344
3.5811499999998677,0.07905749999999334
3.5828199999998676,0.07914099999999336
3.5844899999998674,0.07922449999999337
3.5861599999998672,0.07930799999999338
3.587829999999867,0.0793914999999934
3.589499999999867,0.0794749999999933
3.5911699999998667,0.07955849999999332
3.5928399999998666,0.07964199999999333
3.5945099999998664,0.07972549999999334
3.5961799999998663,0.07980899999999336
3.597849999999866,0.07989249999999326
3.599519999999866,0.07997599999999327
3.6011899999998658,0.08005949999999329
3.6028599999998656,0.0801429999999933
3.6045299999998655,0.08022649999999332
3.6061999999998653,0.08030999999999322
3.607869999999865,0.08039349999999323
3.609539999999865,0.08047699999999325
3.611209999999865,0.08056049999999326
3.6128799999998646,0.08064399999999328
3.6145499999998645,0.08072749999999318
3.6162199999998643,0.0808109999999932
3.617889999999864,0.08089449999999321
3.619559999999864,0.08097799999999322
3.621229999999864,0.08106149999999324
3.6228999999998637,0.08114499999999314
3.6245699999998635,0.08122849999999315
3.6262399999998634,0.08131199999999317
3.627909999999863,0.08139549999999318
3.629579999999863,0.0814789999999932
3.631249999999863,0.0815624999999931
3.6329199999998627,0.08164599999999311
3.6345899999998625,0.08172949999999313
3.6362599999998624,0.08181299999999314
3.637929999999862,0.08189649999999316
3.639599999999862,0.08197999999999306
3.641269999999862,0.08206349999999307
3.6429399999998617,0.08214699999999309
3.6446099999998616,0.0822304999999931
3.6462799999998614,0.08231399999999311
3.6479499999998612,0.08239749999999302
3.649619999999861,0.08248099999999303
3.651289999999861,0.08256449999999305
3.6529599999998608,0.08264799999999306
3.6546299999998606,0.08273149999999307
3.6562999999998604,0.08281499999999298
3.6579699999998603,0.08289849999999299
3.65963999999986,0.082981999999993
3.66130999999986,0.08306549999999302
3.66297999999986,0.08314899999999303
3.6646499999998596,0.08323249999999294
3.6663199999998595,0.08331599999999295
3.6679899999998593,0.08339949999999297
3.669659999999859,0.08348299999999298
3.671329999999859,0.083566499999993
3.672999999999859,0.0836499999999929
3.6746699999998587,0.08373349999999291
3.6763399999998585,0.08381699999999292
3.6780099999998583,0.08390049999999294
3.679679999999858,0.08398399999999295
3.681349999999858,0.08406749999999286
3.683019999999858,0.08415099999999287
3.6846899999998577,0.08423449999999288
3.6863599999998575,0.0843179999999929
3.6880299999998574,0.08440149999999291
3.689699999999857,0.08448499999999282
3.691369999999857,0.08456849999999283
3.693039999999857,0.08465199999999284
3.6947099999998567,0.08473549999999286
3.6963799999998566,0.08481899999999287
3.6980499999998564,0.08490249999999278
3.6997199999998562,0.08498599999999279
3.701389999999856,0.0850694999999928
3.703059999999856,0.08515299999999282
3.7047299999998557,0.08523649999999283
3.7063999999998556,0.08531999999999273
3.7080699999998554,0.08540349999999275
3.7097399999998553,0.08548699999999276
3.711409999999855,0.08557049999999278
3.713079999999855,0.08565399999999279
3.714749999999855,0.0857374999999927
3.7164199999998546,0.08582099999999271
3.7180899999998545,0.08590449999999272
3.7197599999998543,0.08598799999999274
3.721429999999854,0.08607149999999275
3.723099999999854,0.08615499999999265
3.724769999999854,0.08623849999999267
3.7264399999998536,0.08632199999999268
3.7281099999998535,0.0864054999999927
3.7297799999998533,0.08648899999999271
3.731449999999853,0.08657249999999261
3.733119999999853,0.08665599999999263
3.734789999999853,0.08673949999999264
3.7364599999998527,0.08682299999999266
3.7381299999998525,0.08690649999999267
3.7397999999998524,0.08698999999999257
3.741469999999852,0.08707349999999259
3.743139999999852,0.0871569999999926
3.744809999999852,0.08724049999999262
3.7464799999998517,0.08732399999999263
3.7481499999998515,0.08740749999999253
3.7498199999998514,0.08749099999999255
3.751489999999851,0.08757449999999256
3.753159999999851,0.08765799999999258
3.754829999999851,0.08774149999999259
3.7564999999998507,0.08782499999999249
3.7581699999998506,0.0879084999999925
3.7598399999998504,0.08799199999999252
3.7615099999998503,0.08807549999999253
3.76317999999985,0.08815899999999255
3.76484999999985,0.08824249999999245
3.7665199999998498,0.08832599999999247
3.7681899999998496,0.08840949999999248
3.7698599999998494,0.0884929999999925
3.7715299999998493,0.08857649999999251
3.773199999999849,0.08865999999999241
3.774869999999849,0.08874349999999243
3.776539999999849,0.08882699999999244
3.7782099999998486,0.08891049999999245
3.7798799999998485,0.08899399999999247
3.7815499999998483,0.08907749999999237
3.783219999999848,0.08916099999999239
3.784889999999848,0.0892444999999924
3.786559999999848,0.08932799999999241
3.7882299999998477,0.08941149999999243
3.7898999999998475,0.08949499999999233
3.7915699999998473,0.08957849999999234
3.793239999999847,0.08966199999999236
3.794909999999847,0.08974549999999237
3.796579999999847,0.08982899999999239
3.7982499999998467,0.08991249999999229
3.7999199999998465,0.0899959999999923
3.8015899999998464,0.09007949999999232
3.803259999999846,0.09016299999999233
3.804929999999846,0.09024649999999235
3.806599999999846,0.09032999999999225
3.8082699999998457,0.09041349999999226
3.8099399999998456,0.09049699999999228
3.8116099999998454,0.09058049999999229
3.8132799999998452,0.0906639999999923
3.814949999999845,0.09074749999999221
3.816619999999845,0.09083099999999222
3.8182899999998448,0.09091449999999224
3.8199599999998446,0.09099799999999225
3.8216299999998444,0.09108149999999227
3.8232999999998443,0.09116499999999217
3.824969999999844,0.09124849999999218
3.826639999999844,0.0913319999999922
3.828309999999844,0.09141549999999221
3.8299799999998436,0.09149899999999223
3.8316499999998435,0.09158249999999213
3.8333199999998433,0.09166599999999214
3.834989999999843,0.09174949999999216
3.836659999999843,0.09183299999999217
3.838329999999843,0.09191649999999219
3.8399999999998427,0.09199999999999209
3.8416699999998425,0.0920834999999921
3.8433399999998423,0.09216699999999212
3.845009999999842,0.09225049999999213
3.846679999999842,0.09233399999999214
3.848349999999842,0.09241749999999205
3.8500199999998417,0.09250099999999206
3.8516899999998415,0.09258449999999208
3.8533599999998414,0.09266799999999209
3.855029999999841,0.0927514999999921
3.856699999999841,0.09283499999999201
3.858369999999841,0.09291849999999202
3.8600399999998407,0.09300199999999204
3.8617099999998405,0.09308549999999205
3.8633799999998404,0.09316899999999206
3.8650499999998402,0.09325249999999197
3.86671999999984,0.09333599999999198
3.86838999999984,0.093419499999992
3.8700599999998397,0.09350299999999201
3.8717299999998396,0.09358649999999202
3.8733999999998394,0.09366999999999193
3.8750699999998393,0.09375349999999194
3.876739999999839,0.09383699999999195
3.878409999999839,0.09392049999999197
3.8800799999998388,0.09400399999999198
3.8817499999998386,0.09408749999999189
3.8834199999998384,0.0941709999999919
3.8850899999998383,0.09425449999999191
3.886759999999838,0.09433799999999193
3.888429999999838,0.09442149999999194
3.890099999999838,0.09450499999999185
3.8917699999998376,0.09458849999999186
3.8934399999998375,0.09467199999999187
3.8951099999998373,0.09475549999999189
3.896779999999837,0.0948389999999919
3.898449999999837,0.0949224999999918
3.900119999999837,0.09500599999999182
3.9017899999998367,0.09508949999999183
3.9034599999998365,0.09517299999999185
3.9051299999998363,0.09525649999999186
3.906799999999836,0.09533999999999176
3.908469999999836,0.09542349999999178
3.910139999999836,0.09550699999999179
3.9118099999998357,0.0955904999999917
3.9134799999998355,0.09567399999999182
3.9151499999998354,0.09575749999999172
3.916819999999835,0.09584099999999174
3.918489999999835,0.09592449999999175
3.920159999999835,0.09600799999999166
3.9218299999998347,0.09609149999999178
3.9234999999998346,0.09617499999999168
3.9251699999998344,0.0962584999999917
3.9268399999998342,0.09634199999999171
3.928509999999834,0.09642549999999162
3.930179999999834,0.09650899999999174
3.9318499999998338,0.09659249999999164
3.9335199999998336,0.09667599999999166
3.9351899999998334,0.09675949999999167
3.9368599999998333,0.09684299999999157
3.938529999999833,0.0969264999999917
3.940199999999833,0.0970099999999916
3.941869999999833,0.09709349999999162
3.9435399999998326,0.09717699999999163
3.9452099999998325,0.09726049999999153
3.9468799999998323,0.09734399999999166
3.948549999999832,0.09742749999999156
3.950219999999832,0.09751099999999158
3.951889999999832,0.09759449999999159
3.9535599999998317,0.0976779999999915
3.9552299999998315,0.09776149999999162
3.9568999999998313,0.09784499999999152
3.958569999999831,0.09792849999999154
3.960239999999831,0.09801199999999155
3.961909999999831,0.09809549999999145
3.9635799999998307,0.09817899999999158
3.9652499999998305,0.09826249999999148
3.9669199999998304,0.0983459999999915
3.96858999999983,0.09842949999999151
3.97025999999983,0.09851299999999141
3.97192999999983,0.09859649999999154
3.9735999999998297,0.09867999999999144
3.9752699999998296,0.09876349999999146
3.9769399999998294,0.09884699999999147
3.9786099999998292,0.09893049999999137
3.980279999999829,0.0990139999999915
3.981949999999829,0.0990974999999914
3.9836199999998287,0.09918099999999141
3.9852899999998286,0.09926449999999143
3.9869599999998284,0.09934799999999133
3.9886299999998283,0.09943149999999146
3.990299999999828,0.09951499999999136
3.991969999999828,0.09959849999999137
3.9936399999998278,0.09968199999999139
3.9953099999998276,0.09976549999999129
3.9969799999998274,0.09984899999999142
3.9986499999998273,0.09993249999999132
4.000319999999827,0.09999999999999998
4.001989999999827,0.09999999999999998
4.003659999999827,0.09999999999999998
4.005329999999827,0.09999999999999998
4.0069999999998265,0.09999999999999998
4.008669999999826,0.09999999999999998
4.010339999999826,0.09999999999999998
4.012009999999826,0.09999999999999998
4.013679999999826,0.09999999999999998
4.015349999999826,0.09999999999999998
4.0170199999998255,0.09999999999999998
4.018689999999825,0.09999999999999998
4.020359999999825,0.09999999999999998
4.022029999999825,0.09999999999999998
4.023699999999825,0.09999999999999998
4.025369999999825,0.09999999999999998
4.0270399999998245,0.09999999999999998
4.028709999999824,0.09999999999999998
4.030379999999824,0.09999999999999998
4.032049999999824,0.09999999999999998
4.033719999999824,0.09999999999999998
4.035389999999824,0.09999999999999998
4.037059999999824,0.09999999999999998
4.038729999999823,0.09999999999999998
4.040399999999823,0.09999999999999998
4.042069999999823,0.09999999999999998
4.043739999999823,0.09999999999999998
4.045409999999823,0.09999999999999998
4.047079999999823,0.09999999999999998
4.048749999999822,0.09999999999999998
4.050419999999822,0.09999999999999998
4.052089999999822,0.09999999999999998
4.053759999999822,0.09999999999999998
4.055429999999822,0.09999999999999998
4.057099999999822,0.09999999999999998
4.0587699999998215,0.09999999999999998
4.060439999999821,0.09999999999999998
4.062109999999821,0.09999999999999998
4.063779999999821,0.09999999999999998
4.065449999999821,0.09999999999999998
4.067119999999821,0.09999999999999998
4.0687899999998205,0.09999999999999998
4.07045999999982,0.09999999999999998
4.07212999999982,0.09999999999999998
4.07379999999982,0.09999999999999998
4.07546999999982,0.09999999999999998
4.07713999999982,0.09999999999999998
4.0788099999998195,0.09999999999999998
4.080479999999819,0.09999999999999998
4.082149999999819,0.09999999999999998
4.083819999999819,0.09999999999999998
4.085489999999819,0.09999999999999998
4.087159999999819,0.09999999999999998
4.0888299999998186,0.09999999999999998
4.090499999999818,0.09999999999999998
4.092169999999818,0.09999999999999998
4.093839999999818,0.09999999999999998
4.095509999999818,0.09999999999999998
4.097179999999818,0.09999999999999998
4.098849999999818,0.09999999999999998
4.100519999999817,0.09999999999999998
4.102189999999817,0.09999999999999998
4.103859999999817,0.09999999999999998
4.105529999999817,0.09999999999999998
4.107199999999817,0.09999999999999998
4.108869999999817,0.09999999999999998
4.1105399999998165,0.09999999999999998
4.112209999999816,0.09999999999999998
4.113879999999816,0.09999999999999998
4.115549999999816,0.09999999999999998
4.117219999999816,0.09999999999999998
4.118889999999816,0.09999999999999998
4.1205599999998155,0.09999999999999998
4.122229999999815,0.09999999999999998
4.123899999999815,0.09999999999999998
4.125569999999815,0.09999999999999998
4.127239999999815,0.09999999999999998
4.128909999999815,0.09999999999999998
4.1305799999998145,0.09999999999999998
4.132249999999814,0.09999999999999998
4.133919999999814,0.09999999999999998
4.135589999999814,0.09999999999999998
4.137259999999814,0.09999999999999998
4.138929999999814,0.09999999999999998
4.1405999999998135,0.09999999999999998
4.142269999999813,0.09999999999999998
4.143939999999813,0.09999999999999998
4.145609999999813,0.09999999999999998
4.147279999999813,0.09999999999999998
4.148949999999813,0.09999999999999998
4.150619999999813,0.09999999999999998
4.152289999999812,0.09999999999999998
4.153959999999812,0.09999999999999998
4.155629999999812,0.09999999999999998
4.157299999999812,0.09999999999999998
4.158969999999812,0.09999999999999998
4.160639999999812,0.09999999999999998
4.162309999999811,0.09999999999999998
4.163979999999811,0.09999999999999998
4.165649999999811,0.09999999999999998
4.167319999999811,0.09999999999999998
4.168989999999811,0.09999999999999998
4.170659999999811,0.09999999999999998
4.1723299999998105,0.09999999999999998
4.17399999999981,0.09999999999999998
4.17566999999981,0.09999999999999998
4.17733999999981,0.09999999999999998
4.17900999999981,0.09999999999999998
4.18067999999981,0.09999999999999998
4.1823499999998095,0.09999999999999998
4.184019999999809,0.09999999999999998
4.185689999999809,0.09999999999999998
4.187359999999809,0.09999999999999998
4.189029999999809,0.09999999999999998
4.190699999999809,0.09999999999999998
4.1923699999998085,0.09999999999999998
4.194039999999808,0.09999999999999998
4.195709999999808,0.09999999999999998
4.197379999999808,0.09999999999999998
4.199049999999808,0.09999999999999998
4.200719999999808,0.09999999999999998
4.202389999999808,0.09999999999999998
4.204059999999807,0.09999999999999998
4.205729999999807,0.09999999999999998
4.207399999999807,0.09999999999999998
4.209069999999807,0.09999999999999998
4.210739999999807,0.09999999999999998
4.212409999999807,0.09999999999999998
4.214079999999806,0.09999999999999998
4.215749999999806,0.09999999999999998
4.217419999999806,0.09999999999999998
4.219089999999806,0.09999999999999998
4.220759999999806,0.09999999999999998
4.222429999999806,0.09999999999999998
4.2240999999998055,0.09999999999999998
4.225769999999805,0.09999999999999998
4.227439999999805,0.09999999999999998
4.229109999999805,0.09999999999999998
4.230779999999805,0.09999999999999998
4.232449999999805,0.09999999999999998
4.2341199999998045,0.09999999999999998
4.235789999999804,0.09999999999999998
4.237459999999804,0.09999999999999998
4.239129999999804,0.09999999999999998
4.240799999999804,0.09999999999999998
4.242469999999804,0.09999999999999998
4.2441399999998035,0.09999999999999998
4.245809999999803,0.09999999999999998
4.247479999999803,0.09999999999999998
4.249149999999803,0.09999999999999998
4.250819999999803,0.09999999999999998
4.252489999999803,0.09999999999999998
4.2541599999998025,0.09999999999999998
4.255829999999802,0.09999999999999998
4.257499999999802,0.09999999999999998
4.259169999999802,0.09999999999999998
4.260839999999802,0.09999999999999998
4.262509999999802,0.09999999999999998
4.264179999999802,0.09999999999999998
4.265849999999801,0.09999999999999998
4.267519999999801,0.09999999999999998
4.269189999999801,0.09999999999999998
4.270859999999801,0.09999999999999998
4.272529999999801,0.09999999999999998
4.274199999999801,0.09999999999999998
4.2758699999998,0.09999999999999998
4.2775399999998,0.09999999999999998
4.2792099999998,0.09999999999999998
4.2808799999998,0.09999999999999998
4.2825499999998,0.09999999999999998
4.2842199999998,0.09999999999999998
4.2858899999997995,0.09999999999999998
4.287559999999799,0.09999999999999998
4.289229999999799,0.09999999999999998
4.290899999999799,0.09999999999999998
4.292569999999799,0.09999999999999998
4.294239999999799,0.09999999999999998
4.2959099999997985,0.09999999999999998
4.297579999999798,0.09999999999999998
4.299249999999798,0.09999999999999998
4.300919999999798,0.09999999999999998
4.302589999999798,0.09999999999999998
4.304259999999798,0.09999999999999998
4.3059299999997975,0.09999999999999998
4.307599999999797,0.09999999999999998
4.309269999999797,0.09999999999999998
4.310939999999797,0.09999999999999998
4.312609999999797,0.09999999999999998
4.314279999999797,0.09999999999999998
4.315949999999797,0.09999999999999998
4.317619999999796,0.09999999999999998
4.319289999999796,0.09999999999999998
4.320959999999796,0.09999999999999998
4.322629999999796,0.09999999999999998
4.324299999999796,0.09999999999999998
4.325969999999796,0.09999999999999998
4.327639999999795,0.09999999999999998
4.329309999999795,0.09999999999999998
4.330979999999795,0.09999999999999998
4.332649999999795,0.09999999999999998
4.334319999999795,0.09999999999999998
4.335989999999795,0.09999999999999998
4.3376599999997945,0.09999999999999998
4.339329999999794,0.09999999999999998
4.340999999999794,0.09999999999999998
4.342669999999794,0.09999999999999998
4.344339999999794,0.10000000000000009
4.346009999999794,0.09999999999999998
4.3476799999997935,0.09999999999999998
4.349349999999793,0.09999999999999998
4.351019999999793,0.09999999999999998
4.352689999999793,0.10000000000000009
4.354359999999793,0.09999999999999998
4.356029999999793,0.09999999999999998
4.3576999999997925,0.09999999999999998
4.359369999999792,0.09999999999999998
4.361039999999792,0.10000000000000009
4.362709999999792,0.09999999999999998
4.364379999999792,0.09999999999999998
4.366049999999792,0.09999999999999998
4.3677199999997915,0.09999999999999998
4.369389999999791,0.10000000000000009
4.371059999999791,0.09999999999999998
4.372729999999791,0.09999999999999998
4.374399999999791,0.09999999999999998
4.376069999999791,0.09999999999999998
4.377739999999791,0.10000000000000009
4.37940999999979,0.09999999999999998
4.38107999999979,0.09999999999999998
4.38274999999979,0.09999999999999998
4.38441999999979,0.09999999999999998
4.38608999999979,0.10000000000000009
4.38775999999979,0.09999999999999998
4.3894299999997894,0.09999999999999998
4.391099999999789,0.09999999999999998
4.392769999999789,0.09999999999999998
4.394439999999789,0.10000000000000009
4.396109999999789,0.09999999999999998
4.397779999999789,0.09999999999999998
4.3994499999997885,0.09999999999999998
4.401119999999788,0.09999999999999998
4.402789999999788,0.10000000000000009
4.404459999999788,0.09999999999999998
4.406129999999788,0.09999999999999998
4.407799999999788,0.09999999999999998
4.4094699999997875,0.09999999999999998
4.411139999999787,0.10000000000000009
4.412809999999787,0.09999999999999998
4.414479999999787,0.09999999999999998
4.416149999999787,0.09999999999999998
4.417819999999787,0.09999999999999998
4.4194899999997865,0.10000000000000009
4.421159999999786,0.09999999999999998
4.422829999999786,0.09999999999999998
4.424499999999786,0.09999999999999998
4.426169999999786,0.09999999999999998
4.427839999999786,0.10000000000000009
4.429509999999786,0.09999999999999998
4.431179999999785,0.09999999999999998
4.432849999999785,0.09999999999999998
4.434519999999785,0.09999999999999998
4.436189999999785,0.10000000000000009
4.437859999999785,0.09999999999999998
4.439529999999785,0.09999999999999998
4.441199999999784,0.09999999999999998
4.442869999999784,0.09999999999999998
4.444539999999784,0.10000000000000009
4.446209999999784,0.09999999999999998
4.447879999999784,0.09999999999999998
4.449549999999784,0.09999999999999998
4.4512199999997835,0.09999999999999998
4.452889999999783,0.10000000000000009
4.454559999999783,0.09999999999999998
4.456229999999783,0.09999999999999998
4.457899999999783,0.09999999999999998
4.459569999999783,0.09999999999999998
4.4612399999997825,0.10000000000000009
4.462909999999782,0.09999999999999998
4.464579999999782,0.09999999999999998
4.466249999999782,0.09999999999999998
4.467919999999782,0.09999999999999998
4.469589999999782,0.10000000000000009
4.4712599999997815,0.09999999999999998
4.472929999999781,0.09999999999999998
4.474599999999781,0.09999999999999998
4.476269999999781,0.09999999999999998
4.477939999999781,0.10000000000000009
4.479609999999781,0.09999999999999998
4.4812799999997806,0.09999999999999998
4.48294999999978,0.09999999999999998
4.48461999999978,0.09999999999999998
4.48628999999978,0.10000000000000009
4.48795999999978,0.09999999999999998
4.48962999999978,0.09999999999999998
4.49129999999978,0.09999999999999998
4.492969999999779,0.09999999999999998
4.494639999999779,0.10000000000000009
4.496309999999779,0.09999999999999998
4.497979999999779,0.09999999999999998
4.499649999999779,0.09999999999999998
4.501319999999779,0.09999999999999998
4.5029899999997784,0.10000000000000009
4.504659999999778,0.09999999999999998
4.506329999999778,0.09999999999999998
4.507999999999778,0.09999999999999998
4.509669999999778,0.09999999999999998
4.511339999999778,0.10000000000000009
4.5130099999997775,0.09999999999999998
4.514679999999777,0.09999999999999998
4.516349999999777,0.09999999999999998
4.518019999999777,0.09999999999999998
4.519689999999777,0.10000000000000009
4.521359999999777,0.09999999999999998
4.5230299999997765,0.09999999999999998
4.524699999999776,0.09999999999999998
4.526369999999776,0.09999999999999998
4.528039999999776,0.10000000000000009
4.529709999999776,0.09999999999999998
4.531379999999776,0.09999999999999998
4.5330499999997755,0.09999999999999998
4.534719999999775,0.09999999999999998
4.536389999999775,0.10000000000000009
4.538059999999775,0.09999999999999998
4.539729999999775,0.09999999999999998
4.541399999999775,0.09999999999999998
4.543069999999775,0.09999999999999998
4.544739999999774,0.10000000000000009
4.546409999999774,0.09999999999999998
4.548079999999774,0.09999999999999998
4.549749999999774,0.09999999999999998
4.551419999999774,0.09999999999999998
4.553089999999774,0.10000000000000009
4.554759999999773,0.09999999999999998
4.556429999999773,0.09999999999999998
4.558099999999773,0.09999999999999998
4.559769999999773,0.09999999999999998
4.561439999999773,0.10000000000000009
4.563109999999773,0.09999999999999998
4.5647799999997725,0.09999999999999998
4.566449999999772,0.09999999999999998
4.568119999999772,0.09999999999999998
4.569789999999772,0.10000000000000009
4.571459999999772,0.09999999999999998
4.573129999999772,0.09999999999999998
4.5747999999997715,0.09999999999999998
4.576469999999771,0.09999999999999998
4.578139999999771,0.10000000000000009
4.579809999999771,0.09999999999999998
4.581479999999771,0.09999999999999998
4.583149999999771,0.09999999999999998
4.5848199999997705,0.09999999999999998
4.58648999999977,0.10000000000000009
4.58815999999977,0.09999999999999998
4.58982999999977,0.09999999999999998
4.59149999999977,0.09999999999999998
4.59316999999977,0.09999999999999998
4.5948399999997696,0.10000000000000009
4.596509999999769,0.09999999999999998
4.598179999999769,0.09999999999999998
4.599849999999769,0.09999999999999998
4.601519999999769,0.09999999999999998
4.603189999999769,0.10000000000000009
4.604859999999769,0.09999999999999998
4.606529999999768,0.09999999999999998
4.608199999999768,0.09999999999999998
4.609869999999768,0.09999999999999998
4.611539999999768,0.10000000000000009
4.613209999999768,0.09999999999999998
4.614879999999768,0.09999999999999998
4.6165499999997675,0.09999999999999998
4.618219999999767,0.09999999999999998
4.619889999999767,0.10000000000000009
4.621559999999767,0.09999999999999998
4.623229999999767,0.09999999999999998
4.624899999999767,0.09999999999999998
4.6265699999997665,0.09999999999999998
4.628239999999766,0.10000000000000009
4.629909999999766,0.09999999999999998
4.631579999999766,0.09999999999999998
4.633249999999766,0.09999999999999998
4.634919999999766,0.09999999999999998
4.6365899999997655,0.10000000000000009
4.638259999999765,0.09999999999999998
4.639929999999765,0.09999999999999998
4.641599999999765,0.09999999999999998
4.643269999999765,0.09999999999999998
4.644939999999765,0.10000000000000009
4.6466099999997645,0.09999999999999998
4.648279999999764,0.09999999999999998
4.649949999999764,0.09999999999999998
4.651619999999764,0.09999999999999998
4.653289999999764,0.10000000000000009
4.654959999999764,0.09999999999999998
4.656629999999764,0.09999999999999998
4.658299999999763,0.09999999999999998
4.659969999999763,0.09999999999999998
4.661639999999763,0.10000000000000009
4.663309999999763,0.09999999999999998
4.664979999999763,0.09999999999999998
4.666649999999763,0.09999999999999998
4.668319999999762,0.09999999999999998
4.669989999999762,0.10000000000000009
4.671659999999762,0.09999999999999998
4.673329999999762,0.09999999999999998
4.674999999999762,0.09999999999999998
4.676669999999762,0.09999999999999998
4.6783399999997615,0.10000000000000009
4.680009999999761,0.09999999999999998
4.681679999999761,0.09999999999999998
4.683349999999761,0.09999999999999998
4.685019999999761,0.09999999999999998
4.686689999999761,0.10000000000000009
4.6883599999997605,0.09999999999999998
4.69002999999976,0.09999999999999998
4.69169999999976,0.09999999999999998
4.69336999999976,0.09999999999999998
4.69503999999976,0.10000000000000009
4.69670999999976,0.09999999999999998
4.6983799999997595,0.09999999999999998
4.700049999999759,0.09999999999999998
4.701719999999759,0.09999999999999998
4.703389999999759,0.10000000000000009
4.705059999999759,0.09999999999999998
4.706729999999759,0.09999999999999998
4.708399999999759,0.09999999999999998
4.710069999999758,0.09999999999999998
4.711739999999758,0.10000000000000009
4.713409999999758,0.09999999999999998
4.715079999999758,0.09999999999999998
4.716749999999758,0.09999999999999998
4.718419999999758,0.09999999999999998
4.720089999999757,0.10000000000000009
4.721759999999757,0.09999999999999998
4.723429999999757,0.09999999999999998
4.725099999999757,0.09999999999999998
4.726769999999757,0.09999999999999998
4.728439999999757,0.10000000000000009
4.7301099999997565,0.09999999999999998
4.731779999999756,0.09999999999999998
4.733449999999756,0.09999999999999998
4.735119999999756,0.09999999999999998
4.736789999999756,0.10000000000000009
4.738459999999756,0.09999999999999998
4.7401299999997555,0.09999999999999998
4.741799999999755,0.09999999999999998
4.743469999999755,0.09999999999999998
4.745139999999755,0.10000000000000009
4.746809999999755,0.09999999999999998
4.748479999999755,0.09999999999999998
4.7501499999997545,0.09999999999999998
4.751819999999754,0.09999999999999998
4.753489999999754,0.10000000000000009
4.755159999999754,0.09999999999999998
4.756829999999754,0.09999999999999998
4.758499999999754,0.09999999999999998
4.7601699999997535,0.09999999999999998
4.761839999999753,0.10000000000000009
4.763509999999753,0.09999999999999998
4.765179999999753,0.09999999999999998
4.766849999999753,0.09999999999999998
4.768519999999753,0.09999999999999998
4.770189999999753,0.10000000000000009
4.771859999999752,0.09999999999999998
4.773529999999752,0.09999999999999998
4.775199999999752,0.09999999999999998
4.776869999999752,0.09999999999999998
4.778539999999752,0.10000000000000009
4.780209999999752,0.09999999999999998
4.781879999999751,0.09999999999999998
4.783549999999751,0.09999999999999998
4.785219999999751,0.09999999999999998
4.786889999999751,0.10000000000000009
4.788559999999751,0.09999999999999998
4.790229999999751,0.09999999999999998
4.7918999999997505,0.09999999999999998
4.79356999999975,0.09999999999999998
4.79523999999975,0.10000000000000009
4.79690999999975,0.09999999999999998
4.79857999999975,0.09999999999999998
4.80024999999975,0.09999999999999998
4.8019199999997495,0.09999999999999998
4.803589999999749,0.10000000000000009
4.805259999999749,0.09999999999999998
4.806929999999749,0.09999999999999998
4.808599999999749,0.09999999999999998
4.810269999999749,0.09999999999999998
4.8119399999997485,0.10000000000000009
4.813609999999748,0.09999999999999998
4.815279999999748,0.09999999999999998
4.816949999999748,0.09999999999999998
4.818619999999748,0.09999999999999998
4.820289999999748,0.09999999999999998
4.821959999999748,0.09999999999999998
4.823629999999747,0.09999999999999998
4.825299999999747,0.09999999999999998
4.826969999999747,0.09999999999999998
4.828639999999747,0.09999999999999998
4.830309999999747,0.09999999999999998
4.831979999999747,0.09999999999999998
4.833649999999746,0.09999999999999998
4.835319999999746,0.09999999999999998
4.836989999999746,0.09999999999999998
4.838659999999746,0.09999999999999998
4.840329999999746,0.09999999999999998
4.841999999999746,0.09999999999999998
4.8436699999997455,0.09999999999999998
4.845339999999745,0.09999999999999998
4.847009999999745,0.09999999999999998
4.848679999999745,0.09999999999999998
4.850349999999745,0.09999999999999998
4.852019999999745,0.09999999999999998
4.8536899999997445,0.09999999999999998
4.855359999999744,0.09999999999999998
4.857029999999744,0.09999999999999998
4.858699999999744,0.09999999999999998
4.860369999999744,0.09999999999999998
4.862039999999744,0.09999999999999998
4.8637099999997435,0.09999999999999998
4.865379999999743,0.09999999999999998
4.867049999999743,0.09999999999999998
4.868719999999743,0.09999999999999998
4.870389999999743,0.09999999999999998
4.872059999999743,0.09999999999999998
4.8737299999997425,0.09999999999999998
4.875399999999742,0.09999999999999998
4.877069999999742,0.09999999999999998
4.878739999999742,0.09999999999999998
4.880409999999742,0.09999999999999998
4.882079999999742,0.09999999999999998
4.883749999999742,0.09999999999999998
4.885419999999741,0.09999999999999998
4.887089999999741,0.09999999999999998
4.888759999999741,0.09999999999999998
4.890429999999741,0.09999999999999998
4.892099999999741,0.09999999999999998
4.893769999999741,0.09999999999999998
4.89543999999974,0.09999999999999998
4.89710999999974,0.09999999999999998
4.89877999999974,0.09999999999999998
4.90044999999974,0.09999999999999998
4.90211999999974,0.09999999999999998
4.90378999999974,0.09999999999999998
4.9054599999997395,0.09999999999999998
4.907129999999739,0.09999999999999998
4.908799999999739,0.09999999999999998
4.910469999999739,0.09999999999999998
4.912139999999739,0.09999999999999998
4.913809999999739,0.09999999999999998
4.9154799999997385,0.09999999999999998
4.917149999999738,0.09999999999999998
4.918819999999738,0.09999999999999998
4.920489999999738,0.09999999999999998
4.922159999999738,0.09999999999999998
4.923829999999738,0.09999999999999998
4.9254999999997375,0.09999999999999998
4.927169999999737,0.09999999999999998
4.928839999999737,0.09999999999999998
4.930509999999737,0.09999999999999998
4.932179999999737,0.09999999999999998
4.933849999999737,0.09999999999999998
4.935519999999737,0.09999999999999998
4.937189999999736,0.09999999999999998
4.938859999999736,0.09999999999999998
4.940529999999736,0.09999999999999998
4.942199999999736,0.09999999999999998
4.943869999999736,0.09999999999999998
4.945539999999736,0.09999999999999998
4.947209999999735,0.09999999999999998
4.948879999999735,0.09999999999999998
4.950549999999735,0.09999999999999998
4.952219999999735,0.09999999999999998
4.953889999999735,0.09999999999999998
4.955559999999735,0.09999999999999998
4.9572299999997345,0.09999999999999998
4.958899999999734,0.09999999999999998
4.960569999999734,0.09999999999999998
4.962239999999734,0.09999999999999998
4.963909999999734,0.09999999999999998
4.965579999999734,0.09999999999999998
4.9672499999997335,0.09999999999999998
4.968919999999733,0.09999999999999998
4.970589999999733,0.09999999999999998
4.972259999999733,0.09999999999999998
4.973929999999733,0.09999999999999998
4.975599999999733,0.09999999999999998
4.9772699999997325,0.09999999999999998
4.978939999999732,0.09999999999999998
4.980609999999732,0.09999999999999998
4.982279999999732,0.09999999999999998
4.983949999999732,0.09999999999999998
4.985619999999732,0.09999999999999998
4.9872899999997315,0.09999999999999998
4.988959999999731,0.09999999999999998
4.990629999999731,0.09999999999999998
4.992299999999731,0.09999999999999998
4.993969999999731,0.09999999999999998
4.995639999999731,0.09999999999999998
4.997309999999731,0.09999999999999998
4.99897999999973,0.09999999999999998
5.00064999999973,0.09999999999999998
5.00231999999973,0.09999999999999998
5.00398999999973,0.09999999999999998
5.00565999999973,0.09999999999999998
5.00732999999973,0.09999999999999998
5.0089999999997294,0.09999999999999998
5.010669999999729,0.09999999999999998
5.012339999999729,0.09999999999999998
5.014009999999729,0.09999999999999998
5.015679999999729,0.09999999999999998
5.017349999999729,0.09999999999999998
5.0190199999997285,0.09999999999999998
5.020689999999728,0.09999999999999998
5.022359999999728,0.09999999999999998
5.024029999999728,0.09999999999999998
5.025699999999728,0.09999999999999998
5.027369999999728,0.09999999999999998
5.0290399999997275,0.09999999999999998
5.030709999999727,0.09999999999999998
5.032379999999727,0.09999999999999998
5.034049999999727,0.09999999999999998
5.035719999999727,0.09999999999999998
5.037389999999727,0.09999999999999998
5.0390599999997265,0.09999999999999998
5.040729999999726,0.09999999999999998
5.042399999999726,0.09999999999999998
5.044069999999726,0.09999999999999998
5.045739999999726,0.09999999999999998
5.047409999999726,0.09999999999999998
5.049079999999726,0.09999999999999998
5.050749999999725,0.09999999999999998
5.052419999999725,0.09999999999999998
5.054089999999725,0.09999999999999998
5.055759999999725,0.09999999999999998
5.057429999999725,0.09999999999999998
5.059099999999725,0.09999999999999998
5.060769999999724,0.09999999999999998
5.062439999999724,0.09999999999999998
5.064109999999724,0.09999999999999998
5.065779999999724,0.09999999999999998
5.067449999999724,0.09999999999999998
5.069119999999724,0.09999999999999998
5.0707899999997235,0.09999999999999998
5.072459999999723,0.09999999999999998
5.074129999999723,0.09999999999999998
5.075799999999723,0.09999999999999998
5.077469999999723,0.09999999999999998
5.079139999999723,0.09999999999999998
5.0808099999997225,0.09999999999999998
5.082479999999722,0.09999999999999998
5.084149999999722,0.09999999999999998
5.085819999999722,0.09999999999999998
5.087489999999722,0.09999999999999998
5.089159999999722,0.09999999999999998
5.0908299999997215,0.09999999999999998
5.092499999999721,0.09999999999999998
5.094169999999721,0.09999999999999998
5.095839999999721,0.09999999999999998
5.097509999999721,0.09999999999999998
5.099179999999721,0.09999999999999998
5.1008499999997206,0.09999999999999998
5.10251999999972,0.09999999999999998
5.10418999999972,0.09999999999999998
5.10585999999972,0.09999999999999998
5.10752999999972,0.09999999999999998
5.10919999999972,0.09999999999999998
5.11086999999972,0.09999999999999998
5.112539999999719,0.09999999999999998
5.114209999999719,0.09999999999999998
5.115879999999719,0.09999999999999998
5.117549999999719,0.09999999999999998
5.119219999999719,0.09999999999999998
5.120889999999719,0.09999999999999998
5.1225599999997184,0.09999999999999998
5.124229999999718,0.09999999999999998
5.125899999999718,0.09999999999999998
5.127569999999718,0.09999999999999998
5.129239999999718,0.09999999999999998
5.130909999999718,0.09999999999999998
5.1325799999997175,0.09999999999999998
5.134249999999717,0.09999999999999998
5.135919999999717,0.09999999999999998
5.137589999999717,0.09999999999999998
5.139259999999717,0.09999999999999998
5.140929999999717,0.09999999999999998
5.1425999999997165,0.09999999999999998
5.144269999999716,0.09999999999999998
5.145939999999716,0.09999999999999998
5.147609999999716,0.09999999999999998
5.149279999999716,0.09999999999999998
5.150949999999716,0.09999999999999998
5.1526199999997155,0.09999999999999998
5.154289999999715,0.09999999999999998
5.155959999999715,0.09999999999999998
5.157629999999715,0.09999999999999998
5.159299999999715,0.09999999999999998
5.160969999999715,0.09999999999999998
5.162639999999715,0.09999999999999998
5.164309999999714,0.09999999999999998
5.165979999999714,0.09999999999999998
5.167649999999714,0.09999999999999998
5.169319999999714,0.09999999999999998
5.170989999999714,0.09999999999999998
5.172659999999714,0.09999999999999998
5.174329999999713,0.09999999999999998
5.175999999999713,0.09999999999999998
5.177669999999713,0.09999999999999998
5.179339999999713,0.09999999999999998
5.181009999999713,0.09999999999999998
5.182679999999713,0.09999999999999998
5.1843499999997125,0.09999999999999998
5.186019999999712,0.09999999999999998
5.187689999999712,0.09999999999999998
5.189359999999712,0.09999999999999998
5.191029999999712,0.09999999999999998
5.192699999999712,0.09999999999999998
5.1943699999997115,0.09999999999999998
5.196039999999711,0.09999999999999998
5.197709999999711,0.09999999999999998
5.199379999999711,0.09999999999999998
5.201049999999711,0.09999999999999998
5.202719999999711,0.09999999999999998
5.2043899999997105,0.09999999999999998
5.20605999999971,0.09999999999999998
5.20772999999971,0.09999999999999998
5.20939999999971,0.09999999999999998
5.21106999999971,0.09999999999999998
5.21273999999971,0.09999999999999998
5.2144099999997096,0.09999999999999998
5.216079999999709,0.09999999999999998
5.217749999999709,0.09999999999999998
5.219419999999709,0.09999999999999998
5.221089999999709,0.09999999999999998
5.222759999999709,0.09999999999999998
5.224429999999709,0.09999999999999998
5.226099999999708,0.09999999999999998
5.227769999999708,0.09999999999999998
5.229439999999708,0.09999999999999998
5.231109999999708,0.09999999999999998
5.232779999999708,0.09999999999999998
5.234449999999708,0.09999999999999998
5.2361199999997075,0.09999999999999998
5.237789999999707,0.09999999999999998
5.239459999999707,0.09999999999999998
5.241129999999707,0.09999999999999998
5.242799999999707,0.09999999999999998
5.244469999999707,0.09999999999999998
5.2461399999997065,0.09999999999999998
5.247809999999706,0.09999999999999998
5.249479999999706,0.09999999999999998
5.251149999999706,0.09999999999999998
5.252819999999706,0.09999999999999998
5.254489999999706,0.09999999999999998
5.2561599999997055,0.09999999999999998
5.257829999999705,0.09999999999999998
5.259499999999705,0.09999999999999998
5.261169999999705,0.09999999999999998
5.262839999999705,0.09999999999999998
5.264509999999705,0.09999999999999998
5.2661799999997045,0.09999999999999998
5.267849999999704,0.09999999999999998
5.269519999999704,0.09999999999999998
5.271189999999704,0.09999999999999998
5.272859999999704,0.09999999999999998
5.274529999999704,0.09999999999999998
5.276199999999704,0.09999999999999998
5.277869999999703,0.09999999999999998
5.279539999999703,0.09999999999999998
5.281209999999703,0.09999999999999998
5.282879999999703,0.09999999999999998
5.284549999999703,0.09999999999999998
5.286219999999703,0.09999999999999998
5.287889999999702,0.09999999999999998
5.289559999999702,0.09999999999999998
5.291229999999702,0.09999999999999998
5.292899999999702,0.09999999999999998
5.294569999999702,0.09999999999999998
5.296239999999702,0.09999999999999998
5.2979099999997015,0.09999999999999998
5.299579999999701,0.09999999999999998
5.301249999999701,0.09999999999999998
5.302919999999701,0.09999999999999998
5.304589999999701,0.09999999999999998
5.306259999999701,0.09999999999999998
5.3079299999997005,0.09999999999999998
5.3095999999997,0.09999999999999998
5.3112699999997,0.09999999999999998
5.3129399999997,0.09999999999999998
5.3146099999997,0.09999999999999998
5.3162799999997,0.09999999999999998
5.3179499999996995,0.09999999999999998
5.319619999999699,0.09999999999999998
5.321289999999699,0.09999999999999998
5.322959999999699,0.09999999999999998
5.324629999999699,0.09999999999999998
5.326299999999699,0.09999999999999998
5.327969999999699,0.09999999999999998
5.329639999999698,0.09999999999999998
5.331309999999698,0.09999999999999998
5.332979999999698,0.09999999999999998
5.334649999999698,0.09999999999999998
5.336319999999698,0.09999999999999998
5.337989999999698,0.09999999999999998
5.339659999999697,0.09999999999999998
5.341329999999697,0.09999999999999998
5.342999999999697,0.09999999999999998
5.344669999999697,0.09999999999999998
5.346339999999697,0.09999999999999998
5.348009999999697,0.09999999999999998
5.3496799999996965,0.09999999999999987
5.351349999999696,0.09999999999999998
5.353019999999696,0.09999999999999998
5.354689999999696,0.09999999999999998
5.356359999999696,0.09999999999999998
5.358029999999696,0.09999999999999987
5.3596999999996955,0.09999999999999998
5.361369999999695,0.09999999999999998
5.363039999999695,0.09999999999999998
5.364709999999695,0.09999999999999998
5.366379999999695,0.09999999999999987
5.368049999999695,0.09999999999999998
5.3697199999996945,0.09999999999999998
5.371389999999694,0.09999999999999998
5.373059999999694,0.09999999999999998
5.374729999999694,0.09999999999999987
5.376399999999694,0.09999999999999998
5.378069999999694,0.09999999999999998
5.3797399999996935,0.09999999999999998
5.381409999999693,0.09999999999999998
5.383079999999693,0.09999999999999987
5.384749999999693,0.09999999999999998
5.386419999999693,0.09999999999999998
5.388089999999693,0.09999999999999998
5.389759999999693,0.09999999999999998
5.391429999999692,0.09999999999999987
5.393099999999692,0.09999999999999998
5.394769999999692,0.09999999999999998
5.396439999999692,0.09999999999999998
5.398109999999692,0.09999999999999998
5.399779999999692,0.09999999999999987
5.401449999999691,0.09999999999999998
5.403119999999691,0.09999999999999998
5.404789999999691,0.09999999999999998
5.406459999999691,0.09999999999999998
5.408129999999691,0.09999999999999987
5.409799999999691,0.09999999999999998
5.4114699999996905,0.09999999999999998
5.41313999999969,0.09999999999999998
5.41480999999969,0.09999999999999998
5.41647999999969,0.09999999999999987
5.41814999999969,0.09999999999999998
5.41981999999969,0.09999999999999998
5.4214899999996895,0.09999999999999998
5.423159999999689,0.09999999999999998
5.424829999999689,0.09999999999999987
5.426499999999689,0.09999999999999998
5.428169999999689,0.09999999999999998
5.429839999999689,0.09999999999999998
5.4315099999996885,0.09999999999999998
5.433179999999688,0.09999999999999987
5.434849999999688,0.09999999999999998
5.436519999999688,0.09999999999999998
5.438189999999688,0.09999999999999998
5.439859999999688,0.09999999999999998
5.441529999999688,0.09999999999999987
5.443199999999687,0.09999999999999998
5.444869999999687,0.09999999999999998
5.446539999999687,0.09999999999999998
5.448209999999687,0.09999999999999998
5.449879999999687,0.09999999999999987
5.451549999999687,0.09999999999999998
5.453219999999686,0.09999999999999998
5.454889999999686,0.09999999999999998
5.456559999999686,0.09999999999999998
5.458229999999686,0.09999999999999987
5.459899999999686,0.09999999999999998
5.461569999999686,0.09999999999999998
5.4632399999996855,0.09999999999999998
5.464909999999685,0.09999999999999998
5.466579999999685,0.09999999999999987
5.468249999999685,0.09999999999999998
5.469919999999685,0.09999999999999998
5.471589999999685,0.09999999999999998
5.4732599999996845,0.09999999999999998
5.474929999999684,0.09999999999999987
5.476599999999684,0.09999999999999998
5.478269999999684,0.09999999999999998
5.479939999999684,0.09999999999999998
5.481609999999684,0.09999999999999998
5.4832799999996835,0.09999999999999987
5.484949999999683,0.09999999999999998
5.486619999999683,0.09999999999999998
5.488289999999683,0.09999999999999998
5.489959999999683,0.09999999999999998
5.491629999999683,0.09999999999999987
5.4932999999996825,0.09999999999999998
5.494969999999682,0.09999999999999998
5.496639999999682,0.09999999999999998
5.498309999999682,0.09999999999999998
5.499979999999682,0.09999999999999987
5.501649999999682,0.09999999999999998
5.503319999999682,0.09999999999999998
5.504989999999681,0.09999999999999998
5.506659999999681,0.09999999999999998
5.508329999999681,0.09999999999999987
5.509999999999681,0.09999999999999998
5.511669999999681,0.09999999999999998
5.513339999999681,0.09999999999999998
5.5150099999996804,0.09999999999999998
5.51667999999968,0.09999999999999987
5.51834999999968,0.09999999999999998
5.52001999999968,0.09999999999999998
5.52168999999968,0.09999999999999998
5.52335999999968,0.09999999999999998
5.5250299999996795,0.09999999999999987
5.526699999999679,0.09999999999999998
5.528369999999679,0.09999999999999998
5.530039999999679,0.09999999999999998
5.531709999999679,0.09999999999999998
5.533379999999679,0.09999999999999987
5.5350499999996785,0.09999999999999998
5.536719999999678,0.09999999999999998
5.538389999999678,0.09999999999999998
5.540059999999678,0.09999999999999998
5.541729999999678,0.09999999999999987
5.543399999999678,0.09999999999999998
5.5450699999996775,0.09999999999999998
5.546739999999677,0.09999999999999998
5.548409999999677,0.09999999999999998
5.550079999999677,0.09999999999999987
5.551749999999677,0.09999999999999998
5.553419999999677,0.09999999999999998
5.555089999999677,0.09999999999999998
5.556759999999676,0.09999999999999998
5.558429999999676,0.09999999999999987
5.560099999999676,0.09999999999999998
5.561769999999676,0.09999999999999998
5.563439999999676,0.09999999999999998
5.565109999999676,0.09999999999999998
5.566779999999675,0.09999999999999987
5.568449999999675,0.09999999999999998
5.570119999999675,0.09999999999999998
5.571789999999675,0.09999999999999998
5.573459999999675,0.09999999999999998
5.575129999999675,0.09999999999999987
5.5767999999996745,0.09999999999999998
5.578469999999674,0.09999999999999998
5.580139999999674,0.09999999999999998
5.581809999999674,0.09999999999999998
5.583479999999674,0.09999999999999987
5.585149999999674,0.09999999999999998
5.5868199999996735,0.09999999999999998
5.588489999999673,0.09999999999999998
5.590159999999673,0.09999999999999998
5.591829999999673,0.09999999999999987
5.593499999999673,0.09999999999999998
5.595169999999673,0.09999999999999998
5.5968399999996725,0.09999999999999998
5.598509999999672,0.09999999999999998
5.600179999999672,0.09999999999999987
5.601849999999672,0.09999999999999998
5.603519999999672,0.09999999999999998
5.605189999999672,0.09999999999999998
5.6068599999996716,0.09999999999999998
5.608529999999671,0.09999999999999987
5.610199999999671,0.09999999999999998
5.611869999999671,0.09999999999999998
5.613539999999671,0.09999999999999998
5.615209999999671,0.09999999999999998
5.616879999999671,0.09999999999999987
5.61854999999967,0.09999999999999998
5.62021999999967,0.09999999999999998
5.62188999999967,0.09999999999999998
5.62355999999967,0.09999999999999998
5.62522999999967,0.09999999999999987
5.62689999999967,0.09999999999999998
5.6285699999996694,0.09999999999999998
5.630239999999669,0.09999999999999998
5.631909999999669,0.09999999999999998
5.633579999999669,0.09999999999999987
5.635249999999669,0.09999999999999998
5.636919999999669,0.09999999999999998
5.6385899999996685,0.09999999999999998
5.640259999999668,0.09999999999999998
5.641929999999668,0.09999999999999987
5.643599999999668,0.09999999999999998
5.645269999999668,0.09999999999999998
5.646939999999668,0.09999999999999998
5.6486099999996675,0.09999999999999998
5.650279999999667,0.09999999999999987
5.651949999999667,0.09999999999999998
5.653619999999667,0.09999999999999998
5.655289999999667,0.09999999999999998
5.656959999999667,0.09999999999999998
5.6586299999996665,0.09999999999999987
5.660299999999666,0.09999999999999998
5.661969999999666,0.09999999999999998
5.663639999999666,0.09999999999999998
5.665309999999666,0.09999999999999998
5.666979999999666,0.09999999999999987
5.668649999999666,0.09999999999999998
5.670319999999665,0.09999999999999998
5.671989999999665,0.09999999999999998
5.673659999999665,0.09999999999999998
5.675329999999665,0.09999999999999987
5.676999999999665,0.09999999999999998
5.678669999999665,0.09999999999999998
5.680339999999664,0.09999999999999998
5.682009999999664,0.09999999999999998
5.683679999999664,0.09999999999999987
5.685349999999664,0.09999999999999998
5.687019999999664,0.09999999999999998
5.688689999999664,0.09999999999999998
5.6903599999996635,0.09999999999999998
5.692029999999663,0.09999999999999987
5.693699999999663,0.09999999999999998
5.695369999999663,0.09999999999999998
5.697039999999663,0.09999999999999998
5.698709999999663,0.09999999999999998
5.7003799999996625,0.09999999999999987
5.702049999999662,0.09999999999999998
5.703719999999662,0.09999999999999998
5.705389999999662,0.09999999999999998
5.707059999999662,0.09999999999999998
5.708729999999662,0.09999999999999987
5.7103999999996615,0.09999999999999998
5.712069999999661,0.09999999999999998
5.713739999999661,0.09999999999999998
5.715409999999661,0.09999999999999998
5.717079999999661,0.09999999999999987
5.718749999999661,0.09999999999999998
5.7204199999996606,0.09999999999999998
5.72208999999966,0.09999999999999998
5.72375999999966,0.09999999999999998
5.72542999999966,0.09999999999999987
5.72709999999966,0.09999999999999998
5.72876999999966,0.09999999999999998
5.73043999999966,0.09999999999999998
5.732109999999659,0.09999999999999998
5.733779999999659,0.09999999999999987
5.735449999999659,0.09999999999999998
5.737119999999659,0.09999999999999998
5.738789999999659,0.09999999999999998
5.740459999999659,0.09999999999999998
5.7421299999996585,0.09999999999999987
5.743799999999658,0.09999999999999998
5.745469999999658,0.09999999999999998
5.747139999999658,0.09999999999999998
5.748809999999658,0.09999999999999998
5.750479999999658,0.09999999999999987
5.7521499999996575,0.09999999999999998
5.753819999999657,0.09999999999999998
5.755489999999657,0.09999999999999998
5.757159999999657,0.09999999999999998
5.758829999999657,0.09999999999999987
5.760499999999657,0.09999999999999998
5.7621699999996565,0.09999999999999998
5.763839999999656,0.09999999999999998
5.765509999999656,0.09999999999999998
5.767179999999656,0.09999999999999987
5.768849999999656,0.09999999999999998
5.770519999999656,0.09999999999999998
5.7721899999996555,0.09999999999999998
5.773859999999655,0.09999999999999998
5.775529999999655,0.09999999999999987
5.777199999999655,0.09999999999999998
5.778869999999655,0.09999999999999998
5.780539999999655,0.09999999999999998
5.782209999999655,0.09999999999999998
5.783879999999654,0.09999999999999987
5.785549999999654,0.09999999999999998
5.787219999999654,0.09999999999999998
5.788889999999654,0.09999999999999998
5.790559999999654,0.09999999999999998
5.792229999999654,0.09999999999999987
5.793899999999653,0.09999999999999998
5.795569999999653,0.09999999999999998
5.797239999999653,0.09999999999999998
5.798909999999653,0.09999999999999998
5.800579999999653,0.09999999999999987
5.802249999999653,0.09999999999999998
5.8039199999996525,0.09999999999999998
5.805589999999652,0.09999999999999998
5.807259999999652,0.09999999999999998
5.808929999999652,0.09999999999999987
5.810599999999652,0.09999999999999998
5.812269999999652,0.09999999999999998
5.8139399999996515,0.09999999999999998
5.815609999999651,0.09999999999999998
5.817279999999651,0.09999999999999998
5.818949999999651,0.09999999999999998
5.820619999999651,0.09999999999999998
5.822289999999651,0.09999999999999998
5.8239599999996505,0.09999999999999998
5.82562999999965,0.09999999999999998
5.82729999999965,0.09999999999999998
5.82896999999965,0.09999999999999998
5.83063999999965,0.09999999999999998
5.83230999999965,0.09999999999999998
5.83397999999965,0.09999999999999998
5.835649999999649,0.09999999999999998
5.837319999999649,0.09999999999999998
5.838989999999649,0.09999999999999998
5.840659999999649,0.09999999999999998
5.842329999999649,0.09999999999999998
5.843999999999649,0.09999999999999998
5.845669999999648,0.09999999999999998
5.847339999999648,0.09999999999999998
5.849009999999648,0.09999999999999998
5.850679999999648,0.09999999999999998
5.852349999999648,0.09999999999999998
5.854019999999648,0.09999999999999998
5.8556899999996475,0.09999999999999998
5.857359999999647,0.09999999999999998
5.859029999999647,0.09999999999999998
5.860699999999647,0.09999999999999998
5.862369999999647,0.09999999999999998
5.864039999999647,0.09999999999999998
5.8657099999996465,0.09999999999999998
5.867379999999646,0.09999999999999998
5.869049999999646,0.09999999999999998
5.870719999999646,0.09999999999999998
5.872389999999646,0.09999999999999998
5.874059999999646,0.09999999999999998
5.8757299999996455,0.09999999999999998
5.877399999999645,0.09999999999999998
5.879069999999645,0.09999999999999998
5.880739999999645,0.09999999999999998
5.882409999999645,0.09999999999999998
5.884079999999645,0.09999999999999998
5.8857499999996445,0.09999999999999998
5.887419999999644,0.09999999999999998
5.889089999999644,0.09999999999999998
5.890759999999644,0.09999999999999998
5.892429999999644,0.09999999999999998
5.894099999999644,0.09999999999999998
5.895769999999644,0.09999999999999998
5.897439999999643,0.09999999999999998
5.899109999999643,0.09999999999999998
5.900779999999643,0.09999999999999998
5.902449999999643,0.09999999999999998
5.904119999999643,0.09999999999999998
5.905789999999643,0.09999999999999998
5.907459999999642,0.09999999999999998
5.909129999999642,0.09999999999999998
5.910799999999642,0.09999999999999998
5.912469999999642,0.09999999999999998
5.914139999999642,0.09999999999999998
5.915809999999642,0.09999999999999998
5.9174799999996415,0.09999999999999998
5.919149999999641,0.09999999999999998
5.920819999999641,0.09999999999999998
5.922489999999641,0.09999999999999998
5.924159999999641,0.09999999999999998
5.925829999999641,0.09999999999999998
5.9274999999996405,0.09999999999999998
5.92916999999964,0.09999999999999998
5.93083999999964,0.09999999999999998
5.93250999999964,0.09999999999999998
5.93417999999964,0.09999999999999998
5.93584999999964,0.09999999999999998
5.9375199999996395,0.09999999999999998
5.939189999999639,0.09999999999999998
5.940859999999639,0.09999999999999998
5.942529999999639,0.09999999999999998
5.944199999999639,0.09999999999999998
5.945869999999639,0.09999999999999998
5.947539999999639,0.09999999999999998
5.949209999999638,0.09999999999999998
5.950879999999638,0.09999999999999998
5.952549999999638,0.09999999999999998
5.954219999999638,0.09999999999999998
5.955889999999638,0.09999999999999998
5.957559999999638,0.09999999999999998
5.959229999999637,0.09999999999999998
5.960899999999637,0.09999999999999998
5.962569999999637,0.09999999999999998
5.964239999999637,0.09999999999999998
5.965909999999637,0.09999999999999998
5.967579999999637,0.09999999999999998
5.9692499999996365,0.09999999999999998
5.970919999999636,0.09999999999999998
5.972589999999636,0.09999999999999998
5.974259999999636,0.09999999999999998
5.975929999999636,0.09999999999999998
5.977599999999636,0.09999999999999998
5.9792699999996355,0.09999999999999998
5.980939999999635,0.09999999999999998
5.982609999999635,0.09999999999999998
5.984279999999635,0.09999999999999998
5.985949999999635,0.09999999999999998
5.987619999999635,0.09999999999999998
5.9892899999996345,0.09999999999999998
5.990959999999634,0.09999999999999998
5.992629999999634,0.09999999999999998
5.994299999999634,0.09999999999999998
5.995969999999634,0.09999999999999998
5.997639999999634,0.09999999999999998
5.9993099999996335,0.09999999999999998
6.000979999999633,0.09999999999999998
6.002649999999633,0.09999999999999998
6.004319999999633,0.09999999999999998
6.005989999999633,0.10000000000000009
6.007659999999633,0.09999999999999987
6.009329999999633,0.09999999999999998
6.010999999999632,0.09999999999999998
6.012669999999632,0.09999999999999998
6.014339999999632,0.10000000000000009
6.016009999999632,0.09999999999999987
6.017679999999632,0.09999999999999998
6.019349999999632,0.09999999999999998
6.0210199999996314,0.09999999999999998
6.022689999999631,0.10000000000000009
6.024359999999631,0.09999999999999987
6.026029999999631,0.09999999999999998
6.027699999999631,0.09999999999999998
6.029369999999631,0.09999999999999998
6.0310399999996305,0.10000000000000009
6.03270999999963,0.09999999999999987
6.03437999999963,0.09999999999999998
6.03604999999963,0.09999999999999998
6.03771999999963,0.09999999999999998
6.03938999999963,0.10000000000000009
6.0410599999996295,0.09999999999999987
6.042729999999629,0.09999999999999998
6.044399999999629,0.09999999999999998
6.046069999999629,0.09999999999999998
6.047739999999629,0.10000000000000009
6.049409999999629,0.09999999999999987
6.0510799999996285,0.09999999999999998
6.052749999999628,0.09999999999999998
6.054419999999628,0.09999999999999998
6.056089999999628,0.10000000000000009
6.057759999999628,0.09999999999999987
6.059429999999628,0.09999999999999998
6.061099999999628,0.09999999999999998
6.062769999999627,0.09999999999999998
6.064439999999627,0.10000000000000009
6.066109999999627,0.09999999999999987
6.067779999999627,0.09999999999999998
6.069449999999627,0.09999999999999998
6.071119999999627,0.09999999999999998
6.072789999999626,0.10000000000000009
6.074459999999626,0.09999999999999987
6.076129999999626,0.09999999999999998
6.077799999999626,0.09999999999999998
6.079469999999626,0.09999999999999998
6.081139999999626,0.10000000000000009
6.0828099999996255,0.09999999999999987
6.084479999999625,0.09999999999999998
6.086149999999625,0.09999999999999998
6.087819999999625,0.09999999999999998
6.089489999999625,0.10000000000000009
6.091159999999625,0.09999999999999987
6.0928299999996245,0.09999999999999998
6.094499999999624,0.09999999999999998
6.096169999999624,0.09999999999999998
6.097839999999624,0.10000000000000009
6.099509999999624,0.09999999999999987
6.101179999999624,0.09999999999999998
6.1028499999996235,0.09999999999999998
6.104519999999623,0.09999999999999998
6.106189999999623,0.10000000000000009
6.107859999999623,0.09999999999999987
6.109529999999623,0.09999999999999998
6.111199999999623,0.09999999999999998
6.1128699999996226,0.09999999999999998
6.114539999999622,0.10000000000000009
6.116209999999622,0.09999999999999987
6.117879999999622,0.09999999999999998
6.119549999999622,0.09999999999999998
6.121219999999622,0.09999999999999998
6.122889999999622,0.10000000000000009
6.124559999999621,0.09999999999999987
6.126229999999621,0.09999999999999998
6.127899999999621,0.09999999999999998
6.129569999999621,0.09999999999999998
6.131239999999621,0.10000000000000009
6.132909999999621,0.09999999999999987
6.1345799999996204,0.09999999999999998
6.13624999999962,0.09999999999999998
6.13791999999962,0.09999999999999998
6.13958999999962,0.10000000000000009
6.14125999999962,0.09999999999999987
6.14292999999962,0.09999999999999998
6.1445999999996195,0.09999999999999998
6.146269999999619,0.09999999999999998
6.147939999999619,0.10000000000000009
6.149609999999619,0.09999999999999987
6.151279999999619,0.09999999999999998
6.152949999999619,0.09999999999999998
6.1546199999996185,0.09999999999999998
6.156289999999618,0.10000000000000009
6.157959999999618,0.09999999999999987
6.159629999999618,0.09999999999999998
6.161299999999618,0.09999999999999998
6.162969999999618,0.09999999999999998
6.1646399999996175,0.10000000000000009
6.166309999999617,0.09999999999999987
6.167979999999617,0.09999999999999998
6.169649999999617,0.09999999999999998
6.171319999999617,0.09999999999999998
6.172989999999617,0.10000000000000009
6.174659999999617,0.09999999999999987
6.176329999999616,0.09999999999999998
6.177999999999616,0.09999999999999998
6.179669999999616,0.09999999999999998
6.181339999999616,0.10000000000000009
6.183009999999616,0.09999999999999987
6.184679999999616,0.09999999999999998
6.186349999999615,0.09999999999999998
6.188019999999615,0.09999999999999998
6.189689999999615,0.10000000000000009
6.191359999999615,0.09999999999999987
6.193029999999615,0.09999999999999998
6.194699999999615,0.09999999999999998
6.1963699999996145,0.09999999999999998
6.198039999999614,0.10000000000000009
6.199709999999614,0.09999999999999987
6.201379999999614,0.09999999999999998
6.203049999999614,0.09999999999999998
6.204719999999614,0.09999999999999998
6.2063899999996135,0.10000000000000009
6.208059999999613,0.09999999999999987
6.209729999999613,0.09999999999999998
6.211399999999613,0.09999999999999998
6.213069999999613,0.09999999999999998
6.214739999999613,0.10000000000000009
6.2164099999996125,0.09999999999999987
6.218079999999612,0.09999999999999998
6.219749999999612,0.09999999999999998
6.221419999999612,0.09999999999999998
6.223089999999612,0.10000000000000009
6.224759999999612,0.09999999999999987
6.2264299999996116,0.09999999999999998
6.228099999999611,0.09999999999999998
6.229769999999611,0.09999999999999998
6.231439999999611,0.10000000000000009
6.233109999999611,0.09999999999999987
6.234779999999611,0.09999999999999998
6.236449999999611,0.09999999999999998
6.23811999999961,0.09999999999999998
6.23978999999961,0.10000000000000009
6.24145999999961,0.09999999999999987
6.24312999999961,0.09999999999999998
6.24479999999961,0.09999999999999998
6.24646999999961,0.09999999999999998
6.2481399999996095,0.10000000000000009
6.249809999999609,0.09999999999999987
6.251479999999609,0.09999999999999998
6.253149999999609,0.09999999999999998
6.254819999999609,0.09999999999999998
6.256489999999609,0.10000000000000009
6.2581599999996085,0.09999999999999987
6.259829999999608,0.09999999999999998
6.261499999999608,0.09999999999999998
6.263169999999608,0.09999999999999998
6.264839999999608,0.10000000000000009
6.266509999999608,0.09999999999999987
6.2681799999996075,0.09999999999999998
6.269849999999607,0.09999999999999998
6.271519999999607,0.09999999999999998
6.273189999999607,0.10000000000000009
6.274859999999607,0.10000000000000009
6.276529999999607,0.09999999999999998
6.2781999999996065,0.09999999999999998
6.279869999999606,0.09999999999999998
6.281539999999606,0.10000000000000009
6.283209999999606,0.10000000000000009
6.284879999999606,0.09999999999999998
6.286549999999606,0.09999999999999998
6.288219999999606,0.09999999999999998
6.289889999999605,0.10000000000000009
6.291559999999605,0.10000000000000009
6.293229999999605,0.09999999999999998
6.294899999999605,0.09999999999999998
6.296569999999605,0.09999999999999998
6.298239999999605,0.10000000000000009
6.299909999999604,0.10000000000000009
6.301579999999604,0.09999999999999998
6.303249999999604,0.09999999999999998
6.304919999999604,0.09999999999999998
6.306589999999604,0.10000000000000009
6.308259999999604,0.10000000000000009
6.3099299999996035,0.09999999999999998
6.311599999999603,0.09999999999999998
6.313269999999603,0.09999999999999998
6.314939999999603,0.10000000000000009
6.316609999999603,0.10000000000000009
6.318279999999603,0.09999999999999998
6.3199499999996025,0.09999999999999998
6.321619999999602,0.09999999999999998
6.323289999999602,0.10000000000000009
6.324959999999602,0.10000000000000009
6.326629999999602,0.09999999999999998
6.328299999999602,0.09999999999999998
6.3299699999996015,0.09999999999999998
6.331639999999601,0.10000000000000009
6.333309999999601,0.10000000000000009
6.334979999999601,0.09999999999999998
6.336649999999601,0.09999999999999998
6.338319999999601,0.09999999999999998
6.339989999999601,0.10000000000000009
6.3416599999996,0.10000000000000009
6.3433299999996,0.09999999999999998
6.3449999999996,0.09999999999999998
6.3466699999996,0.10000000000000009
6.3483399999996,0.10000000000000009
6.3500099999996,0.10000000000000009
6.351679999999599,0.09999999999999998
6.353349999999599,0.09999999999999998
6.355019999999599,0.10000000000000009
6.356689999999599,0.10000000000000009
6.358359999999599,0.10000000000000009
6.360029999999599,0.09999999999999998
6.3616999999995985,0.09999999999999998
6.363369999999598,0.10000000000000009
6.365039999999598,0.10000000000000009
6.366709999999598,0.10000000000000009
6.368379999999598,0.09999999999999998
6.370049999999598,0.09999999999999998
6.3717199999995975,0.10000000000000009
6.373389999999597,0.10000000000000009
6.375059999999597,0.10000000000000009
6.376729999999597,0.09999999999999998
6.378399999999597,0.09999999999999998
6.380069999999597,0.10000000000000009
6.3817399999995965,0.10000000000000009
6.383409999999596,0.10000000000000009
6.385079999999596,0.09999999999999998
6.386749999999596,0.09999999999999998
6.388419999999596,0.10000000000000009
6.390089999999596,0.10000000000000009
6.3917599999995955,0.10000000000000009
6.393429999999595,0.09999999999999998
6.395099999999595,0.09999999999999998
6.396769999999595,0.10000000000000009
6.398439999999595,0.10000000000000009
6.400109999999595,0.10000000000000009
6.401779999999595,0.09999999999999998
6.403449999999594,0.09999999999999998
6.405119999999594,0.10000000000000009
6.406789999999594,0.10000000000000009
6.408459999999594,0.10000000000000009
6.410129999999594,0.09999999999999998
6.411799999999594,0.09999999999999998
6.413469999999593,0.10000000000000009
6.415139999999593,0.10000000000000009
6.416809999999593,0.10000000000000009
6.418479999999593,0.09999999999999998
6.420149999999593,0.09999999999999998
6.421819999999593,0.10000000000000009
6.4234899999995925,0.10000000000000009
6.425159999999592,0.10000000000000009
6.426829999999592,0.09999999999999998
6.428499999999592,0.09999999999999998
6.430169999999592,0.10000000000000009
6.431839999999592,0.10000000000000009
6.4335099999995915,0.10000000000000009
6.435179999999591,0.09999999999999998
6.436849999999591,0.09999999999999998
6.438519999999591,0.10000000000000009
6.440189999999591,0.10000000000000009
6.441859999999591,0.10000000000000009
6.4435299999995905,0.09999999999999998
6.44519999999959,0.09999999999999998
6.44686999999959,0.10000000000000009
6.44853999999959,0.10000000000000009
6.45020999999959,0.10000000000000009
6.45187999999959,0.09999999999999998
6.45354999999959,0.09999999999999998
6.455219999999589,0.10000000000000009
6.456889999999589,0.10000000000000009
6.458559999999589,0.10000000000000009
6.460229999999589,0.09999999999999998
6.461899999999589,0.09999999999999998
6.463569999999589,0.10000000000000009
6.465239999999588,0.10000000000000009
6.466909999999588,0.10000000000000009
6.468579999999588,0.09999999999999998
6.470249999999588,0.09999999999999998
6.471919999999588,0.10000000000000009
6.473589999999588,0.10000000000000009
6.4752599999995875,0.10000000000000009
6.476929999999587,0.09999999999999998
6.478599999999587,0.09999999999999998
6.480269999999587,0.10000000000000009
6.481939999999587,0.10000000000000009
6.483609999999587,0.10000000000000009
6.4852799999995865,0.09999999999999998
6.486949999999586,0.09999999999999998
6.488619999999586,0.10000000000000009
6.490289999999586,0.10000000000000009
6.491959999999586,0.10000000000000009
6.493629999999586,0.09999999999999998
6.4952999999995855,0.09999999999999998
6.496969999999585,0.10000000000000009
6.498639999999585,0.10000000000000009
6.500309999999585,0.10000000000000009
6.501979999999585,0.09999999999999998
6.503649999999585,0.09999999999999998
6.5053199999995845,0.10000000000000009
6.506989999999584,0.10000000000000009
6.508659999999584,0.10000000000000009
6.510329999999584,0.09999999999999998
6.511999999999584,0.09999999999999998
6.513669999999584,0.10000000000000009
6.515339999999584,0.10000000000000009
6.517009999999583,0.10000000000000009
6.518679999999583,0.09999999999999998
6.520349999999583,0.09999999999999998
6.522019999999583,0.10000000000000009
6.523689999999583,0.10000000000000009
6.525359999999583,0.10000000000000009
6.527029999999582,0.09999999999999998
6.528699999999582,0.09999999999999998
6.530369999999582,0.10000000000000009
6.532039999999582,0.10000000000000009
6.533709999999582,0.10000000000000009
6.535379999999582,0.09999999999999998
6.5370499999995815,0.09999999999999998
6.538719999999581,0.10000000000000009
6.540389999999581,0.10000000000000009
6.542059999999581,0.10000000000000009
6.543729999999581,0.09999999999999998
6.545399999999581,0.09999999999999998
6.5470699999995805,0.10000000000000009
6.54873999999958,0.10000000000000009
6.55040999999958,0.10000000000000009
6.55207999999958,0.09999999999999998
6.55374999999958,0.09999999999999998
6.55541999999958,0.10000000000000009
6.5570899999995795,0.10000000000000009
6.558759999999579,0.10000000000000009
6.560429999999579,0.09999999999999998
6.562099999999579,0.09999999999999998
6.563769999999579,0.10000000000000009
6.565439999999579,0.10000000000000009
6.567109999999579,0.10000000000000009
6.568779999999578,0.09999999999999998
6.570449999999578,0.09999999999999998
6.572119999999578,0.10000000000000009
6.573789999999578,0.10000000000000009
6.575459999999578,0.10000000000000009
6.577129999999578,0.09999999999999998
6.578799999999577,0.09999999999999998
6.580469999999577,0.10000000000000009
6.582139999999577,0.10000000000000009
6.583809999999577,0.10000000000000009
6.585479999999577,0.09999999999999998
6.587149999999577,0.09999999999999998
6.5888199999995765,0.10000000000000009
6.590489999999576,0.10000000000000009
6.592159999999576,0.10000000000000009
6.593829999999576,0.09999999999999998
6.595499999999576,0.09999999999999998
6.597169999999576,0.10000000000000009
6.5988399999995755,0.10000000000000009
6.600509999999575,0.10000000000000009
6.602179999999575,0.09999999999999998
6.603849999999575,0.09999999999999998
6.605519999999575,0.10000000000000009
6.607189999999575,0.10000000000000009
6.6088599999995745,0.10000000000000009
6.610529999999574,0.09999999999999998
6.612199999999574,0.09999999999999998
6.613869999999574,0.10000000000000009
6.615539999999574,0.10000000000000009
6.617209999999574,0.10000000000000009
6.6188799999995735,0.09999999999999998
6.620549999999573,0.09999999999999998
6.622219999999573,0.10000000000000009
6.623889999999573,0.10000000000000009
6.625559999999573,0.10000000000000009
6.627229999999573,0.09999999999999998
6.628899999999573,0.09999999999999998
6.630569999999572,0.10000000000000009
6.632239999999572,0.10000000000000009
6.633909999999572,0.10000000000000009
6.635579999999572,0.09999999999999998
6.637249999999572,0.09999999999999998
6.638919999999572,0.10000000000000009
6.6405899999995714,0.10000000000000009
6.642259999999571,0.10000000000000009
6.643929999999571,0.09999999999999998
6.645599999999571,0.09999999999999998
6.647269999999571,0.10000000000000009
6.648939999999571,0.10000000000000009
6.6506099999995705,0.10000000000000009
6.65227999999957,0.09999999999999998
6.65394999999957,0.09999999999999998
6.65561999999957,0.10000000000000009
6.65728999999957,0.10000000000000009
6.65895999999957,0.10000000000000009
6.6606299999995695,0.09999999999999998
6.662299999999569,0.09999999999999998
6.663969999999569,0.10000000000000009
6.665639999999569,0.10000000000000009
6.667309999999569,0.10000000000000009
6.668979999999569,0.09999999999999998
6.6706499999995685,0.09999999999999998
6.672319999999568,0.10000000000000009
6.673989999999568,0.10000000000000009
6.675659999999568,0.10000000000000009
6.677329999999568,0.1000000000000002
6.678999999999568,0.09999999999999998
6.680669999999568,0.10000000000000009
6.682339999999567,0.10000000000000009
6.684009999999567,0.10000000000000009
6.685679999999567,0.1000000000000002
6.687349999999567,0.09999999999999998
6.689019999999567,0.10000000000000009
6.690689999999567,0.10000000000000009
6.692359999999566,0.10000000000000009
6.694029999999566,0.1000000000000002
6.695699999999566,0.09999999999999998
6.697369999999566,0.10000000000000009
6.699039999999566,0.10000000000000009
6.700709999999566,0.10000000000000009
6.7023799999995655,0.1000000000000002
6.704049999999565,0.09999999999999998
6.705719999999565,0.10000000000000009
6.707389999999565,0.10000000000000009
6.709059999999565,0.10000000000000009
6.710729999999565,0.1000000000000002
6.7123999999995645,0.09999999999999998
6.714069999999564,0.10000000000000009
6.715739999999564,0.10000000000000009
6.717409999999564,0.10000000000000009
6.719079999999564,0.1000000000000002
6.720749999999564,0.09999999999999998
6.7224199999995635,0.10000000000000009
6.724089999999563,0.10000000000000009
6.725759999999563,0.10000000000000009
6.727429999999563,0.1000000000000002
6.729099999999563,0.09999999999999998
6.730769999999563,0.10000000000000009
6.7324399999995626,0.10000000000000009
6.734109999999562,0.10000000000000009
6.735779999999562,0.1000000000000002
6.737449999999562,0.09999999999999998
6.739119999999562,0.10000000000000009
6.740789999999562,0.10000000000000009
6.742459999999562,0.10000000000000009
6.744129999999561,0.1000000000000002
6.745799999999561,0.09999999999999998
6.747469999999561,0.10000000000000009
6.749139999999561,0.10000000000000009
6.750809999999561,0.10000000000000009
6.752479999999561,0.1000000000000002
6.7541499999995604,0.09999999999999998
6.75581999999956,0.10000000000000009
6.75748999999956,0.10000000000000009
6.75915999999956,0.10000000000000009
6.76082999999956,0.1000000000000002
6.76249999999956,0.09999999999999998
6.7641699999995595,0.10000000000000009
6.765839999999559,0.10000000000000009
6.767509999999559,0.10000000000000009
6.769179999999559,0.1000000000000002
6.770849999999559,0.09999999999999998
6.772519999999559,0.10000000000000009
6.7741899999995585,0.10000000000000009
6.775859999999558,0.10000000000000009
6.777529999999558,0.1000000000000002
6.779199999999558,0.09999999999999998
6.780869999999558,0.10000000000000009
6.782539999999558,0.10000000000000009
6.7842099999995575,0.10000000000000009
6.785879999999557,0.1000000000000002
6.787549999999557,0.09999999999999998
6.789219999999557,0.10000000000000009
6.790889999999557,0.10000000000000009
6.792559999999557,0.10000000000000009
6.794229999999557,0.1000000000000002
6.795899999999556,0.09999999999999998
6.797569999999556,0.10000000000000009
6.799239999999556,0.10000000000000009
6.800909999999556,0.10000000000000009
6.802579999999556,0.1000000000000002
6.804249999999556,0.09999999999999998
6.805919999999555,0.10000000000000009
6.807589999999555,0.10000000000000009
6.809259999999555,0.10000000000000009
6.810929999999555,0.1000000000000002
6.812599999999555,0.09999999999999998
6.814269999999555,0.10000000000000009
6.8159399999995545,0.10000000000000009
6.817609999999554,0.10000000000000009
6.819279999999554,0.1000000000000002
6.820949999999554,0.09999999999999998
6.822619999999554,0.10000000000000009
6.824289999999554,0.10000000000000009
6.8259599999995535,0.10000000000000009
6.827629999999553,0.1000000000000002
6.829299999999553,0.09999999999999998
6.830969999999553,0.10000000000000009
6.832639999999553,0.10000000000000009
6.834309999999553,0.10000000000000009
6.8359799999995525,0.1000000000000002
6.837649999999552,0.09999999999999998
6.839319999999552,0.10000000000000009
6.840989999999552,0.10000000000000009
6.842659999999552,0.10000000000000009
6.844329999999552,0.1000000000000002
6.8459999999995516,0.09999999999999998
6.847669999999551,0.10000000000000009
6.849339999999551,0.10000000000000009
6.851009999999551,0.10000000000000009
6.852679999999551,0.1000000000000002
6.854349999999551,0.09999999999999998
6.856019999999551,0.10000000000000009
6.85768999999955,0.10000000000000009
6.85935999999955,0.10000000000000009
6.86102999999955,0.1000000000000002
6.86269999999955,0.09999999999999998
6.86436999999955,0.10000000000000009
6.86603999999955,0.10000000000000009
6.8677099999995495,0.10000000000000009
6.869379999999549,0.1000000000000002
6.871049999999549,0.09999999999999998
6.872719999999549,0.10000000000000009
6.874389999999549,0.10000000000000009
6.876059999999549,0.10000000000000009
6.8777299999995485,0.1000000000000002
6.879399999999548,0.09999999999999998
6.881069999999548,0.10000000000000009
6.882739999999548,0.10000000000000009
6.884409999999548,0.10000000000000009
6.886079999999548,0.1000000000000002
6.8877499999995475,0.09999999999999998
6.889419999999547,0.10000000000000009
6.891089999999547,0.10000000000000009
6.892759999999547,0.10000000000000009
6.894429999999547,0.1000000000000002
6.896099999999547,0.09999999999999998
6.8977699999995465,0.10000000000000009
6.899439999999546,0.10000000000000009
6.901109999999546,0.10000000000000009
6.902779999999546,0.1000000000000002
6.904449999999546,0.09999999999999998
6.906119999999546,0.10000000000000009
6.907789999999546,0.10000000000000009
6.909459999999545,0.10000000000000009
6.911129999999545,0.1000000000000002
6.912799999999545,0.09999999999999998
6.914469999999545,0.10000000000000009
6.916139999999545,0.10000000000000009
6.917809999999545,0.10000000000000009
6.919479999999544,0.1000000000000002
6.921149999999544,0.09999999999999998
6.922819999999544,0.10000000000000009
6.924489999999544,0.10000000000000009
6.926159999999544,0.10000000000000009
6.927829999999544,0.1000000000000002
6.9294999999995435,0.09999999999999998
6.931169999999543,0.10000000000000009
6.932839999999543,0.10000000000000009
6.934509999999543,0.10000000000000009
6.936179999999543,0.1000000000000002
6.937849999999543,0.09999999999999998
6.9395199999995425,0.10000000000000009
6.941189999999542,0.10000000000000009
6.942859999999542,0.10000000000000009
6.944529999999542,0.1000000000000002
6.946199999999542,0.09999999999999998
6.947869999999542,0.10000000000000009
6.9495399999995415,0.10000000000000009
6.951209999999541,0.10000000000000009
6.952879999999541,0.1000000000000002
6.954549999999541,0.09999999999999998
6.956219999999541,0.10000000000000009
6.957889999999541,0.10000000000000009
6.959559999999541,0.10000000000000009
6.96122999999954,0.1000000000000002
6.96289999999954,0.09999999999999998
6.96456999999954,0.10000000000000009
6.96623999999954,0.10000000000000009
6.96790999999954,0.10000000000000009
6.96957999999954,0.1000000000000002
6.971249999999539,0.09999999999999998
6.972919999999539,0.10000000000000009
6.974589999999539,0.10000000000000009
6.976259999999539,0.10000000000000009
6.977929999999539,0.1000000000000002
6.979599999999539,0.09999999999999998
6.9812699999995385,0.10000000000000009
6.982939999999538,0.10000000000000009
6.984609999999538,0.10000000000000009
6.986279999999538,0.1000000000000002
6.987949999999538,0.09999999999999998
6.989619999999538,0.10000000000000009
6.9912899999995375,0.10000000000000009
6.992959999999537,0.10000000000000009
6.994629999999537,0.1000000000000002
6.996299999999537,0.09999999999999998
6.997969999999537,0.10000000000000009
6.999639999999537,0.10000000000000009
7.0013099999995365,0.10000000000000009
7.002979999999536,0.10000000000000009
7.004649999999536,0.10000000000000009
7.006319999999536,0.10000000000000009
7.007989999999536,0.10000000000000009
7.009659999999536,0.10000000000000009
7.0113299999995355,0.10000000000000009
7.012999999999535,0.10000000000000009
7.014669999999535,0.10000000000000009
7.016339999999535,0.10000000000000009
7.018009999999535,0.10000000000000009
7.019679999999535,0.10000000000000009
7.021349999999535,0.10000000000000009
7.023019999999534,0.10000000000000009
7.024689999999534,0.10000000000000009
7.026359999999534,0.10000000000000009
7.028029999999534,0.10000000000000009
7.029699999999534,0.10000000000000009
7.031369999999534,0.10000000000000009
7.033039999999533,0.10000000000000009
7.034709999999533,0.10000000000000009
7.036379999999533,0.10000000000000009
7.038049999999533,0.10000000000000009
7.039719999999533,0.10000000000000009
7.041389999999533,0.10000000000000009
7.0430599999995325,0.10000000000000009
7.044729999999532,0.10000000000000009
7.046399999999532,0.10000000000000009
7.048069999999532,0.10000000000000009
7.049739999999532,0.10000000000000009
7.051409999999532,0.10000000000000009
7.0530799999995315,0.10000000000000009
7.054749999999531,0.10000000000000009
7.056419999999531,0.10000000000000009
7.058089999999531,0.10000000000000009
7.059759999999531,0.10000000000000009
7.061429999999531,0.10000000000000009
7.0630999999995305,0.10000000000000009
7.06476999999953,0.10000000000000009
7.06643999999953,0.10000000000000009
7.06810999999953,0.10000000000000009
7.06977999999953,0.10000000000000009
7.07144999999953,0.10000000000000009
7.07311999999953,0.10000000000000009
7.074789999999529,0.10000000000000009
7.076459999999529,0.10000000000000009
7.078129999999529,0.10000000000000009
7.079799999999529,0.10000000000000009
7.081469999999529,0.10000000000000009
7.083139999999529,0.10000000000000009
7.084809999999528,0.10000000000000009
7.086479999999528,0.10000000000000009
7.088149999999528,0.10000000000000009
7.089819999999528,0.10000000000000009
7.091489999999528,0.10000000000000009
7.093159999999528,0.10000000000000009
7.0948299999995275,0.10000000000000009
7.096499999999527,0.10000000000000009
7.098169999999527,0.10000000000000009
7.099839999999527,0.10000000000000009
7.101509999999527,0.10000000000000009
7.103179999999527,0.10000000000000009
7.1048499999995265,0.10000000000000009
7.106519999999526,0.10000000000000009
7.108189999999526,0.10000000000000009
7.109859999999526,0.10000000000000009
7.111529999999526,0.10000000000000009
7.113199999999526,0.10000000000000009
7.1148699999995255,0.10000000000000009
7.116539999999525,0.10000000000000009
7.118209999999525,0.10000000000000009
7.119879999999525,0.10000000000000009
7.121549999999525,0.10000000000000009
7.123219999999525,0.10000000000000009
7.1248899999995245,0.10000000000000009
7.126559999999524,0.10000000000000009
7.128229999999524,0.10000000000000009
7.129899999999524,0.10000000000000009
7.131569999999524,0.10000000000000009
7.133239999999524,0.10000000000000009
7.134909999999524,0.10000000000000009
7.136579999999523,0.10000000000000009
7.138249999999523,0.10000000000000009
7.139919999999523,0.10000000000000009
7.141589999999523,0.10000000000000009
7.143259999999523,0.10000000000000009
7.144929999999523,0.10000000000000009
7.1465999999995224,0.10000000000000009
7.148269999999522,0.10000000000000009
7.149939999999522,0.10000000000000009
7.151609999999522,0.10000000000000009
7.153279999999522,0.10000000000000009
7.154949999999522,0.10000000000000009
7.1566199999995215,0.10000000000000009
7.158289999999521,0.10000000000000009
7.159959999999521,0.10000000000000009
7.161629999999521,0.10000000000000009
7.163299999999521,0.10000000000000009
7.164969999999521,0.10000000000000009
7.1666399999995205,0.10000000000000009
7.16830999999952,0.10000000000000009
7.16997999999952,0.10000000000000009
7.17164999999952,0.10000000000000009
7.17331999999952,0.10000000000000009
7.17498999999952,0.10000000000000009
7.1766599999995195,0.10000000000000009
7.178329999999519,0.10000000000000009
7.179999999999519,0.10000000000000009
7.181669999999519,0.10000000000000009
7.183339999999519,0.10000000000000009
7.185009999999519,0.10000000000000009
7.186679999999519,0.10000000000000009
7.188349999999518,0.10000000000000009
7.190019999999518,0.10000000000000009
7.191689999999518,0.10000000000000009
7.193359999999518,0.10000000000000009
7.195029999999518,0.10000000000000009
7.196699999999518,0.10000000000000009
7.198369999999517,0.10000000000000009
7.200039999999517,0.10000000000000009
7.201709999999517,0.10000000000000009
7.203379999999517,0.10000000000000009
7.205049999999517,0.10000000000000009
7.206719999999517,0.10000000000000009
7.2083899999995165,0.10000000000000009
7.210059999999516,0.10000000000000009
7.211729999999516,0.10000000000000009
7.213399999999516,0.10000000000000009
7.215069999999516,0.10000000000000009
7.216739999999516,0.10000000000000009
7.2184099999995155,0.10000000000000009
7.220079999999515,0.10000000000000009
7.221749999999515,0.10000000000000009
7.223419999999515,0.10000000000000009
7.225089999999515,0.10000000000000009
7.226759999999515,0.10000000000000009
7.2284299999995145,0.10000000000000009
7.230099999999514,0.10000000000000009
7.231769999999514,0.10000000000000009
7.233439999999514,0.10000000000000009
7.235109999999514,0.10000000000000009
7.236779999999514,0.10000000000000009
7.2384499999995136,0.10000000000000009
7.240119999999513,0.10000000000000009
7.241789999999513,0.10000000000000009
7.243459999999513,0.10000000000000009
7.245129999999513,0.10000000000000009
7.246799999999513,0.10000000000000009
7.248469999999513,0.10000000000000009
7.250139999999512,0.10000000000000009
7.251809999999512,0.10000000000000009
7.253479999999512,0.10000000000000009
7.255149999999512,0.10000000000000009
7.256819999999512,0.10000000000000009
7.258489999999512,0.10000000000000009
7.2601599999995114,0.10000000000000009
7.261829999999511,0.10000000000000009
7.263499999999511,0.10000000000000009
7.265169999999511,0.10000000000000009
7.266839999999511,0.10000000000000009
7.268509999999511,0.10000000000000009
7.2701799999995105,0.10000000000000009
7.27184999999951,0.10000000000000009
7.27351999999951,0.10000000000000009
7.27518999999951,0.10000000000000009
7.27685999999951,0.10000000000000009
7.27852999999951,0.10000000000000009
7.2801999999995095,0.10000000000000009
7.281869999999509,0.10000000000000009
7.283539999999509,0.10000000000000009
7.285209999999509,0.10000000000000009
7.286879999999509,0.10000000000000009
7.288549999999509,0.10000000000000009
7.2902199999995085,0.10000000000000009
7.291889999999508,0.10000000000000009
7.293559999999508,0.10000000000000009
7.295229999999508,0.10000000000000009
7.296899999999508,0.10000000000000009
7.298569999999508,0.10000000000000009
7.300239999999508,0.10000000000000009
7.301909999999507,0.10000000000000009
7.303579999999507,0.10000000000000009
7.305249999999507,0.10000000000000009
7.306919999999507,0.10000000000000009
7.308589999999507,0.10000000000000009
7.310259999999507,0.10000000000000009
7.311929999999506,0.10000000000000009
7.313599999999506,0.10000000000000009
7.315269999999506,0.10000000000000009
7.316939999999506,0.10000000000000009
7.318609999999506,0.10000000000000009
7.320279999999506,0.10000000000000009
7.3219499999995055,0.10000000000000009
7.323619999999505,0.10000000000000009
7.325289999999505,0.10000000000000009
7.326959999999505,0.10000000000000009
7.328629999999505,0.10000000000000009
7.330299999999505,0.10000000000000009
7.3319699999995045,0.10000000000000009
7.333639999999504,0.10000000000000009
7.335309999999504,0.10000000000000009
7.336979999999504,0.10000000000000009
7.338649999999504,0.10000000000000009
7.340319999999504,0.10000000000000009
7.3419899999995035,0.10000000000000009
7.343659999999503,0.10000000000000009
7.345329999999503,0.10000000000000009
7.346999999999503,0.10000000000000009
7.348669999999503,0.10000000000000009
7.350339999999503,0.10000000000000009
7.3520099999995026,0.10000000000000009
7.353679999999502,0.10000000000000009
7.355349999999502,0.10000000000000009
7.357019999999502,0.10000000000000009
7.358689999999502,0.10000000000000009
7.360359999999502,0.10000000000000009
7.362029999999502,0.10000000000000009
7.363699999999501,0.10000000000000009
7.365369999999501,0.10000000000000009
7.367039999999501,0.10000000000000009
7.368709999999501,0.10000000000000009
7.370379999999501,0.10000000000000009
7.372049999999501,0.10000000000000009
7.3737199999995005,0.10000000000000009
7.3753899999995,0.10000000000000009
7.3770599999995,0.10000000000000009
7.3787299999995,0.10000000000000009
7.3803999999995,0.10000000000000009
7.3820699999995,0.10000000000000009
7.3837399999994995,0.10000000000000009
7.385409999999499,0.10000000000000009
7.387079999999499,0.10000000000000009
7.388749999999499,0.10000000000000009
7.390419999999499,0.10000000000000009
7.392089999999499,0.10000000000000009
7.3937599999994985,0.10000000000000009
7.395429999999498,0.10000000000000009
7.397099999999498,0.10000000000000009
7.398769999999498,0.10000000000000009
7.400439999999498,0.10000000000000009
7.402109999999498,0.10000000000000009
7.4037799999994975,0.10000000000000009
7.405449999999497,0.10000000000000009
7.407119999999497,0.10000000000000009
7.408789999999497,0.10000000000000009
7.410459999999497,0.10000000000000009
7.412129999999497,0.10000000000000009
7.413799999999497,0.10000000000000009
7.415469999999496,0.10000000000000009
7.417139999999496,0.10000000000000009
7.418809999999496,0.10000000000000009
7.420479999999496,0.10000000000000009
7.422149999999496,0.10000000000000009
7.423819999999496,0.10000000000000009
7.425489999999495,0.10000000000000009
7.427159999999495,0.10000000000000009
7.428829999999495,0.10000000000000009
7.430499999999495,0.10000000000000009
7.432169999999495,0.10000000000000009
7.433839999999495,0.10000000000000009
7.4355099999994945,0.10000000000000009
7.437179999999494,0.10000000000000009
7.438849999999494,0.10000000000000009
7.440519999999494,0.10000000000000009
7.442189999999494,0.10000000000000009
7.443859999999494,0.10000000000000009
7.4455299999994935,0.10000000000000009
7.447199999999493,0.10000000000000009
7.448869999999493,0.10000000000000009
7.450539999999493,0.10000000000000009
7.452209999999493,0.10000000000000009
7.453879999999493,0.10000000000000009
7.4555499999994925,0.10000000000000009
7.457219999999492,0.10000000000000009
7.458889999999492,0.10000000000000009
7.460559999999492,0.10000000000000009
7.462229999999492,0.10000000000000009
7.463899999999492,0.10000000000000009
7.465569999999492,0.10000000000000009
7.467239999999491,0.10000000000000009
7.468909999999491,0.10000000000000009
7.470579999999491,0.10000000000000009
7.472249999999491,0.10000000000000009
7.473919999999491,0.10000000000000009
7.475589999999491,0.10000000000000009
7.47725999999949,0.10000000000000009
7.47892999999949,0.10000000000000009
7.48059999999949,0.10000000000000009
7.48226999999949,0.10000000000000009
7.48393999999949,0.10000000000000009
7.48560999999949,0.10000000000000009
7.4872799999994895,0.10000000000000009
7.488949999999489,0.10000000000000009
7.490619999999489,0.10000000000000009
7.492289999999489,0.10000000000000009
7.493959999999489,0.10000000000000009
7.495629999999489,0.10000000000000009
7.4972999999994885,0.10000000000000009
7.498969999999488,0.10000000000000009
7.500639999999488,0.10000000000000031
7.502309999999488,0.10000000000000009
7.503979999999488,0.09999999999999987
7.505649999999488,0.10000000000000009
7.5073199999994875,0.10000000000000031
7.508989999999487,0.10000000000000009
7.510659999999487,0.10000000000000009
7.512329999999487,0.10000000000000009
7.513999999999487,0.10000000000000009
7.515669999999487,0.10000000000000009
7.5173399999994865,0.10000000000000009
7.519009999999486,0.10000000000000009
7.520679999999486,0.10000000000000009
7.522349999999486,0.10000000000000009
7.524019999999486,0.10000000000000009
7.525689999999486,0.10000000000000009
7.527359999999486,0.10000000000000009
7.529029999999485,0.10000000000000009
7.530699999999485,0.09999999999999987
7.532369999999485,0.10000000000000009
7.534039999999485,0.10000000000000031
7.535709999999485,0.10000000000000009
7.537379999999485,0.09999999999999987
7.539049999999484,0.10000000000000009
7.540719999999484,0.10000000000000031
7.542389999999484,0.10000000000000009
7.544059999999484,0.10000000000000009
7.545729999999484,0.10000000000000009
7.547399999999484,0.10000000000000009
7.5490699999994835,0.10000000000000009
7.550739999999483,0.10000000000000009
7.552409999999483,0.10000000000000009
7.554079999999483,0.10000000000000009
7.555749999999483,0.10000000000000009
7.557419999999483,0.10000000000000009
7.5590899999994825,0.10000000000000009
7.560759999999482,0.10000000000000009
7.562429999999482,0.10000000000000009
7.564099999999482,0.09999999999999987
7.565769999999482,0.10000000000000009
7.567439999999482,0.10000000000000031
7.5691099999994815,0.10000000000000009
7.570779999999481,0.09999999999999987
7.572449999999481,0.10000000000000009
7.574119999999481,0.10000000000000031
7.575789999999481,0.10000000000000009
7.577459999999481,0.10000000000000009
7.579129999999481,0.10000000000000009
7.58079999999948,0.10000000000000009
7.58246999999948,0.10000000000000009
7.58413999999948,0.10000000000000009
7.58580999999948,0.10000000000000009
7.58747999999948,0.10000000000000009
7.58914999999948,0.10000000000000009
7.590819999999479,0.10000000000000009
7.592489999999479,0.10000000000000009
7.594159999999479,0.10000000000000009
7.595829999999479,0.10000000000000009
7.597499999999479,0.09999999999999987
7.599169999999479,0.10000000000000009
7.6008399999994785,0.10000000000000031
7.602509999999478,0.10000000000000009
7.604179999999478,0.09999999999999987
7.605849999999478,0.10000000000000009
7.607519999999478,0.10000000000000031
7.609189999999478,0.10000000000000009
7.6108599999994775,0.10000000000000009
7.612529999999477,0.10000000000000009
7.614199999999477,0.10000000000000009
7.615869999999477,0.10000000000000009
7.617539999999477,0.10000000000000009
7.619209999999477,0.10000000000000009
7.6208799999994765,0.10000000000000009
7.622549999999476,0.10000000000000009
7.624219999999476,0.10000000000000009
7.625889999999476,0.10000000000000009
7.627559999999476,0.10000000000000009
7.629229999999476,0.10000000000000009
7.6308999999994755,0.09999999999999987
7.632569999999475,0.10000000000000009
7.634239999999475,0.10000000000000031
7.635909999999475,0.10000000000000009
7.637579999999475,0.09999999999999987
7.639249999999475,0.10000000000000009
7.640919999999475,0.10000000000000031
7.642589999999474,0.10000000000000009
7.644259999999474,0.10000000000000009
7.645929999999474,0.10000000000000009
7.647599999999474,0.10000000000000009
7.649269999999474,0.10000000000000009
7.650939999999474,0.10000000000000009
7.6526099999994734,0.10000000000000009
7.654279999999473,0.10000000000000009
7.655949999999473,0.10000000000000009
7.657619999999473,0.10000000000000009
7.659289999999473,0.10000000000000009
7.660959999999473,0.10000000000000009
7.6626299999994725,0.10000000000000009
7.664299999999472,0.09999999999999987
7.665969999999472,0.10000000000000009
7.667639999999472,0.10000000000000031
7.669309999999472,0.10000000000000009
7.670979999999472,0.09999999999999987
7.6726499999994715,0.10000000000000009
7.674319999999471,0.10000000000000009
7.675989999999471,0.10000000000000009
7.677659999999471,0.10000000000000009
7.679329999999471,0.10000000000000009
7.680999999999471,0.10000000000000009
7.6826699999994705,0.10000000000000009
7.68433999999947,0.10000000000000009
7.68600999999947,0.10000000000000009
7.68767999999947,0.10000000000000009
7.68934999999947,0.10000000000000009
7.69101999999947,0.09999999999999987
7.69268999999947,0.10000000000000009
7.694359999999469,0.10000000000000031
7.696029999999469,0.10000000000000009
7.697699999999469,0.09999999999999987
7.699369999999469,0.10000000000000009
7.701039999999469,0.10000000000000031
7.702709999999469,0.10000000000000009
7.704379999999468,0.10000000000000009
7.706049999999468,0.10000000000000009
7.707719999999468,0.10000000000000009
7.709389999999468,0.10000000000000009
7.711059999999468,0.10000000000000009
7.712729999999468,0.10000000000000009
7.7143999999994675,0.10000000000000009
7.716069999999467,0.10000000000000009
7.717739999999467,0.10000000000000009
7.719409999999467,0.10000000000000009
7.721079999999467,0.10000000000000009
7.722749999999467,0.10000000000000009
7.7244199999994665,0.09999999999999987
7.726089999999466,0.10000000000000009
7.727759999999466,0.10000000000000031
7.729429999999466,0.10000000000000009
7.731099999999466,0.09999999999999987
7.732769999999466,0.10000000000000009
7.7344399999994655,0.10000000000000031
7.736109999999465,0.10000000000000009
7.737779999999465,0.10000000000000009
7.739449999999465,0.10000000000000009
7.741119999999465,0.10000000000000009
7.742789999999465,0.10000000000000009
7.7444599999994646,0.10000000000000009
7.746129999999464,0.10000000000000009
7.747799999999464,0.10000000000000009
7.749469999999464,0.10000000000000009
7.751139999999464,0.10000000000000009
7.752809999999464,0.10000000000000009
7.754479999999464,0.10000000000000009
7.756149999999463,0.10000000000000009
7.757819999999463,0.09999999999999987
7.759489999999463,0.10000000000000009
7.761159999999463,0.10000000000000031
7.762829999999463,0.10000000000000009
7.764499999999463,0.09999999999999987
7.7661699999994624,0.10000000000000009
7.767839999999462,0.10000000000000031
7.769509999999462,0.10000000000000009
7.771179999999462,0.10000000000000009
7.772849999999462,0.10000000000000009
7.774519999999462,0.10000000000000009
7.7761899999994615,0.10000000000000009
7.777859999999461,0.10000000000000009
7.779529999999461,0.10000000000000009
7.781199999999461,0.10000000000000009
7.782869999999461,0.10000000000000009
7.784539999999461,0.10000000000000009
7.7862099999994605,0.10000000000000009
7.78787999999946,0.10000000000000009
7.78954999999946,0.10000000000000009
7.79121999999946,0.09999999999999987
7.79288999999946,0.10000000000000009
7.79455999999946,0.10000000000000031
7.7962299999994595,0.10000000000000009
7.797899999999459,0.09999999999999987
7.799569999999459,0.10000000000000009
7.801239999999459,0.10000000000000031
7.802909999999459,0.10000000000000009
7.804579999999459,0.10000000000000009
7.806249999999459,0.10000000000000009
7.807919999999458,0.10000000000000009
7.809589999999458,0.10000000000000009
7.811259999999458,0.10000000000000009
7.812929999999458,0.10000000000000009
7.814599999999458,0.10000000000000009
7.816269999999458,0.10000000000000009
7.817939999999457,0.10000000000000009
7.819609999999457,0.10000000000000009
7.821279999999457,0.10000000000000009
7.822949999999457,0.10000000000000009
7.824619999999457,0.09999999999999987
7.826289999999457,0.10000000000000009
7.8279599999994565,0.10000000000000031
7.829629999999456,0.10000000000000009
7.831299999999456,0.09999999999999987
7.832969999999456,0.10000000000000009
7.834639999999456,0.10000000000000031
7.836309999999456,0.10000000000000009
7.8379799999994555,0.10000000000000009
7.839649999999455,0.10000000000000009
7.841319999999455,0.10000000000000009
7.842989999999455,0.10000000000000009
7.844659999999455,0.10000000000000009
7.846329999999455,0.10000000000000009
7.8479999999994545,0.10000000000000009
7.849669999999454,0.10000000000000009
7.851339999999454,0.10000000000000009
7.853009999999454,0.10000000000000009
7.854679999999454,0.10000000000000009
7.856349999999454,0.10000000000000009
7.8580199999994536,0.09999999999999987
7.859689999999453,0.10000000000000009
7.861359999999453,0.10000000000000031
7.863029999999453,0.10000000000000009
7.864699999999453,0.09999999999999987
7.866369999999453,0.10000000000000009
7.868039999999453,0.10000000000000031
7.869709999999452,0.10000000000000009
7.871379999999452,0.10000000000000009
7.873049999999452,0.10000000000000009
7.874719999999452,0.10000000000000009
7.876389999999452,0.10000000000000009
7.878059999999452,0.10000000000000009
7.8797299999994515,0.10000000000000009
7.881399999999451,0.10000000000000009
7.883069999999451,0.10000000000000009
7.884739999999451,0.10000000000000009
7.886409999999451,0.10000000000000009
7.888079999999451,0.10000000000000009
7.8897499999994505,0.10000000000000009
7.89141999999945,0.09999999999999987
7.89308999999945,0.10000000000000009
7.89475999999945,0.10000000000000031
7.89642999999945,0.10000000000000009
7.89809999999945,0.09999999999999987
7.8997699999994495,0.10000000000000009
7.901439999999449,0.10000000000000031
7.903109999999449,0.10000000000000009
7.904779999999449,0.10000000000000009
7.906449999999449,0.10000000000000009
7.908119999999449,0.10000000000000009
7.9097899999994485,0.10000000000000009
7.911459999999448,0.10000000000000009
7.913129999999448,0.10000000000000009
7.914799999999448,0.10000000000000009
7.916469999999448,0.10000000000000009
7.918139999999448,0.10000000000000009
7.919809999999448,0.10000000000000009
7.921479999999447,0.10000000000000009
7.923149999999447,0.10000000000000009
7.924819999999447,0.09999999999999987
7.926489999999447,0.10000000000000009
7.928159999999447,0.10000000000000031
7.929829999999447,0.10000000000000009
7.931499999999446,0.09999999999999987
7.933169999999446,0.10000000000000009
7.934839999999446,0.10000000000000031
7.936509999999446,0.10000000000000009
7.938179999999446,0.10000000000000009
7.939849999999446,0.10000000000000009
7.9415199999994455,0.10000000000000009
7.943189999999445,0.10000000000000009
7.944859999999445,0.10000000000000009
7.946529999999445,0.10000000000000009
7.948199999999445,0.10000000000000009
7.949869999999445,0.10000000000000009
7.9515399999994445,0.10000000000000009
7.953209999999444,0.10000000000000009
7.954879999999444,0.10000000000000009
7.956549999999444,0.10000000000000009
7.958219999999444,0.09999999999999987
7.959889999999444,0.10000000000000009
7.9615599999994435,0.10000000000000031
7.963229999999443,0.10000000000000009
7.964899999999443,0.09999999999999987
7.966569999999443,0.10000000000000009
7.968239999999443,0.10000000000000031
7.969909999999443,0.10000000000000009
7.971579999999443,0.10000000000000009
7.973249999999442,0.10000000000000009
7.974919999999442,0.10000000000000009
7.976589999999442,0.10000000000000009
7.978259999999442,0.10000000000000009
7.979929999999442,0.10000000000000009
7.981599999999442,0.10000000000000009
7.983269999999441,0.10000000000000009
7.984939999999441,0.10000000000000009
7.986609999999441,0.10000000000000009
7.988279999999441,0.10000000000000009
7.989949999999441,0.10000000000000009
7.991619999999441,0.09999999999999987
7.9932899999994405,0.10000000000000009
7.99495999999944,0.10000000000000031
7.99662999999944,0.10000000000000009
7.99829999999944,0.09999999999999987
7.99996999999944,0.10000000000000009
8.00163999999944,0.10000000000000009
8.003309999999441,0.10000000000000009
8.004979999999442,0.10000000000000009
8.006649999999443,0.10000000000000009
8.008319999999443,0.10000000000000009
8.009989999999444,0.10000000000000009
8.011659999999445,0.10000000000000009
8.013329999999446,0.10000000000000009
8.014999999999446,0.10000000000000009
8.016669999999447,0.10000000000000009
8.018339999999448,0.10000000000000009
8.020009999999449,0.10000000000000009
8.02167999999945,0.10000000000000009
8.02334999999945,0.10000000000000009
8.02501999999945,0.10000000000000009
8.026689999999451,0.10000000000000009
8.028359999999452,0.10000000000000009
8.030029999999453,0.10000000000000009
8.031699999999454,0.10000000000000009
8.033369999999454,0.10000000000000009
8.035039999999455,0.10000000000000009
8.036709999999456,0.10000000000000009
8.038379999999457,0.10000000000000009
8.040049999999457,0.10000000000000009
8.041719999999458,0.10000000000000009
8.043389999999459,0.10000000000000009
8.04505999999946,0.10000000000000009
8.04672999999946,0.10000000000000009
8.04839999999946,0.10000000000000009
8.050069999999462,0.10000000000000009
8.051739999999462,0.10000000000000009
8.053409999999463,0.10000000000000009
8.055079999999464,0.10000000000000009
8.056749999999465,0.10000000000000009
8.058419999999465,0.10000000000000009
8.060089999999466,0.10000000000000009
8.061759999999467,0.10000000000000009
8.063429999999467,0.10000000000000009
8.065099999999468,0.10000000000000009
8.066769999999469,0.10000000000000009
8.06843999999947,0.10000000000000009
8.07010999999947,0.10000000000000009
8.071779999999471,0.10000000000000009
8.073449999999472,0.10000000000000009
8.075119999999472,0.10000000000000009
8.076789999999473,0.10000000000000009
8.078459999999474,0.10000000000000009
8.080129999999475,0.10000000000000009
8.081799999999475,0.10000000000000009
8.083469999999476,0.10000000000000009
8.085139999999477,0.10000000000000009
8.086809999999478,0.10000000000000009
8.088479999999478,0.10000000000000009
8.090149999999479,0.10000000000000009
8.09181999999948,0.10000000000000009
8.09348999999948,0.10000000000000009
8.095159999999481,0.10000000000000009
8.096829999999482,0.10000000000000009
8.098499999999483,0.10000000000000009
8.100169999999483,0.10000000000000009
8.101839999999484,0.10000000000000009
8.103509999999485,0.10000000000000009
8.105179999999486,0.10000000000000009
8.106849999999486,0.10000000000000009
8.108519999999487,0.10000000000000009
8.110189999999488,0.10000000000000009
8.111859999999488,0.10000000000000009
8.11352999999949,0.10000000000000009
8.11519999999949,0.10000000000000009
8.11686999999949,0.10000000000000009
8.118539999999491,0.10000000000000009
8.120209999999492,0.10000000000000009
8.121879999999493,0.10000000000000009
8.123549999999494,0.10000000000000009
8.125219999999494,0.10000000000000009
8.126889999999495,0.10000000000000009
8.128559999999496,0.10000000000000009
8.130229999999496,0.10000000000000009
8.131899999999497,0.10000000000000009
8.133569999999498,0.10000000000000009
8.135239999999499,0.10000000000000009
8.1369099999995,0.10000000000000009
8.1385799999995,0.10000000000000009
8.1402499999995,0.10000000000000009
8.141919999999502,0.10000000000000009
8.143589999999502,0.10000000000000009
8.145259999999503,0.10000000000000009
8.146929999999504,0.10000000000000009
8.148599999999504,0.10000000000000009
8.150269999999505,0.10000000000000009
8.151939999999506,0.10000000000000009
8.153609999999507,0.10000000000000009
8.155279999999507,0.10000000000000009
8.156949999999508,0.10000000000000009
8.158619999999509,0.10000000000000009
8.16028999999951,0.10000000000000009
8.16195999999951,0.10000000000000009
8.163629999999511,0.10000000000000009
8.165299999999512,0.10000000000000009
8.166969999999512,0.10000000000000009
8.168639999999513,0.10000000000000009
8.170309999999514,0.10000000000000009
8.171979999999515,0.10000000000000009
8.173649999999515,0.10000000000000009
8.175319999999516,0.10000000000000009
8.176989999999517,0.10000000000000009
8.178659999999518,0.10000000000000009
8.180329999999518,0.10000000000000009
8.181999999999519,0.10000000000000009
8.18366999999952,0.10000000000000009
8.18533999999952,0.10000000000000009
8.187009999999521,0.10000000000000009
8.188679999999522,0.10000000000000009
8.190349999999523,0.10000000000000009
8.192019999999523,0.10000000000000009
8.193689999999524,0.10000000000000009
8.195359999999525,0.10000000000000009
8.197029999999526,0.10000000000000009
8.198699999999526,0.10000000000000009
8.200369999999527,0.10000000000000009
8.202039999999528,0.10000000000000009
8.203709999999528,0.10000000000000009
8.20537999999953,0.10000000000000009
8.20704999999953,0.10000000000000009
8.20871999999953,0.10000000000000009
8.210389999999531,0.10000000000000009
8.212059999999532,0.10000000000000009
8.213729999999533,0.10000000000000009
8.215399999999534,0.10000000000000009
8.217069999999534,0.10000000000000009
8.218739999999535,0.10000000000000009
8.220409999999536,0.10000000000000009
8.222079999999536,0.10000000000000009
8.223749999999537,0.10000000000000009
8.225419999999538,0.10000000000000009
8.227089999999539,0.10000000000000009
8.22875999999954,0.10000000000000009
8.23042999999954,0.10000000000000009
8.23209999999954,0.10000000000000009
8.233769999999542,0.10000000000000009
8.235439999999542,0.10000000000000009
8.237109999999543,0.10000000000000009
8.238779999999544,0.10000000000000009
8.240449999999544,0.10000000000000009
8.242119999999545,0.10000000000000009
8.243789999999546,0.10000000000000009
8.245459999999547,0.10000000000000009
8.247129999999547,0.10000000000000009
8.248799999999548,0.10000000000000009
8.250469999999549,0.10000000000000009
8.25213999999955,0.10000000000000009
8.25380999999955,0.10000000000000009
8.255479999999551,0.10000000000000009
8.257149999999552,0.10000000000000009
8.258819999999552,0.10000000000000009
8.260489999999553,0.10000000000000009
8.262159999999554,0.10000000000000009
8.263829999999555,0.10000000000000009
8.265499999999555,0.10000000000000009
8.267169999999556,0.10000000000000009
8.268839999999557,0.10000000000000009
8.270509999999557,0.10000000000000009
8.272179999999558,0.10000000000000009
8.273849999999559,0.10000000000000009
8.27551999999956,0.10000000000000009
8.27718999999956,0.10000000000000009
8.278859999999561,0.10000000000000009
8.280529999999562,0.10000000000000009
8.282199999999563,0.10000000000000009
8.283869999999563,0.10000000000000009
8.285539999999564,0.10000000000000009
8.287209999999565,0.10000000000000009
8.288879999999565,0.10000000000000009
8.290549999999566,0.10000000000000009
8.292219999999567,0.10000000000000009
8.293889999999568,0.10000000000000009
8.295559999999568,0.10000000000000009
8.29722999999957,0.10000000000000009
8.29889999999957,0.10000000000000009
8.30056999999957,0.10000000000000009
8.302239999999571,0.10000000000000009
8.303909999999572,0.10000000000000009
8.305579999999573,0.10000000000000009
8.307249999999573,0.10000000000000009
8.308919999999574,0.10000000000000009
8.310589999999575,0.10000000000000009
8.312259999999576,0.10000000000000009
8.313929999999576,0.10000000000000009
8.315599999999577,0.10000000000000009
8.317269999999578,0.10000000000000009
8.318939999999579,0.10000000000000009
8.32060999999958,0.10000000000000009
8.32227999999958,0.10000000000000009
8.32394999999958,0.10000000000000009
8.325619999999581,0.10000000000000009
8.327289999999582,0.10000000000000009
8.328959999999583,0.10000000000000009
8.330629999999584,0.10000000000000009
8.332299999999584,0.10000000000000009
8.333969999999585,0.10000000000000009
8.335639999999586,0.10000000000000009
8.337309999999587,0.10000000000000009
8.338979999999587,0.10000000000000009
8.340649999999588,0.10000000000000009
8.342319999999589,0.10000000000000009
8.34398999999959,0.10000000000000009
8.34565999999959,0.10000000000000009
8.347329999999591,0.10000000000000009
8.348999999999592,0.10000000000000009
8.350669999999592,0.10000000000000009
8.352339999999593,0.10000000000000009
8.354009999999594,0.10000000000000009
8.355679999999595,0.10000000000000009
8.357349999999595,0.10000000000000009
8.359019999999596,0.10000000000000009
8.360689999999597,0.10000000000000009
8.362359999999597,0.10000000000000009
8.364029999999598,0.10000000000000009
8.365699999999599,0.10000000000000009
8.3673699999996,0.10000000000000009
8.3690399999996,0.10000000000000009
8.370709999999601,0.10000000000000009
8.372379999999602,0.10000000000000009
8.374049999999603,0.10000000000000009
8.375719999999603,0.10000000000000009
8.377389999999604,0.10000000000000009
8.379059999999605,0.10000000000000009
8.380729999999605,0.10000000000000009
8.382399999999606,0.10000000000000009
8.384069999999607,0.10000000000000009
8.385739999999608,0.10000000000000009
8.387409999999608,0.10000000000000009
8.389079999999609,0.10000000000000009
8.39074999999961,0.10000000000000009
8.39241999999961,0.10000000000000009
8.394089999999611,0.10000000000000009
8.395759999999612,0.10000000000000009
8.397429999999613,0.10000000000000009
8.399099999999613,0.10000000000000009
8.400769999999614,0.10000000000000009
8.402439999999615,0.10000000000000009
8.404109999999616,0.10000000000000009
8.405779999999616,0.10000000000000009
8.407449999999617,0.10000000000000009
8.409119999999618,0.10000000000000009
8.410789999999619,0.10000000000000009
8.41245999999962,0.10000000000000009
8.41412999999962,0.10000000000000009
8.41579999999962,0.10000000000000009
8.417469999999621,0.10000000000000009
8.419139999999622,0.10000000000000009
8.420809999999623,0.10000000000000009
8.422479999999624,0.10000000000000009
8.424149999999624,0.10000000000000009
8.425819999999625,0.10000000000000009
8.427489999999626,0.10000000000000009
8.429159999999627,0.10000000000000009
8.430829999999627,0.10000000000000009
8.432499999999628,0.10000000000000009
8.434169999999629,0.10000000000000009
8.43583999999963,0.10000000000000009
8.43750999999963,0.10000000000000009
8.43917999999963,0.10000000000000009
8.440849999999632,0.10000000000000009
8.442519999999632,0.10000000000000009
8.444189999999633,0.10000000000000009
8.445859999999634,0.10000000000000009
8.447529999999634,0.10000000000000009
8.449199999999635,0.10000000000000009
8.450869999999636,0.10000000000000009
8.452539999999637,0.10000000000000009
8.454209999999637,0.10000000000000009
8.455879999999638,0.10000000000000009
8.457549999999639,0.10000000000000009
8.45921999999964,0.10000000000000009
8.46088999999964,0.10000000000000009
8.462559999999641,0.10000000000000009
8.464229999999642,0.10000000000000009
8.465899999999642,0.10000000000000009
8.467569999999643,0.10000000000000009
8.469239999999644,0.10000000000000009
8.470909999999645,0.10000000000000009
8.472579999999645,0.10000000000000009
8.474249999999646,0.10000000000000009
8.475919999999647,0.10000000000000009
8.477589999999648,0.10000000000000009
8.479259999999648,0.10000000000000009
8.480929999999649,0.10000000000000009
8.48259999999965,0.10000000000000009
8.48426999999965,0.10000000000000009
8.485939999999651,0.10000000000000009
8.487609999999652,0.10000000000000009
8.489279999999653,0.10000000000000009
8.490949999999653,0.10000000000000009
8.492619999999654,0.10000000000000009
8.494289999999655,0.10000000000000009
8.495959999999656,0.10000000000000009
8.497629999999656,0.10000000000000009
8.499299999999657,0.10000000000000009
8.500969999999658,0.10000000000000009
8.502639999999658,0.10000000000000009
8.50430999999966,0.10000000000000009
8.50597999999966,0.10000000000000009
8.50764999999966,0.10000000000000009
8.509319999999661,0.10000000000000009
8.510989999999662,0.10000000000000009
8.512659999999663,0.10000000000000009
8.514329999999664,0.10000000000000009
8.515999999999664,0.10000000000000009
8.517669999999665,0.10000000000000009
8.519339999999666,0.10000000000000009
8.521009999999666,0.10000000000000009
8.522679999999667,0.10000000000000009
8.524349999999668,0.10000000000000009
8.526019999999669,0.10000000000000009
8.52768999999967,0.10000000000000009
8.52935999999967,0.10000000000000009
8.53102999999967,0.10000000000000009
8.532699999999672,0.10000000000000009
8.534369999999672,0.10000000000000009
8.536039999999673,0.10000000000000009
8.537709999999674,0.10000000000000009
8.539379999999674,0.10000000000000009
8.541049999999675,0.10000000000000009
8.542719999999676,0.10000000000000009
8.544389999999677,0.10000000000000009
8.546059999999677,0.10000000000000009
8.547729999999678,0.10000000000000009
8.549399999999679,0.10000000000000009
8.55106999999968,0.10000000000000009
8.55273999999968,0.10000000000000009
8.554409999999681,0.10000000000000009
8.556079999999682,0.10000000000000009
8.557749999999682,0.10000000000000009
8.559419999999683,0.10000000000000009
8.561089999999684,0.10000000000000009
8.562759999999685,0.10000000000000009
8.564429999999685,0.10000000000000009
8.566099999999686,0.10000000000000009
8.567769999999687,0.10000000000000009
8.569439999999688,0.10000000000000009
8.571109999999688,0.10000000000000009
8.572779999999689,0.10000000000000009
8.57444999999969,0.10000000000000009
8.57611999999969,0.10000000000000009
8.577789999999691,0.10000000000000009
8.579459999999692,0.10000000000000009
8.581129999999693,0.10000000000000009
8.582799999999693,0.10000000000000009
8.584469999999694,0.10000000000000009
8.586139999999695,0.10000000000000009
8.587809999999696,0.10000000000000009
8.589479999999696,0.10000000000000009
8.591149999999697,0.10000000000000009
8.592819999999698,0.10000000000000009
8.594489999999698,0.10000000000000009
8.5961599999997,0.10000000000000009
8.5978299999997,0.10000000000000009
8.5994999999997,0.10000000000000009
8.601169999999701,0.10000000000000009
8.602839999999702,0.10000000000000009
8.604509999999703,0.10000000000000009
8.606179999999704,0.10000000000000009
8.607849999999704,0.10000000000000009
8.609519999999705,0.10000000000000009
8.611189999999706,0.10000000000000009
8.612859999999706,0.10000000000000009
8.614529999999707,0.10000000000000009
8.616199999999708,0.10000000000000009
8.617869999999709,0.10000000000000009
8.61953999999971,0.10000000000000009
8.62120999999971,0.10000000000000009
8.62287999999971,0.10000000000000009
8.624549999999712,0.10000000000000009
8.626219999999712,0.10000000000000009
8.627889999999713,0.10000000000000009
8.629559999999714,0.10000000000000009
8.631229999999714,0.10000000000000009
8.632899999999715,0.10000000000000009
8.634569999999716,0.10000000000000009
8.636239999999717,0.10000000000000009
8.637909999999717,0.10000000000000009
8.639579999999718,0.10000000000000009
8.641249999999719,0.10000000000000009
8.64291999999972,0.10000000000000009
8.64458999999972,0.10000000000000009
8.646259999999721,0.10000000000000009
8.647929999999722,0.10000000000000009
8.649599999999722,0.10000000000000009
8.651269999999723,0.10000000000000009
8.652939999999724,0.10000000000000009
8.654609999999725,0.10000000000000009
8.656279999999725,0.10000000000000009
8.657949999999726,0.10000000000000009
8.659619999999727,0.10000000000000009
8.661289999999727,0.10000000000000009
8.662959999999728,0.10000000000000009
8.664629999999729,0.10000000000000009
8.66629999999973,0.10000000000000009
8.66796999999973,0.10000000000000009
8.669639999999731,0.10000000000000009
8.671309999999732,0.10000000000000009
8.672979999999733,0.10000000000000009
8.674649999999733,0.10000000000000009
8.676319999999734,0.10000000000000009
8.677989999999735,0.10000000000000009
8.679659999999735,0.10000000000000009
8.681329999999736,0.10000000000000009
8.682999999999737,0.10000000000000009
8.684669999999738,0.10000000000000009
8.686339999999738,0.10000000000000009
8.688009999999739,0.10000000000000009
8.68967999999974,0.10000000000000009
8.69134999999974,0.10000000000000009
8.693019999999741,0.10000000000000009
8.694689999999742,0.10000000000000009
8.696359999999743,0.10000000000000009
8.698029999999743,0.10000000000000009
8.699699999999744,0.10000000000000009
8.701369999999745,0.10000000000000009
8.703039999999746,0.10000000000000009
8.704709999999746,0.10000000000000009
8.706379999999747,0.10000000000000009
8.708049999999748,0.10000000000000009
8.709719999999749,0.10000000000000009
8.71138999999975,0.10000000000000009
8.71305999999975,0.10000000000000009
8.71472999999975,0.10000000000000009
8.716399999999751,0.10000000000000009
8.718069999999752,0.10000000000000009
8.719739999999753,0.10000000000000009
8.721409999999754,0.10000000000000009
8.723079999999754,0.10000000000000009
8.724749999999755,0.10000000000000009
8.726419999999756,0.10000000000000009
8.728089999999757,0.10000000000000009
8.729759999999757,0.10000000000000009
8.731429999999758,0.10000000000000009
8.733099999999759,0.10000000000000009
8.73476999999976,0.10000000000000009
8.73643999999976,0.10000000000000009
8.738109999999761,0.10000000000000009
8.739779999999762,0.10000000000000009
8.741449999999762,0.10000000000000009
8.743119999999763,0.10000000000000009
8.744789999999764,0.10000000000000009
8.746459999999765,0.10000000000000009
8.748129999999765,0.10000000000000009
8.749799999999766,0.10000000000000009
8.751469999999767,0.10000000000000009
8.753139999999767,0.10000000000000009
8.754809999999768,0.10000000000000009
8.756479999999769,0.10000000000000009
8.75814999999977,0.10000000000000009
8.75981999999977,0.10000000000000009
8.761489999999771,0.10000000000000009
8.763159999999772,0.10000000000000009
8.764829999999773,0.10000000000000009
8.766499999999773,0.10000000000000009
8.768169999999774,0.10000000000000009
8.769839999999775,0.10000000000000009
8.771509999999775,0.10000000000000009
8.773179999999776,0.10000000000000009
8.774849999999777,0.10000000000000009
8.776519999999778,0.10000000000000009
8.778189999999778,0.10000000000000009
8.779859999999779,0.10000000000000009
8.78152999999978,0.10000000000000009
8.78319999999978,0.10000000000000009
8.784869999999781,0.10000000000000009
8.786539999999782,0.10000000000000009
8.788209999999783,0.10000000000000009
8.789879999999783,0.10000000000000009
8.791549999999784,0.10000000000000009
8.793219999999785,0.10000000000000009
8.794889999999786,0.10000000000000009
8.796559999999786,0.10000000000000009
8.798229999999787,0.10000000000000009
8.799899999999788,0.10000000000000009
8.801569999999789,0.10000000000000009
8.80323999999979,0.10000000000000009
8.80490999999979,0.10000000000000009
8.80657999999979,0.10000000000000009
8.808249999999791,0.10000000000000009
8.809919999999792,0.10000000000000009
8.811589999999793,0.10000000000000009
8.813259999999794,0.10000000000000009
8.814929999999794,0.10000000000000009
8.816599999999795,0.10000000000000009
8.818269999999796,0.10000000000000009
8.819939999999796,0.10000000000000009
8.821609999999797,0.10000000000000009
8.823279999999798,0.10000000000000009
8.824949999999799,0.10000000000000009
8.8266199999998,0.10000000000000009
8.8282899999998,0.10000000000000009
8.8299599999998,0.10000000000000009
8.831629999999802,0.10000000000000009
8.833299999999802,0.10000000000000009
8.834969999999803,0.10000000000000009
8.836639999999804,0.10000000000000009
8.838309999999804,0.10000000000000009
8.839979999999805,0.10000000000000009
8.841649999999806,0.10000000000000009
8.843319999999807,0.10000000000000009
8.844989999999807,0.10000000000000009
8.846659999999808,0.10000000000000009
8.848329999999809,0.10000000000000009
8.84999999999981,0.10000000000000009
8.85166999999981,0.10000000000000009
8.853339999999811,0.10000000000000009
8.855009999999812,0.10000000000000009
8.856679999999812,0.10000000000000009
8.858349999999813,0.10000000000000009
8.860019999999814,0.10000000000000009
8.861689999999815,0.10000000000000009
8.863359999999815,0.10000000000000009
8.865029999999816,0.10000000000000009
8.866699999999817,0.10000000000000009
8.868369999999818,0.10000000000000009
8.870039999999818,0.10000000000000009
8.871709999999819,0.10000000000000009
8.87337999999982,0.10000000000000009
8.87504999999982,0.10000000000000009
8.876719999999821,0.10000000000000009
8.878389999999822,0.10000000000000009
8.880059999999823,0.10000000000000009
8.881729999999823,0.10000000000000009
8.883399999999824,0.10000000000000009
8.885069999999825,0.10000000000000009
8.886739999999826,0.10000000000000009
8.888409999999826,0.10000000000000009
8.890079999999827,0.10000000000000009
8.891749999999828,0.10000000000000009
8.893419999999828,0.10000000000000009
8.89508999999983,0.10000000000000009
8.89675999999983,0.10000000000000009
8.89842999999983,0.10000000000000009
8.900099999999831,0.10000000000000009
8.901769999999832,0.10000000000000009
8.903439999999833,0.10000000000000009
8.905109999999834,0.10000000000000009
8.906779999999834,0.10000000000000009
8.908449999999835,0.10000000000000009
8.910119999999836,0.10000000000000009
8.911789999999836,0.10000000000000009
8.913459999999837,0.10000000000000009
8.915129999999838,0.10000000000000009
8.916799999999839,0.10000000000000009
8.91846999999984,0.10000000000000009
8.92013999999984,0.10000000000000009
8.92180999999984,0.10000000000000009
8.923479999999842,0.10000000000000009
8.925149999999842,0.10000000000000009
8.926819999999843,0.10000000000000009
8.928489999999844,0.10000000000000009
8.930159999999844,0.10000000000000009
8.931829999999845,0.10000000000000009
8.933499999999846,0.10000000000000009
8.935169999999847,0.10000000000000009
8.936839999999847,0.10000000000000009
8.938509999999848,0.10000000000000009
8.940179999999849,0.10000000000000009
8.94184999999985,0.10000000000000009
8.94351999999985,0.10000000000000009
8.945189999999851,0.10000000000000009
8.946859999999852,0.10000000000000009
8.948529999999852,0.10000000000000009
8.950199999999853,0.10000000000000009
8.951869999999854,0.10000000000000009
8.953539999999855,0.10000000000000009
8.955209999999855,0.10000000000000009
8.956879999999856,0.10000000000000009
8.958549999999857,0.10000000000000009
8.960219999999858,0.10000000000000009
8.961889999999858,0.10000000000000009
8.963559999999859,0.10000000000000009
8.96522999999986,0.10000000000000009
8.96689999999986,0.10000000000000009
8.968569999999861,0.10000000000000009
8.970239999999862,0.10000000000000009
8.971909999999863,0.10000000000000009
8.973579999999863,0.10000000000000009
8.975249999999864,0.10000000000000009
8.976919999999865,0.10000000000000009
8.978589999999866,0.10000000000000009
8.980259999999866,0.10000000000000009
8.981929999999867,0.10000000000000009
8.983599999999868,0.10000000000000009
8.985269999999868,0.10000000000000009
8.98693999999987,0.10000000000000009
8.98860999999987,0.10000000000000009
8.99027999999987,0.10000000000000009
8.991949999999871,0.10000000000000009
8.993619999999872,0.10000000000000009
8.995289999999873,0.10000000000000009
8.996959999999874,0.10000000000000009
8.998629999999874,0.10000000000000009
9.000299999999875,0.10002999999998763
9.001969999999876,0.10019699999998766
9.003639999999876,0.10036399999998769
9.005309999999877,0.10053099999998794
9.006979999999878,0.10069799999998774
9.008649999999879,0.10086499999998799
9.01031999999988,0.10103199999998802
9.01198999999988,0.10119899999998805
9.01365999999988,0.1013659999999883
9.015329999999881,0.1015329999999881
9.016999999999882,0.10169999999998836
9.018669999999883,0.10186699999998838
9.020339999999884,0.10203399999998841
9.022009999999884,0.10220099999998866
9.023679999999885,0.10236799999998847
9.025349999999886,0.10253499999998872
9.027019999999887,0.10270199999998875
9.028689999999887,0.10286899999998877
9.030359999999888,0.10303599999998903
9.032029999999889,0.10320299999998883
9.03369999999989,0.10336999999998908
9.03536999999989,0.10353699999998911
9.037039999999891,0.10370399999998914
9.038709999999892,0.10387099999998939
9.040379999999892,0.1040379999999892
9.042049999999893,0.10420499999998944
9.043719999999894,0.10437199999998947
9.045389999999895,0.1045389999999895
9.047059999999895,0.10470599999998975
9.048729999999896,0.10487299999998956
9.050399999999897,0.10503999999998981
9.052069999999897,0.10520699999998984
9.053739999999898,0.10537399999998986
9.055409999999899,0.10554099999999011
9.0570799999999,0.10570799999998992
9.0587499999999,0.10587499999999017
9.060419999999901,0.1060419999999902
9.062089999999902,0.10620899999999023
9.063759999999903,0.10637599999999048
9.065429999999903,0.10654299999999028
9.067099999999904,0.10670999999999053
9.068769999999905,0.10687699999999056
9.070439999999905,0.10704399999999059
9.072109999999906,0.10721099999999084
9.073779999999907,0.10737799999999065
9.075449999999908,0.1075449999999909
9.077119999999908,0.10771199999999093
9.078789999999909,0.10787899999999095
9.08045999999991,0.1080459999999912
9.08212999999991,0.10821299999999101
9.083799999999911,0.10837999999999126
9.085469999999912,0.10854699999999129
9.087139999999913,0.10871399999999132
9.088809999999913,0.10888099999999157
9.090479999999914,0.10904799999999137
9.092149999999915,0.1092149999999914
9.093819999999916,0.10938199999999165
9.095489999999916,0.10954899999999168
9.097159999999917,0.10971599999999193
9.098829999999918,0.10988299999999174
9.100499999999919,0.11004999999999177
9.10216999999992,0.11021699999999202
9.10383999999992,0.11038399999999204
9.10550999999992,0.1105509999999923
9.107179999999921,0.1107179999999921
9.108849999999922,0.11088499999999213
9.110519999999923,0.11105199999999238
9.112189999999924,0.11121899999999241
9.113859999999924,0.11138599999999266
9.115529999999925,0.11155299999999246
9.117199999999926,0.11171999999999249
9.118869999999927,0.11188699999999274
9.120539999999927,0.11205399999999277
9.122209999999928,0.11222099999999302
9.123879999999929,0.11238799999999283
9.12554999999993,0.11255499999999286
9.12721999999993,0.1127219999999931
9.128889999999931,0.11288899999999313
9.130559999999932,0.11305599999999338
9.132229999999932,0.11322299999999319
9.133899999999933,0.11338999999999322
9.135569999999934,0.11355699999999347
9.137239999999935,0.1137239999999935
9.138909999999935,0.11389099999999375
9.140579999999936,0.11405799999999355
9.142249999999937,0.11422499999999358
9.143919999999937,0.11439199999999383
9.145589999999938,0.11455899999999386
9.147259999999939,0.11472599999999411
9.14892999999994,0.11489299999999392
9.15059999999994,0.11505999999999394
9.152269999999941,0.1152269999999942
9.153939999999942,0.11539399999999422
9.155609999999943,0.11556099999999447
9.157279999999943,0.11572799999999428
9.158949999999944,0.11589499999999431
9.160619999999945,0.11606199999999456
9.162289999999945,0.11622899999999459
9.163959999999946,0.11639599999999484
9.165629999999947,0.11656299999999464
9.167299999999948,0.11672999999999467
9.168969999999948,0.11689699999999492
9.170639999999949,0.11706399999999495
9.17230999999995,0.1172309999999952
9.17397999999995,0.117397999999995
9.175649999999951,0.11756499999999503
9.177319999999952,0.11773199999999528
9.178989999999953,0.11789899999999531
9.180659999999953,0.11806599999999556
9.182329999999954,0.11823299999999537
9.183999999999955,0.1183999999999954
9.185669999999956,0.11856699999999565
9.187339999999956,0.11873399999999568
9.189009999999957,0.11890099999999593
9.190679999999958,0.11906799999999573
9.192349999999958,0.11923499999999576
9.19401999999996,0.11940199999999601
9.19568999999996,0.11956899999999604
9.19735999999996,0.11973599999999629
9.199029999999961,0.1199029999999961
9.200699999999962,0.12006999999999612
9.202369999999963,0.12023699999999637
9.204039999999964,0.1204039999999964
9.205709999999964,0.12057099999999665
9.207379999999965,0.12073799999999646
9.209049999999966,0.12090499999999649
9.210719999999966,0.12107199999999674
9.212389999999967,0.12123899999999677
9.214059999999968,0.12140599999999702
9.215729999999969,0.12157299999999682
9.21739999999997,0.12173999999999685
9.21906999999997,0.1219069999999971
9.22073999999997,0.12207399999999713
9.222409999999972,0.12224099999999738
9.224079999999972,0.12240799999999719
9.225749999999973,0.12257499999999721
9.227419999999974,0.12274199999999746
9.229089999999974,0.12290899999999749
9.230759999999975,0.12307599999999774
9.232429999999976,0.12324299999999755
9.234099999999977,0.12340999999999758
9.235769999999977,0.12357699999999783
9.237439999999978,0.12374399999999786
9.239109999999979,0.12391099999999788
9.24077999999998,0.12407799999999791
9.24244999999998,0.12424499999999794
9.244119999999981,0.12441199999999819
9.245789999999982,0.12457899999999822
9.247459999999982,0.12474599999999825
9.249129999999983,0.12491299999999828
9.250799999999984,0.1250799999999983
9.252469999999985,0.12524699999999855
9.254139999999985,0.12541399999999858
9.255809999999986,0.1255809999999986
9.257479999999987,0.12574799999999864
9.259149999999988,0.12591499999999867
9.260819999999988,0.12608199999999892
9.262489999999989,0.12624899999999895
9.26415999999999,0.12641599999999897
9.26582999999999,0.126582999999999
9.267499999999991,0.12674999999999903
9.269169999999992,0.12691699999999928
9.270839999999993,0.1270839999999993
9.272509999999993,0.12725099999999911
9.274179999999994,0.12741799999999937
9.275849999999995,0.1275849999999994
9.277519999999996,0.12775199999999964
9.279189999999996,0.12791899999999967
9.280859999999997,0.12808599999999948
9.282529999999998,0.12825299999999973
9.284199999999998,0.12841999999999976
9.28587,0.128587
9.28754,0.12875400000000004
9.28921,0.12892099999999984
9.290880000000001,0.1290880000000001
9.292550000000002,0.12925500000000012
9.294220000000003,0.12942200000000037
9.295890000000004,0.1295890000000004
9.297560000000004,0.1297560000000002
9.299230000000005,0.12992300000000045
9.300900000000006,0.13009000000000048
9.302570000000006,0.13025700000000073
9.304240000000007,0.13042400000000076
9.305910000000008,0.13059100000000057
9.307580000000009,0.13075800000000082
9.30925000000001,0.13092500000000085
9.31092000000001,0.1310920000000011
9.31259000000001,0.13125900000000112
9.314260000000012,0.13142600000000093
9.315930000000012,0.13159300000000118
9.317600000000013,0.1317600000000012
9.319270000000014,0.13192700000000146
9.320940000000014,0.1320940000000015
9.322610000000015,0.1322610000000013
9.324280000000016,0.13242800000000154
9.325950000000017,0.13259500000000157
9.327620000000017,0.13276200000000182
9.329290000000018,0.13292900000000185
9.330960000000019,0.13309600000000166
9.33263000000002,0.1332630000000019
9.33430000000002,0.13343000000000194
9.335970000000021,0.1335970000000022
9.337640000000022,0.13376400000000221
9.339310000000022,0.13393100000000202
9.340980000000023,0.13409800000000227
9.342650000000024,0.1342650000000023
9.344320000000025,0.13443200000000255
9.345990000000025,0.13459900000000258
9.347660000000026,0.13476600000000238
9.349330000000027,0.13493300000000263
9.351000000000028,0.13510000000000266
9.352670000000028,0.1352670000000029
9.354340000000029,0.13543400000000294
9.35601000000003,0.13560100000000275
9.35768000000003,0.135768000000003
9.359350000000031,0.13593500000000303
9.361020000000032,0.13610200000000328
9.362690000000033,0.1362690000000033
9.364360000000033,0.1364360000000031
9.366030000000034,0.13660300000000336
9.367700000000035,0.1367700000000034
9.369370000000036,0.13693700000000364
9.371040000000036,0.13710400000000367
9.372710000000037,0.13727100000000347
9.374380000000038,0.13743800000000372
9.376050000000038,0.13760500000000375
9.37772000000004,0.137772000000004
9.37939000000004,0.13793900000000403
9.38106000000004,0.13810600000000384
9.382730000000041,0.1382730000000041
9.384400000000042,0.13844000000000412
9.386070000000043,0.13860700000000437
9.387740000000043,0.1387740000000044
9.389410000000044,0.1389410000000042
9.391080000000045,0.13910800000000445
9.392750000000046,0.13927500000000448
9.394420000000046,0.13944200000000473
9.396090000000047,0.13960900000000476
9.397760000000048,0.13977600000000456
9.399430000000049,0.1399430000000048
9.40110000000005,0.14011000000000484
9.40277000000005,0.1402770000000051
9.40444000000005,0.14044400000000512
9.406110000000051,0.14061100000000493
9.407780000000052,0.14077800000000518
9.409450000000053,0.1409450000000052
9.411120000000054,0.14111200000000546
9.412790000000054,0.14127900000000548
9.414460000000055,0.1414460000000053
9.416130000000056,0.14161300000000554
9.417800000000057,0.14178000000000557
9.419470000000057,0.14194700000000582
9.421140000000058,0.14211400000000585
9.422810000000059,0.14228100000000565
9.42448000000006,0.1424480000000059
9.42615000000006,0.14261500000000593
9.427820000000061,0.14278200000000618
9.429490000000062,0.1429490000000062
9.431160000000062,0.14311600000000602
9.432830000000063,0.14328300000000627
9.434500000000064,0.1434500000000063
9.436170000000065,0.14361700000000654
9.437840000000065,0.14378400000000657
9.439510000000066,0.14395100000000638
9.441180000000067,0.14411800000000663
9.442850000000067,0.14428500000000666
9.444520000000068,0.1444520000000067
9.446190000000069,0.14461900000000694
9.44786000000007,0.14478600000000674
9.44953000000007,0.144953000000007
9.451200000000071,0.14512000000000702
9.452870000000072,0.14528700000000705
9.454540000000073,0.1454540000000073
9.456210000000073,0.1456210000000071
9.457880000000074,0.14578800000000736
9.459550000000075,0.14595500000000738
9.461220000000075,0.1461220000000074
9.462890000000076,0.14628900000000766
9.464560000000077,0.14645600000000747
9.466230000000078,0.14662300000000772
9.467900000000078,0.14679000000000775
9.469570000000079,0.14695700000000778
9.47124000000008,0.14712400000000803
9.47291000000008,0.14729100000000783
9.474580000000081,0.14745800000000808
9.476250000000082,0.1476250000000081
9.477920000000083,0.14779200000000814
9.479590000000083,0.1479590000000084
9.481260000000084,0.1481260000000082
9.482930000000085,0.14829300000000845
9.484600000000086,0.14846000000000847
9.486270000000086,0.1486270000000085
9.487940000000087,0.14879400000000875
9.489610000000088,0.14896100000000856
9.491280000000089,0.1491280000000088
9.49295000000009,0.14929500000000884
9.49462000000009,0.14946200000000887
9.49629000000009,0.14962900000000912
9.497960000000091,0.14979600000000892
9.499630000000092,0.14996300000000917
9.501300000000093,0.1501300000000092
9.502970000000094,0.15029700000000923
9.504640000000094,0.15046400000000948
9.506310000000095,0.15063100000000929
9.507980000000096,0.15079800000000954
9.509650000000097,0.15096500000000956
9.511320000000097,0.1511320000000096
9.512990000000098,0.15129900000000984
9.514660000000099,0.15146600000000965
9.5163300000001,0.1516330000000099
9.5180000000001,0.15180000000000993
9.5196700000001,0.15196700000000996
9.521340000000102,0.1521340000000102
9.523010000000102,0.15230100000001
9.524680000000103,0.15246800000001026
9.526350000000104,0.1526350000000103
9.528020000000105,0.15280200000001032
9.529690000000105,0.15296900000001057
9.531360000000106,0.15313600000001037
9.533030000000107,0.15330300000001063
9.534700000000107,0.15347000000001065
9.536370000000108,0.15363700000001068
9.538040000000109,0.15380400000001093
9.53971000000011,0.15397100000001074
9.54138000000011,0.154138000000011
9.543050000000111,0.15430500000001102
9.544720000000112,0.15447200000001104
9.546390000000113,0.1546390000000113
9.548060000000113,0.1548060000000111
9.549730000000114,0.15497300000001135
9.551400000000115,0.15514000000001138
9.553070000000115,0.1553070000000114
9.554740000000116,0.15547400000001166
9.556410000000117,0.15564100000001146
9.558080000000118,0.15580800000001171
9.559750000000118,0.15597500000001174
9.561420000000119,0.15614200000001177
9.56309000000012,0.15630900000001202
9.56476000000012,0.15647600000001183
9.566430000000121,0.15664300000001208
9.568100000000122,0.1568100000000121
9.569770000000123,0.15697700000001213
9.571440000000123,0.15714400000001238
9.573110000000124,0.1573110000000122
9.574780000000125,0.15747800000001244
9.576450000000126,0.15764500000001247
9.578120000000126,0.1578120000000125
9.579790000000127,0.15797900000001275
9.581460000000128,0.15814600000001255
9.583130000000128,0.1583130000000128
9.58480000000013,0.15848000000001283
9.58647000000013,0.15864700000001286
9.58814000000013,0.1588140000000131
9.589810000000131,0.15898100000001292
9.591480000000132,0.15914800000001317
9.593150000000133,0.1593150000000132
9.594820000000134,0.15948200000001322
9.596490000000134,0.15964900000001347
9.598160000000135,0.15981600000001328
9.599830000000136,0.15998300000001353
9.601500000000136,0.16015000000001356
9.603170000000137,0.1603170000000136
9.604840000000138,0.16048400000001384
9.606510000000139,0.16065100000001364
9.60818000000014,0.1608180000000139
9.60985000000014,0.16098500000001392
9.61152000000014,0.16115200000001395
9.613190000000142,0.1613190000000142
9.614860000000142,0.161486000000014
9.616530000000143,0.16165300000001426
9.618200000000144,0.16182000000001429
9.619870000000144,0.16198700000001454
9.621540000000145,0.16215400000001456
9.623210000000146,0.16232100000001437
9.624880000000147,0.16248800000001462
9.626550000000147,0.16265500000001465
9.628220000000148,0.1628220000000149
9.629890000000149,0.16298900000001493
9.63156000000015,0.16315600000001473
9.63323000000015,0.16332300000001498
9.634900000000151,0.163490000000015
9.636570000000152,0.16365700000001526
9.638240000000152,0.1638240000000153
9.639910000000153,0.1639910000000151
9.641580000000154,0.16415800000001535
9.643250000000155,0.16432500000001538
9.644920000000155,0.16449200000001563
9.646590000000156,0.16465900000001565
9.648260000000157,0.16482600000001546
9.649930000000158,0.1649930000000157
9.651600000000158,0.16516000000001574
9.653270000000159,0.165327000000016
9.65494000000016,0.16549400000001602
9.65661000000016,0.16566100000001582
9.658280000000161,0.16582800000001607
9.659950000000162,0.1659950000000161
9.661620000000163,0.16616200000001635
9.663290000000163,0.16632900000001638
9.664960000000164,0.1664960000000162
9.666630000000165,0.16666300000001644
9.668300000000166,0.16683000000001647
9.669970000000166,0.16699700000001672
9.671640000000167,0.16716400000001674
9.673310000000168,0.16733100000001655
9.674980000000168,0.1674980000000168
9.67665000000017,0.16766500000001683
9.67832000000017,0.16783200000001708
9.67999000000017,0.16799900000001688
9.681660000000171,0.1681660000000169
9.683330000000172,0.16833300000001716
9.685000000000173,0.1685000000000172
9.686670000000174,0.16866700000001744
9.688340000000174,0.16883400000001725
9.690010000000175,0.16900100000001728
9.691680000000176,0.16916800000001753
9.693350000000176,0.16933500000001755
9.695020000000177,0.1695020000000178
9.696690000000178,0.1696690000000176
9.698360000000179,0.16983600000001764
9.70003000000018,0.1700030000000179
9.70170000000018,0.17017000000001792
9.70337000000018,0.17033700000001817
9.705040000000182,0.17050400000001797
9.706710000000182,0.170671000000018
9.708380000000183,0.17083800000001825
9.710050000000184,0.17100500000001828
9.711720000000184,0.17117200000001853
9.713390000000185,0.17133900000001834
9.715060000000186,0.17150600000001837
9.716730000000187,0.17167300000001862
9.718400000000187,0.17184000000001864
9.720070000000188,0.1720070000000189
9.721740000000189,0.1721740000000187
9.72341000000019,0.17234100000001873
9.72508000000019,0.17250800000001898
9.726750000000191,0.172675000000019
9.728420000000192,0.17284200000001926
9.730090000000192,0.17300900000001906
9.731760000000193,0.1731760000000191
9.733430000000194,0.17334300000001934
9.735100000000195,0.17351000000001937
9.736770000000195,0.17367700000001962
9.738440000000196,0.17384400000001943
9.740110000000197,0.17401100000001946
9.741780000000198,0.1741780000000197
9.743450000000198,0.17434500000001973
9.745120000000199,0.17451200000001998
9.7467900000002,0.1746790000000198
9.7484600000002,0.17484600000001982
9.750130000000201,0.17501300000002007
9.751800000000202,0.1751800000000201
9.753470000000203,0.17534700000002035
9.755140000000203,0.17551400000002015
9.756810000000204,0.17568100000002018
9.758480000000205,0.17584800000002043
9.760150000000205,0.17601500000002046
9.761820000000206,0.1761820000000207
9.763490000000207,0.17634900000002052
9.765160000000208,0.17651600000002055
9.766830000000208,0.1766830000000208
9.76850000000021,0.17685000000002082
9.77017000000021,0.17701700000002107
9.77184000000021,0.17718400000002088
9.773510000000211,0.1773510000000209
9.775180000000212,0.17751800000002116
9.776850000000213,0.1776850000000212
9.778520000000213,0.17785200000002144
9.780190000000214,0.17801900000002124
9.781860000000215,0.17818600000002127
9.783530000000216,0.17835300000002152
9.785200000000216,0.17852000000002155
9.786870000000217,0.1786870000000218
9.788540000000218,0.1788540000000216
9.790210000000219,0.17902100000002164
9.79188000000022,0.17918800000002189
9.79355000000022,0.1793550000000219
9.79522000000022,0.17952200000002216
9.796890000000221,0.17968900000002197
9.798560000000222,0.179856000000022
9.800230000000223,0.18002300000002225
9.801900000000224,0.18019000000002228
9.803570000000224,0.18035700000002253
9.805240000000225,0.18052400000002233
9.806910000000226,0.18069100000002236
9.808580000000227,0.1808580000000226
9.810250000000227,0.18102500000002264
9.811920000000228,0.1811920000000229
9.813590000000229,0.1813590000000227
9.81526000000023,0.18152600000002272
9.81693000000023,0.18169300000002298
9.818600000000231,0.181860000000023
9.820270000000232,0.18202700000002325
9.821940000000232,0.18219400000002306
9.823610000000233,0.1823610000000231
9.825280000000234,0.18252800000002334
9.826950000000235,0.18269500000002337
9.828620000000235,0.18286200000002362
9.830290000000236,0.18302900000002342
9.831960000000237,0.18319600000002345
9.833630000000237,0.1833630000000237
9.835300000000238,0.18353000000002373
9.836970000000239,0.18369700000002398
9.83864000000024,0.1838640000000238
9.84031000000024,0.18403100000002381
9.841980000000241,0.18419800000002406
9.843650000000242,0.1843650000000241
9.845320000000243,0.18453200000002434
9.846990000000243,0.18469900000002415
9.848660000000244,0.18486600000002418
9.850330000000245,0.18503300000002443
9.852000000000245,0.18520000000002446
9.853670000000246,0.1853670000000247
9.855340000000247,0.1855340000000245
9.857010000000248,0.18570100000002454
9.858680000000248,0.1858680000000248
9.860350000000249,0.18603500000002482
9.86202000000025,0.18620200000002507
9.86369000000025,0.18636900000002488
9.865360000000251,0.1865360000000249
9.867030000000252,0.18670300000002515
9.868700000000253,0.18687000000002518
9.870370000000253,0.18703700000002543
9.872040000000254,0.18720400000002524
9.873710000000255,0.18737100000002527
9.875380000000256,0.18753800000002552
9.877050000000256,0.18770500000002555
9.878720000000257,0.1878720000000258
9.880390000000258,0.1880390000000256
9.882060000000259,0.18820600000002563
9.88373000000026,0.18837300000002588
9.88540000000026,0.1885400000000259
9.88707000000026,0.18870700000002616
9.888740000000261,0.18887400000002597
9.890410000000262,0.189041000000026
9.892080000000263,0.18920800000002624
9.893750000000264,0.18937500000002627
9.895420000000264,0.18954200000002652
9.897090000000265,0.18970900000002633
9.898760000000266,0.18987600000002636
9.900430000000267,0.1900430000000266
9.902100000000267,0.19021000000002664
9.903770000000268,0.19037700000002689
9.905440000000269,0.1905440000000267
9.90711000000027,0.19071100000002672
9.90878000000027,0.19087800000002697
9.91045000000027,0.191045000000027
9.912120000000272,0.19121200000002725
9.913790000000272,0.19137900000002706
9.915460000000273,0.1915460000000273
9.917130000000274,0.19171300000002733
9.918800000000275,0.19188000000002736
9.920470000000275,0.1920470000000276
9.922140000000276,0.19221400000002742
9.923810000000277,0.19238100000002767
9.925480000000277,0.1925480000000277
9.927150000000278,0.19271500000002773
9.928820000000279,0.19288200000002798
9.93049000000028,0.19304900000002778
9.93216000000028,0.19321600000002803
9.933830000000281,0.19338300000002806
9.935500000000282,0.1935500000000281
9.937170000000282,0.19371700000002834
9.938840000000283,0.19388400000002814
9.940510000000284,0.1940510000000284
9.942180000000285,0.19421800000002842
9.943850000000285,0.19438500000002845
9.945520000000286,0.1945520000000287
9.947190000000287,0.1947190000000285
9.948860000000288,0.19488600000002876
9.950530000000288,0.1950530000000288
9.952200000000289,0.19522000000002881
9.95387000000029,0.19538700000002907
9.95554000000029,0.19555400000002887
9.957210000000291,0.19572100000002912
9.958880000000292,0.19588800000002915
9.960550000000293,0.19605500000002918
9.962220000000293,0.19622200000002943
9.963890000000294,0.19638900000002923
9.965560000000295,0.19655600000002948
9.967230000000296,0.1967230000000295
9.968900000000296,0.19689000000002954
9.970570000000297,0.1970570000000298
9.972240000000298,0.1972240000000296
9.973910000000298,0.19739100000002985
9.9755800000003,0.19755800000002988
9.9772500000003,0.1977250000000299
9.9789200000003,0.19789200000003015
9.980590000000301,0.19805900000002996
9.982260000000302,0.1982260000000302
9.983930000000303,0.19839300000003024
9.985600000000304,0.19856000000003027
9.987270000000304,0.19872700000003052
9.988940000000305,0.19889400000003032
9.990610000000306,0.19906100000003057
9.992280000000306,0.1992280000000306
9.993950000000307,0.19939500000003063
9.995620000000308,0.19956200000003088
9.997290000000309,0.1997290000000307
9.99896000000031,0.19989600000003094
10.00063000000031,0.19999999999999996
10.00230000000031,0.19999999999999996
10.003970000000312,0.19999999999999996
10.005640000000312,0.19999999999999996
10.007310000000313,0.19999999999999996
10.008980000000314,0.19999999999999996
10.010650000000314,0.19999999999999996
10.012320000000315,0.19999999999999996
10.013990000000316,0.19999999999999996
10.015660000000317,0.19999999999999996
10.017330000000317,0.19999999999999996
10.019000000000318,0.19999999999999996
10.020670000000319,0.19999999999999996
10.02234000000032,0.19999999999999996
10.02401000000032,0.19999999999999996
10.025680000000321,0.19999999999999996
10.027350000000322,0.19999999999999996
10.029020000000322,0.19999999999999996
10.030690000000323,0.19999999999999996
10.032360000000324,0.19999999999999996
10.034030000000325,0.19999999999999996
10.035700000000325,0.19999999999999996
10.037370000000326,0.19999999999999996
10.039040000000327,0.19999999999999996
10.040710000000328,0.19999999999999996
10.042380000000328,0.19999999999999996
10.044050000000329,0.19999999999999996
10.04572000000033,0.19999999999999996
10.04739000000033,0.19999999999999996
10.049060000000331,0.19999999999999996
10.050730000000332,0.19999999999999996
10.052400000000333,0.19999999999999996
10.054070000000333,0.19999999999999996
10.055740000000334,0.19999999999999996
10.057410000000335,0.19999999999999996
10.059080000000336,0.19999999999999996
10.060750000000336,0.19999999999999996
10.062420000000337,0.19999999999999996
10.064090000000338,0.19999999999999996
10.065760000000338,0.19999999999999996
10.06743000000034,0.19999999999999996
10.06910000000034,0.19999999999999996
10.07077000000034,0.19999999999999996
10.072440000000341,0.19999999999999996
10.074110000000342,0.19999999999999996
10.075780000000343,0.19999999999999996
10.077450000000344,0.19999999999999996
10.079120000000344,0.19999999999999996
10.080790000000345,0.19999999999999996
10.082460000000346,0.19999999999999973
10.084130000000346,0.19999999999999996
10.085800000000347,0.19999999999999996
10.087470000000348,0.19999999999999996
10.089140000000349,0.19999999999999996
10.09081000000035,0.19999999999999996
10.09248000000035,0.19999999999999996
10.09415000000035,0.19999999999999996
10.095820000000352,0.19999999999999996
10.097490000000352,0.19999999999999996
10.099160000000353,0.19999999999999996
10.100830000000354,0.19999999999999996
10.102500000000354,0.19999999999999996
10.104170000000355,0.19999999999999996
10.105840000000356,0.19999999999999996
10.107510000000357,0.19999999999999996
10.109180000000357,0.19999999999999996
10.110850000000358,0.19999999999999996
10.112520000000359,0.19999999999999996
10.11419000000036,0.19999999999999996
10.11586000000036,0.19999999999999996
10.117530000000361,0.19999999999999996
10.119200000000362,0.19999999999999996
10.120870000000362,0.19999999999999996
10.122540000000363,0.19999999999999996
10.124210000000364,0.19999999999999996
10.125880000000365,0.19999999999999996
10.127550000000365,0.19999999999999996
10.129220000000366,0.19999999999999996
10.130890000000367,0.19999999999999996
10.132560000000367,0.19999999999999996
10.134230000000368,0.19999999999999996
10.135900000000369,0.19999999999999996
10.13757000000037,0.19999999999999996
10.13924000000037,0.19999999999999996
10.140910000000371,0.19999999999999996
10.142580000000372,0.19999999999999996
10.144250000000373,0.19999999999999996
10.145920000000373,0.19999999999999996
10.147590000000374,0.19999999999999996
10.149260000000375,0.19999999999999996
10.150930000000375,0.19999999999999996
10.152600000000376,0.19999999999999996
10.154270000000377,0.19999999999999996
10.155940000000378,0.19999999999999996
10.157610000000378,0.19999999999999996
10.15928000000038,0.19999999999999996
10.16095000000038,0.19999999999999996
10.16262000000038,0.19999999999999996
10.164290000000381,0.19999999999999996
10.165960000000382,0.19999999999999996
10.167630000000383,0.19999999999999996
10.169300000000383,0.19999999999999996
10.170970000000384,0.19999999999999996
10.172640000000385,0.19999999999999996
10.174310000000386,0.19999999999999996
10.175980000000386,0.19999999999999996
10.177650000000387,0.19999999999999996
10.179320000000388,0.19999999999999996
10.180990000000389,0.19999999999999996
10.18266000000039,0.19999999999999996
10.18433000000039,0.19999999999999996
10.18600000000039,0.19999999999999996
10.187670000000391,0.19999999999999996
10.189340000000392,0.19999999999999996
10.191010000000393,0.19999999999999996
10.192680000000394,0.19999999999999996
10.194350000000394,0.19999999999999996
10.196020000000395,0.19999999999999996
10.197690000000396,0.19999999999999996
10.199360000000397,0.19999999999999996
10.201030000000397,0.19999999999999996
10.202700000000398,0.19999999999999996
10.204370000000399,0.19999999999999996
10.2060400000004,0.19999999999999996
10.2077100000004,0.19999999999999996
10.209380000000401,0.19999999999999996
10.211050000000402,0.19999999999999996
10.212720000000402,0.19999999999999996
10.214390000000403,0.19999999999999996
10.216060000000404,0.19999999999999996
10.217730000000405,0.19999999999999996
10.219400000000405,0.19999999999999996
10.221070000000406,0.19999999999999996
10.222740000000407,0.19999999999999996
10.224410000000407,0.19999999999999996
10.226080000000408,0.19999999999999996
10.227750000000409,0.19999999999999996
10.22942000000041,0.19999999999999996
10.23109000000041,0.19999999999999996
10.232760000000411,0.19999999999999996
10.234430000000412,0.19999999999999996
10.236100000000413,0.19999999999999996
10.237770000000413,0.20000000000000018
10.239440000000414,0.19999999999999996
10.241110000000415,0.19999999999999996
10.242780000000415,0.19999999999999996
10.244450000000416,0.19999999999999996
10.246120000000417,0.20000000000000018
10.247790000000418,0.19999999999999996
10.249460000000418,0.19999999999999996
10.251130000000419,0.19999999999999996
10.25280000000042,0.19999999999999996
10.25447000000042,0.20000000000000018
10.256140000000421,0.19999999999999996
10.257810000000422,0.19999999999999996
10.259480000000423,0.19999999999999996
10.261150000000423,0.19999999999999996
10.262820000000424,0.20000000000000018
10.264490000000425,0.19999999999999996
10.266160000000426,0.19999999999999996
10.267830000000426,0.19999999999999996
10.269500000000427,0.19999999999999996
10.271170000000428,0.19999999999999996
10.272840000000429,0.19999999999999996
10.27451000000043,0.19999999999999996
10.27618000000043,0.19999999999999996
10.27785000000043,0.19999999999999996
10.279520000000431,0.19999999999999996
10.281190000000432,0.19999999999999996
10.282860000000433,0.19999999999999996
10.284530000000434,0.19999999999999996
10.286200000000434,0.19999999999999996
10.287870000000435,0.19999999999999996
10.289540000000436,0.19999999999999996
10.291210000000437,0.19999999999999996
10.292880000000437,0.19999999999999996
10.294550000000438,0.19999999999999996
10.296220000000439,0.19999999999999996
10.29789000000044,0.19999999999999996
10.29956000000044,0.19999999999999996
10.30123000000044,0.19999999999999996
10.302900000000442,0.19999999999999996
10.304570000000442,0.19999999999999996
10.306240000000443,0.19999999999999996
10.307910000000444,0.19999999999999996
10.309580000000444,0.19999999999999996
10.311250000000445,0.19999999999999996
10.312920000000446,0.19999999999999996
10.314590000000447,0.19999999999999996
10.316260000000447,0.19999999999999996
10.317930000000448,0.19999999999999996
10.319600000000449,0.19999999999999996
10.32127000000045,0.19999999999999996
10.32294000000045,0.19999999999999996
10.324610000000451,0.19999999999999996
10.326280000000452,0.19999999999999996
10.327950000000452,0.19999999999999996
10.329620000000453,0.19999999999999996
10.331290000000454,0.19999999999999996
10.332960000000455,0.19999999999999996
10.334630000000455,0.19999999999999996
10.336300000000456,0.19999999999999996
10.337970000000457,0.19999999999999996
10.339640000000458,0.19999999999999996
10.341310000000458,0.19999999999999996
10.342980000000459,0.19999999999999996
10.34465000000046,0.19999999999999996
10.34632000000046,0.19999999999999996
10.347990000000461,0.19999999999999996
10.349660000000462,0.19999999999999996
10.351330000000463,0.19999999999999996
10.353000000000463,0.19999999999999996
10.354670000000464,0.19999999999999996
10.356340000000465,0.19999999999999996
10.358010000000466,0.19999999999999996
10.359680000000466,0.19999999999999996
10.361350000000467,0.19999999999999996
10.363020000000468,0.19999999999999996
10.364690000000468,0.19999999999999996
10.36636000000047,0.19999999999999996
10.36803000000047,0.19999999999999996
10.36970000000047,0.19999999999999996
10.371370000000471,0.19999999999999996
10.373040000000472,0.19999999999999996
10.374710000000473,0.19999999999999996
10.376380000000474,0.19999999999999996
10.378050000000474,0.19999999999999996
10.379720000000475,0.19999999999999996
10.381390000000476,0.19999999999999996
10.383060000000476,0.19999999999999996
10.384730000000477,0.19999999999999996
10.386400000000478,0.19999999999999996
10.388070000000479,0.19999999999999996
10.38974000000048,0.19999999999999996
10.39141000000048,0.19999999999999996
10.39308000000048,0.19999999999999973
10.394750000000482,0.19999999999999996
10.396420000000482,0.19999999999999996
10.398090000000483,0.19999999999999996
10.399760000000484,0.19999999999999996
10.401430000000484,0.19999999999999973
10.403100000000485,0.19999999999999996
10.404770000000486,0.19999999999999996
10.406440000000487,0.19999999999999996
10.408110000000487,0.19999999999999996
10.409780000000488,0.19999999999999973
10.411450000000489,0.19999999999999996
10.41312000000049,0.19999999999999996
10.41479000000049,0.19999999999999996
10.416460000000491,0.19999999999999996
10.418130000000492,0.19999999999999973
10.419800000000492,0.19999999999999996
10.421470000000493,0.19999999999999996
10.423140000000494,0.19999999999999996
10.424810000000495,0.19999999999999996
10.426480000000495,0.19999999999999973
10.428150000000496,0.19999999999999996
10.429820000000497,0.19999999999999996
10.431490000000498,0.19999999999999996
10.433160000000498,0.19999999999999996
10.434830000000499,0.19999999999999973
10.4365000000005,0.19999999999999996
10.4381700000005,0.19999999999999996
10.439840000000501,0.19999999999999996
10.441510000000502,0.19999999999999996
10.443180000000503,0.19999999999999996
10.444850000000503,0.19999999999999996
10.446520000000504,0.19999999999999996
10.448190000000505,0.19999999999999996
10.449860000000506,0.19999999999999996
10.451530000000506,0.19999999999999996
10.453200000000507,0.19999999999999996
10.454870000000508,0.19999999999999996
10.456540000000508,0.19999999999999996
10.45821000000051,0.19999999999999996
10.45988000000051,0.19999999999999996
10.46155000000051,0.19999999999999996
10.463220000000511,0.19999999999999996
10.464890000000512,0.19999999999999996
10.466560000000513,0.19999999999999996
10.468230000000514,0.19999999999999996
10.469900000000514,0.19999999999999996
10.471570000000515,0.19999999999999996
10.473240000000516,0.19999999999999996
10.474910000000516,0.19999999999999996
10.476580000000517,0.19999999999999996
10.478250000000518,0.19999999999999996
10.479920000000519,0.19999999999999996
10.48159000000052,0.19999999999999996
10.48326000000052,0.19999999999999996
10.48493000000052,0.19999999999999996
10.486600000000522,0.19999999999999996
10.488270000000522,0.19999999999999996
10.489940000000523,0.19999999999999996
10.491610000000524,0.19999999999999996
10.493280000000524,0.19999999999999996
10.494950000000525,0.19999999999999996
10.496620000000526,0.19999999999999996
10.498290000000527,0.19999999999999996
10.499960000000527,0.19999999999999996
10.501630000000528,0.19999999999999996
10.503300000000529,0.19999999999999996
10.50497000000053,0.19999999999999996
10.50664000000053,0.19999999999999996
10.508310000000531,0.19999999999999996
10.509980000000532,0.19999999999999996
10.511650000000532,0.19999999999999996
10.513320000000533,0.19999999999999996
10.514990000000534,0.19999999999999996
10.516660000000535,0.19999999999999996
10.518330000000535,0.19999999999999996
10.520000000000536,0.19999999999999996
10.521670000000537,0.19999999999999996
10.523340000000537,0.19999999999999996
10.525010000000538,0.19999999999999996
10.526680000000539,0.19999999999999996
10.52835000000054,0.19999999999999996
10.53002000000054,0.19999999999999996
10.531690000000541,0.19999999999999996
10.533360000000542,0.19999999999999996
10.535030000000543,0.19999999999999996
10.536700000000543,0.19999999999999996
10.538370000000544,0.19999999999999996
10.540040000000545,0.19999999999999996
10.541710000000545,0.19999999999999996
10.543380000000546,0.19999999999999996
10.545050000000547,0.19999999999999996
10.546720000000548,0.19999999999999996
10.548390000000548,0.19999999999999996
10.550060000000549,0.19999999999999996
10.55173000000055,0.19999999999999996
10.55340000000055,0.19999999999999996
10.555070000000551,0.19999999999999996
10.556740000000552,0.19999999999999996
10.558410000000553,0.19999999999999996
10.560080000000553,0.19999999999999996
10.561750000000554,0.19999999999999996
10.563420000000555,0.19999999999999996
10.565090000000556,0.19999999999999996
10.566760000000556,0.19999999999999996
10.568430000000557,0.19999999999999996
10.570100000000558,0.19999999999999996
10.571770000000559,0.19999999999999996
10.57344000000056,0.19999999999999996
10.57511000000056,0.19999999999999996
10.57678000000056,0.19999999999999996
10.578450000000561,0.19999999999999996
10.580120000000562,0.19999999999999996
10.581790000000563,0.19999999999999996
10.583460000000564,0.19999999999999996
10.585130000000564,0.19999999999999996
10.586800000000565,0.19999999999999996
10.588470000000566,0.19999999999999996
10.590140000000567,0.19999999999999996
10.591810000000567,0.19999999999999996
10.593480000000568,0.19999999999999996
10.595150000000569,0.19999999999999996
10.59682000000057,0.19999999999999996
10.59849000000057,0.19999999999999996
10.600160000000571,0.19999999999999996
10.601830000000572,0.19999999999999996
10.603500000000572,0.19999999999999996
10.605170000000573,0.19999999999999996
10.606840000000574,0.19999999999999996
10.608510000000575,0.19999999999999996
10.610180000000575,0.19999999999999996
10.611850000000576,0.19999999999999996
10.613520000000577,0.19999999999999996
10.615190000000577,0.19999999999999996
10.616860000000578,0.19999999999999996
10.618530000000579,0.19999999999999973
10.62020000000058,0.19999999999999996
10.62187000000058,0.19999999999999996
10.623540000000581,0.19999999999999996
10.625210000000582,0.19999999999999996
10.626880000000583,0.19999999999999973
10.628550000000583,0.19999999999999996
10.630220000000584,0.19999999999999996
10.631890000000585,0.19999999999999996
10.633560000000585,0.19999999999999996
10.635230000000586,0.19999999999999996
10.636900000000587,0.19999999999999996
10.638570000000588,0.19999999999999996
10.640240000000588,0.19999999999999996
10.641910000000589,0.19999999999999996
10.64358000000059,0.19999999999999996
10.64525000000059,0.19999999999999996
10.646920000000591,0.19999999999999996
10.648590000000592,0.19999999999999996
10.650260000000593,0.19999999999999996
10.651930000000593,0.19999999999999996
10.653600000000594,0.19999999999999996
10.655270000000595,0.19999999999999996
10.656940000000596,0.19999999999999996
10.658610000000596,0.19999999999999996
10.660280000000597,0.19999999999999996
10.661950000000598,0.19999999999999996
10.663620000000599,0.19999999999999996
10.6652900000006,0.19999999999999996
10.6669600000006,0.19999999999999996
10.6686300000006,0.19999999999999996
10.670300000000601,0.19999999999999996
10.671970000000602,0.19999999999999996
10.673640000000603,0.19999999999999996
10.675310000000604,0.19999999999999996
10.676980000000604,0.19999999999999996
10.678650000000605,0.19999999999999996
10.680320000000606,0.19999999999999996
10.681990000000606,0.19999999999999996
10.683660000000607,0.19999999999999996
10.685330000000608,0.19999999999999996
10.687000000000609,0.19999999999999996
10.68867000000061,0.19999999999999996
10.69034000000061,0.19999999999999996
10.69201000000061,0.19999999999999996
10.693680000000612,0.19999999999999996
10.695350000000612,0.19999999999999996
10.697020000000613,0.19999999999999996
10.698690000000614,0.19999999999999996
10.700360000000614,0.19999999999999996
10.702030000000615,0.19999999999999996
10.703700000000616,0.19999999999999996
10.705370000000617,0.19999999999999996
10.707040000000617,0.19999999999999996
10.708710000000618,0.19999999999999996
10.710380000000619,0.19999999999999996
10.71205000000062,0.19999999999999996
10.71372000000062,0.19999999999999996
10.715390000000621,0.19999999999999996
10.717060000000622,0.19999999999999996
10.718730000000622,0.19999999999999996
10.720400000000623,0.19999999999999996
10.722070000000624,0.19999999999999996
10.723740000000625,0.19999999999999996
10.725410000000625,0.19999999999999996
10.727080000000626,0.19999999999999996
10.728750000000627,0.19999999999999996
10.730420000000628,0.19999999999999996
10.732090000000628,0.19999999999999996
10.733760000000629,0.19999999999999996
10.73543000000063,0.19999999999999996
10.73710000000063,0.19999999999999996
10.738770000000631,0.19999999999999996
10.740440000000632,0.19999999999999996
10.742110000000633,0.19999999999999996
10.743780000000633,0.19999999999999996
10.745450000000634,0.19999999999999996
10.747120000000635,0.19999999999999996
10.748790000000636,0.19999999999999996
10.750460000000636,0.19999999999999996
10.752130000000637,0.19999999999999996
10.753800000000638,0.19999999999999996
10.755470000000638,0.19999999999999996
10.75714000000064,0.19999999999999996
10.75881000000064,0.19999999999999996
10.76048000000064,0.19999999999999996
10.762150000000641,0.19999999999999996
10.763820000000642,0.19999999999999996
10.765490000000643,0.19999999999999996
10.767160000000644,0.19999999999999996
10.768830000000644,0.19999999999999996
10.770500000000645,0.19999999999999996
10.772170000000646,0.19999999999999996
10.773840000000646,0.19999999999999996
10.775510000000647,0.19999999999999996
10.777180000000648,0.19999999999999996
10.778850000000649,0.19999999999999996
10.78052000000065,0.19999999999999996
10.78219000000065,0.19999999999999996
10.78386000000065,0.19999999999999996
10.785530000000652,0.19999999999999996
10.787200000000652,0.19999999999999996
10.788870000000653,0.19999999999999996
10.790540000000654,0.19999999999999996
10.792210000000654,0.19999999999999996
10.793880000000655,0.19999999999999996
10.795550000000656,0.19999999999999996
10.797220000000657,0.19999999999999996
10.798890000000657,0.19999999999999996
10.800560000000658,0.19999999999999996
10.802230000000659,0.19999999999999996
10.80390000000066,0.19999999999999996
10.80557000000066,0.19999999999999996
10.807240000000661,0.19999999999999996
10.808910000000662,0.19999999999999996
10.810580000000662,0.19999999999999996
10.812250000000663,0.19999999999999996
10.813920000000664,0.19999999999999996
10.815590000000665,0.19999999999999996
10.817260000000665,0.19999999999999996
10.818930000000666,0.19999999999999996
10.820600000000667,0.19999999999999996
10.822270000000668,0.19999999999999996
10.823940000000668,0.19999999999999996
10.825610000000669,0.19999999999999996
10.82728000000067,0.19999999999999996
10.82895000000067,0.19999999999999996
10.830620000000671,0.19999999999999996
10.832290000000672,0.19999999999999996
10.833960000000673,0.19999999999999996
10.835630000000673,0.19999999999999996
10.837300000000674,0.19999999999999996
10.838970000000675,0.20000000000000018
10.840640000000676,0.19999999999999996
10.842310000000676,0.19999999999999996
10.843980000000677,0.19999999999999996
10.845650000000678,0.19999999999999996
10.847320000000678,0.20000000000000018
10.84899000000068,0.19999999999999996
10.85066000000068,0.19999999999999996
10.85233000000068,0.19999999999999996
10.854000000000681,0.19999999999999996
10.855670000000682,0.20000000000000018
10.857340000000683,0.19999999999999996
10.859010000000684,0.19999999999999996
10.860680000000684,0.19999999999999996
10.862350000000685,0.19999999999999996
10.864020000000686,0.20000000000000018
10.865690000000686,0.19999999999999996
10.867360000000687,0.19999999999999996
10.869030000000688,0.19999999999999996
10.870700000000689,0.19999999999999996
10.87237000000069,0.20000000000000018
10.87404000000069,0.19999999999999996
10.87571000000069,0.19999999999999996
10.877380000000691,0.19999999999999996
10.879050000000692,0.19999999999999996
10.880720000000693,0.20000000000000018
10.882390000000694,0.19999999999999996
10.884060000000694,0.19999999999999996
10.885730000000695,0.19999999999999996
10.887400000000696,0.19999999999999996
10.889070000000697,0.20000000000000018
10.890740000000697,0.19999999999999996
10.892410000000698,0.19999999999999996
10.894080000000699,0.19999999999999996
10.8957500000007,0.19999999999999996
10.8974200000007,0.20000000000000018
10.899090000000701,0.19999999999999996
10.900760000000702,0.19999999999999996
10.902430000000702,0.19999999999999996
10.904100000000703,0.19999999999999996
10.905770000000704,0.20000000000000018
10.907440000000705,0.19999999999999996
10.909110000000705,0.19999999999999996
10.910780000000706,0.19999999999999996
10.912450000000707,0.19999999999999996
10.914120000000707,0.19999999999999996
10.915790000000708,0.19999999999999996
10.917460000000709,0.19999999999999996
10.91913000000071,0.19999999999999996
10.92080000000071,0.19999999999999996
10.922470000000711,0.19999999999999996
10.924140000000712,0.19999999999999996
10.925810000000713,0.19999999999999996
10.927480000000713,0.19999999999999996
10.929150000000714,0.19999999999999996
10.930820000000715,0.19999999999999996
10.932490000000715,0.19999999999999996
10.934160000000716,0.19999999999999996
10.935830000000717,0.19999999999999996
10.937500000000718,0.19999999999999996
10.939170000000718,0.19999999999999996
10.940840000000719,0.19999999999999996
10.94251000000072,0.19999999999999996
10.94418000000072,0.19999999999999996
10.945850000000721,0.19999999999999996
10.947520000000722,0.19999999999999996
10.949190000000723,0.19999999999999996
10.950860000000723,0.19999999999999996
10.952530000000724,0.19999999999999996
10.954200000000725,0.19999999999999996
10.955870000000726,0.19999999999999996
10.957540000000726,0.19999999999999996
10.959210000000727,0.19999999999999996
10.960880000000728,0.19999999999999996
10.962550000000729,0.19999999999999996
10.96422000000073,0.19999999999999996
10.96589000000073,0.19999999999999996
10.96756000000073,0.19999999999999996
10.969230000000731,0.19999999999999996
10.970900000000732,0.19999999999999996
10.972570000000733,0.19999999999999996
10.974240000000734,0.19999999999999996
10.975910000000734,0.19999999999999996
10.977580000000735,0.19999999999999996
10.979250000000736,0.19999999999999996
10.980920000000737,0.19999999999999996
10.982590000000737,0.19999999999999996
10.984260000000738,0.19999999999999996
10.985930000000739,0.19999999999999996
10.98760000000074,0.19999999999999996
10.98927000000074,0.19999999999999996
10.990940000000741,0.19999999999999996
10.992610000000742,0.19999999999999996
10.994280000000742,0.19999999999999996
10.995950000000743,0.19999999999999996
10.997620000000744,0.19999999999999996
10.999290000000745,0.19999999999999996
11.000960000000745,0.19990399999992547
11.002630000000746,0.19973699999992522
11.004300000000747,0.19956999999992542
11.005970000000747,0.19940299999992517
11.007640000000748,0.19923599999992514
11.009310000000749,0.1990689999999251
11.01098000000075,0.19890199999992486
11.01265000000075,0.19873499999992505
11.014320000000751,0.1985679999999248
11.015990000000752,0.19840099999992478
11.017660000000753,0.19823399999992475
11.019330000000753,0.1980669999999245
11.021000000000754,0.1978999999999247
11.022670000000755,0.19773299999992444
11.024340000000755,0.1975659999999244
11.026010000000756,0.19739899999992438
11.027680000000757,0.19723199999992413
11.029350000000758,0.19706499999992433
11.031020000000758,0.19689799999992408
11.032690000000759,0.19673099999992405
11.03436000000076,0.19656399999992402
11.03603000000076,0.19639699999992377
11.037700000000761,0.19622999999992397
11.039370000000762,0.19606299999992371
11.041040000000763,0.1958959999999237
11.042710000000763,0.19572899999992366
11.044380000000764,0.1955619999999234
11.046050000000765,0.1953949999999236
11.047720000000766,0.19522799999992335
11.049390000000766,0.19506099999992332
11.051060000000767,0.1948939999999233
11.052730000000768,0.19472699999992304
11.054400000000769,0.19455999999992324
11.05607000000077,0.194392999999923
11.05774000000077,0.19422599999992296
11.05941000000077,0.19405899999992293
11.061080000000771,0.19389199999992268
11.062750000000772,0.19372499999992288
11.064420000000773,0.19355799999992263
11.066090000000774,0.1933909999999226
11.067760000000774,0.19322399999992257
11.069430000000775,0.19305699999992232
11.071100000000776,0.1928899999999225
11.072770000000776,0.19272299999992226
11.074440000000777,0.19255599999992223
11.076110000000778,0.1923889999999222
11.077780000000779,0.19222199999992196
11.07945000000078,0.19205499999992215
11.08112000000078,0.19188799999992212
11.08279000000078,0.19172099999992187
11.084460000000782,0.19155399999992184
11.086130000000782,0.1913869999999216
11.087800000000783,0.19121999999992179
11.089470000000784,0.19105299999992176
11.091140000000784,0.1908859999999215
11.092810000000785,0.19071899999992148
11.094480000000786,0.19055199999992123
11.096150000000787,0.19038499999992142
11.097820000000787,0.1902179999999214
11.099490000000788,0.19005099999992114
11.101160000000789,0.18988399999992112
11.10283000000079,0.18971699999992087
11.10450000000079,0.18954999999992106
11.106170000000791,0.18938299999992103
11.107840000000792,0.18921599999992078
11.109510000000792,0.18904899999992075
11.111180000000793,0.1888819999999205
11.112850000000794,0.1887149999999207
11.114520000000795,0.18854799999992067
11.116190000000795,0.18838099999992042
11.117860000000796,0.1882139999999204
11.119530000000797,0.18804699999992014
11.121200000000798,0.18787999999992033
11.122870000000798,0.1877129999999203
11.124540000000799,0.18754599999992005
11.1262100000008,0.18737899999992003
11.1278800000008,0.18721199999991978
11.129550000000801,0.18704499999991997
11.131220000000802,0.18687799999991994
11.132890000000803,0.1867109999999197
11.134560000000803,0.18654399999991966
11.136230000000804,0.1863769999999194
11.137900000000805,0.1862099999999196
11.139570000000806,0.18604299999991958
11.141240000000806,0.18587599999991933
11.142910000000807,0.1857089999999193
11.144580000000808,0.18554199999991905
11.146250000000808,0.18537499999991924
11.14792000000081,0.18520799999991922
11.14959000000081,0.18504099999991896
11.15126000000081,0.18487399999991894
11.152930000000811,0.1847069999999187
11.154600000000812,0.18453999999991888
11.156270000000813,0.18437299999991885
11.157940000000814,0.1842059999999186
11.159610000000814,0.18403899999991857
11.161280000000815,0.18387199999991832
11.162950000000816,0.18370499999991852
11.164620000000816,0.1835379999999185
11.166290000000817,0.18337099999991824
11.167960000000818,0.1832039999999182
11.169630000000819,0.18303699999991796
11.17130000000082,0.18286999999991815
11.17297000000082,0.18270299999991813
11.17464000000082,0.18253599999991788
11.176310000000822,0.18236899999991785
11.177980000000822,0.1822019999999176
11.179650000000823,0.1820349999999178
11.181320000000824,0.18186799999991776
11.182990000000824,0.1817009999999175
11.184660000000825,0.18153399999991748
11.186330000000826,0.18136699999991723
11.188000000000827,0.18119999999991743
11.189670000000827,0.1810329999999174
11.191340000000828,0.18086599999991715
11.193010000000829,0.18069899999991712
11.19468000000083,0.18053199999991687
11.19635000000083,0.18036499999991706
11.198020000000831,0.18019799999991704
11.199690000000832,0.18003099999991679
11.201360000000832,0.17986399999991676
11.203030000000833,0.1796969999999165
11.204700000000834,0.1795299999999167
11.206370000000835,0.17936299999991667
11.208040000000835,0.17919599999991642
11.209710000000836,0.1790289999999164
11.211380000000837,0.17886199999991614
11.213050000000838,0.17869499999991634
11.214720000000838,0.1785279999999163
11.216390000000839,0.17836099999991606
11.21806000000084,0.17819399999991603
11.21973000000084,0.17802699999991578
11.221400000000841,0.17785999999991597
11.223070000000842,0.17769299999991595
11.224740000000843,0.1775259999999157
11.226410000000843,0.17735899999991567
11.228080000000844,0.17719199999991542
11.229750000000845,0.1770249999999156
11.231420000000846,0.17685799999991558
11.233090000000846,0.17669099999991533
11.234760000000847,0.1765239999999153
11.236430000000848,0.17635699999991505
11.238100000000848,0.17618999999991525
11.23977000000085,0.17602299999991522
11.24144000000085,0.17585599999991497
11.24311000000085,0.17568899999991494
11.244780000000851,0.1755219999999147
11.246450000000852,0.17535499999991488
11.248120000000853,0.17518799999991486
11.249790000000853,0.1750209999999146
11.251460000000854,0.17485399999991458
11.253130000000855,0.17468699999991433
11.254800000000856,0.17451999999991452
11.256470000000856,0.1743529999999145
11.258140000000857,0.17418599999991424
11.259810000000858,0.17401899999991421
11.261480000000859,0.17385199999991396
11.26315000000086,0.17368499999991416
11.26482000000086,0.17351799999991413
11.26649000000086,0.17335099999991388
11.268160000000861,0.17318399999991385
11.269830000000862,0.17301699999991405
11.271500000000863,0.1728499999999138
11.273170000000864,0.17268299999991377
11.274840000000864,0.17251599999991352
11.276510000000865,0.1723489999999135
11.278180000000866,0.17218199999991368
11.279850000000867,0.17201499999991343
11.281520000000867,0.1718479999999134
11.283190000000868,0.17168099999991315
11.284860000000869,0.17151399999991312
11.28653000000087,0.17134699999991332
11.28820000000087,0.17117999999991307
11.289870000000871,0.17101299999991304
11.291540000000872,0.1708459999999128
11.293210000000872,0.17067899999991276
11.294880000000873,0.17051199999991296
11.296550000000874,0.1703449999999127
11.298220000000875,0.17017799999991268
11.299890000000875,0.17001099999991243
11.301560000000876,0.1698439999999124
11.303230000000877,0.1696769999999126
11.304900000000877,0.16950999999991234
11.306570000000878,0.1693429999999123
11.308240000000879,0.16917599999991206
11.30991000000088,0.16900899999991204
11.31158000000088,0.16884199999991223
11.313250000000881,0.16867499999991198
11.314920000000882,0.16850799999991195
11.316590000000883,0.1683409999999117
11.318260000000883,0.16817399999991167
11.319930000000884,0.16800699999991187
11.321600000000885,0.16783999999991162
11.323270000000885,0.1676729999999116
11.324940000000886,0.16750599999991134
11.326610000000887,0.1673389999999113
11.328280000000888,0.1671719999999115
11.329950000000888,0.16700499999991125
11.331620000000889,0.16683799999991122
11.33329000000089,0.16667099999991097
11.33496000000089,0.16650399999991095
11.336630000000891,0.16633699999991114
11.338300000000892,0.1661699999999109
11.339970000000893,0.16600299999991086
11.341640000000893,0.1658359999999106
11.343310000000894,0.16566899999991058
11.344980000000895,0.16550199999991078
11.346650000000896,0.16533499999991053
11.348320000000896,0.1651679999999105
11.349990000000897,0.16500099999991025
11.351660000000898,0.16483399999991022
11.353330000000899,0.1646669999999104
11.3550000000009,0.16449999999991016
11.3566700000009,0.16433299999991013
11.3583400000009,0.16416599999990988
11.360010000000901,0.16399899999990986
11.361680000000902,0.16383199999991005
11.363350000000903,0.1636649999999098
11.365020000000904,0.16349799999990977
11.366690000000904,0.16333099999990952
11.368360000000905,0.1631639999999095
11.370030000000906,0.1629969999999097
11.371700000000907,0.16282999999990944
11.373370000000907,0.1626629999999094
11.375040000000908,0.16249599999990916
11.376710000000909,0.16232899999990913
11.37838000000091,0.16216199999990932
11.38005000000091,0.16199499999990907
11.38172000000091,0.16182799999990904
11.383390000000912,0.1616609999999088
11.385060000000912,0.16149399999990877
11.386730000000913,0.16132699999990896
11.388400000000914,0.1611599999999087
11.390070000000915,0.16099299999990868
11.391740000000915,0.16082599999990865
11.393410000000916,0.1606589999999084
11.395080000000917,0.1604919999999086
11.396750000000917,0.16032499999990835
11.398420000000918,0.16015799999990832
11.400090000000919,0.1599909999999083
11.40176000000092,0.15982399999990804
11.40343000000092,0.15965699999990823
11.405100000000921,0.15948999999990798
11.406770000000922,0.15932299999990795
11.408440000000923,0.15915599999990793
11.410110000000923,0.15898899999990768
11.411780000000924,0.15882199999990787
11.413450000000925,0.15865499999990762
11.415120000000925,0.1584879999999076
11.416790000000926,0.15832099999990756
11.418460000000927,0.1581539999999073
11.420130000000928,0.1579869999999075
11.421800000000928,0.15781999999990726
11.423470000000929,0.15765299999990723
11.42514000000093,0.1574859999999072
11.42681000000093,0.15731899999990695
11.428480000000931,0.15715199999990714
11.430150000000932,0.1569849999999069
11.431820000000933,0.15681799999990687
11.433490000000933,0.15665099999990684
11.435160000000934,0.1564839999999066
11.436830000000935,0.15631699999990678
11.438500000000936,0.15614999999990653
11.440170000000936,0.1559829999999065
11.441840000000937,0.15581599999990647
11.443510000000938,0.15564899999990622
11.445180000000938,0.15548199999990642
11.44685000000094,0.15531499999990617
11.44852000000094,0.15514799999990614
11.45019000000094,0.1549809999999061
11.451860000000941,0.15481399999990586
11.453530000000942,0.15464699999990605
11.455200000000943,0.1544799999999058
11.456870000000944,0.15431299999990578
11.458540000000944,0.15414599999990575
11.460210000000945,0.1539789999999055
11.461880000000946,0.1538119999999057
11.463550000000946,0.15364499999990544
11.465220000000947,0.1534779999999054
11.466890000000948,0.15331099999990538
11.468560000000949,0.15314399999990513
11.47023000000095,0.15297699999990533
11.47190000000095,0.15280999999990508
11.47357000000095,0.15264299999990505
11.475240000000952,0.15247599999990502
11.476910000000952,0.15230899999990477
11.478580000000953,0.15214199999990496
11.480250000000954,0.15197499999990471
11.481920000000954,0.15180799999990469
11.483590000000955,0.15164099999990466
11.485260000000956,0.1514739999999044
11.486930000000957,0.1513069999999046
11.488600000000957,0.15113999999990435
11.490270000000958,0.15097299999990432
11.491940000000959,0.1508059999999043
11.49361000000096,0.15063899999990404
11.49528000000096,0.15047199999990424
11.496950000000961,0.150304999999904
11.498620000000962,0.15013799999990396
11.500290000000962,0.14997099999990393
11.501960000000963,0.14980399999990368
11.503630000000964,0.14963699999990387
11.505300000000965,0.14946999999990362
11.506970000000965,0.1493029999999036
11.508640000000966,0.14913599999990357
11.510310000000967,0.14896899999990332
11.511980000000968,0.1488019999999035
11.513650000000968,0.14863499999990326
11.515320000000969,0.14846799999990323
11.51699000000097,0.1483009999999032
11.51866000000097,0.14813399999990295
11.520330000000971,0.14796699999990315
11.522000000000972,0.1477999999999029
11.523670000000973,0.14763299999990287
11.525340000000973,0.14746599999990284
11.527010000000974,0.1472989999999026
11.528680000000975,0.14713199999990278
11.530350000000976,0.14696499999990253
11.532020000000976,0.1467979999999025
11.533690000000977,0.14663099999990248
11.535360000000978,0.14646399999990223
11.537030000000978,0.14629699999990242
11.53870000000098,0.14612999999990217
11.54037000000098,0.14596299999990214
11.54204000000098,0.14579599999990212
11.543710000000981,0.14562899999990186
11.545380000000982,0.14546199999990206
11.547050000000983,0.1452949999999018
11.548720000000984,0.14512799999990178
11.550390000000984,0.14496099999990175
11.552060000000985,0.1447939999999015
11.553730000000986,0.1446269999999017
11.555400000000986,0.14445999999990145
11.557070000000987,0.14429299999990142
11.558740000000988,0.1441259999999014
11.560410000000989,0.14395899999990114
11.56208000000099,0.14379199999990133
11.56375000000099,0.14362499999990108
11.56542000000099,0.14345799999990105
11.567090000000992,0.14329099999990103
11.568760000000992,0.14312399999990078
11.570430000000993,0.14295699999990097
11.572100000000994,0.14278999999990072
11.573770000000994,0.1426229999999007
11.575440000000995,0.14245599999990066
11.577110000000996,0.1422889999999004
11.578780000000997,0.1421219999999006
11.580450000000997,0.14195499999990036
11.582120000000998,0.14178799999990033
11.583790000000999,0.1416209999999003
11.585460000001,0.14145399999990005
11.587130000001,0.14128699999990024
11.588800000001001,0.1411199999999
11.590470000001002,0.14095299999989996
11.592140000001002,0.14078599999989994
11.593810000001003,0.14061899999989969
11.595480000001004,0.14045199999989988
11.597150000001005,0.14028499999989963
11.598820000001005,0.1401179999998996
11.600490000001006,0.13995099999989957
11.602160000001007,0.13978399999989932
11.603830000001008,0.13961699999989952
11.605500000001008,0.13944999999989927
11.607170000001009,0.13928299999989924
11.60884000000101,0.1391159999998992
11.61051000000101,0.13894899999989896
11.612180000001011,0.13878199999989915
11.613850000001012,0.1386149999998989
11.615520000001013,0.13844799999989887
11.617190000001013,0.13828099999989885
11.618860000001014,0.1381139999998986
11.620530000001015,0.1379469999998988
11.622200000001015,0.13777999999989854
11.623870000001016,0.1376129999998985
11.625540000001017,0.13744599999989848
11.627210000001018,0.13727899999989823
11.628880000001018,0.13711199999989843
11.63055000000102,0.13694499999989818
11.63222000000102,0.13677799999989815
11.63389000000102,0.13661099999989812
11.635560000001021,0.13644399999989787
11.637230000001022,0.13627699999989806
11.638900000001023,0.1361099999998978
11.640570000001023,0.13594299999989778
11.642240000001024,0.13577599999989753
11.643910000001025,0.1356089999998975
11.645580000001026,0.1354419999998977
11.647250000001026,0.13527499999989745
11.648920000001027,0.13510799999989742
11.650590000001028,0.13494099999989717
11.652260000001029,0.13477399999989714
11.65393000000103,0.13460699999989734
11.65560000000103,0.1344399999998971
11.65727000000103,0.13427299999989706
11.658940000001031,0.1341059999998968
11.660610000001032,0.13393899999989678
11.662280000001033,0.13377199999989697
11.663950000001034,0.13360499999989672
11.665620000001034,0.1334379999998967
11.667290000001035,0.13327099999989644
11.668960000001036,0.13310399999989642
11.670630000001037,0.1329369999998966
11.672300000001037,0.13276999999989636
11.673970000001038,0.13260299999989633
11.675640000001039,0.13243599999989608
11.67731000000104,0.13226899999989628
11.67898000000104,0.13210199999989625
11.680650000001041,0.131934999999896
11.682320000001042,0.13176799999989597
11.683990000001042,0.13160099999989572
11.685660000001043,0.1314339999998959
11.687330000001044,0.13126699999989588
11.689000000001045,0.13109999999989563
11.690670000001045,0.1309329999998956
11.692340000001046,0.13076599999989535
11.694010000001047,0.13059899999989555
11.695680000001047,0.13043199999989552
11.697350000001048,0.13026499999989527
11.699020000001049,0.13009799999989524
11.70069000000105,0.129930999999895
11.70236000000105,0.12976399999989519
11.704030000001051,0.12959699999989516
11.705700000001052,0.1294299999998949
11.707370000001053,0.12926299999989488
11.709040000001053,0.12909599999989463
11.710710000001054,0.12892899999989482
11.712380000001055,0.1287619999998948
11.714050000001055,0.12859499999989454
11.715720000001056,0.12842799999989452
11.717390000001057,0.12826099999989427
11.719060000001058,0.12809399999989446
11.720730000001058,0.12792699999989443
11.722400000001059,0.12775999999989418
11.72407000000106,0.12759299999989415
11.72574000000106,0.1274259999998939
11.727410000001061,0.1272589999998941
11.729080000001062,0.12709199999989407
11.730750000001063,0.12692499999989382
11.732420000001063,0.1267579999998938
11.734090000001064,0.12659099999989354
11.735760000001065,0.12642399999989373
11.737430000001066,0.1262569999998937
11.739100000001066,0.12608999999989345
11.740770000001067,0.12592299999989343
11.742440000001068,0.12575599999989318
11.744110000001069,0.12558899999989337
11.74578000000107,0.12542199999989334
11.74745000000107,0.1252549999998931
11.74912000000107,0.12508799999989306
11.750790000001071,0.12492099999989281
11.752460000001072,0.124753999999893
11.754130000001073,0.12458699999989298
11.755800000001074,0.12441999999989273
11.757470000001074,0.1242529999998927
11.759140000001075,0.12408599999989245
11.760810000001076,0.12391899999989264
11.762480000001077,0.12375199999989261
11.764150000001077,0.12358499999989236
11.765820000001078,0.12341799999989234
11.767490000001079,0.12325099999989209
11.76916000000108,0.12308399999989228
11.77083000000108,0.12291699999989225
11.77250000000108,0.122749999999892
11.774170000001082,0.12258299999989197
11.775840000001082,0.12241599999989172
11.777510000001083,0.12224899999989192
11.779180000001084,0.12208199999989189
11.780850000001085,0.12191499999989164
11.782520000001085,0.12174799999989161
11.784190000001086,0.12158099999989136
11.785860000001087,0.12141399999989155
11.787530000001087,0.12124699999989152
11.789200000001088,0.12107999999989127
11.790870000001089,0.12091299999989125
11.79254000000109,0.120745999999891
11.79421000000109,0.12057899999989119
11.795880000001091,0.12041199999989116
11.797550000001092,0.12024499999989091
11.799220000001093,0.12007799999989088
11.800890000001093,0.11991099999989063
11.802560000001094,0.11974399999989083
11.804230000001095,0.1195769999998908
11.805900000001095,0.11940999999989055
11.807570000001096,0.11924299999989052
11.809240000001097,0.11907599999989027
11.810910000001098,0.11890899999989046
11.812580000001098,0.11874199999989044
11.814250000001099,0.11857499999989018
11.8159200000011,0.11840799999989016
11.8175900000011,0.1182409999998899
11.819260000001101,0.1180739999998901
11.820930000001102,0.11790699999989007
11.822600000001103,0.11773999999988982
11.824270000001103,0.1175729999998898
11.825940000001104,0.11740599999988954
11.827610000001105,0.11723899999988974
11.829280000001106,0.11707199999988971
11.830950000001106,0.11690499999988946
11.832620000001107,0.11673799999988943
11.834290000001108,0.11657099999988918
11.835960000001108,0.11640399999988937
11.83763000000111,0.11623699999988912
11.83930000000111,0.1160699999998891
11.84097000000111,0.11590299999988907
11.842640000001111,0.11573599999988882
11.844310000001112,0.11556899999988901
11.845980000001113,0.11540199999988876
11.847650000001114,0.11523499999988873
11.849320000001114,0.1150679999998887
11.850990000001115,0.11490099999988845
11.852660000001116,0.11473399999988865
11.854330000001116,0.1145669999998884
11.856000000001117,0.11439999999988837
11.857670000001118,0.11423299999988834
11.859340000001119,0.11406599999988809
11.86101000000112,0.11389899999988828
11.86268000000112,0.11373199999988803
11.86435000000112,0.113564999999888
11.866020000001122,0.11339799999988798
11.867690000001122,0.11323099999988773
11.869360000001123,0.11306399999988792
11.871030000001124,0.11289699999988767
11.872700000001124,0.11272999999988764
11.874370000001125,0.11256299999988761
11.876040000001126,0.11239599999988736
11.877710000001127,0.11222899999988756
11.879380000001127,0.11206199999988731
11.881050000001128,0.11189499999988728
11.882720000001129,0.11172799999988725
11.88439000000113,0.111560999999887
11.88606000000113,0.1113939999998872
11.887730000001131,0.11122699999988694
11.889400000001132,0.11105999999988692
11.891070000001132,0.11089299999988689
11.892740000001133,0.11072599999988664
11.894410000001134,0.11055899999988683
11.896080000001135,0.11039199999988658
11.897750000001135,0.11022499999988655
11.899420000001136,0.11005799999988652
11.901090000001137,0.10989099999988627
11.902760000001138,0.10972399999988647
11.904430000001138,0.10955699999988622
11.906100000001139,0.10938999999988619
11.90777000000114,0.10922299999988616
11.90944000000114,0.10905599999988591
11.911110000001141,0.1088889999998861
11.912780000001142,0.10872199999988585
11.914450000001143,0.10855499999988583
11.916120000001143,0.1083879999998858
11.917790000001144,0.10822099999988555
11.919460000001145,0.10805399999988574
11.921130000001146,0.10788699999988549
11.922800000001146,0.10771999999988546
11.924470000001147,0.10755299999988543
11.926140000001148,0.10738599999988518
11.927810000001148,0.10721899999988538
11.92948000000115,0.10705199999988513
11.93115000000115,0.1068849999998851
11.93282000000115,0.10671799999988507
11.934490000001151,0.10655099999988482
11.936160000001152,0.10638399999988501
11.937830000001153,0.10621699999988476
11.939500000001154,0.10604999999988474
11.941170000001154,0.10588299999988471
11.942840000001155,0.10571599999988446
11.944510000001156,0.10554899999988465
11.946180000001156,0.1053819999998844
11.947850000001157,0.10521499999988437
11.949520000001158,0.10504799999988435
11.951190000001159,0.1048809999998841
11.95286000000116,0.10471399999988429
11.95453000000116,0.10454699999988404
11.95620000000116,0.10437999999988401
11.957870000001162,0.10421299999988398
11.959540000001162,0.10404599999988373
11.961210000001163,0.10387899999988393
11.962880000001164,0.10371199999988368
11.964550000001164,0.10354499999988365
11.966220000001165,0.10337799999988362
11.967890000001166,0.10321099999988337
11.969560000001167,0.10304399999988356
11.971230000001167,0.10287699999988331
11.972900000001168,0.10270999999988328
11.974570000001169,0.10254299999988326
11.97624000000117,0.102375999999883
11.97791000000117,0.1022089999998832
11.979580000001171,0.10204199999988295
11.981250000001172,0.10187499999988292
11.982920000001172,0.10170799999988289
11.984590000001173,0.10154099999988264
11.986260000001174,0.10137399999988284
11.987930000001175,0.10120699999988259
11.989600000001175,0.10103999999988256
11.991270000001176,0.10087299999988253
11.992940000001177,0.10070599999988228
11.994610000001177,0.10053899999988247
11.996280000001178,0.10037199999988222
11.997950000001179,0.1002049999998822
11.99962000000118,0.10003799999988217
12.00129000000118,0.10000000000000009
12.002960000001181,0.10000000000000009
12.004630000001182,0.10000000000000009
12.006300000001183,0.10000000000000009
12.007970000001183,0.10000000000000009
12.009640000001184,0.10000000000000009
12.011310000001185,0.10000000000000009
12.012980000001185,0.10000000000000009
12.014650000001186,0.10000000000000009
12.016320000001187,0.10000000000000009
12.017990000001188,0.10000000000000009
12.019660000001188,0.10000000000000009
12.02133000000119,0.10000000000000009
12.02300000000119,0.10000000000000009
12.02467000000119,0.10000000000000009
12.026340000001191,0.10000000000000009
12.028010000001192,0.10000000000000009
12.029680000001193,0.10000000000000009
12.031350000001193,0.10000000000000009
12.033020000001194,0.10000000000000009
12.034690000001195,0.10000000000000009
12.036360000001196,0.10000000000000009
12.038030000001196,0.10000000000000009
12.039700000001197,0.10000000000000009
12.041370000001198,0.10000000000000009
12.043040000001199,0.10000000000000009
12.0447100000012,0.10000000000000009
12.0463800000012,0.10000000000000009
12.0480500000012,0.10000000000000009
12.049720000001201,0.10000000000000009
12.051390000001202,0.10000000000000009
12.053060000001203,0.10000000000000009
12.054730000001204,0.10000000000000009
12.056400000001204,0.10000000000000009
12.058070000001205,0.10000000000000009
12.059740000001206,0.10000000000000009
12.061410000001207,0.10000000000000009
12.063080000001207,0.10000000000000009
12.064750000001208,0.10000000000000009
12.066420000001209,0.10000000000000009
12.06809000000121,0.10000000000000009
12.06976000000121,0.10000000000000009
12.071430000001211,0.10000000000000009
12.073100000001212,0.10000000000000009
12.074770000001212,0.10000000000000009
12.076440000001213,0.10000000000000009
12.078110000001214,0.10000000000000009
12.079780000001215,0.10000000000000009
12.081450000001215,0.10000000000000009
12.083120000001216,0.10000000000000009
12.084790000001217,0.10000000000000009
12.086460000001217,0.10000000000000009
12.088130000001218,0.10000000000000009
12.089800000001219,0.10000000000000009
12.09147000000122,0.10000000000000009
12.09314000000122,0.10000000000000009
12.094810000001221,0.10000000000000009
12.096480000001222,0.10000000000000009
12.098150000001223,0.10000000000000009
12.099820000001223,0.10000000000000009
12.101490000001224,0.10000000000000009
12.103160000001225,0.10000000000000009
12.104830000001225,0.10000000000000009
12.106500000001226,0.10000000000000009
12.108170000001227,0.10000000000000009
12.109840000001228,0.10000000000000009
12.111510000001228,0.10000000000000009
12.113180000001229,0.10000000000000009
12.11485000000123,0.10000000000000009
12.11652000000123,0.10000000000000009
12.118190000001231,0.10000000000000009
12.119860000001232,0.10000000000000009
12.121530000001233,0.10000000000000009
12.123200000001233,0.10000000000000009
12.124870000001234,0.10000000000000009
12.126540000001235,0.10000000000000009
12.128210000001236,0.10000000000000009
12.129880000001236,0.10000000000000009
12.131550000001237,0.10000000000000009
12.133220000001238,0.10000000000000009
12.134890000001239,0.10000000000000009
12.13656000000124,0.10000000000000009
12.13823000000124,0.10000000000000009
12.13990000000124,0.10000000000000009
12.141570000001241,0.10000000000000009
12.143240000001242,0.10000000000000009
12.144910000001243,0.10000000000000009
12.146580000001244,0.10000000000000009
12.148250000001244,0.10000000000000009
12.149920000001245,0.10000000000000009
12.151590000001246,0.10000000000000009
12.153260000001247,0.10000000000000009
12.154930000001247,0.10000000000000009
12.156600000001248,0.10000000000000009
12.158270000001249,0.10000000000000009
12.15994000000125,0.10000000000000009
12.16161000000125,0.10000000000000009
12.16328000000125,0.10000000000000009
12.164950000001252,0.10000000000000009
12.166620000001252,0.10000000000000009
12.168290000001253,0.10000000000000009
12.169960000001254,0.10000000000000009
12.171630000001255,0.10000000000000009
12.173300000001255,0.10000000000000009
12.174970000001256,0.10000000000000009
12.176640000001257,0.10000000000000009
12.178310000001257,0.10000000000000009
12.179980000001258,0.10000000000000009
12.181650000001259,0.10000000000000009
12.18332000000126,0.10000000000000009
12.18499000000126,0.10000000000000009
12.186660000001261,0.09999999999999987
12.188330000001262,0.10000000000000009
12.190000000001262,0.10000000000000009
12.191670000001263,0.10000000000000009
12.193340000001264,0.10000000000000009
12.195010000001265,0.09999999999999987
12.196680000001265,0.10000000000000009
12.198350000001266,0.10000000000000009
12.200020000001267,0.10000000000000009
12.201690000001268,0.10000000000000009
12.203360000001268,0.09999999999999987
12.205030000001269,0.10000000000000009
12.20670000000127,0.10000000000000009
12.20837000000127,0.10000000000000009
12.210040000001271,0.10000000000000009
12.211710000001272,0.09999999999999987
12.213380000001273,0.10000000000000009
12.215050000001273,0.10000000000000009
12.216720000001274,0.10000000000000009
12.218390000001275,0.10000000000000009
12.220060000001276,0.09999999999999987
12.221730000001276,0.10000000000000009
12.223400000001277,0.10000000000000009
12.225070000001278,0.10000000000000009
12.226740000001278,0.10000000000000009
12.22841000000128,0.09999999999999987
12.23008000000128,0.10000000000000009
12.23175000000128,0.10000000000000009
12.233420000001281,0.10000000000000009
12.235090000001282,0.10000000000000009
12.236760000001283,0.09999999999999987
12.238430000001284,0.10000000000000009
12.240100000001284,0.10000000000000009
12.241770000001285,0.10000000000000009
12.243440000001286,0.10000000000000009
12.245110000001286,0.09999999999999987
12.246780000001287,0.10000000000000009
12.248450000001288,0.10000000000000009
12.250120000001289,0.10000000000000009
12.25179000000129,0.10000000000000009
12.25346000000129,0.09999999999999987
12.25513000000129,0.10000000000000009
12.256800000001292,0.10000000000000009
12.258470000001292,0.10000000000000009
12.260140000001293,0.10000000000000009
12.261810000001294,0.09999999999999987
12.263480000001294,0.10000000000000009
12.265150000001295,0.10000000000000009
12.266820000001296,0.10000000000000009
12.268490000001297,0.10000000000000009
12.270160000001297,0.09999999999999987
12.271830000001298,0.10000000000000009
12.273500000001299,0.10000000000000009
12.2751700000013,0.10000000000000009
12.2768400000013,0.09999999999999987
12.278510000001301,0.09999999999999987
12.280180000001302,0.10000000000000009
12.281850000001302,0.10000000000000009
12.283520000001303,0.10000000000000009
12.285190000001304,0.09999999999999987
12.286860000001305,0.09999999999999987
12.288530000001305,0.10000000000000009
12.290200000001306,0.10000000000000009
12.291870000001307,0.10000000000000009
12.293540000001308,0.09999999999999987
12.295210000001308,0.09999999999999987
12.296880000001309,0.10000000000000009
12.29855000000131,0.10000000000000009
12.30022000000131,0.10000000000000009
12.301890000001311,0.09999999999999987
12.303560000001312,0.09999999999999987
12.305230000001313,0.10000000000000009
12.306900000001313,0.10000000000000009
12.308570000001314,0.10000000000000009
12.310240000001315,0.09999999999999987
12.311910000001316,0.09999999999999987
12.313580000001316,0.10000000000000009
12.315250000001317,0.10000000000000009
12.316920000001318,0.10000000000000009
12.318590000001318,0.09999999999999987
12.32026000000132,0.09999999999999987
12.32193000000132,0.10000000000000009
12.32360000000132,0.10000000000000009
12.325270000001321,0.10000000000000009
12.326940000001322,0.09999999999999987
12.328610000001323,0.09999999999999987
12.330280000001324,0.10000000000000009
12.331950000001324,0.10000000000000009
12.333620000001325,0.10000000000000009
12.335290000001326,0.09999999999999987
12.336960000001326,0.09999999999999987
12.338630000001327,0.10000000000000009
12.340300000001328,0.10000000000000009
12.341970000001329,0.10000000000000009
12.34364000000133,0.09999999999999987
12.34531000000133,0.09999999999999987
12.34698000000133,0.10000000000000009
12.348650000001332,0.10000000000000009
12.350320000001332,0.10000000000000009
12.351990000001333,0.09999999999999987
12.353660000001334,0.09999999999999987
12.355330000001334,0.10000000000000009
12.357000000001335,0.10000000000000009
12.358670000001336,0.10000000000000009
12.360340000001337,0.09999999999999987
12.362010000001337,0.09999999999999987
12.363680000001338,0.10000000000000009
12.365350000001339,0.10000000000000009
12.36702000000134,0.10000000000000009
12.36869000000134,0.09999999999999987
12.370360000001341,0.09999999999999987
12.372030000001342,0.10000000000000009
12.373700000001342,0.10000000000000009
12.375370000001343,0.10000000000000009
12.377040000001344,0.09999999999999987
12.378710000001345,0.09999999999999987
12.380380000001345,0.10000000000000009
12.382050000001346,0.10000000000000009
12.383720000001347,0.10000000000000009
12.385390000001347,0.09999999999999987
12.387060000001348,0.09999999999999987
12.388730000001349,0.10000000000000009
12.39040000000135,0.10000000000000009
12.39207000000135,0.10000000000000009
12.393740000001351,0.09999999999999987
12.395410000001352,0.09999999999999987
12.397080000001353,0.10000000000000009
12.398750000001353,0.10000000000000009
12.400420000001354,0.10000000000000009
12.402090000001355,0.09999999999999987
12.403760000001355,0.09999999999999987
12.405430000001356,0.10000000000000009
12.407100000001357,0.10000000000000009
12.408770000001358,0.10000000000000009
12.410440000001358,0.09999999999999987
12.412110000001359,0.09999999999999987
12.41378000000136,0.10000000000000009
12.41545000000136,0.10000000000000009
12.417120000001361,0.10000000000000009
12.418790000001362,0.09999999999999987
12.420460000001363,0.09999999999999987
12.422130000001363,0.10000000000000009
12.423800000001364,0.10000000000000009
12.425470000001365,0.10000000000000009
12.427140000001366,0.09999999999999987
12.428810000001366,0.09999999999999987
12.430480000001367,0.10000000000000009
12.432150000001368,0.10000000000000009
12.433820000001369,0.10000000000000009
12.43549000000137,0.09999999999999987
12.43716000000137,0.09999999999999987
12.43883000000137,0.10000000000000009
12.440500000001371,0.10000000000000009
12.442170000001372,0.10000000000000009
12.443840000001373,0.09999999999999987
12.445510000001374,0.09999999999999987
12.447180000001374,0.10000000000000009
12.448850000001375,0.10000000000000009
12.450520000001376,0.10000000000000009
12.452190000001377,0.09999999999999987
12.453860000001377,0.09999999999999987
12.455530000001378,0.10000000000000009
12.457200000001379,0.10000000000000009
12.45887000000138,0.10000000000000009
12.46054000000138,0.09999999999999987
12.462210000001381,0.09999999999999987
12.463880000001382,0.10000000000000009
12.465550000001382,0.10000000000000009
12.467220000001383,0.10000000000000009
12.468890000001384,0.09999999999999987
12.470560000001385,0.09999999999999987
12.472230000001385,0.10000000000000009
12.473900000001386,0.10000000000000009
12.475570000001387,0.10000000000000009
12.477240000001387,0.09999999999999987
12.478910000001388,0.09999999999999987
12.480580000001389,0.09999999999999987
12.48225000000139,0.10000000000000009
12.48392000000139,0.10000000000000009
12.485590000001391,0.09999999999999987
12.487260000001392,0.09999999999999987
12.488930000001393,0.09999999999999987
12.490600000001393,0.10000000000000009
12.492270000001394,0.10000000000000009
12.493940000001395,0.09999999999999987
12.495610000001395,0.09999999999999987
12.497280000001396,0.09999999999999987
12.498950000001397,0.10000000000000009
12.500620000001398,0.10000000000000009
12.502290000001398,0.09999999999999987
12.503960000001399,0.09999999999999987
12.5056300000014,0.09999999999999987
12.5073000000014,0.10000000000000009
12.508970000001401,0.10000000000000009
12.510640000001402,0.09999999999999987
12.512310000001403,0.09999999999999987
12.513980000001403,0.09999999999999987
12.515650000001404,0.10000000000000009
12.517320000001405,0.10000000000000009
12.518990000001406,0.09999999999999987
12.520660000001406,0.09999999999999987
12.522330000001407,0.09999999999999987
12.524000000001408,0.10000000000000009
12.525670000001409,0.10000000000000009
12.52734000000141,0.09999999999999987
12.52901000000141,0.09999999999999987
12.53068000000141,0.09999999999999987
12.532350000001411,0.10000000000000009
12.534020000001412,0.10000000000000009
12.535690000001413,0.09999999999999987
12.537360000001414,0.09999999999999987
12.539030000001414,0.09999999999999987
12.540700000001415,0.10000000000000009
12.542370000001416,0.10000000000000009
12.544040000001417,0.09999999999999987
12.545710000001417,0.09999999999999987
12.547380000001418,0.09999999999999987
12.549050000001419,0.10000000000000009
12.55072000000142,0.10000000000000009
12.55239000000142,0.09999999999999987
12.55406000000142,0.09999999999999987
12.555730000001422,0.09999999999999987
12.557400000001422,0.10000000000000009
12.559070000001423,0.10000000000000009
12.560740000001424,0.09999999999999987
12.562410000001424,0.09999999999999987
12.564080000001425,0.09999999999999987
12.565750000001426,0.10000000000000009
12.567420000001427,0.10000000000000009
12.569090000001427,0.09999999999999987
12.570760000001428,0.09999999999999987
12.572430000001429,0.09999999999999987
12.57410000000143,0.10000000000000009
12.57577000000143,0.10000000000000009
12.577440000001431,0.09999999999999987
12.579110000001432,0.09999999999999987
12.580780000001432,0.09999999999999987
12.582450000001433,0.10000000000000009
12.584120000001434,0.10000000000000009
12.585790000001435,0.09999999999999987
12.587460000001435,0.09999999999999987
12.589130000001436,0.09999999999999987
12.590800000001437,0.10000000000000009
12.592470000001438,0.10000000000000009
12.594140000001438,0.09999999999999987
12.595810000001439,0.09999999999999987
12.59748000000144,0.09999999999999987
12.59915000000144,0.10000000000000009
12.600820000001441,0.10000000000000009
12.602490000001442,0.09999999999999987
12.604160000001443,0.09999999999999987
12.605830000001443,0.09999999999999987
12.607500000001444,0.10000000000000009
12.609170000001445,0.10000000000000009
12.610840000001446,0.09999999999999987
12.612510000001446,0.09999999999999987
12.614180000001447,0.09999999999999987
12.615850000001448,0.10000000000000009
12.617520000001448,0.10000000000000009
12.61919000000145,0.09999999999999987
12.62086000000145,0.09999999999999987
12.62253000000145,0.09999999999999987
12.624200000001451,0.10000000000000009
12.625870000001452,0.10000000000000009
12.627540000001453,0.09999999999999987
12.629210000001454,0.09999999999999987
12.630880000001454,0.09999999999999987
12.632550000001455,0.10000000000000009
12.634220000001456,0.10000000000000009
12.635890000001456,0.09999999999999987
12.637560000001457,0.09999999999999987
12.639230000001458,0.09999999999999987
12.640900000001459,0.10000000000000009
12.64257000000146,0.10000000000000009
12.64424000000146,0.09999999999999987
12.64591000000146,0.09999999999999987
12.647580000001462,0.09999999999999987
12.649250000001462,0.10000000000000009
12.650920000001463,0.10000000000000009
12.652590000001464,0.09999999999999987
12.654260000001464,0.09999999999999987
12.655930000001465,0.09999999999999987
12.657600000001466,0.10000000000000009
12.659270000001467,0.10000000000000009
12.660940000001467,0.09999999999999987
12.662610000001468,0.09999999999999987
12.664280000001469,0.09999999999999987
12.66595000000147,0.10000000000000009
12.66762000000147,0.10000000000000009
12.669290000001471,0.09999999999999987
12.670960000001472,0.09999999999999987
12.672630000001472,0.09999999999999987
12.674300000001473,0.10000000000000009
12.675970000001474,0.09999999999999987
12.677640000001475,0.09999999999999987
12.679310000001475,0.09999999999999987
12.680980000001476,0.09999999999999987
12.682650000001477,0.10000000000000009
12.684320000001478,0.09999999999999987
12.685990000001478,0.09999999999999987
12.687660000001479,0.09999999999999987
12.68933000000148,0.09999999999999987
12.69100000000148,0.10000000000000009
12.692670000001481,0.09999999999999987
12.694340000001482,0.09999999999999987
12.696010000001483,0.09999999999999987
12.697680000001483,0.09999999999999987
12.699350000001484,0.10000000000000009
12.701020000001485,0.09999999999999987
12.702690000001486,0.09999999999999987
12.704360000001486,0.09999999999999987
12.706030000001487,0.09999999999999987
12.707700000001488,0.10000000000000009
12.709370000001488,0.09999999999999987
12.71104000000149,0.09999999999999987
12.71271000000149,0.09999999999999987
12.71438000000149,0.09999999999999987
12.716050000001491,0.10000000000000009
12.717720000001492,0.09999999999999987
12.719390000001493,0.09999999999999987
12.721060000001494,0.09999999999999987
12.722730000001494,0.09999999999999987
12.724400000001495,0.10000000000000009
12.726070000001496,0.09999999999999987
12.727740000001496,0.09999999999999987
12.729410000001497,0.09999999999999987
12.731080000001498,0.09999999999999987
12.732750000001499,0.10000000000000009
12.7344200000015,0.09999999999999987
12.7360900000015,0.09999999999999987
12.7377600000015,0.09999999999999987
12.739430000001501,0.09999999999999987
12.741100000001502,0.10000000000000009
12.742770000001503,0.09999999999999987
12.744440000001504,0.09999999999999987
12.746110000001504,0.09999999999999987
12.747780000001505,0.09999999999999987
12.749450000001506,0.10000000000000009
12.751120000001507,0.09999999999999987
12.752790000001507,0.09999999999999987
12.754460000001508,0.09999999999999987
12.756130000001509,0.09999999999999987
12.75780000000151,0.10000000000000009
12.75947000000151,0.09999999999999987
12.761140000001511,0.09999999999999987
12.762810000001512,0.09999999999999987
12.764480000001512,0.09999999999999987
12.766150000001513,0.10000000000000009
12.767820000001514,0.09999999999999987
12.769490000001515,0.09999999999999987
12.771160000001515,0.09999999999999987
12.772830000001516,0.09999999999999987
12.774500000001517,0.10000000000000009
12.776170000001517,0.09999999999999987
12.777840000001518,0.09999999999999987
12.779510000001519,0.09999999999999987
12.78118000000152,0.09999999999999987
12.78285000000152,0.10000000000000009
12.784520000001521,0.09999999999999987
12.786190000001522,0.09999999999999987
12.787860000001523,0.09999999999999987
12.789530000001523,0.09999999999999987
12.791200000001524,0.10000000000000009
12.792870000001525,0.09999999999999987
12.794540000001525,0.09999999999999987
12.796210000001526,0.09999999999999987
12.797880000001527,0.09999999999999987
12.799550000001528,0.10000000000000009
12.801220000001528,0.09999999999999987
12.802890000001529,0.09999999999999987
12.80456000000153,0.09999999999999987
12.80623000000153,0.09999999999999987
12.807900000001531,0.10000000000000009
12.809570000001532,0.09999999999999987
12.811240000001533,0.09999999999999987
12.812910000001533,0.09999999999999987
12.814580000001534,0.09999999999999987
12.816250000001535,0.10000000000000009
12.817920000001536,0.09999999999999987
12.819590000001536,0.09999999999999987
12.821260000001537,0.09999999999999987
12.822930000001538,0.09999999999999987
12.824600000001539,0.10000000000000009
12.82627000000154,0.09999999999999987
12.82794000000154,0.09999999999999987
12.82961000000154,0.09999999999999987
12.831280000001541,0.09999999999999987
12.832950000001542,0.10000000000000009
12.834620000001543,0.09999999999999987
12.836290000001544,0.09999999999999987
12.837960000001544,0.09999999999999987
12.839630000001545,0.09999999999999987
12.841300000001546,0.10000000000000009
12.842970000001547,0.09999999999999987
12.844640000001547,0.09999999999999987
12.846310000001548,0.09999999999999987
12.847980000001549,0.09999999999999987
12.84965000000155,0.10000000000000009
12.85132000000155,0.09999999999999987
12.852990000001551,0.09999999999999987
12.854660000001552,0.09999999999999987
12.856330000001552,0.09999999999999987
12.858000000001553,0.10000000000000009
12.859670000001554,0.09999999999999987
12.861340000001555,0.09999999999999987
12.863010000001555,0.09999999999999987
12.864680000001556,0.09999999999999987
12.866350000001557,0.10000000000000009
12.868020000001557,0.09999999999999987
12.869690000001558,0.09999999999999987
12.871360000001559,0.09999999999999987
12.87303000000156,0.09999999999999987
12.87470000000156,0.10000000000000009
12.876370000001561,0.09999999999999987
12.878040000001562,0.09999999999999987
12.879710000001563,0.09999999999999987
12.881380000001563,0.09999999999999987
12.883050000001564,0.10000000000000009
12.884720000001565,0.09999999999999987
12.886390000001565,0.09999999999999987
12.888060000001566,0.09999999999999987
12.889730000001567,0.09999999999999987
12.891400000001568,0.09999999999999987
12.893070000001568,0.09999999999999987
12.894740000001569,0.09999999999999987
12.89641000000157,0.09999999999999987
12.89808000000157,0.09999999999999987
12.899750000001571,0.09999999999999987
12.901420000001572,0.09999999999999987
12.903090000001573,0.09999999999999987
12.904760000001573,0.09999999999999987
12.906430000001574,0.09999999999999987
12.908100000001575,0.09999999999999987
12.909770000001576,0.09999999999999987
12.911440000001576,0.09999999999999987
12.913110000001577,0.09999999999999987
12.914780000001578,0.09999999999999987
12.916450000001579,0.09999999999999987
12.91812000000158,0.09999999999999987
12.91979000000158,0.09999999999999987
12.92146000000158,0.09999999999999987
12.923130000001581,0.09999999999999987
12.924800000001582,0.09999999999999987
12.926470000001583,0.09999999999999987
12.928140000001584,0.09999999999999987
12.929810000001584,0.09999999999999987
12.931480000001585,0.09999999999999987
12.933150000001586,0.09999999999999987
12.934820000001586,0.09999999999999987
12.936490000001587,0.09999999999999987
12.938160000001588,0.09999999999999987
12.939830000001589,0.09999999999999987
12.94150000000159,0.09999999999999987
12.94317000000159,0.09999999999999987
12.94484000000159,0.09999999999999987
12.946510000001592,0.09999999999999987
12.948180000001592,0.09999999999999987
12.949850000001593,0.09999999999999987
12.951520000001594,0.09999999999999987
12.953190000001594,0.09999999999999987
12.954860000001595,0.09999999999999987
12.956530000001596,0.09999999999999987
12.958200000001597,0.09999999999999987
12.959870000001597,0.09999999999999987
12.961540000001598,0.09999999999999987
12.963210000001599,0.09999999999999987
12.9648800000016,0.09999999999999987
12.9665500000016,0.09999999999999987
12.968220000001601,0.09999999999999987
12.969890000001602,0.09999999999999987
12.971560000001602,0.09999999999999987
12.973230000001603,0.09999999999999987
12.974900000001604,0.09999999999999987
12.976570000001605,0.09999999999999987
12.978240000001605,0.09999999999999987
12.979910000001606,0.09999999999999987
12.981580000001607,0.09999999999999987
12.983250000001608,0.09999999999999987
12.984920000001608,0.09999999999999987
12.986590000001609,0.09999999999999987
12.98826000000161,0.09999999999999987
12.98993000000161,0.09999999999999987
12.991600000001611,0.09999999999999987
12.993270000001612,0.09999999999999987
12.994940000001613,0.09999999999999987
12.996610000001613,0.09999999999999987
12.998280000001614,0.09999999999999987
12.999950000001615,0.09999999999999987
13.001620000001616,0.09999999999999987
13.003290000001616,0.09999999999999987
13.004960000001617,0.09999999999999987
13.006630000001618,0.09999999999999987
13.008300000001618,0.09999999999999987
13.00997000000162,0.09999999999999987
13.01164000000162,0.09999999999999987
13.01331000000162,0.09999999999999987
13.014980000001621,0.09999999999999987
13.016650000001622,0.09999999999999987
13.018320000001623,0.09999999999999987
13.019990000001624,0.09999999999999987
13.021660000001624,0.09999999999999987
13.023330000001625,0.09999999999999987
13.025000000001626,0.09999999999999987
13.026670000001626,0.09999999999999987
13.028340000001627,0.09999999999999987
13.030010000001628,0.09999999999999987
13.031680000001629,0.09999999999999987
13.03335000000163,0.09999999999999987
13.03502000000163,0.09999999999999987
13.03669000000163,0.09999999999999987
13.038360000001632,0.09999999999999987
13.040030000001632,0.09999999999999987
13.041700000001633,0.09999999999999987
13.043370000001634,0.09999999999999987
13.045040000001634,0.09999999999999987
13.046710000001635,0.09999999999999987
13.048380000001636,0.09999999999999987
13.050050000001637,0.09999999999999987
13.051720000001637,0.09999999999999987
13.053390000001638,0.09999999999999987
13.055060000001639,0.09999999999999987
13.05673000000164,0.09999999999999987
13.05840000000164,0.09999999999999987
13.060070000001641,0.09999999999999987
13.061740000001642,0.09999999999999987
13.063410000001642,0.09999999999999987
13.065080000001643,0.09999999999999987
13.066750000001644,0.09999999999999987
13.068420000001645,0.09999999999999987
13.070090000001645,0.09999999999999987
13.071760000001646,0.09999999999999987
13.073430000001647,0.09999999999999987
13.075100000001648,0.09999999999999987
13.076770000001648,0.09999999999999987
13.078440000001649,0.09999999999999987
13.08011000000165,0.09999999999999987
13.08178000000165,0.09999999999999987
13.083450000001651,0.09999999999999987
13.085120000001652,0.09999999999999987
13.086790000001653,0.09999999999999987
13.088460000001653,0.09999999999999987
13.090130000001654,0.09999999999999987
13.091800000001655,0.09999999999999987
13.093470000001656,0.09999999999999987
13.095140000001656,0.09999999999999987
13.096810000001657,0.09999999999999987
13.098480000001658,0.09999999999999987
13.100150000001658,0.09999999999999987
13.10182000000166,0.09999999999999987
13.10349000000166,0.09999999999999987
13.10516000000166,0.09999999999999987
13.106830000001661,0.09999999999999987
13.108500000001662,0.09999999999999987
13.110170000001663,0.09999999999999987
13.111840000001663,0.09999999999999987
13.113510000001664,0.09999999999999987
13.115180000001665,0.09999999999999987
13.116850000001666,0.09999999999999987
13.118520000001666,0.09999999999999987
13.120190000001667,0.09999999999999987
13.121860000001668,0.09999999999999987
13.123530000001669,0.09999999999999987
13.12520000000167,0.09999999999999987
13.12687000000167,0.09999999999999987
13.12854000000167,0.09999999999999987
13.130210000001671,0.09999999999999987
13.131880000001672,0.09999999999999987
13.133550000001673,0.09999999999999987
13.135220000001674,0.09999999999999987
13.136890000001674,0.09999999999999987
13.138560000001675,0.09999999999999987
13.140230000001676,0.09999999999999987
13.141900000001677,0.09999999999999987
13.143570000001677,0.09999999999999987
13.145240000001678,0.09999999999999987
13.146910000001679,0.09999999999999987
13.14858000000168,0.09999999999999987
13.15025000000168,0.09999999999999987
13.151920000001681,0.09999999999999987
13.153590000001682,0.09999999999999987
13.155260000001682,0.09999999999999987
13.156930000001683,0.09999999999999987
13.158600000001684,0.09999999999999987
13.160270000001685,0.09999999999999964
13.161940000001685,0.09999999999999987
13.163610000001686,0.09999999999999987
13.165280000001687,0.09999999999999987
13.166950000001687,0.09999999999999987
13.168620000001688,0.09999999999999964
13.170290000001689,0.09999999999999987
13.17196000000169,0.09999999999999987
13.17363000000169,0.09999999999999987
13.175300000001691,0.09999999999999987
13.176970000001692,0.09999999999999964
13.178640000001693,0.09999999999999987
13.180310000001693,0.09999999999999987
13.181980000001694,0.09999999999999987
13.183650000001695,0.09999999999999987
13.185320000001695,0.09999999999999987
13.186990000001696,0.09999999999999987
13.188660000001697,0.09999999999999987
13.190330000001698,0.09999999999999987
13.192000000001698,0.09999999999999987
13.193670000001699,0.09999999999999987
13.1953400000017,0.09999999999999987
13.1970100000017,0.09999999999999987
13.198680000001701,0.09999999999999987
13.200350000001702,0.09999999999999987
13.202020000001703,0.09999999999999987
13.203690000001703,0.09999999999999987
13.205360000001704,0.09999999999999987
13.207030000001705,0.09999999999999987
13.208700000001706,0.09999999999999987
13.210370000001706,0.09999999999999987
13.212040000001707,0.09999999999999987
13.213710000001708,0.09999999999999987
13.215380000001709,0.09999999999999987
13.21705000000171,0.09999999999999987
13.21872000000171,0.09999999999999987
13.22039000000171,0.09999999999999987
13.222060000001711,0.09999999999999987
13.223730000001712,0.09999999999999987
13.225400000001713,0.09999999999999987
13.227070000001714,0.09999999999999987
13.228740000001714,0.09999999999999987
13.230410000001715,0.09999999999999987
13.232080000001716,0.09999999999999987
13.233750000001717,0.09999999999999987
13.235420000001717,0.09999999999999987
13.237090000001718,0.09999999999999987
13.238760000001719,0.09999999999999987
13.24043000000172,0.09999999999999987
13.24210000000172,0.09999999999999987
13.24377000000172,0.09999999999999987
13.245440000001722,0.09999999999999987
13.247110000001722,0.09999999999999987
13.248780000001723,0.09999999999999987
13.250450000001724,0.09999999999999987
13.252120000001725,0.09999999999999987
13.253790000001725,0.09999999999999987
13.255460000001726,0.09999999999999987
13.257130000001727,0.09999999999999987
13.258800000001727,0.09999999999999987
13.260470000001728,0.09999999999999987
13.262140000001729,0.09999999999999987
13.26381000000173,0.09999999999999987
13.26548000000173,0.09999999999999987
13.267150000001731,0.09999999999999987
13.268820000001732,0.09999999999999987
13.270490000001733,0.09999999999999987
13.272160000001733,0.09999999999999987
13.273830000001734,0.09999999999999987
13.275500000001735,0.09999999999999987
13.277170000001735,0.09999999999999987
13.278840000001736,0.09999999999999987
13.280510000001737,0.09999999999999987
13.282180000001738,0.09999999999999987
13.283850000001738,0.09999999999999987
13.285520000001739,0.09999999999999987
13.28719000000174,0.09999999999999987
13.28886000000174,0.09999999999999987
13.290530000001741,0.09999999999999987
13.292200000001742,0.09999999999999987
13.293870000001743,0.09999999999999987
13.295540000001743,0.09999999999999987
13.297210000001744,0.09999999999999987
13.298880000001745,0.09999999999999987
13.300550000001746,0.09999999999999987
13.302220000001746,0.09999999999999987
13.303890000001747,0.09999999999999987
13.305560000001748,0.09999999999999987
13.307230000001748,0.09999999999999987
13.30890000000175,0.09999999999999987
13.31057000000175,0.09999999999999987
13.31224000000175,0.09999999999999987
13.313910000001751,0.09999999999999987
13.315580000001752,0.09999999999999987
13.317250000001753,0.09999999999999987
13.318920000001754,0.09999999999999987
13.320590000001754,0.09999999999999987
13.322260000001755,0.09999999999999987
13.323930000001756,0.09999999999999987
13.325600000001756,0.09999999999999987
13.327270000001757,0.09999999999999987
13.328940000001758,0.09999999999999987
13.330610000001759,0.09999999999999987
13.33228000000176,0.09999999999999987
13.33395000000176,0.09999999999999987
13.33562000000176,0.09999999999999987
13.337290000001762,0.09999999999999987
13.338960000001762,0.09999999999999987
13.340630000001763,0.09999999999999987
13.342300000001764,0.09999999999999987
13.343970000001764,0.09999999999999987
13.345640000001765,0.09999999999999987
13.347310000001766,0.09999999999999987
13.348980000001767,0.09999999999999987
13.350650000001767,0.09999999999999987
13.352320000001768,0.09999999999999987
13.353990000001769,0.09999999999999987
13.35566000000177,0.09999999999999987
13.35733000000177,0.09999999999999987
13.359000000001771,0.09999999999999987
13.360670000001772,0.09999999999999987
13.362340000001772,0.09999999999999987
13.364010000001773,0.09999999999999987
13.365680000001774,0.09999999999999987
13.367350000001775,0.09999999999999987
13.369020000001775,0.09999999999999987
13.370690000001776,0.09999999999999987
13.372360000001777,0.09999999999999987
13.374030000001778,0.09999999999999987
13.375700000001778,0.09999999999999987
13.377370000001779,0.09999999999999987
13.37904000000178,0.09999999999999987
13.38071000000178,0.09999999999999987
13.382380000001781,0.09999999999999987
13.384050000001782,0.09999999999999987
13.385720000001783,0.09999999999999987
13.387390000001783,0.09999999999999987
13.389060000001784,0.09999999999999987
13.390730000001785,0.09999999999999987
13.392400000001786,0.09999999999999987
13.394070000001786,0.09999999999999987
13.395740000001787,0.09999999999999987
13.397410000001788,0.09999999999999987
13.399080000001788,0.09999999999999987
13.40075000000179,0.09999999999999987
13.40242000000179,0.09999999999999987
13.40409000000179,0.09999999999999987
13.405760000001791,0.09999999999999987
13.407430000001792,0.09999999999999987
13.409100000001793,0.09999999999999987
13.410770000001794,0.09999999999999987
13.412440000001794,0.09999999999999987
13.414110000001795,0.09999999999999987
13.415780000001796,0.09999999999999987
13.417450000001796,0.09999999999999987
13.419120000001797,0.09999999999999987
13.420790000001798,0.09999999999999987
13.422460000001799,0.09999999999999987
13.4241300000018,0.09999999999999987
13.4258000000018,0.09999999999999987
13.4274700000018,0.09999999999999987
13.429140000001802,0.09999999999999987
13.430810000001802,0.09999999999999987
13.432480000001803,0.09999999999999987
13.434150000001804,0.09999999999999987
13.435820000001804,0.09999999999999987
13.437490000001805,0.09999999999999987
13.439160000001806,0.09999999999999987
13.440830000001807,0.09999999999999987
13.442500000001807,0.09999999999999987
13.444170000001808,0.09999999999999987
13.445840000001809,0.09999999999999987
13.44751000000181,0.09999999999999987
13.44918000000181,0.09999999999999987
13.450850000001811,0.09999999999999987
13.452520000001812,0.09999999999999987
13.454190000001812,0.09999999999999987
13.455860000001813,0.09999999999999987
13.457530000001814,0.09999999999999987
13.459200000001815,0.09999999999999987
13.460870000001815,0.09999999999999987
13.462540000001816,0.09999999999999987
13.464210000001817,0.09999999999999987
13.465880000001818,0.09999999999999987
13.467550000001818,0.09999999999999987
13.469220000001819,0.09999999999999987
13.47089000000182,0.09999999999999987
13.47256000000182,0.09999999999999987
13.474230000001821,0.09999999999999987
13.475900000001822,0.09999999999999987
13.477570000001823,0.09999999999999987
13.479240000001823,0.10000000000000009
13.480910000001824,0.09999999999999987
13.482580000001825,0.09999999999999987
13.484250000001825,0.09999999999999987
13.485920000001826,0.09999999999999987
13.487590000001827,0.10000000000000009
13.489260000001828,0.09999999999999987
13.490930000001828,0.09999999999999987
13.49260000000183,0.09999999999999987
13.49427000000183,0.09999999999999987
13.49594000000183,0.10000000000000009
13.497610000001831,0.09999999999999987
13.499280000001832,0.09999999999999987
13.500950000001833,0.09999999999999987
13.502620000001833,0.09999999999999987
13.504290000001834,0.10000000000000009
13.505960000001835,0.09999999999999987
13.507630000001836,0.09999999999999987
13.509300000001836,0.09999999999999987
13.510970000001837,0.09999999999999987
13.512640000001838,0.10000000000000009
13.514310000001839,0.09999999999999987
13.51598000000184,0.09999999999999987
13.51765000000184,0.09999999999999987
13.51932000000184,0.09999999999999987
13.520990000001841,0.10000000000000009
13.522660000001842,0.09999999999999987
13.524330000001843,0.09999999999999987
13.526000000001844,0.09999999999999987
13.527670000001844,0.09999999999999987
13.529340000001845,0.09999999999999987
13.531010000001846,0.09999999999999987
13.532680000001847,0.09999999999999987
13.534350000001847,0.09999999999999987
13.536020000001848,0.09999999999999987
13.537690000001849,0.09999999999999987
13.53936000000185,0.09999999999999987
13.54103000000185,0.09999999999999987
13.542700000001851,0.09999999999999987
13.544370000001852,0.09999999999999987
13.546040000001852,0.09999999999999987
13.547710000001853,0.09999999999999987
13.549380000001854,0.09999999999999987
13.551050000001855,0.09999999999999987
13.552720000001855,0.09999999999999987
13.554390000001856,0.09999999999999987
13.556060000001857,0.09999999999999987
13.557730000001857,0.09999999999999987
13.559400000001858,0.09999999999999987
13.561070000001859,0.09999999999999987
13.56274000000186,0.09999999999999987
13.56441000000186,0.09999999999999987
13.566080000001861,0.09999999999999987
13.567750000001862,0.09999999999999987
13.569420000001863,0.09999999999999987
13.571090000001863,0.09999999999999987
13.572760000001864,0.09999999999999987
13.574430000001865,0.09999999999999987
13.576100000001865,0.09999999999999987
13.577770000001866,0.09999999999999987
13.579440000001867,0.09999999999999987
13.581110000001868,0.09999999999999987
13.582780000001868,0.09999999999999987
13.584450000001869,0.09999999999999987
13.58612000000187,0.09999999999999987
13.58779000000187,0.09999999999999987
13.589460000001871,0.09999999999999987
13.591130000001872,0.09999999999999987
13.592800000001873,0.09999999999999987
13.594470000001873,0.09999999999999987
13.596140000001874,0.09999999999999987
13.597810000001875,0.09999999999999987
13.599480000001876,0.09999999999999987
13.601150000001876,0.09999999999999987
13.602820000001877,0.09999999999999987
13.604490000001878,0.09999999999999987
13.606160000001879,0.09999999999999987
13.60783000000188,0.09999999999999987
13.60950000000188,0.09999999999999987
13.61117000000188,0.09999999999999987
13.612840000001881,0.09999999999999987
13.614510000001882,0.09999999999999987
13.616180000001883,0.09999999999999987
13.617850000001884,0.09999999999999987
13.619520000001884,0.09999999999999987
13.621190000001885,0.09999999999999987
13.622860000001886,0.09999999999999987
13.624530000001887,0.09999999999999987
13.626200000001887,0.09999999999999987
13.627870000001888,0.09999999999999987
13.629540000001889,0.09999999999999987
13.63121000000189,0.09999999999999987
13.63288000000189,0.09999999999999987
13.63455000000189,0.09999999999999987
13.636220000001892,0.09999999999999987
13.637890000001892,0.09999999999999987
13.639560000001893,0.09999999999999987
13.641230000001894,0.09999999999999987
13.642900000001895,0.09999999999999987
13.644570000001895,0.09999999999999987
13.646240000001896,0.09999999999999987
13.647910000001897,0.09999999999999987
13.649580000001897,0.09999999999999987
13.651250000001898,0.09999999999999987
13.652920000001899,0.09999999999999987
13.6545900000019,0.09999999999999987
13.6562600000019,0.09999999999999987
13.657930000001901,0.09999999999999987
13.659600000001902,0.09999999999999987
13.661270000001903,0.09999999999999987
13.662940000001903,0.09999999999999987
13.664610000001904,0.09999999999999987
13.666280000001905,0.09999999999999987
13.667950000001905,0.09999999999999987
13.669620000001906,0.09999999999999987
13.671290000001907,0.09999999999999987
13.672960000001908,0.09999999999999987
13.674630000001908,0.09999999999999987
13.676300000001909,0.09999999999999987
13.67797000000191,0.09999999999999987
13.67964000000191,0.09999999999999987
13.681310000001911,0.09999999999999987
13.682980000001912,0.09999999999999987
13.684650000001913,0.09999999999999987
13.686320000001913,0.09999999999999987
13.687990000001914,0.09999999999999987
13.689660000001915,0.09999999999999987
13.691330000001916,0.09999999999999987
13.693000000001916,0.09999999999999987
13.694670000001917,0.09999999999999987
13.696340000001918,0.09999999999999987
13.698010000001918,0.09999999999999987
13.69968000000192,0.09999999999999987
13.70135000000192,0.09999999999999987
13.70302000000192,0.09999999999999987
13.704690000001921,0.09999999999999987
13.706360000001922,0.09999999999999987
13.708030000001923,0.09999999999999987
13.709700000001924,0.09999999999999987
13.711370000001924,0.09999999999999987
13.713040000001925,0.09999999999999987
13.714710000001926,0.09999999999999987
13.716380000001926,0.09999999999999987
13.718050000001927,0.09999999999999987
13.719720000001928,0.09999999999999987
13.721390000001929,0.09999999999999987
13.72306000000193,0.09999999999999987
13.72473000000193,0.09999999999999987
13.72640000000193,0.09999999999999987
13.728070000001932,0.09999999999999987
13.729740000001932,0.09999999999999987
13.731410000001933,0.09999999999999987
13.733080000001934,0.09999999999999987
13.734750000001934,0.09999999999999987
13.736420000001935,0.09999999999999987
13.738090000001936,0.09999999999999987
13.739760000001937,0.09999999999999987
13.741430000001937,0.09999999999999987
13.743100000001938,0.09999999999999987
13.744770000001939,0.09999999999999987
13.74644000000194,0.09999999999999987
13.74811000000194,0.09999999999999987
13.749780000001941,0.09999999999999987
13.751450000001942,0.09999999999999987
13.753120000001942,0.09999999999999987
13.754790000001943,0.09999999999999987
13.756460000001944,0.09999999999999987
13.758130000001945,0.09999999999999987
13.759800000001945,0.09999999999999987
13.761470000001946,0.09999999999999987
13.763140000001947,0.09999999999999987
13.764810000001948,0.09999999999999987
13.766480000001948,0.09999999999999987
13.768150000001949,0.09999999999999987
13.76982000000195,0.09999999999999987
13.77149000000195,0.09999999999999987
13.773160000001951,0.09999999999999987
13.774830000001952,0.09999999999999987
13.776500000001953,0.09999999999999987
13.778170000001953,0.09999999999999987
13.779840000001954,0.09999999999999987
13.781510000001955,0.09999999999999964
13.783180000001956,0.09999999999999987
13.784850000001956,0.09999999999999987
13.786520000001957,0.09999999999999987
13.788190000001958,0.09999999999999987
13.789860000001958,0.09999999999999964
13.79153000000196,0.09999999999999987
13.79320000000196,0.09999999999999987
13.79487000000196,0.09999999999999987
13.796540000001961,0.09999999999999987
13.798210000001962,0.09999999999999964
13.799880000001963,0.09999999999999987
13.801550000001964,0.09999999999999987
13.803220000001964,0.09999999999999987
13.804890000001965,0.09999999999999987
13.806560000001966,0.09999999999999964
13.808230000001966,0.09999999999999987
13.809900000001967,0.09999999999999987
13.811570000001968,0.09999999999999987
13.813240000001969,0.09999999999999987
13.81491000000197,0.09999999999999964
13.81658000000197,0.09999999999999987
13.81825000000197,0.09999999999999987
13.819920000001972,0.09999999999999987
13.821590000001972,0.09999999999999987
13.823260000001973,0.09999999999999964
13.824930000001974,0.09999999999999987
13.826600000001974,0.09999999999999987
13.828270000001975,0.09999999999999987
13.829940000001976,0.09999999999999987
13.831610000001977,0.09999999999999964
13.833280000001977,0.09999999999999987
13.834950000001978,0.09999999999999987
13.836620000001979,0.09999999999999987
13.83829000000198,0.09999999999999987
13.83996000000198,0.09999999999999964
13.841630000001981,0.09999999999999987
13.843300000001982,0.09999999999999987
13.844970000001982,0.09999999999999987
13.846640000001983,0.09999999999999987
13.848310000001984,0.09999999999999964
13.849980000001985,0.09999999999999987
13.851650000001985,0.09999999999999987
13.853320000001986,0.09999999999999987
13.854990000001987,0.09999999999999987
13.856660000001987,0.09999999999999964
13.858330000001988,0.09999999999999987
13.860000000001989,0.09999999999999987
13.86167000000199,0.09999999999999987
13.86334000000199,0.09999999999999987
13.865010000001991,0.09999999999999964
13.866680000001992,0.09999999999999987
13.868350000001993,0.09999999999999987
13.870020000001993,0.09999999999999987
13.871690000001994,0.09999999999999987
13.873360000001995,0.09999999999999964
13.875030000001995,0.09999999999999987
13.876700000001996,0.09999999999999987
13.878370000001997,0.09999999999999987
13.880040000001998,0.09999999999999987
13.881710000001998,0.09999999999999964
13.883380000002,0.09999999999999987
13.885050000002,0.09999999999999987
13.886720000002,0.09999999999999987
13.888390000002001,0.09999999999999987
13.890060000002002,0.09999999999999987
13.891730000002003,0.09999999999999987
13.893400000002003,0.09999999999999987
13.895070000002004,0.09999999999999987
13.896740000002005,0.09999999999999987
13.898410000002006,0.09999999999999987
13.900080000002006,0.09999999999999987
13.901750000002007,0.09999999999999987
13.903420000002008,0.09999999999999987
13.905090000002009,0.09999999999999987
13.90676000000201,0.09999999999999987
13.90843000000201,0.09999999999999987
13.91010000000201,0.09999999999999987
13.911770000002011,0.09999999999999987
13.913440000002012,0.09999999999999987
13.915110000002013,0.09999999999999987
13.916780000002014,0.09999999999999987
13.918450000002014,0.09999999999999987
13.920120000002015,0.09999999999999987
13.921790000002016,0.09999999999999987
13.923460000002017,0.09999999999999987
13.925130000002017,0.09999999999999987
13.926800000002018,0.09999999999999987
13.928470000002019,0.09999999999999987
13.93014000000202,0.09999999999999987
13.93181000000202,0.09999999999999987
13.933480000002021,0.09999999999999987
13.935150000002022,0.09999999999999987
13.936820000002022,0.09999999999999987
13.938490000002023,0.09999999999999987
13.940160000002024,0.09999999999999987
13.941830000002025,0.09999999999999987
13.943500000002025,0.09999999999999987
13.945170000002026,0.09999999999999987
13.946840000002027,0.09999999999999987
13.948510000002027,0.09999999999999987
13.950180000002028,0.09999999999999987
13.951850000002029,0.09999999999999987
13.95352000000203,0.09999999999999987
13.95519000000203,0.09999999999999987
13.956860000002031,0.09999999999999987
13.958530000002032,0.09999999999999987
13.960200000002033,0.09999999999999987
13.961870000002033,0.09999999999999987
13.963540000002034,0.09999999999999987
13.965210000002035,0.09999999999999987
13.966880000002035,0.09999999999999987
13.968550000002036,0.09999999999999987
13.970220000002037,0.09999999999999987
13.971890000002038,0.09999999999999987
13.973560000002038,0.09999999999999987
13.975230000002039,0.09999999999999987
13.97690000000204,0.09999999999999987
13.97857000000204,0.09999999999999987
13.980240000002041,0.09999999999999987
13.981910000002042,0.09999999999999987
13.983580000002043,0.09999999999999987
13.985250000002043,0.09999999999999987
13.986920000002044,0.09999999999999987
13.988590000002045,0.09999999999999987
13.990260000002046,0.09999999999999987
13.991930000002046,0.09999999999999987
13.993600000002047,0.09999999999999987
13.995270000002048,0.09999999999999987
13.996940000002049,0.09999999999999987
13.99861000000205,0.09999999999999987
14.00028000000205,0.09999999999999987
14.00195000000205,0.09999999999999964
14.003620000002051,0.09999999999999987
14.005290000002052,0.10000000000000009
14.006960000002053,0.09999999999999987
14.008630000002054,0.09999999999999987
14.010300000002054,0.09999999999999964
14.011970000002055,0.09999999999999987
14.013640000002056,0.10000000000000009
14.015310000002057,0.09999999999999987
14.016980000002057,0.09999999999999987
14.018650000002058,0.09999999999999964
14.020320000002059,0.09999999999999987
14.02199000000206,0.10000000000000009
14.02366000000206,0.09999999999999987
14.02533000000206,0.09999999999999987
14.027000000002062,0.09999999999999964
14.028670000002062,0.09999999999999987
14.030340000002063,0.10000000000000009
14.032010000002064,0.09999999999999987
14.033680000002065,0.09999999999999987
14.035350000002065,0.09999999999999964
14.037020000002066,0.09999999999999987
14.038690000002067,0.10000000000000009
14.040360000002067,0.09999999999999987
14.042030000002068,0.09999999999999987
14.043700000002069,0.09999999999999964
14.04537000000207,0.09999999999999987
14.04704000000207,0.10000000000000009
14.048710000002071,0.09999999999999987
14.050380000002072,0.09999999999999987
14.052050000002072,0.09999999999999964
14.053720000002073,0.09999999999999987
14.055390000002074,0.10000000000000009
14.057060000002075,0.09999999999999987
14.058730000002075,0.09999999999999987
14.060400000002076,0.09999999999999964
14.062070000002077,0.09999999999999987
14.063740000002078,0.10000000000000009
14.065410000002078,0.09999999999999987
14.067080000002079,0.09999999999999987
14.06875000000208,0.09999999999999964
14.07042000000208,0.09999999999999987
14.072090000002081,0.10000000000000009
14.073760000002082,0.09999999999999987
14.075430000002083,0.09999999999999987
14.077100000002083,0.09999999999999964
14.078770000002084,0.09999999999999987
14.080440000002085,0.10000000000000009
14.082110000002086,0.09999999999999987
14.083780000002086,0.09999999999999987
14.085450000002087,0.09999999999999964
14.087120000002088,0.09999999999999987
14.088790000002088,0.10000000000000009
14.09046000000209,0.09999999999999987
14.09213000000209,0.09999999999999987
14.09380000000209,0.09999999999999964
14.095470000002091,0.09999999999999987
14.097140000002092,0.10000000000000009
14.098810000002093,0.09999999999999987
14.100480000002094,0.09999999999999987
14.102150000002094,0.09999999999999964
14.103820000002095,0.09999999999999987
14.105490000002096,0.10000000000000009
14.107160000002096,0.09999999999999987
14.108830000002097,0.09999999999999987
14.110500000002098,0.09999999999999964
14.112170000002099,0.09999999999999987
14.1138400000021,0.10000000000000009
14.1155100000021,0.09999999999999987
14.1171800000021,0.09999999999999987
14.118850000002102,0.09999999999999964
14.120520000002102,0.09999999999999987
14.122190000002103,0.10000000000000009
14.123860000002104,0.09999999999999987
14.125530000002104,0.09999999999999987
14.127200000002105,0.09999999999999964
14.128870000002106,0.09999999999999987
14.130540000002107,0.10000000000000009
14.132210000002107,0.09999999999999987
14.133880000002108,0.09999999999999987
14.135550000002109,0.09999999999999964
14.13722000000211,0.09999999999999987
14.13889000000211,0.10000000000000009
14.140560000002111,0.09999999999999987
14.142230000002112,0.09999999999999987
14.143900000002112,0.09999999999999964
14.145570000002113,0.09999999999999987
14.147240000002114,0.10000000000000009
14.148910000002115,0.09999999999999987
14.150580000002115,0.09999999999999987
14.152250000002116,0.09999999999999964
14.153920000002117,0.09999999999999987
14.155590000002118,0.10000000000000009
14.157260000002118,0.09999999999999987
14.158930000002119,0.10000000000000009
14.16060000000212,0.09999999999999964
14.16227000000212,0.09999999999999987
14.163940000002121,0.10000000000000009
14.165610000002122,0.09999999999999987
14.167280000002123,0.10000000000000009
14.168950000002123,0.09999999999999964
14.170620000002124,0.09999999999999987
14.172290000002125,0.10000000000000009
14.173960000002126,0.09999999999999987
14.175630000002126,0.10000000000000009
14.177300000002127,0.09999999999999964
14.178970000002128,0.09999999999999987
14.180640000002128,0.10000000000000009
14.18231000000213,0.09999999999999987
14.18398000000213,0.10000000000000009
14.18565000000213,0.09999999999999964
14.187320000002131,0.09999999999999987
14.188990000002132,0.10000000000000009
14.190660000002133,0.09999999999999987
14.192330000002134,0.10000000000000009
14.194000000002134,0.09999999999999964
14.195670000002135,0.09999999999999987
14.197340000002136,0.10000000000000009
14.199010000002136,0.09999999999999987
14.200680000002137,0.10000000000000009
14.202350000002138,0.09999999999999964
14.204020000002139,0.09999999999999987
14.20569000000214,0.10000000000000009
14.20736000000214,0.09999999999999987
14.20903000000214,0.10000000000000009
14.210700000002142,0.09999999999999964
14.212370000002142,0.09999999999999987
14.214040000002143,0.10000000000000009
14.215710000002144,0.09999999999999987
14.217380000002144,0.10000000000000009
14.219050000002145,0.09999999999999964
14.220720000002146,0.09999999999999987
14.222390000002147,0.10000000000000009
14.224060000002147,0.09999999999999987
14.225730000002148,0.10000000000000009
14.227400000002149,0.09999999999999964
14.22907000000215,0.09999999999999987
14.23074000000215,0.10000000000000009
14.232410000002151,0.09999999999999987
14.234080000002152,0.10000000000000009
14.235750000002152,0.09999999999999964
14.237420000002153,0.09999999999999987
14.239090000002154,0.10000000000000009
14.240760000002155,0.09999999999999987
14.242430000002155,0.10000000000000009
14.244100000002156,0.09999999999999964
14.245770000002157,0.09999999999999987
14.247440000002157,0.10000000000000009
14.249110000002158,0.09999999999999987
14.250780000002159,0.10000000000000009
14.25245000000216,0.09999999999999964
14.25412000000216,0.09999999999999987
14.255790000002161,0.10000000000000009
14.257460000002162,0.09999999999999987
14.259130000002163,0.10000000000000009
14.260800000002163,0.09999999999999964
14.262470000002164,0.09999999999999987
14.264140000002165,0.10000000000000009
14.265810000002165,0.09999999999999987
14.267480000002166,0.10000000000000009
14.269150000002167,0.09999999999999964
14.270820000002168,0.09999999999999987
14.272490000002168,0.10000000000000009
14.27416000000217,0.09999999999999987
14.27583000000217,0.10000000000000009
14.27750000000217,0.09999999999999964
14.279170000002171,0.09999999999999987
14.280840000002172,0.10000000000000009
14.282510000002173,0.09999999999999987
14.284180000002173,0.10000000000000009
14.285850000002174,0.09999999999999964
14.287520000002175,0.09999999999999987
14.289190000002176,0.10000000000000009
14.290860000002176,0.09999999999999987
14.292530000002177,0.10000000000000009
14.294200000002178,0.09999999999999964
14.295870000002179,0.09999999999999987
14.29754000000218,0.10000000000000009
14.29921000000218,0.09999999999999987
14.30088000000218,0.10000000000000009
14.302550000002181,0.09999999999999964
14.304220000002182,0.09999999999999987
14.305890000002183,0.10000000000000009
14.307560000002184,0.09999999999999987
14.309230000002184,0.10000000000000009
14.310900000002185,0.09999999999999964
14.312570000002186,0.09999999999999987
14.314240000002187,0.10000000000000009
14.315910000002187,0.09999999999999987
14.317580000002188,0.10000000000000009
14.319250000002189,0.09999999999999964
14.32092000000219,0.09999999999999987
14.32259000000219,0.10000000000000009
14.324260000002191,0.09999999999999987
14.325930000002192,0.10000000000000009
14.327600000002192,0.09999999999999964
14.329270000002193,0.09999999999999987
14.330940000002194,0.10000000000000009
14.332610000002195,0.09999999999999987
14.334280000002195,0.10000000000000009
14.335950000002196,0.09999999999999964
14.337620000002197,0.09999999999999987
14.339290000002197,0.10000000000000009
14.340960000002198,0.09999999999999987
14.342630000002199,0.10000000000000009
14.3443000000022,0.09999999999999964
14.3459700000022,0.09999999999999987
14.347640000002201,0.10000000000000009
14.349310000002202,0.09999999999999987
14.350980000002203,0.10000000000000009
14.352650000002203,0.09999999999999964
14.354320000002204,0.09999999999999987
14.355990000002205,0.10000000000000009
14.357660000002205,0.09999999999999987
14.359330000002206,0.10000000000000009
14.361000000002207,0.09999999999999964
14.362670000002208,0.09999999999999987
14.364340000002208,0.10000000000000009
14.366010000002209,0.09999999999999987
14.36768000000221,0.10000000000000009
14.36935000000221,0.09999999999999964
14.371020000002211,0.09999999999999987
14.372690000002212,0.10000000000000009
14.374360000002213,0.09999999999999987
14.376030000002213,0.10000000000000009
14.377700000002214,0.09999999999999964
14.379370000002215,0.09999999999999987
14.381040000002216,0.10000000000000009
14.382710000002216,0.09999999999999987
14.384380000002217,0.10000000000000009
14.386050000002218,0.09999999999999964
14.387720000002219,0.09999999999999987
14.38939000000222,0.10000000000000009
14.39106000000222,0.09999999999999987
14.39273000000222,0.10000000000000009
14.394400000002221,0.09999999999999964
14.396070000002222,0.09999999999999987
14.397740000002223,0.10000000000000009
14.399410000002224,0.09999999999999987
14.401080000002224,0.10000000000000009
14.402750000002225,0.09999999999999964
14.404420000002226,0.09999999999999987
14.406090000002227,0.10000000000000009
14.407760000002227,0.09999999999999987
14.409430000002228,0.10000000000000009
14.411100000002229,0.09999999999999964
14.41277000000223,0.09999999999999987
14.41444000000223,0.10000000000000009
14.41611000000223,0.09999999999999987
14.417780000002232,0.10000000000000009
14.419450000002232,0.09999999999999964
14.421120000002233,0.09999999999999987
14.422790000002234,0.10000000000000009
14.424460000002234,0.09999999999999987
14.426130000002235,0.10000000000000009
14.427800000002236,0.09999999999999964
14.429470000002237,0.09999999999999987
14.431140000002237,0.10000000000000009
14.432810000002238,0.09999999999999987
14.434480000002239,0.10000000000000009
14.43615000000224,0.09999999999999964
14.43782000000224,0.09999999999999987
14.439490000002241,0.10000000000000009
14.441160000002242,0.09999999999999987
14.442830000002242,0.10000000000000009
14.444500000002243,0.09999999999999964
14.446170000002244,0.09999999999999987
14.447840000002245,0.10000000000000009
14.449510000002245,0.09999999999999987
14.451180000002246,0.10000000000000009
14.452850000002247,0.09999999999999964
14.454520000002248,0.09999999999999987
14.456190000002248,0.10000000000000009
14.457860000002249,0.09999999999999987
14.45953000000225,0.10000000000000009
14.46120000000225,0.09999999999999964
14.462870000002251,0.09999999999999987
14.464540000002252,0.10000000000000009
14.466210000002253,0.09999999999999987
14.467880000002253,0.10000000000000009
14.469550000002254,0.09999999999999964
14.471220000002255,0.09999999999999987
14.472890000002256,0.10000000000000009
14.474560000002256,0.09999999999999987
14.476230000002257,0.10000000000000009
14.477900000002258,0.09999999999999964
14.479570000002258,0.09999999999999987
14.48124000000226,0.10000000000000009
14.48291000000226,0.09999999999999987
14.48458000000226,0.10000000000000009
14.486250000002261,0.09999999999999964
14.487920000002262,0.09999999999999987
14.489590000002263,0.10000000000000009
14.491260000002264,0.09999999999999987
14.492930000002264,0.10000000000000009
14.494600000002265,0.09999999999999964
14.496270000002266,0.09999999999999987
14.497940000002266,0.10000000000000009
14.499610000002267,0.09999999999999987
14.501280000002268,0.10000000000000009
14.502950000002269,0.09999999999999964
14.50462000000227,0.09999999999999987
14.50629000000227,0.10000000000000009
14.50796000000227,0.09999999999999987
14.509630000002272,0.10000000000000009
14.511300000002272,0.09999999999999964
14.512970000002273,0.09999999999999987
14.514640000002274,0.10000000000000009
14.516310000002274,0.09999999999999987
14.517980000002275,0.10000000000000009
14.519650000002276,0.09999999999999964
14.521320000002277,0.09999999999999987
14.522990000002277,0.10000000000000009
14.524660000002278,0.09999999999999987
14.526330000002279,0.10000000000000009
14.52800000000228,0.09999999999999987
14.52967000000228,0.09999999999999987
14.531340000002281,0.10000000000000009
14.533010000002282,0.09999999999999987
14.534680000002282,0.10000000000000009
14.536350000002283,0.09999999999999987
14.538020000002284,0.09999999999999987
14.539690000002285,0.10000000000000009
14.541360000002285,0.09999999999999987
14.543030000002286,0.10000000000000009
14.544700000002287,0.10000000000000031
14.546370000002288,0.09999999999999987
14.548040000002288,0.10000000000000009
14.549710000002289,0.09999999999999987
14.55138000000229,0.10000000000000009
14.55305000000229,0.10000000000000031
14.554720000002291,0.09999999999999987
14.556390000002292,0.10000000000000009
14.558060000002293,0.09999999999999987
14.559730000002293,0.10000000000000009
14.561400000002294,0.10000000000000031
14.563070000002295,0.09999999999999987
14.564740000002296,0.10000000000000009
14.566410000002296,0.09999999999999987
14.568080000002297,0.10000000000000009
14.569750000002298,0.10000000000000031
14.571420000002298,0.09999999999999987
14.5730900000023,0.10000000000000009
14.5747600000023,0.09999999999999987
14.5764300000023,0.10000000000000009
14.578100000002301,0.10000000000000031
14.579770000002302,0.09999999999999987
14.581440000002303,0.10000000000000009
14.583110000002304,0.09999999999999987
14.584780000002304,0.10000000000000009
14.586450000002305,0.10000000000000031
14.588120000002306,0.09999999999999987
14.589790000002306,0.10000000000000009
14.591460000002307,0.09999999999999987
14.593130000002308,0.10000000000000009
14.594800000002309,0.10000000000000031
14.59647000000231,0.09999999999999987
14.59814000000231,0.10000000000000009
14.59981000000231,0.09999999999999987
14.601480000002311,0.10000000000000009
14.603150000002312,0.10000000000000031
14.604820000002313,0.09999999999999987
14.606490000002314,0.10000000000000009
14.608160000002314,0.09999999999999987
14.609830000002315,0.10000000000000009
14.611500000002316,0.10000000000000031
14.613170000002317,0.09999999999999987
14.614840000002317,0.10000000000000009
14.616510000002318,0.09999999999999987
14.618180000002319,0.10000000000000009
14.61985000000232,0.10000000000000031
14.62152000000232,0.09999999999999987
14.623190000002321,0.10000000000000009
14.624860000002322,0.09999999999999987
14.626530000002322,0.10000000000000009
14.628200000002323,0.10000000000000031
14.629870000002324,0.09999999999999987
14.631540000002325,0.10000000000000009
14.633210000002325,0.09999999999999987
14.634880000002326,0.10000000000000009
14.636550000002327,0.10000000000000031
14.638220000002327,0.09999999999999987
14.639890000002328,0.10000000000000009
14.641560000002329,0.09999999999999987
14.64323000000233,0.10000000000000009
14.64490000000233,0.10000000000000031
14.646570000002331,0.09999999999999987
14.648240000002332,0.10000000000000009
14.649910000002333,0.09999999999999987
14.651580000002333,0.10000000000000009
14.653250000002334,0.10000000000000031
14.654920000002335,0.09999999999999987
14.656590000002335,0.10000000000000009
14.658260000002336,0.09999999999999987
14.659930000002337,0.10000000000000009
14.661600000002338,0.10000000000000031
14.663270000002338,0.09999999999999987
14.664940000002339,0.10000000000000009
14.66661000000234,0.09999999999999987
14.66828000000234,0.10000000000000009
14.669950000002341,0.10000000000000031
14.671620000002342,0.09999999999999987
14.673290000002343,0.10000000000000009
14.674960000002343,0.09999999999999987
14.676630000002344,0.10000000000000009
14.678300000002345,0.10000000000000031
14.679970000002346,0.09999999999999987
14.681640000002346,0.10000000000000009
14.683310000002347,0.09999999999999987
14.684980000002348,0.10000000000000009
14.686650000002349,0.10000000000000031
14.68832000000235,0.09999999999999987
14.68999000000235,0.10000000000000009
14.69166000000235,0.09999999999999987
14.693330000002351,0.10000000000000009
14.695000000002352,0.10000000000000031
14.696670000002353,0.09999999999999987
14.698340000002354,0.10000000000000009
14.700010000002354,0.09999999999999987
14.701680000002355,0.10000000000000009
14.703350000002356,0.10000000000000031
14.705020000002357,0.09999999999999987
14.706690000002357,0.10000000000000009
14.708360000002358,0.09999999999999987
14.710030000002359,0.10000000000000009
14.71170000000236,0.10000000000000031
14.71337000000236,0.09999999999999987
14.715040000002361,0.10000000000000009
14.716710000002362,0.09999999999999987
14.718380000002362,0.10000000000000009
14.720050000002363,0.10000000000000031
14.721720000002364,0.09999999999999987
14.723390000002365,0.10000000000000009
14.725060000002365,0.09999999999999987
14.726730000002366,0.10000000000000009
14.728400000002367,0.10000000000000031
14.730070000002367,0.09999999999999987
14.731740000002368,0.10000000000000009
14.733410000002369,0.09999999999999987
14.73508000000237,0.10000000000000009
14.73675000000237,0.10000000000000031
14.738420000002371,0.09999999999999987
14.740090000002372,0.10000000000000009
14.741760000002373,0.09999999999999987
14.743430000002373,0.10000000000000009
14.745100000002374,0.10000000000000031
14.746770000002375,0.09999999999999987
14.748440000002375,0.10000000000000009
14.750110000002376,0.09999999999999987
14.751780000002377,0.10000000000000009
14.753450000002378,0.10000000000000031
14.755120000002378,0.09999999999999987
14.756790000002379,0.10000000000000009
14.75846000000238,0.09999999999999987
14.76013000000238,0.10000000000000009
14.761800000002381,0.10000000000000031
14.763470000002382,0.09999999999999987
14.765140000002383,0.10000000000000009
14.766810000002383,0.09999999999999987
14.768480000002384,0.10000000000000009
14.770150000002385,0.10000000000000031
14.771820000002386,0.09999999999999987
14.773490000002386,0.10000000000000009
14.775160000002387,0.09999999999999987
14.776830000002388,0.10000000000000009
14.778500000002389,0.10000000000000031
14.78017000000239,0.09999999999999987
14.78184000000239,0.10000000000000009
14.78351000000239,0.09999999999999987
14.785180000002391,0.10000000000000009
14.786850000002392,0.10000000000000031
14.788520000002393,0.10000000000000009
14.790190000002394,0.10000000000000009
14.791860000002394,0.09999999999999987
14.793530000002395,0.10000000000000009
14.795200000002396,0.10000000000000031
14.796870000002396,0.10000000000000009
14.798540000002397,0.10000000000000009
14.800210000002398,0.09999999999999987
14.801880000002399,0.10000000000000009
14.8035500000024,0.10000000000000031
14.8052200000024,0.10000000000000009
14.8068900000024,0.10000000000000009
14.808560000002402,0.09999999999999987
14.810230000002402,0.10000000000000009
14.811900000002403,0.10000000000000031
14.813570000002404,0.10000000000000009
14.815240000002404,0.10000000000000009
14.816910000002405,0.09999999999999987
14.818580000002406,0.10000000000000009
14.820250000002407,0.10000000000000031
14.821920000002407,0.10000000000000009
14.823590000002408,0.10000000000000009
14.825260000002409,0.09999999999999987
14.82693000000241,0.10000000000000009
14.82860000000241,0.10000000000000031
14.830270000002411,0.10000000000000009
14.831940000002412,0.10000000000000009
14.833610000002412,0.09999999999999987
14.835280000002413,0.10000000000000009
14.836950000002414,0.10000000000000031
14.838620000002415,0.10000000000000009
14.840290000002415,0.10000000000000009
14.841960000002416,0.09999999999999987
14.843630000002417,0.10000000000000009
14.845300000002418,0.10000000000000031
14.846970000002418,0.10000000000000009
14.848640000002419,0.10000000000000009
14.85031000000242,0.09999999999999987
14.85198000000242,0.10000000000000009
14.853650000002421,0.10000000000000031
14.855320000002422,0.10000000000000009
14.856990000002423,0.10000000000000009
14.858660000002423,0.09999999999999987
14.860330000002424,0.10000000000000009
14.862000000002425,0.10000000000000031
14.863670000002426,0.10000000000000009
14.865340000002426,0.10000000000000009
14.867010000002427,0.09999999999999987
14.868680000002428,0.10000000000000009
14.870350000002428,0.10000000000000031
14.87202000000243,0.10000000000000009
14.87369000000243,0.10000000000000009
14.87536000000243,0.09999999999999987
14.877030000002431,0.10000000000000009
14.878700000002432,0.10000000000000031
14.880370000002433,0.10000000000000009
14.882040000002434,0.10000000000000009
14.883710000002434,0.09999999999999987
14.885380000002435,0.10000000000000009
14.887050000002436,0.10000000000000031
14.888720000002436,0.10000000000000009
14.890390000002437,0.10000000000000009
14.892060000002438,0.09999999999999987
14.893730000002439,0.10000000000000009
14.89540000000244,0.10000000000000031
14.89707000000244,0.10000000000000009
14.89874000000244,0.10000000000000009
14.900410000002442,0.09999999999999987
14.902080000002442,0.10000000000000009
14.903750000002443,0.10000000000000031
14.905420000002444,0.10000000000000009
14.907090000002444,0.10000000000000009
14.908760000002445,0.09999999999999987
14.910430000002446,0.10000000000000009
14.912100000002447,0.10000000000000031
14.913770000002447,0.10000000000000009
14.915440000002448,0.10000000000000009
14.917110000002449,0.09999999999999987
14.91878000000245,0.10000000000000009
14.92045000000245,0.10000000000000031
14.922120000002451,0.10000000000000009
14.923790000002452,0.10000000000000009
14.925460000002452,0.09999999999999987
14.927130000002453,0.10000000000000009
14.928800000002454,0.10000000000000031
14.930470000002455,0.10000000000000009
14.932140000002455,0.10000000000000009
14.933810000002456,0.09999999999999987
14.935480000002457,0.10000000000000009
14.937150000002458,0.10000000000000031
14.938820000002458,0.10000000000000009
14.940490000002459,0.10000000000000009
14.94216000000246,0.09999999999999987
14.94383000000246,0.10000000000000009
14.945500000002461,0.10000000000000031
14.947170000002462,0.10000000000000009
14.948840000002463,0.10000000000000009
14.950510000002463,0.09999999999999987
14.952180000002464,0.10000000000000009
14.953850000002465,0.10000000000000031
14.955520000002466,0.10000000000000009
14.957190000002466,0.10000000000000009
14.958860000002467,0.09999999999999987
14.960530000002468,0.10000000000000009
14.962200000002468,0.10000000000000031
14.96387000000247,0.10000000000000009
14.96554000000247,0.10000000000000009
14.96721000000247,0.09999999999999987
14.968880000002471,0.10000000000000009
14.970550000002472,0.10000000000000031
14.972220000002473,0.10000000000000009
14.973890000002473,0.10000000000000009
14.975560000002474,0.09999999999999987
14.977230000002475,0.10000000000000009
14.978900000002476,0.10000000000000031
14.980570000002476,0.10000000000000009
14.982240000002477,0.10000000000000009
14.983910000002478,0.09999999999999987
14.985580000002479,0.10000000000000009
14.98725000000248,0.10000000000000031
14.98892000000248,0.10000000000000009
14.99059000000248,0.10000000000000009
14.992260000002481,0.09999999999999987
14.993930000002482,0.10000000000000009
14.995600000002483,0.10000000000000031
14.997270000002484,0.10000000000000009
14.998940000002484,0.10000000000000009
15.000610000002485,0.10000000000000009
15.002280000002486,0.10000000000000009
15.003950000002487,0.10000000000000009
15.005620000002487,0.10000000000000009
15.007290000002488,0.10000000000000009
15.008960000002489,0.10000000000000009
15.01063000000249,0.10000000000000009
15.01230000000249,0.10000000000000009
15.013970000002491,0.10000000000000009
15.015640000002492,0.10000000000000009
15.017310000002492,0.10000000000000009
15.018980000002493,0.10000000000000009
15.020650000002494,0.10000000000000009
15.022320000002495,0.10000000000000009
15.023990000002495,0.10000000000000009
15.025660000002496,0.10000000000000009
15.027330000002497,0.10000000000000009
15.029000000002497,0.10000000000000009
15.030670000002498,0.10000000000000009
15.032340000002499,0.10000000000000009
15.0340100000025,0.10000000000000009
15.0356800000025,0.10000000000000009
15.037350000002501,0.10000000000000009
15.039020000002502,0.10000000000000009
15.040690000002503,0.10000000000000009
15.042360000002503,0.10000000000000009
15.044030000002504,0.10000000000000009
15.045700000002505,0.10000000000000009
15.047370000002505,0.10000000000000009
15.049040000002506,0.10000000000000009
15.050710000002507,0.10000000000000009
15.052380000002508,0.10000000000000009
15.054050000002508,0.10000000000000009
15.055720000002509,0.10000000000000009
15.05739000000251,0.10000000000000009
15.05906000000251,0.10000000000000009
15.060730000002511,0.10000000000000009
15.062400000002512,0.10000000000000009
15.064070000002513,0.10000000000000009
15.065740000002513,0.10000000000000009
15.067410000002514,0.10000000000000009
15.069080000002515,0.10000000000000009
15.070750000002516,0.10000000000000009
15.072420000002516,0.10000000000000009
15.074090000002517,0.10000000000000009
15.075760000002518,0.10000000000000009
15.077430000002519,0.10000000000000009
15.07910000000252,0.10000000000000009
15.08077000000252,0.10000000000000009
15.08244000000252,0.10000000000000009
15.084110000002521,0.10000000000000009
15.085780000002522,0.10000000000000009
15.087450000002523,0.10000000000000009
15.089120000002524,0.10000000000000009
15.090790000002524,0.10000000000000009
15.092460000002525,0.10000000000000009
15.094130000002526,0.10000000000000009
15.095800000002527,0.10000000000000009
15.097470000002527,0.10000000000000009
15.099140000002528,0.10000000000000009
15.100810000002529,0.10000000000000009
15.10248000000253,0.10000000000000009
15.10415000000253,0.10000000000000009
15.105820000002531,0.10000000000000009
15.107490000002532,0.10000000000000009
15.109160000002532,0.10000000000000009
15.110830000002533,0.10000000000000009
15.112500000002534,0.10000000000000009
15.114170000002535,0.10000000000000009
15.115840000002535,0.10000000000000009
15.117510000002536,0.10000000000000009
15.119180000002537,0.10000000000000009
15.120850000002537,0.10000000000000009
15.122520000002538,0.10000000000000009
15.124190000002539,0.10000000000000009
15.12586000000254,0.10000000000000009
15.12753000000254,0.10000000000000009
15.129200000002541,0.10000000000000009
15.130870000002542,0.10000000000000009
15.132540000002543,0.10000000000000009
15.134210000002543,0.10000000000000009
15.135880000002544,0.10000000000000009
15.137550000002545,0.10000000000000009
15.139220000002545,0.10000000000000009
15.140890000002546,0.10000000000000009
15.142560000002547,0.10000000000000009
15.144230000002548,0.10000000000000009
15.145900000002548,0.10000000000000009
15.147570000002549,0.10000000000000009
15.14924000000255,0.10000000000000009
15.15091000000255,0.10000000000000009
15.152580000002551,0.10000000000000009
15.154250000002552,0.10000000000000009
15.155920000002553,0.10000000000000009
15.157590000002553,0.10000000000000009
15.159260000002554,0.10000000000000009
15.160930000002555,0.10000000000000009
15.162600000002556,0.10000000000000009
15.164270000002556,0.10000000000000009
15.165940000002557,0.10000000000000009
15.167610000002558,0.10000000000000009
15.169280000002558,0.10000000000000009
15.17095000000256,0.10000000000000009
15.17262000000256,0.10000000000000009
15.17429000000256,0.10000000000000009
15.175960000002561,0.10000000000000009
15.177630000002562,0.10000000000000009
15.179300000002563,0.10000000000000009
15.180970000002564,0.10000000000000009
15.182640000002564,0.10000000000000009
15.184310000002565,0.10000000000000009
15.185980000002566,0.10000000000000009
15.187650000002566,0.10000000000000009
15.189320000002567,0.10000000000000009
15.190990000002568,0.10000000000000009
15.192660000002569,0.10000000000000009
15.19433000000257,0.10000000000000009
15.19600000000257,0.10000000000000009
15.19767000000257,0.10000000000000009
15.199340000002572,0.10000000000000009
15.201010000002572,0.10000000000000009
15.202680000002573,0.10000000000000009
15.204350000002574,0.10000000000000009
15.206020000002574,0.10000000000000009
15.207690000002575,0.10000000000000009
15.209360000002576,0.10000000000000009
15.211030000002577,0.10000000000000009
15.212700000002577,0.10000000000000009
15.214370000002578,0.10000000000000009
15.216040000002579,0.10000000000000009
15.21771000000258,0.10000000000000009
15.21938000000258,0.10000000000000009
15.221050000002581,0.10000000000000009
15.222720000002582,0.10000000000000009
15.224390000002582,0.10000000000000009
15.226060000002583,0.10000000000000009
15.227730000002584,0.10000000000000009
15.229400000002585,0.10000000000000009
15.231070000002585,0.10000000000000009
15.232740000002586,0.10000000000000009
15.234410000002587,0.10000000000000009
15.236080000002588,0.10000000000000009
15.237750000002588,0.10000000000000009
15.239420000002589,0.10000000000000009
15.24109000000259,0.10000000000000009
15.24276000000259,0.10000000000000009
15.244430000002591,0.10000000000000009
15.246100000002592,0.10000000000000009
15.247770000002593,0.10000000000000009
15.249440000002593,0.10000000000000009
15.251110000002594,0.10000000000000009
15.252780000002595,0.10000000000000009
15.254450000002596,0.10000000000000009
15.256120000002596,0.10000000000000009
15.257790000002597,0.10000000000000009
15.259460000002598,0.10000000000000009
15.261130000002598,0.10000000000000009
15.2628000000026,0.10000000000000009
15.2644700000026,0.10000000000000009
15.2661400000026,0.10000000000000009
15.267810000002601,0.10000000000000009
15.269480000002602,0.10000000000000009
15.271150000002603,0.10000000000000009
15.272820000002604,0.10000000000000009
15.274490000002604,0.10000000000000009
15.276160000002605,0.10000000000000009
15.277830000002606,0.10000000000000009
15.279500000002606,0.10000000000000009
15.281170000002607,0.10000000000000009
15.282840000002608,0.10000000000000009
15.284510000002609,0.10000000000000009
15.28618000000261,0.10000000000000009
15.28785000000261,0.10000000000000009
15.28952000000261,0.10000000000000009
15.291190000002612,0.10000000000000009
15.292860000002612,0.10000000000000009
15.294530000002613,0.10000000000000009
15.296200000002614,0.10000000000000009
15.297870000002614,0.10000000000000009
15.299540000002615,0.10000000000000009
15.301210000002616,0.10000000000000009
15.302880000002617,0.10000000000000009
15.304550000002617,0.10000000000000009
15.306220000002618,0.10000000000000009
15.307890000002619,0.10000000000000009
15.30956000000262,0.10000000000000009
15.31123000000262,0.10000000000000009
15.312900000002621,0.10000000000000009
15.314570000002622,0.10000000000000009
15.316240000002622,0.10000000000000009
15.317910000002623,0.10000000000000009
15.319580000002624,0.10000000000000009
15.321250000002625,0.10000000000000009
15.322920000002625,0.10000000000000009
15.324590000002626,0.10000000000000009
15.326260000002627,0.10000000000000009
15.327930000002628,0.10000000000000009
15.329600000002628,0.10000000000000009
15.331270000002629,0.10000000000000009
15.33294000000263,0.10000000000000009
15.33461000000263,0.10000000000000009
15.336280000002631,0.10000000000000009
15.337950000002632,0.10000000000000009
15.339620000002633,0.10000000000000009
15.341290000002633,0.10000000000000009
15.342960000002634,0.10000000000000009
15.344630000002635,0.10000000000000009
15.346300000002635,0.10000000000000009
15.347970000002636,0.10000000000000009
15.349640000002637,0.10000000000000009
15.351310000002638,0.10000000000000009
15.352980000002638,0.10000000000000009
15.35465000000264,0.10000000000000009
15.35632000000264,0.10000000000000009
15.35799000000264,0.10000000000000009
15.359660000002641,0.10000000000000009
15.361330000002642,0.10000000000000009
15.363000000002643,0.10000000000000009
15.364670000002643,0.10000000000000009
15.366340000002644,0.10000000000000009
15.368010000002645,0.10000000000000009
15.369680000002646,0.10000000000000009
15.371350000002646,0.10000000000000009
15.373020000002647,0.10000000000000009
15.374690000002648,0.10000000000000009
15.376360000002649,0.10000000000000009
15.37803000000265,0.10000000000000009
15.37970000000265,0.10000000000000009
15.38137000000265,0.10000000000000009
15.383040000002651,0.10000000000000009
15.384710000002652,0.10000000000000009
15.386380000002653,0.10000000000000009
15.388050000002654,0.10000000000000009
15.389720000002654,0.10000000000000009
15.391390000002655,0.10000000000000009
15.393060000002656,0.10000000000000009
15.394730000002657,0.10000000000000009
15.396400000002657,0.10000000000000009
15.398070000002658,0.10000000000000009
15.399740000002659,0.10000000000000009
15.40141000000266,0.10000000000000009
15.40308000000266,0.10000000000000009
15.404750000002661,0.10000000000000009
15.406420000002662,0.10000000000000009
15.408090000002662,0.10000000000000009
15.409760000002663,0.10000000000000009
15.411430000002664,0.10000000000000009
15.413100000002665,0.10000000000000009
15.414770000002665,0.10000000000000009
15.416440000002666,0.10000000000000009
15.418110000002667,0.10000000000000009
15.419780000002667,0.10000000000000009
15.421450000002668,0.10000000000000009
15.423120000002669,0.10000000000000009
15.42479000000267,0.10000000000000009
15.42646000000267,0.10000000000000009
15.428130000002671,0.10000000000000009
15.429800000002672,0.10000000000000009
15.431470000002673,0.10000000000000009
15.433140000002673,0.10000000000000009
15.434810000002674,0.10000000000000009
15.436480000002675,0.10000000000000009
15.438150000002675,0.10000000000000009
15.439820000002676,0.10000000000000009
15.441490000002677,0.10000000000000009
15.443160000002678,0.10000000000000009
15.444830000002678,0.10000000000000009
15.446500000002679,0.10000000000000009
15.44817000000268,0.10000000000000009
15.44984000000268,0.10000000000000009
15.451510000002681,0.10000000000000009
15.453180000002682,0.10000000000000009
15.454850000002683,0.10000000000000009
15.456520000002683,0.10000000000000009
15.458190000002684,0.10000000000000009
15.459860000002685,0.10000000000000009
15.461530000002686,0.10000000000000009
15.463200000002686,0.10000000000000009
15.464870000002687,0.10000000000000009
15.466540000002688,0.10000000000000009
15.468210000002689,0.10000000000000053
15.46988000000269,0.10000000000000009
15.47155000000269,0.10000000000000009
15.47322000000269,0.10000000000000009
15.474890000002691,0.10000000000000009
15.476560000002692,0.10000000000000053
15.478230000002693,0.10000000000000009
15.479900000002694,0.10000000000000009
15.481570000002694,0.10000000000000009
15.483240000002695,0.10000000000000009
15.484910000002696,0.10000000000000053
15.486580000002697,0.10000000000000009
15.488250000002697,0.10000000000000009
15.489920000002698,0.10000000000000009
15.491590000002699,0.10000000000000009
15.4932600000027,0.10000000000000053
15.4949300000027,0.10000000000000009
15.4966000000027,0.10000000000000009
15.498270000002702,0.10000000000000009
15.499940000002702,0.10000000000000009
15.501610000002703,0.10000000000000053
15.503280000002704,0.10000000000000009
15.504950000002705,0.10000000000000009
15.506620000002705,0.10000000000000009
15.508290000002706,0.10000000000000009
15.509960000002707,0.10000000000000053
15.511630000002707,0.10000000000000009
15.513300000002708,0.10000000000000009
15.514970000002709,0.10000000000000009
15.51664000000271,0.10000000000000009
15.51831000000271,0.10000000000000053
15.519980000002711,0.10000000000000009
15.521650000002712,0.10000000000000009
15.523320000002713,0.10000000000000009
15.524990000002713,0.10000000000000009
15.526660000002714,0.10000000000000053
15.528330000002715,0.10000000000000009
15.530000000002715,0.10000000000000009
15.531670000002716,0.10000000000000009
15.533340000002717,0.10000000000000009
15.535010000002718,0.10000000000000053
15.536680000002718,0.10000000000000009
15.538350000002719,0.10000000000000009
15.54002000000272,0.10000000000000009
15.54169000000272,0.10000000000000009
15.543360000002721,0.10000000000000009
15.545030000002722,0.10000000000000009
15.546700000002723,0.10000000000000009
15.548370000002723,0.10000000000000009
15.550040000002724,0.10000000000000009
15.551710000002725,0.10000000000000009
15.553380000002726,0.10000000000000009
15.555050000002726,0.10000000000000009
15.556720000002727,0.10000000000000009
15.558390000002728,0.10000000000000009
15.560060000002728,0.10000000000000009
15.56173000000273,0.10000000000000009
15.56340000000273,0.10000000000000009
15.56507000000273,0.10000000000000009
15.566740000002731,0.10000000000000009
15.568410000002732,0.10000000000000009
15.570080000002733,0.10000000000000009
15.571750000002734,0.10000000000000009
15.573420000002734,0.10000000000000009
15.575090000002735,0.10000000000000009
15.576760000002736,0.10000000000000009
15.578430000002736,0.10000000000000009
15.580100000002737,0.10000000000000009
15.581770000002738,0.10000000000000009
15.583440000002739,0.10000000000000009
15.58511000000274,0.10000000000000009
15.58678000000274,0.10000000000000009
15.58845000000274,0.10000000000000009
15.590120000002742,0.10000000000000009
15.591790000002742,0.10000000000000009
15.593460000002743,0.10000000000000009
15.595130000002744,0.10000000000000009
15.596800000002744,0.10000000000000009
15.598470000002745,0.10000000000000009
15.600140000002746,0.10000000000000009
15.601810000002747,0.10000000000000009
15.603480000002747,0.10000000000000009
15.605150000002748,0.10000000000000009
15.606820000002749,0.10000000000000009
15.60849000000275,0.10000000000000009
15.61016000000275,0.10000000000000009
15.611830000002751,0.10000000000000009
15.613500000002752,0.10000000000000009
15.615170000002752,0.10000000000000009
15.616840000002753,0.10000000000000009
15.618510000002754,0.10000000000000009
15.620180000002755,0.10000000000000009
15.621850000002755,0.10000000000000009
15.623520000002756,0.10000000000000009
15.625190000002757,0.10000000000000009
15.626860000002758,0.10000000000000009
15.628530000002758,0.10000000000000009
15.630200000002759,0.10000000000000009
15.63187000000276,0.10000000000000009
15.63354000000276,0.10000000000000009
15.635210000002761,0.10000000000000009
15.636880000002762,0.10000000000000009
15.638550000002763,0.10000000000000009
15.640220000002763,0.10000000000000009
15.641890000002764,0.10000000000000009
15.643560000002765,0.10000000000000009
15.645230000002766,0.10000000000000009
15.646900000002766,0.10000000000000009
15.648570000002767,0.10000000000000009
15.650240000002768,0.10000000000000009
15.651910000002768,0.10000000000000009
15.65358000000277,0.10000000000000009
15.65525000000277,0.10000000000000009
15.65692000000277,0.10000000000000009
15.658590000002771,0.10000000000000009
15.660260000002772,0.10000000000000009
15.661930000002773,0.10000000000000009
15.663600000002774,0.10000000000000009
15.665270000002774,0.10000000000000009
15.666940000002775,0.10000000000000009
15.668610000002776,0.10000000000000009
15.670280000002776,0.10000000000000009
15.671950000002777,0.10000000000000009
15.673620000002778,0.10000000000000009
15.675290000002779,0.10000000000000009
15.67696000000278,0.10000000000000009
15.67863000000278,0.10000000000000009
15.68030000000278,0.10000000000000009
15.681970000002782,0.10000000000000009
15.683640000002782,0.10000000000000009
15.685310000002783,0.10000000000000009
15.686980000002784,0.10000000000000009
15.688650000002784,0.10000000000000009
15.690320000002785,0.10000000000000009
15.691990000002786,0.10000000000000009
15.693660000002787,0.10000000000000009
15.695330000002787,0.10000000000000009
15.697000000002788,0.10000000000000009
15.698670000002789,0.10000000000000009
15.70034000000279,0.10000000000000009
15.70201000000279,0.10000000000000009
15.703680000002791,0.10000000000000009
15.705350000002792,0.10000000000000009
15.707020000002792,0.10000000000000009
15.708690000002793,0.10000000000000009
15.710360000002794,0.10000000000000009
15.712030000002795,0.10000000000000009
15.713700000002795,0.10000000000000009
15.715370000002796,0.10000000000000009
15.717040000002797,0.10000000000000009
15.718710000002797,0.10000000000000009
15.720380000002798,0.10000000000000009
15.722050000002799,0.10000000000000009
15.7237200000028,0.10000000000000009
15.7253900000028,0.10000000000000009
15.727060000002801,0.10000000000000009
15.728730000002802,0.10000000000000009
15.730400000002803,0.10000000000000009
15.732070000002803,0.10000000000000009
15.733740000002804,0.10000000000000009
15.735410000002805,0.10000000000000009
15.737080000002805,0.10000000000000009
15.738750000002806,0.10000000000000009
15.740420000002807,0.10000000000000009
15.742090000002808,0.10000000000000009
15.743760000002808,0.10000000000000009
15.74543000000281,0.10000000000000009
15.74710000000281,0.10000000000000009
15.74877000000281,0.10000000000000009
15.750440000002811,0.10000000000000009
15.752110000002812,0.10000000000000009
15.753780000002813,0.10000000000000009
15.755450000002813,0.10000000000000009
15.757120000002814,0.10000000000000009
15.758790000002815,0.10000000000000009
15.760460000002816,0.10000000000000009
15.762130000002816,0.10000000000000009
15.763800000002817,0.10000000000000009
15.765470000002818,0.10000000000000009
15.767140000002819,0.10000000000000009
15.76881000000282,0.10000000000000009
15.77048000000282,0.10000000000000009
15.77215000000282,0.10000000000000009
15.773820000002821,0.10000000000000009
15.775490000002822,0.10000000000000009
15.777160000002823,0.10000000000000009
15.778830000002824,0.10000000000000009
15.780500000002824,0.10000000000000009
15.782170000002825,0.10000000000000009
15.783840000002826,0.10000000000000009
15.785510000002827,0.10000000000000009
15.787180000002827,0.10000000000000009
15.788850000002828,0.10000000000000009
15.790520000002829,0.10000000000000009
15.79219000000283,0.10000000000000009
15.79386000000283,0.10000000000000009
15.795530000002831,0.10000000000000009
15.797200000002832,0.10000000000000009
15.798870000002832,0.10000000000000009
15.800540000002833,0.10000000000000009
15.802210000002834,0.10000000000000009
15.803880000002835,0.10000000000000009
15.805550000002835,0.10000000000000009
15.807220000002836,0.10000000000000009
15.808890000002837,0.10000000000000009
15.810560000002837,0.10000000000000009
15.812230000002838,0.10000000000000009
15.813900000002839,0.10000000000000009
15.81557000000284,0.10000000000000009
15.81724000000284,0.10000000000000009
15.818910000002841,0.10000000000000009
15.820580000002842,0.10000000000000009
15.822250000002843,0.10000000000000009
15.823920000002843,0.10000000000000009
15.825590000002844,0.10000000000000009
15.827260000002845,0.10000000000000009
15.828930000002845,0.10000000000000009
15.830600000002846,0.10000000000000009
15.832270000002847,0.10000000000000009
15.833940000002848,0.10000000000000009
15.835610000002848,0.10000000000000009
15.837280000002849,0.10000000000000009
15.83895000000285,0.10000000000000009
15.84062000000285,0.10000000000000009
15.842290000002851,0.10000000000000009
15.843960000002852,0.10000000000000009
15.845630000002853,0.10000000000000009
15.847300000002853,0.10000000000000009
15.848970000002854,0.10000000000000009
15.850640000002855,0.10000000000000009
15.852310000002856,0.10000000000000009
15.853980000002856,0.10000000000000009
15.855650000002857,0.10000000000000009
15.857320000002858,0.10000000000000009
15.858990000002859,0.10000000000000009
15.86066000000286,0.10000000000000009
15.86233000000286,0.10000000000000009
15.86400000000286,0.10000000000000009
15.865670000002861,0.10000000000000009
15.867340000002862,0.10000000000000009
15.869010000002863,0.10000000000000009
15.870680000002864,0.10000000000000009
15.872350000002864,0.10000000000000009
15.874020000002865,0.10000000000000009
15.875690000002866,0.10000000000000009
15.877360000002867,0.10000000000000009
15.879030000002867,0.10000000000000009
15.880700000002868,0.10000000000000009
15.882370000002869,0.10000000000000009
15.88404000000287,0.10000000000000009
15.88571000000287,0.10000000000000009
15.88738000000287,0.10000000000000009
15.889050000002872,0.10000000000000009
15.890720000002872,0.10000000000000009
15.892390000002873,0.10000000000000009
15.894060000002874,0.10000000000000009
15.895730000002875,0.10000000000000009
15.897400000002875,0.10000000000000009
15.899070000002876,0.10000000000000009
15.900740000002877,0.10000000000000009
15.902410000002877,0.10000000000000009
15.904080000002878,0.10000000000000009
15.905750000002879,0.10000000000000009
15.90742000000288,0.10000000000000009
15.90909000000288,0.10000000000000009
15.910760000002881,0.10000000000000009
15.912430000002882,0.10000000000000009
15.914100000002882,0.10000000000000009
15.915770000002883,0.10000000000000009
15.917440000002884,0.10000000000000009
15.919110000002885,0.10000000000000009
15.920780000002885,0.10000000000000009
15.922450000002886,0.10000000000000009
15.924120000002887,0.10000000000000009
15.925790000002888,0.10000000000000009
15.927460000002888,0.10000000000000009
15.929130000002889,0.10000000000000009
15.93080000000289,0.10000000000000009
15.93247000000289,0.10000000000000009
15.934140000002891,0.10000000000000009
15.935810000002892,0.10000000000000009
15.937480000002893,0.10000000000000009
15.939150000002893,0.10000000000000009
15.940820000002894,0.10000000000000009
15.942490000002895,0.10000000000000009
15.944160000002896,0.10000000000000009
15.945830000002896,0.10000000000000009
15.947500000002897,0.10000000000000009
15.949170000002898,0.10000000000000009
15.950840000002898,0.10000000000000009
15.9525100000029,0.10000000000000009
15.9541800000029,0.10000000000000009
15.9558500000029,0.10000000000000009
15.957520000002901,0.10000000000000009
15.959190000002902,0.10000000000000009
15.960860000002903,0.10000000000000009
15.962530000002904,0.10000000000000009
15.964200000002904,0.10000000000000009
15.965870000002905,0.10000000000000009
15.967540000002906,0.10000000000000009
15.969210000002906,0.10000000000000009
15.970880000002907,0.10000000000000009
15.972550000002908,0.10000000000000009
15.974220000002909,0.10000000000000009
15.97589000000291,0.10000000000000009
15.97756000000291,0.10000000000000009
15.97923000000291,0.10000000000000009
15.980900000002912,0.10000000000000009
15.982570000002912,0.10000000000000009
15.984240000002913,0.10000000000000009
15.985910000002914,0.10000000000000009
15.987580000002914,0.10000000000000009
15.989250000002915,0.10000000000000009
15.990920000002916,0.10000000000000009
15.992590000002917,0.10000000000000009
15.994260000002917,0.10000000000000009
15.995930000002918,0.10000000000000009
15.997600000002919,0.10000000000000009
15.99927000000292,0.10000000000000009
