TimeInc,Intensity
0.5,0.9127358490566039
0.50167,0.9142356981132075
0.5033399999999999,0.9157355471698114
0.5050099999999998,0.9172353962264153
0.5066799999999998,0.9187352452830186
0.5083499999999997,0.9202350943396224
0.5100199999999997,0.9217349433962262
0.5116899999999996,0.9232347924528301
0.5133599999999996,0.9247346415094337
0.5150299999999995,0.9262344905660371
0.5166999999999995,0.9277343396226411
0.5183699999999994,0.9292341886792451
0.5200399999999994,0.9307340377358486
0.5217099999999993,0.932233886792452
0.5233799999999993,0.9337337358490561
0.5250499999999992,0.93523358490566
0.5267199999999992,0.9367334339622634
0.5283899999999991,0.9382332830188671
0.5300599999999991,0.9397331320754709
0.531729999999999,0.9412329811320748
0.533399999999999,0.9427328301886785
0.5350699999999989,0.9442326792452819
0.5367399999999989,0.9457325283018858
0.5384099999999988,0.9472323773584896
0.5400799999999988,0.9487322264150932
0.5417499999999987,0.9502320754716967
0.5434199999999987,0.9517319245283008
0.5450899999999986,0.9532317735849047
0.5467599999999986,0.9547316226415081
0.5484299999999985,0.9562314716981117
0.5500999999999985,0.9577313207547157
0.5517699999999984,0.9592311698113195
0.5534399999999984,0.9607310188679232
0.5551099999999983,0.9622308679245266
0.5567799999999983,0.9637307169811304
0.5584499999999982,0.9652305660377344
0.5601199999999982,0.966730415094338
0.5617899999999981,0.9682302641509415
0.5634599999999981,0.9697301132075455
0.565129999999998,0.9712299622641494
0.566799999999998,0.9727298113207529
0.5684699999999979,0.9742296603773565
0.5701399999999979,0.9757295094339604
0.5718099999999978,0.9772293584905642
0.5734799999999978,0.9787292075471679
0.5751499999999977,0.9802290566037714
0.5768199999999977,0.9817289056603752
0.5784899999999976,0.9832287547169791
0.5801599999999976,0.9847286037735827
0.5818299999999975,0.9862284528301861
0.5834999999999975,0.9877283018867901
0.5851699999999974,0.9892281509433941
0.5868399999999974,0.9907279999999976
0.5885099999999973,0.9922278490566012
0.5901799999999973,0.993727698113205
0.5918499999999972,0.995227547169809
0.5935199999999972,0.9967273962264124
0.5951899999999971,0.9982272452830161
0.5968599999999971,0.9997270943396199
0.598529999999997,1.0012269433962238
0.600199999999997,1.0027267924528274
0.6018699999999969,1.004226641509431
0.6035399999999969,1.0057264905660348
0.6052099999999968,1.0072263396226389
0.6068799999999968,1.0087261886792422
0.6085499999999967,1.0102260377358458
0.6102199999999967,1.01172588679245
0.6118899999999966,1.013238710900471
0.6135599999999966,1.0147519999999968
0.6152299999999965,1.0162652890995225
0.6168999999999965,1.0177785781990487
0.6185699999999964,1.0192918672985751
0.6202399999999963,1.0208051563981009
0.6219099999999963,1.0223184454976266
0.6235799999999962,1.0238317345971528
0.6252499999999962,1.025345023696679
0.6269199999999961,1.0268583127962048
0.6285899999999961,1.028371601895731
0.630259999999996,1.029884890995257
0.631929999999996,1.0313981800947831
0.6335999999999959,1.0329114691943089
0.6352699999999959,1.0344247582938348
0.6369399999999958,1.035938047393361
0.6386099999999958,1.0374513364928872
0.6402799999999957,1.0389646255924132
0.6419499999999957,1.040477914691939
0.6436199999999956,1.0419912037914654
0.6452899999999956,1.0435044928909913
0.6469599999999955,1.0450177819905173
0.6486299999999955,1.046531071090043
0.6502999999999954,1.0480443601895693
0.6519699999999954,1.0495576492890955
0.6536399999999953,1.0510709383886214
0.6553099999999953,1.0525842274881472
0.6569799999999952,1.0540975165876734
0.6586499999999952,1.0556108056871996
0.6603199999999951,1.0571240947867255
0.6619899999999951,1.0586373838862513
0.663659999999995,1.0601506729857775
0.665329999999995,1.0616639620853037
0.6669999999999949,1.0631772511848294
0.6686699999999949,1.0646905402843552
0.6703399999999948,1.0661921509433916
0.6720099999999948,1.0676919999999954
0.6736799999999947,1.0691918490565988
0.6753499999999947,1.0706916981132024
0.6770199999999946,1.0721915471698065
0.6786899999999946,1.0736913962264103
0.6803599999999945,1.075191245283014
0.6820299999999945,1.0766910943396173
0.6836999999999944,1.0781909433962211
0.6853699999999944,1.079690792452825
0.6870399999999943,1.0811906415094288
0.6887099999999943,1.0826904905660322
0.6903799999999942,1.084190339622636
0.6920499999999942,1.08569018867924
0.6937199999999941,1.0871900377358434
0.6953899999999941,1.088689886792447
0.697059999999994,1.090189735849051
0.698729999999994,1.091689584905655
0.7003999999999939,1.0931894339622583
0.7020699999999939,1.094689283018862
0.7037399999999938,1.096189132075466
0.7054099999999938,1.0976889811320698
0.7070799999999937,1.0991888301886732
0.7087499999999937,1.1006886792452768
0.7104199999999936,1.1021885283018809
0.7120899999999936,1.1036883773584845
0.7137599999999935,1.1051882264150883
0.7154299999999935,1.1066880754716917
0.7170999999999934,1.1081879245282955
0.7187699999999934,1.1096877735848993
0.7204399999999933,1.111187622641503
0.7221099999999933,1.1126874716981066
0.7237799999999932,1.1141873207547104
0.7254499999999932,1.1156871698113144
0.7271199999999931,1.1171870188679178
0.728789999999993,1.1186868679245214
0.730459999999993,1.1201867169811255
0.732129999999993,1.1216865660377293
0.7337999999999929,1.1231864150943327
0.7354699999999929,1.1246862641509363
0.7371399999999928,1.1261861132075404
0.7388099999999928,1.1276859622641442
0.7404799999999927,1.1291858113207478
0.7421499999999926,1.1306856603773512
0.7438199999999926,1.1321855094339552
0.7454899999999925,1.1336853584905588
0.7471599999999925,1.1351852075471627
0.7488299999999924,1.136685056603766
0.7504999999999924,1.1381849056603701
0.7521699999999923,1.1396847547169742
0.7538399999999923,1.1411846037735773
0.7555099999999922,1.1426844528301812
0.7571799999999922,1.144184301886785
0.7588499999999921,1.1456841509433888
0.7605199999999921,1.1471839999999927
0.762189999999992,1.1486838490565958
0.763859999999992,1.1501836981131999
0.7655299999999919,1.1516835471698037
0.7671999999999919,1.1531833962264073
0.7688699999999918,1.1546832452830107
0.7705399999999918,1.1561830943396147
0.7722099999999917,1.1576829433962188
0.7738799999999917,1.1591827924528222
0.7755499999999916,1.1606826415094258
0.7772199999999916,1.1621824905660296
0.7788899999999915,1.1636823396226337
0.7805599999999915,1.1651821886792373
0.7822299999999914,1.1666820377358407
0.7838999999999914,1.1681818867924445
0.7855699999999913,1.1696817358490486
0.7872399999999913,1.1711815849056522
0.7889099999999912,1.1726814339622555
0.7905799999999912,1.1741812830188594
0.7922499999999911,1.1756811320754634
0.7939199999999911,1.177180981132067
0.795589999999991,1.1786808301886702
0.797259999999991,1.1801806792452745
0.7989299999999909,1.1816805283018783
0.8005999999999909,1.1831803773584817
0.8022699999999908,1.1846802264150855
0.8039399999999908,1.1861800754716894
0.8056099999999907,1.1876799245282932
0.8072799999999907,1.1891797735848966
0.8089499999999906,1.1906796226415002
0.8106199999999906,1.192179471698104
0.8122899999999905,1.193679320754708
0.8139599999999905,1.1951791698113117
0.8156299999999904,1.196679018867915
0.8172999999999904,1.1981788679245189
0.8189699999999903,1.199678716981123
0.8206399999999903,1.2011785660377265
0.8223099999999902,1.20267841509433
0.8239799999999902,1.2041782641509338
0.8256499999999901,1.2056781132075378
0.8273199999999901,1.2071779622641414
0.82898999999999,1.2086778113207448
0.83065999999999,1.2101776603773489
0.8323299999999899,1.2116775094339527
0.8339999999999899,1.213177358490556
0.8356699999999898,1.21467720754716
0.8373399999999898,1.2161770566037637
0.8390099999999897,1.2176769056603676
0.8406799999999897,1.219176754716971
0.8423499999999896,1.2206766037735746
0.8440199999999896,1.2221764528301784
0.8456899999999895,1.2236773838862458
0.8473599999999895,1.2251906729857716
0.8490299999999894,1.2267039620852975
0.8506999999999894,1.2282172511848237
0.8523699999999893,1.2297305402843497
0.8540399999999893,1.2312438293838759
0.8557099999999892,1.2327571184834016
0.8573799999999892,1.2342704075829278
0.8590499999999891,1.2357836966824538
0.860719999999989,1.2372969857819798
0.862389999999989,1.2388102748815057
0.864059999999989,1.240323563981032
0.8657299999999889,1.2418368530805581
0.8673999999999888,1.2433501421800839
0.8690699999999888,1.2448634312796099
0.8707399999999887,1.246376720379136
0.8724099999999887,1.2478900094786622
0.8740799999999886,1.249403298578188
0.8757499999999886,1.2509165876777137
0.8774199999999885,1.25242987677724
0.8790899999999885,1.2539431658767664
0.8807599999999884,1.255456454976292
0.8824299999999884,1.2569697440758179
0.8840999999999883,1.258483033175344
0.8857699999999883,1.2599963222748705
0.8874399999999882,1.2615096113743962
0.8891099999999882,1.263022900473922
0.8907799999999881,1.2645361895734482
0.8924499999999881,1.2660494786729743
0.894119999999988,1.2675627677725
0.895789999999988,1.269076056872026
0.8974599999999879,1.2705893459715523
0.8991299999999879,1.2721026350710785
0.9007999999999878,1.2736159241706042
0.9024699999999878,1.2751292132701302
0.9041399999999877,1.2766425023696564
0.9058099999999877,1.2781425660377241
0.9074799999999876,1.2796424150943277
0.9091499999999876,1.2811422641509311
0.9108199999999875,1.282642113207535
0.9124899999999875,1.2841419622641392
0.9141599999999874,1.2856418113207426
0.9158299999999874,1.2871416603773462
0.9174999999999873,1.28864150943395
0.9191699999999873,1.290141358490554
0.9208399999999872,1.2916412075471575
0.9225099999999872,1.293141056603761
0.9241799999999871,1.294640905660365
0.9258499999999871,1.2961407547169688
0.927519999999987,1.2976406037735724
0.929189999999987,1.299140452830176
0.9308599999999869,1.3006403018867798
0.9325299999999869,1.3021401509433839
0.9341999999999868,1.3036399999999873
0.9358699999999868,1.3051398490565909
0.9375399999999867,1.306639698113195
0.9392099999999867,1.3081395471697987
0.9408799999999866,1.3096393962264021
0.9425499999999866,1.3111392452830057
0.9442199999999865,1.3126390943396098
0.9458899999999865,1.3141389433962136
0.9475599999999864,1.3156387924528172
0.9492299999999864,1.3171386415094206
0.9508999999999863,1.3186384905660247
0.9525699999999863,1.3201383396226283
0.9542399999999862,1.321638188679232
0.9559099999999862,1.3231380377358355
0.9575799999999861,1.3246378867924395
0.9592499999999861,1.3261377358490436
0.960919999999986,1.3276375849056468
0.962589999999986,1.3291374339622506
0.9642599999999859,1.3306372830188544
0.9659299999999859,1.3321371320754583
0.9675999999999858,1.3336369811320616
0.9692699999999858,1.3351368301886652
0.9709399999999857,1.3366366792452693
0.9726099999999857,1.3381365283018731
0.9742799999999856,1.3396363773584767
0.9759499999999856,1.3411362264150801
0.9776199999999855,1.3426360754716842
0.9792899999999854,1.344135924528288
0.9809599999999854,1.3456357735848916
0.9826299999999853,1.347135622641495
0.9842999999999853,1.348635471698099
0.9859699999999852,1.350135320754703
0.9876399999999852,1.3516351698113065
0.9893099999999851,1.35313501886791
0.9909799999999851,1.354634867924514
0.992649999999985,1.356134716981118
0.994319999999985,1.3576345660377211
0.9959899999999849,1.359134415094325
0.9976599999999849,1.3606342641509288
0.9993299999999848,1.3621341132075326
1.0009999999999848,1.363633962264136
1.0026699999999849,1.36513381132074
1.004339999999985,1.366633660377344
1.006009999999985,1.3681335094339477
1.007679999999985,1.3696333584905513
1.009349999999985,1.3711332075471554
1.0110199999999852,1.372633056603759
1.0126899999999852,1.374132905660363
1.0143599999999853,1.3756327547169669
1.0160299999999853,1.3771326037735707
1.0176999999999854,1.3786324528301743
1.0193699999999855,1.3801323018867782
1.0210399999999855,1.381632150943382
1.0227099999999856,1.3831319999999858
1.0243799999999856,1.3846318490565896
1.0260499999999857,1.3861316981131937
1.0277199999999858,1.3876315471697973
1.0293899999999858,1.3891313962264011
1.0310599999999859,1.390631245283005
1.032729999999986,1.3921310943396086
1.034399999999986,1.3936309433962126
1.036069999999986,1.3951307924528165
1.0377399999999861,1.3966306415094203
1.0394099999999862,1.3981304905660241
1.0410799999999862,1.399630339622628
1.0427499999999863,1.4011301886792316
1.0444199999999864,1.4026300377358354
1.0460899999999864,1.4041298867924394
1.0477599999999865,1.4056297358490433
1.0494299999999865,1.4071295849056469
1.0510999999999866,1.408629433962251
1.0527699999999867,1.4101292830188545
1.0544399999999867,1.4116291320754584
1.0561099999999868,1.4131289811320622
1.0577799999999868,1.4146288301886663
1.059449999999987,1.4161286792452699
1.061119999999987,1.4176285283018737
1.062789999999987,1.4191283773584775
1.064459999999987,1.4206282264150814
1.0661299999999871,1.4221280754716852
1.0677999999999872,1.4236279245282888
1.0694699999999873,1.4251277735848928
1.0711399999999873,1.4266276226414967
1.0728099999999874,1.4281274716981005
1.0744799999999874,1.4296273207547041
1.0761499999999875,1.4311271698113082
1.0778199999999876,1.4326270188679118
1.0794899999999876,1.4341268679245158
1.0811599999999877,1.4356293459715512
1.0828299999999877,1.4371426350710776
1.0844999999999878,1.4386559241706034
1.0861699999999879,1.4401692132701298
1.087839999999988,1.4416825023696558
1.089509999999988,1.4431957914691822
1.091179999999988,1.4447090805687082
1.092849999999988,1.446222369668234
1.0945199999999882,1.4477356587677603
1.0961899999999882,1.4492489478672863
1.0978599999999883,1.4507622369668127
1.0995299999999884,1.4522755260663387
1.1011999999999884,1.453788815165865
1.1028699999999885,1.455302104265391
1.1045399999999885,1.4568153933649168
1.1062099999999886,1.4583286824644432
1.1078799999999887,1.4598419715639692
1.1095499999999887,1.4613552606634954
1.1112199999999888,1.4628685497630216
1.1128899999999888,1.4643818388625478
1.114559999999989,1.4658951279620738
1.116229999999989,1.4674084170615997
1.117899999999989,1.468921706161126
1.119569999999989,1.4704349952606521
1.1212399999999891,1.4719482843601783
1.1229099999999892,1.4734615734597043
1.1245799999999893,1.4749748625592307
1.1262499999999893,1.4764881516587565
1.1279199999999894,1.478001440758283
1.1295899999999894,1.4795147298578089
1.1312599999999895,1.4810280189573348
1.1329299999999896,1.4825413080568612
1.1345999999999896,1.484054597156387
1.1362699999999897,1.4855678862559136
1.1379399999999897,1.4870811753554394
1.1396099999999898,1.4885931320754613
1.1412799999999899,1.4900929811320651
1.14294999999999,1.4915928301886687
1.14461999999999,1.4930926792452726
1.14628999999999,1.4945925283018764
1.14795999999999,1.4960923773584802
1.1496299999999902,1.497592226415084
1.1512999999999902,1.4990920754716877
1.1529699999999903,1.5005919245282915
1.1546399999999903,1.5020917735848953
1.1563099999999904,1.5035916226414991
1.1579799999999905,1.5050914716981034
1.1596499999999905,1.506591320754707
1.1613199999999906,1.5080911698113109
1.1629899999999906,1.5095910188679147
1.1646599999999907,1.5110908679245185
1.1663299999999908,1.5125907169811224
1.1679999999999908,1.514090566037726
1.1696699999999909,1.5155904150943298
1.171339999999991,1.5170902641509336
1.173009999999991,1.5185901132075375
1.174679999999991,1.5200899622641413
1.1763499999999911,1.5215898113207453
1.1780199999999912,1.5230896603773492
1.1796899999999912,1.524589509433953
1.1813599999999913,1.5260893584905566
1.1830299999999914,1.5275892075471607
1.1846999999999914,1.5290890566037643
1.1863699999999915,1.530588905660368
1.1880399999999915,1.532088754716972
1.1897099999999916,1.5335886037735755
1.1913799999999917,1.5350884528301796
1.1930499999999917,1.5365883018867832
1.1947199999999918,1.5380881509433875
1.1963899999999918,1.5395879999999913
1.198059999999992,1.541087849056595
1.199729999999992,1.542587698113199
1.201399999999992,1.5440875471698026
1.203069999999992,1.5455873962264064
1.2047399999999922,1.5470872452830102
1.2064099999999922,1.5485870943396138
1.2080799999999923,1.5500869433962179
1.2097499999999923,1.5515867924528215
1.2114199999999924,1.5530866415094253
1.2130899999999925,1.5545864905660292
1.2147599999999925,1.5560863396226332
1.2164299999999926,1.5575861886792373
1.2180999999999926,1.5590860377358409
1.2197699999999927,1.5605858867924447
1.2214399999999928,1.5620857358490485
1.2231099999999928,1.5635855849056521
1.2247799999999929,1.5650854339622562
1.226449999999993,1.5665852830188598
1.228119999999993,1.5680851320754636
1.229789999999993,1.5695849811320675
1.2314599999999931,1.571084830188671
1.2331299999999932,1.5725846792452756
1.2347999999999932,1.5740845283018792
1.2364699999999933,1.575584377358483
1.2381399999999934,1.5770842264150868
1.2398099999999934,1.5785840754716904
1.2414799999999935,1.5800839245282945
1.2431499999999935,1.581583773584898
1.2448199999999936,1.583083622641502
1.2464899999999937,1.5845834716981058
1.2481599999999937,1.5860833207547094
1.2498299999999938,1.5875831698113134
1.2514999999999938,1.5890830188679175
1.253169999999994,1.5905828679245213
1.254839999999994,1.5920827169811251
1.256509999999994,1.5935825660377287
1.258179999999994,1.5950824150943328
1.2598499999999941,1.5965822641509364
1.2615199999999942,1.5980821132075402
1.2631899999999943,1.599581962264144
1.2648599999999943,1.6010818113207477
1.2665299999999944,1.6025816603773517
1.2681999999999944,1.6040815094339553
1.2698699999999945,1.6055813584905596
1.2715399999999946,1.6070812075471634
1.2732099999999946,1.608581056603767
1.2748799999999947,1.610080905660371
1.2765499999999947,1.6115807547169747
1.2782199999999948,1.6130806037735785
1.2798899999999949,1.6145804528301824
1.281559999999995,1.616080301886786
1.283229999999995,1.61758015094339
1.284899999999995,1.6190799999999936
1.286569999999995,1.6205798490565975
1.2882399999999952,1.6220796981132013
1.2899099999999952,1.6235795471698053
1.2915799999999953,1.6250793962264094
1.2932499999999953,1.626579245283013
1.2949199999999954,1.6280790943396168
1.2965899999999955,1.6295789433962207
1.2982599999999955,1.6310787924528243
1.2999299999999956,1.6325786415094283
1.3015999999999956,1.634078490566032
1.3032699999999957,1.6355783396226358
1.3049399999999958,1.6370781886792396
1.3066099999999958,1.6385780377358432
1.308279999999996,1.6400778867924477
1.309949999999996,1.6415777358490513
1.311619999999996,1.6430775849056551
1.313289999999996,1.644577433962259
1.3149599999999961,1.6460772830188626
1.3166299999999962,1.6475771320754666
1.3182999999999963,1.6490769811320702
1.3199699999999963,1.650576830188674
1.3216399999999964,1.652076679245278
1.3233099999999964,1.6535765283018815
1.3249799999999965,1.6550763773584856
1.3266499999999966,1.6565762264150896
1.3283199999999966,1.6580760754716934
1.3299899999999967,1.6595759245282973
1.3316599999999967,1.6610757735849009
1.3333299999999968,1.662575622641505
1.3349999999999969,1.6640754716981085
1.336669999999997,1.6655753207547124
1.338339999999997,1.6670751698113162
1.340009999999997,1.6685750188679198
1.341679999999997,1.6700748679245239
1.3433499999999972,1.6715747169811275
1.3450199999999972,1.6730745660377317
1.3466899999999973,1.6745744150943356
1.3483599999999973,1.6760742641509392
1.3500299999999974,1.6775741132075432
1.3516999999999975,1.6790739622641468
1.3533699999999975,1.6805738113207507
1.3550399999999976,1.6820736603773545
1.3567099999999976,1.6835735094339581
1.3583799999999977,1.6850733584905622
1.3600499999999978,1.6865732075471658
1.3617199999999978,1.6880730566037696
1.3633899999999979,1.6895729056603734
1.365059999999998,1.6910727547169775
1.366729999999998,1.6925726037735815
1.368399999999998,1.6940724528301851
1.3700699999999981,1.695572301886789
1.3717399999999982,1.6970721509433928
1.3734099999999982,1.6985719999999964
1.3750799999999983,1.6999755693658132
1.3767499999999984,1.6994655798771818
1.3784199999999984,1.6989555903885512
1.3800899999999985,1.6984456008999196
1.3817599999999985,1.6979356114112885
1.3834299999999986,1.6974256219226573
1.3850999999999987,1.6969156324340262
1.3867699999999987,1.6964056429453949
1.3884399999999988,1.695895653456764
1.3901099999999988,1.6953856639681326
1.391779999999999,1.6948756744795017
1.393449999999999,1.6943656849908706
1.395119999999999,1.693855695502239
1.396789999999999,1.6933457060136083
1.3984599999999991,1.6928357165249768
1.4001299999999992,1.6923257270363457
1.4017999999999993,1.6918157375477147
1.4034699999999993,1.6913057480590834
1.4051399999999994,1.6907957585704525
1.4068099999999994,1.6902857690818212
1.4084799999999995,1.68977577959319
1.4101499999999996,1.689265790104559
1.4118199999999996,1.6887558006159278
1.4134899999999997,1.6882458111272964
1.4151599999999998,1.6877358216386655
1.4168299999999998,1.6872258321500342
1.4184999999999999,1.6867158426614028
1.42017,1.686205853172772
1.42184,1.6856958636841406
1.42351,1.68518587419551
1.4251800000000001,1.6846758847068783
1.4268500000000002,1.6841658952182472
1.4285200000000002,1.6836559057296163
1.4301900000000003,1.683145916240985
1.4318600000000004,1.6826359267523536
1.4335300000000004,1.6821259372637227
1.4352000000000005,1.6816287350414778
1.4368700000000005,1.6811321855957693
1.4385400000000006,1.6806356361500603
1.4402100000000007,1.6801390867043513
1.4418800000000007,1.6796425372586428
1.4435500000000008,1.6791459878129338
1.4452200000000008,1.6786494383672248
1.446890000000001,1.6781528889215163
1.448560000000001,1.677656339475807
1.450230000000001,1.6771597900300985
1.451900000000001,1.6766632405843893
1.4535700000000011,1.6761666911386803
1.4552400000000012,1.6756701416929718
1.4569100000000013,1.6751735922472628
1.4585800000000013,1.6746770428015543
1.4602500000000014,1.6741804933558453
1.4619200000000014,1.6736839439101363
1.4635900000000015,1.6731873944644278
1.4652600000000016,1.6726908450187186
1.4669300000000016,1.67219429557301
1.4686000000000017,1.671697746127301
1.4702700000000017,1.6712011966815918
1.4719400000000018,1.6707046472358833
1.4736100000000019,1.6702080977901743
1.475280000000002,1.6697115483444653
1.476950000000002,1.6692149988987568
1.478620000000002,1.6687184494530478
1.480290000000002,1.6682219000073393
1.4819600000000022,1.6677253505616303
1.4836300000000022,1.667228801115921
1.4853000000000023,1.6667322516702126
1.4869700000000023,1.6662357022245036
1.4886400000000024,1.6657391527787948
1.4903100000000025,1.6652426033330858
1.4919800000000025,1.6647460538873768
1.4936500000000026,1.6642495044416683
1.4953200000000026,1.6637529549959593
1.4969900000000027,1.6632564055502508
1.4986600000000028,1.6627598561045418
1.5003300000000028,1.6622633066588326
1.5020000000000029,1.661766757213124
1.503670000000003,1.6612702077674155
1.505340000000003,1.6607736583217065
1.507010000000003,1.660277108875997
1.5086800000000031,1.6597805594302883
1.5103500000000032,1.6592840099845798
1.5120200000000033,1.6587874605388708
1.5136900000000033,1.6582909110931618
1.5153600000000034,1.6577943616474533
1.5170300000000034,1.6572978122017448
1.5187000000000035,1.6568012627560356
1.5203700000000036,1.6563047133103261
1.5220400000000036,1.6558081638646176
1.5237100000000037,1.6553116144189095
1.5253800000000037,1.6548150649732
1.5270500000000038,1.6543185155274909
1.5287200000000039,1.6538219660817823
1.530390000000004,1.6533254166360738
1.532060000000004,1.6528288671903648
1.533730000000004,1.6523323177446558
1.535400000000004,1.6518357682989473
1.5370700000000042,1.6513392188532385
1.5387400000000042,1.650842669407529
1.5404100000000043,1.6503461199618201
1.5420800000000043,1.6498495705161116
1.5437500000000044,1.649353021070403
1.5454200000000045,1.648856471624694
1.5470900000000045,1.6483599221789849
1.5487600000000046,1.6478633727332763
1.5504300000000046,1.6473668232875678
1.5521000000000047,1.6468702738418588
1.5537700000000048,1.6463737243961494
1.5554400000000048,1.6458771749504406
1.5571100000000049,1.645380625504732
1.558780000000005,1.644884076059023
1.560450000000005,1.644387526613314
1.562120000000005,1.6438909771676056
1.5637900000000051,1.643394427721897
1.5654600000000052,1.6428978782761878
1.5671300000000052,1.6424013288304784
1.5688000000000053,1.6419047793847699
1.5704700000000054,1.6414082299390618
1.5721400000000054,1.6409116804933523
1.5738100000000055,1.6404151310476434
1.5754800000000055,1.6399185816019346
1.5771500000000056,1.639422032156226
1.5788200000000057,1.638925482710517
1.5804900000000057,1.638428933264808
1.5821600000000058,1.6379323838190996
1.5838300000000058,1.6374358343733908
1.585500000000006,1.6369392849276814
1.587170000000006,1.6364427354819724
1.588840000000006,1.6359461860362638
1.590510000000006,1.6354496365905553
1.5921800000000061,1.6349530871448463
1.5938500000000062,1.6344565376991371
1.5955200000000063,1.6339599882534286
1.5971900000000063,1.63346343880772
1.5988600000000064,1.632966889362011
1.6005300000000064,1.6324703399163016
1.6022000000000065,1.6319737904705929
1.6038700000000066,1.6314772410248843
1.6055400000000066,1.6309806915791754
1.6072100000000067,1.6304841421334664
1.6088800000000067,1.6299875926877578
1.6105500000000068,1.6294888524166893
1.6122200000000069,1.628978862928058
1.613890000000007,1.6284688734394261
1.615560000000007,1.6279588839507957
1.617230000000007,1.6274488944621648
1.6189000000000071,1.626938904973533
1.6205700000000072,1.6264289154849019
1.6222400000000072,1.625918925996271
1.6239100000000073,1.62540893650764
1.6255800000000074,1.6248989470190087
1.6272500000000074,1.6243889575303774
1.6289200000000075,1.6238789680417465
1.6305900000000075,1.6233689785531156
1.6322600000000076,1.6228589890644838
1.6339300000000077,1.6223489995758527
1.6356000000000077,1.6218390100872218
1.6372700000000078,1.6213290205985909
1.6389400000000078,1.6208190311099595
1.640610000000008,1.6203090416213282
1.642280000000008,1.6197990521326973
1.643950000000008,1.6192890626440664
1.645620000000008,1.618779073155435
1.6472900000000081,1.6182690836668034
1.6489600000000082,1.6177590941781725
1.6506300000000083,1.617249104689542
1.6523000000000083,1.6167391152009103
1.6539700000000084,1.616229125712279
1.6556400000000084,1.615719136223648
1.6573100000000085,1.6152091467350171
1.6589800000000086,1.614699157246386
1.6606500000000086,1.6141891677577542
1.6623200000000087,1.6136791782691238
1.6639900000000087,1.6131691887804929
1.6656600000000088,1.612659199291861
1.6673300000000089,1.6121492098032297
1.669000000000009,1.6116401145290316
1.670670000000009,1.611143565083323
1.672340000000009,1.610647015637614
1.674010000000009,1.610150466191905
1.6756800000000092,1.6096539167461965
1.6773500000000092,1.6091573673004878
1.6790200000000093,1.6086608178547783
1.6806900000000093,1.6081642684090693
1.6823600000000094,1.6076677189633608
1.6840300000000095,1.6071711695176523
1.6857000000000095,1.6066746200719433
1.6873700000000096,1.606178070626234
1.6890400000000096,1.6056815211805255
1.6907100000000097,1.605184971734817
1.6923800000000098,1.604688422289108
1.6940500000000098,1.6041918728433986
1.6957200000000099,1.60369532339769
1.69739000000001,1.6031987739519815
1.69906000000001,1.6027022245062723
1.70073000000001,1.6022056750605633
1.7024000000000101,1.6017091256148548
1.7040700000000102,1.6012125761691463
1.7057400000000102,1.6007160267234373
1.7074100000000103,1.6002194772777278
1.7090800000000104,1.5997229278320197
1.7107500000000104,1.599226378386311
1.7124200000000105,1.5987298289406016
1.7140900000000105,1.5982332794948926
1.7157600000000106,1.597736730049184
1.7174300000000107,1.5972401806034755
1.7191000000000107,1.5967436311577665
1.7207700000000108,1.5962470817120575
1.7224400000000109,1.5957505322663488
1.724110000000011,1.5952539828206402
1.725780000000011,1.5947574333749313
1.727450000000011,1.5942608839292218
1.729120000000011,1.5937643344835133
1.7307900000000112,1.5932677850378048
1.7324600000000112,1.5927712355920955
1.7341300000000113,1.5922746861463866
1.7358000000000113,1.591778136700678
1.7374700000000114,1.5912815872549695
1.7391400000000115,1.5907850378092605
1.7408100000000115,1.590288488363551
1.7424800000000116,1.5897919389178423
1.7441500000000116,1.5892953894721338
1.7458200000000117,1.5887988400264248
1.7474900000000118,1.5883022905807158
1.7491600000000118,1.5878057411350073
1.7508300000000119,1.5873091916892985
1.752500000000012,1.5868126422435895
1.754170000000012,1.58631609279788
1.755840000000012,1.5858195433521716
1.7575100000000121,1.585322993906463
1.7591800000000122,1.584826444460754
1.7608500000000122,1.5843298950150448
1.7625200000000123,1.5838333455693363
1.7641900000000124,1.5833367961236278
1.7658600000000124,1.5828402466779183
1.7675300000000125,1.5823436972322094
1.7692000000000125,1.5818471477865006
1.7708700000000126,1.581350598340792
1.7725400000000127,1.580854048895083
1.7742100000000127,1.580357499449374
1.7758800000000128,1.5798609500036656
1.7775500000000128,1.579364400557957
1.779220000000013,1.5788678511122474
1.780890000000013,1.5783713016665384
1.782560000000013,1.5778747522208298
1.784230000000013,1.5773782027751213
1.7859000000000131,1.5768816533294123
1.7875700000000132,1.5763851038837033
1.7892400000000133,1.5758885544379946
1.7909100000000133,1.575392004992286
1.7925800000000134,1.5748954555465766
1.7942500000000134,1.5743989061008676
1.7959200000000135,1.573902356655159
1.7975900000000136,1.5734058072094506
1.7992600000000136,1.5729092577637414
1.8009300000000137,1.5724127083180324
1.8026000000000137,1.5719161588723238
1.8042700000000138,1.5714145239139918
1.8059400000000139,1.5709089074155271
1.807610000000014,1.5704032909170629
1.809280000000014,1.5698976744185986
1.810950000000014,1.5693920579201346
1.812620000000014,1.5688864414216703
1.8142900000000142,1.5683808249232056
1.8159600000000142,1.5678752084247418
1.8176300000000143,1.567369591926278
1.8193000000000144,1.5668639754278133
1.8209700000000144,1.5663583589293486
1.8226400000000145,1.5658527424308846
1.8243100000000145,1.5653471259324208
1.8259800000000146,1.564841509433956
1.8276500000000147,1.5643358929354918
1.8293200000000147,1.563830276437028
1.8309900000000148,1.5633246599385637
1.8326600000000148,1.5628190434400993
1.834330000000015,1.5623134269416346
1.836000000000015,1.5618078104431707
1.837670000000015,1.561302193944707
1.839340000000015,1.5607965774462422
1.8410100000000151,1.560290960947778
1.8426800000000152,1.5597853444493137
1.8443500000000153,1.5592797279508497
1.8460200000000153,1.5587703736360565
1.8476900000000154,1.55825131709467
1.8493600000000154,1.5577322605532837
1.8510300000000155,1.5572132040118973
1.8527000000000156,1.5566941474705107
1.8543700000000156,1.5561750909291236
1.8560400000000157,1.5556560343877375
1.8577100000000157,1.5551369778463513
1.8593800000000158,1.5546179213049642
1.8610500000000159,1.5540988647635776
1.862720000000016,1.553579808222191
1.864390000000016,1.553060751680805
1.866060000000016,1.5525416951394184
1.867730000000016,1.5520226385980314
1.8694000000000162,1.5515035820566452
1.8710700000000162,1.550984525515259
1.8727400000000163,1.550465468973872
1.8744100000000163,1.5499464124324849
1.8760800000000164,1.5494332196138392
1.8777500000000165,1.5489232301252083
1.8794200000000165,1.548413240636577
1.8810900000000166,1.5479032511479451
1.8827600000000166,1.5473932616593142
1.8844300000000167,1.5468832721706833
1.8861000000000168,1.546373282682052
1.8877700000000168,1.5458632931934206
1.8894400000000169,1.54535330370479
1.891110000000017,1.544843314216159
1.892780000000017,1.5443333247275277
1.894450000000017,1.543823335238896
1.8961200000000171,1.543313345750265
1.8977900000000172,1.5428033562616346
1.8994600000000172,1.5422933667730028
1.9011300000000173,1.5417833772843714
1.9028000000000174,1.5412733877957407
1.9044700000000174,1.540765839512511
1.9061400000000175,1.540269290066802
1.9078100000000175,1.5397727406210928
1.9094800000000176,1.5392761911753843
1.9111500000000177,1.5387796417296757
1.9128200000000177,1.5382830922839663
1.9144900000000178,1.5377865428382573
1.9161600000000178,1.5372899933925488
1.917830000000018,1.53679344394684
1.919500000000018,1.536296894501131
1.921170000000018,1.535800345055422
1.922840000000018,1.5353037956097135
1.9245100000000182,1.534807246164005
1.9261800000000182,1.534310696718296
1.9278500000000183,1.5338141472725864
1.9295200000000183,1.5333175978268778
1.9311900000000184,1.5328210483811693
1.9328600000000185,1.5323244989354603
1.9345300000000185,1.5318279494897513
1.9362000000000186,1.5313314000440426
1.9378700000000186,1.530834850598334
1.9395400000000187,1.530338301152625
1.9412100000000188,1.5298417517069156
1.9428800000000188,1.5293452022612075
1.9445500000000189,1.528848652815499
1.946220000000019,1.5283521033697893
1.947890000000019,1.5278555539240803
1.949560000000019,1.5273590044783718
1.9512300000000191,1.5268624550326633
1.9529000000000192,1.5263659055869543
1.9545700000000192,1.525869356141245
1.9562400000000193,1.5253728066955365
1.9579100000000194,1.524876257249828
1.9595800000000194,1.5243797078041186
1.9612500000000195,1.5238831583584096
1.9629200000000195,1.523386608912701
1.9645900000000196,1.5228900594669923
1.9662600000000197,1.5223935100212833
1.9679300000000197,1.5218969605755743
1.9696000000000198,1.5214004111298658
1.9712700000000198,1.5209038616841573
1.97294000000002,1.5204073122384483
1.97461000000002,1.5199107627927388
1.97628000000002,1.51941421334703
1.97795000000002,1.5189176639013215
1.9796200000000201,1.5184211144556126
1.9812900000000202,1.5179245650099036
1.9829600000000203,1.517428015564195
1.9846300000000203,1.5169314661184865
1.9863000000000204,1.5164349166727775
1.9879700000000204,1.5159383672270679
1.9896400000000205,1.5154418177813598
1.9913100000000206,1.5149452683356512
1.9929800000000206,1.5144487188899418
1.9946500000000207,1.5139521694442328
1.9963200000000207,1.5134556199985243
1.9979900000000208,1.5129590705528155
1.9996600000000209,1.5124625211071066
2.0013300000000207,1.511965971661398
2.0030000000000205,1.5114694222156888
2.0046700000000204,1.5109728727699803
2.00634000000002,1.5104763233242717
2.00801000000002,1.5099797738785625
2.00968000000002,1.509483224432854
2.0113500000000197,1.5089866749871452
2.0130200000000196,1.5084901255414362
2.0146900000000194,1.5079935760957275
2.0163600000000192,1.507497026650019
2.018030000000019,1.5070004772043097
2.019700000000019,1.5065039277586012
2.0213700000000188,1.5060073783128924
2.0230400000000186,1.505510828867184
2.0247100000000184,1.505014279421475
2.0263800000000183,1.5045177299757662
2.028050000000018,1.5040211805300576
2.029720000000018,1.5035246310843484
2.031390000000018,1.5030280816386399
2.0330600000000176,1.5025315321929311
2.0347300000000175,1.5020349827472221
2.0364000000000173,1.5015384333015134
2.038070000000017,1.5010418838558048
2.039740000000017,1.5005453344100963
2.041410000000017,1.500048784964387
2.0430800000000167,1.4995522355186786
2.0447500000000165,1.4990556860729698
2.0464200000000163,1.4985591366272608
2.048090000000016,1.498062587181552
2.049760000000016,1.4975660377358435
2.051430000000016,1.4970694882901343
2.0531000000000157,1.4965729388444258
2.0547700000000155,1.496076389398717
2.0564400000000154,1.495579839953008
2.058110000000015,1.4950832905072995
2.059780000000015,1.4945867410615907
2.061450000000015,1.4940901916158822
2.0631200000000147,1.493593642170173
2.0647900000000146,1.4930970927244644
2.0664600000000144,1.4926005432787557
2.0681300000000142,1.4921039938330467
2.069800000000014,1.491607444387338
2.071470000000014,1.4911108949416294
2.0731400000000137,1.4906143454959202
2.0748100000000136,1.4901177960502117
2.0764800000000134,1.4896212466045031
2.0781500000000133,1.489124697158794
2.079820000000013,1.4886281477130854
2.081490000000013,1.48812631346008
2.083160000000013,1.4876163239714488
2.0848300000000126,1.4871063344828173
2.0865000000000125,1.4865963449941866
2.0881700000000123,1.4860863555055555
2.089840000000012,1.4855763660169243
2.091510000000012,1.4850663765282932
2.093180000000012,1.4845563870396625
2.0948500000000116,1.484046397551031
2.0965200000000115,1.4835364080623998
2.0981900000000113,1.4830264185737692
2.099860000000011,1.4825164290851376
2.101530000000011,1.482006439596507
2.103200000000011,1.4814964501078758
2.1048700000000107,1.4809864606192442
2.1065400000000105,1.4804764711306135
2.1082100000000104,1.4799664816419824
2.10988000000001,1.4794564921533513
2.11155000000001,1.4789465026647202
2.11322000000001,1.4784365131760895
2.1148900000000097,1.477926523687458
2.1165600000000095,1.4774165341988268
2.1182300000000094,1.4769065447101961
2.119900000000009,1.4763965552215645
2.121570000000009,1.4758865657329339
2.123240000000009,1.4753765762443027
2.1249100000000087,1.4748665867556712
2.1265800000000086,1.4743565972670405
2.1282500000000084,1.4738466077784094
2.1299200000000083,1.4733366182897782
2.131590000000008,1.4728266288011471
2.133260000000008,1.4723166393125164
2.1349300000000078,1.4718066498238849
2.1366000000000076,1.4712966603352537
2.1382700000000074,1.470786670846623
2.1399400000000073,1.470280669554361
2.141610000000007,1.4697841201086526
2.143280000000007,1.469287570662944
2.144950000000007,1.4687910212172346
2.1466200000000066,1.468294471771526
2.1482900000000065,1.4677979223258175
2.1499600000000063,1.4673013728801085
2.151630000000006,1.4668048234343996
2.153300000000006,1.466308273988691
2.154970000000006,1.465811724542982
2.1566400000000057,1.4653151750972735
2.1583100000000055,1.4648186256515645
2.1599800000000053,1.4643220762058555
2.161650000000005,1.463825526760147
2.163320000000005,1.4633289773144385
2.164990000000005,1.4628324278687295
2.1666600000000047,1.4623358784230205
2.1683300000000045,1.461839328977312
2.1700000000000044,1.4613427795316034
2.171670000000004,1.4608462300858944
2.173340000000004,1.4603496806401854
2.175010000000004,1.459853131194477
2.1766800000000037,1.459356581748768
2.1783500000000036,1.4588600323030594
2.1800200000000034,1.4583634828573504
2.1816900000000032,1.4578669334116414
2.183360000000003,1.4573703839659329
2.185030000000003,1.4568738345202243
2.1867000000000028,1.4563772850745154
2.1883700000000026,1.4558807356288064
2.1900400000000024,1.4553841861830978
2.1917100000000023,1.4548876367373893
2.193380000000002,1.4543910872916799
2.195050000000002,1.4538945378459713
2.196720000000002,1.4533979884002628
2.1983900000000016,1.4529014389545538
2.2000600000000015,1.4524048895088448
2.2017300000000013,1.4519083400631363
2.203400000000001,1.4514117906174273
2.205070000000001,1.4509152411717188
2.206740000000001,1.4504186917260098
2.2084100000000007,1.4499221422803008
2.2100800000000005,1.4494255928345923
2.2117500000000003,1.4489290433888837
2.21342,1.4484324939431752
2.21509,1.4479359444974658
2.21676,1.4474393950517572
2.2184299999999997,1.4469428456060487
2.2200999999999995,1.4464462961603397
2.2217699999999994,1.4459497467146307
2.223439999999999,1.4454531972689222
2.225109999999999,1.4449566478232132
2.226779999999999,1.4444600983775047
2.2284499999999987,1.4439635489317957
2.2301199999999985,1.4434669994860871
2.2317899999999984,1.4429704500403782
2.2334599999999982,1.4424739005946696
2.235129999999998,1.4419773511489606
2.236799999999998,1.4414808017032517
2.2384699999999977,1.4409842522575431
2.2401399999999976,1.4404877028118346
2.2418099999999974,1.4399911533661252
2.2434799999999973,1.4394946039204166
2.245149999999997,1.438998054474708
2.246819999999997,1.438501505028999
2.2484899999999968,1.4380049555832906
2.2501599999999966,1.4375084061375816
2.2518299999999964,1.437011856691873
2.2534999999999963,1.436515307246164
2.255169999999996,1.4360187578004555
2.256839999999996,1.4355222083547465
2.258509999999996,1.4350256589090375
2.2601799999999956,1.434529109463329
2.2618499999999955,1.4340325600176205
2.2635199999999953,1.433536010571911
2.265189999999995,1.4330394611262025
2.266859999999995,1.432542911680494
2.268529999999995,1.432046362234785
2.2701999999999947,1.431549812789076
2.2718699999999945,1.4310532633433675
2.2735399999999943,1.430556713897659
2.275209999999994,1.43006016445195
2.276879999999994,1.429563615006241
2.278549999999994,1.4290670655605324
2.2802199999999937,1.4285705161148234
2.2818899999999935,1.428073966669115
2.2835599999999934,1.427577417223406
2.285229999999993,1.427080867777697
2.286899999999993,1.4265843183319884
2.288569999999993,1.4260877688862799
2.2902399999999927,1.4255912194405704
2.2919099999999926,1.425094669994862
2.2935799999999924,1.4245981205491534
2.2952499999999922,1.4241015711034448
2.296919999999992,1.4236050216577358
2.298589999999992,1.4231084722120269
2.3002599999999918,1.4226119227663183
2.3019299999999916,1.4221153733206093
2.3035999999999914,1.4216173760421253
2.3052699999999913,1.421111759543661
2.306939999999991,1.4206061430451968
2.308609999999991,1.420100526546733
2.310279999999991,1.4195949100482688
2.3119499999999906,1.419089293549804
2.3136199999999905,1.4185836770513403
2.3152899999999903,1.418078060552876
2.31695999999999,1.4175724440544122
2.31862999999999,1.4170668275559475
2.32029999999999,1.4165612110574832
2.3219699999999897,1.4160555945590194
2.3236399999999895,1.4155499780605552
2.3253099999999893,1.415044361562091
2.326979999999989,1.4145387450636266
2.328649999999989,1.4140331285651624
2.330319999999989,1.4135275120666986
2.3319899999999887,1.4130218955682343
2.3336599999999885,1.41251627906977
2.3353299999999884,1.4120106625713058
2.336999999999988,1.4115050460728416
2.338669999999988,1.4109994295743777
2.340339999999988,1.410493813075913
2.3420099999999877,1.4099881965774488
2.3436799999999876,1.409482580078985
2.3453499999999874,1.4089769635805207
2.3470199999999872,1.4084713470820565
2.348689999999987,1.4079657305835922
2.350359999999987,1.407460114085128
2.3520299999999867,1.4069544975866641
2.3536999999999866,1.4064488810881994
2.3553699999999864,1.4059432645897356
2.3570399999999863,1.4054376480912714
2.358709999999986,1.404932031592807
2.360379999999986,1.4044264150943429
2.3620499999999858,1.4039207985958786
2.3637199999999856,1.4034151820974148
2.3653899999999854,1.4029095655989505
2.3670599999999853,1.4024039491004858
2.368729999999985,1.401898332602022
2.370399999999985,1.4013927161035578
2.372069999999985,1.400887099605094
2.3737399999999846,1.4003814831066292
2.3754099999999845,1.4005788059338258
2.3770799999999843,1.4029363813229305
2.378749999999984,1.4052939567120353
2.380419999999984,1.4076515321011405
2.382089999999984,1.4100091074902452
2.3837599999999837,1.41236668287935
2.3854299999999835,1.4147242582684552
2.3870999999999833,1.41708183365756
2.388769999999983,1.4194394090466647
2.390439999999983,1.4217969844357694
2.392109999999983,1.4241545598248742
2.3937799999999827,1.426512135213979
2.3954499999999825,1.4288697106030837
2.3971199999999824,1.4312272859921888
2.398789999999982,1.4335848613812936
2.400459999999982,1.4359424367703983
2.402129999999982,1.4383000121595035
2.4037999999999817,1.4406575875486083
2.4054699999999816,1.443015162937713
2.4071399999999814,1.4453727383268182
2.4088099999999812,1.4477303137159225
2.410479999999981,1.4500878891050273
2.412149999999981,1.452410701897234
2.4138199999999808,1.4547318674026175
2.4154899999999806,1.4570530329080018
2.4171599999999804,1.4593741984133857
2.4188299999999803,1.461695363918769
2.42049999999998,1.4640165294241534
2.42216999999998,1.4663376949295372
2.42383999999998,1.4686588604349216
2.4255099999999796,1.470980025940305
2.4271799999999795,1.4733011914456888
2.4288499999999793,1.4756223569510731
2.430519999999979,1.4779435224564565
2.432189999999979,1.4802646879618413
2.433859999999979,1.4825858534672247
2.4355299999999787,1.4849070189726081
2.4371999999999785,1.4872281844779929
2.4388699999999783,1.4895493499833763
2.440539999999978,1.4918705154887606
2.442209999999978,1.4941916809941445
2.443879999999978,1.4965128464995279
2.4455499999999777,1.4988340120049122
2.4472199999999775,1.5011732976653347
2.4488899999999774,1.5035308730544394
2.450559999999977,1.5058884484435442
2.452229999999977,1.5082460238326494
2.453899999999977,1.5106035992217541
2.4555699999999767,1.5129611746108589
2.4572399999999766,1.515318749999964
2.4589099999999764,1.5176763253890688
2.4605799999999762,1.5200339007781736
2.462249999999976,1.5223914761672783
2.463919999999976,1.5247490515563835
2.4655899999999757,1.5271066269454883
2.4672599999999756,1.529464202334593
2.4689299999999754,1.5318217777236982
2.4705999999999753,1.534179353112803
2.472269999999975,1.5365369285019077
2.473939999999975,1.538894503891013
2.4756099999999748,1.5412520792801176
2.4772799999999746,1.5436096546692224
2.4789499999999745,1.5459672300583276
2.4806199999999743,1.5483248054474323
2.482289999999974,1.5506748469218086
2.483959999999974,1.5529960124271929
2.485629999999974,1.5553171779325767
2.4872999999999736,1.5576383434379601
2.4889699999999735,1.5599595089433445
2.4906399999999733,1.5622806744487283
2.492309999999973,1.5646018399541126
2.493979999999973,1.566923005459496
2.495649999999973,1.56924417096488
2.4973199999999727,1.5715653364702642
2.4989899999999725,1.5738865019756476
2.5006599999999723,1.5762076674810324
2.502329999999972,1.5785288329864158
2.503999999999972,1.5808499984917992
2.505669999999972,1.5831711639971835
2.5073399999999717,1.5854923295025674
2.5090099999999715,1.5878134950079517
2.5106799999999714,1.590134660513335
2.512349999999971,1.592455826018719
2.514019999999971,1.5947769915241032
2.515689999999971,1.5970981570294867
2.5173599999999707,1.5994193225348714
2.5190299999999706,1.6017677893968436
2.5206999999999704,1.6041253647859484
2.5223699999999702,1.6064829401750536
2.52403999999997,1.6088405155641574
2.52570999999997,1.6111980909532622
2.5273799999999698,1.613555666342367
2.5290499999999696,1.615913241731472
2.5307199999999694,1.6182708171205769
2.5323899999999693,1.6206283925096816
2.534059999999969,1.6229859678987868
2.535729999999969,1.6253435432878915
2.537399999999969,1.6277011186769963
2.5390699999999686,1.6300586940661015
2.5407399999999685,1.6324162694552062
2.5424099999999683,1.634773844844311
2.544079999999968,1.6371314202334162
2.545749999999968,1.639488995622521
2.547419999999968,1.6418465710116257
2.5490899999999677,1.6442041464007304
2.5507599999999675,1.6465617217898356
2.5524299999999673,1.6489192971789404
2.554099999999967,1.6512601574517665
2.555769999999967,1.6535813229571503
2.557439999999967,1.6559024884625346
2.5591099999999667,1.658223653967918
2.5607799999999665,1.6605448194733028
2.5624499999999664,1.6628659849786862
2.564119999999966,1.6651871504840705
2.565789999999966,1.667508315989454
2.567459999999966,1.6698294814948387
2.5691299999999657,1.672150647000222
2.5707999999999656,1.6744718125056055
2.5724699999999654,1.6767929780109903
2.5741399999999652,1.6791141435163737
2.575809999999965,1.681435309021758
2.577479999999965,1.6837564745271418
2.5791499999999647,1.6860776400325261
2.5808199999999646,1.6883988055379096
2.5824899999999644,1.6907199710432943
2.5841599999999643,1.6930411365486777
2.585829999999964,1.6953623020540611
2.587499999999964,1.6976834675594459
2.589169999999964,1.7000046330648293
2.5908399999999636,1.7023257985702136
2.5925099999999635,1.704646964075597
2.5941799999999633,1.7069681295809818
2.595849999999963,1.7092892950863652
2.597519999999963,1.7116104605917486
2.599189999999963,1.7139316260971333
2.6008599999999626,1.7162527916025168
2.6025299999999625,1.718573957107901
2.6041999999999623,1.720895122613285
2.605869999999962,1.7232162881186683
2.607539999999962,1.7255374536240526
2.609209999999962,1.727858619129436
2.6108799999999617,1.7301797846348208
2.6125499999999615,1.7325009501402042
2.6142199999999614,1.7348221156455876
2.615889999999961,1.7371432811509724
2.617559999999961,1.7394644466563558
2.619229999999961,1.74178561216174
2.6208999999999607,1.744106777667124
2.6225699999999605,1.7464279431725074
2.6242399999999604,1.7487491086778917
2.62590999999996,1.7510901142995543
2.62757999999996,1.753447689688659
2.62924999999996,1.7558052650777638
2.6309199999999597,1.7581628404668685
2.6325899999999596,1.7605204158559737
2.6342599999999594,1.7628779912450785
2.6359299999999593,1.7652355666341832
2.637599999999959,1.7675931420232884
2.639269999999959,1.7699507174123932
2.6409399999999588,1.772308292801498
2.6426099999999586,1.7746658681906031
2.6442799999999584,1.7770234435797079
2.6459499999999583,1.7793810189688126
2.647619999999958,1.7817385943579178
2.649289999999958,1.7840961697470226
2.650959999999958,1.7864537451361273
2.6526299999999576,1.788811320525232
2.6542999999999575,1.7911688959143373
2.6559699999999573,1.793526471303442
2.657639999999957,1.7958840466925468
2.659309999999957,1.798241622081652
2.660979999999957,1.800589943594788
2.6626499999999567,1.8029111091001724
2.6643199999999565,1.8052322746055562
2.6659899999999563,1.8075534401109397
2.667659999999956,1.809874605616324
2.669329999999956,1.8121957711217078
2.670999999999956,1.8145169366270921
2.6726699999999557,1.8168381021324755
2.6743399999999555,1.819159267637859
2.6760099999999554,1.8214804331432437
2.677679999999955,1.8238015986486271
2.679349999999955,1.8261227641540114
2.681019999999955,1.8284439296593953
2.6826899999999547,1.8307650951647787
2.6843599999999546,1.833086260670163
2.6860299999999544,1.8354074261755469
2.6876999999999542,1.8377285916809312
2.689369999999954,1.8400497571863146
2.691039999999954,1.8423709226916984
2.6927099999999538,1.8446920881970827
2.6943799999999536,1.8470132537024662
2.6960499999999534,1.8493344192078505
2.6977199999999533,1.8516846060310632
2.699389999999953,1.854042181420168
2.701059999999953,1.8563997568092727
2.702729999999953,1.858757332198378
2.7043999999999526,1.8611149075874827
2.7060699999999525,1.8634724829765874
2.7077399999999523,1.8658300583656926
2.709409999999952,1.8681876337547973
2.711079999999952,1.870545209143902
2.712749999999952,1.8729027845330073
2.7144199999999516,1.875260359922112
2.7160899999999515,1.8776179353112168
2.7177599999999513,1.8799755107003215
2.719429999999951,1.8823330860894267
2.721099999999951,1.8846906614785315
2.722769999999951,1.8870482368676362
2.7244399999999507,1.8894058122567414
2.7261099999999505,1.8917633876458453
2.7277799999999504,1.894120963034951
2.72944999999995,1.8964785384240552
2.73111999999995,1.8988361138131609
2.73278999999995,1.9011752541247469
2.7344599999999497,1.9034964196301307
2.7361299999999495,1.905817585135515
2.7377999999999494,1.9081387506408984
2.7394699999999492,1.9104599161462832
2.741139999999949,1.9127810816516666
2.742809999999949,1.91510224715705
2.7444799999999487,1.9174234126624348
2.7461499999999486,1.9197445781678182
2.7478199999999484,1.9220657436732025
2.7494899999999483,1.9243869091785863
2.751159999999948,1.9267080746839698
2.752829999999948,1.929029240189354
2.7544999999999478,1.931350405694738
2.7561699999999476,1.9336715712001222
2.7578399999999474,1.9359927367055056
2.7595099999999473,1.938313902210889
2.761179999999947,1.9406350677162738
2.762849999999947,1.9429562332216572
2.764519999999947,1.9452773987270415
2.7661899999999466,1.9475985642324254
2.7678599999999465,1.9499215223734674
2.7695299999999463,1.9522790977625712
2.771199999999946,1.9546366731516764
2.772869999999946,1.9569942485407812
2.774539999999946,1.959351823929886
2.7762099999999457,1.9617093993189911
2.7778799999999455,1.9640669747080959
2.7795499999999453,1.9664245500972006
2.781219999999945,1.9687821254863058
2.782889999999945,1.9711397008754106
2.784559999999945,1.9734972762645153
2.7862299999999447,1.9758548516536205
2.7878999999999445,1.9782124270427253
2.7895699999999444,1.98057000243183
2.791239999999944,1.9829275778209352
2.792909999999944,1.98528515321004
2.794579999999944,1.9876427285991447
2.7962499999999437,1.99000030398825
2.7979199999999436,1.9923578793773546
2.7995899999999434,1.9947154547664594
2.8012599999999432,1.9970730301555646
2.802929999999943,1.9994306055446684
2.804599999999943,2.001767441860388
2.8062699999999428,2.0040976744185266
2.8079399999999426,2.0064279069766666
2.8096099999999424,2.0087581395348058
2.8112799999999423,2.0110883720929453
2.812949999999942,2.0134186046510845
2.814619999999942,2.015748837209224
2.816289999999942,2.018079069767363
2.8179599999999416,2.0204093023255023
2.8196299999999415,2.022739534883642
2.8212999999999413,2.025069767441781
2.822969999999941,2.0273999999999206
2.824639999999941,2.0297302325580597
2.826309999999941,2.0320604651161998
2.8279799999999407,2.0343906976743384
2.8296499999999405,2.0367209302324785
2.8313199999999403,2.039051162790617
2.83298999999994,2.0413813953487563
2.83465999999994,2.0437116279068963
2.83632999999994,2.046041860465035
2.8379999999999397,2.048372093023175
2.8396699999999395,2.050702325581314
2.8413399999999394,2.0530325581394537
2.843009999999939,2.055362790697593
2.844679999999939,2.0576930232557316
2.846349999999939,2.0600232558138716
2.8480199999999387,2.0623534883720107
2.8496899999999385,2.0646837209301503
2.8513599999999384,2.0670139534882894
2.8530299999999382,2.069344186046428
2.854699999999938,2.071674418604568
2.856369999999938,2.0740046511627073
2.8580399999999377,2.076334883720847
2.8597099999999376,2.078665116278986
2.8613799999999374,2.0809953488371247
2.8630499999999373,2.0833255813952647
2.864719999999937,2.085655813953404
2.866389999999937,2.0879860465115434
2.8680599999999368,2.0903162790696825
2.8697299999999366,2.092646511627822
2.8713999999999364,2.0949767441859612
2.8730699999999363,2.0973069767441004
2.874739999999936,2.09963720930224
2.876409999999936,2.101990527723648
2.878079999999936,2.104348103112753
2.8797499999999356,2.1067056785018576
2.8814199999999355,2.109063253890963
2.8830899999999353,2.1114208292800676
2.884759999999935,2.1137784046691723
2.886429999999935,2.1161359800582775
2.888099999999935,2.1184935554473823
2.8897699999999347,2.120851130836487
2.8914399999999345,2.123208706225592
2.8931099999999343,2.125566281614697
2.894779999999934,2.1279238570038017
2.896449999999934,2.1302814323929065
2.898119999999934,2.1326390077820117
2.8997899999999337,2.1349965831711164
2.9014599999999335,2.137354158560221
2.9031299999999334,2.1397117339493263
2.904799999999933,2.142069309338431
2.906469999999933,2.144426884727536
2.908139999999933,2.146784460116641
2.9098099999999327,2.149142035505746
2.9114799999999326,2.1514794558560926
2.9131499999999324,2.1538006213614764
2.9148199999999322,2.1561217868668607
2.916489999999932,2.158442952372244
2.918159999999932,2.1607641178776285
2.9198299999999318,2.1630852833830123
2.9214999999999316,2.1654064488883957
2.9231699999999314,2.16772761439378
2.9248399999999313,2.170048779899164
2.926509999999931,2.172369945404548
2.928179999999931,2.1746911109099316
2.929849999999931,2.1770122764153155
2.9315199999999306,2.1793334419206998
2.9331899999999305,2.181654607426083
2.9348599999999303,2.1839757729314675
2.93652999999993,2.1862969384368514
2.93819999999993,2.1886181039422357
2.93986999999993,2.190939269447619
2.9415399999999297,2.193260434953003
2.9432099999999295,2.1955816004583872
2.9448799999999293,2.1979027659637707
2.946549999999929,2.2002274440660523
2.948219999999929,2.202585019455157
2.949889999999929,2.204942594844262
2.9515599999999287,2.207300170233367
2.9532299999999285,2.2096577456224717
2.9548999999999284,2.2120153210115765
2.956569999999928,2.2143728964006812
2.958239999999928,2.2167304717897864
2.959909999999928,2.219088047178891
2.9615799999999277,2.221445622567996
2.9632499999999276,2.223803197957101
2.9649199999999274,2.226160773346206
2.9665899999999272,2.2285183487353106
2.968259999999927,2.230875924124416
2.969929999999927,2.2332334995135206
2.9715999999999267,2.2355910749026253
2.9732699999999266,2.2379486502917305
2.9749399999999264,2.2403062256808353
2.9766099999999263,2.24266380106994
2.978279999999926,2.245021376459044
2.979949999999926,2.247378951848149
2.9816199999999258,2.249736527237254
2.9832899999999256,2.2520647663860505
2.9849599999999255,2.2543859318914343
2.9866299999999253,2.2567070973968186
2.988299999999925,2.259028262902202
2.989969999999925,2.261349428407587
2.991639999999925,2.26367059391297
2.9933099999999246,2.2659917594183545
2.9949799999999245,2.2683129249237384
2.9966499999999243,2.2706340904291227
2.998319999999924,2.272955255934506
2.999989999999924,2.2752764214398895
3.001659999999924,2.2775975869452743
3.0033299999999237,2.2799187524506577
3.0049999999999235,2.282239917956042
3.0066699999999233,2.284561083461426
3.008339999999923,2.28688224896681
3.010009999999923,2.2892034144721936
3.011679999999923,2.2915245799775783
3.0133499999999227,2.2938457454829617
3.0150199999999225,2.296166910988345
3.0166899999999224,2.29848807649373
3.018359999999922,2.3008219357975612
3.020029999999922,2.303179511186666
3.021699999999922,2.3055370865757707
3.0233699999999217,2.307894661964876
3.0250399999999216,2.3102522373539807
3.0267099999999214,2.3126098127430854
3.0283799999999212,2.3149673881321906
3.030049999999921,2.3173249635212954
3.031719999999921,2.3196825389104
3.0333899999999208,2.3220401142995053
3.0350599999999206,2.32439768968861
3.0367299999999204,2.326755265077715
3.0383999999999203,2.32911284046682
3.04006999999992,2.3314704158559247
3.04173999999992,2.3338279912450295
3.04340999999992,2.3361855666341342
3.0450799999999196,2.3385431420232394
3.0467499999999195,2.340900717412344
3.0484199999999193,2.343258292801448
3.050089999999919,2.3456158681905532
3.051759999999919,2.347973443579658
3.053429999999919,2.350328911410625
3.0550999999999187,2.3526500769160097
3.0567699999999185,2.354971242421393
3.0584399999999183,2.3572924079267774
3.060109999999918,2.3596135734321613
3.061779999999918,2.3619347389375456
3.063449999999918,2.364255904442929
3.0651199999999177,2.3665770699483124
3.0667899999999175,2.368898235453697
3.0684599999999174,2.3712194009590806
3.070129999999917,2.373540566464465
3.071799999999917,2.3758617319698487
3.073469999999917,2.378182897475233
3.0751399999999167,2.3805040629806165
3.0768099999999166,2.382825228486001
3.0784799999999164,2.3851463939913846
3.0801499999999162,2.387467559496768
3.081819999999916,2.389788725002153
3.083489999999916,2.392109890507536
3.0851599999999157,2.3944310560129205
3.0868299999999156,2.396752221518304
3.0884999999999154,2.3990733870236887
3.0901699999999153,2.401394552529072
3.091839999999915,2.4037157180344564
3.093509999999915,2.4060368835398402
3.0951799999999148,2.4083580490452237
3.0968499999999146,2.410679214550608
3.0985199999999145,2.413000380055992
3.1001899999999143,2.415321545561376
3.101859999999914,2.4176427110667595
3.103529999999914,2.4199638765721434
3.105199999999914,2.4222850420775277
3.1068699999999136,2.424606207582911
3.1085399999999135,2.426927373088296
3.1102099999999133,2.4292485385936793
3.111879999999913,2.4315697040990627
3.113549999999913,2.4338908696044474
3.115219999999913,2.436212035109831
3.1168899999999127,2.438533200615215
3.1185599999999125,2.440854366120599
3.1202299999999124,2.4431755316259824
3.121899999999912,2.4454966971313667
3.123569999999912,2.4478178626367506
3.125239999999912,2.450144260700272
3.1269099999999117,2.4525018360893767
3.1285799999999115,2.454859411478482
3.1302499999999114,2.4572169868675866
3.131919999999911,2.4595745622566914
3.133589999999911,2.4619321376457965
3.135259999999911,2.4642897130349013
3.1369299999999107,2.466647288424006
3.1385999999999106,2.4690048638131112
3.1402699999999104,2.471362439202216
3.1419399999999102,2.4737200145913207
3.14360999999991,2.476077589980426
3.14527999999991,2.4784351653695307
3.1469499999999098,2.4807927407586354
3.1486199999999096,2.4831503161477406
3.1502899999999094,2.4855078915368454
3.1519599999999093,2.48786546692595
3.153629999999909,2.4902230423150544
3.155299999999909,2.492580617704159
3.156969999999909,2.494938193093264
3.1586399999999086,2.497295768482369
3.1603099999999085,2.499653343871474
3.1619799999999083,2.5019798630590304
3.163649999999908,2.5043010285644143
3.165319999999908,2.5066221940697986
3.166989999999908,2.508943359575182
3.1686599999999077,2.5112645250805663
3.1703299999999075,2.51358569058595
3.1719999999999073,2.5159068560913345
3.173669999999907,2.518228021596718
3.175339999999907,2.5205491871021026
3.177009999999907,2.522870352607486
3.1786799999999067,2.5251915181128695
3.1803499999999065,2.527512683618254
3.1820199999999064,2.5298338491236376
3.183689999999906,2.532155014629022
3.185359999999906,2.534476180134406
3.187029999999906,2.53679734563979
3.1886999999999057,2.5391185111451735
3.1903699999999056,2.541439676650558
3.1920399999999054,2.5437608421559417
3.1937099999999052,2.546082007661326
3.195379999999905,2.5484031731667094
3.197049999999905,2.5507387524317813
3.1987199999999048,2.553096327820886
3.2003899999999046,2.5554539032099908
3.2020599999999044,2.557811478599096
3.2037299999999043,2.5601690539882007
3.205399999999904,2.5625266293773055
3.207069999999904,2.5648842047664107
3.208739999999904,2.5672417801555154
3.2104099999999036,2.56959935554462
3.2120799999999035,2.571956930933725
3.2137499999999033,2.57431450632283
3.215419999999903,2.576672081711935
3.217089999999903,2.5790296571010396
3.218759999999903,2.581387232490145
3.2204299999999026,2.5837448078792495
3.2220999999999025,2.5861023832683543
3.2237699999999023,2.5884599586574586
3.225439999999902,2.5908175340465633
3.227109999999902,2.593175109435668
3.228779999999902,2.5955326848247733
3.2304499999999017,2.597890260213878
3.2321199999999015,2.600244008083605
3.2337899999999014,2.602565173588989
3.235459999999901,2.604886339094373
3.237129999999901,2.6072075045997574
3.238799999999901,2.609528670105141
3.2404699999999007,2.6118498356105255
3.2421399999999005,2.614171001115909
3.2438099999999004,2.6164921666212932
3.2454799999999002,2.618813332126677
3.2471499999999,2.6211344976320605
3.2488199999999,2.623455663137445
3.2504899999998997,2.6257768286428282
3.2521599999998996,2.628097994148213
3.2538299999998994,2.6304191596535964
3.2554999999998993,2.6327403251589807
3.257169999999899,2.6350614906643646
3.258839999999899,2.637382656169749
3.2605099999998988,2.6397038216751323
3.2621799999998986,2.642024987180516
3.2638499999998984,2.6443461526859005
3.2655199999998983,2.646667318191284
3.267189999999898,2.6489884836966686
3.268859999999898,2.65133324416329
3.270529999999898,2.653690819552395
3.2721999999998976,2.6560483949414997
3.2738699999998975,2.658405970330605
3.2755399999998973,2.6607635457197096
3.277209999999897,2.6631211211088144
3.278879999999897,2.6654786964979196
3.280549999999897,2.6678362718870243
3.2822199999998967,2.670193847276129
3.2838899999998965,2.6725514226652343
3.2855599999998963,2.674908998054339
3.287229999999896,2.6772665734434438
3.288899999999896,2.679624148832549
3.290569999999896,2.6819817242216537
3.2922399999998957,2.6843392996107585
3.2939099999998955,2.6866968749998623
3.2955799999998954,2.6890544503889675
3.297249999999895,2.6914120257780723
3.298919999999895,2.693769601167177
3.300589999999895,2.696127176556282
3.3022599999998947,2.698484751945387
3.3039299999998946,2.700832558139398
3.3055999999998944,2.703162790697538
3.3072699999998942,2.7054930232556766
3.308939999999894,2.7078232558138158
3.310609999999894,2.710153488371956
3.3122799999998938,2.7124837209300945
3.3139499999998936,2.7148139534882345
3.3156199999998934,2.717144186046373
3.3172899999998933,2.7194744186045123
3.318959999999893,2.7218046511626524
3.320629999999893,2.724134883720791
3.322299999999893,2.726465116278931
3.3239699999998926,2.7287953488370698
3.3256399999998925,2.731125581395209
3.3273099999998923,2.733455813953349
3.328979999999892,2.7357860465114876
3.330649999999892,2.7381162790696276
3.332319999999892,2.7404465116277663
3.3339899999998917,2.7427767441859054
3.3356599999998915,2.7451069767440455
3.3373299999998913,2.747437209302184
3.338999999999891,2.749767441860324
3.340669999999891,2.7520976744184633
3.342339999999891,2.754427906976603
3.3440099999998907,2.756758139534742
3.3456799999998905,2.7590883720928807
3.3473499999998904,2.7614186046510207
3.34901999999989,2.76374883720916
3.35068999999989,2.7660790697672994
3.35235999999989,2.7684093023254386
3.3540299999998897,2.770739534883578
3.3556999999998895,2.7730697674417173
3.3573699999998894,2.7753999999998573
3.3590399999998892,2.777730232557996
3.360709999999889,2.780060465116135
3.362379999999889,2.7823906976742747
3.3640499999998887,2.784720930232414
3.3657199999998886,2.787051162790554
3.3673899999998884,2.7893813953486926
3.3690599999998883,2.7917116279068326
3.370729999999888,2.7940418604649713
3.372399999999888,2.7963720930231113
3.3740699999998878,2.7987023255812504
3.3757399999998876,2.7996264423077624
3.3774099999998874,2.7987834134616083
3.3790799999998873,2.7979403846154547
3.380749999999887,2.797097355769301
3.382419999999887,2.7962543269231475
3.384089999999887,2.795411298076993
3.3857599999998866,2.7945682692308393
3.3874299999998865,2.7937252403846857
3.3890999999998863,2.792882211538532
3.390769999999886,2.7920391826923776
3.392439999999886,2.791196153846224
3.394109999999886,2.7903531250000704
3.3957799999998857,2.789510096153917
3.3974499999998855,2.7886670673077627
3.3991199999998853,2.787824038461609
3.400789999999885,2.7869810096154555
3.402459999999885,2.786137980769302
3.404129999999885,2.7852949519231474
3.4057999999998847,2.7844519230769937
3.4074699999998845,2.78360889423084
3.4091399999998844,2.7827658653846865
3.410809999999884,2.7819283840191495
3.412479999999884,2.7811217650567173
3.414149999999884,2.780315146094284
3.4158199999998837,2.779508527131852
3.4174899999998836,2.7787019081694186
3.4191599999998834,2.7778831383005684
3.4208299999998832,2.7770519725473477
3.422499999999883,2.776220806794125
3.424169999999883,2.7753896410409036
3.4258399999998828,2.774558475287683
3.4275099999998826,2.7737273095344603
3.4291799999998824,2.7728961437812387
3.4308499999998823,2.772064978028017
3.432519999999882,2.7712338122747955
3.434189999999882,2.770402646521574
3.435859999999882,2.7695714807683522
3.4375299999998816,2.7687403150151306
3.4391999999998815,2.767909149261909
3.4408699999998813,2.7670779835086874
3.442539999999881,2.7662468177554658
3.444209999999881,2.765415652002244
3.445879999999881,2.7645844862490225
3.4475499999998807,2.7637280055733227
3.4492199999998805,2.7628604299363806
3.4508899999998803,2.7619928542994376
3.45255999999988,2.7611252786624947
3.45422999999988,2.7602577030255526
3.45589999999988,2.7593901273886097
3.4575699999998797,2.7585225517516667
3.4592399999998795,2.7576549761147247
3.4609099999998794,2.7567874004777817
3.462579999999879,2.75592916666674
3.464249999999879,2.7550861378205855
3.465919999999879,2.754243108974432
3.4675899999998787,2.7534000801282783
3.4692599999998786,2.7525570512821247
3.4709299999998784,2.75171402243597
3.4725999999998782,2.7508709935898166
3.474269999999878,2.750027964743663
3.475939999999878,2.7491849358975093
3.4776099999998777,2.748341907051355
3.4792799999998776,2.7474988782052012
3.4809499999998774,2.7466558493590476
3.4826199999998773,2.7458275491950612
3.484289999999877,2.745020930232628
3.485959999999877,2.7442143112701958
3.4876299999998768,2.7434076923077626
3.4892999999998766,2.7426010733453303
3.4909699999998764,2.7417944543828963
3.4926399999998763,2.740987835420464
3.494309999999876,2.7401812164580317
3.495979999999876,2.7393745974955985
3.497649999999876,2.7385679785331654
3.4993199999998756,2.737761359570732
3.5009899999998755,2.7369547406083
3.5026599999998753,2.7361481216458676
3.504329999999875,2.7353415026834336
3.505999999999875,2.734524268009751
3.507669999999875,2.7336931022565283
3.5093399999998747,2.7328619365033067
3.5110099999998745,2.732030770750086
3.5126799999998743,2.7311996049968634
3.514349999999874,2.730368439243642
3.516019999999874,2.72953727349042
3.517689999999874,2.7287061077371986
3.5193599999998737,2.7278404458599486
3.5210299999998735,2.7269728702230065
3.5226999999998734,2.7261052945860635
3.524369999999873,2.7252377189491215
3.526039999999873,2.7243701433121785
3.527709999999873,2.7235025676752356
3.5293799999998727,2.7226349920382935
3.5310499999998726,2.7217674164013506
3.5327199999998724,2.7208998407644076
3.5343899999998722,2.7200322651274655
3.536059999999872,2.7191646894905226
3.537729999999872,2.7182971138535796
3.5393999999998718,2.7174295382166376
3.5410699999998716,2.7165619625796946
3.5427399999998714,2.7156943869427526
3.5444099999998713,2.7148268113058105
3.546079999999871,2.7139592356688675
3.547749999999871,2.7130916600319255
3.549419999999871,2.7122318910257173
3.5510899999998706,2.7113888621795637
3.5527599999998705,2.71054583333341
3.5544299999998703,2.709726714370974
3.55609999999987,2.7089200954085406
3.55776999999987,2.7081134764461083
3.55943999999987,2.707306857483675
3.5611099999998697,2.706500238521243
3.5627799999998695,2.705693619558809
3.5644499999998693,2.7048870005963765
3.566119999999869,2.7040803816339434
3.567789999999869,2.703273762671511
3.569459999999869,2.702467143709079
3.5711299999998687,2.7016605247466456
3.5727999999998685,2.7008539057842125
3.5744699999998684,2.7000472868217793
3.576139999999868,2.699240667859347
3.577809999999868,2.698434048896914
3.579479999999868,2.6976274299344816
3.5811499999998677,2.6968208109720484
3.5828199999998676,2.6960141920096152
3.5844899999998674,2.695207573047183
3.5861599999998672,2.6944009540847498
3.587829999999867,2.6935943351223175
3.589499999999867,2.6927877161598843
3.5911699999998667,2.691981097197451
3.5928399999998666,2.691165397718933
3.5945099999998664,2.6903342319657124
3.5961799999998663,2.689503066212491
3.597849999999866,2.6886719004592683
3.599519999999866,2.6878407347060476
3.6011899999998658,2.687009568952825
3.6028599999998656,2.6861784031996034
3.6045299999998655,2.6853472374463827
3.6061999999998653,2.68451607169316
3.607869999999865,2.6836849059399386
3.609539999999865,2.682853740186717
3.611209999999865,2.6820225744334953
3.6128799999998646,2.6811914086802737
3.6145499999998645,2.680360242927052
3.6162199999998643,2.6795290771738305
3.617889999999864,2.678697911420609
3.619559999999864,2.6778667456673872
3.621229999999864,2.6770355799141656
3.6228999999998637,2.676204414160944
3.6245699999998635,2.6753732484077224
3.6262399999998634,2.6745150477707824
3.627909999999863,2.6736474721338404
3.629579999999863,2.6727798964968974
3.631249999999863,2.6719123208599544
3.6329199999998627,2.6710447452230124
3.6345899999998625,2.6701771695860694
3.6362599999998624,2.6693158653846956
3.637929999999862,2.668472836538542
3.639599999999862,2.6676298076923883
3.641269999999862,2.6667867788462347
3.6429399999998617,2.66594375000008
3.6446099999998616,2.6651007211539266
3.6462799999998614,2.664257692307773
3.6479499999998612,2.6634146634616194
3.649619999999861,2.6625716346154658
3.651289999999861,2.661728605769312
3.6529599999998608,2.6608855769231576
3.6546299999998606,2.660042548077004
3.6562999999998604,2.6591995192308504
3.6579699999998603,2.658356490384697
3.65963999999986,2.657513461538543
3.66130999999986,2.656686881335797
3.66297999999986,2.6558802623733637
3.6646499999998596,2.6550736434109314
3.6663199999998595,2.6542670244484983
3.6679899999998593,2.653460405486066
3.669659999999859,2.652653786523633
3.671329999999859,2.6518471675611996
3.672999999999859,2.6510405485987674
3.6746699999998587,2.650233929636334
3.6763399999998585,2.649427310673902
3.6780099999998583,2.6486206917114687
3.679679999999858,2.6478065274281173
3.681349999999858,2.6469753616748957
3.683019999999858,2.646144195921673
3.6846899999998577,2.6453130301684524
3.6863599999998575,2.64448186441523
3.6880299999998574,2.643650698662009
3.689699999999857,2.6428195329087876
3.691369999999857,2.641988367155565
3.693039999999857,2.6411572014023443
3.6947099999998567,2.640326035649122
3.6963799999998566,2.6394948698959
3.6980499999998564,2.638627488057411
3.6997199999998562,2.637759912420468
3.701389999999856,2.636892336783525
3.703059999999856,2.636024761146583
3.7047299999998557,2.63515718550964
3.7063999999998556,2.634289609872697
3.7080699999998554,2.633422034235755
3.7097399999998553,2.632554458598812
3.711409999999855,2.63168688296187
3.713079999999855,2.630819307324927
3.714749999999855,2.629951731687984
3.7164199999998546,2.629084156051042
3.7180899999998545,2.628216580414099
3.7197599999998543,2.627349004777156
3.721429999999854,2.626481429140214
3.723099999999854,2.6256185897436737
3.724769999999854,2.62477556089752
3.7264399999998536,2.6239325320513665
3.7281099999998535,2.623089503205213
3.7297799999998533,2.622246474359059
3.731449999999853,2.6214034455129047
3.733119999999853,2.6205860465117095
3.734789999999853,2.6197794275492763
3.7364599999998527,2.618972808586844
3.7381299999998525,2.618166189624411
3.7397999999998524,2.6173595706619777
3.741469999999852,2.6165529516995454
3.743139999999852,2.615746332737112
3.744809999999852,2.61493971377468
3.7464799999998517,2.614133094812246
3.7481499999998515,2.6133264758498136
3.7498199999998514,2.6125198568873813
3.751489999999851,2.611713237924948
3.753159999999851,2.610906618962516
3.754829999999851,2.610100000000082
3.7564999999998507,2.6092933810376495
3.7581699999998506,2.6084867620752172
3.7598399999998504,2.607680143112784
3.7615099999998503,2.606873524150352
3.76317999999985,2.6060669051879177
3.76484999999985,2.6052602862254854
3.7665199999998498,2.6044476571372996
3.7681899999998496,2.6036075039809807
3.7698599999998494,2.602739928344038
3.7715299999998493,2.601872352707095
3.773199999999849,2.6010047770701528
3.774869999999849,2.60013720143321
3.776539999999849,2.5992696257962677
3.7782099999998486,2.598402050159325
3.7798799999998485,2.597534474522382
3.7815499999998483,2.59666689888544
3.783219999999848,2.595799323248497
3.784889999999848,2.5949317476115548
3.786559999999848,2.594064171974612
3.7882299999998477,2.5931965963376697
3.7898999999998475,2.5923290207007277
3.7915699999998473,2.5914614450637847
3.793239999999847,2.5905938694268427
3.794909999999847,2.5897262937898997
3.796579999999847,2.5888587181529568
3.7982499999998467,2.5879911425160147
3.7999199999998465,2.5871235668790717
3.8015899999998464,2.5862559912421297
3.803259999999846,2.5853884156051867
3.804929999999846,2.5845556510147523
3.806599999999846,2.5837244852615306
3.8082699999998457,2.582893319508309
3.8099399999998456,2.5820653548003243
3.8116099999998454,2.581258735837892
3.8132799999998452,2.580452116875459
3.814949999999845,2.5796454979130257
3.816619999999845,2.5788388789505934
3.8182899999998448,2.57803225998816
3.8199599999998446,2.577225641025727
3.8216299999998444,2.576419022063294
3.8232999999998443,2.5756124031008616
3.824969999999844,2.5748057841384284
3.826639999999844,2.573999165175996
3.828309999999844,2.573192546213562
3.8299799999998436,2.57238592725113
3.8316499999998435,2.5715793082886975
3.8333199999998433,2.5707726893262643
3.834989999999843,2.569966070363832
3.836659999999843,2.569159451401398
3.838329999999843,2.5683528324389657
3.8399999999998427,2.5675462134765326
3.8416699999998425,2.5667395945141003
3.8433399999998423,2.565932975551668
3.845009999999842,2.565126356589234
3.846679999999842,2.5643197376268017
3.848349999999842,2.5635131186643685
3.8500199999998417,2.562706499701936
3.8516899999998415,2.561899880739503
3.8533599999998414,2.561088786846483
3.855029999999841,2.5602576210932613
3.856699999999841,2.5594264553400397
3.858369999999841,2.558595289586818
3.8600399999998407,2.5577641238335964
3.8617099999998405,2.556932958080375
3.8633799999998404,2.556101792327153
3.8650499999998402,2.5552706265739316
3.86671999999984,2.55443946082071
3.86838999999984,2.5536082950674883
3.8700599999998397,2.5527771293142667
3.8717299999998396,2.551945963561045
3.8733999999998394,2.5511147978078235
3.8750699999998393,2.5502821058918146
3.876739999999839,2.5494145302548716
3.878409999999839,2.5485469546179296
3.8800799999998388,2.5476793789809866
3.8817499999998386,2.5468118033440446
3.8834199999998384,2.5459442277071016
3.8850899999998383,2.5450766520701587
3.886759999999838,2.5442090764332166
3.888429999999838,2.5433415007962736
3.890099999999838,2.5424739251593316
3.8917699999998376,2.5416063495223886
3.8934399999998375,2.5407387738854457
3.8951099999998373,2.5398711982485036
3.896779999999837,2.539005288461632
3.898449999999837,2.5381622596154783
3.900119999999837,2.5373192307693246
3.9017899999998367,2.53647620192317
3.9034599999998365,2.5356331730770165
3.9051299999998363,2.534790144230863
3.906799999999836,2.5339471153847093
3.908469999999836,2.5331040865385557
3.910139999999836,2.532261057692401
3.9118099999998357,2.531445378652446
3.9134799999998355,2.530638759690013
3.9151499999998354,2.5298321407275806
3.916819999999835,2.5290255217651474
3.918489999999835,2.528218902802714
3.920159999999835,2.527412283840282
3.9218299999998347,2.5266056648778488
3.9234999999998346,2.5257990459154165
3.9251699999998344,2.5249924269529824
3.9268399999998342,2.52418580799055
3.928509999999834,2.523379189028118
3.930179999999834,2.5225725700656847
3.9318499999998338,2.5217659511032524
3.9335199999998336,2.5209593321408184
3.9351899999998334,2.520152713178386
3.9368599999998333,2.519346094215953
3.938529999999833,2.5185394752535206
3.940199999999833,2.517729916555666
3.941869999999833,2.5168987508024436
3.9435399999998326,2.516067585049224
3.9452099999998325,2.5152364192960013
3.9468799999998323,2.5143945461784423
3.948549999999832,2.5135269705414993
3.950219999999832,2.5126593949045564
3.951889999999832,2.5117918192676134
3.9535599999998317,2.5109242436306722
3.9552299999998315,2.5100566679937293
3.9568999999998313,2.5091890923567863
3.958569999999831,2.5083215167198434
3.960239999999831,2.5074539410829004
3.961909999999831,2.5065863654459593
3.9635799999998307,2.505718789809017
3.9652499999998305,2.5048512141720742
3.9669199999998304,2.5039836385351313
3.96858999999983,2.5031160628981883
3.97025999999983,2.5022484872612454
3.97192999999983,2.501380911624304
3.9735999999998297,2.5005133359873613
3.9752699999998296,2.4996457603504183
3.9769399999998294,2.4987781847134753
3.9786099999998292,2.4979106090765324
3.980279999999829,2.4970430334395894
3.981949999999829,2.4961755789266755
3.9836199999998287,2.4953445438283595
3.9852899999998286,2.4945379248659254
3.9869599999998284,2.4937313059034922
3.9886299999998283,2.49292468694106
3.990299999999828,2.492118067978627
3.991969999999828,2.4913114490161945
3.9936399999998278,2.4905048300537613
3.9953099999998276,2.489698211091328
3.9969799999998274,2.488891592128896
3.9986499999998273,2.4880849731664627
4.000319999999827,2.4872783542040304
4.001989999999827,2.4864717352415973
4.003659999999827,2.485665116279163
4.005329999999827,2.484858497316732
4.0069999999998265,2.4840518783542977
4.008669999999826,2.4832452593918664
4.010339999999826,2.4824386404294323
4.012009999999826,2.481632021466999
4.013679999999826,2.4808254025045677
4.015349999999826,2.4800187835421337
4.0170199999998255,2.4792121645797023
4.018689999999825,2.4783856570513807
4.020359999999825,2.477542628205226
4.022029999999825,2.4766995993590735
4.023699999999825,2.475856570512919
4.025369999999825,2.4750135416667662
4.0270399999998245,2.474169108280355
4.028709999999824,2.473301532643414
4.030379999999824,2.472433957006471
4.032049999999824,2.471566381369528
4.033719999999824,2.470698805732586
4.035389999999824,2.469831230095645
4.037059999999824,2.468963654458702
4.038729999999823,2.468096078821759
4.040399999999823,2.467228503184816
4.042069999999823,2.466360927547873
4.043739999999823,2.465493351910932
4.045409999999823,2.464625776273989
4.047079999999823,2.463758200637046
4.048749999999822,2.462890625000103
4.050419999999822,2.462023049363162
4.052089999999822,2.461155473726219
4.053759999999822,2.4602972004148533
4.055429999999822,2.4594660346616317
4.057099999999822,2.458634868908409
4.0587699999998215,2.4578037031551894
4.060439999999821,2.456972537401967
4.062109999999821,2.4561413716487452
4.063779999999821,2.4553102058955236
4.065449999999821,2.454479040142301
4.067119999999821,2.4536478743890813
4.0687899999998205,2.4528167086358588
4.07045999999982,2.451985542882637
4.07212999999982,2.451177519379943
4.07379999999982,2.4503709004175116
4.07546999999982,2.4495642814550775
4.07713999999982,2.4487576624926444
4.0788099999998195,2.447951043530213
4.080479999999819,2.447144424567779
4.082149999999819,2.4463378056053475
4.083819999999819,2.4455311866429135
4.085489999999819,2.4447245676804803
4.087159999999819,2.443917948718048
4.0888299999998186,2.443111329755615
4.090499999999818,2.4423047107931826
4.092169999999818,2.4414980918307494
4.093839999999818,2.4406914728683162
4.095509999999818,2.439884853905884
4.097179999999818,2.4390782349434508
4.098849999999818,2.4382716159810185
4.100519999999817,2.4374649970185853
4.102189999999817,2.436658378056152
4.103859999999817,2.43585175909372
4.105529999999817,2.4350451401312867
4.107199999999817,2.4342385211688544
4.108869999999817,2.4334319022064212
4.1105399999998165,2.432625283243988
4.112209999999816,2.431818664281556
4.113879999999816,2.4310120453191226
4.115549999999816,2.430181010220811
4.117219999999816,2.4293498444675894
4.118889999999816,2.4285186787143678
4.1205599999998155,2.4276875129611453
4.122229999999815,2.4268563472079254
4.123899999999815,2.426025181454703
4.125569999999815,2.425181588375904
4.127239999999815,2.424314012738961
4.128909999999815,2.423446437102018
4.1305799999998145,2.4225788614650767
4.132249999999814,2.4217112858281338
4.133919999999814,2.420843710191191
4.135589999999814,2.419976134554248
4.137259999999814,2.419108558917305
4.138929999999814,2.418240983280363
4.1405999999998135,2.4173734076434217
4.142269999999813,2.4165058320064787
4.143939999999813,2.4156382563695358
4.145609999999813,2.414770680732593
4.147279999999813,2.41390310509565
4.148949999999813,2.4130355294587087
4.150619999999813,2.4121679538217657
4.152289999999812,2.411300378184823
4.153959999999812,2.41043280254788
4.155629999999812,2.409565226910937
4.157299999999812,2.408697651273994
4.158969999999812,2.4078516826924137
4.160639999999812,2.4070104949315283
4.162309999999811,2.406203875969095
4.163979999999811,2.405397257006663
4.165649999999811,2.4045906380442297
4.167319999999811,2.4037840190817956
4.168989999999811,2.4029774001193642
4.170659999999811,2.40217078115693
4.1723299999998105,2.4013641621944988
4.17399999999981,2.4005575432320647
4.17566999999981,2.3997509242696315
4.17733999999981,2.3989443053072
4.17900999999981,2.398137686344766
4.18067999999981,2.3973310673823347
4.1823499999998095,2.3965244484199006
4.184019999999809,2.3957178294574675
4.185689999999809,2.394911210495035
4.187359999999809,2.394104591532602
4.189029999999809,2.393297972570168
4.190699999999809,2.3924913536077366
4.1923699999998085,2.3916847346453034
4.194039999999808,2.390878115682871
4.195709999999808,2.390071496720438
4.197379999999808,2.3892432692308763
4.199049999999808,2.3884002403847235
4.200719999999808,2.387557211538569
4.202389999999808,2.3866913017517026
4.204059999999807,2.3858237261147597
4.205729999999807,2.3849561504778185
4.207399999999807,2.3840885748408756
4.209069999999807,2.3832209992039335
4.210739999999807,2.3823534235669905
4.212409999999807,2.3814858479300476
4.214079999999806,2.3806182722931046
4.215749999999806,2.3797506966561635
4.217419999999806,2.3788831210192205
4.219089999999806,2.3780155453822776
4.220759999999806,2.3771479697453346
4.222429999999806,2.3762803941083916
4.2240999999998055,2.3754128184714505
4.225769999999805,2.3745452428345075
4.227439999999805,2.3736776671975646
4.229109999999805,2.3728100915606216
4.230779999999805,2.3719425159236787
4.232449999999805,2.371085962573553
4.2341199999998045,2.3702547968203334
4.235789999999804,2.369423631067111
4.237459999999804,2.3685924653138892
4.239129999999804,2.3677612995606667
4.240799999999804,2.366930133807445
4.242469999999804,2.3660989680542235
4.2441399999998035,2.3652678023010028
4.245809999999803,2.364456708407978
4.247479999999803,2.363650089445544
4.249149999999803,2.362843470483111
4.250819999999803,2.3620368515206787
4.252489999999803,2.3612302325582455
4.2541599999998025,2.360423613595813
4.255829999999802,2.35961699463338
4.257499999999802,2.3588103756709486
4.259169999999802,2.3580037567085146
4.260839999999802,2.3571971377460814
4.262509999999802,2.356390518783649
4.264179999999802,2.355583899821216
4.265849999999801,2.3547772808587837
4.267519999999801,2.3539706618963505
4.269189999999801,2.3531332532052405
4.270859999999801,2.352290224359086
4.272529999999801,2.3514471955129315
4.274199999999801,2.3506041666667787
4.2758699999998,2.3497611378206242
4.2775399999998,2.3489181089744715
4.2792099999998,2.348075080128318
4.2808799999998,2.347232051282165
4.2825499999998,2.3463890224360107
4.2842199999998,2.345545993589858
4.2858899999997995,2.3447029647437034
4.287559999999799,2.343859935897549
4.289229999999799,2.342995561305848
4.290899999999799,2.342127985668907
4.292569999999799,2.341260410031964
4.294239999999799,2.340392834395021
4.2959099999997985,2.339525258758078
4.297579999999798,2.338657683121135
4.299249999999798,2.337790107484194
4.300919999999798,2.336922531847251
4.302589999999798,2.336054956210308
4.304259999999798,2.335207584061733
4.3059299999997975,2.334376418308511
4.307599999999797,2.3335452525552896
4.309269999999797,2.332714086802069
4.310939999999797,2.331882921048847
4.312609999999797,2.3310517552956247
4.314279999999797,2.330220589542403
4.315949999999797,2.3293894237891815
4.317619999999796,2.3285582580359607
4.319289999999796,2.327727092282739
4.320959999999796,2.3268959265295166
4.322629999999796,2.326064760776295
4.324299999999796,2.3252335950230734
4.325969999999796,2.324402429269851
4.327639999999795,2.323571263516631
4.329309999999795,2.3227400977634085
4.330979999999795,2.321908932010187
4.332649999999795,2.3210777662569653
4.334319999999795,2.3202466005037428
4.335989999999795,2.319415434750521
4.3376599999997945,2.3185842689973004
4.339329999999794,2.317753103244079
4.340999999999794,2.316921937490857
4.342669999999794,2.3160907717376347
4.344339999999794,2.315259605984413
4.346009999999794,2.3144284402311923
4.3476799999997935,2.3135972744779707
4.349349999999793,2.312766108724748
4.351019999999793,2.3119349429715266
4.352689999999793,2.311103777218304
4.354359999999793,2.3102726114650824
4.356029999999793,2.3094414457118617
4.3576999999997925,2.30861027995864
4.359369999999792,2.3077791142054185
4.361039999999792,2.306947948452196
4.362709999999792,2.3061167826989744
4.364379999999792,2.3052856169457536
4.366049999999792,2.304454451192532
4.3677199999997915,2.3036232854393095
4.369389999999791,2.302792119686088
4.371059999999791,2.3019609539328654
4.372729999999791,2.3011297881796438
4.374399999999791,2.300298622426424
4.376069999999791,2.2986007692310446
4.377739999999791,2.2964169230771994
4.37940999999979,2.2942330769233523
4.38107999999979,2.292049230769506
4.38274999999979,2.289865384615661
4.38441999999979,2.2876815384618157
4.38608999999979,2.2854976923079686
4.38775999999979,2.2833138461541225
4.3894299999997894,2.281130000000277
4.391099999999789,2.278946153846432
4.392769999999789,2.276762307692585
4.394439999999789,2.2745784615387388
4.396109999999789,2.2723946153848935
4.397779999999789,2.2702107692310483
4.3994499999997885,2.268026923077201
4.401119999999788,2.265843076923355
4.402789999999788,2.26365923076951
4.404459999999788,2.2614753846156646
4.406129999999788,2.2592915384618175
4.407799999999788,2.2571076923079714
4.4094699999997875,2.254923846154126
4.411139999999787,2.252740000000281
4.412809999999787,2.250556153846434
4.414479999999787,2.2483723076925877
4.416149999999787,2.2461884615387424
4.417819999999787,2.244004615384897
4.4194899999997865,2.241837770700915
4.421159999999786,2.2396784713378572
4.422829999999786,2.2375191719748013
4.424499999999786,2.2353598726117445
4.426169999999786,2.233200573248687
4.427839999999786,2.2310412738856282
4.429509999999786,2.2288819745225723
4.431179999999785,2.2267226751595164
4.432849999999785,2.224563375796458
4.434519999999785,2.2224040764334
4.436189999999785,2.220244777070344
4.437859999999785,2.2180854777072874
4.439529999999785,2.2159261783442297
4.441199999999784,2.213766878981172
4.442869999999784,2.211607579618115
4.444539999999784,2.2094482802550592
4.446209999999784,2.2072889808920015
4.447879999999784,2.205129681528943
4.449549999999784,2.202970382165887
4.4512199999997835,2.200811082802831
4.452889999999783,2.1986517834397725
4.454559999999783,2.196492484076715
4.456229999999783,2.194333184713658
4.457899999999783,2.192173885350602
4.459569999999783,2.1900145859875444
4.4612399999997825,2.187855286624486
4.462909999999782,2.1856817948720817
4.464579999999782,2.1834979487182364
4.466249999999782,2.1813141025643894
4.467919999999782,2.1791302564105433
4.469589999999782,2.176946410256698
4.4712599999997815,2.1747625641028527
4.472929999999781,2.1725787179490057
4.474599999999781,2.1703948717951596
4.476269999999781,2.1682110256413143
4.477939999999781,2.166027179487469
4.479609999999781,2.163843333333622
4.4812799999997806,2.161659487179776
4.48294999999978,2.1594756410259306
4.48461999999978,2.1572917948720853
4.48628999999978,2.1551079487182383
4.48795999999978,2.152924102564392
4.48962999999978,2.150740256410547
4.49129999999978,2.1485564102567016
4.492969999999779,2.1463725641028546
4.494639999999779,2.1441887179490084
4.496309999999779,2.142004871795163
4.497979999999779,2.139821025641318
4.499649999999779,2.137637179487471
4.501319999999779,2.1354533333336247
4.5029899999997784,2.1332694871797795
4.504659999999778,2.1310856410259342
4.506329999999778,2.1289172611467864
4.507999999999778,2.1267579617837287
4.509669999999778,2.124598662420672
4.511339999999778,2.122439363057616
4.5130099999997775,2.1202800636945582
4.514679999999777,2.1181207643314997
4.516349999999777,2.1159614649684437
4.518019999999777,2.113802165605387
4.519689999999777,2.111642866242329
4.521359999999777,2.1094835668792715
4.5230299999997765,2.1073242675162147
4.524699999999776,2.105164968153159
4.526369999999776,2.103005668790101
4.528039999999776,2.1008463694270425
4.529709999999776,2.0986870700639866
4.531379999999776,2.0965277707009307
4.5330499999997755,2.094368471337872
4.534719999999775,2.0922091719748144
4.536389999999775,2.0900498726117585
4.538059999999775,2.0878905732487016
4.539729999999775,2.085731273885644
4.541399999999775,2.0835719745225854
4.543069999999775,2.0814126751595294
4.544739999999774,2.0792533757964735
4.546409999999774,2.077094076433415
4.548079999999774,2.0749347770703572
4.549749999999774,2.0727628205131188
4.551419999999774,2.0705789743592735
4.553089999999774,2.0683951282054265
4.554759999999773,2.0662112820515794
4.556429999999773,2.064027435897734
4.558099999999773,2.061843589743889
4.559769999999773,2.059659743590043
4.561439999999773,2.0574758974361957
4.563109999999773,2.0552920512823505
4.5647799999997725,2.0531082051285052
4.566449999999772,2.050924358974658
4.568119999999772,2.048740512820812
4.569789999999772,2.046556666666967
4.571459999999772,2.0443728205131215
4.573129999999772,2.0421889743592745
4.5747999999997715,2.0400051282054275
4.576469999999771,2.037821282051582
4.578139999999771,2.035637435897738
4.579809999999771,2.033453589743891
4.581479999999771,2.0312697435900455
4.583149999999771,2.0290858974361985
4.5848199999997705,2.0269020512823532
4.58648999999977,2.024718205128506
4.58815999999977,2.022534358974662
4.58982999999977,2.020350512820815
4.59149999999977,2.0181666666669695
4.59316999999977,2.015996751592655
4.5948399999997696,2.013837452229599
4.596509999999769,2.0116781528665415
4.598179999999769,2.0095188535034847
4.599849999999769,2.007359554140427
4.601519999999769,2.005200254777371
4.603189999999769,2.0030409554143125
4.604859999999769,2.0008816560512566
4.606529999999768,1.9987223566881989
4.608199999999768,1.996563057325142
4.609869999999768,1.9944037579620844
4.611539999999768,1.9922444585990275
4.613209999999768,1.9900851592359698
4.614879999999768,1.987925859872914
4.6165499999997675,1.9857665605098553
4.618219999999767,1.9836072611467994
4.619889999999767,1.9814479617837417
4.621559999999767,1.979288662420685
4.623229999999767,1.9771293630576272
4.624899999999767,1.9749700636945713
4.6265699999997665,1.9728107643315145
4.628239999999766,1.9706514649684568
4.629909999999766,1.9684921656054009
4.631579999999766,1.9663328662423423
4.633249999999766,1.9641735668792863
4.634919999999766,1.9620142675162278
4.6365899999997655,1.959843846154155
4.638259999999765,1.957660000000308
4.639929999999765,1.9554761538464636
4.641599999999765,1.9532923076926165
4.643269999999765,1.9511084615387713
4.644939999999765,1.9489246153849242
4.6466099999997645,1.946740769231079
4.648279999999764,1.9445569230772328
4.649949999999764,1.9423730769233876
4.651619999999764,1.9401892307695405
4.653289999999764,1.9380053846156953
4.654959999999764,1.9358215384618482
4.656629999999764,1.933637692308003
4.658299999999763,1.9314538461541568
4.659969999999763,1.9292700000003116
4.661639999999763,1.9270861538464645
4.663309999999763,1.9249023076926193
4.664979999999763,1.9227184615387722
4.666649999999763,1.920534615384927
4.668319999999762,1.9183507692310808
4.669989999999762,1.9161669230772356
4.671659999999762,1.9139830769233885
4.673329999999762,1.9117992307695433
4.674999999999762,1.909615384615698
4.676669999999762,1.907431538461851
4.6783399999997615,1.9052476923080048
4.680009999999761,1.9030762420385265
4.681679999999761,1.9009169426754697
4.683349999999761,1.898757643312412
4.685019999999761,1.8965983439493543
4.686689999999761,1.8944390445862975
4.6883599999997605,1.8922797452232416
4.69002999999976,1.890120445860184
4.69169999999976,1.8879611464971253
4.69336999999976,1.8858018471340694
4.69503999999976,1.8836425477710135
4.69670999999976,1.881483248407955
4.6983799999997595,1.8793239490448972
4.700049999999759,1.8771646496818413
4.701719999999759,1.8750053503187845
4.703389999999759,1.8728460509557268
4.705059999999759,1.8706867515926682
4.706729999999759,1.8685274522296123
4.708399999999759,1.8663681528665563
4.710069999999758,1.8642088535034977
4.711739999999758,1.86204955414044
4.713409999999758,1.8598902547773841
4.715079999999758,1.8577309554143273
4.716749999999758,1.8555716560512696
4.718419999999758,1.853412356688212
4.720089999999757,1.851253057325155
4.721759999999757,1.8490937579620992
4.723429999999757,1.8469248717951903
4.725099999999757,1.8447410256413432
4.726769999999757,1.842557179487498
4.728439999999757,1.8403733333336536
4.7301099999997565,1.8381894871798066
4.731779999999756,1.8360056410259595
4.733449999999756,1.8338217948721143
4.735119999999756,1.831637948718269
4.736789999999756,1.8294541025644229
4.738459999999756,1.8272702564105758
4.7401299999997555,1.8250864102567306
4.741799999999755,1.8229025641028853
4.743469999999755,1.8207187179490392
4.745139999999755,1.8185348717951921
4.746809999999755,1.8163510256413469
4.748479999999755,1.8141671794875016
4.7501499999997545,1.8119833333336546
4.751819999999754,1.8097994871798084
4.753489999999754,1.8076156410259632
4.755159999999754,1.805431794872118
4.756829999999754,1.8032479487182709
4.758499999999754,1.8010641025644238
4.7601699999997535,1.7988802564105795
4.761839999999753,1.7966964102567342
4.763509999999753,1.7945125641028872
4.765179999999753,1.7923287179490401
4.766849999999753,1.7901557324843962
4.768519999999753,1.7879964331213403
4.770189999999753,1.7858371337582817
4.771859999999752,1.783677834395224
4.773529999999752,1.781518535032168
4.775199999999752,1.7793592356691112
4.776869999999752,1.7771999363060536
4.778539999999752,1.775040636942995
4.780209999999752,1.772881337579939
4.781879999999751,1.7707220382168831
4.783549999999751,1.7685627388538245
4.785219999999751,1.7664034394907668
4.786889999999751,1.76424414012771
4.788559999999751,1.762084840764654
4.790229999999751,1.7599255414015964
4.7918999999997505,1.7577662420385378
4.79356999999975,1.755606942675482
4.79523999999975,1.753447643312426
4.79690999999975,1.7512883439493674
4.79857999999975,1.7491290445863097
4.80024999999975,1.7469697452232529
4.8019199999997495,1.744810445860197
4.803589999999749,1.7426511464971393
4.805259999999749,1.7404918471340807
4.806929999999749,1.7383325477710247
4.808599999999749,1.736173248407968
4.810269999999749,1.7340058974362256
4.8119399999997485,1.7318220512823785
4.813609999999748,1.7296382051285333
4.815279999999748,1.727454358974688
4.816949999999748,1.7252705128208419
4.818619999999748,1.7230866666669948
4.820289999999748,1.7209028205131496
4.821959999999748,1.7187189743593043
4.823629999999747,1.7165351282054573
4.825299999999747,1.7143512820516111
4.826969999999747,1.7121674358977659
4.828639999999747,1.7099835897439206
4.830309999999747,1.7077997435900736
4.831979999999747,1.7056158974362265
4.833649999999746,1.7034320512823822
4.835319999999746,1.701248205128537
4.836989999999746,1.6990643589746899
4.838659999999746,1.6968805128208428
4.840329999999746,1.6946966666669985
4.841999999999746,1.6925128205131532
4.8436699999997455,1.6903289743593062
4.845339999999745,1.6881451282054591
4.847009999999745,1.6859612820516139
4.848679999999745,1.6837774358977695
4.850349999999745,1.6815935897439225
4.852019999999745,1.6794097435900754
4.8536899999997445,1.6772352229302658
4.855359999999744,1.675075923567209
4.857029999999744,1.6729166242041513
4.858699999999744,1.6707573248410936
4.860369999999744,1.6685980254780368
4.862039999999744,1.666438726114981
4.8637099999997435,1.6642794267519223
4.865379999999743,1.6621201273888646
4.867049999999743,1.6599608280258087
4.868719999999743,1.6578015286627519
4.870389999999743,1.6556422292996942
4.872059999999743,1.6534829299366356
4.8737299999997425,1.6513236305735797
4.875399999999742,1.6491643312105237
4.877069999999742,1.6470050318474652
4.878739999999742,1.6448457324844075
4.880409999999742,1.6426864331213507
4.882079999999742,1.6405271337582947
4.883749999999742,1.638367834395237
4.885419999999741,1.6362085350321784
4.887089999999741,1.6340492356691225
4.888759999999741,1.6318899363060657
4.890429999999741,1.629730636943008
4.892099999999741,1.6275713375799503
4.893769999999741,1.6254120382168935
4.89543999999974,1.6232527388538376
4.89710999999974,1.62108692307726
4.89877999999974,1.6189030769234138
4.90044999999974,1.6167192307695686
4.90211999999974,1.6145353846157233
4.90378999999974,1.6123515384618763
4.9054599999997395,1.6101676923080293
4.907129999999739,1.6079838461541849
4.908799999999739,1.6058000000003396
4.910469999999739,1.6036161538464926
4.912139999999739,1.6014323076926456
4.913809999999739,1.5992484615388012
4.9154799999997385,1.597064615384956
4.917149999999738,1.5948807692311089
4.918819999999738,1.5926969230772619
4.920489999999738,1.5905130769234166
4.922159999999738,1.5883292307695722
4.923829999999738,1.5861453846157252
4.9254999999997375,1.5839615384618781
4.927169999999737,1.581777692308033
4.928839999999737,1.5795938461541876
4.930509999999737,1.5774100000003415
4.932179999999737,1.5752261538464944
4.933849999999737,1.5730423076926492
4.935519999999737,1.570858461538804
4.937189999999736,1.568674615384957
4.938859999999736,1.5664907692311107
4.940529999999736,1.5643147133761346
4.942199999999736,1.5621554140130787
4.943869999999736,1.559996114650021
4.945539999999736,1.5578368152869633
4.947209999999735,1.5556775159239056
4.948879999999735,1.5535182165608497
4.950549999999735,1.551358917197792
4.952219999999735,1.5491996178347343
4.953889999999735,1.5470403184716783
4.955559999999735,1.5448810191086206
4.9572299999997345,1.542721719745563
4.958899999999734,1.5405624203825052
4.960569999999734,1.5384031210194493
4.962239999999734,1.5362438216563934
4.963909999999734,1.5340845222933357
4.965579999999734,1.5319252229302762
4.9672499999997335,1.5297659235672203
4.968919999999733,1.5276066242041644
4.970589999999733,1.5254473248411067
4.972259999999733,1.523288025478049
4.973929999999733,1.5211287261149913
4.975599999999733,1.5189694267519354
4.9772699999997325,1.5168101273888777
4.978939999999732,1.5146508280258217
4.980609999999732,1.512491528662764
4.982279999999732,1.5103322292997081
4.983949999999732,1.508167948718297
4.985619999999732,1.505984102564451
4.9872899999997315,1.5038002564106048
4.988959999999731,1.5016164102567586
4.990629999999731,1.4994325641029125
4.992299999999731,1.497248717949068
4.993969999999731,1.4950648717952202
4.995639999999731,1.4928810256413758
4.997309999999731,1.490697179487528
4.99897999999973,1.4885133333336835
5.00064999999973,1.4863294871798374
5.00231999999973,1.4841456410259912
5.00398999999973,1.481961794872145
5.00565999999973,1.479777948718299
5.00732999999973,1.4775941025644528
5.0089999999997294,1.4754102564106084
5.010669999999729,1.4732264102567605
5.012339999999729,1.4710425641029161
5.014009999999729,1.4688587179490682
5.015679999999729,1.4666748717952238
5.017349999999729,1.4644910256413777
5.0190199999997285,1.4623071794875315
5.020689999999728,1.4601233333336854
5.022359999999728,1.4579394871798392
5.024029999999728,1.455755641025993
5.025699999999728,1.4535717948721487
5.027369999999728,1.451394203822007
5.0290399999997275,1.4492349044589492
5.030709999999727,1.4470756050958915
5.032379999999727,1.4449163057328338
5.034049999999727,1.4427570063697779
5.035719999999727,1.4405977070067202
5.037389999999727,1.4384384076436625
5.0390599999997265,1.4362791082806048
5.040729999999726,1.4341198089175489
5.042399999999726,1.4319605095544912
5.044069999999726,1.4298012101914352
5.045739999999726,1.4276419108283758
5.047409999999726,1.4254826114653198
5.049079999999726,1.4233233121022622
5.050749999999725,1.4211640127392062
5.052419999999725,1.4190047133761485
5.054089999999725,1.4168454140130908
5.055759999999725,1.4146861146500331
5.057429999999725,1.4125268152869772
5.059099999999725,1.4103675159239195
5.060769999999724,1.4082082165608618
5.062439999999724,1.4060489171978041
5.064109999999724,1.4038896178347482
5.065779999999724,1.4017303184716905
5.067449999999724,1.3995710191086346
5.069119999999724,1.397411719745575
5.0707899999997235,1.3952489743593315
5.072459999999723,1.3930651282054853
5.074129999999723,1.390881282051641
5.075799999999723,1.388697435897793
5.077469999999723,1.3865135897439487
5.079139999999723,1.3843297435901025
5.0808099999997225,1.3821458974362564
5.082479999999722,1.3799620512824102
5.084149999999722,1.377778205128564
5.085819999999722,1.3755943589747197
5.087489999999722,1.3734105128208718
5.089159999999722,1.3712266666670256
5.0908299999997215,1.3690428205131813
5.092499999999721,1.3668589743593351
5.094169999999721,1.364675128205489
5.095839999999721,1.362491282051641
5.097509999999721,1.3603074358977967
5.099179999999721,1.3581235897439523
5.1008499999997206,1.3559397435901044
5.10251999999972,1.3537558974362582
5.10418999999972,1.3515720512824139
5.10585999999972,1.3493882051285677
5.10752999999972,1.3472043589747216
5.10919999999972,1.3450205128208736
5.11086999999972,1.3428366666670293
5.112539999999719,1.340652820513185
5.114209999999719,1.3384736942678757
5.115879999999719,1.3363143949048162
5.117549999999719,1.3341550955417603
5.119219999999719,1.3319957961787043
5.120889999999719,1.3298364968156466
5.1225599999997184,1.327677197452589
5.124229999999718,1.3255178980895312
5.125899999999718,1.3233585987264753
5.127569999999718,1.3211992993634176
5.129239999999718,1.31904000000036
5.130909999999718,1.316880700637304
5.1325799999997175,1.314721401274248
5.134249999999717,1.3125621019111886
5.135919999999717,1.310402802548131
5.137589999999717,1.308243503185075
5.139259999999717,1.306084203822019
5.140929999999717,1.3039249044589614
5.1425999999997165,1.301765605095902
5.144269999999716,1.299606305732846
5.145939999999716,1.29744700636979
5.147609999999716,1.2952877070067323
5.149279999999716,1.2931284076436746
5.150949999999716,1.2909691082806187
5.1526199999997155,1.288809808917561
5.154289999999715,1.2866505095545033
5.155959999999715,1.2844912101914456
5.157629999999715,1.2823300000003677
5.159299999999715,1.2801461538465233
5.160969999999715,1.2779623076926754
5.162639999999715,1.2757784615388292
5.164309999999714,1.2735946153849849
5.165979999999714,1.2714107692311387
5.167649999999714,1.2692269230772926
5.169319999999714,1.2670430769234446
5.170989999999714,1.2648592307696003
5.172659999999714,1.262675384615756
5.174329999999713,1.260491538461908
5.175999999999713,1.2583076923080618
5.177669999999713,1.2561238461542175
5.179339999999713,1.2539400000003713
5.181009999999713,1.2517561538465252
5.182679999999713,1.2495723076926772
5.1843499999997125,1.2473884615388329
5.186019999999712,1.2452046153849885
5.187689999999712,1.2430207692311406
5.189359999999712,1.2408369230772944
5.191029999999712,1.2386530769234483
5.192699999999712,1.236469230769604
5.1943699999997115,1.2342853846157578
5.196039999999711,1.2321015384619098
5.197709999999711,1.2299176923080655
5.199379999999711,1.2277338461542193
5.201049999999711,1.2255531847137444
5.202719999999711,1.2233938853506867
5.2043899999997105,1.2212345859876308
5.20605999999971,1.2190752866245749
5.20772999999971,1.2169159872615172
5.20939999999971,1.2147566878984577
5.21106999999971,1.2125973885354018
5.21273999999971,1.2104380891723459
5.2144099999997096,1.2082787898092882
5.216079999999709,1.2061194904462305
5.217749999999709,1.2039601910831728
5.219419999999709,1.2018008917201168
5.221089999999709,1.1996415923570591
5.222759999999709,1.1974822929940014
5.224429999999709,1.1953229936309455
5.226099999999708,1.1931636942678896
5.227769999999708,1.1910043949048301
5.229439999999708,1.1888450955417724
5.231109999999708,1.1866857961787165
5.232779999999708,1.1845264968156606
5.234449999999708,1.1823671974526029
5.2361199999997075,1.1802078980895434
5.237789999999707,1.1780485987264875
5.239459999999707,1.1758892993634316
5.241129999999707,1.1737300000003739
5.242799999999707,1.1715707006373162
5.244469999999707,1.1694110256414039
5.2461399999997065,1.1672271794875595
5.247809999999706,1.1650433333337116
5.249479999999706,1.1628594871798654
5.251149999999706,1.1606756410260193
5.252819999999706,1.158491794872175
5.254489999999706,1.156307948718327
5.2561599999997055,1.1541241025644808
5.257829999999705,1.1519402564106365
5.259499999999705,1.1497564102567903
5.261169999999705,1.1475725641029442
5.262839999999705,1.1453887179490962
5.264509999999705,1.1432048717952519
5.2661799999997045,1.1410210256414057
5.267849999999704,1.1388371794875596
5.269519999999704,1.1366533333337134
5.271189999999704,1.1344694871798673
5.272859999999704,1.132285641026023
5.274529999999704,1.130101794872175
5.276199999999704,1.1279179487183288
5.277869999999703,1.1257341025644827
5.279539999999703,1.1235502564106383
5.281209999999703,1.1213664102567922
5.282879999999703,1.1191825641029443
5.284549999999703,1.1169987179490999
5.286219999999703,1.1148148717952537
5.287889999999702,1.1126326751596132
5.289559999999702,1.1104733757965555
5.291229999999702,1.1083140764334996
5.292899999999702,1.1061547770704419
5.294569999999702,1.1039954777073842
5.296239999999702,1.1018361783443265
5.2979099999997015,1.0996768789812705
5.299579999999701,1.0975175796182146
5.301249999999701,1.095358280255157
5.302919999999701,1.0931989808920974
5.304589999999701,1.0910396815290415
5.306259999999701,1.0888803821659856
5.3079299999997005,1.086721082802928
5.3095999999997,1.0845617834398702
5.3112699999997,1.0824024840768125
5.3129399999997,1.0802431847137566
5.3146099999997,1.0780838853506989
5.3162799999997,1.0759245859876412
5.3179499999996995,1.0737652866245853
5.319619999999699,1.0716059872615293
5.321289999999699,1.0694466878984699
5.322959999999699,1.0672873885354122
5.324629999999699,1.0651280891723562
5.326299999999699,1.0629687898093003
5.327969999999699,1.0608094904462426
5.329639999999698,1.0586501910831831
5.331309999999698,1.0564908917201272
5.332979999999698,1.0543315923570713
5.334649999999698,1.0521722929940136
5.336319999999698,1.050012993630956
5.337989999999698,1.0478536942679
5.339659999999697,1.0456943949048423
5.341329999999697,1.0435350955417846
5.342999999999697,1.0413757961787269
5.344669999999697,1.039216496815671
5.346339999999697,1.037057197452615
5.348009999999697,1.0348978980895573
5.3496799999996965,1.0327385987264979
5.351349999999696,1.030579299363442
5.353019999999696,1.028420000000386
5.354689999999696,1.0262607006373283
5.356359999999696,1.0241014012742706
5.358029999999696,1.021942101911213
5.3596999999996955,1.019782802548157
5.361369999999695,1.0176235031850993
5.363039999999695,1.0154642038220416
5.364709999999695,1.0133049044589857
5.366379999999695,1.0111456050959298
5.368049999999695,1.0089863057328703
5.3697199999996945,1.0068270063698126
5.371389999999694,1.0046677070067567
5.373059999999694,1.0025084076437007
5.374729999999694,1.000349108280643
5.376399999999694,0.9993000000001508
5.378069999999694,0.9984650000001505
5.3797399999996935,0.9976300000001501
5.381409999999693,0.9967950000001498
5.383079999999693,0.9959600000001512
5.384749999999693,0.9951250000001508
5.386419999999693,0.9942900000001504
5.388089999999693,0.9934550000001501
5.389759999999693,0.9926200000001515
5.391429999999692,0.9917850000001511
5.393099999999692,0.9909500000001508
5.394769999999692,0.9901150000001504
5.396439999999692,0.9892800000001518
5.398109999999692,0.9884450000001515
5.399779999999692,0.9876100000001511
5.401449999999691,0.9867750000001507
5.403119999999691,0.9859400000001521
5.404789999999691,0.9851050000001518
5.406459999999691,0.9842700000001514
5.408129999999691,0.983435000000151
5.409799999999691,0.9826000000001525
5.4114699999996905,0.9817650000001521
5.41313999999969,0.9809300000001517
5.41480999999969,0.9800950000001514
5.41647999999969,0.9792600000001528
5.41814999999969,0.9784250000001524
5.41981999999969,0.9775900000001521
5.4214899999996895,0.9767550000001517
5.423159999999689,0.9759200000001531
5.424829999999689,0.9750850000001527
5.426499999999689,0.9742500000001524
5.428169999999689,0.973415000000152
5.429839999999689,0.9725800000001534
5.4315099999996885,0.9717450000001531
5.433179999999688,0.9709100000001527
5.434849999999688,0.9700750000001523
5.436519999999688,0.9692400000001538
5.438189999999688,0.9684050000001534
5.439859999999688,0.967570000000153
5.441529999999688,0.9667350000001527
5.443199999999687,0.9659000000001541
5.444869999999687,0.9650650000001537
5.446539999999687,0.9642300000001534
5.448209999999687,0.963395000000153
5.449879999999687,0.9625600000001544
5.451549999999687,0.961725000000154
5.453219999999686,0.9608900000001537
5.454889999999686,0.9600550000001533
5.456559999999686,0.9592200000001547
5.458229999999686,0.9583850000001544
5.459899999999686,0.957550000000154
5.461569999999686,0.9567150000001536
5.4632399999996855,0.955880000000155
5.464909999999685,0.9550450000001547
5.466579999999685,0.9542100000001543
5.468249999999685,0.953375000000154
5.469919999999685,0.9525400000001554
5.471589999999685,0.951705000000155
5.4732599999996845,0.9508700000001546
5.474929999999684,0.9500350000001543
5.476599999999684,0.9492000000001557
5.478269999999684,0.9483650000001553
5.479939999999684,0.947530000000155
5.481609999999684,0.9466950000001546
5.4832799999996835,0.945860000000156
5.484949999999683,0.9450250000001557
5.486619999999683,0.9441900000001553
5.488289999999683,0.9433550000001549
5.489959999999683,0.9425200000001563
5.491629999999683,0.941685000000156
5.4932999999996825,0.9408500000001556
5.494969999999682,0.9400150000001553
5.496639999999682,0.9391800000001567
5.498309999999682,0.9383450000001563
5.499979999999682,0.9375100000001559
5.501649999999682,0.9366750000001556
5.503319999999682,0.935840000000157
5.504989999999681,0.9350050000001566
5.506659999999681,0.9341700000001563
5.508329999999681,0.9333350000001559
5.509999999999681,0.9325000000001573
5.511669999999681,0.931665000000157
5.513339999999681,0.9308300000001566
5.5150099999996804,0.9299950000001562
5.51667999999968,0.9291600000001576
5.51834999999968,0.9283250000001573
5.52001999999968,0.9274900000001569
5.52168999999968,0.9266550000001565
5.52335999999968,0.925820000000158
5.5250299999996795,0.9249850000001576
5.526699999999679,0.9241500000001572
5.528369999999679,0.9233150000001569
5.530039999999679,0.9224800000001583
5.531709999999679,0.9216450000001579
5.533379999999679,0.9208100000001576
5.5350499999996785,0.9199750000001572
5.536719999999678,0.9191400000001586
5.538389999999678,0.9183050000001582
5.540059999999678,0.9174700000001579
5.541729999999678,0.9166350000001575
5.543399999999678,0.9158000000001589
5.5450699999996775,0.9149650000001586
5.546739999999677,0.9141300000001582
5.548409999999677,0.9132950000001578
5.550079999999677,0.9124600000001593
5.551749999999677,0.9116250000001589
5.553419999999677,0.9107900000001585
5.555089999999677,0.9099550000001582
5.556759999999676,0.9091200000001596
5.558429999999676,0.9082850000001592
5.560099999999676,0.9074500000001589
5.561769999999676,0.9066150000001585
5.563439999999676,0.9057800000001599
5.565109999999676,0.9049450000001595
5.566779999999675,0.9041100000001592
5.568449999999675,0.9032750000001588
5.570119999999675,0.9024400000001602
5.571789999999675,0.9016050000001599
5.573459999999675,0.9007700000001577
5.575129999999675,0.8999350000001591
5.5767999999996745,0.8991000000001588
5.578469999999674,0.8982650000001602
5.580139999999674,0.8974300000001598
5.581809999999674,0.8965950000001595
5.583479999999674,0.8957600000001591
5.585149999999674,0.8949250000001605
5.5868199999996735,0.8940900000001601
5.588489999999673,0.8932550000001598
5.590159999999673,0.8924200000001594
5.591829999999673,0.8915850000001608
5.593499999999673,0.8907500000001605
5.595169999999673,0.8899150000001601
5.5968399999996725,0.8890800000001597
5.598509999999672,0.8882450000001612
5.600179999999672,0.8874100000001608
5.601849999999672,0.8865750000001604
5.603519999999672,0.8857400000001601
5.605189999999672,0.8849050000001615
5.6068599999996716,0.8840700000001611
5.608529999999671,0.8832350000001608
5.610199999999671,0.8824000000001604
5.611869999999671,0.8815650000001618
5.613539999999671,0.8807300000001614
5.615209999999671,0.8798950000001611
5.616879999999671,0.8790600000001607
5.61854999999967,0.8782250000001621
5.62021999999967,0.8773900000001618
5.62188999999967,0.8765550000001614
5.62355999999967,0.875720000000161
5.62522999999967,0.8748850000001607
5.62689999999967,0.8740500000001621
5.6285699999996694,0.87321500000016
5.630239999999669,0.8723800000001614
5.631909999999669,0.871545000000161
5.633579999999669,0.8707100000001624
5.635249999999669,0.8698750000001603
5.636919999999669,0.8690400000001617
5.6385899999996685,0.8682050000001613
5.640259999999668,0.8673700000001627
5.641929999999668,0.8665350000001624
5.643599999999668,0.865700000000162
5.645269999999668,0.8648650000001616
5.646939999999668,0.8640300000001631
5.6486099999996675,0.8631950000001627
5.650279999999667,0.8623600000001623
5.651949999999667,0.861525000000162
5.653619999999667,0.8606900000001634
5.655289999999667,0.859855000000163
5.656959999999667,0.8590200000001627
5.6586299999996665,0.8581850000001623
5.660299999999666,0.8573500000001637
5.661969999999666,0.8565150000001633
5.663639999999666,0.855680000000163
5.665309999999666,0.8548450000001626
5.666979999999666,0.854010000000164
5.668649999999666,0.8531750000001637
5.670319999999665,0.8523400000001633
5.671989999999665,0.8515050000001629
5.673659999999665,0.8506700000001644
5.675329999999665,0.849835000000164
5.676999999999665,0.8490000000001618
5.678669999999665,0.8481650000001633
5.680339999999664,0.8473300000001647
5.682009999999664,0.8464950000001643
5.683679999999664,0.8456600000001622
5.685349999999664,0.8448250000001636
5.687019999999664,0.843990000000165
5.688689999999664,0.8431550000001646
5.6903599999996635,0.8423200000001625
5.692029999999663,0.8414850000001639
5.693699999999663,0.8406500000001653
5.695369999999663,0.839815000000165
5.697039999999663,0.8389800000001628
5.698709999999663,0.8381450000001642
5.7003799999996625,0.8373100000001656
5.702049999999662,0.8364750000001653
5.703719999999662,0.8356400000001631
5.705389999999662,0.8348050000001646
5.707059999999662,0.833970000000166
5.708729999999662,0.8331350000001656
5.7103999999996615,0.8323000000001652
5.712069999999661,0.8314650000001649
5.713739999999661,0.8306300000001663
5.715409999999661,0.8297950000001659
5.717079999999661,0.8289600000001656
5.718749999999661,0.8281250000001652
5.7204199999996606,0.8272900000001666
5.72208999999966,0.8264550000001663
5.72375999999966,0.8256200000001659
5.72542999999966,0.8247850000001655
5.72709999999966,0.8239500000001669
5.72876999999966,0.8231150000001666
5.73043999999966,0.8222800000001662
5.732109999999659,0.8214450000001658
5.733779999999659,0.8206100000001673
5.735449999999659,0.8197750000001669
5.737119999999659,0.8189400000001665
5.738789999999659,0.8181050000001662
5.740459999999659,0.8172700000001676
5.7421299999996585,0.8164350000001672
5.743799999999658,0.8156000000001669
5.745469999999658,0.8147650000001665
5.747139999999658,0.8139300000001679
5.748809999999658,0.8130950000001675
5.750479999999658,0.8122600000001672
5.7521499999996575,0.8114250000001668
5.753819999999657,0.8105900000001682
5.755489999999657,0.8097550000001679
5.757159999999657,0.8089200000001675
5.758829999999657,0.8080850000001671
5.760499999999657,0.8072500000001686
5.7621699999996565,0.8064150000001682
5.763839999999656,0.8055800000001678
5.765509999999656,0.8047450000001675
5.767179999999656,0.8039100000001689
5.768849999999656,0.8030750000001685
5.770519999999656,0.8022400000001682
5.7721899999996555,0.8014050000001678
5.773859999999655,0.8005700000001692
5.775529999999655,0.7997350000001688
5.777199999999655,0.7989000000001685
5.778869999999655,0.7980650000001681
5.780539999999655,0.7972300000001695
5.782209999999655,0.7963950000001692
5.783879999999654,0.7955600000001688
5.785549999999654,0.7947250000001684
5.787219999999654,0.7938900000001698
5.788889999999654,0.7930550000001695
5.790559999999654,0.7922200000001691
5.792229999999654,0.7913850000001688
5.793899999999653,0.7905500000001702
5.795569999999653,0.7897150000001698
5.797239999999653,0.7888800000001694
5.798909999999653,0.7880450000001691
5.800579999999653,0.7872100000001705
5.802249999999653,0.7863750000001701
5.8039199999996525,0.7855400000001698
5.805589999999652,0.7847050000001694
5.807259999999652,0.7838700000001708
5.808929999999652,0.7830350000001705
5.810599999999652,0.7822000000001701
5.812269999999652,0.7813650000001697
5.8139399999996515,0.7805300000001711
5.815609999999651,0.7796950000001708
5.817279999999651,0.7788600000001704
5.818949999999651,0.77802500000017
5.820619999999651,0.7771900000001715
5.822289999999651,0.7763550000001711
5.8239599999996505,0.7755200000001707
5.82562999999965,0.7746850000001704
5.82729999999965,0.7738500000001718
5.82896999999965,0.7730150000001714
5.83063999999965,0.7721800000001711
5.83230999999965,0.7713450000001707
5.83397999999965,0.7705100000001721
5.835649999999649,0.7696750000001717
5.837319999999649,0.7688400000001714
5.838989999999649,0.768005000000171
5.840659999999649,0.7671700000001724
5.842329999999649,0.7663350000001721
5.843999999999649,0.7655000000001717
5.845669999999648,0.7646650000001713
5.847339999999648,0.7638300000001728
5.849009999999648,0.7629950000001724
5.850679999999648,0.762160000000172
5.852349999999648,0.7613250000001717
5.854019999999648,0.7604900000001731
5.8556899999996475,0.7596550000001727
5.857359999999647,0.7588200000001724
5.859029999999647,0.757985000000172
5.860699999999647,0.7571500000001734
5.862369999999647,0.756315000000173
5.864039999999647,0.7554800000001727
5.8657099999996465,0.7546450000001723
5.867379999999646,0.7538100000001737
5.869049999999646,0.7529750000001734
5.870719999999646,0.752140000000173
5.872389999999646,0.7513050000001726
5.874059999999646,0.750470000000174
5.8757299999996455,0.7496350000001737
5.877399999999645,0.7488000000001733
5.879069999999645,0.747965000000173
5.880739999999645,0.7471300000001744
5.882409999999645,0.746295000000174
5.884079999999645,0.7454600000001737
5.8857499999996445,0.7446250000001733
5.887419999999644,0.7437900000001747
5.889089999999644,0.7429550000001743
5.890759999999644,0.742120000000174
5.892429999999644,0.7412850000001736
5.894099999999644,0.740450000000175
5.895769999999644,0.7396150000001747
5.897439999999643,0.7387800000001743
5.899109999999643,0.7379450000001739
5.900779999999643,0.7371100000001753
5.902449999999643,0.736275000000175
5.904119999999643,0.7354400000001746
5.905789999999643,0.7346050000001743
5.907459999999642,0.7337700000001757
5.909129999999642,0.7329350000001753
5.910799999999642,0.7321000000001749
5.912469999999642,0.7312650000001746
5.914139999999642,0.730430000000176
5.915809999999642,0.7295950000001756
5.9174799999996415,0.7287600000001753
5.919149999999641,0.7279250000001749
5.920819999999641,0.7270900000001763
5.922489999999641,0.726255000000176
5.924159999999641,0.7254200000001756
5.925829999999641,0.7245850000001752
5.9274999999996405,0.7237500000001766
5.92916999999964,0.7229150000001763
5.93083999999964,0.7220800000001759
5.93250999999964,0.7212450000001756
5.93417999999964,0.720410000000177
5.93584999999964,0.7195750000001766
5.9375199999996395,0.7187400000001762
5.939189999999639,0.7179050000001759
5.940859999999639,0.7170700000001773
5.942529999999639,0.7162350000001769
5.944199999999639,0.7154000000001766
5.945869999999639,0.7145650000001762
5.947539999999639,0.7137300000001776
5.949209999999638,0.7128950000001772
5.950879999999638,0.7120600000001769
5.952549999999638,0.7112250000001765
5.954219999999638,0.7103900000001779
5.955889999999638,0.7095550000001776
5.957559999999638,0.7087200000001772
5.959229999999637,0.7078850000001768
5.960899999999637,0.7070500000001783
5.962569999999637,0.7062150000001779
5.964239999999637,0.7053800000001775
5.965909999999637,0.7045450000001772
5.967579999999637,0.7037100000001786
5.9692499999996365,0.7028750000001782
5.970919999999636,0.7020400000001779
5.972589999999636,0.7012050000001775
5.974259999999636,0.7003700000001789
5.975929999999636,0.6995350000001785
5.977599999999636,0.6987000000001764
5.9792699999996355,0.6978650000001778
5.980939999999635,0.6970300000001775
5.982609999999635,0.6961950000001789
5.984279999999635,0.6953600000001767
5.985949999999635,0.6945250000001781
5.987619999999635,0.6936900000001778
5.9892899999996345,0.6928550000001792
5.990959999999634,0.692020000000177
5.992629999999634,0.6911850000001785
5.994299999999634,0.6903500000001781
5.995969999999634,0.6895150000001795
5.997639999999634,0.6886800000001774
5.9993099999996335,0.6878450000001788
6.000979999999633,0.6870100000001784
6.002649999999633,0.6861750000001798
6.004319999999633,0.6853400000001777
6.005989999999633,0.6845050000001791
6.007659999999633,0.6836700000001787
6.009329999999633,0.6828350000001802
6.010999999999632,0.682000000000178
6.012669999999632,0.6811650000001794
6.014339999999632,0.6803300000001791
6.016009999999632,0.6794950000001805
6.017679999999632,0.6786600000001783
6.019349999999632,0.6778250000001798
6.0210199999996314,0.6769900000001794
6.022689999999631,0.6761550000001808
6.024359999999631,0.6753200000001787
6.026029999999631,0.6744850000001783
6.027699999999631,0.6736500000001797
6.029369999999631,0.6728150000001794
6.0310399999996305,0.671980000000179
6.03270999999963,0.6711450000001786
6.03437999999963,0.67031000000018
6.03604999999963,0.6694750000001797
6.03771999999963,0.6686400000001793
6.03938999999963,0.667805000000179
6.0410599999996295,0.6669700000001804
6.042729999999629,0.66613500000018
6.044399999999629,0.6653000000001796
6.046069999999629,0.6644650000001793
6.047739999999629,0.6636300000001807
6.049409999999629,0.6627950000001803
6.0510799999996285,0.66196000000018
6.052749999999628,0.6611250000001796
6.054419999999628,0.660290000000181
6.056089999999628,0.6594550000001806
6.057759999999628,0.6586200000001803
6.059429999999628,0.6577850000001799
6.061099999999628,0.6569500000001813
6.062769999999627,0.656115000000181
6.064439999999627,0.6552800000001806
6.066109999999627,0.6544450000001802
6.067779999999627,0.6536100000001817
6.069449999999627,0.6527750000001813
6.071119999999627,0.6519400000001809
6.072789999999626,0.6511050000001806
6.074459999999626,0.650270000000182
6.076129999999626,0.6494350000001816
6.077799999999626,0.6486000000001813
6.079469999999626,0.6477650000001809
6.081139999999626,0.6469300000001805
6.0828099999996255,0.6460950000001819
6.084479999999625,0.6452600000001816
6.086149999999625,0.6444250000001812
6.087819999999625,0.6435900000001809
6.089489999999625,0.6427550000001823
6.091159999999625,0.6419200000001819
6.0928299999996245,0.6410850000001815
6.094499999999624,0.6402500000001812
6.096169999999624,0.6394150000001826
6.097839999999624,0.6385800000001822
6.099509999999624,0.6377450000001819
6.101179999999624,0.6369100000001815
6.1028499999996235,0.6360750000001829
6.104519999999623,0.6352400000001825
6.106189999999623,0.6344050000001822
6.107859999999623,0.6335700000001818
6.109529999999623,0.6327350000001832
6.111199999999623,0.6319000000001829
6.1128699999996226,0.6310650000001825
6.114539999999622,0.6302300000001821
6.116209999999622,0.6293950000001836
6.117879999999622,0.6285600000001832
6.119549999999622,0.6277250000001828
6.121219999999622,0.6268900000001825
6.122889999999622,0.6260550000001839
6.124559999999621,0.6252200000001835
6.126229999999621,0.6243850000001832
6.127899999999621,0.6235500000001828
6.129569999999621,0.6227150000001842
6.131239999999621,0.6218800000001838
6.132909999999621,0.6210450000001835
6.1345799999996204,0.6202100000001831
6.13624999999962,0.6193750000001845
6.13791999999962,0.6185400000001842
6.13958999999962,0.6177050000001838
6.14125999999962,0.6168700000001834
6.14292999999962,0.6160350000001849
6.1445999999996195,0.6152000000001845
6.146269999999619,0.6143650000001841
6.147939999999619,0.6135300000001838
6.149609999999619,0.6126950000001852
6.151279999999619,0.6118600000001848
6.152949999999619,0.6110250000001844
6.1546199999996185,0.6101900000001841
6.156289999999618,0.6093550000001855
6.157959999999618,0.6085200000001851
6.159629999999618,0.6076850000001848
6.161299999999618,0.6068500000001844
6.162969999999618,0.6060150000001858
6.1646399999996175,0.6051800000001855
6.166309999999617,0.6043450000001851
6.167979999999617,0.6035100000001847
6.169649999999617,0.6026750000001861
6.171319999999617,0.6018400000001858
6.172989999999617,0.6010050000001854
6.174659999999617,0.600170000000185
6.176329999999616,0.5993350000001847
6.177999999999616,0.5985000000001861
6.179669999999616,0.5976650000001857
6.181339999999616,0.5968300000001854
6.183009999999616,0.595995000000185
6.184679999999616,0.5951600000001864
6.186349999999615,0.5943250000001861
6.188019999999615,0.5934900000001857
6.189689999999615,0.5926550000001853
6.191359999999615,0.5918200000001868
6.193029999999615,0.5909850000001864
6.194699999999615,0.590150000000186
6.1963699999996145,0.5893150000001857
6.198039999999614,0.5884800000001871
6.199709999999614,0.5876450000001867
6.201379999999614,0.5868100000001863
6.203049999999614,0.585975000000186
6.204719999999614,0.5851400000001874
6.2063899999996135,0.584305000000187
6.208059999999613,0.5834700000001867
6.209729999999613,0.5826350000001863
6.211399999999613,0.5818000000001877
6.213069999999613,0.5809650000001874
6.214739999999613,0.580130000000187
6.2164099999996125,0.5792950000001866
6.218079999999612,0.578460000000188
6.219749999999612,0.5776250000001877
6.221419999999612,0.5767900000001873
6.223089999999612,0.575955000000187
6.224759999999612,0.5751200000001884
6.2264299999996116,0.574285000000188
6.228099999999611,0.5734500000001876
6.229769999999611,0.5726150000001873
6.231439999999611,0.5717800000001887
6.233109999999611,0.5709450000001883
6.234779999999611,0.570110000000188
6.236449999999611,0.5692750000001876
6.23811999999961,0.568440000000189
6.23978999999961,0.5676050000001887
6.24145999999961,0.5667700000001883
6.24312999999961,0.5659350000001879
6.24479999999961,0.5651000000001893
6.24646999999961,0.564265000000189
6.2481399999996095,0.5634300000001886
6.249809999999609,0.5625950000001883
6.251479999999609,0.5617600000001897
6.253149999999609,0.5609250000001893
6.254819999999609,0.5600900000001889
6.256489999999609,0.5592550000001886
6.2581599999996085,0.55842000000019
6.259829999999608,0.5575850000001896
6.261499999999608,0.5567500000001893
6.263169999999608,0.5559150000001889
6.264839999999608,0.5550800000001903
6.266509999999608,0.55424500000019
6.2681799999996075,0.5534100000001896
6.269849999999607,0.5525750000001892
6.271519999999607,0.5517400000001906
6.273189999999607,0.5509050000001903
6.274859999999607,0.5500700000001899
6.276529999999607,0.5492350000001895
6.2781999999996065,0.548400000000191
6.279869999999606,0.5475650000001906
6.281539999999606,0.5467300000001902
6.283209999999606,0.5458950000001899
6.284879999999606,0.5450600000001913
6.286549999999606,0.5442250000001909
6.288219999999606,0.5433900000001906
6.289889999999605,0.5425550000001902
6.291559999999605,0.5417200000001916
6.293229999999605,0.5408850000001912
6.294899999999605,0.5400500000001909
6.296569999999605,0.5392150000001905
6.298239999999605,0.5383800000001919
6.299909999999604,0.5375450000001916
6.301579999999604,0.5367100000001912
6.303249999999604,0.5358750000001908
6.304919999999604,0.5350400000001923
6.306589999999604,0.5342050000001919
6.308259999999604,0.5333700000001915
6.3099299999996035,0.5325350000001912
6.311599999999603,0.5317000000001926
6.313269999999603,0.5308650000001922
6.314939999999603,0.5300300000001918
6.316609999999603,0.5291950000001915
6.318279999999603,0.5283600000001929
6.3199499999996025,0.5275250000001925
6.321619999999602,0.5266900000001922
6.323289999999602,0.5258550000001918
6.324959999999602,0.5250200000001932
6.326629999999602,0.5241850000001929
6.328299999999602,0.5233500000001925
6.3299699999996015,0.5225150000001921
6.331639999999601,0.5216800000001935
6.333309999999601,0.5208450000001932
6.334979999999601,0.5200100000001928
6.336649999999601,0.5191750000001925
6.338319999999601,0.5183400000001939
6.339989999999601,0.5175050000001935
6.3416599999996,0.5166700000001931
6.3433299999996,0.5158350000001928
6.3449999999996,0.5150000000001942
6.3466699999996,0.5141650000001938
6.3483399999996,0.5133300000001935
6.3500099999996,0.5124950000001931
6.351679999999599,0.5116600000001945
6.353349999999599,0.5108250000001942
6.355019999999599,0.5099900000001938
6.356689999999599,0.5091550000001934
6.358359999999599,0.5083200000001948
6.360029999999599,0.5074850000001945
6.3616999999995985,0.5066500000001941
6.363369999999598,0.5058150000001937
6.365039999999598,0.5049800000001952
6.366709999999598,0.5041450000001948
6.368379999999598,0.5033100000001944
6.370049999999598,0.5024750000001941
6.3717199999995975,0.5016400000001955
6.373389999999597,0.5008050000001951
6.375059999999597,0.49997600000015474
6.376729999999597,0.4993080000001573
6.378399999999597,0.4986400000001563
6.380069999999597,0.49797200000015707
6.3817399999995965,0.49730400000015607
6.383409999999596,0.49663600000015684
6.385079999999596,0.4959680000001576
6.386749999999596,0.4953000000001566
6.388419999999596,0.4946320000001556
6.390089999999596,0.49396400000015817
6.3917599999995955,0.49329600000015716
6.393429999999595,0.49262800000015616
6.395099999999595,0.49196000000015694
6.396769999999595,0.4912920000001577
6.398439999999595,0.4906240000001567
6.400109999999595,0.4899560000001575
6.401779999999595,0.4892880000001565
6.403449999999594,0.48862000000015726
6.405119999999594,0.48795200000015804
6.406789999999594,0.48728400000015704
6.408459999999594,0.48661600000015603
6.410129999999594,0.4859480000001586
6.411799999999594,0.4852800000001576
6.413469999999593,0.48461200000015836
6.415139999999593,0.48394400000015736
6.416809999999593,0.48327600000015813
6.418479999999593,0.4826080000001589
6.420149999999593,0.4819400000001579
6.421819999999593,0.4812720000001569
6.4234899999995925,0.48060400000015946
6.425159999999592,0.47993600000015846
6.426829999999592,0.47926800000015746
6.428499999999592,0.47860000000015823
6.430169999999592,0.477932000000159
6.431839999999592,0.477264000000158
6.4335099999995915,0.4765960000001588
6.435179999999591,0.4759280000001578
6.436849999999591,0.47526000000015856
6.438519999999591,0.47459200000015933
6.440189999999591,0.47392400000015833
6.441859999999591,0.47325600000015733
6.4435299999995905,0.4725880000001599
6.44519999999959,0.4719200000001589
6.44686999999959,0.47125200000015965
6.44853999999959,0.47058400000015865
6.45020999999959,0.46991600000015943
6.45187999999959,0.4692480000001602
6.45354999999959,0.4685800000001592
6.455219999999589,0.4679120000001582
6.456889999999589,0.46724400000016075
6.458559999999589,0.46657600000015975
6.460229999999589,0.46590800000015875
6.461899999999589,0.4652400000001595
6.463569999999589,0.4645720000001603
6.465239999999588,0.4639040000001593
6.466909999999588,0.4632360000001601
6.468579999999588,0.4625680000001591
6.470249999999588,0.46190000000015985
6.471919999999588,0.4612320000001606
6.473589999999588,0.4605640000001596
6.4752599999995875,0.4598960000001586
6.476929999999587,0.4592280000001612
6.478599999999587,0.4585600000001602
6.480269999999587,0.45789200000016095
6.481939999999587,0.45722400000015995
6.483609999999587,0.4565560000001607
6.4852799999995865,0.4558880000001615
6.486949999999586,0.4552200000001605
6.488619999999586,0.4545520000001595
6.490289999999586,0.45388400000016205
6.491959999999586,0.45321600000016105
6.493629999999586,0.45254800000016004
6.4952999999995855,0.4518800000001608
6.496969999999585,0.4512120000001616
6.498639999999585,0.4505440000001606
6.500309999999585,0.44987600000016137
6.501979999999585,0.44920800000016037
6.503649999999585,0.44854000000016114
6.5053199999995845,0.4478720000001619
6.506989999999584,0.4472040000001609
6.508659999999584,0.4465360000001599
6.510329999999584,0.44586800000016247
6.511999999999584,0.44520000000016147
6.513669999999584,0.44453200000016224
6.515339999999584,0.44386400000016124
6.517009999999583,0.443196000000162
6.518679999999583,0.4425280000001628
6.520349999999583,0.4418600000001618
6.522019999999583,0.4411920000001608
6.523689999999583,0.44052400000016334
6.525359999999583,0.43985600000016234
6.527029999999582,0.43918800000016134
6.528699999999582,0.4385200000001621
6.530369999999582,0.4378520000001629
6.532039999999582,0.4371840000001619
6.533709999999582,0.43651600000016266
6.535379999999582,0.43584800000016166
6.5370499999995815,0.43518000000016244
6.538719999999581,0.4345120000001632
6.540389999999581,0.4338440000001622
6.542059999999581,0.4331760000001612
6.543729999999581,0.43250800000016376
6.545399999999581,0.43184000000016276
6.5470699999995805,0.43117200000016354
6.54873999999958,0.43050400000016253
6.55040999999958,0.4298360000001633
6.55207999999958,0.4291680000001641
6.55374999999958,0.4285000000001631
6.55541999999958,0.4278320000001621
6.5570899999995795,0.42716400000016463
6.558759999999579,0.42649600000016363
6.560429999999579,0.42582800000016263
6.562099999999579,0.4251600000001634
6.563769999999579,0.4244920000001642
6.565439999999579,0.4238240000001632
6.567109999999579,0.42315600000016396
6.568779999999578,0.42248800000016296
6.570449999999578,0.42182000000016373
6.572119999999578,0.4211520000001645
6.573789999999578,0.4204840000001635
6.575459999999578,0.4198160000001625
6.577129999999578,0.41914800000016506
6.578799999999577,0.41848000000016405
6.580469999999577,0.41781200000016483
6.582139999999577,0.41714400000016383
6.583809999999577,0.4164760000001646
6.585479999999577,0.4158080000001654
6.587149999999577,0.4151400000001644
6.5888199999995765,0.4144720000001634
6.590489999999576,0.41380400000016593
6.592159999999576,0.4131360000001649
6.593829999999576,0.4124680000001639
6.595499999999576,0.4118000000001647
6.597169999999576,0.4111320000001655
6.5988399999995755,0.4104640000001645
6.600509999999575,0.40979600000016525
6.602179999999575,0.40912800000016425
6.603849999999575,0.408460000000165
6.605519999999575,0.4077920000001658
6.607189999999575,0.4071240000001648
6.6088599999995745,0.4064560000001638
6.610529999999574,0.40578800000016635
6.612199999999574,0.40512000000016535
6.613869999999574,0.4044520000001661
6.615539999999574,0.4037840000001651
6.617209999999574,0.4031160000001659
6.6188799999995735,0.4024480000001667
6.620549999999573,0.40178000000016567
6.622219999999573,0.40111200000016467
6.623889999999573,0.4004440000001672
6.625559999999573,0.3997760000001662
6.627229999999573,0.3991080000001652
6.628899999999573,0.398440000000166
6.630569999999572,0.39777200000016677
6.632239999999572,0.39710400000016577
6.633909999999572,0.39643600000016654
6.635579999999572,0.39576800000016554
6.637249999999572,0.3951000000001663
6.638919999999572,0.3944320000001671
6.6405899999995714,0.3937640000001661
6.642259999999571,0.3930960000001651
6.643929999999571,0.39242800000016587
6.645599999999571,0.39176000000016664
6.647269999999571,0.39109200000016564
6.648939999999571,0.3904240000001664
6.6506099999995705,0.3897560000001654
6.65227999999957,0.38908800000016797
6.65394999999957,0.38842000000016697
6.65561999999957,0.38775200000016596
6.65728999999957,0.38708400000016674
6.65895999999957,0.3864160000001675
6.6606299999995695,0.3857480000001665
6.662299999999569,0.3850800000001673
6.663969999999569,0.3844120000001663
6.665639999999569,0.38374400000016706
6.667309999999569,0.38307600000016784
6.668979999999569,0.38240800000016684
6.6706499999995685,0.38174000000016584
6.672319999999568,0.3810720000001684
6.673989999999568,0.3804040000001674
6.675659999999568,0.3797360000001664
6.677329999999568,0.37906800000016716
6.678999999999568,0.37840000000016794
6.680669999999568,0.37773200000016693
6.682339999999567,0.3770640000001677
6.684009999999567,0.3763960000001667
6.685679999999567,0.37572800000016926
6.687349999999567,0.37506000000016826
6.689019999999567,0.37439200000016726
6.690689999999567,0.37372400000016803
6.692359999999566,0.3730560000001688
6.694029999999566,0.3723880000001678
6.695699999999566,0.3717200000001686
6.697369999999566,0.3710520000001676
6.699039999999566,0.37038400000016836
6.700709999999566,0.36971600000016913
6.7023799999995655,0.36904800000016813
6.704049999999565,0.36838000000016713
6.705719999999565,0.3677120000001697
6.707389999999565,0.3670440000001687
6.709059999999565,0.3663760000001677
6.710729999999565,0.36570800000016845
6.7123999999995645,0.36504000000016745
6.714069999999564,0.36437200000016823
6.715739999999564,0.363704000000169
6.717409999999564,0.363036000000168
6.719079999999564,0.3623680000001688
6.720749999999564,0.36170000000016955
6.7224199999995635,0.36103200000016855
6.724089999999563,0.3603640000001693
6.725759999999563,0.3596960000001683
6.727429999999563,0.3590280000001691
6.729099999999563,0.3583600000001699
6.730769999999563,0.3576920000001689
6.7324399999995626,0.3570240000001679
6.734109999999562,0.3563560000001704
6.735779999999562,0.3556880000001694
6.737449999999562,0.3550200000001684
6.739119999999562,0.3543520000001692
6.740789999999562,0.35368400000017
6.742459999999562,0.353016000000169
6.744129999999561,0.35234800000016975
6.745799999999561,0.35168000000016875
6.747469999999561,0.3510120000001695
6.749139999999561,0.3503440000001703
6.750809999999561,0.3496760000001693
6.752479999999561,0.34900800000017007
6.7541499999995604,0.34834000000017085
6.75581999999956,0.34767200000016985
6.75748999999956,0.3470040000001706
6.75915999999956,0.3463360000001696
6.76082999999956,0.3456680000001704
6.76249999999956,0.34500000000017117
6.7641699999995595,0.34433200000017017
6.765839999999559,0.34366400000016917
6.767509999999559,0.3429960000001717
6.769179999999559,0.3423280000001707
6.770849999999559,0.3416600000001697
6.772519999999559,0.3409920000001705
6.7741899999995585,0.34032400000017127
6.775859999999558,0.33965600000017027
6.777529999999558,0.33898800000017104
6.779199999999558,0.33832000000017004
6.780869999999558,0.3376520000001708
6.782539999999558,0.3369840000001716
6.7842099999995575,0.3363160000001706
6.785879999999557,0.33564800000017136
6.787549999999557,0.33498000000017214
6.789219999999557,0.33431200000017114
6.790889999999557,0.3336440000001719
6.792559999999557,0.3329760000001709
6.794229999999557,0.3323080000001717
6.795899999999556,0.33164000000017246
6.797569999999556,0.33097200000017146
6.799239999999556,0.33030400000017046
6.800909999999556,0.329636000000173
6.802579999999556,0.328968000000172
6.804249999999556,0.328300000000171
6.805919999999555,0.3276320000001718
6.807589999999555,0.32696400000017256
6.809259999999555,0.32629600000017156
6.810929999999555,0.32562800000017234
6.812599999999555,0.32496000000017133
6.814269999999555,0.3242920000001721
6.8159399999995545,0.3236240000001729
6.817609999999554,0.3229560000001719
6.819279999999554,0.32228800000017266
6.820949999999554,0.32162000000017343
6.822619999999554,0.32095200000017243
6.824289999999554,0.3202840000001732
6.8259599999995535,0.3196160000001722
6.827629999999553,0.318948000000173
6.829299999999553,0.31828000000017376
6.830969999999553,0.31761200000017276
6.832639999999553,0.31694400000017176
6.834309999999553,0.3162760000001743
6.8359799999995525,0.3156080000001733
6.837649999999552,0.3149400000001723
6.839319999999552,0.3142720000001731
6.840989999999552,0.31360400000017385
6.842659999999552,0.31293600000017285
6.844329999999552,0.31226800000017363
6.8459999999995516,0.31160000000017263
6.847669999999551,0.3109320000001734
6.849339999999551,0.3102640000001742
6.851009999999551,0.3095960000001732
6.852679999999551,0.30892800000017395
6.854349999999551,0.3082600000001747
6.856019999999551,0.3075920000001737
6.85768999999955,0.3069240000001745
6.85935999999955,0.3062560000001735
6.86102999999955,0.3055880000001743
6.86269999999955,0.30492000000017505
6.86436999999955,0.30425200000017405
6.86603999999955,0.30358400000017305
6.8677099999995495,0.3029160000001756
6.869379999999549,0.3022480000001746
6.871049999999549,0.3015800000001736
6.872719999999549,0.3009120000001744
6.874389999999549,0.30024400000017515
6.876059999999549,0.29957600000017415
6.8777299999995485,0.2989080000001749
6.879399999999548,0.2982400000001739
6.881069999999548,0.2975720000001747
6.882739999999548,0.29690400000017547
6.884409999999548,0.29623600000017447
6.886079999999548,0.29556800000017347
6.8877499999995475,0.294900000000176
6.889419999999547,0.294232000000175
6.891089999999547,0.2935640000001758
6.892759999999547,0.2928960000001748
6.894429999999547,0.29222800000017557
6.896099999999547,0.29156000000017634
6.8977699999995465,0.29089200000017534
6.899439999999546,0.29022400000017434
6.901109999999546,0.2895560000001769
6.902779999999546,0.2888880000001759
6.904449999999546,0.2882200000001749
6.906119999999546,0.28755200000017567
6.907789999999546,0.28688400000017644
6.909459999999545,0.28621600000017544
6.911129999999545,0.2855480000001762
6.912799999999545,0.2848800000001752
6.914469999999545,0.284212000000176
6.916139999999545,0.28354400000017677
6.917809999999545,0.28287600000017576
6.919479999999544,0.28220800000017476
6.921149999999544,0.2815400000001773
6.922819999999544,0.2808720000001763
6.924489999999544,0.2802040000001771
6.926159999999544,0.2795360000001761
6.927829999999544,0.27886800000017686
6.9294999999995435,0.27820000000017764
6.931169999999543,0.27753200000017664
6.932839999999543,0.27686400000017564
6.934509999999543,0.2761960000001782
6.936179999999543,0.2755280000001772
6.937849999999543,0.2748600000001762
6.9395199999995425,0.27419200000017696
6.941189999999542,0.27352400000017774
6.942859999999542,0.27285600000017673
6.944529999999542,0.2721880000001775
6.946199999999542,0.2715200000001765
6.947869999999542,0.2708520000001773
6.9495399999995415,0.27018400000017806
6.951209999999541,0.26951600000017706
6.952879999999541,0.26884800000017606
6.954549999999541,0.2681800000001786
6.956219999999541,0.2675120000001776
6.957889999999541,0.2668440000001784
6.959559999999541,0.2661760000001774
6.96122999999954,0.26550800000017816
6.96289999999954,0.26484000000017893
6.96456999999954,0.26417200000017793
6.96623999999954,0.26350400000017693
6.96790999999954,0.2628360000001795
6.96957999999954,0.2621680000001785
6.971249999999539,0.2615000000001775
6.972919999999539,0.26083200000017825
6.974589999999539,0.26016400000017903
6.976259999999539,0.25949600000017803
6.977929999999539,0.2588280000001788
6.979599999999539,0.2581600000001796
6.9812699999995385,0.2574920000001786
6.982939999999538,0.25682400000017935
6.984609999999538,0.25615600000017835
6.986279999999538,0.2554880000001791
6.987949999999538,0.2548200000001799
6.989619999999538,0.2541520000001789
6.9912899999995375,0.2534840000001797
6.992959999999537,0.25281600000018045
6.994629999999537,0.25214800000017945
6.996299999999537,0.2514800000001802
6.997969999999537,0.2508120000001792
6.999639999999537,0.25014400000018
7.0013099999995365,0.24947600000018078
7.002979999999536,0.24880800000017977
7.004649999999536,0.24814000000017877
7.006319999999536,0.24747200000018132
7.007989999999536,0.24680400000018032
7.009659999999536,0.24613600000017932
7.0113299999995355,0.2454680000001801
7.012999999999535,0.24480000000018087
7.014669999999535,0.24413200000017987
7.016339999999535,0.24346400000018065
7.018009999999535,0.24279600000017965
7.019679999999535,0.24212800000018042
7.021349999999535,0.2414600000001812
7.023019999999534,0.2407920000001802
7.024689999999534,0.24012400000018097
7.026359999999534,0.23945600000018175
7.028029999999534,0.23878800000018074
7.029699999999534,0.23812000000018152
7.031369999999534,0.23745200000018052
7.033039999999533,0.2367840000001813
7.034709999999533,0.23611600000018207
7.036379999999533,0.23544800000018107
7.038049999999533,0.23478000000018007
7.039719999999533,0.23411200000018262
7.041389999999533,0.23344400000018162
7.0430599999995325,0.23277600000018062
7.044729999999532,0.2321080000001814
7.046399999999532,0.23144000000018217
7.048069999999532,0.23077200000018117
7.049739999999532,0.23010400000018194
7.051409999999532,0.22943600000018094
7.0530799999995315,0.22876800000018171
7.054749999999531,0.2281000000001825
7.056419999999531,0.2274320000001815
7.058089999999531,0.22676400000018226
7.059759999999531,0.22609600000018304
7.061429999999531,0.22542800000018204
7.0630999999995305,0.2247600000001828
7.06476999999953,0.2240920000001818
7.06643999999953,0.2234240000001826
7.06810999999953,0.22275600000018336
7.06977999999953,0.22208800000018236
7.07144999999953,0.22142000000018136
7.07311999999953,0.2207520000001839
7.074789999999529,0.2200840000001829
7.076459999999529,0.2194160000001819
7.078129999999529,0.21874800000018269
7.079799999999529,0.21808000000018346
7.081469999999529,0.21741200000018246
7.083139999999529,0.21674400000018323
7.084809999999528,0.21607600000018223
7.086479999999528,0.215408000000183
7.088149999999528,0.21474000000018378
7.089819999999528,0.21407200000018278
7.091489999999528,0.21340400000018356
7.093159999999528,0.21273600000018433
7.0948299999995275,0.21206800000018333
7.096499999999527,0.2114000000001841
7.098169999999527,0.2107320000001831
7.099839999999527,0.21006400000018388
7.101509999999527,0.20939600000018466
7.103179999999527,0.20872800000018366
7.1048499999995265,0.20806000000018265
7.106519999999526,0.2073920000001852
7.108189999999526,0.2067240000001842
7.109859999999526,0.2060560000001832
7.111529999999526,0.20538800000018398
7.113199999999526,0.20472000000018475
7.1148699999995255,0.20405200000018375
7.116539999999525,0.20338400000018453
7.118209999999525,0.20271600000018353
7.119879999999525,0.2020480000001843
7.121549999999525,0.20138000000018508
7.123219999999525,0.20071200000018408
7.1248899999995245,0.20004400000018308
7.126559999999524,0.19937600000018563
7.128229999999524,0.19870800000018463
7.129899999999524,0.1980400000001854
7.131569999999524,0.1973720000001844
7.133239999999524,0.19670400000018518
7.134909999999524,0.19603600000018595
7.136579999999523,0.19536800000018495
7.138249999999523,0.19470000000018395
7.139919999999523,0.1940320000001865
7.141589999999523,0.1933640000001855
7.143259999999523,0.1926960000001845
7.144929999999523,0.19202800000018527
7.1465999999995224,0.19136000000018605
7.148269999999522,0.19069200000018505
7.149939999999522,0.19002400000018582
7.151609999999522,0.18935600000018482
7.153279999999522,0.1886880000001856
7.154949999999522,0.18802000000018637
7.1566199999995215,0.18735200000018537
7.158289999999521,0.18668400000018437
7.159959999999521,0.18601600000018692
7.161629999999521,0.18534800000018592
7.163299999999521,0.1846800000001867
7.164969999999521,0.1840120000001857
7.1666399999995205,0.18334400000018647
7.16830999999952,0.18267600000018724
7.16997999999952,0.18200800000018624
7.17164999999952,0.18134000000018524
7.17331999999952,0.1806720000001878
7.17498999999952,0.1800040000001868
7.1766599999995195,0.1793360000001858
7.178329999999519,0.17866800000018834
7.179999999999519,0.17800000000018734
7.181669999999519,0.17733200000018634
7.183339999999519,0.17666400000018712
7.185009999999519,0.1759960000001879
7.186679999999519,0.1753280000001869
7.188349999999518,0.17466000000018767
7.190019999999518,0.17399200000018666
7.191689999999518,0.17332400000018744
7.193359999999518,0.17265600000018821
7.195029999999518,0.1719880000001872
7.196699999999518,0.171320000000188
7.198369999999517,0.17065200000018876
7.200039999999517,0.16998400000018776
7.201709999999517,0.16931600000018854
7.203379999999517,0.16864800000018754
7.205049999999517,0.1679800000001883
7.206719999999517,0.1673120000001891
7.2083899999995165,0.16664400000018809
7.210059999999516,0.16597600000018708
7.211729999999516,0.16530800000018964
7.213399999999516,0.16464000000018864
7.215069999999516,0.16397200000018763
7.216739999999516,0.1633040000001884
7.2184099999995155,0.16263600000018918
7.220079999999515,0.16196800000018818
7.221749999999515,0.16130000000018896
7.223419999999515,0.16063200000018796
7.225089999999515,0.15996400000018873
7.226759999999515,0.1592960000001895
7.2284299999995145,0.1586280000001885
7.230099999999514,0.15796000000018928
7.231769999999514,0.15729200000019006
7.233439999999514,0.15662400000018906
7.235109999999514,0.15595600000018983
7.236779999999514,0.15528800000018883
7.2384499999995136,0.1546200000001896
7.240119999999513,0.15395200000019038
7.241789999999513,0.15328400000018938
7.243459999999513,0.15261600000018838
7.245129999999513,0.15194800000019093
7.246799999999513,0.15128000000018993
7.248469999999513,0.15061200000018893
7.250139999999512,0.1499440000001897
7.251809999999512,0.14927600000019048
7.253479999999512,0.14860800000018948
7.255149999999512,0.14794000000019025
7.256819999999512,0.14727200000018925
7.258489999999512,0.14660400000019003
7.2601599999995114,0.1459360000001908
7.261829999999511,0.1452680000001898
7.263499999999511,0.14460000000019058
7.265169999999511,0.14393200000019135
7.266839999999511,0.14326400000019035
7.268509999999511,0.14259600000019113
7.2701799999995105,0.14192800000019012
7.27184999999951,0.1412600000001909
7.27351999999951,0.14059200000019167
7.27518999999951,0.13992400000019067
7.27685999999951,0.13925600000018967
7.27852999999951,0.13858800000019222
7.2801999999995095,0.13792000000019122
7.281869999999509,0.13725200000019022
7.283539999999509,0.136584000000191
7.285209999999509,0.13591600000019177
7.286879999999509,0.13524800000019077
7.288549999999509,0.13458000000019155
7.2902199999995085,0.13391200000019055
7.291889999999508,0.13324400000019132
7.293559999999508,0.1325760000001921
7.295229999999508,0.1319080000001911
7.296899999999508,0.13124000000019187
7.298569999999508,0.13057200000019265
7.300239999999508,0.12990400000019164
7.301909999999507,0.12923600000019242
7.303579999999507,0.12856800000019142
7.305249999999507,0.1279000000001922
7.306919999999507,0.12723200000019297
7.308589999999507,0.12656400000019197
7.310259999999507,0.12589600000019097
7.311929999999506,0.12522800000019352
7.313599999999506,0.12456000000019252
7.315269999999506,0.12389200000019152
7.316939999999506,0.12322400000019229
7.318609999999506,0.12255600000019307
7.320279999999506,0.12188800000019206
7.3219499999995055,0.12122000000019284
7.323619999999505,0.12055200000019184
7.325289999999505,0.11988400000019261
7.326959999999505,0.11921600000019339
7.328629999999505,0.11854800000019239
7.330299999999505,0.11788000000019316
7.3319699999995045,0.11721200000019394
7.333639999999504,0.11654400000019294
7.335309999999504,0.11587600000019371
7.336979999999504,0.11520800000019271
7.338649999999504,0.11454000000019349
7.340319999999504,0.11387200000019426
7.3419899999995035,0.11320400000019326
7.343659999999503,0.11253600000019226
7.345329999999503,0.11186800000019481
7.346999999999503,0.11120000000019381
7.348669999999503,0.11053200000019281
7.350339999999503,0.10986400000019358
7.3520099999995026,0.10919600000019436
7.353679999999502,0.10852800000019336
7.355349999999502,0.10786000000019413
7.357019999999502,0.10719200000019313
7.358689999999502,0.10652400000019391
7.360359999999502,0.10585600000019468
7.362029999999502,0.10518800000019368
7.363699999999501,0.10452000000019446
7.365369999999501,0.10385200000019523
7.367039999999501,0.10318400000019423
7.368709999999501,0.102516000000195
7.370379999999501,0.101848000000194
7.372049999999501,0.10118000000019478
7.3737199999995005,0.10051200000019556
