TimeInc,Intensity
0.5,0.3500000000000001
0.50167,0.350501
0.5033399999999999,0.35100200000000004
0.5050099999999998,0.35150300000000007
0.5066799999999998,0.352004
0.5083499999999997,0.35250499999999996
0.5100199999999997,0.353006
0.5116899999999996,0.353507
0.5133599999999996,0.35400799999999993
0.5150299999999995,0.35450899999999985
0.5166999999999995,0.35500999999999994
0.5183699999999994,0.35551099999999997
0.5200399999999994,0.3560119999999999
0.5217099999999993,0.3565129999999998
0.5233799999999993,0.35701399999999983
0.5250499999999992,0.3575149999999999
0.5267199999999992,0.35801599999999983
0.5283899999999991,0.35851699999999975
0.5300599999999991,0.3590179999999998
0.531729999999999,0.3595189999999998
0.533399999999999,0.3600199999999998
0.5350699999999989,0.3605209999999997
0.5367399999999989,0.36102199999999973
0.5384099999999988,0.36152299999999976
0.5400799999999988,0.3620239999999997
0.5417499999999987,0.36252499999999965
0.5434199999999987,0.3630259999999997
0.5450899999999986,0.3635269999999997
0.5467599999999986,0.36402799999999963
0.5484299999999985,0.36452899999999955
0.5500999999999985,0.36502999999999963
0.5517699999999984,0.36553099999999966
0.5534399999999984,0.3660319999999996
0.5551099999999983,0.3665329999999995
0.5567799999999983,0.3670339999999995
0.5584499999999982,0.3675349999999996
0.5601199999999982,0.36803599999999953
0.5617899999999981,0.36853699999999945
0.5634599999999981,0.3690379999999995
0.565129999999998,0.3695389999999995
0.566799999999998,0.3700399999999995
0.5684699999999979,0.3705409999999994
0.5701399999999979,0.37104199999999943
0.5718099999999978,0.37154299999999946
0.5734799999999978,0.3720439999999994
0.5751499999999977,0.37254499999999935
0.5768199999999977,0.3730459999999994
0.5784899999999976,0.3735469999999994
0.5801599999999976,0.3740479999999993
0.5818299999999975,0.37454899999999924
0.5834999999999975,0.37504999999999933
0.5851699999999974,0.37555099999999936
0.5868399999999974,0.3760519999999993
0.5885099999999973,0.3765529999999992
0.5901799999999973,0.3770539999999992
0.5918499999999972,0.3775549999999993
0.5935199999999972,0.3780559999999992
0.5951899999999971,0.37855699999999914
0.5968599999999971,0.3790579999999992
0.598529999999997,0.3795589999999992
0.600199999999997,0.3800599999999992
0.6018699999999969,0.3805609999999991
0.6035399999999969,0.3810619999999991
0.6052099999999968,0.38156299999999915
0.6068799999999968,0.38206399999999907
0.6085499999999967,0.38256499999999904
0.6102199999999967,0.3830659999999991
0.6118899999999966,0.3835669999999991
0.6135599999999966,0.384067999999999
0.6152299999999965,0.38456899999999894
0.6168999999999965,0.385069999999999
0.6185699999999964,0.38557099999999905
0.6202399999999963,0.38607199999999897
0.6219099999999963,0.3865729999999989
0.6235799999999962,0.3870739999999989
0.6252499999999962,0.387574999999999
0.6269199999999961,0.38807599999999887
0.6285899999999961,0.38857699999999884
0.630259999999996,0.38907799999999887
0.631929999999996,0.3895789999999989
0.6335999999999959,0.39007999999999887
0.6352699999999959,0.39058099999999873
0.6369399999999958,0.3910819999999988
0.6386099999999958,0.39158299999999885
0.6402799999999957,0.39208399999999877
0.6419499999999957,0.39258499999999874
0.6436199999999956,0.3930859999999987
0.6452899999999956,0.3935869999999988
0.6469599999999955,0.3940879999999987
0.6486299999999955,0.39458899999999864
0.6502999999999954,0.3950899999999987
0.6519699999999954,0.3955909999999987
0.6536399999999953,0.39609199999999867
0.6553099999999953,0.3965929999999986
0.6569799999999952,0.3970939999999986
0.6586499999999952,0.3975949999999987
0.6603199999999951,0.39809599999999856
0.6619899999999951,0.39859699999999854
0.663659999999995,0.39909799999999857
0.665329999999995,0.3995989999999986
0.6669999999999949,0.40009999999999857
0.6686699999999949,0.40060099999999843
0.6703399999999948,0.4011019999999985
0.6720099999999948,0.40160299999999854
0.6736799999999947,0.40210399999999846
0.6753499999999947,0.40260499999999844
0.6770199999999946,0.4031059999999984
0.6786899999999946,0.4036069999999985
0.6803599999999945,0.4041079999999984
0.6820299999999945,0.40460899999999833
0.6836999999999944,0.4051099999999984
0.6853699999999944,0.4056109999999984
0.6870399999999943,0.40611199999999836
0.6887099999999943,0.4066129999999983
0.6903799999999942,0.4071139999999983
0.6920499999999942,0.4076149999999984
0.6937199999999941,0.40811599999999826
0.6953899999999941,0.40861699999999823
0.697059999999994,0.40911799999999826
0.698729999999994,0.4096189999999983
0.7003999999999939,0.41011999999999826
0.7020699999999939,0.4106209999999981
0.7037399999999938,0.4111219999999982
0.7054099999999938,0.41162299999999824
0.7070799999999937,0.41212399999999816
0.7087499999999937,0.41262499999999813
0.7104199999999936,0.4131259999999981
0.7120899999999936,0.4136269999999982
0.7137599999999935,0.4141279999999981
0.7154299999999935,0.414628999999998
0.7170999999999934,0.4151299999999981
0.7187699999999934,0.4156309999999981
0.7204399999999933,0.41613199999999806
0.7221099999999933,0.416632999999998
0.7237799999999932,0.417133999999998
0.7254499999999932,0.4176349999999981
0.7271199999999931,0.41813599999999795
0.728789999999993,0.4186369999999979
0.730459999999993,0.41913799999999796
0.732129999999993,0.419638999999998
0.7337999999999929,0.42013999999999796
0.7354699999999929,0.4206409999999978
0.7371399999999928,0.4211419999999979
0.7388099999999928,0.42164299999999794
0.7404799999999927,0.42214399999999785
0.7421499999999926,0.42264499999999783
0.7438199999999926,0.4231459999999978
0.7454899999999925,0.4236469999999979
0.7471599999999925,0.4241479999999978
0.7488299999999924,0.4246489999999977
0.7504999999999924,0.4251499999999978
0.7521699999999923,0.4256509999999978
0.7538399999999923,0.42615199999999775
0.7555099999999922,0.4266529999999977
0.7571799999999922,0.4271539999999977
0.7588499999999921,0.4276549999999978
0.7605199999999921,0.42815599999999765
0.762189999999992,0.4286569999999976
0.763859999999992,0.42915799999999765
0.7655299999999919,0.4296589999999977
0.7671999999999919,0.43015999999999766
0.7688699999999918,0.4306609999999975
0.7705399999999918,0.4311619999999976
0.7722099999999917,0.43166299999999763
0.7738799999999917,0.43216399999999755
0.7755499999999916,0.4326649999999975
0.7772199999999916,0.4331659999999975
0.7788899999999915,0.4336669999999976
0.7805599999999915,0.4341679999999975
0.7822299999999914,0.4346689999999974
0.7838999999999914,0.4351699999999975
0.7855699999999913,0.4356709999999975
0.7872399999999913,0.43617199999999745
0.7889099999999912,0.43667299999999737
0.7905799999999912,0.4371739999999974
0.7922499999999911,0.4376749999999975
0.7939199999999911,0.43817599999999735
0.795589999999991,0.4386769999999973
0.797259999999991,0.43917799999999735
0.7989299999999909,0.4396789999999974
0.8005999999999909,0.44017999999999735
0.8022699999999908,0.4406809999999972
0.8039399999999908,0.4411819999999973
0.8056099999999907,0.4416829999999973
0.8072799999999907,0.44218399999999725
0.8089499999999906,0.4426849999999972
0.8106199999999906,0.4431859999999972
0.8122899999999905,0.4436869999999973
0.8139599999999905,0.4441879999999972
0.8156299999999904,0.4446889999999971
0.8172999999999904,0.4451899999999972
0.8189699999999903,0.44569099999999723
0.8206399999999903,0.44619199999999715
0.8223099999999902,0.44669299999999706
0.8239799999999902,0.4471939999999971
0.8256499999999901,0.4476949999999972
0.8273199999999901,0.4481959999999971
0.82898999999999,0.448696999999997
0.83065999999999,0.44919799999999704
0.8323299999999899,0.4496989999999971
0.8339999999999899,0.45019999999999705
0.8356699999999898,0.45070099999999697
0.8373399999999898,0.451201999999997
0.8390099999999897,0.451702999999997
0.8406799999999897,0.45220399999999694
0.8423499999999896,0.4527049999999969
0.8440199999999896,0.45320599999999694
0.8456899999999895,0.453706999999997
0.8473599999999895,0.4542079999999969
0.8490299999999894,0.4547089999999968
0.8506999999999894,0.4552099999999969
0.8523699999999893,0.4557109999999969
0.8540399999999893,0.45621199999999684
0.8557099999999892,0.45671299999999676
0.8573799999999892,0.4572139999999968
0.8590499999999891,0.4577149999999969
0.860719999999989,0.4582159999999968
0.862389999999989,0.4587169999999967
0.864059999999989,0.45921799999999674
0.8657299999999889,0.45971899999999677
0.8673999999999888,0.46021999999999674
0.8690699999999888,0.46072099999999666
0.8707399999999887,0.4612219999999967
0.8724099999999887,0.4617229999999967
0.8740799999999886,0.46222399999999664
0.8757499999999886,0.4627249999999966
0.8774199999999885,0.4632259999999966
0.8790899999999885,0.46372699999999667
0.8807599999999884,0.4642279999999966
0.8824299999999884,0.4647289999999965
0.8840999999999883,0.4652299999999966
0.8857699999999883,0.46573099999999656
0.8874399999999882,0.46623199999999654
0.8891099999999882,0.46673299999999646
0.8907799999999881,0.4672339999999965
0.8924499999999881,0.46773499999999657
0.894119999999988,0.46823599999999654
0.895789999999988,0.4687369999999965
0.8974599999999879,0.46923799999999644
0.8991299999999879,0.4697389999999966
0.9007999999999878,0.47023999999999655
0.9024699999999878,0.4707409999999964
0.9041399999999877,0.4712419999999964
0.9058099999999877,0.4717429999999965
0.9074799999999876,0.47224399999999644
0.9091499999999876,0.4727449999999964
0.9108199999999875,0.4732459999999964
0.9124899999999875,0.4737469999999965
0.9141599999999874,0.4742479999999964
0.9158299999999874,0.4747489999999963
0.9174999999999873,0.4752499999999964
0.9191699999999873,0.47575099999999637
0.9208399999999872,0.47625199999999634
0.9225099999999872,0.47675299999999626
0.9241799999999871,0.4772539999999963
0.9258499999999871,0.4777549999999964
0.927519999999987,0.47825599999999624
0.929189999999987,0.4787569999999962
0.9308599999999869,0.47925799999999624
0.9325299999999869,0.47975899999999627
0.9341999999999868,0.48025999999999625
0.9358699999999868,0.4807609999999961
0.9375399999999867,0.4812619999999962
0.9392099999999867,0.4817629999999962
0.9408799999999866,0.48226399999999614
0.9425499999999866,0.4827649999999961
0.9442199999999865,0.4832659999999961
0.9458899999999865,0.4837669999999962
0.9475599999999864,0.4842679999999961
0.9492299999999864,0.484768999999996
0.9508999999999863,0.4852699999999961
0.9525699999999863,0.48577099999999607
0.9542399999999862,0.48627199999999604
0.9559099999999862,0.48677299999999596
0.9575799999999861,0.487273999999996
0.9592499999999861,0.4877749999999961
0.960919999999986,0.48827599999999594
0.962589999999986,0.4887769999999959
0.9642599999999859,0.48927799999999594
0.9659299999999859,0.48977899999999597
0.9675999999999858,0.49027999999999594
0.9692699999999858,0.4907809999999958
0.9709399999999857,0.4912819999999959
0.9726099999999857,0.4917829999999959
0.9742799999999856,0.49228399999999584
0.9759499999999856,0.4927849999999958
0.9776199999999855,0.4932859999999958
0.9792899999999854,0.49378699999999587
0.9809599999999854,0.4942879999999958
0.9826299999999853,0.4947889999999957
0.9842999999999853,0.4952899999999958
0.9859699999999852,0.49579099999999576
0.9876399999999852,0.49629199999999574
0.9893099999999851,0.49679299999999565
0.9909799999999851,0.4972939999999957
0.992649999999985,0.49779499999999577
0.994319999999985,0.49829599999999563
0.9959899999999849,0.4987969999999956
0.9976599999999849,0.49929799999999563
0.9993299999999848,0.49979899999999566
1.0009999999999848,0.5002003891050555
1.0026699999999849,0.500535038910503
1.004339999999985,0.5008696887159505
1.006009999999985,0.501204338521398
1.007679999999985,0.5015389883268455
1.009349999999985,0.501873638132293
1.0110199999999852,0.5022082879377405
1.0126899999999852,0.5025429377431878
1.0143599999999853,0.5028775875486353
1.0160299999999853,0.5032122373540828
1.0176999999999854,0.5035468871595303
1.0193699999999855,0.5038815369649778
1.0210399999999855,0.5042161867704253
1.0227099999999856,0.5045508365758729
1.0243799999999856,0.5048854863813204
1.0260499999999857,0.5052201361867679
1.0277199999999858,0.5055547859922154
1.0293899999999858,0.5058894357976627
1.0310599999999859,0.5062240856031102
1.032729999999986,0.5065587354085577
1.034399999999986,0.5068933852140052
1.036069999999986,0.5072280350194527
1.0377399999999861,0.5075626848249002
1.0394099999999862,0.5078973346303477
1.0410799999999862,0.5082319844357952
1.0427499999999863,0.5085666342412427
1.0444199999999864,0.50890128404669
1.0460899999999864,0.5092359338521375
1.0477599999999865,0.509570583657585
1.0494299999999865,0.5099052334630325
1.0510999999999866,0.51023988326848
1.0527699999999867,0.5105745330739274
1.0544399999999867,0.5109091828793749
1.0561099999999868,0.5112438326848224
1.0577799999999868,0.5115784824902699
1.059449999999987,0.5119131322957174
1.061119999999987,0.5122477821011648
1.062789999999987,0.5125824319066123
1.064459999999987,0.5129170817120599
1.0661299999999871,0.5132517315175074
1.0677999999999872,0.5135863813229549
1.0694699999999873,0.5139210311284023
1.0711399999999873,0.5142556809338498
1.0728099999999874,0.5145903307392973
1.0744799999999874,0.5149249805447448
1.0761499999999875,0.5152596303501922
1.0778199999999876,0.5155942801556397
1.0794899999999876,0.5159289299610872
1.0811599999999877,0.5162635797665347
1.0828299999999877,0.5165982295719822
1.0844999999999878,0.5169328793774296
1.0861699999999879,0.5172675291828771
1.087839999999988,0.5176021789883246
1.089509999999988,0.5179368287937721
1.091179999999988,0.5182714785992196
1.092849999999988,0.518606128404667
1.0945199999999882,0.5189407782101145
1.0961899999999882,0.519275428015562
1.0978599999999883,0.5196100778210095
1.0995299999999884,0.519944727626457
1.1011999999999884,0.5202793774319044
1.1028699999999885,0.520614027237352
1.1045399999999885,0.5209486770427995
1.1062099999999886,0.521283326848247
1.1078799999999887,0.5216179766536945
1.1095499999999887,0.5219526264591419
1.1112199999999888,0.5222872762645894
1.1128899999999888,0.5226219260700369
1.114559999999989,0.5229565758754844
1.116229999999989,0.5232912256809319
1.117899999999989,0.5236258754863793
1.119569999999989,0.5239605252918268
1.1212399999999891,0.5242951750972743
1.1229099999999892,0.5246298249027218
1.1245799999999893,0.5249644747081693
1.1262499999999893,0.5252991245136167
1.1279199999999894,0.5256337743190642
1.1295899999999894,0.5259684241245117
1.1312599999999895,0.5263030739299592
1.1329299999999896,0.5266377237354067
1.1345999999999896,0.5269723735408541
1.1362699999999897,0.5273070233463016
1.1379399999999897,0.5276416731517491
1.1396099999999898,0.5279763229571967
1.1412799999999899,0.528310972762644
1.14294999999999,0.5286456225680916
1.14461999999999,0.5289802723735391
1.14628999999999,0.5293149221789866
1.14795999999999,0.529649571984434
1.1496299999999902,0.5299842217898815
1.1512999999999902,0.530318871595329
1.1529699999999903,0.5306535214007765
1.1546399999999903,0.530988171206224
1.1563099999999904,0.5313228210116714
1.1579799999999905,0.5316574708171189
1.1596499999999905,0.5319921206225664
1.1613199999999906,0.5323267704280139
1.1629899999999906,0.5326614202334613
1.1646599999999907,0.5329960700389088
1.1663299999999908,0.5333307198443563
1.1679999999999908,0.5336653696498038
1.1696699999999909,0.5340000194552513
1.171339999999991,0.5343346692606987
1.173009999999991,0.5346693190661462
1.174679999999991,0.5350039688715937
1.1763499999999911,0.5353386186770412
1.1780199999999912,0.5356732684824886
1.1796899999999912,0.5360079182879361
1.1813599999999913,0.5363425680933837
1.1830299999999914,0.5366772178988312
1.1846999999999914,0.5370118677042787
1.1863699999999915,0.5373465175097261
1.1880399999999915,0.5376811673151736
1.1897099999999916,0.5380158171206211
1.1913799999999917,0.5383504669260686
1.1930499999999917,0.538685116731516
1.1947199999999918,0.5390197665369635
1.1963899999999918,0.539354416342411
1.198059999999992,0.5396890661478585
1.199729999999992,0.5400237159533059
1.201399999999992,0.5403583657587534
1.203069999999992,0.5406930155642009
1.2047399999999922,0.5410276653696484
1.2064099999999922,0.5413623151750959
1.2080799999999923,0.5416969649805433
1.2097499999999923,0.5420316147859908
1.2114199999999924,0.5423662645914383
1.2130899999999925,0.5427009143968858
1.2147599999999925,0.5430355642023333
1.2164299999999926,0.5433702140077807
1.2180999999999926,0.5437048638132282
1.2197699999999927,0.5440395136186758
1.2214399999999928,0.5443741634241233
1.2231099999999928,0.5447088132295707
1.2247799999999929,0.5450434630350182
1.226449999999993,0.5453781128404657
1.228119999999993,0.5457127626459132
1.229789999999993,0.5460474124513606
1.2314599999999931,0.5463820622568081
1.2331299999999932,0.5467167120622556
1.2347999999999932,0.5470513618677031
1.2364699999999933,0.5473860116731506
1.2381399999999934,0.547720661478598
1.2398099999999934,0.5480553112840455
1.2414799999999935,0.548389961089493
1.2431499999999935,0.5487246108949405
1.2448199999999936,0.549059260700388
1.2464899999999937,0.5493939105058354
1.2481599999999937,0.5497285603112829
1.2498299999999938,0.5500632101167304
1.2514999999999938,0.5503978599221778
1.253169999999994,0.5507325097276253
1.254839999999994,0.5510671595330728
1.256509999999994,0.5514018093385203
1.258179999999994,0.5517364591439679
1.2598499999999941,0.5520711089494152
1.2615199999999942,0.5524057587548628
1.2631899999999943,0.5527404085603103
1.2648599999999943,0.5530750583657578
1.2665299999999944,0.5534097081712053
1.2681999999999944,0.5537443579766527
1.2698699999999945,0.5540790077821002
1.2715399999999946,0.5544136575875477
1.2732099999999946,0.5547483073929952
1.2748799999999947,0.5550829571984426
1.2765499999999947,0.5554176070038901
1.2782199999999948,0.5557522568093376
1.2798899999999949,0.5560869066147851
1.281559999999995,0.5564215564202325
1.283229999999995,0.55675620622568
1.284899999999995,0.5570908560311275
1.286569999999995,0.557425505836575
1.2882399999999952,0.5577601556420225
1.2899099999999952,0.5580948054474699
1.2915799999999953,0.5584294552529174
1.2932499999999953,0.5587641050583649
1.2949199999999954,0.5590987548638124
1.2965899999999955,0.5594334046692598
1.2982599999999955,0.5597680544747073
1.2999299999999956,0.5601027042801549
1.3015999999999956,0.5604373540856024
1.3032699999999957,0.5607720038910499
1.3049399999999958,0.5611066536964973
1.3066099999999958,0.5614413035019448
1.308279999999996,0.5617759533073923
1.309949999999996,0.5621106031128398
1.311619999999996,0.5624452529182872
1.313289999999996,0.5627799027237347
1.3149599999999961,0.5631145525291822
1.3166299999999962,0.5634492023346297
1.3182999999999963,0.5637838521400772
1.3199699999999963,0.5641185019455246
1.3216399999999964,0.5644531517509721
1.3233099999999964,0.5647878015564196
1.3249799999999965,0.5651224513618671
1.3266499999999966,0.5654571011673145
1.3283199999999966,0.565791750972762
1.3299899999999967,0.5661264007782095
1.3316599999999967,0.566461050583657
1.3333299999999968,0.5667957003891045
1.3349999999999969,0.5671303501945519
1.336669999999997,0.5674649999999994
1.338339999999997,0.567799649805447
1.340009999999997,0.5681342996108945
1.341679999999997,0.5684689494163419
1.3433499999999972,0.5688035992217894
1.3450199999999972,0.5691382490272369
1.3466899999999973,0.5694728988326844
1.3483599999999973,0.5698075486381319
1.3500299999999974,0.5701421984435793
1.3516999999999975,0.5704768482490268
1.3533699999999975,0.5708114980544743
1.3550399999999976,0.5711461478599218
1.3567099999999976,0.5714807976653692
1.3583799999999977,0.5718154474708167
1.3600499999999978,0.5721500972762642
1.3617199999999978,0.5724847470817117
1.3633899999999979,0.5728193968871591
1.365059999999998,0.5731540466926066
1.366729999999998,0.5734886964980541
1.368399999999998,0.5738233463035016
1.3700699999999981,0.5741579961089491
1.3717399999999982,0.5744926459143965
1.3734099999999982,0.574827295719844
1.3750799999999983,0.5751619455252915
1.3767499999999984,0.575496595330739
1.3784199999999984,0.5758312451361866
1.3800899999999985,0.576165894941634
1.3817599999999985,0.5765005447470815
1.3834299999999986,0.576835194552529
1.3850999999999987,0.5771698443579765
1.3867699999999987,0.5775044941634239
1.3884399999999988,0.5778391439688714
1.3901099999999988,0.5781737937743189
1.391779999999999,0.5785084435797664
1.393449999999999,0.5788430933852138
1.395119999999999,0.5791777431906613
1.396789999999999,0.5795123929961088
1.3984599999999991,0.5798470428015563
1.4001299999999992,0.5801816926070038
1.4017999999999993,0.5805163424124512
1.4034699999999993,0.5808509922178987
1.4051399999999994,0.5811856420233462
1.4068099999999994,0.5815202918287937
1.4084799999999995,0.5818549416342411
1.4101499999999996,0.5821895914396886
1.4118199999999996,0.5825242412451361
1.4134899999999997,0.5828588910505836
1.4151599999999998,0.583193540856031
1.4168299999999998,0.5835281906614785
1.4184999999999999,0.583862840466926
1.42017,0.5841974902723736
1.42184,0.5845321400778211
1.42351,0.5848667898832685
1.4251800000000001,0.585201439688716
1.4268500000000002,0.5855360894941635
1.4285200000000002,0.5858704854368934
1.4301900000000003,0.58620286407767
1.4318600000000004,0.5865352427184466
1.4335300000000004,0.5868676213592234
1.4352000000000005,0.5872
1.4368700000000005,0.5875323786407769
1.4385400000000006,0.5878647572815535
1.4402100000000007,0.5881971359223301
1.4418800000000007,0.588529514563107
1.4435500000000008,0.5888618932038836
1.4452200000000008,0.5891942718446604
1.446890000000001,0.5895266504854371
1.448560000000001,0.5898590291262137
1.450230000000001,0.5901914077669905
1.451900000000001,0.5905237864077671
1.4535700000000011,0.590856165048544
1.4552400000000012,0.5911885436893206
1.4569100000000013,0.5915209223300972
1.4585800000000013,0.5918533009708741
1.4602500000000014,0.5921856796116507
1.4619200000000014,0.5925180582524275
1.4635900000000015,0.5928504368932042
1.4652600000000016,0.593182815533981
1.4669300000000016,0.5935151941747576
1.4686000000000017,0.5938475728155342
1.4702700000000017,0.5941799514563111
1.4719400000000018,0.5945123300970877
1.4736100000000019,0.5948447087378645
1.475280000000002,0.5951770873786412
1.476950000000002,0.5955094660194178
1.478620000000002,0.5958418446601946
1.480290000000002,0.5961742233009713
1.4819600000000022,0.5965066019417481
1.4836300000000022,0.5968389805825247
1.4853000000000023,0.5971713592233013
1.4869700000000023,0.5975037378640782
1.4886400000000024,0.5978361165048548
1.4903100000000025,0.5981684951456316
1.4919800000000025,0.5985008737864083
1.4936500000000026,0.5988332524271849
1.4953200000000026,0.5991656310679617
1.4969900000000027,0.5994980097087383
1.4986600000000028,0.5998303883495152
1.5003300000000028,0.6001627669902916
1.5020000000000029,0.6004951456310684
1.503670000000003,0.6008275242718455
1.505340000000003,0.6011599029126219
1.507010000000003,0.6014922815533985
1.5086800000000031,0.6018246601941754
1.5103500000000032,0.6021570388349522
1.5120200000000033,0.6024894174757288
1.5136900000000033,0.6028217961165054
1.5153600000000034,0.6031541747572823
1.5170300000000034,0.6034865533980591
1.5187000000000035,0.6038189320388355
1.5203700000000036,0.6041513106796121
1.5220400000000036,0.604483689320389
1.5237100000000037,0.6048160679611658
1.5253800000000037,0.6051484466019424
1.5270500000000038,0.6054808252427191
1.5287200000000039,0.6058132038834959
1.530390000000004,0.6061455825242728
1.532060000000004,0.6064779611650494
1.533730000000004,0.6068103398058258
1.535400000000004,0.6071427184466028
1.5370700000000042,0.6074750970873797
1.5387400000000042,0.6078074757281561
1.5404100000000043,0.6081398543689327
1.5420800000000043,0.6084722330097095
1.5437500000000044,0.6088046116504864
1.5454200000000045,0.609136990291263
1.5470900000000045,0.6094693689320396
1.5487600000000046,0.6098017475728165
1.5504300000000046,0.6101341262135933
1.5521000000000047,0.6104665048543699
1.5537700000000048,0.6107988834951463
1.5554400000000048,0.6111312621359232
1.5571100000000049,0.6114636407767002
1.558780000000005,0.6117960194174766
1.560450000000005,0.6121283980582533
1.562120000000005,0.6124607766990301
1.5637900000000051,0.6127931553398069
1.5654600000000052,0.6131255339805836
1.5671300000000052,0.6134579126213602
1.5688000000000053,0.613790291262137
1.5704700000000054,0.6141226699029139
1.5721400000000054,0.6144560700389116
1.5738100000000055,0.614790719844359
1.5754800000000055,0.6151253696498066
1.5771500000000056,0.6154600194552542
1.5788200000000057,0.6157946692607016
1.5804900000000057,0.6161293190661488
1.5821600000000058,0.6164639688715964
1.5838300000000058,0.6167986186770442
1.585500000000006,0.6171332684824914
1.587170000000006,0.6174679182879388
1.588840000000006,0.6178025680933864
1.590510000000006,0.618137217898834
1.5921800000000061,0.6184718677042814
1.5938500000000062,0.6188065175097286
1.5955200000000063,0.6191411673151764
1.5971900000000063,0.619475817120624
1.5988600000000064,0.6198104669260712
1.6005300000000064,0.6201451167315186
1.6022000000000065,0.6204797665369662
1.6038700000000066,0.6208144163424139
1.6055400000000066,0.6211490661478613
1.6072100000000067,0.6214837159533086
1.6088800000000067,0.6218183657587563
1.6105500000000068,0.6221530155642039
1.6122200000000069,0.622487665369651
1.613890000000007,0.6228223151750985
1.615560000000007,0.6231569649805461
1.617230000000007,0.6234916147859937
1.6189000000000071,0.6238262645914411
1.6205700000000072,0.6241609143968885
1.6222400000000072,0.6244955642023361
1.6239100000000073,0.6248302140077837
1.6255800000000074,0.6251648638132311
1.6272500000000074,0.6254995136186783
1.6289200000000075,0.6258341634241259
1.6305900000000075,0.6261688132295737
1.6322600000000076,0.6265034630350209
1.6339300000000077,0.6268381128404683
1.6356000000000077,0.6271727626459159
1.6372700000000078,0.6275074124513635
1.6389400000000078,0.6278420622568109
1.640610000000008,0.6281767120622583
1.642280000000008,0.628511361867706
1.643950000000008,0.6288460116731536
1.645620000000008,0.6291806614786007
1.6472900000000081,0.6295153112840481
1.6489600000000082,0.6298499610894958
1.6506300000000083,0.6301846108949434
1.6523000000000083,0.6305192607003908
1.6539700000000084,0.6308539105058382
1.6556400000000084,0.6311885603112858
1.6573100000000085,0.6315232101167334
1.6589800000000086,0.6318578599221808
1.6606500000000086,0.632192509727628
1.6623200000000087,0.6325271595330756
1.6639900000000087,0.6328618093385232
1.6656600000000088,0.6331964591439706
1.6673300000000089,0.633531108949418
1.669000000000009,0.6338657587548656
1.670670000000009,0.6342004085603132
1.672340000000009,0.6345350583657606
1.674010000000009,0.6348697081712078
1.6756800000000092,0.6352043579766554
1.6773500000000092,0.6355390077821033
1.6790200000000093,0.6358736575875504
1.6806900000000093,0.6362083073929978
1.6823600000000094,0.6365429571984454
1.6840300000000095,0.6368776070038931
1.6857000000000095,0.6372122568093405
1.6873700000000096,0.6375469066147876
1.6890400000000096,0.6378815564202355
1.6907100000000097,0.6382162062256831
1.6923800000000098,0.6385508560311303
1.6940500000000098,0.6388855058365777
1.6957200000000099,0.6392201556420253
1.69739000000001,0.6395548054474729
1.69906000000001,0.6398894552529203
1.70073000000001,0.6402241050583677
1.7024000000000101,0.6405587548638153
1.7040700000000102,0.6408934046692629
1.7057400000000102,0.6412280544747103
1.7074100000000103,0.6415627042801575
1.7090800000000104,0.6418973540856051
1.7107500000000104,0.6422320038910527
1.7124200000000105,0.6425666536965001
1.7140900000000105,0.6429013035019475
1.7157600000000106,0.6432359533073951
1.7174300000000107,0.6435706031128428
1.7191000000000107,0.6439052529182901
1.7207700000000108,0.6442399027237373
1.7224400000000109,0.6445745525291849
1.724110000000011,0.6449092023346328
1.725780000000011,0.64524385214008
1.727450000000011,0.6455785019455273
1.729120000000011,0.645913151750975
1.7307900000000112,0.6462478015564226
1.7324600000000112,0.64658245136187
1.7341300000000113,0.6469171011673174
1.7358000000000113,0.647251750972765
1.7374700000000114,0.6475864007782126
1.7391400000000115,0.6479210505836598
1.7408100000000115,0.6482557003891072
1.7424800000000116,0.6485903501945548
1.7441500000000116,0.6489250000000024
1.7458200000000117,0.6492596498054498
1.7474900000000118,0.6495942996108972
1.7491600000000118,0.6499289494163448
1.7508300000000119,0.6502635992217924
1.752500000000012,0.6505982490272398
1.754170000000012,0.650932898832687
1.755840000000012,0.6512675486381346
1.7575100000000121,0.6516021984435822
1.7591800000000122,0.6519368482490296
1.7608500000000122,0.652271498054477
1.7625200000000123,0.6526061478599247
1.7641900000000124,0.6529407976653723
1.7658600000000124,0.6532754474708197
1.7675300000000125,0.6536100972762668
1.7692000000000125,0.6539447470817147
1.7708700000000126,0.6542793968871623
1.7725400000000127,0.6546140466926095
1.7742100000000127,0.6549486964980569
1.7758800000000128,0.6552833463035045
1.7775500000000128,0.6556179961089521
1.779220000000013,0.6559526459143995
1.780890000000013,0.6562872957198469
1.782560000000013,0.6566219455252945
1.784230000000013,0.6569565953307421
1.7859000000000131,0.6572912451361893
1.7875700000000132,0.6576258949416367
1.7892400000000133,0.6579605447470843
1.7909100000000133,0.6582951945525319
1.7925800000000134,0.6586298443579793
1.7942500000000134,0.6589644941634267
1.7959200000000135,0.6592991439688743
1.7975900000000136,0.659633793774322
1.7992600000000136,0.6599684435797694
1.8009300000000137,0.6603030933852165
1.8026000000000137,0.6606377431906642
1.8042700000000138,0.6609723929961118
1.8059400000000139,0.6613070428015592
1.807610000000014,0.6616416926070066
1.809280000000014,0.6619763424124542
1.810950000000014,0.6623109922179018
1.812620000000014,0.6626456420233492
1.8142900000000142,0.6629802918287964
1.8159600000000142,0.663314941634244
1.8176300000000143,0.6636495914396918
1.8193000000000144,0.663984241245139
1.8209700000000144,0.6643188910505864
1.8226400000000145,0.664653540856034
1.8243100000000145,0.6649881906614816
1.8259800000000146,0.665322840466929
1.8276500000000147,0.6656574902723764
1.8293200000000147,0.665992140077824
1.8309900000000148,0.6663267898832717
1.8326600000000148,0.6666614396887188
1.834330000000015,0.6669960894941662
1.836000000000015,0.6673307392996138
1.837670000000015,0.6676653891050615
1.839340000000015,0.6680000389105089
1.8410100000000151,0.6683346887159562
1.8426800000000152,0.6686693385214039
1.8443500000000153,0.6690039883268515
1.8460200000000153,0.6693386381322989
1.8476900000000154,0.669673287937746
1.8493600000000154,0.6700079377431937
1.8510300000000155,0.6703425875486413
1.8527000000000156,0.6706772373540887
1.8543700000000156,0.6710118871595361
1.8560400000000157,0.6713465369649837
1.8577100000000157,0.6716801456310713
1.8593800000000158,0.6720125242718479
1.8610500000000159,0.6723449029126243
1.862720000000016,0.6726772815534011
1.864390000000016,0.6730096601941782
1.866060000000016,0.6733420388349546
1.867730000000016,0.6736744174757312
1.8694000000000162,0.674006796116508
1.8710700000000162,0.6743391747572849
1.8727400000000163,0.6746715533980615
1.8744100000000163,0.6750039320388379
1.8760800000000164,0.675336310679615
1.8777500000000165,0.6756686893203918
1.8794200000000165,0.6760010679611682
1.8810900000000166,0.6763334466019448
1.8827600000000166,0.6766658252427217
1.8844300000000167,0.6769982038834985
1.8861000000000168,0.6773305825242751
1.8877700000000168,0.6776629611650518
1.8894400000000169,0.6779953398058286
1.891110000000017,0.6783277184466054
1.892780000000017,0.6786600970873821
1.894450000000017,0.6789924757281585
1.8961200000000171,0.6793248543689352
1.8977900000000172,0.6796572330097121
1.8994600000000172,0.6799896116504887
1.9011300000000173,0.6803219902912654
1.9028000000000174,0.6806543689320421
1.9044700000000174,0.6809867475728191
1.9061400000000175,0.6813191262135956
1.9078100000000175,0.681651504854372
1.9094800000000176,0.681983883495149
1.9111500000000177,0.6823162621359259
1.9128200000000177,0.6826486407767023
1.9144900000000178,0.6829810194174789
1.9161600000000178,0.6833133980582557
1.917830000000018,0.6836457766990326
1.919500000000018,0.6839781553398092
1.921170000000018,0.6843105339805858
1.922840000000018,0.6846429126213627
1.9245100000000182,0.6849752912621395
1.9261800000000182,0.6853076699029159
1.9278500000000183,0.6856400485436925
1.9295200000000183,0.6859724271844694
1.9311900000000184,0.6863048058252462
1.9328600000000185,0.6866371844660228
1.9345300000000185,0.6869695631067995
1.9362000000000186,0.6873019417475763
1.9378700000000186,0.6876343203883531
1.9395400000000187,0.6879666990291298
1.9412100000000188,0.6882990776699062
1.9428800000000188,0.688631456310683
1.9445500000000189,0.6889638349514599
1.946220000000019,0.6892962135922365
1.947890000000019,0.6896285922330131
1.949560000000019,0.6899609708737899
1.9512300000000191,0.6902933495145668
1.9529000000000192,0.6906257281553434
1.9545700000000192,0.6909581067961198
1.9562400000000193,0.6912904854368969
1.9579100000000194,0.6916228640776737
1.9595800000000194,0.6919552427184501
1.9612500000000195,0.6922876213592267
1.9629200000000195,0.6926200000000036
1.9645900000000196,0.6929523786407804
1.9662600000000197,0.693284757281557
1.9679300000000197,0.6936171359223336
1.9696000000000198,0.6939495145631105
1.9712700000000198,0.6942818932038873
1.97294000000002,0.6946142718446637
1.97461000000002,0.6949466504854404
1.97628000000002,0.6952790291262172
1.97795000000002,0.695611407766994
1.9796200000000201,0.6959437864077707
1.9812900000000202,0.6962761650485473
1.9829600000000203,0.6966085436893241
1.9846300000000203,0.696940922330101
1.9863000000000204,0.6972733009708776
1.9879700000000204,0.697605679611654
1.9896400000000205,0.6979380582524308
1.9913100000000206,0.6982704368932079
1.9929800000000206,0.6986028155339843
1.9946500000000207,0.6989351941747609
1.9963200000000207,0.6992675728155378
1.9979900000000208,0.6995999514563146
1.9996600000000209,0.6999323300970912
2.0013300000000207,0.7010634824902882
2.0030000000000205,0.7023988326848406
2.0046700000000204,0.7037341828793929
2.00634000000002,0.7050695330739454
2.00801000000002,0.7064048832684978
2.00968000000002,0.7077402334630502
2.0113500000000197,0.7090755836576026
2.0130200000000196,0.7104109338521549
2.0146900000000194,0.7117462840467074
2.0163600000000192,0.7130816342412598
2.018030000000019,0.7144169844358121
2.019700000000019,0.7157523346303646
2.0213700000000188,0.7170876848249169
2.0230400000000186,0.7184230350194694
2.0247100000000184,0.7197583852140218
2.0263800000000183,0.7210937354085741
2.028050000000018,0.7224290856031266
2.029720000000018,0.7237644357976789
2.031390000000018,0.7250997859922313
2.0330600000000176,0.7264351361867838
2.0347300000000175,0.7277704863813359
2.0364000000000173,0.7291058365758883
2.038070000000017,0.7304411867704408
2.039740000000017,0.7317765369649931
2.041410000000017,0.7331118871595456
2.0430800000000167,0.7344472373540979
2.0447500000000165,0.7357825875486503
2.0464200000000163,0.7371179377432028
2.048090000000016,0.7384532879377551
2.049760000000016,0.7397886381323076
2.051430000000016,0.7411239883268599
2.0531000000000157,0.7424593385214123
2.0547700000000155,0.7437946887159648
2.0564400000000154,0.7451300389105171
2.058110000000015,0.7464653891050695
2.059780000000015,0.7478007392996219
2.061450000000015,0.7491360894941743
2.0631200000000147,0.7504714396887268
2.0647900000000146,0.7518067898832791
2.0664600000000144,0.7531421400778315
2.0681300000000142,0.7544774902723839
2.069800000000014,0.7558128404669363
2.071470000000014,0.7571481906614888
2.0731400000000137,0.7584835408560411
2.0748100000000136,0.7598188910505935
2.0764800000000134,0.761154241245146
2.0781500000000133,0.7624895914396983
2.079820000000013,0.7638249416342507
2.081490000000013,0.7651602918288031
2.083160000000013,0.7664956420233553
2.0848300000000126,0.7678309922179077
2.0865000000000125,0.7691663424124601
2.0881700000000123,0.7705016926070125
2.089840000000012,0.7718370428015648
2.091510000000012,0.7731723929961173
2.093180000000012,0.7745077431906697
2.0948500000000116,0.7758430933852221
2.0965200000000115,0.7771784435797745
2.0981900000000113,0.7785137937743268
2.099860000000011,0.7798491439688793
2.101530000000011,0.7811844941634317
2.103200000000011,0.782519844357984
2.1048700000000107,0.7838551945525365
2.1065400000000105,0.7851905447470888
2.1082100000000104,0.7865258949416413
2.10988000000001,0.7878612451361937
2.11155000000001,0.789196595330746
2.11322000000001,0.7905319455252985
2.1148900000000097,0.7918672957198509
2.1165600000000095,0.7932026459144033
2.1182300000000094,0.7945379961089555
2.119900000000009,0.7958733463035078
2.121570000000009,0.7972086964980603
2.123240000000009,0.7985440466926127
2.1249100000000087,0.799879396887165
2.1265800000000086,0.8012147470817175
2.1282500000000084,0.8025500972762698
2.1299200000000083,0.8038854474708222
2.131590000000008,0.8052207976653747
2.133260000000008,0.806556147859927
2.1349300000000078,0.8078914980544795
2.1366000000000076,0.8092268482490318
2.1382700000000074,0.8105621984435842
2.1399400000000073,0.8118975486381367
2.141610000000007,0.813232898832689
2.143280000000007,0.8145682490272415
2.144950000000007,0.8159035992217939
2.1466200000000066,0.8172389494163462
2.1482900000000065,0.8185742996108987
2.1499600000000063,0.819909649805451
2.151630000000006,0.8212450000000034
2.153300000000006,0.8225803501945559
2.154970000000006,0.8239157003891082
2.1566400000000057,0.8252510505836607
2.1583100000000055,0.8265864007782131
2.1599800000000053,0.8279217509727654
2.161650000000005,0.8292571011673179
2.163320000000005,0.8305924513618702
2.164990000000005,0.8319278015564227
2.1666600000000047,0.8332631517509749
2.1683300000000045,0.8345985019455272
2.1700000000000044,0.8359338521400796
2.171670000000004,0.8372692023346321
2.173340000000004,0.8386045525291844
2.175010000000004,0.8399399027237369
2.1766800000000037,0.8412752529182892
2.1783500000000036,0.8426106031128416
2.1800200000000034,0.8439459533073941
2.1816900000000032,0.8452813035019464
2.183360000000003,0.8466166536964989
2.185030000000003,0.8479520038910513
2.1867000000000028,0.8492873540856036
2.1883700000000026,0.8506227042801561
2.1900400000000024,0.8519580544747084
2.1917100000000023,0.8532934046692608
2.193380000000002,0.8546287548638133
2.195050000000002,0.8559641050583656
2.196720000000002,0.8572994552529181
2.1983900000000016,0.8586348054474705
2.2000600000000015,0.8599701556420228
2.2017300000000013,0.8613055058365753
2.203400000000001,0.8626408560311276
2.205070000000001,0.86397620622568
2.206740000000001,0.8653115564202325
2.2084100000000007,0.8666469066147848
2.2100800000000005,0.8679822568093373
2.2117500000000003,0.8693176070038897
2.21342,0.870652957198442
2.21509,0.8719883073929945
2.21676,0.8733236575875468
2.2184299999999997,0.8746590077820993
2.2200999999999995,0.8759943579766517
2.2217699999999994,0.877329708171204
2.223439999999999,0.8786650583657565
2.225109999999999,0.8800004085603089
2.226779999999999,0.8813357587548613
2.2284499999999987,0.8826711089494137
2.2301199999999985,0.884006459143966
2.2317899999999984,0.8853418093385185
2.2334599999999982,0.8866771595330709
2.235129999999998,0.888012509727623
2.236799999999998,0.8893478599221755
2.2384699999999977,0.8906832101167279
2.2401399999999976,0.8920185603112802
2.2418099999999974,0.8933539105058327
2.2434799999999973,0.8946892607003851
2.245149999999997,0.8960246108949375
2.246819999999997,0.8973599610894899
2.2484899999999968,0.8986953112840422
2.2501599999999966,0.9000306614785947
2.2518299999999964,0.9013660116731471
2.2534999999999963,0.9027013618676994
2.255169999999996,0.9040367120622519
2.256839999999996,0.9053720622568042
2.258509999999996,0.9067074124513567
2.2601799999999956,0.9080427626459091
2.2618499999999955,0.9093781128404614
2.2635199999999953,0.9107134630350139
2.265189999999995,0.9120488132295663
2.266859999999995,0.9133841634241187
2.268529999999995,0.9147195136186711
2.2701999999999947,0.9160548638132235
2.2718699999999945,0.9173902140077759
2.2735399999999943,0.9187255642023283
2.275209999999994,0.9200609143968806
2.276879999999994,0.9213962645914331
2.278549999999994,0.9227316147859855
2.2802199999999937,0.9240669649805379
2.2818899999999935,0.9254023151750903
2.2835599999999934,0.9267376653696424
2.285229999999993,0.9280730155641949
2.286899999999993,0.9294083657587473
2.288569999999993,0.9307437159532996
2.2902399999999927,0.9320790661478521
2.2919099999999926,0.9334144163424045
2.2935799999999924,0.9347497665369568
2.2952499999999922,0.9360851167315093
2.296919999999992,0.9374204669260616
2.298589999999992,0.9387558171206141
2.3002599999999918,0.9400911673151665
2.3019299999999916,0.9414265175097188
2.3035999999999914,0.9427618677042713
2.3052699999999913,0.9440972178988237
2.306939999999991,0.9454325680933761
2.308609999999991,0.9467679182879285
2.310279999999991,0.9481032684824808
2.3119499999999906,0.9494386186770333
2.3136199999999905,0.9507739688715857
2.3152899999999903,0.952109319066138
2.31695999999999,0.9534446692606905
2.31862999999999,0.9547800194552427
2.32029999999999,0.956115369649795
2.3219699999999897,0.9574507198443475
2.3236399999999895,0.9587860700388998
2.3253099999999893,0.9601214202334523
2.326979999999989,0.9614567704280047
2.328649999999989,0.962792120622557
2.330319999999989,0.9641274708171095
2.3319899999999887,0.9654628210116619
2.3336599999999885,0.9667981712062143
2.3353299999999884,0.9681335214007667
2.336999999999988,0.969468871595319
2.338669999999988,0.9708042217898715
2.340339999999988,0.9721395719844239
2.3420099999999877,0.9734749221789762
2.3436799999999876,0.9748102723735287
2.3453499999999874,0.9761456225680811
2.3470199999999872,0.9774809727626335
2.348689999999987,0.9788163229571859
2.350359999999987,0.9801516731517381
2.3520299999999867,0.9814870233462905
2.3536999999999866,0.9828223735408429
2.3553699999999864,0.9841577237353952
2.3570399999999863,0.9854930739299477
2.358709999999986,0.9868284241245001
2.360379999999986,0.9881637743190524
2.3620499999999858,0.9894991245136049
2.3637199999999856,0.9908344747081572
2.3653899999999854,0.9921698249027097
2.3670599999999853,0.9935051750972621
2.368729999999985,0.9948405252918144
2.370399999999985,0.9961758754863669
2.372069999999985,0.9975112256809193
2.3737399999999846,0.9988465758754717
2.3754099999999845,1.0001819260700242
2.3770799999999843,1.0015172762645765
2.378749999999984,1.0028526264591289
2.380419999999984,1.0041879766536814
2.382089999999984,1.0055233268482335
2.3837599999999837,1.006858677042786
2.3854299999999835,1.0081940272373382
2.3870999999999833,1.0095293774318908
2.388769999999983,1.010864727626443
2.390439999999983,1.0122000778209954
2.392109999999983,1.013535428015548
2.3937799999999827,1.0148707782101003
2.3954499999999825,1.0162061284046526
2.3971199999999824,1.0175414785992052
2.398789999999982,1.0188768287937575
2.400459999999982,1.0202121789883096
2.402129999999982,1.021547529182862
2.4037999999999817,1.0228828793774145
2.4054699999999816,1.0242182295719668
2.4071399999999814,1.0255535797665192
2.4088099999999812,1.0268889299610717
2.410479999999981,1.028224280155624
2.412149999999981,1.0295596303501764
2.4138199999999808,1.030894980544729
2.4154899999999806,1.0322303307392813
2.4171599999999804,1.0335656809338336
2.4188299999999803,1.0349010311283862
2.42049999999998,1.0362363813229385
2.42216999999998,1.0375717315174908
2.42383999999998,1.0389070817120434
2.4255099999999796,1.0402424319065957
2.4271799999999795,1.041577782101148
2.4288499999999793,1.0429138349514369
2.430519999999979,1.0442514563106602
2.432189999999979,1.0455890776698833
2.433859999999979,1.0469266990291064
2.4355299999999787,1.0482643203883295
2.4371999999999785,1.0496019417475528
2.4388699999999783,1.050939563106776
2.440539999999978,1.052277184465999
2.442209999999978,1.0536148058252224
2.443879999999978,1.0549524271844455
2.4455499999999777,1.0562900485436686
2.4472199999999775,1.0576276699028917
2.4488899999999774,1.058965291262115
2.450559999999977,1.0603029126213381
2.452229999999977,1.0616405339805612
2.453899999999977,1.0629781553397846
2.4555699999999767,1.0643157766990077
2.4572399999999766,1.0656533980582308
2.4589099999999764,1.0669910194174541
2.4605799999999762,1.0683286407766772
2.462249999999976,1.0696662621359003
2.463919999999976,1.0710038834951234
2.4655899999999757,1.0723415048543468
2.4672599999999756,1.0736791262135699
2.4689299999999754,1.075016747572793
2.4705999999999753,1.0763543689320163
2.472269999999975,1.0776919902912394
2.473939999999975,1.0790296116504625
2.4756099999999748,1.0803672330096856
2.4772799999999746,1.081704854368909
2.4789499999999745,1.083042475728132
2.4806199999999743,1.0843800970873552
2.482289999999974,1.0857177184465785
2.483959999999974,1.0870553398058016
2.485629999999974,1.0883929611650247
2.4872999999999736,1.0897305825242478
2.4889699999999735,1.0910682038834711
2.4906399999999733,1.0924058252426943
2.492309999999973,1.0937434466019174
2.493979999999973,1.0950810679611407
2.495649999999973,1.0964186893203638
2.4973199999999727,1.097756310679587
2.4989899999999725,1.0990939320388102
2.5006599999999723,1.1004315533980333
2.502329999999972,1.1017691747572564
2.503999999999972,1.1031067961164795
2.505669999999972,1.1044444174757029
2.5073399999999717,1.105782038834926
2.5090099999999715,1.107119660194149
2.5106799999999714,1.1084572815533724
2.512349999999971,1.1097949029125955
2.514019999999971,1.1111325242718186
2.515689999999971,1.1124701456310417
2.5173599999999707,1.113807766990265
2.5190299999999706,1.1151453883494882
2.5206999999999704,1.1164830097087113
2.5223699999999702,1.1178206310679346
2.52403999999997,1.1191582524271577
2.52570999999997,1.1204958737863808
2.5273799999999698,1.1218334951456042
2.5290499999999696,1.1231711165048273
2.5307199999999694,1.1245087378640504
2.5323899999999693,1.125846359223273
2.534059999999969,1.1271839805824964
2.535729999999969,1.1285216019417195
2.537399999999969,1.1298592233009426
2.5390699999999686,1.131196844660166
2.5407399999999685,1.132534466019389
2.5424099999999683,1.1338720873786121
2.544079999999968,1.1352097087378352
2.545749999999968,1.1365473300970586
2.547419999999968,1.1378849514562817
2.5490899999999677,1.1392225728155048
2.5507599999999675,1.140560194174728
2.5524299999999673,1.1418978155339512
2.554099999999967,1.1432354368931743
2.555769999999967,1.1445730582523974
2.557439999999967,1.1459106796116207
2.5591099999999667,1.1472483009708438
2.5607799999999665,1.148585922330067
2.5624499999999664,1.1499235436892903
2.564119999999966,1.1512611650485134
2.565789999999966,1.1525987864077365
2.567459999999966,1.1539364077669598
2.5691299999999657,1.155274029126183
2.5707999999999656,1.156611650485406
2.5724699999999654,1.1579478015563893
2.5741399999999652,1.1592831517509417
2.575809999999965,1.1606185019454942
2.577479999999965,1.1619538521400465
2.5791499999999647,1.1632892023345989
2.5808199999999646,1.1646245525291514
2.5824899999999644,1.1659599027237038
2.5841599999999643,1.167295252918256
2.585829999999964,1.1686306031128084
2.587499999999964,1.169965953307361
2.589169999999964,1.1713013035019133
2.5908399999999636,1.1726366536964656
2.5925099999999635,1.1739720038910182
2.5941799999999633,1.1753073540855705
2.595849999999963,1.1766427042801229
2.597519999999963,1.1779780544746754
2.599189999999963,1.1793134046692277
2.6008599999999626,1.18064875486378
2.6025299999999625,1.1819841050583326
2.6041999999999623,1.183319455252885
2.605869999999962,1.1846548054474373
2.607539999999962,1.1859901556419896
2.609209999999962,1.1873255058365422
2.6108799999999617,1.1886608560310945
2.6125499999999615,1.1899962062256468
2.6142199999999614,1.1913315564201994
2.615889999999961,1.1926669066147517
2.617559999999961,1.194002256809304
2.619229999999961,1.1953376070038566
2.6208999999999607,1.196672957198409
2.6225699999999605,1.1980083073929613
2.6242399999999604,1.1993436575875136
2.62590999999996,1.2006790077820662
2.62757999999996,1.2020143579766185
2.62924999999996,1.2033497081711708
2.6309199999999597,1.2046850583657234
2.6325899999999596,1.2060204085602757
2.6342599999999594,1.207355758754828
2.6359299999999593,1.2086911089493806
2.637599999999959,1.210026459143933
2.639269999999959,1.2113618093384853
2.6409399999999588,1.2126971595330378
2.6426099999999586,1.2140325097275901
2.6442799999999584,1.2153678599221425
2.6459499999999583,1.2167032101166948
2.647619999999958,1.2180385603112474
2.649289999999958,1.2193739105057997
2.650959999999958,1.220709260700352
2.6526299999999576,1.2220446108949046
2.6542999999999575,1.223379961089457
2.6559699999999573,1.2247153112840092
2.657639999999957,1.2260506614785618
2.659309999999957,1.2273860116731141
2.660979999999957,1.2287213618676665
2.6626499999999567,1.230056712062219
2.6643199999999565,1.2313920622567713
2.6659899999999563,1.2327274124513237
2.667659999999956,1.2340627626458756
2.669329999999956,1.235398112840428
2.670999999999956,1.2367334630349804
2.6726699999999557,1.2380688132295328
2.6743399999999555,1.2394041634240853
2.6760099999999554,1.2407395136186377
2.677679999999955,1.24207486381319
2.679349999999955,1.2434102140077425
2.681019999999955,1.2447455642022949
2.6826899999999547,1.2460809143968472
2.6843599999999546,1.2474162645913998
2.6860299999999544,1.248751614785952
2.6876999999999542,1.2500869649805044
2.689369999999954,1.2514223151750568
2.691039999999954,1.2527576653696093
2.6927099999999538,1.2540930155641616
2.6943799999999536,1.255428365758714
2.6960499999999534,1.2567637159532665
2.6977199999999533,1.2580990661478189
2.699389999999953,1.2594344163423712
2.701059999999953,1.2607697665369237
2.702729999999953,1.262105116731476
2.7043999999999526,1.2634404669260284
2.7060699999999525,1.2647758171205807
2.7077399999999523,1.2661111673151333
2.709409999999952,1.2674465175096856
2.711079999999952,1.268781867704238
2.712749999999952,1.2701172178987905
2.7144199999999516,1.2714525680933428
2.7160899999999515,1.2727879182878952
2.7177599999999513,1.2741232684824477
2.719429999999951,1.275458618677
2.721099999999951,1.2767939688715524
2.722769999999951,1.278129319066105
2.7244399999999507,1.2794646692606573
2.7261099999999505,1.2808000194552096
2.7277799999999504,1.2821353696497622
2.72944999999995,1.2834707198443145
2.73111999999995,1.2848060700388668
2.73278999999995,1.2861414202334192
2.7344599999999497,1.2874767704279717
2.7361299999999495,1.288812120622524
2.7377999999999494,1.2901474708170764
2.7394699999999492,1.291482821011629
2.741139999999949,1.2928181712061813
2.742809999999949,1.2941535214007336
2.7444799999999487,1.2954888715952861
2.7461499999999486,1.2968242217898385
2.7478199999999484,1.2981595719843908
2.7494899999999483,1.2994949221789434
2.751159999999948,1.3008302723734957
2.752829999999948,1.302165622568048
2.7544999999999478,1.3035009727626004
2.7561699999999476,1.3048363229571525
2.7578399999999474,1.3061716731517048
2.7595099999999473,1.3075070233462571
2.761179999999947,1.3088423735408097
2.762849999999947,1.310177723735362
2.764519999999947,1.3115130739299143
2.7661899999999466,1.312848424124467
2.7678599999999465,1.3141837743190192
2.7695299999999463,1.3155191245135716
2.771199999999946,1.3168544747081241
2.772869999999946,1.3181898249026764
2.774539999999946,1.3195251750972288
2.7762099999999457,1.320860525291781
2.7778799999999455,1.3221958754863337
2.7795499999999453,1.323531225680886
2.781219999999945,1.3248665758754383
2.782889999999945,1.3262019260699909
2.784559999999945,1.3275372762645432
2.7862299999999447,1.3288726264590955
2.7878999999999445,1.330207976653648
2.7895699999999444,1.3315433268482004
2.791239999999944,1.3328786770427528
2.792909999999944,1.334214027237305
2.794579999999944,1.3355493774318576
2.7962499999999437,1.33688472762641
2.7979199999999436,1.3382200778209623
2.7995899999999434,1.3395554280155149
2.8012599999999432,1.3408907782100667
2.802929999999943,1.342226128404619
2.804599999999943,1.3435614785991716
2.8062699999999428,1.344896828793724
2.8079399999999426,1.3462321789882763
2.8096099999999424,1.3475675291828288
2.8112799999999423,1.3489028793773812
2.812949999999942,1.3502382295719335
2.814619999999942,1.351573579766486
2.816289999999942,1.3529089299610384
2.8179599999999416,1.3542442801555907
2.8196299999999415,1.355579630350143
2.8212999999999413,1.3569149805446956
2.822969999999941,1.358250330739248
2.824639999999941,1.3595856809338003
2.826309999999941,1.3609210311283528
2.8279799999999407,1.3622563813229052
2.8296499999999405,1.3635917315174575
2.8313199999999403,1.36492708171201
2.83298999999994,1.3662624319065624
2.83465999999994,1.3675977821011147
2.83632999999994,1.368933132295667
2.8379999999999397,1.3702684824902196
2.8396699999999395,1.371603832684772
2.8413399999999394,1.3729391828793243
2.843009999999939,1.3742745330738768
2.844679999999939,1.3756098832684291
2.846349999999939,1.3769452334629815
2.8480199999999387,1.378280583657534
2.8496899999999385,1.3796159338520864
2.8513599999999384,1.3809512840466387
2.8530299999999382,1.3822866342411912
2.854699999999938,1.3836219844357436
2.856369999999938,1.384957334630296
2.8580399999999377,1.386294174757227
2.8597099999999376,1.3876317961164502
2.8613799999999374,1.3889694174756735
2.8630499999999373,1.3903070388348966
2.864719999999937,1.3916446601941197
2.866389999999937,1.392982281553343
2.8680599999999368,1.3943199029125661
2.8697299999999366,1.3956575242717892
2.8713999999999364,1.3969951456310126
2.8730699999999363,1.3983327669902357
2.874739999999936,1.3996703883494588
2.876409999999936,1.4010080097086821
2.878079999999936,1.4023456310679052
2.8797499999999356,1.4036832524271283
2.8814199999999355,1.4050208737863514
2.8830899999999353,1.4063584951455748
2.884759999999935,1.4076961165047979
2.886429999999935,1.409033737864021
2.888099999999935,1.4103713592232443
2.8897699999999347,1.4117089805824674
2.8914399999999345,1.4130466019416905
2.8931099999999343,1.4143842233009138
2.894779999999934,1.415721844660137
2.896449999999934,1.41705946601936
2.898119999999934,1.4183970873785832
2.8997899999999337,1.4197347087378065
2.9014599999999335,1.4210723300970296
2.9031299999999334,1.4224099514562527
2.904799999999933,1.423747572815476
2.906469999999933,1.4250851941746991
2.908139999999933,1.4264228155339223
2.9098099999999327,1.4277604368931456
2.9114799999999326,1.4290980582523687
2.9131499999999324,1.4304356796115918
2.9148199999999322,1.4317733009708151
2.916489999999932,1.4331109223300382
2.918159999999932,1.4344485436892613
2.9198299999999318,1.4357861650484844
2.9214999999999316,1.4371237864077078
2.9231699999999314,1.4384614077669309
2.9248399999999313,1.439799029126154
2.926509999999931,1.4411366504853773
2.928179999999931,1.4424742718446004
2.929849999999931,1.4438118932038235
2.9315199999999306,1.4451495145630469
2.9331899999999305,1.4464871359222695
2.9348599999999303,1.4478247572814926
2.93652999999993,1.449162378640716
2.93819999999993,1.450499999999939
2.93986999999993,1.4518376213591622
2.9415399999999297,1.4531752427183853
2.9432099999999295,1.4545128640776086
2.9448799999999293,1.4558504854368317
2.946549999999929,1.4571881067960548
2.948219999999929,1.4585257281552781
2.949889999999929,1.4598633495145013
2.9515599999999287,1.4612009708737244
2.9532299999999285,1.4625385922329477
2.9548999999999284,1.4638762135921708
2.956569999999928,1.465213834951394
2.958239999999928,1.466551456310617
2.959909999999928,1.4678890776698403
2.9615799999999277,1.4692266990290634
2.9632499999999276,1.4705643203882865
2.9649199999999274,1.4719019417475099
2.9665899999999272,1.473239563106733
2.968259999999927,1.474577184465956
2.969929999999927,1.4759148058251794
2.9715999999999267,1.4772524271844025
2.9732699999999266,1.4785900485436256
2.9749399999999264,1.4799276699028487
2.9766099999999263,1.481265291262072
2.978279999999926,1.4826029126212952
2.979949999999926,1.4839405339805183
2.9816199999999258,1.4852781553397416
2.9832899999999256,1.4866157766989647
2.9849599999999255,1.4879533980581878
2.9866299999999253,1.4892910194174112
2.988299999999925,1.4906286407766343
2.989969999999925,1.4919662621358574
2.991639999999925,1.4933038834950807
2.9933099999999246,1.4946415048543038
2.9949799999999245,1.495979126213527
2.9966499999999243,1.49731674757275
2.998319999999924,1.4986543689319733
2.999989999999924,1.4999919902911965
3.001659999999924,1.5021787499998909
3.0033299999999237,1.5043706249998907
3.0049999999999235,1.5065624999998906
3.0066699999999233,1.5087543749998904
3.008339999999923,1.5109462499998902
3.010009999999923,1.51313812499989
3.011679999999923,1.51532999999989
3.0133499999999227,1.5175218749998898
3.0150199999999225,1.5197137499998896
3.0166899999999224,1.5219056249998895
3.018359999999922,1.5240974999998893
3.020029999999922,1.5262893749998891
3.021699999999922,1.528481249999889
3.0233699999999217,1.5306731249998888
3.0250399999999216,1.5328649999998882
3.0267099999999214,1.535056874999888
3.0283799999999212,1.537248749999888
3.030049999999921,1.5394406249998878
3.031719999999921,1.5416324999998876
3.0333899999999208,1.5438243749998874
3.0350599999999206,1.5460162499998875
3.0367299999999204,1.5481825193797343
3.0383999999999203,1.5503379844960132
3.04006999999992,1.5524934496122917
3.04173999999992,1.5546489147285707
3.04340999999992,1.5568043798448497
3.0450799999999196,1.5589598449611286
3.0467499999999195,1.5611153100774076
3.0484199999999193,1.563270775193686
3.050089999999919,1.565426240309965
3.051759999999919,1.567581705426244
3.053429999999919,1.569737170542523
3.0550999999999187,1.5718926356588019
3.0567699999999185,1.5740481007750804
3.0584399999999183,1.5762035658913593
3.060109999999918,1.5783590310076383
3.061779999999918,1.5805144961239173
3.063449999999918,1.5826699612401962
3.0651199999999177,1.5848254263564747
3.0667899999999175,1.5869808914727537
3.0684599999999174,1.5891363565890326
3.070129999999917,1.5912918217053116
3.071799999999917,1.593456249999883
3.073469999999917,1.5956481249998828
3.0751399999999167,1.5978399999998827
3.0768099999999166,1.6000318749998825
3.0784799999999164,1.6022237499998824
3.0801499999999162,1.6044156249998822
3.081819999999916,1.606607499999882
3.083489999999916,1.6087993749998821
3.0851599999999157,1.610991249999882
3.0868299999999156,1.6131831249998818
3.0884999999999154,1.6153749999998817
3.0901699999999153,1.6175668749998815
3.091839999999915,1.6197587499998813
3.093509999999915,1.6219506249998807
3.0951799999999148,1.6241424999998806
3.0968499999999146,1.6263343749998804
3.0985199999999145,1.6285262499998803
3.1001899999999143,1.6307181249998801
3.101859999999914,1.63290999999988
3.103529999999914,1.6351018749998798
3.105199999999914,1.6372937499998796
3.1068699999999136,1.6394856249998795
3.1085399999999135,1.6416427131781757
3.1102099999999133,1.6437981782944546
3.111879999999913,1.6459536434107336
3.113549999999913,1.6481091085270125
3.115219999999913,1.6502645736432915
3.1168899999999127,1.6524200387595704
3.1185599999999125,1.6545755038758496
3.1202299999999124,1.6567309689921281
3.121899999999912,1.658886434108407
3.123569999999912,1.661041899224686
3.125239999999912,1.663197364340965
3.1269099999999117,1.665352829457244
3.1285799999999115,1.667508294573523
3.1302499999999114,1.6696637596898014
3.131919999999911,1.6718192248060804
3.133589999999911,1.6739746899223593
3.135259999999911,1.6761301550386383
3.1369299999999107,1.6782856201549172
3.1385999999999106,1.6804410852711962
3.1402699999999104,1.6825965503874751
3.1419399999999102,1.6847520155037536
3.14360999999991,1.6869256249998756
3.14527999999991,1.6891174999998755
3.1469499999999098,1.6913093749998753
3.1486199999999096,1.6935012499998752
3.1502899999999094,1.695693124999875
3.1519599999999093,1.6978849999998749
3.153629999999909,1.7000768749998747
3.155299999999909,1.7022687499998745
3.156969999999909,1.7044606249998744
3.1586399999999086,1.7066524999998742
3.1603099999999085,1.708844374999874
3.1619799999999083,1.7110362499998735
3.163649999999908,1.7132281249998733
3.165319999999908,1.7154199999998732
3.166989999999908,1.7176118749998732
3.1686599999999077,1.719803749999873
3.1703299999999075,1.721995624999873
3.1719999999999073,1.7241874999998728
3.173669999999907,1.7263793749998726
3.175339999999907,1.7285712499998724
3.177009999999907,1.7307631249998723
3.1786799999999067,1.7329474418603392
3.1803499999999065,1.7351029069766182
3.1820199999999064,1.7372583720928971
3.183689999999906,1.739413837209176
3.185359999999906,1.741569302325455
3.187029999999906,1.7437247674417335
3.1886999999999057,1.7458802325580125
3.1903699999999056,1.7480356976742915
3.1920399999999054,1.7501911627905704
3.1937099999999052,1.7523466279068494
3.195379999999905,1.7545020930231283
3.197049999999905,1.7566575581394073
3.1987199999999048,1.7588130232556858
3.2003899999999046,1.7609684883719647
3.2020599999999044,1.7631239534882437
3.2037299999999043,1.7652794186045226
3.205399999999904,1.7674348837208016
3.207069999999904,1.7695903488370806
3.208739999999904,1.7717458139533595
3.2104099999999036,1.773901279069638
3.2120799999999035,1.776056744185917
3.2137499999999033,1.778212209302196
3.215419999999903,1.7803676744184749
3.217089999999903,1.7825231395347538
3.218759999999903,1.7846786046510323
3.2204299999999026,1.7868340697673113
3.2220999999999025,1.7889895348835902
3.2237699999999023,1.7911449999998692
3.225439999999902,1.7933004651161482
3.227109999999902,1.7954559302324267
3.228779999999902,1.7976113953487056
3.2304499999999017,1.7997668604649846
3.2321199999999015,1.8019223255812635
3.2337899999999014,1.8040777906975425
3.235459999999901,1.8062332558138217
3.237129999999901,1.8083887209301002
3.238799999999901,1.8105441860463791
3.2404699999999007,1.812699651162658
3.2421399999999005,1.814855116278937
3.2438099999999004,1.817010581395216
3.2454799999999002,1.8191660465114945
3.2471499999999,1.8213215116277734
3.2488199999999,1.8234769767440524
3.2504899999998997,1.825643124999864
3.2521599999998996,1.8278349999998638
3.2538299999998994,1.8300268749998636
3.2554999999998993,1.8322187499998634
3.257169999999899,1.8344106249998633
3.258839999999899,1.8366024999998631
3.2605099999998988,1.838794374999863
3.2621799999998986,1.8409862499998628
3.2638499999998984,1.8431781249998627
3.2655199999998983,1.845369999999862
3.267189999999898,1.847561874999862
3.268859999999898,1.8497537499998618
3.270529999999898,1.8519456249998616
3.2721999999998976,1.8541374999998614
3.2738699999998975,1.8563293749998613
3.2755399999998973,1.8585212499998611
3.277209999999897,1.860713124999861
3.278879999999897,1.8629049999998608
3.280549999999897,1.8650968749998607
3.2822199999998967,1.8672887499998605
3.2838899999998965,1.8694806249998606
3.2855599999998963,1.871672403100638
3.287229999999896,1.873827868216917
3.288899999999896,1.8759833333331954
3.290569999999896,1.8781387984494744
3.2922399999998957,1.8802942635657534
3.2939099999998955,1.8824497286820323
3.2955799999998954,1.8846051937983113
3.297249999999895,1.8867606589145902
3.298919999999895,1.8889161240308692
3.300589999999895,1.8910715891471477
3.3022599999998947,1.8932270542634266
3.3039299999998946,1.8953825193797056
3.3055999999998944,1.8975379844959845
3.3072699999998942,1.8996934496122635
3.308939999999894,1.9018489147285425
3.310609999999894,1.904004379844821
3.3122799999998938,1.9061598449611
3.3139499999998936,1.9083153100773789
3.3156199999998934,1.9104707751936578
3.3172899999998933,1.9126262403099368
3.318959999999893,1.914781705426216
3.320629999999893,1.916937170542495
3.322299999999893,1.9191124999998566
3.3239699999998926,1.9213043749998564
3.3256399999998925,1.9234962499998562
3.3273099999998923,1.925688124999856
3.328979999999892,1.927879999999856
3.330649999999892,1.9300718749998558
3.332319999999892,1.9322637499998556
3.3339899999998917,1.934455624999855
3.3356599999998915,1.9366474999998549
3.3373299999998913,1.9388393749998547
3.338999999999891,1.9410312499998545
3.340669999999891,1.9432231249998544
3.342339999999891,1.9454149999998542
3.3440099999998907,1.947606874999854
3.3456799999998905,1.949798749999854
3.3473499999998904,1.9519906249998538
3.34901999999989,1.9541824999998536
3.35068999999989,1.9563743749998537
3.35235999999989,1.9585662499998535
3.3540299999998897,1.9607581249998534
3.3556999999998895,1.9629499999998532
3.3573699999998894,1.96513259689908
3.3590399999998892,1.967288062015359
3.360709999999889,1.969443527131638
3.362379999999889,1.971598992247917
3.3640499999998887,1.9737544573641959
3.3657199999998886,1.9759099224804744
3.3673899999998884,1.9780653875967533
3.3690599999998883,1.9802208527130323
3.370729999999888,1.9823763178293112
3.372399999999888,1.9845317829455902
3.3740699999998878,1.9866872480618687
3.3757399999998876,1.9888427131781476
3.3774099999998874,1.9909981782944266
3.3790799999998873,1.9931536434107056
3.380749999999887,1.9953091085269845
3.382419999999887,1.997464573643263
3.384089999999887,1.999620038759542
3.3857599999998866,2.0017755038758214
3.3874299999998865,2.0039309689921003
3.3890999999998863,2.0060864341083793
3.390769999999886,2.0082418992246573
3.392439999999886,2.0103973643409363
3.394109999999886,2.0125818749998485
3.3957799999998857,2.014773749999849
3.3974499999998855,2.016965624999848
3.3991199999998853,2.0191574999998485
3.400789999999885,2.0213493749998483
3.402459999999885,2.023541249999848
3.404129999999885,2.025733124999848
3.4057999999998847,2.027924999999848
3.4074699999998845,2.030116874999847
3.4091399999998844,2.0323087499998467
3.410809999999884,2.0345006249998465
3.412479999999884,2.0366924999998464
3.414149999999884,2.038884374999846
3.4158199999998837,2.041076249999846
3.4174899999998836,2.043268124999846
3.4191599999998834,2.0454599999998457
3.4208299999998832,2.0476518749998456
3.422499999999883,2.0498437499998454
3.424169999999883,2.0520356249998453
3.4258399999998828,2.054227499999845
3.4275099999998826,2.056419374999845
3.4291799999998824,2.0585927906975217
3.4308499999998823,2.0607482558138
3.432519999999882,2.0629037209300796
3.434189999999882,2.065059186046358
3.435859999999882,2.0672146511626375
3.4375299999998816,2.069370116278916
3.4391999999998815,2.0715255813951954
3.4408699999998813,2.073681046511474
3.442539999999881,2.0758365116277533
3.444209999999881,2.077991976744032
3.445879999999881,2.0801474418603103
3.4475499999998807,2.0823029069765897
3.4492199999998805,2.084458372092868
3.4508899999998803,2.0866138372091476
3.45255999999988,2.088769302325426
3.45422999999988,2.0909247674417055
3.45589999999988,2.093080232557984
3.4575699999998797,2.0952356976742634
3.4592399999998795,2.097391162790542
3.4609099999998794,2.0995466279068213
3.462579999999879,2.1017020930231
3.464249999999879,2.1038575581393784
3.465919999999879,2.1060130232556578
3.4675899999998787,2.1081684883719363
3.4692599999998786,2.1103239534882157
3.4709299999998784,2.112479418604494
3.4725999999998782,2.1146348837207727
3.474269999999878,2.116790348837052
3.475939999999878,2.1189458139533306
3.4776099999998777,2.12110127906961
3.4792799999998776,2.1232567441858885
3.4809499999998774,2.125412209302167
3.4826199999998773,2.1275676744184464
3.484289999999877,2.129723139534725
3.485959999999877,2.1318786046510043
3.4876299999998768,2.134034069767283
3.4892999999998766,2.1361895348835613
3.4909699999998764,2.1383449999998407
3.4926399999998763,2.1405004651161192
3.494309999999876,2.1426559302323986
3.495979999999876,2.144811395348677
3.497649999999876,2.1469668604649557
3.4993199999998756,2.149122325581235
3.5009899999998755,2.151299374999837
3.5026599999998753,2.1534912499998367
3.504329999999875,2.1556831249998365
3.505999999999875,2.1578749999998355
3.507669999999875,2.1600668749998353
3.5093399999998747,2.162258749999835
3.5110099999998745,2.164450624999835
3.5126799999998743,2.166642499999835
3.514349999999874,2.1688343749998347
3.516019999999874,2.1710262499998345
3.517689999999874,2.1732181249998344
3.5193599999998737,2.175409999999834
3.5210299999998735,2.177601874999833
3.5226999999998734,2.179793749999833
3.524369999999873,2.181985624999833
3.526039999999873,2.1841774999998327
3.527709999999873,2.1863693749998325
3.5293799999998727,2.1885612499998324
3.5310499999998726,2.190753124999832
3.5327199999998724,2.192944999999832
3.5343899999998722,2.1951368749998315
3.536059999999872,2.197317751937819
3.537729999999872,2.1994732170540976
3.5393999999998718,2.201628682170377
3.5410699999998716,2.2037841472866555
3.5427399999998714,2.205939612402934
3.5444099999998713,2.2080950775192134
3.546079999999871,2.210250542635492
3.547749999999871,2.2124060077517713
3.549419999999871,2.21456147286805
3.5510899999998706,2.2167169379843283
3.5527599999998705,2.2188724031006077
3.5544299999998703,2.2210278682168862
3.55609999999987,2.2231833333331648
3.55776999999987,2.225338798449444
3.55943999999987,2.2274942635657227
3.5611099999998697,2.229649728682002
3.5627799999998695,2.2318051937982806
3.5644499999998693,2.233960658914559
3.566119999999869,2.2361161240308385
3.567789999999869,2.238271589147117
3.569459999999869,2.2404270542633964
3.5711299999998687,2.242582519379675
3.5727999999998685,2.244768749999827
3.5744699999998684,2.2469606249998266
3.576139999999868,2.2491524999998265
3.577809999999868,2.2513443749998263
3.579479999999868,2.2535362499998253
3.5811499999998677,2.255728124999825
3.5828199999998676,2.257919999999825
3.5844899999998674,2.260111874999825
3.5861599999998672,2.2623037499998246
3.587829999999867,2.2644956249998245
3.589499999999867,2.2666874999998243
3.5911699999998667,2.268879374999824
3.5928399999998666,2.271071249999824
3.5945099999998664,2.273263124999823
3.5961799999998663,2.275454999999823
3.597849999999866,2.2776468749998227
3.599519999999866,2.2798387499998225
3.6011899999998658,2.2820306249998223
3.6028599999998656,2.284222499999822
3.6045299999998655,2.286414374999822
3.6061999999998653,2.288606249999822
3.607869999999865,2.2907779457362585
3.609539999999865,2.292933410852537
3.611209999999865,2.2950888759688164
3.6128799999998646,2.297244341085095
3.6145499999998645,2.2993998062013734
3.6162199999998643,2.301555271317653
3.617889999999864,2.3037107364339313
3.619559999999864,2.3058662015502107
3.621229999999864,2.3080216666664892
3.6228999999998637,2.3101771317827677
3.6245699999998635,2.312332596899047
3.6262399999998634,2.3144880620153256
3.627909999999863,2.316643527131604
3.629579999999863,2.3187989922478836
3.631249999999863,2.320954457364162
3.6329199999998627,2.3231099224804415
3.6345899999998625,2.32526538759672
3.6362599999998624,2.3274208527129985
3.637929999999862,2.329576317829278
3.639599999999862,2.3317317829455564
3.641269999999862,2.333887248061836
3.6429399999998617,2.3360462499998165
3.6446099999998616,2.3382381249998163
3.6462799999998614,2.340429999999816
3.6479499999998612,2.342621874999816
3.649619999999861,2.344813749999816
3.651289999999861,2.3470056249998157
3.6529599999998608,2.3491974999998146
3.6546299999998606,2.3513893749998145
3.6562999999998604,2.3535812499998143
3.6579699999998603,2.355773124999814
3.65963999999986,2.357964999999814
3.66130999999986,2.360156874999814
3.66297999999986,2.3623487499998137
3.6646499999998596,2.3645406249998135
3.6663199999998595,2.366732499999814
3.6679899999998593,2.368924374999813
3.669659999999859,2.3711162499998126
3.671329999999859,2.3733081249998125
3.672999999999859,2.3754999999998123
3.6746699999998587,2.377691874999812
3.6763399999998585,2.379883749999812
3.6780099999998583,2.382075624999812
3.679679999999858,2.3842381395346983
3.681349999999858,2.386393604650977
3.683019999999858,2.3885490697672562
3.6846899999998577,2.3907045348835347
3.6863599999998575,2.3928599999998132
3.6880299999998574,2.3950154651160926
3.689699999999857,2.397170930232371
3.691369999999857,2.3993263953486506
3.693039999999857,2.401481860464929
3.6947099999998567,2.4036373255812076
3.6963799999998566,2.405792790697487
3.6980499999998564,2.4079482558137655
3.6997199999998562,2.410103720930044
3.701389999999856,2.4122591860463234
3.703059999999856,2.414414651162602
3.7047299999998557,2.4165701162788813
3.7063999999998556,2.41872558139516
3.7080699999998554,2.4208810465114383
3.7097399999998553,2.4230365116277177
3.711409999999855,2.4251919767439962
3.713079999999855,2.4273474418602756
3.714749999999855,2.429502906976554
3.7164199999998546,2.4316583720928326
3.7180899999998545,2.433813837209112
3.7197599999998543,2.4359693023253906
3.721429999999854,2.438124767441669
3.723099999999854,2.4402802325579485
3.724769999999854,2.442435697674227
3.7264399999998536,2.4445911627905055
3.7281099999998535,2.446746627906785
3.7297799999998533,2.4489020930230634
3.731449999999853,2.451057558139342
3.733119999999853,2.4532130232556213
3.734789999999853,2.4553684883719
3.7364599999998527,2.4575239534881783
3.7381299999998525,2.4596794186044577
3.7397999999998524,2.4618348837207362
3.741469999999852,2.4639903488370147
3.743139999999852,2.466145813953294
3.744809999999852,2.4683012790695726
3.7464799999998517,2.470456744185851
3.7481499999998515,2.4726122093021305
3.7498199999998514,2.474767674418409
3.751489999999851,2.476955624999801
3.753159999999851,2.479147499999801
3.754829999999851,2.4813393749998007
3.7564999999998507,2.4835312499998
3.7581699999998506,2.4857231249998
3.7598399999998504,2.4879149999998
3.7615099999998503,2.4901068749997997
3.76317999999985,2.4922987499997995
3.76484999999985,2.4944906249997993
3.7665199999998498,2.496682499999799
3.7681899999998496,2.498874374999799
3.7698599999998494,2.501066249999798
3.7715299999998493,2.503258124999798
3.773199999999849,2.5054499999997977
3.774869999999849,2.5076418749997975
3.776539999999849,2.5098337499997974
3.7782099999998486,2.512025624999797
3.7798799999998485,2.514217499999797
3.7815499999998483,2.516409374999797
3.783219999999848,2.5186012499997967
3.784889999999848,2.5207931249997957
3.786559999999848,2.522963100774993
3.7882299999998477,2.5251185658912716
3.7898999999998475,2.527274031007551
3.7915699999998473,2.5294294961238295
3.793239999999847,2.531584961240108
3.794909999999847,2.5337404263563874
3.796579999999847,2.535895891472666
3.7982499999998467,2.5380513565889453
3.7999199999998465,2.5402068217052243
3.8015899999998464,2.542362286821503
3.803259999999846,2.544517751937782
3.804929999999846,2.5466732170540607
3.806599999999846,2.54882868217034
3.8082699999998457,2.5509841472866186
3.8099399999998456,2.553139612402897
3.8116099999998454,2.5552950775191765
3.8132799999998452,2.557450542635455
3.814949999999845,2.5596060077517335
3.816619999999845,2.561761472868013
3.8182899999998448,2.5639169379842914
3.8199599999998446,2.566072403100571
3.8216299999998444,2.5682331249997916
3.8232999999998443,2.5704249999997915
3.824969999999844,2.5726168749997913
3.826639999999844,2.574808749999791
3.828309999999844,2.577000624999791
3.8299799999998436,2.57919249999979
3.8316499999998435,2.58138437499979
3.8333199999998433,2.5835762499997896
3.834989999999843,2.5857681249997895
3.836659999999843,2.5879599999997893
3.838329999999843,2.590151874999789
3.8399999999998427,2.592343749999789
3.8416699999998425,2.594535624999789
3.8433399999998423,2.596727499999788
3.845009999999842,2.5989193749997876
3.846679999999842,2.6011112499997875
3.848349999999842,2.6033031249997873
3.8500199999998417,2.605494999999787
3.8516899999998415,2.607686874999787
3.8533599999998414,2.609878749999787
3.855029999999841,2.6120706249997867
3.856699999999841,2.6142624999997865
3.858369999999841,2.616423294573433
3.8600399999998407,2.6185787596897114
3.8617099999998405,2.620734224805991
3.8633799999998404,2.6228896899222693
3.8650499999998402,2.6250451550385487
3.86671999999984,2.6272006201548272
3.86838999999984,2.6293560852711058
3.8700599999998397,2.631511550387385
3.8717299999998396,2.6336670155036637
3.8733999999998394,2.635822480619942
3.8750699999998393,2.6379779457362216
3.876739999999839,2.6401334108525
3.878409999999839,2.6422888759687795
3.8800799999998388,2.644444341085058
3.8817499999998386,2.6465998062013365
3.8834199999998384,2.648755271317616
3.8850899999998383,2.6509107364338944
3.886759999999838,2.653066201550173
3.888429999999838,2.6552216666664523
3.890099999999838,2.657377131782731
3.8917699999998376,2.6595325968990102
3.8934399999998375,2.661702499999781
3.8951099999998373,2.663894374999781
3.896779999999837,2.666086249999781
3.898449999999837,2.6682781249997807
3.900119999999837,2.6704699999997805
3.9017899999998367,2.6726618749997804
3.9034599999998365,2.6748537499997793
3.9051299999998363,2.677045624999779
3.906799999999836,2.679237499999779
3.908469999999836,2.681429374999779
3.910139999999836,2.6836212499997787
3.9118099999998357,2.6858131249997785
3.9134799999998355,2.6880049999997784
3.9151499999998354,2.690196874999778
3.916819999999835,2.692388749999777
3.918489999999835,2.694580624999777
3.920159999999835,2.696772499999777
3.9218299999998347,2.6989643749997767
3.9234999999998346,2.7011562499997765
3.9251699999998344,2.7033481249997764
3.9268399999998342,2.7055399999997762
3.928509999999834,2.707728023255594
3.930179999999834,2.7098834883718723
3.9318499999998338,2.7120389534881513
3.9335199999998336,2.7141944186044307
3.9351899999998334,2.716349883720709
3.9368599999998333,2.7185053488369877
3.938529999999833,2.720660813953267
3.940199999999833,2.7228162790695456
3.941869999999833,2.724971744185824
3.9435399999998326,2.7271272093021035
3.9452099999998325,2.729282674418382
3.9468799999998323,2.7314381395346605
3.948549999999832,2.73359360465094
3.950219999999832,2.7357490697672184
3.951889999999832,2.737904534883497
3.9535599999998317,2.7400599999997763
3.9552299999998315,2.742215465116055
3.9568999999998313,2.7443709302323334
3.958569999999831,2.7465263953486128
3.960239999999831,2.7486818604648913
3.961909999999831,2.75083732558117
3.9635799999998307,2.752992790697449
3.9652499999998305,2.7551482558137277
3.9669199999998304,2.757303720930006
3.96858999999983,2.7594591860462856
3.97025999999983,2.761614651162564
3.97192999999983,2.7637701162788435
3.9735999999998297,2.765925581395122
3.9752699999998296,2.7680810465114005
3.9769399999998294,2.77023651162768
3.9786099999998292,2.7723919767439584
3.980279999999829,2.774547441860237
3.981949999999829,2.7767029069765163
3.9836199999998287,2.778858372092795
3.9852899999998286,2.7810138372090742
3.9869599999998284,2.7831693023253528
3.9886299999998283,2.7853247674416313
3.990299999999828,2.7874802325579107
3.991969999999828,2.789635697674189
3.9936399999998278,2.7917911627904686
3.9953099999998276,2.793946627906747
3.9969799999998274,2.7961020930230256
3.9986499999998273,2.798257558139305
4.000319999999827,2.80052222222193
4.001989999999827,2.8032475694441525
4.003659999999827,2.805972916666374
4.005329999999827,2.8086982638885964
4.0069999999998265,2.811423611110818
4.008669999999826,2.8141489583330395
4.010339999999826,2.816874305555262
4.012009999999826,2.8195996527774834
4.013679999999826,2.8223249999997058
4.015349999999826,2.8250503472219273
4.0170199999998255,2.8277756944441497
4.018689999999825,2.830501041666371
4.020359999999825,2.8332263888885927
4.022029999999825,2.835951736110815
4.023699999999825,2.8386120426826404
4.025369999999825,2.841246874999713
4.0270399999998245,2.8438817073167857
4.028709999999824,2.8465165396338588
4.030379999999824,2.8491513719509323
4.032049999999824,2.851786204268005
4.033719999999824,2.8544210365850775
4.035389999999824,2.857055868902151
4.037059999999824,2.8597235016068163
4.038729999999823,2.8623947438076103
4.040399999999823,2.8650659860084047
4.042069999999823,2.867737228209198
4.043739999999823,2.8704084704099917
4.045409999999823,2.873079712610786
4.047079999999823,2.87575095481158
4.048749999999822,2.8784221970123736
4.050419999999822,2.881093439213167
4.052089999999822,2.8837646814139606
4.053759999999822,2.886435923614755
4.055429999999822,2.889107165815549
4.057099999999822,2.8917784080163424
4.0587699999998215,2.894449650217136
4.060439999999821,2.8971208924179304
4.062109999999821,2.899792134618724
4.063779999999821,2.902463376819518
4.065449999999821,2.9051346190203113
4.067119999999821,2.9078058612211057
4.0687899999998205,2.9104771034218992
4.07045999999982,2.9131483456226928
4.07212999999982,2.915803429877754
4.07379999999982,2.9184382621948277
4.07546999999982,2.9210730945119003
4.07713999999982,2.923707926828973
4.0788099999998195,2.9263427591460456
4.080479999999819,2.928977591463119
4.082149999999819,2.9316124237801917
4.083819999999819,2.9342472560972643
4.085489999999819,2.936882088414337
4.087159999999819,2.9395169207314096
4.0888299999998186,2.942151753048483
4.090499999999818,2.9447865853655557
4.092169999999818,2.9474214176826283
4.093839999999818,2.950056249999702
4.095509999999818,2.9526910823167745
4.097179999999818,2.955325914633847
4.098849999999818,2.95796074695092
4.100519999999817,2.9605955792679937
4.102189999999817,2.9632304115850663
4.103859999999817,2.965865243902139
4.105529999999817,2.9685000762192124
4.107199999999817,2.9711404802417074
4.108869999999817,2.973811722442501
4.1105399999998165,2.9764829646432953
4.112209999999816,2.979154206844089
4.113879999999816,2.9818400229683895
4.115549999999816,2.984601780074332
4.117219999999816,2.9873635371802756
4.118889999999816,2.990125294286218
4.1205599999998155,2.9928870513921613
4.122229999999815,2.9956488084981037
4.123899999999815,2.998410565604046
4.125569999999815,3.0011723227099893
4.127239999999815,3.0039340798159317
4.128909999999815,3.0066958369218755
4.1305799999998145,3.009457594027818
4.132249999999814,3.012219351133761
4.133919999999814,3.0149811082397036
4.135589999999814,3.017742865345646
4.137259999999814,3.0204423520511177
4.138929999999814,3.023113594251911
4.1405999999998135,3.025784836452706
4.142269999999813,3.0284560786534995
4.143939999999813,3.0311019817070104
4.145609999999813,3.033736814024084
4.147279999999813,3.0363716463411565
4.148949999999813,3.039006478658229
4.150619999999813,3.0416413109753027
4.152289999999812,3.0442761432923753
4.153959999999812,3.046910975609448
4.155629999999812,3.0495458079265205
4.157299999999812,3.052180640243594
4.158969999999812,3.0548154725606667
4.160639999999812,3.0574503048777393
4.162309999999811,3.060085137194813
4.163979999999811,3.0627199695118854
4.165649999999811,3.065354801828958
4.167319999999811,3.067989634146031
4.168989999999811,3.0706244664631037
4.170659999999811,3.0732592987801772
4.1723299999998105,3.07589413109725
4.17399999999981,3.0785289634143225
4.17566999999981,3.081163795731395
4.17733999999981,3.0837986280484686
4.17900999999981,3.0864482132725137
4.18067999999981,3.0891194554733072
4.1823499999998095,3.0917906976741008
4.184019999999809,3.094461939874895
4.185689999999809,3.097133182075689
4.187359999999809,3.0998044242764826
4.189029999999809,3.102475666477276
4.190699999999809,3.1051469086780705
4.1923699999998085,3.107818150878864
4.194039999999808,3.1104893930796575
4.195709999999808,3.113160635280451
4.197379999999808,3.115831877481246
4.199049999999808,3.1185031196820394
4.200719999999808,3.121174361882833
4.202389999999808,3.1238456040836264
4.204059999999807,3.12651684628442
4.205729999999807,3.1291880884852143
4.207399999999807,3.1318593306860083
4.209069999999807,3.134530572886802
4.210739999999807,3.137201815087596
4.212409999999807,3.1398730572883897
4.214079999999806,3.1425442994891832
4.215749999999806,3.1452155416899776
4.217419999999806,3.1478867838907716
4.219089999999806,3.150558026091565
4.220759999999806,3.1532292682923595
4.222429999999806,3.155900510493153
4.2240999999998055,3.1585717526939465
4.225769999999805,3.1612429948947405
4.227439999999805,3.163914237095535
4.229109999999805,3.1665854792963284
4.230779999999805,3.169256721497122
4.232449999999805,3.1719279636979154
4.2341199999998045,3.17459920589871
4.235789999999804,3.1772704480995038
4.237459999999804,3.1799416903002973
4.239129999999804,3.182612932501091
4.240799999999804,3.185284174701885
4.242469999999804,3.1879554169026787
4.2441399999998035,3.1906266591034727
4.245809999999803,3.193297901304266
4.247479999999803,3.1959691435050606
4.249149999999803,3.198640385705854
4.250819999999803,3.2013381944441086
4.252489999999803,3.204063541666331
4.2541599999998025,3.2067888888885525
4.255829999999802,3.209514236110775
4.257499999999802,3.2122395833329964
4.259169999999802,3.214964930555219
4.260839999999802,3.2176902777774403
4.262509999999802,3.2204156249996627
4.264179999999802,3.2231409722218842
4.265849999999801,3.2258663194441066
4.267519999999801,3.228591666666328
4.269189999999801,3.2313170138885505
4.270859999999801,3.2340423611107725
4.272529999999801,3.236766082316746
4.274199999999801,3.2394009146338187
4.2758699999998,3.2420357469508914
4.2775399999998,3.244670579267964
4.2792099999998,3.2473054115850375
4.2808799999998,3.24994024390211
4.2825499999998,3.2525750762191827
4.2842199999998,3.2552099085362554
4.2858899999997995,3.25785203251999
4.287559999999799,3.260523274720785
4.289229999999799,3.2631945169215784
4.290899999999799,3.265865759122372
4.292569999999799,3.2685370013231654
4.294239999999799,3.27120824352396
4.2959099999997985,3.2738794857247533
4.297579999999798,3.2765507279255472
4.299249999999798,3.2792219701263408
4.300919999999798,3.281893212327135
4.302589999999798,3.2845644545279287
4.304259999999798,3.287235696728722
4.3059299999997975,3.2899069389295157
4.307599999999797,3.29257818113031
4.309269999999797,3.295249423331104
4.310939999999797,3.2979206655318976
4.312609999999797,3.300591907732691
4.314279999999797,3.3032631499334846
4.315949999999797,3.305934392134279
4.317619999999796,3.3086056343350725
4.319289999999796,3.311276876535866
4.320959999999796,3.313948118736661
4.322629999999796,3.3165923018289316
4.324299999999796,3.3192271341460042
4.325969999999796,3.321861966463077
4.327639999999795,3.3244967987801504
4.329309999999795,3.327131631097223
4.330979999999795,3.3297664634142956
4.332649999999795,3.332401295731369
4.334319999999795,3.3350361280484417
4.335989999999795,3.3376709603655144
4.3376599999997945,3.340305792682588
4.339329999999794,3.342940624999661
4.340999999999794,3.3455754573167336
4.342669999999794,3.348210289633807
4.344339999999794,3.3508451219508797
4.346009999999794,3.3534799542679523
4.3476799999997935,3.356114786585025
4.349349999999793,3.3587496189020976
4.351019999999793,3.361384451219171
4.352689999999793,3.3640192835362437
4.354359999999793,3.3666541158533163
4.356029999999793,3.369288948170389
4.3576999999997925,3.371940253355675
4.359369999999792,3.3746114955564686
4.361039999999792,3.377282737757262
4.362709999999792,3.3799539799580556
4.364379999999792,3.382666896353358
4.366049999999792,3.3854286534593014
4.3677199999997915,3.388190410565244
4.369389999999791,3.390952167671187
4.371059999999791,3.3937139247771295
4.372729999999791,3.3964756818830732
4.374399999999791,3.3992374389890156
4.376069999999791,3.401999196094959
4.377739999999791,3.4047609532009013
4.37940999999979,3.4075227103068446
4.38107999999979,3.4102844674127875
4.38274999999979,3.4130462245187307
4.38441999999979,3.415807981624673
4.38608999999979,3.4185697387306164
4.38775999999979,3.4212421251650857
4.3894299999997894,3.4239133673658806
4.391099999999789,3.426584609566674
4.392769999999789,3.4292558517674676
4.394439999999789,3.4318908536581887
4.396109999999789,3.434525685975262
4.397779999999789,3.437160518292335
4.3994499999997885,3.4397953506094074
4.401119999999788,3.44243018292648
4.402789999999788,3.4450650152435527
4.404459999999788,3.447699847560626
4.406129999999788,3.450334679877699
4.407799999999788,3.4529695121947714
4.4094699999997875,3.455604344511844
4.411139999999787,3.4582391768289176
4.412809999999787,3.46087400914599
4.414479999999787,3.463508841463063
4.416149999999787,3.4661436737801354
4.417819999999787,3.468778506097209
4.4194899999997865,3.4714133384142816
4.421159999999786,3.474048170731354
4.422829999999786,3.476683003048427
4.424499999999786,3.4793178353655003
4.426169999999786,3.481952667682574
4.427839999999786,3.4845874999996465
4.429509999999786,3.487247986386482
4.431179999999785,3.489919228587275
4.432849999999785,3.4925904707880697
4.434519999999785,3.495261712988863
4.436189999999785,3.4979329551896567
4.437859999999785,3.5006041973904507
4.439529999999785,3.5032754395912447
4.441199999999784,3.5059466817920377
4.442869999999784,3.5086179239928326
4.444539999999784,3.5112891661936265
4.446209999999784,3.5139604083944196
4.447879999999784,3.5166316505952144
4.449549999999784,3.5193028927960075
4.4512199999997835,3.5219741349968015
4.452889999999783,3.5246453771975945
4.454559999999783,3.5273166193983894
4.456229999999783,3.5299878615991824
4.457899999999783,3.5326591037999764
4.459569999999783,3.5353303460007703
4.4612399999997825,3.5380015882015643
4.462909999999782,3.5406728304023583
4.464579999999782,3.5433440726031513
4.466249999999782,3.5460153148039453
4.467919999999782,3.5486865570047392
4.469589999999782,3.551357799205533
4.4712599999997815,3.554029041406327
4.472929999999781,3.55670028360712
4.474599999999781,3.559371525807915
4.476269999999781,3.562042768008708
4.477939999999781,3.564714010209502
4.479609999999781,3.567385252410296
4.4812799999997806,3.57005649461109
4.48294999999978,3.572727736811884
4.48461999999978,3.575398979012677
4.48628999999978,3.578070221213472
4.48795999999978,3.580741463414266
4.48962999999978,3.583412705615059
4.49129999999978,3.5860839478158537
4.492969999999779,3.588755190016647
4.494639999999779,3.5914264322174407
4.496309999999779,3.5940976744182356
4.497979999999779,3.5967689166190286
4.499649999999779,3.5994401588198226
4.501319999999779,3.6021541666662893
4.5029899999997784,3.604879513888511
4.504659999999778,3.607604861110733
4.506329999999778,3.6103302083329547
4.507999999999778,3.613055555555176
4.509669999999778,3.6157809027773986
4.511339999999778,3.61850624999962
4.5130099999997775,3.6212315972218425
4.514679999999777,3.623956944444065
4.516349999999777,3.6266822916662864
4.518019999999777,3.629407638888509
4.519689999999777,3.6321329861107303
4.521359999999777,3.6348583333329527
4.5230299999997765,3.637554954267923
4.524699999999776,3.6401897865849966
4.526369999999776,3.64282461890207
4.528039999999776,3.6454594512191427
4.529709999999776,3.6480942835362162
4.531379999999776,3.6507291158532897
4.5330499999997755,3.6533639481703615
4.534719999999775,3.655998780487435
4.536389999999775,3.6586518056339594
4.538059999999775,3.6613230478347534
4.539729999999775,3.663994290035548
4.541399999999775,3.6666655322363413
4.543069999999775,3.6693367744371352
4.544739999999774,3.6720080166379283
4.546409999999774,3.6746792588387223
4.548079999999774,3.677350501039517
4.549749999999774,3.68002174324031
4.551419999999774,3.682692985441104
4.553089999999774,3.685364227641899
4.554759999999773,3.688035469842692
4.556429999999773,3.690706712043486
4.558099999999773,3.693377954244279
4.559769999999773,3.696049196445073
4.561439999999773,3.698720438645868
4.563109999999773,3.701391680846661
4.5647799999997725,3.704062923047455
4.566449999999772,3.7067341652482497
4.568119999999772,3.709405407449042
4.569789999999772,3.7120766496498367
4.571459999999772,3.714746341463039
4.573129999999772,3.7173811737801117
4.5747999999997715,3.720016006097185
4.576469999999771,3.7226508384142587
4.578139999999771,3.7252856707313304
4.579809999999771,3.727920503048404
4.581479999999771,3.7305553353654775
4.583149999999771,3.733190167682549
4.5848199999997705,3.7358249999996227
4.58648999999977,3.738459832316696
4.58815999999977,3.741094664633769
4.58982999999977,3.7437294969508423
4.59149999999977,3.746364329267916
4.59316999999977,3.7489991615849876
4.5948399999997696,3.751633993902061
4.596509999999769,3.7542688262191346
4.598179999999769,3.7569036585362063
4.599849999999769,3.75953849085328
4.601519999999769,3.7621733231703542
4.603189999999769,3.764808155487426
4.604859999999769,3.7674429878044995
4.606529999999768,3.770077820121571
4.608199999999768,3.7727400264696476
4.609869999999768,3.7754112686704415
4.611539999999768,3.7780825108712346
4.613209999999768,3.7807537530720294
4.614879999999768,3.7834937697383326
4.6165499999997675,3.7862555268442755
4.618219999999767,3.7890172839502174
4.619889999999767,3.7917790410561603
4.621559999999767,3.794540798162105
4.623229999999767,3.797302555268047
4.624899999999767,3.8000643123739897
4.6265699999997665,3.8028260694799325
4.628239999999766,3.8055878265858745
4.629909999999766,3.808349583691819
4.631579999999766,3.811111340797761
4.633249999999766,3.813873097903704
4.634919999999766,3.8166348550096467
4.6365899999997655,3.819370656078264
4.638259999999765,3.8220418982790587
4.639929999999765,3.824713140479851
4.641599999999765,3.8273843826806457
4.643269999999765,3.830044893292298
4.644939999999765,3.8326797256093696
4.6466099999997645,3.835314557926444
4.648279999999764,3.8379493902435176
4.649949999999764,3.8405842225605893
4.651619999999764,3.843219054877663
4.653289999999764,3.8458538871947345
4.654959999999764,3.848488719511808
4.656629999999764,3.8511235518288816
4.658299999999763,3.8537583841459533
4.659969999999763,3.856393216463027
4.661639999999763,3.8590280487800994
4.663309999999763,3.861662881097173
4.664979999999763,3.8642977134142464
4.666649999999763,3.866932545731318
4.668319999999762,3.8695673780483917
4.669989999999762,3.872202210365465
4.671659999999762,3.874837042682537
4.673329999999762,3.8774718749996104
4.674999999999762,3.880106707316683
4.676669999999762,3.8827415396337566
4.6783399999997615,3.8853765172996617
4.680009999999761,3.888047759500455
4.681679999999761,3.8907190017012487
4.683349999999761,3.8933902439020436
4.685019999999761,3.8960614861028366
4.686689999999761,3.8987327283036306
4.6883599999997605,3.9014039705044254
4.69002999999976,3.9040752127052176
4.69169999999976,3.9067464549060125
4.69336999999976,3.9094176971068073
4.69503999999976,3.9120889393075995
4.69670999999976,3.9147601815083943
4.6983799999997595,3.917431423709189
4.700049999999759,3.920102665909983
4.701719999999759,3.922773908110776
4.703389999999759,3.92544515031157
4.705059999999759,3.928116392512365
4.706729999999759,3.930787634713158
4.708399999999759,3.933458876913952
4.710069999999758,3.936130119114745
4.711739999999758,3.938801361315539
4.713409999999758,3.941472603516334
4.715079999999758,3.944143845717127
4.716749999999758,3.946815087917921
4.718419999999758,3.949486330118714
4.720089999999757,3.952157572319509
4.721759999999757,3.9548288145203028
4.723429999999757,3.957500056721096
4.725099999999757,3.9601712989218907
4.726769999999757,3.9628425411226846
4.728439999999757,3.9655137833234777
4.7301099999997565,3.9681850255242725
4.731779999999756,3.9708562677250647
4.733449999999756,3.9735275099258596
4.735119999999756,3.9761987521266544
4.736789999999756,3.9788699943274466
4.738459999999756,3.9815412365282414
4.7401299999997555,3.9842124787290363
4.741799999999755,3.9868837209298285
4.743469999999755,3.9895549631306233
4.745139999999755,3.9922262053314164
4.746809999999755,3.9948974475322103
4.748479999999755,3.997568689733005
4.7501499999997545,4.000244791666254
4.751819999999754,4.002970138888475
4.753489999999754,4.005695486110699
4.755159999999754,4.00842083333292
4.756829999999754,4.011146180555142
4.758499999999754,4.013871527777363
4.7601699999997535,4.016596874999586
4.761839999999753,4.019322222221808
4.763509999999753,4.022047569444029
4.765179999999753,4.024772916666252
4.766849999999753,4.027498263888473
4.768519999999753,4.030223611110697
4.770189999999753,4.032948958332918
4.771859999999752,4.03567430555514
4.773529999999752,4.03834382621911
4.775199999999752,4.040978658536182
4.776869999999752,4.0436134908532555
4.778539999999752,4.046248323170328
4.780209999999752,4.048883155487402
4.781879999999751,4.051517987804475
4.783549999999751,4.054152820121547
4.785219999999751,4.05678765243862
4.786889999999751,4.059451578747937
4.788559999999751,4.062122820948729
4.790229999999751,4.064794063149524
4.7918999999997505,4.067465305350317
4.79356999999975,4.070136547551111
4.79523999999975,4.072807789751906
4.79690999999975,4.075479031952698
4.79857999999975,4.078150274153493
4.80024999999975,4.080821516354288
4.8019199999997495,4.08349275855508
4.803589999999749,4.086164000755875
4.805259999999749,4.088835242956669
4.806929999999749,4.091506485157462
4.808599999999749,4.0941777273582565
4.810269999999749,4.09684896955905
4.8119399999997485,4.099520211759845
4.813609999999748,4.102191453960638
4.815279999999748,4.104862696161432
4.816949999999748,4.107533938362227
4.818619999999748,4.110205180563019
4.820289999999748,4.112876422763814
4.821959999999748,4.115535213414226
4.823629999999747,4.118170045731299
4.825299999999747,4.120804878048372
4.826969999999747,4.123439710365444
4.828639999999747,4.126074542682518
4.830309999999747,4.128709374999591
4.831979999999747,4.131344207316663
4.833649999999746,4.133979039633736
4.835319999999746,4.136613871950808
4.836989999999746,4.139248704267882
4.838659999999746,4.141883536584956
4.840329999999746,4.144518368902028
4.841999999999746,4.147153201219101
4.8436699999997455,4.149788033536175
4.845339999999745,4.1524228658532465
4.847009999999745,4.15505769817032
4.848679999999745,4.157692530487392
4.850349999999745,4.160327362804465
4.852019999999745,4.16296219512154
4.8536899999997445,4.165597027438611
4.855359999999744,4.168231859755685
4.857029999999744,4.17086855738283
4.858699999999744,4.173539799583623
4.860369999999744,4.176211041784417
4.862039999999744,4.17888228398521
4.8637099999997435,4.181558886017367
4.865379999999743,4.18432064312331
4.867049999999743,4.187082400229253
4.868719999999743,4.1898441573351946
4.870389999999743,4.192605914441137
4.872059999999743,4.195367671547082
4.8737299999997425,4.198129428653024
4.875399999999742,4.200891185758967
4.877069999999742,4.203652942864909
4.878739999999742,4.206414699970852
4.880409999999742,4.209176457076796
4.882079999999742,4.211938214182738
4.883749999999742,4.214699971288681
4.885419999999741,4.217461728394623
4.887089999999741,4.2201704291922395
4.888759999999741,4.222841671393034
4.890429999999741,4.225512913593828
4.892099999999741,4.228184155794621
4.893769999999741,4.230833765243483
4.89543999999974,4.233468597560557
4.89710999999974,4.236103429877631
4.89877999999974,4.238738262194703
4.90044999999974,4.2413730945117765
4.90211999999974,4.24400792682885
4.90378999999974,4.246642759145922
4.9054599999997395,4.249277591462995
4.907129999999739,4.251912423780069
4.908799999999739,4.2545472560971405
4.910469999999739,4.257182088414214
4.912139999999739,4.259816920731288
4.913809999999739,4.26245175304836
4.9154799999997385,4.265086585365434
4.917149999999738,4.267721417682507
4.918819999999738,4.270356249999579
4.920489999999738,4.272991082316652
4.922159999999738,4.275625914633724
4.923829999999738,4.278260746950798
4.9254999999997375,4.280895579267872
4.927169999999737,4.283530411584944
4.928839999999737,4.286176290413639
4.930509999999737,4.288847532614432
4.932179999999737,4.291518774815226
4.933849999999737,4.294190017016021
4.935519999999737,4.296861259216814
4.937189999999736,4.299532501417608
4.938859999999736,4.302203743618403
4.940529999999736,4.304874985819196
4.942199999999736,4.30754622801999
4.943869999999736,4.310217470220783
4.945539999999736,4.312888712421578
4.947209999999735,4.315559954622372
4.948879999999735,4.318231196823165
4.950549999999735,4.32090243902396
4.952219999999735,4.323573681224752
4.953889999999735,4.326244923425547
4.955559999999735,4.3289161656263415
4.9572299999997345,4.331587407827134
4.958899999999734,4.3342586500279285
4.960569999999734,4.336929892228723
4.962239999999734,4.339601134429516
4.963909999999734,4.34227237663031
4.965579999999734,4.3449436188311035
4.9672499999997335,4.347614861031897
4.968919999999733,4.350286103232692
4.970589999999733,4.3529573454334844
4.972259999999733,4.355628587634279
4.973929999999733,4.358299829835074
4.975599999999733,4.360971072035866
4.9772699999997325,4.363642314236661
4.978939999999732,4.366313556437454
4.980609999999732,4.368984798638248
4.982279999999732,4.371656040839043
4.983949999999732,4.374327283039835
4.985619999999732,4.37699852524063
4.9872899999997315,4.379669767441423
4.988959999999731,4.382341009642217
4.990629999999731,4.385012251843012
4.992299999999731,4.387683494043804
4.993969999999731,4.390354736244599
4.995639999999731,4.393025978445394
4.997309999999731,4.395697220646186
4.99897999999973,4.398368462846981
5.00064999999973,4.400453968253776
5.00231999999973,4.401620317460125
5.00398999999973,4.402786666666475
5.00565999999973,4.4039530158728235
5.00732999999973,4.405119365079172
5.0089999999997294,4.406285714285522
5.010669999999729,4.407452063491871
5.012339999999729,4.40861841269822
5.014009999999729,4.409784761904569
5.015679999999729,4.410951111110917
5.017349999999729,4.412117460317267
5.0190199999997285,4.413283809523616
5.020689999999728,4.4143599374020175
5.022359999999728,4.415405320813597
5.024029999999728,4.41653363105443
5.025699999999728,4.41766952937116
5.027369999999728,4.41880542768789
5.0290399999997275,4.419941326004618
5.030709999999727,4.421077224321348
5.032379999999727,4.422213122638078
5.034049999999727,4.423349020954808
5.035719999999727,4.424484919271535
5.037389999999727,4.425620817588265
5.0390599999997265,4.426756715904995
5.040729999999726,4.428005853658323
5.042399999999726,4.429262717769821
5.044069999999726,4.43051958188132
5.045739999999726,4.431776445992817
5.047409999999726,4.433033310104315
5.049079999999726,4.434290174215812
5.050749999999725,4.435547038327312
5.052419999999725,4.436803902438808
5.054089999999725,4.438060766550306
5.055759999999725,4.439317630661805
5.057429999999725,4.440574494773303
5.059099999999725,4.441795946409972
5.060769999999724,4.442931844726702
5.062439999999724,4.444067743043432
5.064109999999724,4.44520364136016
5.065779999999724,4.44633953967689
5.067449999999724,4.447475437993619
5.069119999999724,4.448611336310349
5.0707899999997235,4.449747234627077
5.072459999999723,4.450883132943807
5.074129999999723,4.452019031260536
5.075799999999723,4.453154929577266
5.077469999999723,4.4542908278939946
5.079139999999723,4.4554851567942055
5.0808099999997225,4.456742020905702
5.082479999999722,4.4579988850172
5.084149999999722,4.459255749128699
5.085819999999722,4.460512613240197
5.087489999999722,4.461769477351694
5.089159999999722,4.463026341463193
5.0908299999997215,4.464283205574691
5.092499999999721,4.465540069686188
5.094169999999721,4.466796933797687
5.095839999999721,4.468053797909184
5.097509999999721,4.469310662020682
5.099179999999721,4.470465956715701
5.1008499999997206,4.471601855032431
5.10251999999972,4.472737753349161
5.10418999999972,4.47387365166589
5.10585999999972,4.47500954998262
5.10752999999972,4.476145448299349
5.10919999999972,4.477281346616079
5.11086999999972,4.478417244932808
5.112539999999719,4.479553143249538
5.114209999999719,4.480656581463904
5.115879999999719,4.481701964875485
5.117549999999719,4.482747348287064
5.119219999999719,4.483792731698644
5.120889999999719,4.484838115110225
5.1225599999997184,4.485883498521806
5.124229999999718,4.486928881933385
5.125899999999718,4.487974265344966
5.127569999999718,4.489019648756546
5.129239999999718,4.490065032168127
5.130909999999718,4.491110415579706
5.1325799999997175,4.492155798991287
5.134249999999717,4.493201182402868
5.135919999999717,4.494246565814448
5.137589999999717,4.495398745644369
5.139259999999717,4.496655609755867
5.140929999999717,4.497912473867365
5.1425999999997165,4.499169337978863
5.144269999999716,4.5004262020903605
5.145939999999716,4.501683066201859
5.147609999999716,4.502939930313357
5.149279999999716,4.504196794424854
5.150949999999716,4.505453658536353
5.1526199999997155,4.50671052264785
5.154289999999715,4.507967386759348
5.155959999999715,4.509224250870846
5.157629999999715,4.510411336310334
5.159299999999715,4.511547234627062
5.160969999999715,4.512683132943792
5.162639999999715,4.513819031260521
5.164309999999714,4.514954929577251
5.165979999999714,4.516090827893979
5.167649999999714,4.517226726210709
5.169319999999714,4.518362624527438
5.170989999999714,4.519498522844168
5.172659999999714,4.520634421160897
5.174329999999713,4.521770319477627
5.175999999999713,4.522906217794356
5.177669999999713,4.524134912891747
5.179339999999713,4.525391777003247
5.181009999999713,4.526648641114744
5.182679999999713,4.527905505226242
5.1843499999997125,4.52916236933774
5.186019999999712,4.530419233449238
5.187689999999712,4.5316760975607355
5.189359999999712,4.532932961672235
5.191029999999712,4.534189825783732
5.192699999999712,4.535446689895229
5.1943699999997115,4.536703554006729
5.196039999999711,4.537945448299334
5.197709999999711,4.539081346616063
5.199379999999711,4.540217244932793
5.201049999999711,4.5413531432495216
5.202719999999711,4.5424890415662516
5.2043899999997105,4.543624939882981
5.20605999999971,4.544760838199711
5.20772999999971,4.545896736516441
5.20939999999971,4.547032634833171
5.21106999999971,4.548168533149898
5.21273999999971,4.549304431466628
5.2144099999997096,4.550440329783358
5.216079999999709,4.551576228100087
5.217749999999709,4.552712126416817
5.219419999999709,4.553848024733545
5.221089999999709,4.554983923050274
5.222759999999709,4.556119821367004
5.224429999999709,4.557255719683734
5.226099999999708,4.558391618000462
5.227769999999708,4.559527516317192
5.229439999999708,4.560663414633922
5.231109999999708,4.561799312950652
5.232779999999708,4.562935211267381
5.234449999999708,4.564071109584109
5.2361199999997075,4.565268013937035
5.237789999999707,4.566524878048533
5.239459999999707,4.56778174216003
5.241129999999707,4.569038606271529
5.242799999999707,4.5702954703830265
5.244469999999707,4.571552334494524
5.2461399999997065,4.5728091986060235
5.247809999999706,4.57406606271752
5.249479999999706,4.575322926829018
5.251149999999706,4.576517460317227
5.252819999999706,4.577683809523576
5.254489999999706,4.5788501587299235
5.2561599999997055,4.57991236306708
5.257829999999705,4.58095774647866
5.259499999999705,4.582003129890241
5.261169999999705,4.5830485133018195
5.262839999999705,4.584093896713401
5.264509999999705,4.585139280124981
5.2661799999997045,4.586184663536562
5.267849999999704,4.58723004694814
5.269519999999704,4.5882754303597215
5.271189999999704,4.589320813771302
5.272859999999704,4.590385709377988
5.274529999999704,4.591527804877794
5.276199999999704,4.5927846689892915
5.277869999999703,4.594041533100789
5.279539999999703,4.595298397212288
5.281209999999703,4.596555261323785
5.282879999999703,4.597812125435283
5.284549999999703,4.5990689895467805
5.286219999999703,4.600325853658279
5.287889999999702,4.601582717769777
5.289559999999702,4.602839581881274
5.291229999999702,4.604096445992774
5.292899999999702,4.60535331010427
5.294569999999702,4.606560838199694
5.296239999999702,4.607696736516424
5.2979099999997015,4.608832634833154
5.299579999999701,4.609968533149884
5.301249999999701,4.611104431466613
5.302919999999701,4.612240329783343
5.304589999999701,4.613376228100071
5.306259999999701,4.614512126416801
5.3079299999997005,4.61564802473353
5.3095999999997,4.61678392305026
5.3112699999997,4.61791982136699
5.3129399999997,4.61905571968372
5.3146099999997,4.620191618000447
5.3162799999997,4.621327516317177
5.3179499999996995,4.622463414633907
5.319619999999699,4.623599312950637
5.321289999999699,4.624735211267365
5.322959999999699,4.625871109584095
5.324629999999699,4.627007007900825
5.326299999999699,4.628142906217554
5.327969999999699,4.629278804534284
5.329639999999698,4.630414702851012
5.331309999999698,4.631550601167741
5.332979999999698,4.632686499484471
5.334649999999698,4.633917770034578
5.336319999999698,4.635174634146077
5.337989999999698,4.636431498257574
5.339659999999697,4.6376883623690714
5.341329999999697,4.638945226480569
5.342999999999697,4.640202090592068
5.344669999999697,4.641458954703565
5.346339999999697,4.642715818815063
5.348009999999697,4.643972682926562
5.3496799999996965,4.645229547038059
5.351349999999696,4.6464864111495565
5.353019999999696,4.647725729989449
5.354689999999696,4.648861628306179
5.356359999999696,4.649997526622907
5.358029999999696,4.651133424939636
5.3596999999996955,4.652269323256366
5.361369999999695,4.653405221573096
5.363039999999695,4.654541119889824
5.364709999999695,4.655617457833189
5.366379999999695,4.65666284124477
5.368049999999695,4.65770822465635
5.3697199999996945,4.658753608067929
5.371389999999694,4.6597989914795095
5.373059999999694,4.660884938271349
5.374729999999694,4.662051287477697
5.376399999999694,4.663217636684047
5.378069999999694,4.664383985890395
5.3797399999996935,4.665550335096744
5.381409999999693,4.666716684303093
5.383079999999693,4.667883033509442
5.384749999999693,4.66904938271579
5.386419999999693,4.670232473867321
5.388089999999693,4.6714893379788185
5.389759999999693,4.672746202090315
5.391429999999692,4.674003066201815
5.393099999999692,4.675176228100056
5.394769999999692,4.676312126416786
5.396439999999692,4.677448024733515
5.398109999999692,4.678583923050243
5.399779999999692,4.679719821366973
5.401449999999691,4.680855719683703
5.403119999999691,4.681991618000432
5.404789999999691,4.683127516317162
5.406459999999691,4.684263414633892
5.408129999999691,4.685399312950622
5.409799999999691,4.68653521126735
5.4114699999996905,4.6876711095840795
5.41313999999969,4.688913728222717
5.41480999999969,4.6901705923342165
5.41647999999969,4.691427456445714
5.41814999999969,4.692684320557211
5.41981999999969,4.69394118466871
5.4214899999996895,4.695198048780208
5.423159999999689,4.6964549128917055
5.424829999999689,4.697711777003204
5.426499999999689,4.698968641114702
5.428169999999689,4.700225505226199
5.429839999999689,4.701482369337699
5.4315099999996885,4.702710340089057
5.433179999999688,4.703846238405787
5.434849999999688,4.704982136722517
5.436519999999688,4.706118035039247
5.438189999999688,4.707253933355974
5.439859999999688,4.708389831672704
5.441529999999688,4.709525729989434
5.443199999999687,4.7106616283061635
5.444869999999687,4.711797526622892
5.446539999999687,4.712933424939622
5.448209999999687,4.714069323256351
5.449879999999687,4.715205221573081
5.451549999999687,4.716341119889809
5.453219999999686,4.717477018206538
5.454889999999686,4.718612916523268
5.456559999999686,4.719748814839998
5.458229999999686,4.720884713156726
5.459899999999686,4.7220206114734555
5.461569999999686,4.7231565097901855
5.4632399999996855,4.7242924081069155
5.464909999999685,4.725428306423644
5.466579999999685,4.726564204740373
5.468249999999685,4.727700103057103
5.469919999999685,4.728836001373833
5.471589999999685,4.730046829268003
5.4732599999996845,4.731303693379501
5.474929999999684,4.732560557490998
5.476599999999684,4.733817421602497
5.478269999999684,4.735074285713995
5.479939999999684,4.736331149825491
5.481609999999684,4.737588013936991
5.4832799999996835,4.738844878048488
5.484949999999683,4.740101742159986
5.486619999999683,4.7413586062714845
5.488289999999683,4.742615470382982
5.489959999999683,4.74387233449448
5.491629999999683,4.7450111301955396
5.4932999999996825,4.746147028512268
5.494969999999682,4.747282926828998
5.496639999999682,4.748418825145727
5.498309999999682,4.749554723462457
5.499979999999682,4.750690621779187
5.501649999999682,4.751737089201625
5.503319999999682,4.7527824726132035
5.504989999999681,4.753827856024785
5.506659999999681,4.754873239436366
5.508329999999681,4.755918622847946
5.509999999999681,4.756984126983849
5.511669999999681,4.758150476190197
5.513339999999681,4.759316825396546
5.5150099999996804,4.7604831746028955
5.51667999999968,4.761649523809244
5.51834999999968,4.762815873015593
5.52001999999968,4.763982222221941
5.52168999999968,4.765148571428291
5.52335999999968,4.766361533100746
5.5250299999996795,4.767618397212244
5.526699999999679,4.768875261323743
5.528369999999679,4.770132125435241
5.530039999999679,4.771325729989419
5.531709999999679,4.772461628306148
5.533379999999679,4.773597526622877
5.5350499999996785,4.7747334249396065
5.536719999999678,4.775869323256337
5.538389999999678,4.7770052215730665
5.540059999999678,4.778141119889794
5.541729999999678,4.779277018206525
5.543399999999678,4.780412916523254
5.5450699999996775,4.781548814839983
5.546739999999677,4.782684713156712
5.548409999999677,4.783820611473441
5.550079999999677,4.784956509790172
5.551749999999677,4.786092408106901
5.553419999999677,4.7872283064236285
5.555089999999677,4.788364204740359
5.556759999999676,4.7895001030570885
5.558429999999676,4.790636001373819
5.560099999999676,4.791771899690547
5.561769999999676,4.792907798007276
5.563439999999676,4.794043696324007
5.565109999999676,4.795179594640736
5.566779999999675,4.796315492957463
5.568449999999675,4.797451391274194
5.570119999999675,4.798696585365546
5.571789999999675,4.799953449477044
5.573459999999675,4.801210313588543
5.575129999999675,4.80246717770004
5.5767999999996745,4.803724041811536
5.578469999999674,4.804980905923037
5.580139999999674,4.806237770034533
5.581809999999674,4.80749463414603
5.583479999999674,4.80875149825753
5.585149999999674,4.810008362369027
5.5868199999996735,4.811265226480524
5.588489999999673,4.812490621779171
5.590159999999673,4.8136265200959
5.591829999999673,4.814762418412629
5.593499999999673,4.81589831672936
5.595169999999673,4.817034215046089
5.5968399999996725,4.818170113362816
5.598509999999672,4.819306011679547
5.600179999999672,4.820441909996276
5.601849999999672,4.821577808313005
5.603519999999672,4.822713706629736
5.605189999999672,4.823849604946465
5.6068599999996716,4.8249855032631945
5.608529999999671,4.826175888501428
5.610199999999671,4.827432752612925
5.611869999999671,4.828689616724425
5.613539999999671,4.829946480835922
5.615209999999671,4.831116684303053
5.616879999999671,4.832283033509404
5.61854999999967,4.833449382715752
5.62021999999967,4.834615731922099
5.62188999999967,4.83578208112845
5.62355999999967,4.8369484303347985
5.62522999999967,4.838114779541147
5.62689999999967,4.839281128747498
5.6285699999996694,4.840349852199342
5.630239999999669,4.841395235610923
5.631909999999669,4.842440619022504
5.633579999999669,4.843486002434085
5.635249999999669,4.844531385845665
5.636919999999669,4.845620611473427
5.6385899999996685,4.846756509790156
5.640259999999668,4.847892408106887
5.641929999999668,4.849028306423614
5.643599999999668,4.850164204740343
5.645269999999668,4.851300103057074
5.646939999999668,4.852436001373803
5.6486099999996675,4.853571899690531
5.650279999999667,4.8547077980072615
5.651949999999667,4.855843696323991
5.653619999999667,4.8569795946407215
5.655289999999667,4.858115492957449
5.656959999999667,4.859251391274178
5.6586299999996665,4.860387289590909
5.660299999999666,4.861523187907638
5.661969999999666,4.862659086224365
5.663639999999666,4.863794984541096
5.665309999999666,4.864930882857825
5.666979999999666,4.866089477351592
5.668649999999666,4.86734634146309
5.670319999999665,4.868603205574587
5.671989999999665,4.869860069686085
5.673659999999665,4.871116933797584
5.675329999999665,4.872373797909082
5.676999999999665,4.873630662020579
5.678669999999665,4.874887526132078
5.680339999999664,4.876144390243576
5.682009999999664,4.877401254355073
5.683679999999664,4.878658118466571
5.685349999999664,4.87991498257807
5.687019999999664,4.881106011679533
5.688689999999664,4.882241909996262
5.6903599999996635,4.883377808312991
5.692029999999663,4.88451370662972
5.693699999999663,4.885649604946449
5.695369999999663,4.88678550326318
5.697039999999663,4.887921401579909
5.698709999999663,4.889057299896638
5.7003799999996625,4.890193198213366
5.702049999999662,4.891329096530097
5.703719999999662,4.892464994846826
5.705389999999662,4.893600893163555
5.707059999999662,4.894825644598972
5.708729999999662,4.896082508710469
5.7103999999996615,4.897339372821968
5.712069999999661,4.898596236933466
5.713739999999661,4.899853101044963
5.715409999999661,4.901109965156461
5.717079999999661,4.90236682926796
5.718749999999661,4.903623693379457
5.7204199999996606,4.904880557490955
5.72208999999966,4.906137421602452
5.72375999999966,4.907394285713952
5.72542999999966,4.908640123668533
5.72709999999966,4.909776021985262
5.72876999999966,4.910911920301993
5.73043999999966,4.912047818618721
5.732109999999659,4.9131837169354515
5.733779999999659,4.914319615252181
5.735449999999659,4.91545551356891
5.737119999999659,4.916591411885639
5.738789999999659,4.917727310202368
5.740459999999659,4.918863208519097
5.7421299999996585,4.919999106835828
5.743799999999658,4.921135005152555
5.745469999999658,4.922304947734855
5.747139999999658,4.923561811846351
5.748809999999658,4.924818675957848
5.750479999999658,4.926049523809203
5.7521499999996575,4.927215873015552
5.753819999999657,4.9283822222219005
5.755489999999657,4.929548571428249
5.757159999999657,4.9307149206346
5.758829999999657,4.931881269840947
5.760499999999657,4.933047619047295
5.7621699999996565,4.934213968253646
5.763839999999656,4.935380317459995
5.765509999999656,4.9364694835677785
5.767179999999656,4.937514866979358
5.768849999999656,4.938560250390939
5.770519999999656,4.939605633802518
5.7721899999996555,4.940651017214099
5.773859999999655,4.941770113362788
5.775529999999655,4.9429060116795185
5.777199999999655,4.944041909996246
5.778869999999655,4.945177808312975
5.780539999999655,4.946313706629706
5.782209999999655,4.947449604946435
5.783879999999654,4.948585503263164
5.785549999999654,4.949721401579893
5.787219999999654,4.950857299896622
5.788889999999654,4.951993198213353
5.790559999999654,4.953129096530082
5.792229999999654,4.954264994846813
5.793899999999653,4.9554008931635405
5.795569999999653,4.95653679148027
5.797239999999653,4.9576726897970005
5.798909999999653,4.95880858811373
5.800579999999653,4.959944486430459
5.802249999999653,4.96108038474719
5.8039199999996525,4.962218536585018
5.805589999999652,4.963475400696515
5.807259999999652,4.964732264808012
5.808929999999652,4.965989128919512
5.810599999999652,4.967245993031009
5.812269999999652,4.968502857142505
5.8139399999996515,4.969759721254006
5.815609999999651,4.971016585365502
5.817279999999651,4.972273449476999
5.818949999999651,4.973530313588499
5.820619999999651,4.974787177699996
5.822289999999651,4.976044041811493
5.8239599999996505,4.977255513568895
5.82562999999965,4.978391411885623
5.82729999999965,4.979527310202354
5.82896999999965,4.980663208519083
5.83063999999965,4.981799106835812
5.83230999999965,4.982935005152541
5.83397999999965,4.98407090346927
5.835649999999649,4.985206801785999
5.837319999999649,4.98634270010273
5.838989999999649,4.987478598419457
5.840659999999649,4.988614496736188
5.842329999999649,4.989750395052917
5.843999999999649,4.990954703832395
5.845669999999648,4.992211567943894
5.847339999999648,4.993468432055392
5.849009999999648,4.994725296166891
5.850679999999648,4.995982160278388
5.852349999999648,4.997239024389886
5.854019999999648,4.998495888501385
5.8556899999996475,4.999752752612881
5.857359999999647,5.00100961672438
5.859029999999647,5.002266480835878
5.860699999999647,5.003523344947375
5.862369999999647,5.004780209058875
5.864039999999647,5.005902277864406
5.8657099999996465,5.006947661275985
5.867379999999646,5.0079930446875665
5.869049999999646,5.009038428099148
5.870719999999646,5.010083811510727
5.872389999999646,5.011129194922306
5.874059999999646,5.012174578333887
5.8757299999996455,5.0132199617454685
5.877399999999645,5.01426534515705
5.879069999999645,5.015310728568627
5.880739999999645,5.016356111980208
5.882409999999645,5.017401495391789
5.884079999999645,5.0184468788033705
5.8857499999996445,5.01949226221495
5.887419999999644,5.020608588113715
5.889089999999644,5.021744486430443
5.890759999999644,5.022880384747172
5.892429999999644,5.024016283063901
5.894099999999644,5.025152181380632
5.895769999999644,5.026288079697361
5.897439999999643,5.02742397801409
5.899109999999643,5.028559876330819
5.900779999999643,5.029695774647548
5.902449999999643,5.030868292682559
5.904119999999643,5.032125156794059
5.905789999999643,5.033382020905556
5.907459999999642,5.034638885017053
5.909129999999642,5.035895749128553
5.910799999999642,5.03715261324005
5.912469999999642,5.038409477351546
5.914139999999642,5.039666341463047
5.915809999999642,5.040923205574543
5.9174799999996415,5.04218006968604
5.919149999999641,5.04343693379754
5.920819999999641,5.044693797909037
5.922489999999641,5.045870903469256
5.924159999999641,5.047006801785985
5.925829999999641,5.048142700102714
5.9274999999996405,5.049278598419443
5.92916999999964,5.050414496736172
5.93083999999964,5.051550395052903
5.93250999999964,5.052686293369632
5.93417999999964,5.0538221916863595
5.93584999999964,5.05495809000309
5.9375199999996395,5.0560939883198195
5.939189999999639,5.057229886636549
5.940859999999639,5.058365784953278
5.942529999999639,5.05960445992994
5.944199999999639,5.060861324041438
5.945869999999639,5.062118188152935
5.947539999999639,5.063375052264433
5.949209999999638,5.064631916375932
5.950879999999638,5.065888780487429
5.952549999999638,5.067145644598927
5.954219999999638,5.068402508710426
5.955889999999638,5.069659372821922
5.957559999999638,5.070916236933421
5.959229999999637,5.072173101044919
5.960899999999637,5.073405015458254
5.962569999999637,5.074540913774985
5.964239999999637,5.075676812091714
5.965909999999637,5.076812710408445
5.967579999999637,5.077948608725173
5.9692499999996365,5.079084507041902
5.970919999999636,5.080220405358633
5.972589999999636,5.081356303675362
5.974259999999636,5.082492201992089
5.975929999999636,5.08362810030882
5.977599999999636,5.084763998625549
5.9792699999996355,5.08589989694228
5.980939999999635,5.087035795259009
5.982609999999635,5.088171693575736
5.984279999999635,5.089307591892467
5.985949999999635,5.090443490209196
5.987619999999635,5.0915793885259255
5.9892899999996345,5.092715286842656
5.990959999999634,5.0938511851593855
5.992629999999634,5.094987083476115
5.994299999999634,5.096122981792844
5.995969999999634,5.097258880109573
5.997639999999634,5.098394778426304
5.9993099999996335,5.099530676743033
6.000979999999633,5.098597113402519
6.002649999999633,5.096206480118276
6.004319999999633,5.093815846834037
6.005989999999633,5.091425213549796
6.007659999999633,5.089034580265553
6.009329999999633,5.086643946981313
6.010999999999632,5.0842533136970705
6.012669999999632,5.081862680412829
6.014339999999632,5.07947204712859
6.016009999999632,5.077081413844347
6.017679999999632,5.074690780560108
6.019349999999632,5.072300147275865
6.0210199999996314,5.070023638740087
6.022689999999631,5.067753971250616
6.024359999999631,5.065484303761144
6.026029999999631,5.06321463627167
6.027699999999631,5.060944968782199
6.029369999999631,5.058675301292725
6.0310399999996305,5.056405633803253
6.03270999999963,5.0541359663137815
6.03437999999963,5.051866298824308
6.03604999999963,5.049596631334836
6.03771999999963,5.047326963845364
6.03938999999963,5.045041119293543
6.0410599999996295,5.042650486009304
6.042729999999629,5.040259852725061
6.044399999999629,5.03786921944082
6.046069999999629,5.0354785861565805
6.047739999999629,5.033087952872338
6.049409999999629,5.030697319588096
6.0510799999996285,5.028306686303857
6.052749999999628,5.025916053019614
6.054419999999628,5.023525419735375
6.056089999999628,5.0211347864511335
6.057759999999628,5.018744153166892
6.059429999999628,5.016412835777997
6.061099999999628,5.014143168288523
6.062769999999627,5.01187350079905
6.064439999999627,5.009603833309578
6.066109999999627,5.007334165820106
6.067779999999627,5.0050644983306345
6.069449999999627,5.002794830841161
6.071119999999627,5.000525163351687
6.072789999999626,4.998255495862217
6.074459999999626,4.995985828372744
6.076129999999626,4.99371616088327
6.077799999999626,4.9914464933937985
6.079469999999626,4.98909449190033
6.081139999999626,4.986692244898451
6.0828099999996255,4.984238367347432
6.084479999999625,4.9817844897964125
6.086149999999625,4.979330612245393
6.087819999999625,4.976876734694372
6.089489999999625,4.974422857143352
6.091159999999625,4.971968979592333
6.0928299999996245,4.969515102041312
6.094499999999624,4.967061224490292
6.096169999999624,4.964607346939273
6.097839999999624,4.962157976430477
6.099509999999624,4.959825064674227
6.101179999999624,4.957492152917975
6.1028499999996235,4.955159241161724
6.104519999999623,4.952826329405472
6.106189999999623,4.95049341764922
6.107859999999623,4.948160505892968
6.109529999999623,4.9458834325545435
6.111199999999623,4.943613765065072
6.1128699999996226,4.9413440975756
6.114539999999622,4.9390744300861265
6.116209999999622,4.936804762596653
6.117879999999622,4.934535095107181
6.119549999999622,4.932265427617709
6.121219999999622,4.929995760128238
6.122889999999622,4.927726092638764
6.124559999999621,4.925456425149292
6.126229999999621,4.9231867576598205
6.127899999999621,4.920917090170347
6.129569999999621,4.918647422680875
6.131239999999621,4.916377755191402
6.132909999999621,4.914108087701932
6.1345799999996204,4.911838420212458
6.13624999999962,4.909568752722986
6.13791999999962,4.907248541973983
6.13958999999962,4.904857908689742
6.14125999999962,4.9024672754055025
6.14292999999962,4.900076642121261
6.1445999999996195,4.897686008837018
6.146269999999619,4.895295375552779
6.147939999999619,4.892904742268538
6.149609999999619,4.890514108984295
6.151279999999619,4.888123475700056
6.152949999999619,4.885732842415814
6.1546199999996185,4.883342209131573
6.156289999999618,4.880951575847332
6.157959999999618,4.878654624655617
6.159629999999618,4.876384957166145
6.161299999999618,4.8741152896766735
6.162969999999618,4.871806783558981
6.1646399999996175,4.869473871802729
6.166309999999617,4.867140960046477
6.167979999999617,4.864808048290227
6.169649999999617,4.862475136533975
6.171319999999617,4.860142224777723
6.172989999999617,4.857809313021473
6.174659999999617,4.855476401265223
6.176329999999616,4.853143489508971
6.177999999999616,4.8506938775515405
6.179669999999616,4.848240000000521
6.181339999999616,4.845786122449502
6.183009999999616,4.84333224489848
6.184679999999616,4.840878367347461
6.186349999999615,4.8384244897964415
6.188019999999615,4.83597061224542
6.189689999999615,4.83353655375603
6.191359999999615,4.831145920471791
6.193029999999615,4.828755287187548
6.194699999999615,4.8263646539033065
6.1963699999996145,4.824012893858475
6.198039999999614,4.821743226369001
6.199709999999614,4.819473558879528
6.201379999999614,4.817203891390056
6.203049999999614,4.814934223900583
6.204719999999614,4.812664556411113
6.2063899999996135,4.810394888921639
6.208059999999613,4.8081252214321655
6.209729999999613,4.805855553942694
6.211399999999613,4.80358588645322
6.213069999999613,4.801316218963747
6.214739999999613,4.799046551474277
6.2164099999996125,4.796776883984803
6.218079999999612,4.7945072164953295
6.219749999999612,4.792237549005856
6.221419999999612,4.789967881516388
6.223089999999612,4.787698214026914
6.224759999999612,4.785428546537441
6.2264299999996116,4.783158879047967
6.228099999999611,4.780889211558499
6.229769999999611,4.778619544069025
6.231439999999611,4.776349876579552
6.233109999999611,4.774080209090078
6.234779999999611,4.771810541600605
6.236449999999611,4.769455964654425
6.23811999999961,4.767065331370183
6.23978999999961,4.7646746980859405
6.24145999999961,4.762284064801699
6.24312999999961,4.759893431517458
6.24479999999961,4.757502798233219
6.24646999999961,4.755112164948978
6.2481399999996095,4.752721531664736
6.249809999999609,4.7503308983804935
6.251479999999609,4.747940265096256
6.253149999999609,4.745549631812015
6.254819999999609,4.7431660810227125
6.256489999999609,4.740896413533241
6.2581599999996085,4.738626746043767
6.259829999999608,4.736357078554297
6.261499999999608,4.734087411064824
6.263169999999608,4.731817743575352
6.264839999999608,4.729548076085878
6.266509999999608,4.727278408596405
6.2681799999996075,4.725008741106935
6.269849999999607,4.722739073617463
6.271519999999607,4.7204118424839905
6.273189999999607,4.71807893072774
6.274859999999607,4.715715918367895
6.276529999999607,4.713262040816877
6.2781999999996065,4.710808163265854
6.279869999999606,4.708354285714837
6.281539999999606,4.705900408163815
6.283209999999606,4.703446530612796
6.284879999999606,4.700992653061775
6.286549999999606,4.698538775510757
6.288219999999606,4.696084897959734
6.289889999999605,4.693631020408716
6.291559999999605,4.691177142857695
6.293229999999605,4.6887232653066775
6.294899999999605,4.686342627192245
6.296569999999605,4.684009715435991
6.298239999999605,4.681715347757152
6.299909999999604,4.679445680267678
6.301579999999604,4.6771760127782045
6.303249999999604,4.6749063452887345
6.304919999999604,4.672636677799261
6.306589999999604,4.670367010309787
6.308259999999604,4.668097342820316
6.3099299999996035,4.665827675330846
6.311599999999603,4.663558007841372
6.313269999999603,4.6612883403518985
6.314939999999603,4.659018672862425
6.316609999999603,4.656749005372953
6.318279999999603,4.654479337883483
6.3199499999996025,4.65220967039401
6.321619999999602,4.649940002904536
6.323289999999602,4.647670335415064
6.324959999999602,4.645400667925591
6.326629999999602,4.643131000436121
6.328299999999602,4.640861332946647
6.3299699999996015,4.638591665457174
6.331639999999601,4.636321997967702
6.333309999999601,4.634052330478232
6.334979999999601,4.631663387334864
6.336649999999601,4.629272754050623
6.338319999999601,4.626882120766382
6.339989999999601,4.624491487482139
6.3416599999996,4.622100854197901
6.3433299999996,4.61971022091366
6.3449999999996,4.617319587629417
6.3466699999996,4.614928954345176
6.3483399999996,4.612538321060935
6.3500099999996,4.610147687776697
6.351679999999599,4.6077355102046536
6.353349999999599,4.605323081345755
6.355019999999599,4.602990169589502
6.356689999999599,4.600657257833252
6.358359999999599,4.598324346077
6.360029999999599,4.59599143432075
6.3616999999995985,4.593658522564496
6.363369999999598,4.591325610808246
6.365039999999598,4.588992699051994
6.366709999999598,4.586659787295744
6.368379999999598,4.584326875539491
6.370049999999598,4.5819939637832405
6.3717199999995975,4.579661052026989
6.373389999999597,4.577263673469963
6.375059999999597,4.5748097959189415
6.376729999999597,4.572355918367924
6.378399999999597,4.569904565538117
6.380069999999597,4.567513932253874
6.3817399999995965,4.565123298969633
6.383409999999596,4.562732665685392
6.385079999999596,4.560342032401152
6.386749999999596,4.557951399116911
6.388419999999596,4.55556076583267
6.390089999999596,4.553170132548427
6.3917599999995955,4.5507794992641895
6.393429999999595,4.548496471613721
6.395099999999595,4.546226804124247
6.396769999999595,4.5439571366347735
6.398439999999595,4.5416874691453
6.400109999999595,4.53941780165583
6.401779999999595,4.537148134166358
6.403449999999594,4.534878466676885
6.405119999999594,4.532608799187411
6.406789999999594,4.530339131697938
6.408459999999594,4.528069464208468
6.410129999999594,4.525799796718994
6.411799999999594,4.523520471281866
6.413469999999593,4.5211298379976235
6.415139999999593,4.518739204713382
6.416809999999593,4.516348571429141
6.418479999999593,4.513957938144898
6.420149999999593,4.511567304860661
6.421819999999593,4.509176671576419
6.4234899999995925,4.5067860382921765
6.425159999999592,4.504395405007935
6.426829999999592,4.502004771723694
6.428499999999592,4.499614138439451
6.430169999999592,4.497223505155214
6.431839999999592,4.494885668651625
6.4335099999995915,4.492567231963767
6.435179999999591,4.490234320207517
6.436849999999591,4.487901408451263
6.438519999999591,4.485568496695013
6.440189999999591,4.483235584938765
6.441859999999591,4.480902673182511
6.4435299999995905,4.478569761426261
6.44519999999959,4.476236849670007
6.44686999999959,4.473903937913759
6.44853999999959,4.4715710261575055
6.45020999999959,4.469238114401255
6.45187999999959,4.466905202645002
6.45354999999959,4.4645722908887535
6.455219999999589,4.4622393791325
6.456889999999589,4.45990646737625
6.458559999999589,4.45757355562
6.460229999999589,4.455270393495544
6.461899999999589,4.453000726006071
6.463569999999589,4.450731058516597
6.465239999999588,4.448461391027124
6.466909999999588,4.446191723537655
6.468579999999588,4.443922056048182
6.470249999999588,4.441652388558708
6.471919999999588,4.439283888071278
6.473589999999588,4.436893254787037
6.4752599999995875,4.434502621502798
6.476929999999587,4.432111988218557
6.478599999999587,4.4297213549343155
6.480269999999587,4.427330721650073
6.481939999999587,4.424940088365835
6.483609999999587,4.422549455081594
6.4852799999995865,4.420158821797351
6.486949999999586,4.41776818851311
6.488619999999586,4.4153775552288685
6.490289999999586,4.4130079279808125
6.491959999999586,4.4107382604913425
6.493629999999586,4.408468593001869
6.4952999999995855,4.406198925512397
6.496969999999585,4.403929258022924
6.498639999999585,4.40165959053345
6.500309999999585,4.399389923043977
6.501979999999585,4.397120255554507
6.503649999999585,4.394850588065033
6.5053199999995845,4.392580920575561
6.506989999999584,4.390311253086088
6.508659999999584,4.388041585596614
6.510329999999584,4.385727893962303
6.511999999999584,4.383337260678061
6.513669999999584,4.380946627393822
6.515339999999584,4.378555994109581
6.517009999999583,4.37616536082534
6.518679999999583,4.373774727541097
6.520349999999583,4.371384094256856
6.522019999999583,4.368993460972618
6.523689999999583,4.366602827688375
6.525359999999583,4.364212194404134
6.527029999999582,4.361821561119893
6.528699999999582,4.359430927835655
6.530369999999582,4.3571274575292485
6.532039999999582,4.354857790039775
6.533709999999582,4.352588122550301
6.535379999999582,4.35031845506083
6.5370499999995815,4.34804878757136
6.538719999999581,4.345779120081886
6.540389999999581,4.343505202645028
6.542059999999581,4.341172290888776
6.543729999999581,4.338839379132526
6.545399999999581,4.336506467376273
6.5470699999995805,4.334173555620023
6.54873999999958,4.331840643863771
6.55040999999958,4.329507732107521
6.55207999999958,4.327174820351267
6.55374999999958,4.324841908595017
6.55541999999958,4.322508996838765
6.5570899999995795,4.320176085082515
6.558759999999579,4.317843173326262
6.560429999999579,4.315510261570012
6.562099999999579,4.31317734981376
6.563769999999579,4.31084443805751
6.565439999999579,4.308511526301256
6.567109999999579,4.306178614545006
6.568779999999578,4.3038819440359575
6.570449999999578,4.3014913107517145
6.572119999999578,4.299100677467477
6.573789999999578,4.296710044183236
6.575459999999578,4.294319410898993
6.577129999999578,4.291928777614752
6.578799999999577,4.2895381443305105
6.580469999999577,4.287147511046271
6.582139999999577,4.28475687776203
6.583809999999577,4.282366244477789
6.585479999999577,4.279975611193548
6.587149999999577,4.277584977909308
6.5888199999995765,4.275249716858436
6.590489999999576,4.272980049368963
6.592159999999576,4.270710381879489
6.593829999999576,4.268440714390016
6.595499999999576,4.266171046900546
6.597169999999576,4.263901379411072
6.5988399999995755,4.2616317119215985
6.600509999999575,4.259362044432127
6.602179999999575,4.257092376942653
6.603849999999575,4.254822709453183
6.605519999999575,4.25255304196371
6.607189999999575,4.250283374474236
6.6088599999995745,4.247935316642744
6.610529999999574,4.245544683358505
6.612199999999574,4.2431540500742635
6.613869999999574,4.240763416790022
6.615539999999574,4.238372783505779
6.617209999999574,4.235982150221538
6.6188799999995735,4.233591516937301
6.620549999999573,4.231200883653058
6.622219999999573,4.22877877551085
6.623889999999573,4.226324897959829
6.625559999999573,4.22387102040881
6.627229999999573,4.221417706238038
6.628899999999573,4.2190847944817875
6.630569999999572,4.216751882725536
6.632239999999572,4.214418970969286
6.633909999999572,4.212086059213032
6.635579999999572,4.209753147456782
6.637249999999572,4.20742023570053
6.638919999999572,4.2050873239442765
6.6405899999995714,4.2027544121880265
6.642259999999571,4.200421500431773
6.643929999999571,4.198088588675525
6.645599999999571,4.195755676919271
6.647269999999571,4.193422765163021
6.648939999999571,4.191102308698147
6.6506099999995705,4.188832641208675
6.65227999999957,4.186562973719202
6.65394999999957,4.184293306229732
6.65561999999957,4.182023638740258
6.65728999999957,4.179753971250786
6.65895999999957,4.177484303761313
6.6606299999995695,4.175214636271839
6.662299999999569,4.172944968782369
6.663969999999569,4.170675301292897
6.665639999999569,4.168405633803424
6.667309999999569,4.166089366716397
6.668979999999569,4.16369873343216
6.6706499999995685,4.161308100147918
6.672319999999568,4.1589174668636755
6.673989999999568,4.156526833579434
6.675659999999568,4.154136200295193
6.677329999999568,4.151745567010954
6.678999999999568,4.149354933726713
6.680669999999568,4.146964300442471
6.682339999999567,4.1445736671582285
6.684009999999567,4.142183033873987
6.685679999999567,4.139792400589746
6.687349999999567,4.137491505736055
6.689019999999567,4.135221838246585
6.690689999999567,4.132952170757111
6.692359999999566,4.1306825032676375
6.694029999999566,4.128412835778166
6.695699999999566,4.126143168288692
6.697369999999566,4.123873500799219
6.699039999999566,4.121603833309749
6.700709999999566,4.119334165820275
6.7023799999995655,4.117064498330802
6.704049999999565,4.114736131072778
6.705719999999565,4.112403219316528
6.707389999999565,4.1099575510210755
6.709059999999565,4.107503673470054
6.710729999999565,4.105049795919035
6.7123999999995645,4.102595918368014
6.714069999999564,4.100142040816996
6.715739999999564,4.097688163265973
6.717409999999564,4.095234285714955
6.719079999999564,4.092780408163934
6.720749999999564,4.090326530612915
6.7224199999995635,4.087872653061893
6.724089999999563,4.085418775510876
6.725759999999563,4.082999827537289
6.727429999999563,4.080666915781036
6.729099999999563,4.078334004024786
6.730769999999563,4.076040772470494
6.7324399999995626,4.073771104981022
6.734109999999562,4.071501437491548
6.735779999999562,4.069231770002078
6.737449999999562,4.066962102512605
6.739119999999562,4.064692435023133
6.740789999999562,4.0624227675336595
6.742459999999562,4.060153100044186
6.744129999999561,4.057883432554716
6.745799999999561,4.05555581737916
6.747469999999561,4.053165184094919
6.749139999999561,4.050774550810676
6.750809999999561,4.048383917526435
6.752479999999561,4.045993284242197
6.7541499999995604,4.043602650957954
6.75581999999956,4.041212017673713
6.75748999999956,4.038821384389472
6.75915999999956,4.036430751105231
6.76082999999956,4.034040117820991
6.76249999999956,4.03164948453675
6.7641699999995595,4.029258851252509
6.765839999999559,4.0269693044873485
6.767509999999559,4.024699636997875
6.769179999999559,4.022429969508401
6.770849999999559,4.020160302018931
6.772519999999559,4.01789063452946
6.7741899999995585,4.015620967039986
6.775859999999558,4.0133512995505125
6.777529999999558,4.011081632061039
6.779199999999558,4.008811964571567
6.780869999999558,4.006542297082094
6.782539999999558,4.004272629592624
6.7842099999995575,4.00200296210315
6.785879999999557,3.9997332946136765
6.787549999999557,3.9974636271242048
6.789219999999557,3.9951939596347312
6.790889999999557,3.9929242921452612
6.792559999999557,3.9906546246557877
6.794229999999557,3.988384957166314
6.795899999999556,3.9861152896768406
6.797569999999556,3.9838456221873724
6.799239999999556,3.981575954697899
6.800909999999556,3.9793062872084253
6.802579999999556,3.9770366197189517
6.804249999999556,3.974740795287863
6.805919999999555,3.9723501620036235
6.807589999999555,3.9699595287193823
6.809259999999555,3.967568895435141
6.810929999999555,3.9651640816333487
6.812599999999555,3.9627102040823274
6.814269999999555,3.9602563265313098
6.8159399999995545,3.9578024489802885
6.817609999999554,3.955348571429269
6.819279999999554,3.952894693878248
6.820949999999554,3.95044081632723
6.822619999999554,3.947986938776207
6.824289999999554,3.945602356999803
6.8259599999995535,3.9432694452435495
6.827629999999553,3.940936533487301
6.829299999999553,3.9386036217310476
6.830969999999553,3.9362707099747976
6.832639999999553,3.933937798218544
6.834309999999553,3.9316048864622957
6.8359799999995525,3.929271974706042
6.837649999999552,3.926939062949792
6.839319999999552,3.924664556411278
6.840989999999552,3.9223948889218097
6.842659999999552,3.920125221432336
6.844329999999552,3.917763240059598
6.8459999999995516,3.915372606775355
6.847669999999551,3.9129819734911138
6.849339999999551,3.910591340206876
6.851009999999551,3.908200706922633
6.852679999999551,3.905810073638392
6.854349999999551,3.903419440354151
6.856019999999551,3.901028807069908
6.85768999999955,3.8986381737856703
6.85935999999955,3.896247540501429
6.86102999999955,3.8938569072171862
6.86269999999955,3.8914807608544404
6.86436999999955,3.8892110933649704
6.86603999999955,3.886941425875497
6.8677099999995495,3.884671758386025
6.869379999999549,3.8824020908965515
6.871049999999549,3.880132423407078
6.872719999999549,3.877862755917608
6.874389999999549,3.875593088428136
6.876059999999549,3.8733234209386627
6.8777299999995485,3.871053753449189
6.879399999999548,3.8687840859597156
6.881069999999548,3.8665144184702473
6.882739999999548,3.864244750980774
6.884409999999548,3.8619750834913003
6.886079999999548,3.8597054160018267
6.8877499999995475,3.8574357485123567
6.889419999999547,3.855166081022883
6.891089999999547,3.8528964135334114
6.892759999999547,3.8505853406158064
6.894429999999547,3.8482524288595528
6.896099999999547,3.8459195171033027
6.8977699999995465,3.843586605347049
6.899439999999546,3.841253693590799
6.901109999999546,3.8389207818345454
6.902779999999546,3.836527346939498
6.904449999999546,3.8340734693884766
6.906119999999546,3.831619591837459
6.907789999999546,3.829165714286436
6.909459999999545,3.8267118367354183
6.911129999999545,3.824257959184397
6.912799999999545,3.8218040816333776
6.914469999999545,3.8193502040823564
6.916139999999545,3.8168963265313387
6.917809999999545,3.8144424489803157
6.919479999999544,3.8120109572908394
6.921149999999544,3.8096203240065982
6.922819999999544,3.8073333526941564
6.924489999999544,3.805063685204683
6.926159999999544,3.8027940177152093
6.927829999999544,3.8005243502257358
6.9294999999995435,3.798254682736264
6.931169999999543,3.795985015246794
6.932839999999543,3.7937153477573204
6.934509999999543,3.791445680267847
6.936179999999543,3.789176012778375
6.937849999999543,3.7869063452889016
6.9395199999995425,3.7846366777994316
6.941189999999542,3.7823612960242787
6.942859999999542,3.7799706627400376
6.944529999999542,3.7775800294557964
6.946199999999542,3.775189396171557
6.947869999999542,3.772798762887316
6.9495399999995415,3.7704081296030747
6.951209999999541,3.7680174963188318
6.952879999999541,3.7656268630345906
6.954549999999541,3.7632362297503494
6.956219999999541,3.7608455964661065
6.957889999999541,3.758454963181869
6.959559999999541,3.7560643298976277
6.96122999999954,3.7537225497320623
6.96289999999954,3.7514528822425905
6.96456999999954,3.749183214753117
6.96623999999954,3.7469135472636435
6.96790999999954,3.7446438797741735
6.96957999999954,3.7423742122847017
6.971249999999539,3.740104544795228
6.972919999999539,3.7378294912338177
6.974589999999539,3.7354965794775676
6.976259999999539,3.733163667721316
6.977929999999539,3.7308307559650657
6.979599999999539,3.728497844208812
6.9812699999995385,3.726164932452562
6.982939999999538,3.7238320206963085
6.984609999999538,3.72149910894006
6.986279999999538,3.7191661971838066
6.987949999999538,3.7168332854275565
6.989619999999538,3.7145003736713065
6.9912899999995375,3.712167461915053
6.992959999999537,3.709834550158803
6.994629999999537,3.707501638402549
6.996299999999537,3.705168726646301
6.997969999999537,3.7028358148900473
6.999639999999537,3.7005029031337973
7.0013099999995365,3.6957931443314713
7.002979999999536,3.6904302061871395
7.004649999999536,3.685067268042813
7.006319999999536,3.679704329898483
7.007989999999536,3.674341391754151
7.009659999999536,3.6689784536098244
7.0113299999995355,3.6636155154654926
7.012999999999535,3.658252577321166
7.014669999999535,3.652889639176836
7.016339999999535,3.647526701032504
7.018009999999535,3.6421637628881776
7.019679999999535,3.6368008247438475
7.021349999999535,3.6314378865995156
7.023019999999534,3.626074948455189
7.024689999999534,3.620712010310857
7.026359999999534,3.6153490721665307
7.028029999999534,3.6099861340222006
7.029699999999534,3.6046231958778687
7.031369999999534,3.599260257733542
7.033039999999533,3.593897319589212
7.034709999999533,3.5885343814448802
7.036379999999533,3.5831714433005537
7.038049999999533,3.5778085051562236
7.039719999999533,3.5724455670118953
7.041389999999533,3.567082628867565
7.0430599999995325,3.5617196907232334
7.044729999999532,3.556356752578907
7.046399999999532,3.5509938144345767
7.048069999999532,3.545630876290245
7.049739999999532,3.5402679381459183
7.051409999999532,3.5349050000015882
7.0530799999995315,3.52954206185726
7.054749999999531,3.52417912371293
7.056419999999531,3.518816185568598
7.058089999999531,3.5134532474242715
7.059759999999531,3.5080903092799414
7.061429999999531,3.5027273711356095
7.0630999999995305,3.497364432991283
7.06476999999953,3.492001494846953
7.06643999999953,3.4866385567026246
7.06810999999953,3.4812756185582945
7.06977999999953,3.4759126804139644
7.07144999999953,3.470549742269636
7.07311999999953,3.465186804125306
7.074789999999529,3.4598238659809777
7.076459999999529,3.4544609278366476
7.078129999999529,3.4490979896923175
7.079799999999529,3.443735051547989
7.081469999999529,3.438396224491374
7.083139999999529,3.433096530613822
7.084809999999528,3.427796836736274
7.086479999999528,3.422497142858722
7.088149999999528,3.417197448981174
7.089819999999528,3.411897755103622
7.091489999999528,3.4065980612260702
7.093159999999528,3.401298367348522
7.0948299999995275,3.39599867347097
7.096499999999527,3.3906989795934184
7.098169999999527,3.38539928571587
7.099839999999527,3.3800995918383183
7.101509999999527,3.37479989796077
7.103179999999527,3.3695002040832183
7.1048499999995265,3.3642005102056665
7.106519999999526,3.358900816328118
7.108189999999526,3.35359603092944
7.109859999999526,3.34823309278511
7.111529999999526,3.3428701546407815
7.113199999999526,3.3375072164964514
7.1148699999995255,3.332144278352123
7.116539999999525,3.326781340207793
7.118209999999525,3.321418402063463
7.119879999999525,3.3160554639191346
7.121549999999525,3.3106925257748046
7.123219999999525,3.3053295876304727
7.1248899999995245,3.299966649486146
7.126559999999524,3.2946037113418143
7.128229999999524,3.2892407731974878
7.129899999999524,3.2838778350531577
7.131569999999524,3.278514896908826
7.133239999999524,3.2731519587644993
7.134909999999524,3.2677890206201674
7.136579999999523,3.262426082475841
7.138249999999523,3.257063144331511
7.139919999999523,3.251700206187179
7.141589999999523,3.2463372680428524
7.143259999999523,3.2409743298985205
7.144929999999523,3.2356113917541904
7.1465999999995224,3.230248453609864
7.148269999999522,3.224885515465532
7.149939999999522,3.2195225773212055
7.151609999999522,3.2141596391768754
7.153279999999522,3.2087967010325436
7.154949999999522,3.203433762888217
7.1566199999995215,3.198070824743887
7.158289999999521,3.192707886599555
7.159959999999521,3.1873449484552285
7.161629999999521,3.1819820103108967
7.163299999999521,3.1766704081648687
7.164969999999521,3.171370714287317
7.1666399999995205,3.166071020409765
7.16830999999952,3.160771326532217
7.16997999999952,3.155471632654665
7.17164999999952,3.1501719387771114
7.17331999999952,3.144872244899563
7.17498999999952,3.1395725510220114
7.1766599999995195,3.134272857144463
7.178329999999519,3.1289731632669113
7.179999999999519,3.1236734693893595
7.181669999999519,3.1183737755118113
7.183339999999519,3.1130740816342595
7.185009999999519,3.1077743877567077
7.186679999999519,3.1024746938791594
7.188349999999518,3.0971750000016076
7.190019999999518,3.091842989692351
7.191689999999518,3.086480051548021
7.193359999999518,3.0811171134036908
7.195029999999518,3.0757541752593625
7.196699999999518,3.0703912371150324
7.198369999999517,3.0650282989707005
7.200039999999517,3.059665360826374
7.201709999999517,3.054302422682044
7.203379999999517,3.0489394845377156
7.205049999999517,3.0435765463933855
7.206719999999517,3.0382136082490554
7.2083899999995165,3.032850670104727
7.210059999999516,3.027487731960397
7.211729999999516,3.022124793816065
7.213399999999516,3.0167618556717386
7.215069999999516,3.0113989175274085
7.216739999999516,3.006035979383082
7.2184099999995155,3.0006730412387483
7.220079999999515,2.9953101030944183
7.221749999999515,2.9899471649500917
7.223419999999515,2.9845842268057616
7.225089999999515,2.9792212886614315
7.226759999999515,2.9738583505171015
7.2284299999995145,2.9684954123727714
7.230099999999514,2.963132474228445
7.231769999999514,2.9577695360841147
7.233439999999514,2.9524065979397847
7.235109999999514,2.9470436597954546
7.236779999999514,2.9416807216511245
7.2384499999995136,2.9363177835067944
7.240119999999513,2.930954845362468
7.241789999999513,2.9255919072181342
7.243459999999513,2.920228969073804
7.245129999999513,2.9148660309294776
7.246799999999513,2.9095030927851475
7.248469999999513,2.904140154640821
7.250139999999512,2.8987772164964873
7.251809999999512,2.8934142783521573
7.253479999999512,2.8880513402078307
7.255149999999512,2.8826884020635006
7.256819999999512,2.8773254639191705
7.258489999999512,2.8719625257748405
7.2601599999995114,2.8665995876305104
7.261829999999511,2.861236649486184
7.263499999999511,2.8558737113418537
7.265169999999511,2.85051077319752
7.266839999999511,2.8451478350531936
7.268509999999511,2.8397848969088635
7.2701799999995105,2.8344287755118316
7.27184999999951,2.8291290816342816
7.27351999999951,2.8238293877567315
7.27518999999951,2.8185296938791815
7.27685999999951,2.8132300000016315
7.27852999999951,2.807930306124078
7.2801999999995095,2.8026306122465314
7.281869999999509,2.797330918368978
7.283539999999509,2.792031224491428
7.285209999999509,2.786731530613878
7.286879999999509,2.7814318367363278
7.288549999999509,2.776132142858774
7.2902199999995085,2.7708324489812277
7.291889999999508,2.765532755103674
7.293559999999508,2.7602330612261277
7.295229999999508,2.754933367348574
7.296899999999508,2.749633673471024
7.298569999999508,2.7442829381459894
7.300239999999508,2.738920000001656
7.301909999999507,2.7335570618573257
7.303579999999507,2.728194123712999
7.305249999999507,2.722831185568669
7.306919999999507,2.7174682474243426
7.308589999999507,2.712105309280009
7.310259999999507,2.706742371135679
7.311929999999506,2.7013794329913523
7.313599999999506,2.696016494847022
7.315269999999506,2.690653556702692
7.316939999999506,2.685290618558362
7.318609999999506,2.679927680414032
7.320279999999506,2.6745647422697054
7.3219499999995055,2.6692018041253753
7.323619999999505,2.6638388659810417
7.325289999999505,2.658475927836715
7.326959999999505,2.653112989692385
7.328629999999505,2.647750051548055
7.330299999999505,2.6423871134037284
7.3319699999995045,2.637024175259395
7.333639999999504,2.6316612371150647
7.335309999999504,2.626298298970738
7.336979999999504,2.620935360826408
7.338649999999504,2.6155724226820816
7.340319999999504,2.610209484537748
7.3419899999995035,2.604846546393418
7.343659999999503,2.5994836082490913
7.345329999999503,2.594120670104761
7.346999999999503,2.5887577319604276
7.348669999999503,2.583394793816101
7.350339999999503,2.578031855671771
7.3520099999995026,2.5727029591853245
7.353679999999502,2.5674032653077745
7.355349999999502,2.562103571430221
7.357019999999502,2.5568038775526745
7.358689999999502,2.551504183675121
7.360359999999502,2.546204489797571
7.362029999999502,2.540904795920021
7.363699999999501,2.535605102042471
7.365369999999501,2.5303054081649172
7.367039999999501,2.5250057142873708
7.368709999999501,2.519706020409817
7.370379999999501,2.5144063265322707
7.372049999999501,2.509106632654717
7.3737199999995005,2.503806938777167
7.3753899999995,2.498507244899617
7.3770599999995,2.493207551022067
7.3787299999995,2.4878928350532235
7.3803999999995,2.482529896908897
7.3820699999995,2.477166958764567
7.3837399999994995,2.4718040206202367
7.385409999999499,2.4664410824759067
7.387079999999499,2.4610781443315766
7.388749999999499,2.45571520618725
7.390419999999499,2.4503522680429164
7.392089999999499,2.4449893298985863
7.3937599999994985,2.4396263917542598
7.395429999999498,2.4342634536099297
7.397099999999498,2.428900515465603
7.398769999999498,2.4235375773212695
7.400439999999498,2.4181746391769394
7.402109999999498,2.412811701032613
7.4037799999994975,2.407448762888283
7.405449999999497,2.4020858247439527
7.407119999999497,2.3967228865996226
7.408789999999497,2.3913599484552925
7.410459999999497,2.385997010310966
7.412129999999497,2.380634072166636
7.413799999999497,2.375271134022306
7.415469999999496,2.3699081958779793
7.417139999999496,2.3645452577336457
7.418809999999496,2.3591823195893156
7.420479999999496,2.353819381444989
7.422149999999496,2.348456443300659
7.423819999999496,2.3430935051563324
7.425489999999495,2.3377305670120023
7.427159999999495,2.3323676288676722
7.428829999999495,2.327004690723342
7.430499999999495,2.321641752579012
7.432169999999495,2.316278814434682
7.433839999999495,2.3109771428588175
7.4355099999994945,2.3056774489812675
7.437179999999494,2.3003777551037174
7.438849999999494,2.2950780612261674
7.440519999999494,2.289778367348614
7.442189999999494,2.284478673471064
7.443859999999494,2.279178979593514
7.4455299999994935,2.27387928571596
7.447199999999493,2.2685795918384137
7.448869999999493,2.26327989796086
7.450539999999493,2.2579802040833137
7.452209999999493,2.25268051020576
7.453879999999493,2.24738081632821
7.4555499999994925,2.24208112245066
7.457219999999492,2.2367814285731065
7.458889999999492,2.2314817346955564
7.460559999999492,2.2261397938161345
7.462229999999492,2.2207768556718044
7.463899999999492,2.215413917527478
7.465569999999492,2.210050979383144
7.467239999999491,2.204688041238814
7.468909999999491,2.1993251030944876
7.470579999999491,2.1939621649501575
7.472249999999491,2.1885992268058274
7.473919999999491,2.1832362886614973
7.475589999999491,2.1778733505171672
7.47725999999949,2.1725104123728407
7.47892999999949,2.1671474742285106
7.48059999999949,2.161784536084177
7.48226999999949,2.1564215979398504
7.48393999999949,2.1510586597955204
7.48560999999949,2.145695721651194
7.4872799999994895,2.1403327835068637
7.488949999999489,2.13496984536253
7.490619999999489,2.1296069072182036
7.492289999999489,2.1242439690738735
7.493959999999489,2.1188810309295434
7.495629999999489,2.113518092785217
7.4972999999994885,2.1081551546408868
7.498969999999488,2.1027922164965567
7.500639999999488,2.0974292783522266
7.502309999999488,2.0920663402078965
7.503979999999488,2.08670340206357
7.505649999999488,2.08134046391924
7.5073199999994875,2.0759775257749133
7.508989999999487,2.0706145876305833
7.510659999999487,2.0652516494862496
7.512329999999487,2.059888711341923
7.513999999999487,2.054525773197593
7.515669999999487,2.049162835053263
7.5173399999994865,2.0437998969089364
7.519009999999486,2.0384369587646027
7.520679999999486,2.033074020620276
7.522349999999486,2.027711082475946
7.524019999999486,2.022348144331616
7.525689999999486,2.0169852061872895
7.527359999999486,2.011622268042956
7.529029999999485,2.0062593298986258
7.530699999999485,2.0008963917542992
7.532369999999485,1.9955334536099691
7.534039999999485,1.9901705154656426
7.535709999999485,1.984807577321309
7.537379999999485,1.9794446391769789
7.539049999999484,1.9740817010326523
7.540719999999484,1.9687355102057857
7.542389999999484,1.9634358163282322
7.544059999999484,1.9581361224506857
7.545729999999484,1.952836428573132
7.547399999999484,1.9475367346955856
7.5490699999994835,1.942237040818032
7.550739999999483,1.936937346940482
7.552409999999483,1.931637653062932
7.554079999999483,1.926337959185382
7.555749999999483,1.9210382653078284
7.557419999999483,1.915738571430282
7.5590899999994825,1.9104388775527283
7.560759999999482,1.9051391836751819
7.562429999999482,1.8998394897976283
7.564099999999482,1.8945397959200783
7.565769999999482,1.8892401020425282
7.567439999999482,1.8839404081649782
7.5691099999994815,1.8785797422697748
7.570779999999481,1.8732168041254447
7.572449999999481,1.8678538659811146
7.574119999999481,1.862490927836788
7.575789999999481,1.857127989692458
7.577459999999481,1.8517650515481243
7.579129999999481,1.8464021134037978
7.58079999999948,1.8410391752594677
7.58246999999948,1.8356762371151376
7.58413999999948,1.830313298970811
7.58580999999948,1.8249503608264774
7.58747999999948,1.819587422682151
7.58914999999948,1.8142244845378208
7.590819999999479,1.8088615463934907
7.592489999999479,1.8034986082491642
7.594159999999479,1.7981356701048306
7.595829999999479,1.7927727319605005
7.597499999999479,1.787409793816174
7.599169999999479,1.7820468556718438
7.6008399999994785,1.7766839175275138
7.602509999999478,1.7713209793831837
7.604179999999478,1.7659580412388536
7.605849999999478,1.760595103094527
7.607519999999478,1.755232164950197
7.609189999999478,1.7498692268058669
7.6108599999994775,1.7445062886615368
7.612529999999477,1.7391433505172067
7.614199999999477,1.7337804123728802
7.615869999999477,1.72841747422855
7.617539999999477,1.7230545360842164
7.619209999999477,1.71769159793989
7.6208799999994765,1.7123286597955598
7.622549999999476,1.7070096938792787
7.624219999999476,1.7017100000017251
7.625889999999476,1.696410306124175
7.627559999999476,1.691110612246625
7.629229999999476,1.685810918369075
7.6308999999994755,1.6805112244915215
7.632569999999475,1.675211530613975
7.634239999999475,1.6699118367364214
7.635909999999475,1.664612142858875
7.637579999999475,1.6593124489813214
7.639249999999475,1.6540127551037713
7.640919999999475,1.6487130612262249
7.642589999999474,1.6434133673486713
7.644259999999474,1.6381136734711212
7.645929999999474,1.6328139795935712
7.647599999999474,1.6275142857160212
7.649269999999474,1.6221896391770159
7.650939999999474,1.6168267010326858
7.6526099999994734,1.6114637628883521
7.654279999999473,1.6061008247440256
7.655949999999473,1.6007378865996955
7.657619999999473,1.5953749484553654
7.659289999999473,1.590012010311039
7.660959999999473,1.5846490721667053
7.6626299999994725,1.5792861340223787
7.664299999999472,1.5739231958780486
7.665969999999472,1.5685602577337185
7.667639999999472,1.5631973195893885
7.669309999999472,1.5578343814450584
7.670979999999472,1.5524714433007283
7.6726499999994715,1.5471085051564017
7.674319999999471,1.5417455670120717
7.675989999999471,1.5363826288677416
7.677659999999471,1.5310196907234115
7.679329999999471,1.5256567525790814
7.680999999999471,1.5202938144347549
7.6826699999994705,1.5149308762904248
7.68433999999947,1.5095679381460947
7.68600999999947,1.5042050000017646
7.68767999999947,1.4988420618574345
7.68934999999947,1.493479123713108
7.69101999999947,1.488116185568778
7.69268999999947,1.4827532474244478
7.694359999999469,1.4773903092801213
7.696029999999469,1.4720273711357912
7.697699999999469,1.4666644329914575
7.699369999999469,1.461301494847131
7.701039999999469,1.4559385567028045
7.702709999999469,1.4505835714303252
7.704379999999468,1.4452838775527717
7.706049999999468,1.4399841836752216
7.707719999999468,1.4346844897976716
7.709389999999468,1.429384795920118
7.711059999999468,1.4240851020425715
7.712729999999468,1.418785408165018
7.7143999999994675,1.4134857142874715
7.716069999999467,1.408186020409918
7.717739999999467,1.4028863265323679
7.719409999999467,1.3975866326548179
7.721079999999467,1.3922869387772678
7.722749999999467,1.3869872448997143
7.7244199999994665,1.3816875510221642
7.726089999999466,1.3763878571446142
7.727759999999466,1.3710881632670642
7.729429999999466,1.3657884693895141
7.731099999999466,1.3604365979399233
7.732769999999466,1.3550736597955968
7.7344399999994655,1.3497107216512632
7.736109999999465,1.344347783506933
7.737779999999465,1.3389848453626065
7.739449999999465,1.3336219072182764
7.741119999999465,1.32825896907395
7.742789999999465,1.3228960309296163
7.7444599999994646,1.3175330927852862
7.746129999999464,1.3121701546409597
7.747799999999464,1.3068072164966296
7.749469999999464,1.301444278352296
7.751139999999464,1.2960813402079694
7.752809999999464,1.2907184020636393
7.754479999999464,1.2853554639193128
7.756149999999463,1.2799925257749827
7.757819999999463,1.274629587630649
7.759489999999463,1.2692666494863225
7.761159999999463,1.2639037113419924
7.762829999999463,1.2585407731976623
7.764499999999463,1.2531778350533358
7.7661699999994624,1.2478148969090057
7.767839999999462,1.2424519587646792
7.769509999999462,1.2370890206203455
7.771179999999462,1.2317260824760154
7.772849999999462,1.226363144331689
7.774519999999462,1.2210002061873588
7.7761899999994615,1.2156372680430287
7.777859999999461,1.2102743298987022
7.779529999999461,1.2049113917543686
7.781199999999461,1.199548453610042
7.782869999999461,1.194185515465712
7.784539999999461,1.1888225773213819
7.7862099999994605,1.1834596391770553
7.78787999999946,1.1780967010327252
7.78954999999946,1.1727337628883916
7.79121999999946,1.167370824744065
7.79288999999946,1.162007886599735
7.79455999999946,1.1566449484554084
7.7962299999994595,1.1512820103110748
7.797899999999459,1.1459190721667447
7.799569999999459,1.1405561340224182
7.801239999999459,1.135193195878088
7.802909999999459,1.129830257733758
7.804579999999459,1.124467319589428
7.806249999999459,1.1191043814450978
7.807919999999458,1.1137414433007713
7.809589999999458,1.1083785051564412
7.811259999999458,1.10304224489974
7.812929999999458,1.0977425510221899
7.814599999999458,1.0924428571446398
7.816269999999458,1.0871431632670863
7.817939999999457,1.0818434693895398
7.819609999999457,1.0765437755119862
7.821279999999457,1.0712440816344397
7.822949999999457,1.0659443877568862
7.824619999999457,1.0606446938793361
7.826289999999457,1.055345000001786
7.8279599999994565,1.050045306124236
7.829629999999456,1.0447456122466825
7.831299999999456,1.039445918369136
7.832969999999456,1.0341462244915824
7.834639999999456,1.028846530614036
7.836309999999456,1.0235468367364824
7.8379799999994555,1.0182394845378937
7.839649999999455,1.0128765463935636
7.841319999999455,1.0075136082492335
7.842989999999455,1.0021506701049034
7.844659999999455,0.9967877319605769
7.846329999999455,0.9914247938162468
7.8479999999994545,0.9860618556719167
7.849669999999454,0.9806989175275866
7.851339999999454,0.9753359793832566
7.853009999999454,0.96997304123893
7.854679999999454,0.9646101030945964
7.856349999999454,0.9592471649502663
7.8580199999994536,0.9538842268059398
7.859689999999453,0.9485212886616097
7.861359999999453,0.9431583505172831
7.863029999999453,0.9377954123729495
7.864699999999453,0.9324324742286194
7.866369999999453,0.9270695360842929
7.868039999999453,0.9217065979399628
7.869709999999452,0.9163436597956327
7.871379999999452,0.9109807216513026
7.873049999999452,0.9056177835069725
7.874719999999452,0.900254845362646
7.876389999999452,0.8948919072183159
7.878059999999452,0.8895289690739823
7.8797299999994515,0.8841660309296557
7.881399999999451,0.8788030927853256
7.883069999999451,0.8734401546409956
7.884739999999451,0.868077216496669
7.886409999999451,0.8627142783523354
7.888079999999451,0.8573513402080088
7.8897499999994505,0.8519884020636788
7.89141999999945,0.8466254639193487
7.89308999999945,0.8413164285732329
7.89475999999945,0.8360167346956793
7.89642999999945,0.8307170408181292
7.89809999999945,0.8254173469405792
7.8997699999994495,0.8201176530630292
7.901439999999449,0.8148179591854756
7.903109999999449,0.8095182653079291
7.904779999999449,0.8042185714303756
7.906449999999449,0.7989188775528255
7.908119999999449,0.7936191836752755
7.9097899999994485,0.7883194897977255
7.911459999999448,0.7830197959201719
7.913129999999448,0.7777201020426254
7.914799999999448,0.7724204081650718
7.916469999999448,0.7671207142875254
7.918139999999448,0.7618210204099718
7.919809999999448,0.7564864433008012
7.921479999999447,0.7511235051564711
7.923149999999447,0.745760567012141
7.924819999999447,0.7403976288678109
7.926489999999447,0.7350346907234844
7.928159999999447,0.7296717525791543
7.929829999999447,0.7243088144348242
7.931499999999446,0.7189458762904941
7.933169999999446,0.713582938146164
7.934839999999446,0.7082200000018375
7.936509999999446,0.7028570618575039
7.938179999999446,0.6974941237131738
7.939849999999446,0.6921311855688472
7.9415199999994455,0.6867682474245171
7.943189999999445,0.6814053092801906
7.944859999999445,0.676042371135857
7.946529999999445,0.6706794329915269
7.948199999999445,0.6653164948472003
7.949869999999445,0.6599535567028703
7.9515399999994445,0.6545906185585402
7.953209999999444,0.6492276804142136
7.954879999999444,0.64386474226988
7.956549999999444,0.6385018041255535
7.958219999999444,0.6331388659812234
7.959889999999444,0.6277759278368933
7.9615599999994435,0.6224129896925668
7.963229999999443,0.6170500515482367
7.964899999999443,0.6116871134039066
7.966569999999443,0.6063241752595765
7.968239999999443,0.6009612371152464
7.969909999999443,0.5955982989709199
7.971579999999443,0.5902353608265898
7.973249999999442,0.5848903061242723
7.974919999999442,0.5795906122467258
7.976589999999442,0.5742909183691722
7.978259999999442,0.5689912244916222
7.979929999999442,0.5636915306140722
7.981599999999442,0.5583918367365222
7.983269999999441,0.5530921428589721
7.984939999999441,0.5477924489814221
7.986609999999441,0.5424927551038685
7.988279999999441,0.5371930612263185
7.989949999999441,0.5318933673487685
7.991619999999441,0.5265936734712149
7.9932899999994405,0.5212939795936684
7.99495999999944,0.5159942857161148
7.99662999999944,0.5106945918385684
7.99829999999944,0.5053948979610148
7.99996999999944,0.5000952040834648
8.00163999999944,0.5001639999999412
8.003309999999441,0.5003309999999423
8.004979999999442,0.5004979999999435
8.006649999999443,0.5006649999999446
8.008319999999443,0.5008319999999422
8.009989999999444,0.5009989999999434
8.011659999999445,0.5011659999999409
8.013329999999446,0.5013329999999456
8.014999999999446,0.5014999999999432
8.016669999999447,0.5016669999999444
8.018339999999448,0.5018339999999419
8.020009999999449,0.5020009999999431
8.02167999999945,0.5021679999999442
8.02334999999945,0.5023349999999454
8.02501999999945,0.5025019999999429
8.026689999999451,0.5026689999999441
8.028359999999452,0.5028359999999417
8.030029999999453,0.5030029999999464
8.031699999999454,0.5031699999999439
8.033369999999454,0.5033369999999451
8.035039999999455,0.5035039999999427
8.036709999999456,0.5036709999999438
8.038379999999457,0.5038379999999449
8.040049999999457,0.5040049999999461
8.041719999999458,0.5041719999999437
8.043389999999459,0.5043389999999448
8.04505999999946,0.5045059999999424
8.04672999999946,0.5046729999999471
8.04839999999946,0.5048399999999447
8.050069999999462,0.5050069999999458
8.051739999999462,0.5051739999999434
8.053409999999463,0.5053409999999445
8.055079999999464,0.5055079999999457
8.056749999999465,0.5056749999999468
8.058419999999465,0.5058419999999444
8.060089999999466,0.5060089999999455
8.061759999999467,0.5061759999999431
8.063429999999467,0.5063429999999478
8.065099999999468,0.5065099999999454
8.066769999999469,0.5066769999999465
8.06843999999947,0.5068439999999441
8.07010999999947,0.5070109999999488
8.071779999999471,0.5071779999999464
8.073449999999472,0.5073449999999475
8.075119999999472,0.5075119999999451
8.076789999999473,0.5076789999999463
8.078459999999474,0.5078459999999474
8.080129999999475,0.5080129999999485
8.081799999999475,0.5081799999999461
8.083469999999476,0.5083469999999473
8.085139999999477,0.5085139999999448
8.086809999999478,0.5086809999999495
8.088479999999478,0.5088479999999471
8.090149999999479,0.5090149999999483
8.09181999999948,0.5091819999999458
8.09348999999948,0.509348999999947
8.095159999999481,0.5095159999999481
8.096829999999482,0.5096829999999493
8.098499999999483,0.5098499999999468
8.100169999999483,0.510016999999948
8.101839999999484,0.5101839999999456
8.103509999999485,0.5103509999999503
8.105179999999486,0.5105179999999478
8.106849999999486,0.510684999999949
8.108519999999487,0.5108519999999466
8.110189999999488,0.5110189999999477
8.111859999999488,0.5111859999999488
8.11352999999949,0.51135299999995
8.11519999999949,0.5115199999999476
8.11686999999949,0.5116869999999487
8.118539999999491,0.5118539999999463
8.120209999999492,0.512020999999951
8.121879999999493,0.5121879999999486
8.123549999999494,0.5123549999999497
8.125219999999494,0.5125219999999473
8.126889999999495,0.5126889999999484
8.128559999999496,0.5128559999999496
8.130229999999496,0.5130229999999507
8.131899999999497,0.5131899999999483
8.133569999999498,0.5133569999999494
8.135239999999499,0.5135239999999506
8.1369099999995,0.5136909999999517
8.1385799999995,0.5138579999999493
8.1402499999995,0.5140249999999504
8.141919999999502,0.514191999999948
8.143589999999502,0.5143589999999527
8.145259999999503,0.5145259999999503
8.146929999999504,0.5146929999999514
8.148599999999504,0.514859999999949
8.150269999999505,0.5150269999999502
8.151939999999506,0.5151939999999513
8.153609999999507,0.5153609999999524
8.155279999999507,0.51552799999995
8.156949999999508,0.5156949999999512
8.158619999999509,0.5158619999999488
8.16028999999951,0.5160289999999534
8.16195999999951,0.516195999999951
8.163629999999511,0.5163629999999522
8.165299999999512,0.5165299999999498
8.166969999999512,0.5166969999999509
8.168639999999513,0.516863999999952
8.170309999999514,0.5170309999999532
8.171979999999515,0.5171979999999508
8.173649999999515,0.5173649999999519
8.175319999999516,0.5175319999999495
8.176989999999517,0.5176989999999542
8.178659999999518,0.5178659999999518
8.180329999999518,0.5180329999999529
8.181999999999519,0.5181999999999505
8.18366999999952,0.5183669999999516
8.18533999999952,0.5185339999999528
8.187009999999521,0.5187009999999539
8.188679999999522,0.5188679999999515
8.190349999999523,0.5190349999999526
8.192019999999523,0.5192019999999502
8.193689999999524,0.5193689999999549
8.195359999999525,0.5195359999999525
8.197029999999526,0.5197029999999536
8.198699999999526,0.5198699999999512
8.200369999999527,0.5200369999999523
8.202039999999528,0.5202039999999499
8.203709999999528,0.5203709999999546
8.20537999999953,0.5205379999999522
8.20704999999953,0.5207049999999533
8.20871999999953,0.5208719999999509
8.210389999999531,0.5210389999999521
8.212059999999532,0.5212059999999532
8.213729999999533,0.5213729999999543
8.215399999999534,0.5215399999999519
8.217069999999534,0.5217069999999531
8.218739999999535,0.5218739999999507
8.220409999999536,0.5220409999999553
8.222079999999536,0.5222079999999529
8.223749999999537,0.5223749999999541
8.225419999999538,0.5225419999999517
8.227089999999539,0.5227089999999528
8.22875999999954,0.5228759999999539
8.23042999999954,0.5230429999999551
8.23209999999954,0.5232099999999527
8.233769999999542,0.5233769999999538
8.235439999999542,0.5235439999999514
8.237109999999543,0.5237109999999561
8.238779999999544,0.5238779999999537
8.240449999999544,0.5240449999999548
8.242119999999545,0.5242119999999524
8.243789999999546,0.5243789999999535
8.245459999999547,0.5245459999999547
8.247129999999547,0.5247129999999558
8.248799999999548,0.5248799999999534
8.250469999999549,0.5250469999999545
8.25213999999955,0.5252139999999521
8.25380999999955,0.5253809999999568
8.255479999999551,0.5255479999999544
8.257149999999552,0.5257149999999555
8.258819999999552,0.5258819999999531
8.260489999999553,0.5260489999999542
8.262159999999554,0.5262159999999554
8.263829999999555,0.5263829999999565
8.265499999999555,0.5265499999999541
8.267169999999556,0.5267169999999552
8.268839999999557,0.5268839999999528
8.270509999999557,0.527050999999954
8.272179999999558,0.5272179999999551
8.273849999999559,0.5273849999999562
8.27551999999956,0.5275519999999538
8.27718999999956,0.527718999999955
8.278859999999561,0.5278859999999526
8.280529999999562,0.5280529999999573
8.282199999999563,0.5282199999999548
8.283869999999563,0.528386999999956
8.285539999999564,0.5285539999999536
8.287209999999565,0.5287209999999547
8.288879999999565,0.5288879999999558
8.290549999999566,0.529054999999957
8.292219999999567,0.5292219999999546
8.293889999999568,0.5293889999999557
8.295559999999568,0.5295559999999533
8.29722999999957,0.529722999999958
8.29889999999957,0.5298899999999556
8.30056999999957,0.5300569999999567
8.302239999999571,0.5302239999999543
8.303909999999572,0.5303909999999554
8.305579999999573,0.5305579999999566
8.307249999999573,0.5307249999999577
8.308919999999574,0.5308919999999553
8.310589999999575,0.5310589999999564
8.312259999999576,0.531225999999954
8.313929999999576,0.5313929999999587
8.315599999999577,0.5315599999999563
8.317269999999578,0.5317269999999574
8.318939999999579,0.531893999999955
8.32060999999958,0.5320609999999562
8.32227999999958,0.5322279999999573
8.32394999999958,0.5323949999999584
8.325619999999581,0.532561999999956
8.327289999999582,0.5327289999999572
8.328959999999583,0.5328959999999547
8.330629999999584,0.5330629999999594
8.332299999999584,0.533229999999957
8.333969999999585,0.5333969999999582
8.335639999999586,0.5335639999999557
8.337309999999587,0.5337309999999569
8.338979999999587,0.533897999999958
8.340649999999588,0.5340649999999592
8.342319999999589,0.5342319999999567
8.34398999999959,0.5343989999999579
8.34565999999959,0.5345659999999555
8.347329999999591,0.5347329999999602
8.348999999999592,0.5348999999999577
8.350669999999592,0.5350669999999589
8.352339999999593,0.5352339999999565
8.354009999999594,0.5354009999999576
8.355679999999595,0.5355679999999587
8.357349999999595,0.5357349999999599
8.359019999999596,0.5359019999999575
8.360689999999597,0.5360689999999586
8.362359999999597,0.5362359999999597
8.364029999999598,0.5364029999999609
8.365699999999599,0.536569999999962
8.3673699999996,0.5367369999999596
8.3690399999996,0.5369039999999607
8.370709999999601,0.5370709999999583
8.372379999999602,0.537237999999963
8.374049999999603,0.5374049999999606
8.375719999999603,0.5375719999999617
8.377389999999604,0.5377389999999593
8.379059999999605,0.5379059999999605
8.380729999999605,0.5380729999999616
8.382399999999606,0.5382399999999627
8.384069999999607,0.5384069999999603
8.385739999999608,0.5385739999999615
8.387409999999608,0.5387409999999591
8.389079999999609,0.5389079999999637
8.39074999999961,0.5390749999999613
8.39241999999961,0.5392419999999625
8.394089999999611,0.5394089999999601
8.395759999999612,0.5395759999999612
8.397429999999613,0.5397429999999623
8.399099999999613,0.5399099999999635
8.400769999999614,0.5400769999999611
8.402439999999615,0.5402439999999622
8.404109999999616,0.5404109999999633
8.405779999999616,0.5405779999999645
8.407449999999617,0.5407449999999621
8.409119999999618,0.5409119999999632
8.410789999999619,0.5410789999999608
8.41245999999962,0.5412459999999655
8.41412999999962,0.5414129999999631
8.41579999999962,0.5415799999999642
8.417469999999621,0.5417469999999618
8.419139999999622,0.5419139999999629
8.420809999999623,0.5420809999999641
8.422479999999624,0.5422479999999652
8.424149999999624,0.5424149999999628
8.425819999999625,0.5425819999999639
8.427489999999626,0.5427489999999615
8.429159999999627,0.5429159999999662
8.430829999999627,0.5430829999999638
8.432499999999628,0.5432499999999649
8.434169999999629,0.5434169999999625
8.43583999999963,0.5435839999999637
8.43750999999963,0.5437509999999648
8.43917999999963,0.5439179999999659
8.440849999999632,0.5440849999999635
8.442519999999632,0.5442519999999647
8.444189999999633,0.5444189999999622
8.445859999999634,0.5445859999999669
8.447529999999634,0.5447529999999645
8.449199999999635,0.5449199999999657
8.450869999999636,0.5450869999999632
8.452539999999637,0.5452539999999644
8.454209999999637,0.5454209999999655
8.455879999999638,0.5455879999999667
8.457549999999639,0.5457549999999642
8.45921999999964,0.5459219999999654
8.46088999999964,0.546088999999963
8.462559999999641,0.5462559999999677
8.464229999999642,0.5464229999999652
8.465899999999642,0.5465899999999664
8.467569999999643,0.546756999999964
8.469239999999644,0.5469239999999651
8.470909999999645,0.5470909999999662
8.472579999999645,0.5472579999999638
8.474249999999646,0.547424999999965
8.475919999999647,0.5475919999999626
8.477589999999648,0.5477589999999672
8.479259999999648,0.5479259999999648
8.480929999999649,0.548092999999966
8.48259999999965,0.5482599999999636
8.48426999999965,0.5484269999999647
8.485939999999651,0.5485939999999658
8.487609999999652,0.548760999999967
8.489279999999653,0.5489279999999646
8.490949999999653,0.5490949999999657
8.492619999999654,0.5492619999999633
8.494289999999655,0.549428999999968
8.495959999999656,0.5495959999999656
8.497629999999656,0.5497629999999667
8.499299999999657,0.5499299999999643
8.500969999999658,0.5500969999999654
8.502639999999658,0.5502639999999666
8.50430999999966,0.5504309999999677
8.50597999999966,0.5505979999999653
8.50764999999966,0.5507649999999664
8.509319999999661,0.550931999999964
8.510989999999662,0.5510989999999687
8.512659999999663,0.5512659999999663
8.514329999999664,0.5514329999999674
8.515999999999664,0.551599999999965
8.517669999999665,0.5517669999999661
8.519339999999666,0.5519339999999673
8.521009999999666,0.5521009999999684
8.522679999999667,0.552267999999966
8.524349999999668,0.5524349999999671
8.526019999999669,0.5526019999999647
8.52768999999967,0.5527689999999694
8.52935999999967,0.552935999999967
8.53102999999967,0.5531029999999681
8.532699999999672,0.5532699999999657
8.534369999999672,0.5534369999999704
8.536039999999673,0.553603999999968
8.537709999999674,0.5537709999999691
8.539379999999674,0.5539379999999667
8.541049999999675,0.5541049999999679
8.542719999999676,0.554271999999969
8.544389999999677,0.5544389999999702
8.546059999999677,0.5546059999999677
8.547729999999678,0.5547729999999689
8.549399999999679,0.5549399999999665
8.55106999999968,0.5551069999999712
8.55273999999968,0.5552739999999687
8.554409999999681,0.5554409999999699
8.556079999999682,0.5556079999999675
8.557749999999682,0.5557749999999686
8.559419999999683,0.5559419999999697
8.561089999999684,0.5561089999999709
8.562759999999685,0.5562759999999685
8.564429999999685,0.5564429999999696
8.566099999999686,0.5566099999999672
8.567769999999687,0.5567769999999719
8.569439999999688,0.5569439999999695
8.571109999999688,0.5571109999999706
8.572779999999689,0.5572779999999682
8.57444999999969,0.5574449999999693
8.57611999999969,0.5576119999999705
8.577789999999691,0.5577789999999716
8.579459999999692,0.5579459999999692
8.581129999999693,0.5581129999999703
8.582799999999693,0.5582799999999679
8.584469999999694,0.5584469999999726
8.586139999999695,0.5586139999999702
8.587809999999696,0.5587809999999713
8.589479999999696,0.5589479999999689
8.591149999999697,0.55911499999997
8.592819999999698,0.5592819999999712
8.594489999999698,0.5594489999999723
8.5961599999997,0.5596159999999699
8.5978299999997,0.559782999999971
8.5994999999997,0.5599499999999686
8.601169999999701,0.5601169999999733
8.602839999999702,0.5602839999999709
8.604509999999703,0.560450999999972
8.606179999999704,0.5606179999999696
8.607849999999704,0.5607849999999743
8.609519999999705,0.5609519999999719
8.611189999999706,0.5611189999999731
8.612859999999706,0.5612859999999706
8.614529999999707,0.5614529999999718
8.616199999999708,0.5616199999999729
8.617869999999709,0.5617869999999741
8.61953999999971,0.5619539999999716
8.62120999999971,0.5621209999999728
8.62287999999971,0.5622879999999704
8.624549999999712,0.5624549999999751
8.626219999999712,0.5626219999999726
8.627889999999713,0.5627889999999738
8.629559999999714,0.5629559999999714
8.631229999999714,0.5631229999999725
8.632899999999715,0.5632899999999736
8.634569999999716,0.5634569999999748
8.636239999999717,0.5636239999999724
8.637909999999717,0.5637909999999735
8.639579999999718,0.5639579999999711
8.641249999999719,0.5641249999999758
8.64291999999972,0.5642919999999734
8.64458999999972,0.5644589999999745
8.646259999999721,0.5646259999999721
8.647929999999722,0.5647929999999732
8.649599999999722,0.5649599999999744
8.651269999999723,0.5651269999999755
8.652939999999724,0.5652939999999731
8.654609999999725,0.5654609999999742
8.656279999999725,0.5656279999999718
8.657949999999726,0.5657949999999765
8.659619999999727,0.5659619999999741
8.661289999999727,0.5661289999999752
8.662959999999728,0.5662959999999728
8.664629999999729,0.566462999999974
8.66629999999973,0.5666299999999751
8.66796999999973,0.5667969999999762
8.669639999999731,0.5669639999999738
8.671309999999732,0.567130999999975
8.672979999999733,0.5672979999999725
8.674649999999733,0.5674649999999772
8.676319999999734,0.5676319999999748
8.677989999999735,0.567798999999976
8.679659999999735,0.5679659999999735
8.681329999999736,0.5681329999999747
8.682999999999737,0.5682999999999758
8.684669999999738,0.568466999999977
8.686339999999738,0.5686339999999745
8.688009999999739,0.5688009999999757
8.68967999999974,0.5689679999999733
8.69134999999974,0.569134999999978
8.693019999999741,0.5693019999999755
8.694689999999742,0.5694689999999767
8.696359999999743,0.5696359999999743
8.698029999999743,0.5698029999999754
8.699699999999744,0.5699699999999766
8.701369999999745,0.5701369999999741
8.703039999999746,0.5703039999999753
8.704709999999746,0.5704709999999729
8.706379999999747,0.570637999999974
8.708049999999748,0.5708049999999751
8.709719999999749,0.5709719999999763
8.71138999999975,0.5711389999999739
8.71305999999975,0.571305999999975
8.71472999999975,0.5714729999999726
8.716399999999751,0.5716399999999773
8.718069999999752,0.5718069999999749
8.719739999999753,0.571973999999976
8.721409999999754,0.5721409999999736
8.723079999999754,0.5723079999999747
8.724749999999755,0.5724749999999759
8.726419999999756,0.572641999999977
8.728089999999757,0.5728089999999746
8.729759999999757,0.5729759999999757
8.731429999999758,0.5731429999999733
8.733099999999759,0.573309999999978
8.73476999999976,0.5734769999999756
8.73643999999976,0.5736439999999767
8.738109999999761,0.5738109999999743
8.739779999999762,0.5739779999999755
8.741449999999762,0.574144999999973
8.743119999999763,0.5743119999999777
8.744789999999764,0.5744789999999753
8.746459999999765,0.5746459999999765
8.748129999999765,0.574812999999974
8.749799999999766,0.5749799999999752
8.751469999999767,0.5751469999999763
8.753139999999767,0.5753139999999775
8.754809999999768,0.575480999999975
8.756479999999769,0.5756479999999762
8.75814999999977,0.5758149999999738
8.75981999999977,0.5759819999999785
8.761489999999771,0.576148999999976
8.763159999999772,0.5763159999999772
8.764829999999773,0.5764829999999748
8.766499999999773,0.5766499999999759
8.768169999999774,0.576816999999977
8.769839999999775,0.5769839999999782
8.771509999999775,0.5771509999999758
8.773179999999776,0.5773179999999769
8.774849999999777,0.5774849999999745
8.776519999999778,0.5776519999999792
8.778189999999778,0.5778189999999768
8.779859999999779,0.5779859999999779
8.78152999999978,0.5781529999999755
8.78319999999978,0.5783199999999766
8.784869999999781,0.5784869999999778
8.786539999999782,0.5786539999999789
8.788209999999783,0.5788209999999765
8.789879999999783,0.5789879999999776
8.791549999999784,0.5791549999999752
8.793219999999785,0.5793219999999799
8.794889999999786,0.5794889999999775
8.796559999999786,0.5796559999999786
8.798229999999787,0.5798229999999762
8.799899999999788,0.5799899999999774
8.801569999999789,0.5801569999999749
8.80323999999979,0.5803239999999796
8.80490999999979,0.5804909999999772
8.80657999999979,0.5806579999999784
8.808249999999791,0.5808249999999759
8.809919999999792,0.5809919999999771
8.811589999999793,0.5811589999999782
8.813259999999794,0.5813259999999794
8.814929999999794,0.581492999999977
8.816599999999795,0.5816599999999781
8.818269999999796,0.5818269999999757
8.819939999999796,0.5819939999999804
8.821609999999797,0.582160999999978
8.823279999999798,0.5823279999999791
8.824949999999799,0.5824949999999767
8.8266199999998,0.5826619999999778
8.8282899999998,0.582828999999979
8.8299599999998,0.5829959999999801
8.831629999999802,0.5831629999999777
8.833299999999802,0.5833299999999788
8.834969999999803,0.5834969999999764
8.836639999999804,0.5836639999999811
8.838309999999804,0.5838309999999787
8.839979999999805,0.5839979999999798
8.841649999999806,0.5841649999999774
8.843319999999807,0.5843319999999785
8.844989999999807,0.5844989999999797
8.846659999999808,0.5846659999999808
8.848329999999809,0.5848329999999784
8.84999999999981,0.5849999999999795
8.85166999999981,0.5851669999999771
8.853339999999811,0.5853339999999818
8.855009999999812,0.5855009999999794
8.856679999999812,0.5856679999999805
8.858349999999813,0.5858349999999781
8.860019999999814,0.5860019999999793
8.861689999999815,0.5861689999999804
8.863359999999815,0.5863359999999815
8.865029999999816,0.5865029999999791
8.866699999999817,0.5866699999999803
8.868369999999818,0.5868369999999814
8.870039999999818,0.5870039999999825
8.871709999999819,0.5871709999999801
8.87337999999982,0.5873379999999813
8.87504999999982,0.5875049999999788
8.876719999999821,0.5876719999999835
8.878389999999822,0.5878389999999811
8.880059999999823,0.5880059999999823
8.881729999999823,0.5881729999999799
8.883399999999824,0.588339999999981
8.885069999999825,0.5885069999999821
8.886739999999826,0.5886739999999833
8.888409999999826,0.5888409999999809
8.890079999999827,0.589007999999982
8.891749999999828,0.5891749999999796
8.893419999999828,0.5893419999999843
8.89508999999983,0.5895089999999819
8.89675999999983,0.589675999999983
8.89842999999983,0.5898429999999806
8.900099999999831,0.5900099999999817
8.901769999999832,0.5901769999999864
8.903439999999833,0.590343999999984
8.905109999999834,0.5905109999999851
8.906779999999834,0.5906779999999827
8.908449999999835,0.5908449999999839
8.910119999999836,0.591011999999985
8.911789999999836,0.5911789999999861
8.913459999999837,0.5913459999999837
8.915129999999838,0.5915129999999849
8.916799999999839,0.5916799999999824
8.91846999999984,0.5918469999999871
8.92013999999984,0.5920139999999847
8.92180999999984,0.5921809999999859
8.923479999999842,0.5923479999999834
8.925149999999842,0.5925149999999846
8.926819999999843,0.5926819999999857
8.928489999999844,0.5928489999999869
8.930159999999844,0.5930159999999844
8.931829999999845,0.5931829999999856
8.933499999999846,0.5933499999999867
8.935169999999847,0.5935169999999879
8.936839999999847,0.5936839999999854
8.938509999999848,0.5938509999999866
8.940179999999849,0.5940179999999842
8.94184999999985,0.5941849999999889
8.94351999999985,0.5943519999999864
8.945189999999851,0.5945189999999876
8.946859999999852,0.5946859999999852
8.948529999999852,0.5948529999999863
8.950199999999853,0.5950199999999874
8.951869999999854,0.5951869999999886
8.953539999999855,0.5953539999999862
8.955209999999855,0.5955209999999873
8.956879999999856,0.5956879999999849
8.958549999999857,0.5958549999999896
8.960219999999858,0.5960219999999872
8.961889999999858,0.5961889999999883
8.963559999999859,0.5963559999999859
8.96522999999986,0.596522999999987
8.96689999999986,0.5966899999999882
8.968569999999861,0.5968569999999893
8.970239999999862,0.5970239999999869
8.971909999999863,0.597190999999988
8.973579999999863,0.5973579999999856
8.975249999999864,0.5975249999999903
8.976919999999865,0.5976919999999879
8.978589999999866,0.597858999999989
8.980259999999866,0.5980259999999866
8.981929999999867,0.5981929999999878
8.983599999999868,0.5983599999999889
8.985269999999868,0.59852699999999
8.98693999999987,0.5986939999999876
8.98860999999987,0.5988609999999888
8.99027999999987,0.5990279999999863
8.991949999999871,0.599194999999991
8.993619999999872,0.5993619999999886
8.995289999999873,0.5995289999999898
8.996959999999874,0.5996959999999874
8.998629999999874,0.5998629999999885
9.000299999999875,0.600000000000005
9.001969999999876,0.600000000000005
9.003639999999876,0.6000000000000014
9.005309999999877,0.6000000000000014
9.006979999999878,0.6000000000000014
9.008649999999879,0.600000000000005
9.01031999999988,0.600000000000005
9.01198999999988,0.6000000000000014
9.01365999999988,0.6000000000000014
9.015329999999881,0.6000000000000014
9.016999999999882,0.600000000000005
9.018669999999883,0.600000000000005
9.020339999999884,0.6000000000000014
9.022009999999884,0.6000000000000014
9.023679999999885,0.6000000000000014
9.025349999999886,0.600000000000005
9.027019999999887,0.600000000000005
9.028689999999887,0.6000000000000014
9.030359999999888,0.6000000000000014
9.032029999999889,0.6000000000000014
9.03369999999989,0.600000000000005
9.03536999999989,0.600000000000005
9.037039999999891,0.6000000000000014
9.038709999999892,0.6000000000000014
9.040379999999892,0.6000000000000014
9.042049999999893,0.600000000000005
9.043719999999894,0.600000000000005
9.045389999999895,0.6000000000000014
9.047059999999895,0.6000000000000014
9.048729999999896,0.6000000000000014
9.050399999999897,0.600000000000005
9.052069999999897,0.600000000000005
9.053739999999898,0.6000000000000014
9.055409999999899,0.6000000000000014
9.0570799999999,0.6000000000000014
9.0587499999999,0.600000000000005
9.060419999999901,0.600000000000005
9.062089999999902,0.6000000000000014
9.063759999999903,0.6000000000000014
9.065429999999903,0.6000000000000014
9.067099999999904,0.6000000000000014
9.068769999999905,0.6000000000000014
9.070439999999905,0.6000000000000014
9.072109999999906,0.6000000000000014
9.073779999999907,0.6000000000000014
9.075449999999908,0.6000000000000014
9.077119999999908,0.6000000000000014
9.078789999999909,0.6000000000000014
9.08045999999991,0.6000000000000014
9.08212999999991,0.6000000000000014
9.083799999999911,0.6000000000000014
9.085469999999912,0.6000000000000014
9.087139999999913,0.6000000000000014
9.088809999999913,0.6000000000000014
9.090479999999914,0.6000000000000014
9.092149999999915,0.6000000000000014
9.093819999999916,0.6000000000000014
9.095489999999916,0.6000000000000014
9.097159999999917,0.6000000000000014
9.098829999999918,0.6000000000000014
9.100499999999919,0.6000000000000014
9.10216999999992,0.6000000000000014
9.10383999999992,0.6000000000000014
9.10550999999992,0.6000000000000014
9.107179999999921,0.6000000000000014
9.108849999999922,0.6000000000000014
9.110519999999923,0.6000000000000014
9.112189999999924,0.6000000000000014
9.113859999999924,0.6000000000000014
9.115529999999925,0.6000000000000014
9.117199999999926,0.6000000000000014
9.118869999999927,0.6000000000000014
9.120539999999927,0.6000000000000014
9.122209999999928,0.6000000000000014
9.123879999999929,0.6000000000000014
9.12554999999993,0.6000000000000014
9.12721999999993,0.6000000000000014
9.128889999999931,0.6000000000000014
9.130559999999932,0.6000000000000014
9.132229999999932,0.6000000000000014
9.133899999999933,0.5999999999999979
9.135569999999934,0.5999999999999979
9.137239999999935,0.6000000000000014
9.138909999999935,0.6000000000000014
9.140579999999936,0.6000000000000014
9.142249999999937,0.5999999999999979
9.143919999999937,0.5999999999999979
9.145589999999938,0.6000000000000014
9.147259999999939,0.6000000000000014
9.14892999999994,0.6000000000000014
9.15059999999994,0.5999999999999979
9.152269999999941,0.5999999999999979
9.153939999999942,0.6000000000000014
9.155609999999943,0.6000000000000014
9.157279999999943,0.6000000000000014
9.158949999999944,0.5999999999999979
9.160619999999945,0.5999999999999979
9.162289999999945,0.6000000000000014
9.163959999999946,0.6000000000000014
9.165629999999947,0.6000000000000014
9.167299999999948,0.5999999999999979
9.168969999999948,0.5999999999999979
9.170639999999949,0.6000000000000014
9.17230999999995,0.6000000000000014
9.17397999999995,0.6000000000000014
9.175649999999951,0.5999999999999979
9.177319999999952,0.5999999999999979
9.178989999999953,0.6000000000000014
9.180659999999953,0.6000000000000014
9.182329999999954,0.6000000000000014
9.183999999999955,0.5999999999999979
9.185669999999956,0.5999999999999979
9.187339999999956,0.6000000000000014
9.189009999999957,0.6000000000000014
9.190679999999958,0.6000000000000014
9.192349999999958,0.5999999999999979
9.19401999999996,0.5999999999999979
9.19568999999996,0.6000000000000014
9.19735999999996,0.6000000000000014
9.199029999999961,0.6000000000000014
9.200699999999962,0.6000000000000014
9.202369999999963,0.6000000000000014
9.204039999999964,0.6000000000000014
9.205709999999964,0.6000000000000014
9.207379999999965,0.6000000000000014
9.209049999999966,0.6000000000000014
9.210719999999966,0.6000000000000014
9.212389999999967,0.6000000000000014
9.214059999999968,0.6000000000000014
9.215729999999969,0.6000000000000014
9.21739999999997,0.6000000000000014
9.21906999999997,0.6000000000000014
9.22073999999997,0.6000000000000014
9.222409999999972,0.6000000000000014
9.224079999999972,0.6000000000000014
9.225749999999973,0.6000000000000014
9.227419999999974,0.6000000000000014
9.229089999999974,0.6000000000000014
9.230759999999975,0.6000000000000014
9.232429999999976,0.6000000000000014
9.234099999999977,0.6000000000000014
9.235769999999977,0.6000000000000014
9.237439999999978,0.6000000000000014
9.239109999999979,0.6000000000000014
9.24077999999998,0.6000000000000014
9.24244999999998,0.6000000000000014
9.244119999999981,0.6000000000000014
9.245789999999982,0.6000000000000014
9.247459999999982,0.6000000000000014
9.249129999999983,0.6000000000000014
9.250799999999984,0.6000000000000014
9.252469999999985,0.6000000000000014
9.254139999999985,0.6000000000000014
9.255809999999986,0.6000000000000014
9.257479999999987,0.6000000000000014
9.259149999999988,0.6000000000000014
9.260819999999988,0.6000000000000014
9.262489999999989,0.6000000000000014
9.26415999999999,0.6000000000000014
9.26582999999999,0.6000000000000014
9.267499999999991,0.600000000000005
9.269169999999992,0.600000000000005
9.270839999999993,0.6000000000000014
9.272509999999993,0.6000000000000014
9.274179999999994,0.6000000000000014
9.275849999999995,0.600000000000005
9.277519999999996,0.600000000000005
9.279189999999996,0.6000000000000014
9.280859999999997,0.6000000000000014
9.282529999999998,0.6000000000000014
9.284199999999998,0.600000000000005
9.28587,0.600000000000005
9.28754,0.6000000000000014
9.28921,0.6000000000000014
9.290880000000001,0.6000000000000014
9.292550000000002,0.600000000000005
9.294220000000003,0.600000000000005
9.295890000000004,0.6000000000000014
9.297560000000004,0.6000000000000014
9.299230000000005,0.6000000000000014
9.300900000000006,0.600000000000005
9.302570000000006,0.600000000000005
9.304240000000007,0.6000000000000014
9.305910000000008,0.6000000000000014
9.307580000000009,0.6000000000000014
9.30925000000001,0.600000000000005
9.31092000000001,0.600000000000005
9.31259000000001,0.6000000000000014
9.314260000000012,0.6000000000000014
9.315930000000012,0.6000000000000014
9.317600000000013,0.600000000000005
9.319270000000014,0.600000000000005
9.320940000000014,0.6000000000000014
9.322610000000015,0.6000000000000014
9.324280000000016,0.6000000000000014
9.325950000000017,0.600000000000005
9.327620000000017,0.600000000000005
9.329290000000018,0.6000000000000014
9.330960000000019,0.6000000000000014
9.33263000000002,0.6000000000000014
9.33430000000002,0.600000000000005
9.335970000000021,0.600000000000005
9.337640000000022,0.6000000000000014
9.339310000000022,0.6000000000000014
9.340980000000023,0.600000000000005
9.342650000000024,0.600000000000005
9.344320000000025,0.600000000000005
9.345990000000025,0.6000000000000014
9.347660000000026,0.6000000000000014
9.349330000000027,0.600000000000005
9.351000000000028,0.600000000000005
9.352670000000028,0.600000000000005
9.354340000000029,0.6000000000000014
9.35601000000003,0.6000000000000014
9.35768000000003,0.600000000000005
9.359350000000031,0.600000000000005
9.361020000000032,0.600000000000005
9.362690000000033,0.6000000000000014
9.364360000000033,0.6000000000000014
9.366030000000034,0.600000000000005
9.367700000000035,0.600000000000005
9.369370000000036,0.600000000000005
9.371040000000036,0.6000000000000014
9.372710000000037,0.6000000000000014
9.374380000000038,0.600000000000005
9.376050000000038,0.600000000000005
9.37772000000004,0.600000000000005
9.37939000000004,0.6000000000000014
9.38106000000004,0.6000000000000014
9.382730000000041,0.600000000000005
9.384400000000042,0.600000000000005
9.386070000000043,0.600000000000005
9.387740000000043,0.6000000000000014
9.389410000000044,0.6000000000000014
9.391080000000045,0.600000000000005
9.392750000000046,0.600000000000005
9.394420000000046,0.600000000000005
9.396090000000047,0.6000000000000014
9.397760000000048,0.6000000000000014
9.399430000000049,0.600000000000005
9.40110000000005,0.600000000000005
9.40277000000005,0.6000000000000014
9.40444000000005,0.6000000000000014
9.406110000000051,0.600000000000005
9.407780000000052,0.600000000000005
9.409450000000053,0.600000000000005
9.411120000000054,0.6000000000000014
9.412790000000054,0.6000000000000014
9.414460000000055,0.600000000000005
9.416130000000056,0.600000000000005
9.417800000000057,0.600000000000005
9.419470000000057,0.6000000000000014
9.421140000000058,0.6000000000000014
9.422810000000059,0.600000000000005
9.42448000000006,0.600000000000005
9.42615000000006,0.600000000000005
9.427820000000061,0.6000000000000014
9.429490000000062,0.6000000000000014
9.431160000000062,0.600000000000005
9.432830000000063,0.600000000000005
9.434500000000064,0.600000000000005
9.436170000000065,0.6000000000000014
9.437840000000065,0.6000000000000014
9.439510000000066,0.600000000000005
9.441180000000067,0.600000000000005
9.442850000000067,0.600000000000005
9.444520000000068,0.6000000000000014
9.446190000000069,0.6000000000000014
9.44786000000007,0.600000000000005
9.44953000000007,0.600000000000005
9.451200000000071,0.600000000000005
9.452870000000072,0.6000000000000014
9.454540000000073,0.6000000000000014
9.456210000000073,0.600000000000005
9.457880000000074,0.600000000000005
9.459550000000075,0.600000000000005
9.461220000000075,0.6000000000000014
9.462890000000076,0.6000000000000014
9.464560000000077,0.600000000000005
9.466230000000078,0.600000000000005
9.467900000000078,0.6000000000000014
9.469570000000079,0.6000000000000014
9.47124000000008,0.600000000000005
9.47291000000008,0.600000000000005
9.474580000000081,0.600000000000005
9.476250000000082,0.6000000000000014
9.477920000000083,0.6000000000000014
9.479590000000083,0.600000000000005
9.481260000000084,0.600000000000005
9.482930000000085,0.600000000000005
9.484600000000086,0.6000000000000014
9.486270000000086,0.6000000000000014
9.487940000000087,0.600000000000005
9.489610000000088,0.600000000000005
9.491280000000089,0.600000000000005
9.49295000000009,0.6000000000000014
9.49462000000009,0.6000000000000014
9.49629000000009,0.600000000000005
9.497960000000091,0.600000000000005
9.499630000000092,0.600000000000005
9.501300000000093,0.6000000000000014
9.502970000000094,0.6000000000000014
9.504640000000094,0.600000000000005
9.506310000000095,0.600000000000005
9.507980000000096,0.600000000000005
9.509650000000097,0.6000000000000014
9.511320000000097,0.6000000000000014
9.512990000000098,0.600000000000005
9.514660000000099,0.600000000000005
9.5163300000001,0.600000000000005
9.5180000000001,0.6000000000000014
9.5196700000001,0.6000000000000014
9.521340000000102,0.600000000000005
9.523010000000102,0.600000000000005
9.524680000000103,0.600000000000005
9.526350000000104,0.6000000000000014
9.528020000000105,0.6000000000000014
9.529690000000105,0.600000000000005
9.531360000000106,0.600000000000005
9.533030000000107,0.600000000000005
9.534700000000107,0.6000000000000014
9.536370000000108,0.6000000000000014
9.538040000000109,0.6000000000000014
9.53971000000011,0.600000000000005
9.54138000000011,0.6000000000000014
9.543050000000111,0.6000000000000014
9.544720000000112,0.6000000000000014
9.546390000000113,0.6000000000000014
9.548060000000113,0.600000000000005
9.549730000000114,0.6000000000000014
9.551400000000115,0.6000000000000014
9.553070000000115,0.6000000000000014
9.554740000000116,0.6000000000000014
9.556410000000117,0.600000000000005
9.558080000000118,0.6000000000000014
9.559750000000118,0.6000000000000014
9.561420000000119,0.6000000000000014
9.56309000000012,0.6000000000000014
9.56476000000012,0.600000000000005
9.566430000000121,0.6000000000000014
9.568100000000122,0.6000000000000014
9.569770000000123,0.6000000000000014
9.571440000000123,0.6000000000000014
9.573110000000124,0.600000000000005
9.574780000000125,0.6000000000000014
9.576450000000126,0.6000000000000014
9.578120000000126,0.6000000000000014
9.579790000000127,0.6000000000000014
9.581460000000128,0.600000000000005
9.583130000000128,0.6000000000000014
9.58480000000013,0.6000000000000014
9.58647000000013,0.6000000000000014
9.58814000000013,0.6000000000000014
9.589810000000131,0.600000000000005
9.591480000000132,0.6000000000000014
9.593150000000133,0.6000000000000014
9.594820000000134,0.6000000000000014
9.596490000000134,0.6000000000000014
9.598160000000135,0.600000000000005
9.599830000000136,0.6000000000000014
9.601500000000136,0.6000000000000014
9.603170000000137,0.6000000000000014
9.604840000000138,0.6000000000000014
9.606510000000139,0.5999999999999979
9.60818000000014,0.6000000000000014
9.60985000000014,0.6000000000000014
9.61152000000014,0.6000000000000014
9.613190000000142,0.6000000000000014
9.614860000000142,0.5999999999999979
9.616530000000143,0.6000000000000014
9.618200000000144,0.6000000000000014
9.619870000000144,0.6000000000000014
9.621540000000145,0.6000000000000014
9.623210000000146,0.5999999999999979
9.624880000000147,0.6000000000000014
9.626550000000147,0.6000000000000014
9.628220000000148,0.6000000000000014
9.629890000000149,0.6000000000000014
9.63156000000015,0.5999999999999979
9.63323000000015,0.6000000000000014
9.634900000000151,0.6000000000000014
9.636570000000152,0.6000000000000014
9.638240000000152,0.6000000000000014
9.639910000000153,0.5999999999999979
9.641580000000154,0.6000000000000014
9.643250000000155,0.6000000000000014
9.644920000000155,0.6000000000000014
9.646590000000156,0.6000000000000014
9.648260000000157,0.5999999999999979
9.649930000000158,0.6000000000000014
9.651600000000158,0.6000000000000014
9.653270000000159,0.6000000000000014
9.65494000000016,0.6000000000000014
9.65661000000016,0.5999999999999979
9.658280000000161,0.6000000000000014
9.659950000000162,0.6000000000000014
9.661620000000163,0.6000000000000014
9.663290000000163,0.6000000000000014
9.664960000000164,0.5999999999999979
9.666630000000165,0.6000000000000014
9.668300000000166,0.6000000000000014
9.669970000000166,0.6000000000000014
9.671640000000167,0.6000000000000014
9.673310000000168,0.5999999999999979
9.674980000000168,0.6000000000000014
9.67665000000017,0.6000000000000014
9.67832000000017,0.6000000000000014
9.67999000000017,0.6000000000000014
9.681660000000171,0.5999999999999979
9.683330000000172,0.6000000000000014
9.685000000000173,0.6000000000000014
9.686670000000174,0.6000000000000014
9.688340000000174,0.6000000000000014
9.690010000000175,0.5999999999999979
9.691680000000176,0.6000000000000014
9.693350000000176,0.6000000000000014
9.695020000000177,0.6000000000000014
9.696690000000178,0.6000000000000014
9.698360000000179,0.5999999999999979
9.70003000000018,0.6000000000000014
9.70170000000018,0.6000000000000014
9.70337000000018,0.6000000000000014
9.705040000000182,0.6000000000000014
9.706710000000182,0.5999999999999979
9.708380000000183,0.6000000000000014
9.710050000000184,0.6000000000000014
9.711720000000184,0.6000000000000014
9.713390000000185,0.6000000000000014
9.715060000000186,0.5999999999999979
9.716730000000187,0.6000000000000014
9.718400000000187,0.6000000000000014
9.720070000000188,0.6000000000000014
9.721740000000189,0.6000000000000014
9.72341000000019,0.5999999999999979
9.72508000000019,0.6000000000000014
9.726750000000191,0.6000000000000014
9.728420000000192,0.6000000000000014
9.730090000000192,0.6000000000000014
9.731760000000193,0.5999999999999979
9.733430000000194,0.6000000000000014
9.735100000000195,0.6000000000000014
9.736770000000195,0.6000000000000014
9.738440000000196,0.6000000000000014
9.740110000000197,0.600000000000005
9.741780000000198,0.6000000000000014
9.743450000000198,0.6000000000000014
9.745120000000199,0.6000000000000014
9.7467900000002,0.6000000000000014
9.7484600000002,0.600000000000005
9.750130000000201,0.6000000000000014
9.751800000000202,0.6000000000000014
9.753470000000203,0.6000000000000014
9.755140000000203,0.6000000000000014
9.756810000000204,0.600000000000005
9.758480000000205,0.6000000000000014
9.760150000000205,0.6000000000000014
9.761820000000206,0.6000000000000014
9.763490000000207,0.6000000000000014
9.765160000000208,0.600000000000005
9.766830000000208,0.6000000000000014
9.76850000000021,0.6000000000000014
9.77017000000021,0.6000000000000014
9.77184000000021,0.6000000000000014
9.773510000000211,0.600000000000005
9.775180000000212,0.6000000000000014
9.776850000000213,0.6000000000000014
9.778520000000213,0.6000000000000014
9.780190000000214,0.6000000000000014
9.781860000000215,0.600000000000005
9.783530000000216,0.6000000000000014
9.785200000000216,0.6000000000000014
9.786870000000217,0.6000000000000014
9.788540000000218,0.6000000000000014
9.790210000000219,0.600000000000005
9.79188000000022,0.6000000000000014
9.79355000000022,0.6000000000000014
9.79522000000022,0.6000000000000014
9.796890000000221,0.6000000000000014
9.798560000000222,0.600000000000005
9.800230000000223,0.6000000000000014
9.801900000000224,0.6000000000000014
9.803570000000224,0.6000000000000014
9.805240000000225,0.600000000000005
9.806910000000226,0.600000000000005
9.808580000000227,0.600000000000005
9.810250000000227,0.6000000000000014
9.811920000000228,0.6000000000000014
9.813590000000229,0.600000000000005
9.81526000000023,0.600000000000005
9.81693000000023,0.600000000000005
9.818600000000231,0.6000000000000014
9.820270000000232,0.6000000000000014
9.821940000000232,0.600000000000005
9.823610000000233,0.600000000000005
9.825280000000234,0.600000000000005
9.826950000000235,0.6000000000000014
9.828620000000235,0.6000000000000014
9.830290000000236,0.600000000000005
9.831960000000237,0.600000000000005
9.833630000000237,0.600000000000005
9.835300000000238,0.6000000000000014
9.836970000000239,0.6000000000000014
9.83864000000024,0.600000000000005
9.84031000000024,0.600000000000005
9.841980000000241,0.600000000000005
9.843650000000242,0.6000000000000014
9.845320000000243,0.6000000000000014
9.846990000000243,0.600000000000005
9.848660000000244,0.600000000000005
9.850330000000245,0.600000000000005
9.852000000000245,0.6000000000000014
9.853670000000246,0.6000000000000014
9.855340000000247,0.600000000000005
9.857010000000248,0.600000000000005
9.858680000000248,0.600000000000005
9.860350000000249,0.6000000000000014
9.86202000000025,0.6000000000000014
9.86369000000025,0.600000000000005
9.865360000000251,0.600000000000005
9.867030000000252,0.6000000000000014
9.868700000000253,0.6000000000000014
9.870370000000253,0.6000000000000014
9.872040000000254,0.6000000000000014
9.873710000000255,0.600000000000005
9.875380000000256,0.6000000000000014
9.877050000000256,0.6000000000000014
9.878720000000257,0.6000000000000014
9.880390000000258,0.6000000000000014
9.882060000000259,0.600000000000005
9.88373000000026,0.6000000000000014
9.88540000000026,0.6000000000000014
9.88707000000026,0.6000000000000014
9.888740000000261,0.6000000000000014
9.890410000000262,0.600000000000005
9.892080000000263,0.6000000000000014
9.893750000000264,0.6000000000000014
9.895420000000264,0.6000000000000014
9.897090000000265,0.6000000000000014
9.898760000000266,0.600000000000005
9.900430000000267,0.6000000000000014
9.902100000000267,0.6000000000000014
9.903770000000268,0.6000000000000014
9.905440000000269,0.6000000000000014
9.90711000000027,0.600000000000005
9.90878000000027,0.6000000000000014
9.91045000000027,0.6000000000000014
9.912120000000272,0.6000000000000014
9.913790000000272,0.6000000000000014
9.915460000000273,0.600000000000005
9.917130000000274,0.6000000000000014
9.918800000000275,0.6000000000000014
9.920470000000275,0.6000000000000014
9.922140000000276,0.6000000000000014
9.923810000000277,0.600000000000005
9.925480000000277,0.6000000000000014
9.927150000000278,0.6000000000000014
9.928820000000279,0.6000000000000014
9.93049000000028,0.6000000000000014
9.93216000000028,0.600000000000005
9.933830000000281,0.6000000000000014
9.935500000000282,0.6000000000000014
9.937170000000282,0.6000000000000014
9.938840000000283,0.6000000000000014
9.940510000000284,0.5999999999999979
9.942180000000285,0.6000000000000014
9.943850000000285,0.6000000000000014
9.945520000000286,0.6000000000000014
9.947190000000287,0.6000000000000014
9.948860000000288,0.5999999999999979
9.950530000000288,0.6000000000000014
9.952200000000289,0.6000000000000014
9.95387000000029,0.6000000000000014
9.95554000000029,0.6000000000000014
9.957210000000291,0.5999999999999979
9.958880000000292,0.6000000000000014
9.960550000000293,0.6000000000000014
9.962220000000293,0.6000000000000014
9.963890000000294,0.6000000000000014
9.965560000000295,0.5999999999999979
9.967230000000296,0.6000000000000014
9.968900000000296,0.6000000000000014
9.970570000000297,0.6000000000000014
9.972240000000298,0.6000000000000014
9.973910000000298,0.5999999999999979
9.9755800000003,0.6000000000000014
9.9772500000003,0.6000000000000014
9.9789200000003,0.6000000000000014
9.980590000000301,0.6000000000000014
9.982260000000302,0.5999999999999979
9.983930000000303,0.6000000000000014
9.985600000000304,0.6000000000000014
9.987270000000304,0.6000000000000014
9.988940000000305,0.6000000000000014
9.990610000000306,0.5999999999999979
9.992280000000306,0.6000000000000014
9.993950000000307,0.6000000000000014
9.995620000000308,0.6000000000000014
9.997290000000309,0.6000000000000014
9.99896000000031,0.5999999999999979
10.00063000000031,0.5998739999999394
10.00230000000031,0.5995399999999407
10.003970000000312,0.599205999999942
10.005640000000312,0.5988719999999397
10.007310000000313,0.5985379999999374
10.008980000000314,0.5982039999999387
10.010650000000314,0.59786999999994
10.012320000000315,0.5975359999999412
10.013990000000316,0.597201999999939
10.015660000000317,0.5968679999999367
10.017330000000317,0.596533999999938
10.019000000000318,0.5961999999999392
10.020670000000319,0.5958659999999405
10.02234000000032,0.5955319999999382
10.02401000000032,0.595197999999936
10.025680000000321,0.5948639999999372
10.027350000000322,0.5945299999999385
10.029020000000322,0.5941959999999398
10.030690000000323,0.5938619999999375
10.032360000000324,0.5935279999999352
10.034030000000325,0.5931939999999365
10.035700000000325,0.5928599999999378
10.037370000000326,0.592525999999939
10.039040000000327,0.5921919999999368
10.040710000000328,0.5918579999999345
10.042380000000328,0.5915239999999358
10.044050000000329,0.591189999999937
10.04572000000033,0.5908559999999383
10.04739000000033,0.590521999999936
10.049060000000331,0.5901879999999338
10.050730000000332,0.589853999999935
10.052400000000333,0.5895199999999363
10.054070000000333,0.5891859999999376
10.055740000000334,0.5888519999999353
10.057410000000335,0.588517999999933
10.059080000000336,0.5881839999999343
10.060750000000336,0.5878499999999356
10.062420000000337,0.5875159999999369
10.064090000000338,0.5871819999999381
10.065760000000338,0.5868479999999323
10.06743000000034,0.5865139999999336
10.06910000000034,0.5861799999999349
10.07077000000034,0.5858459999999361
10.072440000000341,0.5855119999999374
10.074110000000342,0.5851779999999351
10.075780000000343,0.5848439999999329
10.077450000000344,0.5845099999999341
10.079120000000344,0.5841759999999354
10.080790000000345,0.5838419999999367
10.082460000000346,0.5835079999999344
10.084130000000346,0.5831739999999321
10.085800000000347,0.5828399999999334
10.087470000000348,0.5825059999999347
10.089140000000349,0.582171999999936
10.09081000000035,0.5818379999999337
10.09248000000035,0.5815039999999314
10.09415000000035,0.5811699999999327
10.095820000000352,0.580835999999934
10.097490000000352,0.5805019999999352
10.099160000000353,0.580167999999933
10.100830000000354,0.5798339999999307
10.102500000000354,0.579499999999932
10.104170000000355,0.5791659999999332
10.105840000000356,0.5788319999999345
10.107510000000357,0.5784979999999322
10.109180000000357,0.57816399999993
10.110850000000358,0.5778299999999312
10.112520000000359,0.5774959999999325
10.11419000000036,0.5771619999999338
10.11586000000036,0.5768279999999315
10.117530000000361,0.5764939999999292
10.119200000000362,0.5761599999999305
10.120870000000362,0.5758259999999318
10.122540000000363,0.5754919999999331
10.124210000000364,0.5751579999999308
10.125880000000365,0.5748239999999285
10.127550000000365,0.5744899999999298
10.129220000000366,0.574155999999931
10.130890000000367,0.5738219999999323
10.132560000000367,0.57348799999993
10.134230000000368,0.5731539999999313
10.135900000000369,0.572819999999929
10.13757000000037,0.5724859999999303
10.13924000000037,0.5721519999999316
10.140910000000371,0.5718179999999293
10.142580000000372,0.5714839999999306
10.144250000000373,0.5711499999999283
10.145920000000373,0.5708159999999296
10.147590000000374,0.5704819999999309
10.149260000000375,0.5701479999999286
10.150930000000375,0.5698139999999299
10.152600000000376,0.5694799999999276
10.154270000000377,0.5691459999999289
10.155940000000378,0.5688119999999302
10.157610000000378,0.5684779999999279
10.15928000000038,0.5681439999999292
10.16095000000038,0.5678099999999269
10.16262000000038,0.5674759999999281
10.164290000000381,0.5671419999999294
10.165960000000382,0.5668079999999271
10.167630000000383,0.5664739999999284
10.169300000000383,0.5661399999999261
10.170970000000384,0.5658059999999274
10.172640000000385,0.5654719999999287
10.174310000000386,0.5651379999999264
10.175980000000386,0.5648039999999277
10.177650000000387,0.5644699999999254
10.179320000000388,0.5641359999999267
10.180990000000389,0.563801999999928
10.18266000000039,0.5634679999999257
10.18433000000039,0.563133999999927
10.18600000000039,0.5627999999999247
10.187670000000391,0.562465999999926
10.189340000000392,0.5621319999999272
10.191010000000393,0.5617979999999285
10.192680000000394,0.5614639999999262
10.194350000000394,0.561129999999924
10.196020000000395,0.5607959999999252
10.197690000000396,0.5604619999999265
10.199360000000397,0.5601279999999278
10.201030000000397,0.559793999999922
10.202700000000398,0.5594599999999232
10.204370000000399,0.5591259999999245
10.2060400000004,0.5587919999999258
10.2077100000004,0.5584579999999271
10.209380000000401,0.5581239999999212
10.211050000000402,0.5577899999999225
10.212720000000402,0.5574559999999238
10.214390000000403,0.5571219999999251
10.216060000000404,0.5567879999999263
10.217730000000405,0.5564539999999205
10.219400000000405,0.5561199999999218
10.221070000000406,0.5557859999999231
10.222740000000407,0.5554519999999243
10.224410000000407,0.5551179999999256
10.226080000000408,0.5547839999999198
10.227750000000409,0.5544499999999211
10.22942000000041,0.5541159999999223
10.23109000000041,0.5537819999999236
10.232760000000411,0.5534479999999249
10.234430000000412,0.5531139999999191
10.236100000000413,0.5527799999999203
10.237770000000413,0.5524459999999216
10.239440000000414,0.5521119999999229
10.241110000000415,0.5517779999999242
10.242780000000415,0.5514439999999183
10.244450000000416,0.5511099999999196
10.246120000000417,0.5507759999999209
10.247790000000418,0.5504419999999222
10.249460000000418,0.5501079999999234
10.251130000000419,0.5497739999999176
10.25280000000042,0.5494399999999189
10.25447000000042,0.5491059999999202
10.256140000000421,0.5487719999999214
10.257810000000422,0.5484379999999227
10.259480000000423,0.5481039999999169
10.261150000000423,0.5477699999999182
10.262820000000424,0.5474359999999194
10.264490000000425,0.5471019999999207
10.266160000000426,0.546767999999922
10.267830000000426,0.5464339999999162
10.269500000000427,0.5460999999999174
10.271170000000428,0.5457659999999187
10.272840000000429,0.54543199999992
10.27451000000043,0.5450979999999177
10.27618000000043,0.5447639999999154
10.27785000000043,0.5444299999999167
10.279520000000431,0.544095999999918
10.281190000000432,0.5437619999999193
10.282860000000433,0.543427999999917
10.284530000000434,0.5430939999999147
10.286200000000434,0.542759999999916
10.287870000000435,0.5424259999999173
10.289540000000436,0.5420919999999185
10.291210000000437,0.5417579999999163
10.292880000000437,0.541423999999914
10.294550000000438,0.5410899999999152
10.296220000000439,0.5407559999999165
10.29789000000044,0.5404219999999178
10.29956000000044,0.5400879999999155
10.30123000000044,0.5397539999999132
10.302900000000442,0.5394199999999145
10.304570000000442,0.5390859999999158
10.306240000000443,0.5387519999999171
10.307910000000444,0.5384179999999148
10.309580000000444,0.5380839999999125
10.311250000000445,0.5377499999999138
10.312920000000446,0.5374159999999151
10.314590000000447,0.5370819999999163
10.316260000000447,0.5367479999999141
10.317930000000448,0.5364139999999153
10.319600000000449,0.5360799999999131
10.32127000000045,0.5357459999999143
10.32294000000045,0.5354119999999156
10.324610000000451,0.5350779999999133
10.326280000000452,0.5347439999999146
10.327950000000452,0.5344099999999123
10.329620000000453,0.5340759999999136
10.331290000000454,0.5337419999999149
10.332960000000455,0.5334079999999126
10.334630000000455,0.5330739999999139
10.336300000000456,0.5327399999999116
10.337970000000457,0.5324059999999129
10.339640000000458,0.5320719999999106
10.341310000000458,0.5317379999999119
10.342980000000459,0.5314039999999132
10.34465000000046,0.5310699999999109
10.34632000000046,0.5307359999999122
10.347990000000461,0.5304019999999099
10.349660000000462,0.5300679999999112
10.351330000000463,0.5297339999999124
10.353000000000463,0.5293999999999102
10.354670000000464,0.5290659999999114
10.356340000000465,0.5287319999999092
10.358010000000466,0.5283979999999104
10.359680000000466,0.5280639999999117
10.361350000000467,0.5277299999999094
10.363020000000468,0.5273959999999107
10.364690000000468,0.5270619999999084
10.36636000000047,0.5267279999999097
10.36803000000047,0.526393999999911
10.36970000000047,0.5260599999999087
10.371370000000471,0.52572599999991
10.373040000000472,0.5253919999999077
10.374710000000473,0.525057999999909
10.376380000000474,0.5247239999999103
10.378050000000474,0.524389999999908
10.379720000000475,0.5240559999999093
10.381390000000476,0.523721999999907
10.383060000000476,0.5233879999999083
10.384730000000477,0.5230539999999095
10.386400000000478,0.5227199999999073
10.388070000000479,0.5223859999999085
10.38974000000048,0.5220519999999063
10.39141000000048,0.5217179999999075
10.39308000000048,0.5213839999999088
10.394750000000482,0.5210499999999065
10.396420000000482,0.5207159999999078
10.398090000000483,0.5203819999999055
10.399760000000484,0.5200479999999068
10.401430000000484,0.5197139999999081
10.403100000000485,0.5193799999999058
10.404770000000486,0.5190459999999035
10.406440000000487,0.5187119999999048
10.408110000000487,0.5183779999999061
10.409780000000488,0.5180439999999074
10.411450000000489,0.5177099999999051
10.41312000000049,0.5173759999999028
10.41479000000049,0.5170419999999041
10.416460000000491,0.5167079999999054
10.418130000000492,0.5163739999999066
10.419800000000492,0.5160399999999044
10.421470000000493,0.5157059999999021
10.423140000000494,0.5153719999999034
10.424810000000495,0.5150379999999046
10.426480000000495,0.5147039999999059
10.428150000000496,0.5143699999999036
10.429820000000497,0.5140359999999013
10.431490000000498,0.5137019999999026
10.433160000000498,0.5133679999999039
10.434830000000499,0.5130339999999052
10.4365000000005,0.5126999999999029
10.4381700000005,0.5123659999999006
10.439840000000501,0.5120319999999019
10.441510000000502,0.5116979999999032
10.443180000000503,0.5113639999999045
10.444850000000503,0.5110299999999057
10.446520000000504,0.5106959999998999
10.448190000000505,0.5103619999999012
10.449860000000506,0.5100279999999024
10.451530000000506,0.5096939999999037
10.453200000000507,0.509359999999905
10.454870000000508,0.5090259999998992
10.456540000000508,0.5086919999999004
10.45821000000051,0.5083579999999017
10.45988000000051,0.508023999999903
10.46155000000051,0.5076899999999043
10.463220000000511,0.5073559999998984
10.464890000000512,0.5070219999998997
10.466560000000513,0.506687999999901
10.468230000000514,0.5063539999999023
10.469900000000514,0.5060199999999
10.471570000000515,0.5056859999998977
10.473240000000516,0.505351999999899
10.474910000000516,0.5050179999999003
10.476580000000517,0.5046839999999015
10.478250000000518,0.5043499999998993
10.479920000000519,0.504015999999897
10.48159000000052,0.5036819999998983
10.48326000000052,0.5033479999998995
10.48493000000052,0.5030139999999008
10.486600000000522,0.5026799999998985
10.488270000000522,0.5023459999998963
10.489940000000523,0.5020119999998975
10.491610000000524,0.5016779999998988
10.493280000000524,0.5013439999999001
10.494950000000525,0.5010099999998978
10.496620000000526,0.5006759999998955
10.498290000000527,0.5003419999998968
10.499960000000527,0.5000079999998981
10.501630000000528,0.49967399999989937
10.503300000000529,0.4993399999998971
10.50497000000053,0.4990059999998948
10.50664000000053,0.4986719999998961
10.508310000000531,0.49833799999989736
10.509980000000532,0.49800399999989864
10.511650000000532,0.49766999999989636
10.513320000000533,0.4973359999998941
10.514990000000534,0.49700199999989536
10.516660000000535,0.49666799999989664
10.518330000000535,0.4963339999998979
10.520000000000536,0.49599999999989564
10.521670000000537,0.49566599999989336
10.523340000000537,0.49533199999989463
10.525010000000538,0.4949979999998959
10.526680000000539,0.4946639999998972
10.52835000000054,0.4943299999998949
10.53002000000054,0.49399599999989263
10.531690000000541,0.4936619999998939
10.533360000000542,0.4933279999998952
10.535030000000543,0.49299399999989646
10.536700000000543,0.49265999999989774
10.538370000000544,0.4923259999998919
10.540040000000545,0.4919919999998932
10.541710000000545,0.49165799999989446
10.543380000000546,0.49132399999989573
10.545050000000547,0.49098999999989346
10.546720000000548,0.4906559999998912
10.548390000000548,0.49032199999989245
10.550060000000549,0.48998799999989373
10.55173000000055,0.489653999999895
10.55340000000055,0.48931999999989273
10.555070000000551,0.48898599999989045
10.556740000000552,0.48865199999989173
10.558410000000553,0.488317999999893
10.560080000000553,0.4879839999998943
10.561750000000554,0.487649999999892
10.563420000000555,0.4873159999998897
10.565090000000556,0.486981999999891
10.566760000000556,0.4866479999998923
10.568430000000557,0.48631399999989355
10.570100000000558,0.4859799999998913
10.571770000000559,0.485645999999889
10.57344000000056,0.4853119999998903
10.57511000000056,0.48497799999989155
10.57678000000056,0.4846439999998928
10.578450000000561,0.48430999999989055
10.580120000000562,0.4839759999998883
10.581790000000563,0.48364199999988955
10.583460000000564,0.4833079999998908
10.585130000000564,0.4829739999998921
10.586800000000565,0.4826399999998898
10.588470000000566,0.48230599999988755
10.590140000000567,0.4819719999998888
10.591810000000567,0.4816379999998901
10.593480000000568,0.4813039999998914
10.595150000000569,0.4809699999998891
10.59682000000057,0.4806359999998868
10.59849000000057,0.4803019999998881
10.600160000000571,0.47996799999988937
10.601830000000572,0.47963399999989065
10.603500000000572,0.47929999999988837
10.605170000000573,0.47896599999988965
10.606840000000574,0.47863199999988737
10.608510000000575,0.47829799999988865
10.610180000000575,0.4779639999998899
10.611850000000576,0.47762999999988764
10.613520000000577,0.4772959999998889
10.615190000000577,0.47696199999988664
10.616860000000578,0.4766279999998879
10.618530000000579,0.4762939999998892
10.62020000000058,0.4759599999998869
10.62187000000058,0.4756259999998882
10.623540000000581,0.4752919999998859
10.625210000000582,0.4749579999998872
10.626880000000583,0.4746239999998849
10.628550000000583,0.4742899999998862
10.630220000000584,0.47395599999988747
10.631890000000585,0.4736219999998852
10.633560000000585,0.47328799999988647
10.635230000000586,0.4729539999998842
10.636900000000587,0.47261999999988547
10.638570000000588,0.47228599999988674
10.640240000000588,0.47195199999988446
10.641910000000589,0.47161799999988574
10.64358000000059,0.47128399999988346
10.64525000000059,0.47094999999988474
10.646920000000591,0.470615999999886
10.648590000000592,0.47028199999988374
10.650260000000593,0.469947999999885
10.651930000000593,0.46961399999988274
10.653600000000594,0.469279999999884
10.655270000000595,0.4689459999998853
10.656940000000596,0.468611999999883
10.658610000000596,0.4682779999998843
10.660280000000597,0.467943999999882
10.661950000000598,0.4676099999998833
10.663620000000599,0.46727599999988456
10.6652900000006,0.4669419999998823
10.6669600000006,0.46660799999988356
10.6686300000006,0.4662739999998813
10.670300000000601,0.46593999999988256
10.671970000000602,0.46560599999988384
10.673640000000603,0.46527199999988156
10.675310000000604,0.46493799999988283
10.676980000000604,0.46460399999988056
10.678650000000605,0.46426999999988183
10.680320000000606,0.4639359999998831
10.681990000000606,0.46360199999988083
10.683660000000607,0.4632679999998821
10.685330000000608,0.46293399999987983
10.687000000000609,0.4625999999998811
10.68867000000061,0.4622659999998824
10.69034000000061,0.4619319999998801
10.69201000000061,0.4615979999998814
10.693680000000612,0.4612639999998791
10.695350000000612,0.4609299999998804
10.697020000000613,0.46059599999988166
10.698690000000614,0.4602619999998794
10.700360000000614,0.45992799999988065
10.702030000000615,0.4595939999998784
10.703700000000616,0.45925999999987965
10.705370000000617,0.45892599999988093
10.707040000000617,0.45859199999987865
10.708710000000618,0.4582579999998764
10.710380000000619,0.45792399999987765
10.71205000000062,0.4575899999998789
10.71372000000062,0.4572559999998802
10.715390000000621,0.4569219999998779
10.717060000000622,0.45658799999987565
10.718730000000622,0.4562539999998769
10.720400000000623,0.4559199999998782
10.722070000000624,0.4555859999998795
10.723740000000625,0.4552519999998772
10.725410000000625,0.4549179999998749
10.727080000000626,0.4545839999998762
10.728750000000627,0.4542499999998775
10.730420000000628,0.45391599999987875
10.732090000000628,0.4535819999998765
10.733760000000629,0.4532479999998742
10.73543000000063,0.45291399999987547
10.73710000000063,0.45257999999987675
10.738770000000631,0.45224599999987447
10.740440000000632,0.45191199999987575
10.742110000000633,0.45157799999987347
10.743780000000633,0.45124399999987475
10.745450000000634,0.450909999999876
10.747120000000635,0.45057599999987374
10.748790000000636,0.450241999999875
10.750460000000636,0.44990799999987274
10.752130000000637,0.449573999999874
10.753800000000638,0.4492399999998753
10.755470000000638,0.448905999999873
10.75714000000064,0.4485719999998743
10.75881000000064,0.448237999999872
10.76048000000064,0.4479039999998733
10.762150000000641,0.44756999999987457
10.763820000000642,0.4472359999998723
10.765490000000643,0.44690199999987357
10.767160000000644,0.4465679999998713
10.768830000000644,0.44623399999987257
10.770500000000645,0.44589999999987384
10.772170000000646,0.44556599999987156
10.773840000000646,0.44523199999987284
10.775510000000647,0.44489799999987056
10.777180000000648,0.44456399999987184
10.778850000000649,0.4442299999998731
10.78052000000065,0.44389599999987084
10.78219000000065,0.4435619999998721
10.78386000000065,0.44322799999986984
10.785530000000652,0.4428939999998711
10.787200000000652,0.4425599999998724
10.788870000000653,0.4422259999998701
10.790540000000654,0.4418919999998714
10.792210000000654,0.4415579999998691
10.793880000000655,0.4412239999998704
10.795550000000656,0.44088999999987166
10.797220000000657,0.4405559999998694
10.798890000000657,0.44022199999987066
10.800560000000658,0.4398879999998684
10.802230000000659,0.43955399999986966
10.80390000000066,0.4392199999998674
10.80557000000066,0.43888599999986866
10.807240000000661,0.43855199999986993
10.808910000000662,0.43821799999986766
10.810580000000662,0.43788399999986893
10.812250000000663,0.43754999999986666
10.813920000000664,0.43721599999986793
10.815590000000665,0.4368819999998692
10.817260000000665,0.4365479999998705
10.818930000000666,0.4362139999998682
10.820600000000667,0.43587999999986593
10.822270000000668,0.4355459999998672
10.823940000000668,0.4352119999998685
10.825610000000669,0.43487799999986976
10.82728000000067,0.4345439999998675
10.82895000000067,0.4342099999998652
10.830620000000671,0.4338759999998665
10.832290000000672,0.43354199999986776
10.833960000000673,0.43320799999986903
10.835630000000673,0.43287399999986675
10.837300000000674,0.4325399999998645
10.838970000000675,0.43220599999986575
10.840640000000676,0.43187199999986703
10.842310000000676,0.4315379999998683
10.843980000000677,0.43120399999986603
10.845650000000678,0.43086999999986375
10.847320000000678,0.430535999999865
10.84899000000068,0.4302019999998663
10.85066000000068,0.4298679999998676
10.85233000000068,0.4295339999998653
10.854000000000681,0.429199999999863
10.855670000000682,0.4288659999998643
10.857340000000683,0.4285319999998656
10.859010000000684,0.42819799999986685
10.860680000000684,0.4278639999998646
10.862350000000685,0.4275299999998623
10.864020000000686,0.4271959999998636
10.865690000000686,0.42686199999986485
10.867360000000687,0.4265279999998661
10.869030000000688,0.42619399999986385
10.870700000000689,0.4258599999998651
10.87237000000069,0.42552599999986285
10.87404000000069,0.4251919999998641
10.87571000000069,0.4248579999998654
10.877380000000691,0.4245239999998631
10.879050000000692,0.4241899999998644
10.880720000000693,0.4238559999998621
10.882390000000694,0.4235219999998634
10.884060000000694,0.4231879999998647
10.885730000000695,0.4228539999998624
10.887400000000696,0.42251999999986367
10.889070000000697,0.4221859999998614
10.890740000000697,0.42185199999986267
10.892410000000698,0.42151799999986395
10.894080000000699,0.42118399999986167
10.8957500000007,0.42084999999986294
10.8974200000007,0.42051599999986067
10.899090000000701,0.42018199999986194
10.900760000000702,0.4198479999998632
10.902430000000702,0.41951399999986094
10.904100000000703,0.4191799999998622
10.905770000000704,0.41884599999985994
10.907440000000705,0.4185119999998612
10.909110000000705,0.4181779999998625
10.910780000000706,0.4178439999998602
10.912450000000707,0.4175099999998615
10.914120000000707,0.4171759999998592
10.915790000000708,0.4168419999998605
10.917460000000709,0.41650799999986177
10.91913000000071,0.4161739999998595
10.92080000000071,0.41583999999986077
10.922470000000711,0.4155059999998585
10.924140000000712,0.41517199999985976
10.925810000000713,0.41483799999986104
10.927480000000713,0.41450399999985876
10.929150000000714,0.41416999999986004
10.930820000000715,0.41383599999985776
10.932490000000715,0.41350199999985904
10.934160000000716,0.4131679999998603
10.935830000000717,0.41283399999985804
10.937500000000718,0.4124999999998593
10.939170000000718,0.4121659999998606
10.940840000000719,0.4118319999998583
10.94251000000072,0.4114979999998596
10.94418000000072,0.41116399999986086
10.945850000000721,0.4108299999998586
10.947520000000722,0.41049599999985986
10.949190000000723,0.4101619999998576
10.950860000000723,0.40982799999985886
10.952530000000724,0.40949399999986014
10.954200000000725,0.40915999999985786
10.955870000000726,0.40882599999985914
10.957540000000726,0.40849199999985686
10.959210000000727,0.40815799999985813
10.960880000000728,0.4078239999998594
10.962550000000729,0.40748999999985713
10.96422000000073,0.4071559999998584
10.96589000000073,0.40682199999985613
10.96756000000073,0.4064879999998574
10.969230000000731,0.4061539999998587
10.970900000000732,0.4058199999998564
10.972570000000733,0.4054859999998577
10.974240000000734,0.4051519999998554
10.975910000000734,0.4048179999998567
10.977580000000735,0.40448399999985796
10.979250000000736,0.4041499999998557
10.980920000000737,0.40381599999985696
10.982590000000737,0.4034819999998547
10.984260000000738,0.40314799999985595
10.985930000000739,0.40281399999985723
10.98760000000074,0.40247999999985495
10.98927000000074,0.40214599999985623
10.990940000000741,0.40181199999985395
10.992610000000742,0.40147799999985523
10.994280000000742,0.4011439999998565
10.995950000000743,0.4008099999998542
10.997620000000744,0.4004759999998555
10.999290000000745,0.4001419999998532
11.000960000000745,0.3998079999998545
11.002630000000746,0.3994739999998522
11.004300000000747,0.39913999999985705
11.005970000000747,0.3988059999998548
11.007640000000748,0.3984719999998525
11.009310000000749,0.3981379999998538
11.01098000000075,0.3978039999998515
11.01265000000075,0.3974699999998563
11.014320000000751,0.39713599999985405
11.015990000000752,0.3968019999998518
11.017660000000753,0.39646799999985305
11.019330000000753,0.39613399999985077
11.021000000000754,0.3957999999998556
11.022670000000755,0.3954659999998533
11.024340000000755,0.39513199999985105
11.026010000000756,0.3947979999998523
11.027680000000757,0.39446399999985005
11.029350000000758,0.3941299999998549
11.031020000000758,0.3937959999998526
11.032690000000759,0.3934619999998503
11.03436000000076,0.3931279999998516
11.03603000000076,0.3927939999998493
11.037700000000761,0.39245999999985415
11.039370000000762,0.39212599999985187
11.041040000000763,0.3917919999998496
11.042710000000763,0.39145799999985087
11.044380000000764,0.3911239999998486
11.046050000000765,0.3907899999998534
11.047720000000766,0.39045599999985114
11.049390000000766,0.39012199999984887
11.051060000000767,0.38978799999985014
11.052730000000768,0.38945399999984787
11.054400000000769,0.3891199999998527
11.05607000000077,0.3887859999998504
11.05774000000077,0.38845199999984814
11.05941000000077,0.3881179999998494
11.061080000000771,0.38778399999984714
11.062750000000772,0.3874499999998484
11.064420000000773,0.3871159999998497
11.066090000000774,0.3867819999998474
11.067760000000774,0.3864479999998487
11.069430000000775,0.3861139999998464
11.071100000000776,0.3857799999998477
11.072770000000776,0.38544599999984896
11.074440000000777,0.3851119999998467
11.076110000000778,0.38477799999984796
11.077780000000779,0.3844439999998457
11.07945000000078,0.38410999999984696
11.08112000000078,0.38377599999984824
11.08279000000078,0.38344199999984596
11.084460000000782,0.38310799999984724
11.086130000000782,0.38277399999984496
11.087800000000783,0.38243999999984624
11.089470000000784,0.3821059999998475
11.091140000000784,0.38177199999984524
11.092810000000785,0.3814379999998465
11.094480000000786,0.38110399999984423
11.096150000000787,0.3807699999998455
11.097820000000787,0.3804359999998468
11.099490000000788,0.3801019999998445
11.101160000000789,0.3797679999998458
11.10283000000079,0.3794339999998435
11.10450000000079,0.3790999999998448
11.106170000000791,0.37876599999984606
11.107840000000792,0.3784319999998438
11.109510000000792,0.37809799999984506
11.111180000000793,0.3777639999998428
11.112850000000794,0.37742999999984406
11.114520000000795,0.37709599999984533
11.116190000000795,0.37676199999984306
11.117860000000796,0.37642799999984433
11.119530000000797,0.37609399999984205
11.121200000000798,0.37575999999984333
11.122870000000798,0.3754259999998446
11.124540000000799,0.37509199999984233
11.1262100000008,0.3747579999998436
11.1278800000008,0.37442399999984133
11.129550000000801,0.3740899999998426
11.131220000000802,0.3737559999998439
11.132890000000803,0.3734219999998416
11.134560000000803,0.3730879999998429
11.136230000000804,0.3727539999998406
11.137900000000805,0.3724199999998419
11.139570000000806,0.37208599999984315
11.141240000000806,0.3717519999998409
11.142910000000807,0.37141799999984215
11.144580000000808,0.3710839999998399
11.146250000000808,0.37074999999984115
11.14792000000081,0.3704159999998424
11.14959000000081,0.37008199999984015
11.15126000000081,0.3697479999998414
11.152930000000811,0.36941399999983915
11.154600000000812,0.3690799999998404
11.156270000000813,0.3687459999998417
11.157940000000814,0.3684119999998394
11.159610000000814,0.3680779999998407
11.161280000000815,0.3677439999998384
11.162950000000816,0.3674099999998397
11.164620000000816,0.367075999999841
11.166290000000817,0.3667419999998387
11.167960000000818,0.36640799999984
11.169630000000819,0.3660739999998377
11.17130000000082,0.3657399999998354
11.17297000000082,0.36540599999984025
11.17464000000082,0.36507199999983797
11.176310000000822,0.36473799999983925
11.177980000000822,0.36440399999983697
11.179650000000823,0.3640699999998347
11.181320000000824,0.3637359999998395
11.182990000000824,0.36340199999983724
11.184660000000825,0.3630679999998385
11.186330000000826,0.36273399999983624
11.188000000000827,0.36239999999983397
11.189670000000827,0.36206599999983524
11.191340000000828,0.3617319999998365
11.193010000000829,0.3613979999998378
11.19468000000083,0.3610639999998355
11.19635000000083,0.36072999999983324
11.198020000000831,0.3603959999998345
11.199690000000832,0.3600619999998358
11.201360000000832,0.35972799999983707
11.203030000000833,0.3593939999998348
11.204700000000834,0.3590599999998325
11.206370000000835,0.3587259999998338
11.208040000000835,0.35839199999983506
11.209710000000836,0.35805799999983634
11.211380000000837,0.35772399999983406
11.213050000000838,0.3573899999998318
11.214720000000838,0.35705599999983306
11.216390000000839,0.35672199999983434
11.21806000000084,0.3563879999998356
11.21973000000084,0.35605399999983334
11.221400000000841,0.35571999999983106
11.223070000000842,0.35538599999983234
11.224740000000843,0.3550519999998336
11.226410000000843,0.3547179999998349
11.228080000000844,0.3543839999998326
11.229750000000845,0.35404999999983033
11.231420000000846,0.3537159999998316
11.233090000000846,0.3533819999998329
11.234760000000847,0.35304799999983416
11.236430000000848,0.3527139999998319
11.238100000000848,0.3523799999998296
11.23977000000085,0.3520459999998309
11.24144000000085,0.35171199999983216
11.24311000000085,0.35137799999983343
11.244780000000851,0.35104399999983116
11.246450000000852,0.3507099999998289
11.248120000000853,0.35037599999983016
11.249790000000853,0.35004199999983143
11.251460000000854,0.3497079999998327
11.253130000000855,0.34937399999983043
11.254800000000856,0.34903999999982815
11.256470000000856,0.34870599999982943
11.258140000000857,0.3483719999998307
11.259810000000858,0.348037999999832
11.261480000000859,0.3477039999998297
11.26315000000086,0.34736999999982743
11.26482000000086,0.3470359999998287
11.26649000000086,0.34670199999983
11.268160000000861,0.34636799999983126
11.269830000000862,0.346033999999829
11.271500000000863,0.3456999999998267
11.273170000000864,0.345365999999828
11.274840000000864,0.34503199999982925
11.276510000000865,0.34469799999983053
11.278180000000866,0.34436399999982825
11.279850000000867,0.344029999999826
11.281520000000867,0.34369599999982725
11.283190000000868,0.3433619999998285
11.284860000000869,0.3430279999998298
11.28653000000087,0.3426939999998275
11.28820000000087,0.34235999999982525
11.289870000000871,0.3420259999998265
11.291540000000872,0.3416919999998278
11.293210000000872,0.3413579999998291
11.294880000000873,0.3410239999998268
11.296550000000874,0.3406899999998245
11.298220000000875,0.3403559999998258
11.299890000000875,0.3400219999998271
11.301560000000876,0.33968799999982835
11.303230000000877,0.3393539999998261
11.304900000000877,0.3390199999998238
11.306570000000878,0.33868599999982507
11.308240000000879,0.33835199999982635
11.30991000000088,0.3380179999998276
11.31158000000088,0.33768399999982535
11.313250000000881,0.33734999999982307
11.314920000000882,0.33701599999982434
11.316590000000883,0.33668199999982207
11.318260000000883,0.3363479999998269
11.319930000000884,0.3360139999998246
11.321600000000885,0.33567999999982234
11.323270000000885,0.3353459999998236
11.324940000000886,0.33501199999982134
11.326610000000887,0.33467799999982617
11.328280000000888,0.3343439999998239
11.329950000000888,0.3340099999998216
11.331620000000889,0.3336759999998229
11.33329000000089,0.3333419999998206
11.33496000000089,0.3330079999998219
11.336630000000891,0.33267399999982317
11.338300000000892,0.3323399999998209
11.339970000000893,0.33200599999982217
11.341640000000893,0.3316719999998199
11.343310000000894,0.33133799999982116
11.344980000000895,0.33100399999982244
11.346650000000896,0.33066999999982016
11.348320000000896,0.33033599999982144
11.349990000000897,0.33000199999981916
11.351660000000898,0.32966799999982044
11.353330000000899,0.3293339999998217
11.3550000000009,0.32899999999981944
11.3566700000009,0.3286659999998207
11.3583400000009,0.32833199999981844
11.360010000000901,0.3279979999998197
11.361680000000902,0.327663999999821
11.363350000000903,0.3273299999998187
11.365020000000904,0.32699599999982
11.366690000000904,0.3266619999998177
11.368360000000905,0.326327999999819
11.370030000000906,0.32599399999982026
11.371700000000907,0.325659999999818
11.373370000000907,0.32532599999981926
11.375040000000908,0.324991999999817
11.376710000000909,0.32465799999981826
11.37838000000091,0.32432399999981953
11.38005000000091,0.32398999999981726
11.38172000000091,0.32365599999981853
11.383390000000912,0.32332199999981626
11.385060000000912,0.32298799999981753
11.386730000000913,0.3226539999998188
11.388400000000914,0.32231999999981653
11.390070000000915,0.3219859999998178
11.391740000000915,0.32165199999981553
11.393410000000916,0.3213179999998168
11.395080000000917,0.3209839999998181
11.396750000000917,0.3206499999998158
11.398420000000918,0.3203159999998171
11.400090000000919,0.3199819999998148
11.40176000000092,0.3196479999998161
11.40343000000092,0.31931399999981736
11.405100000000921,0.3189799999998151
11.406770000000922,0.31864599999981635
11.408440000000923,0.3183119999998141
11.410110000000923,0.31797799999981535
11.411780000000924,0.31764399999981663
11.413450000000925,0.31730999999981435
11.415120000000925,0.3169759999998156
11.416790000000926,0.31664199999981335
11.418460000000927,0.3163079999998146
11.420130000000928,0.3159739999998159
11.421800000000928,0.3156399999998136
11.423470000000929,0.3153059999998149
11.42514000000093,0.3149719999998126
11.42681000000093,0.3146379999998139
11.428480000000931,0.3143039999998152
11.430150000000932,0.3139699999998129
11.431820000000933,0.3136359999998142
11.433490000000933,0.3133019999998119
11.435160000000934,0.3129679999998132
11.436830000000935,0.31263399999981445
11.438500000000936,0.3122999999998122
11.440170000000936,0.31196599999981345
11.441840000000937,0.31163199999981117
11.443510000000938,0.3112979999998089
11.445180000000938,0.3109639999998137
11.44685000000094,0.31062999999981145
11.44852000000094,0.3102959999998127
11.45019000000094,0.30996199999981044
11.451860000000941,0.30962799999980817
11.453530000000942,0.309293999999813
11.455200000000943,0.3089599999998107
11.456870000000944,0.308625999999812
11.458540000000944,0.3082919999998097
11.460210000000945,0.30795799999980744
11.461880000000946,0.30762399999981227
11.463550000000946,0.30728999999981
11.465220000000947,0.30695599999981127
11.466890000000948,0.306621999999809
11.468560000000949,0.3062879999998067
11.47023000000095,0.30595399999981154
11.47190000000095,0.30561999999980927
11.47357000000095,0.30528599999981054
11.475240000000952,0.30495199999980827
11.476910000000952,0.304617999999806
11.478580000000953,0.3042839999998108
11.480250000000954,0.30394999999980854
11.481920000000954,0.3036159999998098
11.483590000000955,0.30328199999980754
11.485260000000956,0.30294799999980526
11.486930000000957,0.3026139999998101
11.488600000000957,0.3022799999998078
11.490270000000958,0.3019459999998091
11.491940000000959,0.3016119999998068
11.49361000000096,0.30127799999980454
11.49528000000096,0.30094399999980936
11.496950000000961,0.3006099999998071
11.498620000000962,0.30027599999980836
11.500290000000962,0.2999419999998061
11.501960000000963,0.2996079999998038
11.503630000000964,0.29927399999980864
11.505300000000965,0.29893999999980636
11.506970000000965,0.29860599999980764
11.508640000000966,0.29827199999980536
11.510310000000967,0.2979379999998031
11.511980000000968,0.2976039999998079
11.513650000000968,0.29726999999980563
11.515320000000969,0.2969359999998069
11.51699000000097,0.29660199999980463
11.51866000000097,0.29626799999980236
11.520330000000971,0.2959339999998072
11.522000000000972,0.2955999999998049
11.523670000000973,0.2952659999998062
11.525340000000973,0.2949319999998039
11.527010000000974,0.29459799999980163
11.528680000000975,0.29426399999980646
11.530350000000976,0.2939299999998042
11.532020000000976,0.29359599999980546
11.533690000000977,0.2932619999998032
11.535360000000978,0.2929279999998009
11.537030000000978,0.29259399999980573
11.53870000000098,0.29225999999980345
11.54037000000098,0.29192599999980473
11.54204000000098,0.29159199999980245
11.543710000000981,0.29125799999980373
11.545380000000982,0.290923999999805
11.547050000000983,0.29058999999980273
11.548720000000984,0.290255999999804
11.550390000000984,0.2899219999998017
11.552060000000985,0.289587999999803
11.553730000000986,0.2892539999998043
11.555400000000986,0.288919999999802
11.557070000000987,0.2885859999998033
11.558740000000988,0.288251999999801
11.560410000000989,0.2879179999998023
11.56208000000099,0.28758399999980355
11.56375000000099,0.2872499999998013
11.56542000000099,0.28691599999980255
11.567090000000992,0.2865819999998003
11.568760000000992,0.28624799999980155
11.570430000000993,0.2859139999998028
11.572100000000994,0.28557999999980055
11.573770000000994,0.2852459999998018
11.575440000000995,0.28491199999979955
11.577110000000996,0.2845779999998008
11.578780000000997,0.2842439999998021
11.580450000000997,0.2839099999997998
11.582120000000998,0.2835759999998011
11.583790000000999,0.2832419999997988
11.585460000001,0.2829079999998001
11.587130000001,0.2825739999998014
11.588800000001001,0.2822399999997991
11.590470000001002,0.28190599999980037
11.592140000001002,0.2815719999997981
11.593810000001003,0.28123799999979937
11.595480000001004,0.28090399999980065
11.597150000001005,0.28056999999979837
11.598820000001005,0.28023599999979965
11.600490000001006,0.27990199999979737
11.602160000001007,0.27956799999979864
11.603830000001008,0.2792339999997999
11.605500000001008,0.27889999999979764
11.607170000001009,0.2785659999997989
11.60884000000101,0.27823199999979664
11.61051000000101,0.2778979999997979
11.612180000001011,0.2775639999997992
11.613850000001012,0.2772299999997969
11.615520000001013,0.2768959999997982
11.617190000001013,0.2765619999997959
11.618860000001014,0.2762279999997972
11.620530000001015,0.27589399999979847
11.622200000001015,0.2755599999997962
11.623870000001016,0.27522599999979747
11.625540000001017,0.27489199999979874
11.627210000001018,0.27455799999979646
11.628880000001018,0.27422399999979774
11.63055000000102,0.27388999999979546
11.63222000000102,0.27355599999979674
11.63389000000102,0.273221999999798
11.635560000001021,0.27288799999979574
11.637230000001022,0.272553999999797
11.638900000001023,0.27221999999979474
11.640570000001023,0.271885999999796
11.642240000001024,0.2715519999997973
11.643910000001025,0.271217999999795
11.645580000001026,0.2708839999997963
11.647250000001026,0.270549999999794
11.648920000001027,0.2702159999997953
11.650590000001028,0.26988199999979656
11.652260000001029,0.2695479999997943
11.65393000000103,0.26921399999979556
11.65560000000103,0.2688799999997933
11.65727000000103,0.26854599999979456
11.658940000001031,0.26821199999979584
11.660610000001032,0.26787799999979356
11.662280000001033,0.26754399999979483
11.663950000001034,0.26720999999979256
11.665620000001034,0.26687599999979383
11.667290000001035,0.2665419999997951
11.668960000001036,0.26620799999979283
11.670630000001037,0.2658739999997941
11.672300000001037,0.26553999999979183
11.673970000001038,0.2652059999997931
11.675640000001039,0.2648719999997944
11.67731000000104,0.2645379999997921
11.67898000000104,0.2642039999997934
11.680650000001041,0.2638699999997911
11.682320000001042,0.2635359999997924
11.683990000001042,0.26320199999979366
11.685660000001043,0.2628679999997914
11.687330000001044,0.26253399999979266
11.689000000001045,0.2621999999997904
11.690670000001045,0.26186599999979165
11.692340000001046,0.26153199999979293
11.694010000001047,0.26119799999979065
11.695680000001047,0.26086399999979193
11.697350000001048,0.26052999999978965
11.699020000001049,0.26019599999979093
11.70069000000105,0.2598619999997922
11.70236000000105,0.2595279999997899
11.704030000001051,0.2591939999997912
11.705700000001052,0.2588599999997889
11.707370000001053,0.2585259999997902
11.709040000001053,0.2581919999997915
11.710710000001054,0.2578579999997892
11.712380000001055,0.2575239999997905
11.714050000001055,0.2571899999997882
11.715720000001056,0.256855999999793
11.717390000001057,0.25652199999979075
11.719060000001058,0.2561879999997885
11.720730000001058,0.25585399999978975
11.722400000001059,0.2555199999997875
11.72407000000106,0.2551859999997923
11.72574000000106,0.25485199999979
11.727410000001061,0.25451799999978775
11.729080000001062,0.254183999999789
11.730750000001063,0.25384999999978675
11.732420000001063,0.2535159999997916
11.734090000001064,0.2531819999997893
11.735760000001065,0.252847999999787
11.737430000001066,0.2525139999997883
11.739100000001066,0.252179999999786
11.740770000001067,0.25184599999979085
11.742440000001068,0.25151199999978857
11.744110000001069,0.2511779999997863
11.74578000000107,0.25084399999978757
11.74745000000107,0.2505099999997853
11.74912000000107,0.2501759999997901
11.750790000001071,0.24984199999978784
11.752460000001072,0.24950799999978912
11.754130000001073,0.24917399999978684
11.755800000001074,0.24883999999978457
11.757470000001074,0.2485059999997894
11.759140000001075,0.24817199999978712
11.760810000001076,0.2478379999997884
11.762480000001077,0.24750399999978612
11.764150000001077,0.24716999999978384
11.765820000001078,0.24683599999978867
11.767490000001079,0.2465019999997864
11.76916000000108,0.24616799999978767
11.77083000000108,0.2458339999997854
11.77250000000108,0.24549999999978311
11.774170000001082,0.24516599999978794
11.775840000001082,0.24483199999978567
11.777510000001083,0.24449799999978694
11.779180000001084,0.24416399999978466
11.780850000001085,0.2438299999997824
11.782520000001085,0.24349599999978722
11.784190000001086,0.24316199999978494
11.785860000001087,0.24282799999978621
11.787530000001087,0.24249399999978394
11.789200000001088,0.24215999999978166
11.790870000001089,0.2418259999997865
11.79254000000109,0.2414919999997842
11.79421000000109,0.2411579999997855
11.795880000001091,0.2408239999997832
11.797550000001092,0.24048999999978093
11.799220000001093,0.24015599999978576
11.800890000001093,0.2398219999997835
11.802560000001094,0.23948799999978476
11.804230000001095,0.23915399999978249
11.805900000001095,0.2388199999997802
11.807570000001096,0.23848599999978504
11.809240000001097,0.23815199999978276
11.810910000001098,0.23781799999978404
11.812580000001098,0.23748399999978176
11.814250000001099,0.23714999999977948
11.8159200000011,0.23681599999978076
11.8175900000011,0.23648199999978203
11.819260000001101,0.2361479999997833
11.820930000001102,0.23581399999978103
11.822600000001103,0.23547999999977876
11.824270000001103,0.23514599999978003
11.825940000001104,0.2348119999997813
11.827610000001105,0.23447799999978258
11.829280000001106,0.2341439999997803
11.830950000001106,0.23380999999977803
11.832620000001107,0.2334759999997793
11.834290000001108,0.23314199999978058
11.835960000001108,0.23280799999978186
11.83763000000111,0.23247399999977958
11.83930000000111,0.2321399999997773
11.84097000000111,0.23180599999977858
11.842640000001111,0.23147199999977985
11.844310000001112,0.23113799999978113
11.845980000001113,0.23080399999977885
11.847650000001114,0.23046999999977658
11.849320000001114,0.23013599999977785
11.850990000001115,0.22980199999977913
11.852660000001116,0.2294679999997804
11.854330000001116,0.22913399999977813
11.856000000001117,0.22879999999977585
11.857670000001118,0.22846599999977713
11.859340000001119,0.2281319999997784
11.86101000000112,0.22779799999977968
11.86268000000112,0.2274639999997774
11.86435000000112,0.22712999999977512
11.866020000001122,0.2267959999997764
11.867690000001122,0.22646199999977767
11.869360000001123,0.22612799999977895
11.871030000001124,0.22579399999977667
11.872700000001124,0.2254599999997744
11.874370000001125,0.22512599999977567
11.876040000001126,0.22479199999977695
11.877710000001127,0.22445799999977822
11.879380000001127,0.22412399999977595
11.881050000001128,0.22378999999977367
11.882720000001129,0.22345599999977495
11.88439000000113,0.22312199999977622
11.88606000000113,0.2227879999997775
11.887730000001131,0.22245399999977522
11.889400000001132,0.22211999999977294
11.891070000001132,0.22178599999977422
11.892740000001133,0.2214519999997755
11.894410000001134,0.22111799999977677
11.896080000001135,0.2207839999997745
11.897750000001135,0.22044999999977222
11.899420000001136,0.2201159999997735
11.901090000001137,0.21978199999977477
11.902760000001138,0.21944799999977604
11.904430000001138,0.21911399999977377
11.906100000001139,0.2187799999997715
11.90777000000114,0.21844599999977277
11.90944000000114,0.21811199999977404
11.911110000001141,0.21777799999977532
11.912780000001142,0.21744399999977304
11.914450000001143,0.21710999999977076
11.916120000001143,0.21677599999977204
11.917790000001144,0.21644199999977332
11.919460000001145,0.2161079999997746
11.921130000001146,0.21577399999977231
11.922800000001146,0.21543999999977004
11.924470000001147,0.2151059999997713
11.926140000001148,0.2147719999997726
11.927810000001148,0.21443799999977387
11.92948000000115,0.2141039999997716
11.93115000000115,0.2137699999997693
11.93282000000115,0.2134359999997706
11.934490000001151,0.21310199999977186
11.936160000001152,0.21276799999977314
11.937830000001153,0.21243399999977086
11.939500000001154,0.21209999999976858
11.941170000001154,0.21176599999976986
11.942840000001155,0.21143199999976758
11.944510000001156,0.2110979999997724
11.946180000001156,0.21076399999977014
11.947850000001157,0.21042999999976786
11.949520000001158,0.21009599999976913
11.951190000001159,0.20976199999976686
11.95286000000116,0.20942799999977169
11.95453000000116,0.2090939999997694
11.95620000000116,0.20875999999976713
11.957870000001162,0.2084259999997684
11.959540000001162,0.20809199999976613
11.961210000001163,0.20775799999977096
11.962880000001164,0.20742399999976868
11.964550000001164,0.2070899999997664
11.966220000001165,0.20675599999976768
11.967890000001166,0.2064219999997654
11.969560000001167,0.20608799999977023
11.971230000001167,0.20575399999976796
11.972900000001168,0.20541999999976568
11.974570000001169,0.20508599999976695
11.97624000000117,0.20475199999976468
11.97791000000117,0.2044179999997695
11.979580000001171,0.20408399999976723
11.981250000001172,0.20374999999976495
11.982920000001172,0.20341599999976623
11.984590000001173,0.20308199999976395
11.986260000001174,0.20274799999976878
11.987930000001175,0.2024139999997665
11.989600000001175,0.20207999999976423
11.991270000001176,0.2017459999997655
11.992940000001177,0.20141199999976322
11.994610000001177,0.20107799999976805
11.996280000001178,0.20074399999976578
11.997950000001179,0.2004099999997635
11.99962000000118,0.20007599999976478
12.00129000000118,0.20025800000023608
12.002960000001181,0.20059200000023125
12.004630000001182,0.20092600000023353
12.006300000001183,0.2012600000002358
12.007970000001183,0.20159400000023453
12.009640000001184,0.2019280000002368
12.011310000001185,0.20226200000023198
12.012980000001185,0.20259600000023426
12.014650000001186,0.20293000000023653
12.016320000001187,0.20326400000023526
12.017990000001188,0.20359800000023753
12.019660000001188,0.2039320000002327
12.02133000000119,0.20426600000023498
12.02300000000119,0.20460000000023726
12.02467000000119,0.20493400000023598
12.026340000001191,0.20526800000023826
12.028010000001192,0.20560200000023343
12.029680000001193,0.2059360000002357
12.031350000001193,0.20627000000023799
12.033020000001194,0.2066040000002367
12.034690000001195,0.206938000000239
12.036360000001196,0.20727200000023416
12.038030000001196,0.20760600000023643
12.039700000001197,0.2079400000002387
12.041370000001198,0.20827400000023744
12.043040000001199,0.2086080000002397
12.0447100000012,0.20894200000023488
12.0463800000012,0.20927600000023716
12.0480500000012,0.20961000000023944
12.049720000001201,0.20994400000023816
12.051390000001202,0.21027800000024044
12.053060000001203,0.2106120000002356
12.054730000001204,0.2109460000002379
12.056400000001204,0.21128000000024016
12.058070000001205,0.2116140000002389
12.059740000001206,0.21194800000024117
12.061410000001207,0.21228200000023634
12.063080000001207,0.21261600000023861
12.064750000001208,0.2129500000002409
12.066420000001209,0.21328400000023962
12.06809000000121,0.2136180000002419
12.06976000000121,0.21395200000024062
12.071430000001211,0.21428600000023934
12.073100000001212,0.21462000000024162
12.074770000001212,0.21495400000024034
12.076440000001213,0.21528800000024262
12.078110000001214,0.21562200000024134
12.079780000001215,0.21595600000024007
12.081450000001215,0.21629000000024234
12.083120000001216,0.21662400000024107
12.084790000001217,0.21695800000024335
12.086460000001217,0.21729200000024207
12.088130000001218,0.2176260000002408
12.089800000001219,0.21796000000024307
12.09147000000122,0.2182940000002418
12.09314000000122,0.21862800000024407
12.094810000001221,0.2189620000002428
12.096480000001222,0.21929600000024152
12.098150000001223,0.2196300000002438
12.099820000001223,0.21996400000024252
12.101490000001224,0.2202980000002448
12.103160000001225,0.22063200000024352
12.104830000001225,0.22096600000024225
12.106500000001226,0.22130000000024452
12.108170000001227,0.22163400000024325
12.109840000001228,0.22196800000024552
12.111510000001228,0.22230200000024425
12.113180000001229,0.22263600000024297
12.11485000000123,0.22297000000024525
12.11652000000123,0.22330400000024397
12.118190000001231,0.22363800000024625
12.119860000001232,0.22397200000024498
12.121530000001233,0.2243060000002437
12.123200000001233,0.22464000000024598
12.124870000001234,0.2249740000002447
12.126540000001235,0.22530800000024698
12.128210000001236,0.2256420000002457
12.129880000001236,0.22597600000024443
12.131550000001237,0.2263100000002467
12.133220000001238,0.22664400000024543
12.134890000001239,0.2269780000002477
12.13656000000124,0.22731200000024643
12.13823000000124,0.22764600000024515
12.13990000000124,0.22798000000024743
12.141570000001241,0.22831400000024615
12.143240000001242,0.22864800000024843
12.144910000001243,0.22898200000024715
12.146580000001244,0.22931600000024588
12.148250000001244,0.22965000000024816
12.149920000001245,0.22998400000024688
12.151590000001246,0.23031800000024916
12.153260000001247,0.23065200000024788
12.154930000001247,0.2309860000002466
12.156600000001248,0.23132000000024888
12.158270000001249,0.2316540000002476
12.15994000000125,0.23198800000024988
12.16161000000125,0.2323220000002486
12.16328000000125,0.23265600000024733
12.164950000001252,0.2329900000002496
12.166620000001252,0.23332400000024833
12.168290000001253,0.2336580000002506
12.169960000001254,0.2339920000002529
12.171630000001255,0.23432600000024806
12.173300000001255,0.23466000000025034
12.174970000001256,0.23499400000024906
12.176640000001257,0.23532800000025134
12.178310000001257,0.2356620000002536
12.179980000001258,0.23599600000024878
12.181650000001259,0.23633000000025106
12.18332000000126,0.23666400000024979
12.18499000000126,0.23699800000025206
12.186660000001261,0.23733200000025434
12.188330000001262,0.2376660000002495
12.190000000001262,0.2380000000002518
12.191670000001263,0.2383340000002505
12.193340000001264,0.2386680000002528
12.195010000001265,0.23900200000025507
12.196680000001265,0.2393360000002538
12.198350000001266,0.23967000000025251
12.200020000001267,0.24000400000025124
12.201690000001268,0.24033800000025352
12.203360000001268,0.2406720000002558
12.205030000001269,0.24100600000025452
12.20670000000127,0.24134000000025324
12.20837000000127,0.24167400000025197
12.210040000001271,0.24200800000025424
12.211710000001272,0.24234200000025652
12.213380000001273,0.24267600000025524
12.215050000001273,0.24301000000025397
12.216720000001274,0.2433440000002527
12.218390000001275,0.24367800000025497
12.220060000001276,0.24401200000025725
12.221730000001276,0.24434600000025597
12.223400000001277,0.2446800000002547
12.225070000001278,0.24501400000025342
12.226740000001278,0.2453480000002557
12.22841000000128,0.24568200000025797
12.23008000000128,0.2460160000002567
12.23175000000128,0.24635000000025542
12.233420000001281,0.24668400000025414
12.235090000001282,0.24701800000025642
12.236760000001283,0.2473520000002587
12.238430000001284,0.24768600000025742
12.240100000001284,0.24802000000025615
12.241770000001285,0.24835400000025487
12.243440000001286,0.24868800000025715
12.245110000001286,0.24902200000025942
12.246780000001287,0.24935600000025815
12.248450000001288,0.24969000000025687
12.250120000001289,0.2500240000002556
12.25179000000129,0.2503580000002579
12.25346000000129,0.25069200000026015
12.25513000000129,0.2510260000002589
12.256800000001292,0.2513600000002576
12.258470000001292,0.2516940000002563
12.260140000001293,0.2520280000002586
12.261810000001294,0.2523620000002609
12.263480000001294,0.2526960000002596
12.265150000001295,0.2530300000002583
12.266820000001296,0.25336400000025705
12.268490000001297,0.2536980000002593
12.270160000001297,0.2540320000002616
12.271830000001298,0.25436600000026033
12.273500000001299,0.25470000000025905
12.2751700000013,0.2550340000002578
12.2768400000013,0.25536800000026005
12.278510000001301,0.25570200000026233
12.280180000001302,0.25603600000026105
12.281850000001302,0.2563700000002598
12.283520000001303,0.2567040000002585
12.285190000001304,0.2570380000002608
12.286860000001305,0.25737200000026306
12.288530000001305,0.2577060000002618
12.290200000001306,0.2580400000002605
12.291870000001307,0.25837400000025923
12.293540000001308,0.2587080000002615
12.295210000001308,0.2590420000002638
12.296880000001309,0.25937600000025895
12.29855000000131,0.25971000000026123
12.30022000000131,0.26004400000025996
12.301890000001311,0.26037800000026223
12.303560000001312,0.2607120000002645
12.305230000001313,0.2610460000002597
12.306900000001313,0.26138000000026196
12.308570000001314,0.2617140000002607
12.310240000001315,0.26204800000026296
12.311910000001316,0.26238200000026524
12.313580000001316,0.2627160000002604
12.315250000001317,0.2630500000002627
12.316920000001318,0.2633840000002614
12.318590000001318,0.2637180000002637
12.32026000000132,0.26405200000026596
12.32193000000132,0.26438600000026113
12.32360000000132,0.2647200000002634
12.325270000001321,0.26505400000026214
12.326940000001322,0.2653880000002644
12.328610000001323,0.2657220000002667
12.330280000001324,0.26605600000026186
12.331950000001324,0.26639000000026414
12.333620000001325,0.2667240000002664
12.335290000001326,0.26705800000026514
12.336960000001326,0.2673920000002674
12.338630000001327,0.2677260000002626
12.340300000001328,0.26806000000026486
12.341970000001329,0.26839400000026714
12.34364000000133,0.26872800000026587
12.34531000000133,0.26906200000026814
12.34698000000133,0.2693960000002633
12.348650000001332,0.2697300000002656
12.350320000001332,0.27006400000026787
12.351990000001333,0.2703980000002666
12.353660000001334,0.27073200000026887
12.355330000001334,0.27106600000026404
12.357000000001335,0.2714000000002663
12.358670000001336,0.2717340000002686
12.360340000001337,0.2720680000002673
12.362010000001337,0.2724020000002696
12.363680000001338,0.27273600000026477
12.365350000001339,0.27307000000026704
12.36702000000134,0.2734040000002693
12.36869000000134,0.27373800000026804
12.370360000001341,0.2740720000002703
12.372030000001342,0.2744060000002655
12.373700000001342,0.27474000000026777
12.375370000001343,0.27507400000027005
12.377040000001344,0.27540800000026877
12.378710000001345,0.2757420000002675
12.380380000001345,0.2760760000002662
12.382050000001346,0.2764100000002685
12.383720000001347,0.2767440000002708
12.385390000001347,0.2770780000002695
12.387060000001348,0.2774120000002682
12.388730000001349,0.27774600000026695
12.39040000000135,0.2780800000002692
12.39207000000135,0.2784140000002715
12.393740000001351,0.2787480000002702
12.395410000001352,0.27908200000026895
12.397080000001353,0.2794160000002677
12.398750000001353,0.27975000000026995
12.400420000001354,0.2800840000002722
12.402090000001355,0.28041800000027095
12.403760000001355,0.2807520000002697
12.405430000001356,0.2810860000002684
12.407100000001357,0.2814200000002707
12.408770000001358,0.28175400000027295
12.410440000001358,0.2820880000002717
12.412110000001359,0.2824220000002704
12.41378000000136,0.2827560000002691
12.41545000000136,0.2830900000002714
12.417120000001361,0.2834240000002737
12.418790000001362,0.2837580000002724
12.420460000001363,0.2840920000002711
12.422130000001363,0.28442600000026985
12.423800000001364,0.28476000000027213
12.425470000001365,0.2850940000002744
12.427140000001366,0.28542800000027313
12.428810000001366,0.28576200000027185
12.430480000001367,0.2860960000002706
12.432150000001368,0.28643000000027286
12.433820000001369,0.28676400000027513
12.43549000000137,0.28709800000027386
12.43716000000137,0.2874320000002726
12.43883000000137,0.2877660000002713
12.440500000001371,0.2881000000002736
12.442170000001372,0.28843400000027586
12.443840000001373,0.2887680000002746
12.445510000001374,0.2891020000002733
12.447180000001374,0.28943600000027203
12.448850000001375,0.2897700000002743
12.450520000001376,0.2901040000002766
12.452190000001377,0.2904380000002753
12.453860000001377,0.29077200000027403
12.455530000001378,0.29110600000027276
12.457200000001379,0.29144000000027503
12.45887000000138,0.2917740000002773
12.46054000000138,0.2921080000002725
12.462210000001381,0.29244200000027476
12.463880000001382,0.2927760000002735
12.465550000001382,0.29311000000027576
12.467220000001383,0.29344400000027804
12.468890000001384,0.2937780000002732
12.470560000001385,0.2941120000002755
12.472230000001385,0.2944460000002742
12.473900000001386,0.2947800000002765
12.475570000001387,0.29511400000027876
12.477240000001387,0.29544800000027394
12.478910000001388,0.2957820000002762
12.480580000001389,0.29611600000027494
12.48225000000139,0.2964500000002772
12.48392000000139,0.2967840000002795
12.485590000001391,0.29711800000027466
12.487260000001392,0.29745200000027694
12.488930000001393,0.29778600000027566
12.490600000001393,0.29812000000027794
12.492270000001394,0.2984540000002802
12.493940000001395,0.2987880000002754
12.495610000001395,0.29912200000027767
12.497280000001396,0.2994560000002764
12.498950000001397,0.29979000000027867
12.500620000001398,0.30012400000028094
12.502290000001398,0.3004580000002761
12.503960000001399,0.3007920000002784
12.5056300000014,0.3011260000002771
12.5073000000014,0.3014600000002794
12.508970000001401,0.30179400000028167
12.510640000001402,0.30212800000027684
12.512310000001403,0.3024620000002791
12.513980000001403,0.30279600000027784
12.515650000001404,0.3031300000002801
12.517320000001405,0.3034640000002824
12.518990000001406,0.30379800000027757
12.520660000001406,0.30413200000027985
12.522330000001407,0.30446600000027857
12.524000000001408,0.30480000000028085
12.525670000001409,0.3051340000002831
12.52734000000141,0.3054680000002783
12.52901000000141,0.30580200000028057
12.53068000000141,0.3061360000002793
12.532350000001411,0.3064700000002816
12.534020000001412,0.30680400000028385
12.535690000001413,0.307138000000279
12.537360000001414,0.3074720000002813
12.539030000001414,0.30780600000028
12.540700000001415,0.3081400000002823
12.542370000001416,0.3084740000002846
12.544040000001417,0.30880800000027975
12.545710000001417,0.309142000000282
12.547380000001418,0.30947600000028075
12.549050000001419,0.309810000000283
12.55072000000142,0.3101440000002853
12.55239000000142,0.3104780000002805
12.55406000000142,0.31081200000028275
12.555730000001422,0.3111460000002815
12.557400000001422,0.31148000000028375
12.559070000001423,0.31181400000028603
12.560740000001424,0.3121480000002812
12.562410000001424,0.3124820000002835
12.564080000001425,0.3128160000002822
12.565750000001426,0.3131500000002845
12.567420000001427,0.31348400000028676
12.569090000001427,0.3138180000002855
12.570760000001428,0.3141520000002842
12.572430000001429,0.31448600000028293
12.57410000000143,0.3148200000002852
12.57577000000143,0.3151540000002875
12.577440000001431,0.3154880000002862
12.579110000001432,0.31582200000028493
12.580780000001432,0.31615600000028365
12.582450000001433,0.31649000000028593
12.584120000001434,0.3168240000002882
12.585790000001435,0.31715800000028693
12.587460000001435,0.31749200000028566
12.589130000001436,0.3178260000002844
12.590800000001437,0.31816000000028666
12.592470000001438,0.31849400000028893
12.594140000001438,0.31882800000028766
12.595810000001439,0.3191620000002864
12.59748000000144,0.3194960000002851
12.59915000000144,0.3198300000002874
12.600820000001441,0.32016400000028966
12.602490000001442,0.3204980000002884
12.604160000001443,0.3208320000002871
12.605830000001443,0.32116600000028583
12.607500000001444,0.3215000000002881
12.609170000001445,0.3218340000002904
12.610840000001446,0.3221680000002891
12.612510000001446,0.32250200000028784
12.614180000001447,0.32283600000028656
12.615850000001448,0.32317000000028884
12.617520000001448,0.3235040000002911
12.61919000000145,0.32383800000028984
12.62086000000145,0.32417200000028856
12.62253000000145,0.3245060000002873
12.624200000001451,0.32484000000028956
12.625870000001452,0.32517400000029184
12.627540000001453,0.32550800000029056
12.629210000001454,0.3258420000002893
12.630880000001454,0.326176000000288
12.632550000001455,0.3265100000002903
12.634220000001456,0.32684400000029257
12.635890000001456,0.3271780000002913
12.637560000001457,0.32751200000029
12.639230000001458,0.32784600000028874
12.640900000001459,0.328180000000291
12.64257000000146,0.3285140000002933
12.64424000000146,0.328848000000292
12.64591000000146,0.32918200000029074
12.647580000001462,0.32951600000028947
12.649250000001462,0.32985000000029174
12.650920000001463,0.330184000000294
12.652590000001464,0.33051800000029274
12.654260000001464,0.33085200000029147
12.655930000001465,0.3311860000002902
12.657600000001466,0.33152000000029247
12.659270000001467,0.33185400000029475
12.660940000001467,0.33218800000029347
12.662610000001468,0.3325220000002922
12.664280000001469,0.3328560000002909
12.66595000000147,0.3331900000002932
12.66762000000147,0.3335240000002955
12.669290000001471,0.3338580000002942
12.670960000001472,0.3341920000002929
12.672630000001472,0.33452600000029165
12.674300000001473,0.3348600000002939
12.675970000001474,0.3351940000002962
12.677640000001475,0.3355280000002949
12.679310000001475,0.33586200000029365
12.680980000001476,0.33619600000029237
12.682650000001477,0.33653000000029465
12.684320000001478,0.3368640000002969
12.685990000001478,0.33719800000029565
12.687660000001479,0.3375320000002979
12.68933000000148,0.3378660000002931
12.69100000000148,0.3382000000002954
12.692670000001481,0.33853400000029765
12.694340000001482,0.3388680000002964
12.696010000001483,0.33920200000029865
12.697680000001483,0.3395360000002938
12.699350000001484,0.3398700000002961
12.701020000001485,0.3402040000002984
12.702690000001486,0.3405380000002971
12.704360000001486,0.3408720000002994
12.706030000001487,0.34120600000029455
12.707700000001488,0.34154000000029683
12.709370000001488,0.3418740000002991
12.71104000000149,0.34220800000029783
12.71271000000149,0.3425420000003001
12.71438000000149,0.3428760000002953
12.716050000001491,0.34321000000029755
12.717720000001492,0.34354400000029983
12.719390000001493,0.34387800000029856
12.721060000001494,0.34421200000030083
12.722730000001494,0.344546000000296
12.724400000001495,0.3448800000002983
12.726070000001496,0.34521400000030056
12.727740000001496,0.3455480000002993
12.729410000001497,0.34588200000030156
12.731080000001498,0.34621600000029673
12.732750000001499,0.346550000000299
12.7344200000015,0.3468840000003013
12.7360900000015,0.3472180000003
12.7377600000015,0.3475520000003023
12.739430000001501,0.34788600000029746
12.741100000001502,0.34822000000029973
12.742770000001503,0.348554000000302
12.744440000001504,0.34888800000030074
12.746110000001504,0.349222000000303
12.747780000001505,0.3495560000002982
12.749450000001506,0.34989000000030046
12.751120000001507,0.35022400000030274
12.752790000001507,0.35055800000030146
12.754460000001508,0.35089200000030374
12.756130000001509,0.3512260000002989
12.75780000000151,0.3515600000003012
12.75947000000151,0.3518940000002999
12.761140000001511,0.3522280000003022
12.762810000001512,0.35256200000030447
12.764480000001512,0.35289600000029964
12.766150000001513,0.3532300000003019
12.767820000001514,0.35356400000030064
12.769490000001515,0.3538980000003029
12.771160000001515,0.3542320000003052
12.772830000001516,0.35456600000030036
12.774500000001517,0.35490000000030264
12.776170000001517,0.35523400000030136
12.777840000001518,0.35556800000030364
12.779510000001519,0.3559020000003059
12.78118000000152,0.3562360000003011
12.78285000000152,0.35657000000030337
12.784520000001521,0.3569040000003021
12.786190000001522,0.35723800000030437
12.787860000001523,0.35757200000030664
12.789530000001523,0.3579060000003018
12.791200000001524,0.3582400000003041
12.792870000001525,0.3585740000003028
12.794540000001525,0.3589080000003051
12.796210000001526,0.3592420000003038
12.797880000001527,0.35957600000030254
12.799550000001528,0.3599100000003048
12.801220000001528,0.36024400000030354
12.802890000001529,0.3605780000003058
12.80456000000153,0.36091200000030454
12.80623000000153,0.36124600000030327
12.807900000001531,0.36158000000030555
12.809570000001532,0.36191400000030427
12.811240000001533,0.36224800000030655
12.812910000001533,0.36258200000030527
12.814580000001534,0.362916000000304
12.816250000001535,0.3632500000003063
12.817920000001536,0.363584000000305
12.819590000001536,0.3639180000003073
12.821260000001537,0.364252000000306
12.822930000001538,0.3645860000003047
12.824600000001539,0.364920000000307
12.82627000000154,0.3652540000003057
12.82794000000154,0.365588000000308
12.82961000000154,0.3659220000003067
12.831280000001541,0.36625600000030545
12.832950000001542,0.3665900000003077
12.834620000001543,0.36692400000030645
12.836290000001544,0.3672580000003087
12.837960000001544,0.36759200000030745
12.839630000001545,0.3679260000003062
12.841300000001546,0.36826000000030845
12.842970000001547,0.3685940000003072
12.844640000001547,0.36892800000030945
12.846310000001548,0.3692620000003082
12.847980000001549,0.3695960000003069
12.84965000000155,0.3699300000003092
12.85132000000155,0.3702640000003079
12.852990000001551,0.3705980000003102
12.854660000001552,0.3709320000003089
12.856330000001552,0.3712660000003076
12.858000000001553,0.3716000000003099
12.859670000001554,0.37193400000030863
12.861340000001555,0.3722680000003109
12.863010000001555,0.37260200000030963
12.864680000001556,0.37293600000030835
12.866350000001557,0.37327000000031063
12.868020000001557,0.37360400000030936
12.869690000001558,0.37393800000031163
12.871360000001559,0.37427200000031036
12.87303000000156,0.3746060000003091
12.87470000000156,0.37494000000031136
12.876370000001561,0.3752740000003101
12.878040000001562,0.3756080000003088
12.879710000001563,0.3759420000003111
12.881380000001563,0.3762760000003098
12.883050000001564,0.3766100000003121
12.884720000001565,0.3769440000003108
12.886390000001565,0.37727800000030953
12.888060000001566,0.3776120000003118
12.889730000001567,0.37794600000031053
12.891400000001568,0.3782800000003128
12.893070000001568,0.37861400000031153
12.894740000001569,0.37894800000031026
12.89641000000157,0.37928200000031254
12.89808000000157,0.37961600000031126
12.899750000001571,0.37995000000031354
12.901420000001572,0.38028400000031226
12.903090000001573,0.380618000000311
12.904760000001573,0.38095200000031326
12.906430000001574,0.381286000000312
12.908100000001575,0.38162000000031426
12.909770000001576,0.381954000000313
12.911440000001576,0.3822880000003117
12.913110000001577,0.382622000000314
12.914780000001578,0.3829560000003127
12.916450000001579,0.383290000000315
12.91812000000158,0.3836240000003137
12.91979000000158,0.38395800000031244
12.92146000000158,0.3842920000003147
12.923130000001581,0.38462600000031344
12.924800000001582,0.3849600000003157
12.926470000001583,0.38529400000031444
12.928140000001584,0.38562800000031316
12.929810000001584,0.38596200000031544
12.931480000001585,0.38629600000031417
12.933150000001586,0.38663000000031644
12.934820000001586,0.38696400000031517
12.936490000001587,0.3872980000003139
12.938160000001588,0.38763200000031617
12.939830000001589,0.3879660000003149
12.94150000000159,0.38830000000031717
12.94317000000159,0.3886340000003159
12.94484000000159,0.3889680000003146
12.946510000001592,0.3893020000003169
12.948180000001592,0.3896360000003156
12.949850000001593,0.3899700000003179
12.951520000001594,0.3903040000003166
12.953190000001594,0.39063800000031534
12.954860000001595,0.3909720000003176
12.956530000001596,0.39130600000031635
12.958200000001597,0.3916400000003186
12.959870000001597,0.3919740000003138
12.961540000001598,0.39230800000031607
12.963210000001599,0.39264200000031835
12.9648800000016,0.39297600000031707
12.9665500000016,0.39331000000031935
12.968220000001601,0.3936440000003145
12.969890000001602,0.3939780000003168
12.971560000001602,0.3943120000003191
12.973230000001603,0.3946460000003178
12.974900000001604,0.3949800000003201
12.976570000001605,0.39531400000031525
12.978240000001605,0.3956480000003175
12.979910000001606,0.3959820000003198
12.981580000001607,0.3963160000003185
12.983250000001608,0.3966500000003208
12.984920000001608,0.396984000000316
12.986590000001609,0.39731800000031825
12.98826000000161,0.3976520000003205
12.98993000000161,0.39798600000031925
12.991600000001611,0.39832000000032153
12.993270000001612,0.3986540000003167
12.994940000001613,0.398988000000319
12.996610000001613,0.39932200000032125
12.998280000001614,0.39965600000032
12.999950000001615,0.39999000000032225
13.001620000001616,0.39983799999983916
13.003290000001616,0.399670999999838
13.004960000001617,0.3995039999998369
13.006630000001618,0.39933699999983574
13.008300000001618,0.3991699999998346
13.00997000000162,0.39900299999984057
13.01164000000162,0.39883599999983943
13.01331000000162,0.3986689999998383
13.014980000001621,0.39850199999983715
13.016650000001622,0.398334999999836
13.018320000001623,0.39816799999983843
13.019990000001624,0.3980009999998373
13.021660000001624,0.39783399999983615
13.023330000001625,0.397666999999835
13.025000000001626,0.3974999999998339
13.026670000001626,0.39733299999983984
13.028340000001627,0.3971659999998387
13.030010000001628,0.39699899999983757
13.031680000001629,0.3968319999998364
13.03335000000163,0.3966649999998353
13.03502000000163,0.3964979999998377
13.03669000000163,0.39633099999983656
13.038360000001632,0.3961639999998354
13.040030000001632,0.3959969999998343
13.041700000001633,0.39582999999983315
13.043370000001634,0.3956629999998391
13.045040000001634,0.395495999999838
13.046710000001635,0.39532899999983684
13.048380000001636,0.3951619999998357
13.050050000001637,0.39499499999983456
13.051720000001637,0.394827999999837
13.053390000001638,0.39466099999983584
13.055060000001639,0.3944939999998347
13.05673000000164,0.39432699999983356
13.05840000000164,0.394159999999836
13.060070000001641,0.3939929999998384
13.061740000001642,0.39382599999983725
13.063410000001642,0.3936589999998361
13.065080000001643,0.393491999999835
13.066750000001644,0.39332499999983384
13.068420000001645,0.3931579999998327
13.070090000001645,0.3929909999998351
13.071760000001646,0.392823999999834
13.073430000001647,0.39265699999983283
13.075100000001648,0.39248999999983525
13.076770000001648,0.3923229999998341
13.078440000001649,0.3921559999998365
13.08011000000165,0.3919889999998354
13.08178000000165,0.39182199999983425
13.083450000001651,0.3916549999998331
13.085120000001652,0.39148799999983197
13.086790000001653,0.3913209999998344
13.088460000001653,0.39115399999983325
13.090130000001654,0.3909869999998321
13.091800000001655,0.3908199999998345
13.093470000001656,0.3906529999998334
13.095140000001656,0.3904859999998358
13.096810000001657,0.39031899999983466
13.098480000001658,0.3901519999998335
13.100150000001658,0.3899849999998324
13.10182000000166,0.38981799999983124
13.10349000000166,0.38965099999983366
13.10516000000166,0.3894839999998325
13.106830000001661,0.3893169999998314
13.108500000001662,0.3891499999998338
13.110170000001663,0.38898299999983266
13.111840000001663,0.38881599999983507
13.113510000001664,0.38864899999983393
13.115180000001665,0.3884819999998328
13.116850000001666,0.38831499999983166
13.118520000001666,0.3881479999998305
13.120190000001667,0.38798099999983293
13.121860000001668,0.3878139999998318
13.123530000001669,0.38764699999983065
13.12520000000167,0.38747999999983307
13.12687000000167,0.38731299999983193
13.12854000000167,0.38714599999983434
13.130210000001671,0.3869789999998332
13.131880000001672,0.38681199999983207
13.133550000001673,0.38664499999983093
13.135220000001674,0.3864779999998298
13.136890000001674,0.3863109999998322
13.138560000001675,0.38614399999983107
13.140230000001676,0.38597699999982993
13.141900000001677,0.38580999999983234
13.143570000001677,0.3856429999998312
13.145240000001678,0.3854759999998336
13.146910000001679,0.3853089999998325
13.14858000000168,0.38514199999983134
13.15025000000168,0.3849749999998302
13.151920000001681,0.38480799999982906
13.153590000001682,0.3846409999998315
13.155260000001682,0.38447399999983034
13.156930000001683,0.38430699999983275
13.158600000001684,0.3841399999998316
13.160270000001685,0.3839729999998305
13.161940000001685,0.3838059999998329
13.163610000001686,0.38363899999983175
13.165280000001687,0.3834719999998306
13.166950000001687,0.3833049999998295
13.168620000001688,0.38313799999982834
13.170290000001689,0.38297099999983075
13.17196000000169,0.3828039999998296
13.17363000000169,0.38263699999983203
13.175300000001691,0.3824699999998309
13.176970000001692,0.38230299999982975
13.178640000001693,0.38213599999983217
13.180310000001693,0.381968999999831
13.181980000001694,0.3818019999998299
13.183650000001695,0.38163499999982875
13.185320000001695,0.3814679999998276
13.186990000001696,0.38130099999983
13.188660000001697,0.3811339999998289
13.190330000001698,0.3809669999998313
13.192000000001698,0.38079999999983016
13.193670000001699,0.380632999999829
13.1953400000017,0.3804659999998279
13.1970100000017,0.3802989999998303
13.198680000001701,0.38013199999982916
13.200350000001702,0.379964999999828
13.202020000001703,0.3797979999998269
13.203690000001703,0.37963099999982575
13.205360000001704,0.37946399999982816
13.207030000001705,0.3792969999998306
13.208700000001706,0.37912999999982944
13.210370000001706,0.3789629999998283
13.212040000001707,0.37879599999982716
13.213710000001708,0.3786289999998296
13.215380000001709,0.37846199999982844
13.21705000000171,0.3782949999998273
13.21872000000171,0.37812799999982616
13.22039000000171,0.377960999999825
13.222060000001711,0.37779399999982743
13.223730000001712,0.37762699999982985
13.225400000001713,0.3774599999998287
13.227070000001714,0.37729299999982757
13.228740000001714,0.37712599999982643
13.230410000001715,0.37695899999982885
13.232080000001716,0.3767919999998277
13.233750000001717,0.37662499999982657
13.235420000001717,0.37645799999982543
13.237090000001718,0.3762909999998243
13.238760000001719,0.37612399999983026
13.24043000000172,0.3759569999998291
13.24210000000172,0.375789999999828
13.24377000000172,0.37562299999982685
13.245440000001722,0.3754559999998257
13.247110000001722,0.3752889999998281
13.248780000001723,0.375121999999827
13.250450000001724,0.37495499999982584
13.252120000001725,0.3747879999998247
13.253790000001725,0.37462099999982357
13.255460000001726,0.37445399999982953
13.257130000001727,0.3742869999998284
13.258800000001727,0.37411999999982726
13.260470000001728,0.3739529999998261
13.262140000001729,0.373785999999825
13.26381000000173,0.3736189999998274
13.26548000000173,0.37345199999982626
13.267150000001731,0.3732849999998251
13.268820000001732,0.373117999999824
13.270490000001733,0.37295099999982284
13.272160000001733,0.3727839999998288
13.273830000001734,0.37261699999982767
13.275500000001735,0.37244999999982653
13.277170000001735,0.3722829999998254
13.278840000001736,0.37211599999982425
13.280510000001737,0.37194899999982667
13.282180000001738,0.37178199999982553
13.283850000001738,0.3716149999998244
13.285520000001739,0.37144799999982325
13.28719000000174,0.3712809999998221
13.28886000000174,0.3711139999998281
13.290530000001741,0.37094699999982694
13.292200000001742,0.3707799999998258
13.293870000001743,0.37061299999982467
13.295540000001743,0.3704459999998271
13.297210000001744,0.37027899999982594
13.298880000001745,0.3701119999998248
13.300550000001746,0.36994499999982366
13.302220000001746,0.3697779999998225
13.303890000001747,0.36961099999982494
13.305560000001748,0.36944399999982735
13.307230000001748,0.3692769999998262
13.30890000000175,0.3691099999998251
13.31057000000175,0.36894299999982394
13.31224000000175,0.36877599999982635
13.313910000001751,0.3686089999998252
13.315580000001752,0.3684419999998241
13.317250000001753,0.36827499999982294
13.318920000001754,0.3681079999998218
13.320590000001754,0.3679409999998242
13.322260000001755,0.36777399999982663
13.323930000001756,0.3676069999998255
13.325600000001756,0.36743999999982435
13.327270000001757,0.3672729999998232
13.328940000001758,0.3671059999998256
13.330610000001759,0.3669389999998245
13.33228000000176,0.36677199999982335
13.33395000000176,0.3666049999998222
13.33562000000176,0.3664379999998211
13.337290000001762,0.36627099999982704
13.338960000001762,0.3661039999998259
13.340630000001763,0.36593699999982476
13.342300000001764,0.3657699999998236
13.343970000001764,0.3656029999998225
13.345640000001765,0.3654359999998249
13.347310000001766,0.36526899999982376
13.348980000001767,0.3651019999998226
13.350650000001767,0.3649349999998215
13.352320000001768,0.36476799999982035
13.353990000001769,0.3646009999998263
13.35566000000177,0.3644339999998252
13.35733000000177,0.36426699999982404
13.359000000001771,0.3640999999998229
13.360670000001772,0.36393299999982176
13.362340000001772,0.3637659999998242
13.364010000001773,0.36359899999982304
13.365680000001774,0.3634319999998219
13.367350000001775,0.36326499999982076
13.369020000001775,0.3630979999998196
13.370690000001776,0.3629309999998256
13.372360000001777,0.36276399999982445
13.374030000001778,0.3625969999998233
13.375700000001778,0.36242999999982217
13.377370000001779,0.3622629999998246
13.37904000000178,0.36209599999982345
13.38071000000178,0.3619289999998223
13.382380000001781,0.36176199999982117
13.384050000001782,0.36159499999982003
13.385720000001783,0.36142799999982245
13.387390000001783,0.36126099999982486
13.389060000001784,0.3610939999998237
13.390730000001785,0.3609269999998226
13.392400000001786,0.36075999999982145
13.394070000001786,0.36059299999982386
13.395740000001787,0.3604259999998227
13.397410000001788,0.3602589999998216
13.399080000001788,0.36009199999982044
13.40075000000179,0.3599249999998193
13.40242000000179,0.3597579999998217
13.40409000000179,0.35959099999982413
13.405760000001791,0.359423999999823
13.407430000001792,0.35925699999982186
13.409100000001793,0.3590899999998207
13.410770000001794,0.35892299999982313
13.412440000001794,0.358755999999822
13.414110000001795,0.35858899999982086
13.415780000001796,0.3584219999998197
13.417450000001796,0.3582549999998186
13.419120000001797,0.358087999999821
13.420790000001798,0.3579209999998234
13.422460000001799,0.35775399999982227
13.4241300000018,0.35758699999982113
13.4258000000018,0.35741999999982
13.4274700000018,0.3572529999998224
13.429140000001802,0.35708599999982127
13.430810000001802,0.35691899999982013
13.432480000001803,0.356751999999819
13.434150000001804,0.35658499999981785
13.435820000001804,0.3564179999998238
13.437490000001805,0.3562509999998227
13.439160000001806,0.35608399999982154
13.440830000001807,0.3559169999998204
13.442500000001807,0.35574999999981927
13.444170000001808,0.3555829999998217
13.445840000001809,0.35541599999982054
13.44751000000181,0.3552489999998194
13.44918000000181,0.35508199999981827
13.450850000001811,0.3549149999998171
13.452520000001812,0.3547479999998231
13.454190000001812,0.35458099999982196
13.455860000001813,0.3544139999998208
13.457530000001814,0.3542469999998197
13.459200000001815,0.3540799999998221
13.460870000001815,0.35391299999982095
13.462540000001816,0.3537459999998198
13.464210000001817,0.3535789999998187
13.465880000001818,0.35341199999981754
13.467550000001818,0.35324499999981995
13.469220000001819,0.35307799999982237
13.47089000000182,0.35291099999982123
13.47256000000182,0.3527439999998201
13.474230000001821,0.35257699999981895
13.475900000001822,0.35240999999982137
13.477570000001823,0.3522429999998202
13.479240000001823,0.3520759999998191
13.480910000001824,0.35190899999981795
13.482580000001825,0.3517419999998168
13.484250000001825,0.3515749999998192
13.485920000001826,0.35140799999982164
13.487590000001827,0.3512409999998205
13.489260000001828,0.35107399999981936
13.490930000001828,0.3509069999998182
13.49260000000183,0.35073999999982064
13.49427000000183,0.3505729999998195
13.49594000000183,0.35040599999981836
13.497610000001831,0.3502389999998172
13.499280000001832,0.3500719999998161
13.500950000001833,0.3499049999998185
13.502620000001833,0.3497379999998209
13.504290000001834,0.3495709999998198
13.505960000001835,0.34940399999981864
13.507630000001836,0.3492369999998175
13.509300000001836,0.3490699999998199
13.510970000001837,0.3489029999998188
13.512640000001838,0.34873599999981764
13.514310000001839,0.3485689999998165
13.51598000000184,0.34840199999981536
13.51765000000184,0.3482349999998178
13.51932000000184,0.3480679999998202
13.520990000001841,0.34790099999981905
13.522660000001842,0.3477339999998179
13.524330000001843,0.3475669999998168
13.526000000001844,0.3473999999998192
13.527670000001844,0.34723299999981805
13.529340000001845,0.3470659999998169
13.531010000001846,0.34689899999981577
13.532680000001847,0.34673199999981463
13.534350000001847,0.3465649999998206
13.536020000001848,0.34639799999981946
13.537690000001849,0.3462309999998183
13.53936000000185,0.3460639999998172
13.54103000000185,0.34589699999981605
13.542700000001851,0.34572999999981846
13.544370000001852,0.3455629999998173
13.546040000001852,0.3453959999998162
13.547710000001853,0.34522899999981504
13.549380000001854,0.3450619999998139
13.551050000001855,0.3448949999998199
13.552720000001855,0.34472799999981873
13.554390000001856,0.3445609999998176
13.556060000001857,0.34439399999981646
13.557730000001857,0.3442269999998153
13.559400000001858,0.34405999999981773
13.561070000001859,0.3438929999998166
13.56274000000186,0.34372599999981546
13.56441000000186,0.3435589999998143
13.566080000001861,0.3433919999998132
13.567750000001862,0.3432249999998156
13.569420000001863,0.343057999999818
13.571090000001863,0.34289099999981687
13.572760000001864,0.34272399999981573
13.574430000001865,0.3425569999998146
13.576100000001865,0.34238999999981345
13.577770000001866,0.34222299999981587
13.579440000001867,0.34205599999981473
13.581110000001868,0.3418889999998136
13.582780000001868,0.34172199999981245
13.584450000001869,0.34155499999981487
13.58612000000187,0.3413879999998173
13.58779000000187,0.34122099999981614
13.589460000001871,0.341053999999815
13.591130000001872,0.34088699999981387
13.592800000001873,0.34071999999981273
13.594470000001873,0.34055299999981514
13.596140000001874,0.340385999999814
13.597810000001875,0.34021899999981287
13.599480000001876,0.3400519999998117
13.601150000001876,0.33988499999981414
13.602820000001877,0.33971799999981656
13.604490000001878,0.3395509999998154
13.606160000001879,0.3393839999998143
13.60783000000188,0.33921699999981314
13.60950000000188,0.339049999999812
13.61117000000188,0.3388829999998144
13.612840000001881,0.3387159999998133
13.614510000001882,0.33854899999981214
13.616180000001883,0.338381999999811
13.617850000001884,0.3382149999998134
13.619520000001884,0.33804799999981583
13.621190000001885,0.3378809999998147
13.622860000001886,0.33771399999981355
13.624530000001887,0.3375469999998124
13.626200000001887,0.3373799999998113
13.627870000001888,0.3372129999998137
13.629540000001889,0.33704599999981255
13.63121000000189,0.3368789999998114
13.63288000000189,0.3367119999998138
13.63455000000189,0.3365449999998127
13.636220000001892,0.3363779999998151
13.637890000001892,0.33621099999981396
13.639560000001893,0.3360439999998128
13.641230000001894,0.3358769999998117
13.642900000001895,0.33570999999981055
13.644570000001895,0.33554299999981296
13.646240000001896,0.3353759999998118
13.647910000001897,0.3352089999998107
13.649580000001897,0.3350419999998131
13.651250000001898,0.33487499999981196
13.652920000001899,0.3347079999998144
13.6545900000019,0.33454099999981324
13.6562600000019,0.3343739999998121
13.657930000001901,0.33420699999981096
13.659600000001902,0.3340399999998098
13.661270000001903,0.33387299999981224
13.662940000001903,0.3337059999998111
13.664610000001904,0.33353899999980996
13.666280000001905,0.3333719999998124
13.667950000001905,0.33320499999981124
13.669620000001906,0.33303799999981365
13.671290000001907,0.3328709999998125
13.672960000001908,0.3327039999998114
13.674630000001908,0.33253699999981023
13.676300000001909,0.3323699999998091
13.67797000000191,0.3322029999998115
13.67964000000191,0.33203599999981037
13.681310000001911,0.33186899999980923
13.682980000001912,0.33170199999981165
13.684650000001913,0.3315349999998105
13.686320000001913,0.33136799999980937
13.687990000001914,0.3312009999998118
13.689660000001915,0.33103399999981065
13.691330000001916,0.3308669999998095
13.693000000001916,0.33069999999980837
13.694670000001917,0.33053299999980723
13.696340000001918,0.33036599999980965
13.698010000001918,0.3301989999998085
13.69968000000192,0.33003199999980737
13.70135000000192,0.3298649999998098
13.70302000000192,0.32969799999980864
13.704690000001921,0.32953099999981106
13.706360000001922,0.3293639999998099
13.708030000001923,0.3291969999998088
13.709700000001924,0.32902999999980764
13.711370000001924,0.3288629999998065
13.713040000001925,0.3286959999998089
13.714710000001926,0.3285289999998078
13.716380000001926,0.32836199999980664
13.718050000001927,0.32819499999980906
13.719720000001928,0.3280279999998079
13.721390000001929,0.32786099999981033
13.72306000000193,0.3276939999998092
13.72473000000193,0.32752699999980806
13.72640000000193,0.3273599999998069
13.728070000001932,0.3271929999998058
13.729740000001932,0.3270259999998082
13.731410000001933,0.32685899999980705
13.733080000001934,0.3266919999998059
13.734750000001934,0.32652499999980833
13.736420000001935,0.3263579999998072
13.738090000001936,0.3261909999998096
13.739760000001937,0.32602399999980847
13.741430000001937,0.32585699999980733
13.743100000001938,0.3256899999998062
13.744770000001939,0.32552299999980505
13.74644000000194,0.32535599999980747
13.74811000000194,0.3251889999998063
13.749780000001941,0.3250219999998052
13.751450000001942,0.32485499999980405
13.753120000001942,0.32468799999980646
13.754790000001943,0.3245209999998089
13.756460000001944,0.32435399999980774
13.758130000001945,0.3241869999998066
13.759800000001945,0.32401999999980546
13.761470000001946,0.3238529999998043
13.763140000001947,0.32368599999980674
13.764810000001948,0.3235189999998056
13.766480000001948,0.32335199999980446
13.768150000001949,0.3231849999998033
13.76982000000195,0.32301799999980574
13.77149000000195,0.32285099999980815
13.773160000001951,0.322683999999807
13.774830000001952,0.3225169999998059
13.776500000001953,0.32234999999980474
13.778170000001953,0.3221829999998036
13.779840000001954,0.322015999999806
13.781510000001955,0.3218489999998049
13.783180000001956,0.32168199999980374
13.784850000001956,0.3215149999998026
13.786520000001957,0.321347999999805
13.788190000001958,0.3211809999998074
13.789860000001958,0.3210139999998063
13.79153000000196,0.32084699999980515
13.79320000000196,0.320679999999804
13.79487000000196,0.3205129999998064
13.796540000001961,0.3203459999998053
13.798210000001962,0.32017899999980415
13.799880000001963,0.320011999999803
13.801550000001964,0.31984499999980187
13.803220000001964,0.3196779999998043
13.804890000001965,0.3195109999998067
13.806560000001966,0.31934399999980556
13.808230000001966,0.3191769999998044
13.809900000001967,0.3190099999998033
13.811570000001968,0.3188429999998057
13.813240000001969,0.31867599999980456
13.81491000000197,0.3185089999998034
13.81658000000197,0.3183419999998023
13.81825000000197,0.31817499999980114
13.819920000001972,0.31800799999980356
13.821590000001972,0.317840999999806
13.823260000001973,0.31767399999980483
13.824930000001974,0.3175069999998037
13.826600000001974,0.31733999999980256
13.828270000001975,0.31717299999980497
13.829940000001976,0.31700599999980383
13.831610000001977,0.3168389999998027
13.833280000001977,0.31667199999980156
13.834950000001978,0.3165049999998004
13.836620000001979,0.31633799999980283
13.83829000000198,0.31617099999980525
13.83996000000198,0.3160039999998041
13.841630000001981,0.31583699999980297
13.843300000001982,0.31566999999980183
13.844970000001982,0.31550299999980425
13.846640000001983,0.3153359999998031
13.848310000001984,0.31516899999980197
13.849980000001985,0.31500199999980083
13.851650000001985,0.3148349999997997
13.853320000001986,0.3146679999998021
13.854990000001987,0.31450099999980097
13.856660000001987,0.3143339999998034
13.858330000001988,0.31416699999980224
13.860000000001989,0.3139999999998011
13.86167000000199,0.3138329999998035
13.86334000000199,0.3136659999998024
13.865010000001991,0.31349899999980124
13.866680000001992,0.3133319999998001
13.868350000001993,0.31316499999979897
13.870020000001993,0.3129979999998014
13.871690000001994,0.31283099999980024
13.873360000001995,0.31266399999980266
13.875030000001995,0.3124969999998015
13.876700000001996,0.31232999999980393
13.878370000001997,0.3121629999998028
13.880040000001998,0.31199599999980165
13.881710000001998,0.3118289999998005
13.883380000002,0.3116619999997994
13.885050000002,0.3114949999998018
13.886720000002,0.31132799999980065
13.888390000002001,0.3111609999997995
13.890060000002002,0.31099399999980193
13.891730000002003,0.3108269999998008
13.893400000002003,0.3106599999998032
13.895070000002004,0.31049299999980207
13.896740000002005,0.3103259999998009
13.898410000002006,0.3101589999997998
13.900080000002006,0.30999199999979865
13.901750000002007,0.30982499999980107
13.903420000002008,0.3096579999997999
13.905090000002009,0.3094909999997988
13.90676000000201,0.30932399999979765
13.90843000000201,0.30915699999980006
13.91010000000201,0.3089899999998025
13.911770000002011,0.30882299999980134
13.913440000002012,0.3086559999998002
13.915110000002013,0.30848899999979906
13.916780000002014,0.3083219999997979
13.918450000002014,0.30815499999980034
13.920120000002015,0.3079879999997992
13.921790000002016,0.30782099999979806
13.923460000002017,0.3076539999997969
13.925130000002017,0.30748699999979934
13.926800000002018,0.30731999999980175
13.928470000002019,0.3071529999998006
13.93014000000202,0.3069859999997995
13.93181000000202,0.30681899999979834
13.933480000002021,0.3066519999997972
13.935150000002022,0.3064849999997996
13.936820000002022,0.3063179999997985
13.938490000002023,0.30615099999979734
13.940160000002024,0.3059839999997962
13.941830000002025,0.3058169999997986
13.943500000002025,0.305649999999801
13.945170000002026,0.3054829999997999
13.946840000002027,0.30531599999979875
13.948510000002027,0.3051489999997976
13.950180000002028,0.30498199999979647
13.951850000002029,0.3048149999997989
13.95352000000203,0.30464799999979775
13.95519000000203,0.3044809999997966
13.956860000002031,0.30431399999979547
13.958530000002032,0.30414699999979433
13.960200000002033,0.3039799999998003
13.961870000002033,0.30381299999979916
13.963540000002034,0.303645999999798
13.965210000002035,0.3034789999997969
13.966880000002035,0.3033119999997993
13.968550000002036,0.30314499999979816
13.970220000002037,0.302977999999797
13.971890000002038,0.3028109999997959
13.973560000002038,0.30264399999979474
13.975230000002039,0.30247699999979716
13.97690000000204,0.3023099999997996
13.97857000000204,0.30214299999979843
13.980240000002041,0.3019759999997973
13.981910000002042,0.30180899999979616
13.983580000002043,0.30164199999979857
13.985250000002043,0.30147499999979743
13.986920000002044,0.3013079999997963
13.988590000002045,0.30114099999979516
13.990260000002046,0.300973999999794
13.991930000002046,0.30080699999979643
13.993600000002047,0.30063999999979885
13.995270000002048,0.3004729999997977
13.996940000002049,0.30030599999979657
13.99861000000205,0.30013899999979543
14.00028000000205,0.2999439999995914
14.00195000000205,0.2996099999995927
14.003620000002051,0.299275999999594
14.005290000002052,0.2989419999995917
14.006960000002053,0.298607999999593
14.008630000002054,0.2982739999995907
14.010300000002054,0.297939999999592
14.011970000002055,0.2976059999995897
14.013640000002056,0.297271999999591
14.015310000002057,0.29693799999959225
14.016980000002057,0.29660399999959
14.018650000002058,0.29626999999959125
14.020320000002059,0.2959359999995925
14.02199000000206,0.29560199999959025
14.02366000000206,0.2952679999995915
14.02533000000206,0.29493399999958925
14.027000000002062,0.2945999999995905
14.028670000002062,0.29426599999958825
14.030340000002063,0.2939319999995895
14.032010000002064,0.2935979999995908
14.033680000002065,0.2932639999995885
14.035350000002065,0.2929299999995898
14.037020000002066,0.29259599999959107
14.038690000002067,0.2922619999995888
14.040360000002067,0.29192799999959007
14.042030000002068,0.2915939999995878
14.043700000002069,0.29125999999958907
14.04537000000207,0.2909259999995868
14.04704000000207,0.29059199999958807
14.048710000002071,0.29025799999958934
14.050380000002072,0.28992399999958707
14.052050000002072,0.28958999999958834
14.053720000002073,0.2892559999995896
14.055390000002074,0.28892199999958734
14.057060000002075,0.28858799999958507
14.058730000002075,0.28825399999958634
14.060400000002076,0.2879199999995876
14.062070000002077,0.28758599999958534
14.063740000002078,0.2872519999995866
14.065410000002078,0.2869179999995879
14.067080000002079,0.2865839999995856
14.06875000000208,0.2862499999995869
14.07042000000208,0.28591599999958817
14.072090000002081,0.2855819999995859
14.073760000002082,0.2852479999995836
14.075430000002083,0.2849139999995849
14.077100000002083,0.28457999999958616
14.078770000002084,0.2842459999995839
14.080440000002085,0.28391199999958516
14.082110000002086,0.28357799999958644
14.083780000002086,0.28324399999958416
14.085450000002087,0.28290999999958544
14.087120000002088,0.2825759999995867
14.088790000002088,0.28224199999958444
14.09046000000209,0.28190799999958216
14.09213000000209,0.28157399999958344
14.09380000000209,0.2812399999995847
14.095470000002091,0.28090599999958243
14.097140000002092,0.2805719999995837
14.098810000002093,0.280237999999585
14.100480000002094,0.2799039999995827
14.102150000002094,0.279569999999584
14.103820000002095,0.27923599999958526
14.105490000002096,0.278901999999583
14.107160000002096,0.2785679999995807
14.108830000002097,0.278233999999582
14.110500000002098,0.27789999999958326
14.112170000002099,0.277565999999581
14.1138400000021,0.27723199999958226
14.1155100000021,0.27689799999958353
14.1171800000021,0.27656399999958126
14.118850000002102,0.27622999999958253
14.120520000002102,0.2758959999995838
14.122190000002103,0.27556199999958153
14.123860000002104,0.27522799999957925
14.125530000002104,0.27489399999958053
14.127200000002105,0.2745599999995818
14.128870000002106,0.27422599999957953
14.130540000002107,0.2738919999995808
14.132210000002107,0.2735579999995821
14.133880000002108,0.2732239999995798
14.135550000002109,0.2728899999995811
14.13722000000211,0.27255599999958235
14.13889000000211,0.2722219999995801
14.140560000002111,0.2718879999995778
14.142230000002112,0.2715539999995791
14.143900000002112,0.27121999999958035
14.145570000002113,0.2708859999995781
14.147240000002114,0.27055199999957935
14.148910000002115,0.2702179999995806
14.150580000002115,0.26988399999957835
14.152250000002116,0.2695499999995796
14.153920000002117,0.2692159999995809
14.155590000002118,0.26888199999957507
14.157260000002118,0.26854799999957635
14.158930000002119,0.2682139999995776
14.16060000000212,0.2678799999995789
14.16227000000212,0.2675459999995766
14.163940000002121,0.2672119999995779
14.165610000002122,0.2668779999995792
14.167280000002123,0.2665439999995769
14.168950000002123,0.2662099999995782
14.170620000002124,0.26587599999957945
14.172290000002125,0.2655419999995736
14.173960000002126,0.2652079999995749
14.175630000002126,0.26487399999957617
14.177300000002127,0.26453999999957745
14.178970000002128,0.26420599999957517
14.180640000002128,0.26387199999957645
14.18231000000213,0.2635379999995777
14.18398000000213,0.26320399999957544
14.18565000000213,0.2628699999995767
14.187320000002131,0.262535999999578
14.188990000002132,0.26220199999957217
14.190660000002133,0.26186799999957344
14.192330000002134,0.2615339999995747
14.194000000002134,0.261199999999576
14.195670000002135,0.2608659999995737
14.197340000002136,0.260531999999575
14.199010000002136,0.26019799999957627
14.200680000002137,0.259863999999574
14.202350000002138,0.25952999999957527
14.204020000002139,0.25919599999957654
14.20569000000214,0.2588619999995707
14.20736000000214,0.258527999999572
14.20903000000214,0.25819399999957326
14.210700000002142,0.25785999999957454
14.212370000002142,0.25752599999957226
14.214040000002143,0.25719199999957354
14.215710000002144,0.2568579999995748
14.217380000002144,0.25652399999957254
14.219050000002145,0.2561899999995738
14.220720000002146,0.2558559999995751
14.222390000002147,0.25552199999956926
14.224060000002147,0.25518799999957054
14.225730000002148,0.2548539999995718
14.227400000002149,0.2545199999995731
14.22907000000215,0.2541859999995708
14.23074000000215,0.2538519999995721
14.232410000002151,0.25351799999957336
14.234080000002152,0.2531839999995711
14.235750000002152,0.25284999999957236
14.237420000002153,0.25251599999957364
14.239090000002154,0.2521819999995678
14.240760000002155,0.2518479999995691
14.242430000002155,0.25151399999957036
14.244100000002156,0.25117999999957163
14.245770000002157,0.25084599999956936
14.247440000002157,0.25051199999957063
14.249110000002158,0.2501779999995719
14.250780000002159,0.24984399999956963
14.25245000000216,0.2495099999995709
14.25412000000216,0.24917599999956863
14.255790000002161,0.2488419999995699
14.257460000002162,0.24850799999956763
14.259130000002163,0.2481739999995689
14.260800000002163,0.24783999999957018
14.262470000002164,0.2475059999995679
14.264140000002165,0.24717199999956918
14.265810000002165,0.24683799999957046
14.267480000002166,0.24650399999956818
14.269150000002167,0.24616999999956946
14.270820000002168,0.24583599999956718
14.272490000002168,0.24550199999956845
14.27416000000217,0.24516799999956618
14.27583000000217,0.24483399999956745
14.27750000000217,0.24449999999956873
14.279170000002171,0.24416599999956645
14.280840000002172,0.24383199999956773
14.282510000002173,0.243497999999569
14.284180000002173,0.24316399999956673
14.285850000002174,0.242829999999568
14.287520000002175,0.24249599999956573
14.289190000002176,0.242161999999567
14.290860000002176,0.24182799999956472
14.292530000002177,0.241493999999566
14.294200000002178,0.24115999999956728
14.295870000002179,0.240825999999565
14.29754000000218,0.24049199999956627
14.29921000000218,0.24015799999956755
14.30088000000218,0.23982399999956527
14.302550000002181,0.23948999999956655
14.304220000002182,0.23915599999956427
14.305890000002183,0.23882199999956555
14.307560000002184,0.23848799999956327
14.309230000002184,0.23815399999956455
14.310900000002185,0.23781999999956582
14.312570000002186,0.23748599999956355
14.314240000002187,0.23715199999956482
14.315910000002187,0.2368179999995661
14.317580000002188,0.23648399999956382
14.319250000002189,0.2361499999995651
14.32092000000219,0.23581599999956282
14.32259000000219,0.2354819999995641
14.324260000002191,0.23514799999956182
14.325930000002192,0.2348139999995631
14.327600000002192,0.23447999999956437
14.329270000002193,0.2341459999995621
14.330940000002194,0.23381199999956337
14.332610000002195,0.23347799999956464
14.334280000002195,0.23314399999956237
14.335950000002196,0.2328099999995601
14.337620000002197,0.23247599999956137
14.339290000002197,0.23214199999956264
14.340960000002198,0.23180799999956037
14.342630000002199,0.23147399999956164
14.3443000000022,0.23113999999956292
14.3459700000022,0.23080599999956064
14.347640000002201,0.23047199999956192
14.349310000002202,0.2301379999995632
14.350980000002203,0.22980399999956092
14.352650000002203,0.22946999999955864
14.354320000002204,0.22913599999955991
14.355990000002205,0.2288019999995612
14.357660000002205,0.2284679999995589
14.359330000002206,0.2281339999995602
14.361000000002207,0.22779999999956146
14.362670000002208,0.2274659999995592
14.364340000002208,0.22713199999956046
14.366010000002209,0.22679799999956174
14.36768000000221,0.22646399999955946
14.36935000000221,0.22612999999955719
14.371020000002211,0.22579599999955846
14.372690000002212,0.22546199999955974
14.374360000002213,0.22512799999955746
14.376030000002213,0.22479399999955874
14.377700000002214,0.22445999999956
14.379370000002215,0.22412599999955773
14.381040000002216,0.223791999999559
14.382710000002216,0.2234579999995603
14.384380000002217,0.223123999999558
14.386050000002218,0.22278999999955573
14.387720000002219,0.222455999999557
14.38939000000222,0.22212199999955828
14.39106000000222,0.221787999999556
14.39273000000222,0.22145399999955728
14.394400000002221,0.22111999999955856
14.396070000002222,0.22078599999955628
14.397740000002223,0.22045199999955756
14.399410000002224,0.22011799999955883
14.401080000002224,0.21978399999955656
14.402750000002225,0.21944999999955428
14.404420000002226,0.21911599999955556
14.406090000002227,0.21878199999955683
14.407760000002227,0.21844799999955455
14.409430000002228,0.21811399999955583
14.411100000002229,0.2177799999995571
14.41277000000223,0.21744599999955483
14.41444000000223,0.2171119999995561
14.41611000000223,0.21677799999955738
14.417780000002232,0.2164439999995551
14.419450000002232,0.21610999999955283
14.421120000002233,0.2157759999995541
14.422790000002234,0.21544199999955538
14.424460000002234,0.2151079999995531
14.426130000002235,0.21477399999955438
14.427800000002236,0.21443999999955565
14.429470000002237,0.21410599999955338
14.431140000002237,0.21377199999955465
14.432810000002238,0.21343799999955593
14.434480000002239,0.2131039999995501
14.43615000000224,0.21276999999955137
14.43782000000224,0.21243599999955265
14.439490000002241,0.21210199999955393
14.441160000002242,0.21176799999955165
14.442830000002242,0.21143399999955292
14.444500000002243,0.2110999999995542
14.446170000002244,0.21076599999955192
14.447840000002245,0.2104319999995532
14.449510000002245,0.21009799999955447
14.451180000002246,0.20976399999954864
14.452850000002247,0.20942999999954992
14.454520000002248,0.2090959999995512
14.456190000002248,0.20876199999955247
14.457860000002249,0.2084279999995502
14.45953000000225,0.20809399999955147
14.46120000000225,0.20775999999955275
14.462870000002251,0.20742599999955047
14.464540000002252,0.20709199999955175
14.466210000002253,0.20675799999955302
14.467880000002253,0.2064239999995472
14.469550000002254,0.20608999999954847
14.471220000002255,0.20575599999954974
14.472890000002256,0.20542199999955102
14.474560000002256,0.20508799999954874
14.476230000002257,0.20475399999955002
14.477900000002258,0.2044199999995513
14.479570000002258,0.20408599999954902
14.48124000000226,0.2037519999995503
14.48291000000226,0.20341799999955157
14.48458000000226,0.20308399999954574
14.486250000002261,0.20274999999954701
14.487920000002262,0.2024159999995483
14.489590000002263,0.20208199999954957
14.491260000002264,0.2017479999995473
14.492930000002264,0.20141399999954857
14.494600000002265,0.20107999999954984
14.496270000002266,0.20074599999954756
14.497940000002266,0.20041199999954884
14.499610000002267,0.20007799999955012
14.501280000002268,0.19974399999954429
14.502950000002269,0.19940999999954556
14.50462000000227,0.19907599999954684
14.50629000000227,0.1987419999995481
14.50796000000227,0.19840799999954584
14.509630000002272,0.1980739999995471
14.511300000002272,0.1977399999995484
14.512970000002273,0.1974059999995461
14.514640000002274,0.1970719999995474
14.516310000002274,0.19673799999954866
14.517980000002275,0.19640399999954639
14.519650000002276,0.1960699999995441
14.521320000002277,0.19573599999954538
14.522990000002277,0.19540199999954666
14.524660000002278,0.19506799999954438
14.526330000002279,0.19473399999954566
14.52800000000228,0.19439999999954694
14.52967000000228,0.19406599999954466
14.531340000002281,0.19373199999954593
14.533010000002282,0.19339799999954366
14.534680000002282,0.19306399999954493
14.536350000002283,0.19272999999954266
14.538020000002284,0.19239599999954393
14.539690000002285,0.1920619999995452
14.541360000002285,0.19172799999954293
14.543030000002286,0.1913939999995442
14.544700000002287,0.19105999999954548
14.546370000002288,0.1907259999995432
14.548040000002288,0.19039199999954448
14.549710000002289,0.1900579999995422
14.55138000000229,0.18972399999954348
14.55305000000229,0.1893899999995412
14.554720000002291,0.18905599999954248
14.556390000002292,0.18872199999954375
14.558060000002293,0.18838799999954148
14.559730000002293,0.18805399999954275
14.561400000002294,0.18771999999954403
14.563070000002295,0.18738599999954175
14.564740000002296,0.18705199999954303
14.566410000002296,0.18671799999954075
14.568080000002297,0.18638399999954203
14.569750000002298,0.18604999999953975
14.571420000002298,0.18571599999954103
14.5730900000023,0.1853819999995423
14.5747600000023,0.18504799999954002
14.5764300000023,0.1847139999995413
14.578100000002301,0.18437999999954258
14.579770000002302,0.1840459999995403
14.581440000002303,0.18371199999954158
14.583110000002304,0.1833779999995393
14.584780000002304,0.18304399999954057
14.586450000002305,0.1827099999995383
14.588120000002306,0.18237599999953957
14.589790000002306,0.18204199999954085
14.591460000002307,0.18170799999953857
14.593130000002308,0.18137399999953985
14.594800000002309,0.18103999999954112
14.59647000000231,0.18070599999953885
14.59814000000231,0.18037199999954012
14.59981000000231,0.18003799999953785
14.601480000002311,0.17970399999953912
14.603150000002312,0.17936999999953684
14.604820000002313,0.17903599999953812
14.606490000002314,0.1787019999995394
14.608160000002314,0.17836799999953712
14.609830000002315,0.1780339999995384
14.611500000002316,0.17769999999953967
14.613170000002317,0.1773659999995374
14.614840000002317,0.17703199999953867
14.616510000002318,0.1766979999995364
14.618180000002319,0.17636399999953767
14.61985000000232,0.1760299999995354
14.62152000000232,0.17569599999953667
14.623190000002321,0.17536199999953794
14.624860000002322,0.17502799999953567
14.626530000002322,0.17469399999953694
14.628200000002323,0.17435999999953822
14.629870000002324,0.17402599999953594
14.631540000002325,0.17369199999953366
14.633210000002325,0.17335799999953494
14.634880000002326,0.17302399999953622
14.636550000002327,0.17268999999953394
14.638220000002327,0.17235599999953521
14.639890000002328,0.1720219999995365
14.641560000002329,0.1716879999995342
14.64323000000233,0.1713539999995355
14.64490000000233,0.17101999999953676
14.646570000002331,0.1706859999995345
14.648240000002332,0.1703519999995322
14.649910000002333,0.1700179999995335
14.651580000002333,0.16968399999953476
14.653250000002334,0.16934999999953249
14.654920000002335,0.16901599999953376
14.656590000002335,0.16868199999953504
14.658260000002336,0.16834799999953276
14.659930000002337,0.16801399999953404
14.661600000002338,0.1676799999995353
14.663270000002338,0.16734599999953303
14.664940000002339,0.16701199999953076
14.66661000000234,0.16667799999953203
14.66828000000234,0.1663439999995333
14.669950000002341,0.16600999999953103
14.671620000002342,0.1656759999995323
14.673290000002343,0.16534199999953358
14.674960000002343,0.1650079999995313
14.676630000002344,0.16467399999953258
14.678300000002345,0.16433999999953386
14.679970000002346,0.16400599999953158
14.681640000002346,0.1636719999995293
14.683310000002347,0.16333799999953058
14.684980000002348,0.16300399999953186
14.686650000002349,0.16266999999952958
14.68832000000235,0.16233599999953086
14.68999000000235,0.16200199999953213
14.69166000000235,0.16166799999952985
14.693330000002351,0.16133399999953113
14.695000000002352,0.1609999999995324
14.696670000002353,0.16066599999953013
14.698340000002354,0.1603319999995314
14.700010000002354,0.15999799999952913
14.701680000002355,0.1596639999995304
14.703350000002356,0.15932999999952813
14.705020000002357,0.1589959999995294
14.706690000002357,0.15866199999953068
14.708360000002358,0.1583279999995284
14.710030000002359,0.15799399999952968
14.71170000000236,0.15765999999953095
14.71337000000236,0.15732599999952868
14.715040000002361,0.15699199999952995
14.716710000002362,0.15665799999952768
14.718380000002362,0.15632399999952895
14.720050000002363,0.15598999999952667
14.721720000002364,0.15565599999952795
14.723390000002365,0.15532199999952923
14.725060000002365,0.15498799999952695
14.726730000002366,0.15465399999952822
14.728400000002367,0.1543199999995295
14.730070000002367,0.15398599999952722
14.731740000002368,0.1536519999995285
14.733410000002369,0.15331799999952622
14.73508000000237,0.1529839999995275
14.73675000000237,0.15264999999952522
14.738420000002371,0.1523159999995265
14.740090000002372,0.15198199999952777
14.741760000002373,0.1516479999995255
14.743430000002373,0.15131399999952677
14.745100000002374,0.15097999999952805
14.746770000002375,0.15064599999952932
14.748440000002375,0.15031199999952705
14.750110000002376,0.14997799999952832
14.751780000002377,0.14964399999952605
14.753450000002378,0.14930999999952377
14.755120000002378,0.14897599999952504
14.756790000002379,0.14864199999952632
14.75846000000238,0.14830799999952404
14.76013000000238,0.14797399999952532
14.761800000002381,0.1476399999995266
14.763470000002382,0.14730599999952787
14.765140000002383,0.1469719999995256
14.766810000002383,0.14663799999952687
14.768480000002384,0.1463039999995246
14.770150000002385,0.14596999999952232
14.771820000002386,0.1456359999995236
14.773490000002386,0.14530199999952487
14.775160000002387,0.1449679999995226
14.776830000002388,0.14463399999952387
14.778500000002389,0.14429999999952514
14.78017000000239,0.14396599999952642
14.78184000000239,0.14363199999952414
14.78351000000239,0.14329799999952542
14.785180000002391,0.14296399999952314
14.786850000002392,0.14262999999952086
14.788520000002393,0.14229599999952214
14.790190000002394,0.1419619999995234
14.791860000002394,0.14162799999952114
14.793530000002395,0.1412939999995224
14.795200000002396,0.1409599999995237
14.796870000002396,0.14062599999952496
14.798540000002397,0.1402919999995227
14.800210000002398,0.13995799999952396
14.801880000002399,0.13962399999952524
14.8035500000024,0.1392899999995194
14.8052200000024,0.13895599999952069
14.8068900000024,0.13862199999952196
14.808560000002402,0.13828799999951968
14.810230000002402,0.13795399999952096
14.811900000002403,0.13761999999952224
14.813570000002404,0.1372859999995235
14.815240000002404,0.13695199999952123
14.816910000002405,0.1366179999995225
14.818580000002406,0.13628399999952379
14.820250000002407,0.13594999999951796
14.821920000002407,0.13561599999951923
14.823590000002408,0.1352819999995205
14.825260000002409,0.13494799999951823
14.82693000000241,0.1346139999995195
14.82860000000241,0.13427999999952078
14.830270000002411,0.13394599999952206
14.831940000002412,0.13361199999951978
14.833610000002412,0.13327799999952106
14.835280000002413,0.13294399999952233
14.836950000002414,0.1326099999995165
14.838620000002415,0.13227599999951778
14.840290000002415,0.13194199999951906
14.841960000002416,0.13160799999951678
14.843630000002417,0.13127399999951805
14.845300000002418,0.13093999999951933
14.846970000002418,0.1306059999995206
14.848640000002419,0.13027199999951833
14.85031000000242,0.1299379999995196
14.85198000000242,0.12960399999952088
14.853650000002421,0.1292699999995186
14.855320000002422,0.12893599999951633
14.856990000002423,0.1286019999995176
14.858660000002423,0.12826799999951533
14.860330000002424,0.1279339999995166
14.862000000002425,0.12759999999951788
14.863670000002426,0.12726599999951915
14.865340000002426,0.12693199999951688
14.867010000002427,0.12659799999951815
14.868680000002428,0.12626399999951943
14.870350000002428,0.12592999999951715
14.87202000000243,0.12559599999951487
14.87369000000243,0.12526199999951615
14.87536000000243,0.12492799999951387
14.877030000002431,0.12459399999951515
14.878700000002432,0.12425999999951642
14.880370000002433,0.1239259999995177
14.882040000002434,0.12359199999951542
14.883710000002434,0.1232579999995167
14.885380000002435,0.12292399999951797
14.887050000002436,0.1225899999995157
14.888720000002436,0.12225599999951342
14.890390000002437,0.1219219999995147
14.892060000002438,0.12158799999951242
14.893730000002439,0.1212539999995137
14.89540000000244,0.12091999999951497
14.89707000000244,0.12058599999951625
14.89874000000244,0.12025199999951397
14.900410000002442,0.11991799999951525
14.902080000002442,0.11958399999951652
14.903750000002443,0.11924999999951424
14.905420000002444,0.11891599999951552
14.907090000002444,0.11858199999951324
14.908760000002445,0.11824799999951097
14.910430000002446,0.11791399999951224
14.912100000002447,0.11757999999951352
14.913770000002447,0.1172459999995148
14.915440000002448,0.11691199999951252
14.917110000002449,0.11657799999951379
14.91878000000245,0.11624399999951507
14.92045000000245,0.11590999999951279
14.922120000002451,0.11557599999951407
14.923790000002452,0.11524199999951179
14.925460000002452,0.11490799999950951
14.927130000002453,0.11457399999951079
14.928800000002454,0.11423999999951207
14.930470000002455,0.11390599999951334
14.932140000002455,0.11357199999951106
14.933810000002456,0.11323799999951234
14.935480000002457,0.11290399999951362
14.937150000002458,0.11256999999951134
14.938820000002458,0.11223599999951261
14.940490000002459,0.11190199999951034
14.94216000000246,0.11156799999950806
14.94383000000246,0.11123399999950934
14.945500000002461,0.11089999999951061
14.947170000002462,0.11056599999951189
14.948840000002463,0.11023199999950961
14.950510000002463,0.10989799999951089
14.952180000002464,0.10956399999951216
14.953850000002465,0.10922999999950989
14.955520000002466,0.10889599999951116
14.957190000002466,0.10856199999951244
14.958860000002467,0.10822799999950661
14.960530000002468,0.10789399999950788
14.962200000002468,0.10755999999950916
14.96387000000247,0.10722599999951044
14.96554000000247,0.10689199999950816
14.96721000000247,0.10655799999950943
14.968880000002471,0.10622399999951071
14.970550000002472,0.10588999999950843
14.972220000002473,0.10555599999950971
14.973890000002473,0.10522199999951098
14.975560000002474,0.10488799999950515
14.977230000002475,0.10455399999950643
14.978900000002476,0.1042199999995077
14.980570000002476,0.10388599999950898
14.982240000002477,0.1035519999995067
14.983910000002478,0.10321799999950798
14.985580000002479,0.10288399999950926
14.98725000000248,0.10254999999950698
14.98892000000248,0.10221599999950826
14.99059000000248,0.10188199999950953
14.992260000002481,0.1015479999995037
14.993930000002482,0.10121399999950498
14.995600000002483,0.10087999999950625
14.997270000002484,0.10054599999950753
14.998940000002484,0.10021199999950525
